solid OpenSCAD_Model
  facet normal 1 -0 0
    outer loop
      vertex -13 74 -74.5
      vertex -13 98 -78
      vertex -13 98 -74.5
    endloop
  endfacet
  facet normal 1 0 0
    outer loop
      vertex -13 98 -78
      vertex -13 74 -74.5
      vertex -13 74 -78
    endloop
  endfacet
  facet normal 1 -0 0
    outer loop
      vertex -13 74 -42
      vertex -13 98 -71.5
      vertex -13 98 -42
    endloop
  endfacet
  facet normal 1 0 0
    outer loop
      vertex -13 98 -71.5
      vertex -13 74 -42
      vertex -13 74 -71.5
    endloop
  endfacet
  facet normal 1 -0 0
    outer loop
      vertex -13 74 10
      vertex -13 98 -34
      vertex -13 98 10
    endloop
  endfacet
  facet normal 1 0 0
    outer loop
      vertex -13 98 -34
      vertex -13 74 10
      vertex -13 74 -34
    endloop
  endfacet
  facet normal 0 0 1
    outer loop
      vertex 3.79896 77.3975 18
      vertex -3.79896 77.3975 18
      vertex -3.7 76.9 18
    endloop
  endfacet
  facet normal 0 0 1
    outer loop
      vertex -1.44884 100.995 18
      vertex -4.08076 77.8192 18
      vertex -3.79896 77.3975 18
    endloop
  endfacet
  facet normal 0 0 1
    outer loop
      vertex -15.3784 98 18
      vertex -2.87289 101.278 18
      vertex -4.24779 101.745 18
    endloop
  endfacet
  facet normal 0 0 1
    outer loop
      vertex -1.44884 100.995 18
      vertex -4.50251 78.101 18
      vertex -4.08076 77.8192 18
    endloop
  endfacet
  facet normal 0 0 1
    outer loop
      vertex -1.44884 100.995 18
      vertex -5 78.2 18
      vertex -4.50251 78.101 18
    endloop
  endfacet
  facet normal 0 0 1
    outer loop
      vertex -2.87289 101.278 18
      vertex -15.3784 98 18
      vertex -5 78.2 18
    endloop
  endfacet
  facet normal 0 0 1
    outer loop
      vertex -15.3784 98 18
      vertex -4.24779 101.745 18
      vertex -5.55 102.387 18
    endloop
  endfacet
  facet normal 0 0 1
    outer loop
      vertex -5 78.2 18
      vertex -15.3784 98 18
      vertex -5.49749 78.101 18
    endloop
  endfacet
  facet normal 0 0 1
    outer loop
      vertex -5.49749 78.101 18
      vertex -15.3784 98 18
      vertex -5.91924 77.8192 18
    endloop
  endfacet
  facet normal 0 0 1
    outer loop
      vertex -16 74 18
      vertex -5.91924 77.8192 18
      vertex -15.3784 98 18
    endloop
  endfacet
  facet normal 0 0 1
    outer loop
      vertex -15.3784 98 18
      vertex -5.55 102.387 18
      vertex -6.75725 103.194 18
    endloop
  endfacet
  facet normal -0 0 1
    outer loop
      vertex -4.08076 125.481 18
      vertex -1.44884 123.005 18
      vertex -3.79896 125.903 18
    endloop
  endfacet
  facet normal 0 0 1
    outer loop
      vertex -1.44884 123.005 18
      vertex -4.08076 125.481 18
      vertex -2.87289 122.722 18
    endloop
  endfacet
  facet normal -0 0 1
    outer loop
      vertex -4.50251 125.199 18
      vertex -2.87289 122.722 18
      vertex -4.08076 125.481 18
    endloop
  endfacet
  facet normal 0 0 1
    outer loop
      vertex -2.87289 122.722 18
      vertex -4.50251 125.199 18
      vertex -4.24779 122.255 18
    endloop
  endfacet
  facet normal -0 0 1
    outer loop
      vertex -5 125.1 18
      vertex -4.24779 122.255 18
      vertex -4.50251 125.199 18
    endloop
  endfacet
  facet normal 0 0 1
    outer loop
      vertex -5.49749 125.199 18
      vertex -4.24779 122.255 18
      vertex -5 125.1 18
    endloop
  endfacet
  facet normal 0 0 1
    outer loop
      vertex -5.49749 125.199 18
      vertex -5.55 121.613 18
      vertex -4.24779 122.255 18
    endloop
  endfacet
  facet normal 0 0 1
    outer loop
      vertex -7.5 124.99 18
      vertex -5.49749 125.199 18
      vertex -5.91924 125.481 18
    endloop
  endfacet
  facet normal 0 0 1
    outer loop
      vertex -7.5 124.99 18
      vertex -5.91924 125.481 18
      vertex -6.06457 125.698 18
    endloop
  endfacet
  facet normal 0 0 1
    outer loop
      vertex -5.49749 125.199 18
      vertex -7.5 124.99 18
      vertex -5.55 121.613 18
    endloop
  endfacet
  facet normal 0 0 1
    outer loop
      vertex -5.55 121.613 18
      vertex -7.5 124.99 18
      vertex -6.75725 120.806 18
    endloop
  endfacet
  facet normal -0 0 1
    outer loop
      vertex -9.13142 123.9 18
      vertex -6.75725 120.806 18
      vertex -7.5 124.99 18
    endloop
  endfacet
  facet normal 0 0 1
    outer loop
      vertex -6.75725 120.806 18
      vertex -9.13142 123.9 18
      vertex -7.84888 119.849 18
    endloop
  endfacet
  facet normal -0 0 1
    outer loop
      vertex -10.6066 122.607 18
      vertex -7.84888 119.849 18
      vertex -9.13142 123.9 18
    endloop
  endfacet
  facet normal 0 0 1
    outer loop
      vertex -7.84888 119.849 18
      vertex -10.6066 122.607 18
      vertex -8.80622 118.757 18
    endloop
  endfacet
  facet normal -0 0 1
    outer loop
      vertex -11.9003 121.131 18
      vertex -8.80622 118.757 18
      vertex -10.6066 122.607 18
    endloop
  endfacet
  facet normal 0 0 1
    outer loop
      vertex -8.80622 118.757 18
      vertex -11.9003 121.131 18
      vertex -9.61288 117.55 18
    endloop
  endfacet
  facet normal -0 0 1
    outer loop
      vertex -12.9904 119.5 18
      vertex -9.61288 117.55 18
      vertex -11.9003 121.131 18
    endloop
  endfacet
  facet normal 0 0 1
    outer loop
      vertex -9.61288 117.55 18
      vertex -12.9904 119.5 18
      vertex -10.2551 116.248 18
    endloop
  endfacet
  facet normal -0 0 1
    outer loop
      vertex -13.8582 117.74 18
      vertex -10.2551 116.248 18
      vertex -12.9904 119.5 18
    endloop
  endfacet
  facet normal 0 0 1
    outer loop
      vertex -10.2551 116.248 18
      vertex -13.8582 117.74 18
      vertex -10.7218 114.873 18
    endloop
  endfacet
  facet normal 0 0 1
    outer loop
      vertex 1.95789 126.872 18
      vertex 3.7 126.4 18
      vertex 3.72395 126.52 18
    endloop
  endfacet
  facet normal 0 0 1
    outer loop
      vertex 3.7 126.4 18
      vertex 1.95789 126.872 18
      vertex 1.44884 123.005 18
    endloop
  endfacet
  facet normal 0 0 1
    outer loop
      vertex 3.7 126.4 18
      vertex 1.44884 123.005 18
      vertex 2.87289 122.722 18
    endloop
  endfacet
  facet normal 0 0 1
    outer loop
      vertex 0 127 18
      vertex 1.44884 123.005 18
      vertex 1.95789 126.872 18
    endloop
  endfacet
  facet normal 0 0 1
    outer loop
      vertex 0 127 18
      vertex 0 123.1 18
      vertex 1.44884 123.005 18
    endloop
  endfacet
  facet normal 0 0 1
    outer loop
      vertex 0 127 18
      vertex -1.44884 123.005 18
      vertex 0 123.1 18
    endloop
  endfacet
  facet normal -0 0 1
    outer loop
      vertex -1.95789 126.872 18
      vertex -1.44884 123.005 18
      vertex 0 127 18
    endloop
  endfacet
  facet normal 0 0 1
    outer loop
      vertex -3.79896 125.903 18
      vertex -1.95789 126.872 18
      vertex -3.7 126.4 18
    endloop
  endfacet
  facet normal 0 0 1
    outer loop
      vertex -1.95789 126.872 18
      vertex -3.79896 125.903 18
      vertex -1.44884 123.005 18
    endloop
  endfacet
  facet normal 0 -0 1
    outer loop
      vertex -3.7 126.4 18
      vertex -1.95789 126.872 18
      vertex -3.72395 126.52 18
    endloop
  endfacet
  facet normal 0 0 1
    outer loop
      vertex 16 74 18
      vertex 6.20104 77.3975 18
      vertex 6.3 76.9 18
    endloop
  endfacet
  facet normal 0 0 1
    outer loop
      vertex 15.3784 98 18
      vertex 5.91924 77.8192 18
      vertex 6.20104 77.3975 18
    endloop
  endfacet
  facet normal -0 0 1
    outer loop
      vertex 4.24779 101.745 18
      vertex 15.3784 98 18
      vertex 5.55 102.387 18
    endloop
  endfacet
  facet normal 0 0 1
    outer loop
      vertex 15.3784 98 18
      vertex 5.49749 78.101 18
      vertex 5.91924 77.8192 18
    endloop
  endfacet
  facet normal -0 0 1
    outer loop
      vertex 2.87289 101.278 18
      vertex 15.3784 98 18
      vertex 4.24779 101.745 18
    endloop
  endfacet
  facet normal 0 0 1
    outer loop
      vertex 15.3784 98 18
      vertex 5 78.2 18
      vertex 5.49749 78.101 18
    endloop
  endfacet
  facet normal 0 0 1
    outer loop
      vertex 15.3784 98 18
      vertex 2.87289 101.278 18
      vertex 5 78.2 18
    endloop
  endfacet
  facet normal -0 0 1
    outer loop
      vertex 1.44884 100.995 18
      vertex 5 78.2 18
      vertex 2.87289 101.278 18
    endloop
  endfacet
  facet normal 0 0 1
    outer loop
      vertex 5 78.2 18
      vertex 1.44884 100.995 18
      vertex 4.50251 78.101 18
    endloop
  endfacet
  facet normal -0 0 1
    outer loop
      vertex 0 100.9 18
      vertex 4.50251 78.101 18
      vertex 1.44884 100.995 18
    endloop
  endfacet
  facet normal 0 0 1
    outer loop
      vertex -3.79896 77.3975 18
      vertex 4.50251 78.101 18
      vertex 0 100.9 18
    endloop
  endfacet
  facet normal 0 0 1
    outer loop
      vertex 14.8717 113.958 18
      vertex 11.005 113.449 18
      vertex 11.1 112 18
    endloop
  endfacet
  facet normal 0 0 1
    outer loop
      vertex 12.9904 119.5 18
      vertex 10.7218 114.873 18
      vertex 11.005 113.449 18
    endloop
  endfacet
  facet normal 0 0 1
    outer loop
      vertex 8.80622 118.757 18
      vertex 11.9003 121.131 18
      vertex 10.6066 122.607 18
    endloop
  endfacet
  facet normal 0 0 1
    outer loop
      vertex 12.9904 119.5 18
      vertex 10.2551 116.248 18
      vertex 10.7218 114.873 18
    endloop
  endfacet
  facet normal 0 0 1
    outer loop
      vertex 12.9904 119.5 18
      vertex 9.61288 117.55 18
      vertex 10.2551 116.248 18
    endloop
  endfacet
  facet normal 0 0 1
    outer loop
      vertex 7.84888 119.849 18
      vertex 10.6066 122.607 18
      vertex 9.13142 123.9 18
    endloop
  endfacet
  facet normal 0 0 1
    outer loop
      vertex 11.9003 121.131 18
      vertex 8.80622 118.757 18
      vertex 9.61288 117.55 18
    endloop
  endfacet
  facet normal 0 0 1
    outer loop
      vertex 10.6066 122.607 18
      vertex 7.84888 119.849 18
      vertex 8.80622 118.757 18
    endloop
  endfacet
  facet normal 0 0 1
    outer loop
      vertex 6.75725 120.806 18
      vertex 9.13142 123.9 18
      vertex 7.5 124.99 18
    endloop
  endfacet
  facet normal 0 0 1
    outer loop
      vertex 9.13142 123.9 18
      vertex 6.75725 120.806 18
      vertex 7.84888 119.849 18
    endloop
  endfacet
  facet normal -0 0 1
    outer loop
      vertex 5.91924 125.481 18
      vertex 7.5 124.99 18
      vertex 6.06457 125.698 18
    endloop
  endfacet
  facet normal -0 0 1
    outer loop
      vertex 5.49749 125.199 18
      vertex 7.5 124.99 18
      vertex 5.91924 125.481 18
    endloop
  endfacet
  facet normal 0 0 1
    outer loop
      vertex 7.5 124.99 18
      vertex 5.55 121.613 18
      vertex 6.75725 120.806 18
    endloop
  endfacet
  facet normal 0 0 1
    outer loop
      vertex 7.5 124.99 18
      vertex 5.49749 125.199 18
      vertex 5.55 121.613 18
    endloop
  endfacet
  facet normal 0 0 1
    outer loop
      vertex 4.24779 122.255 18
      vertex 5.49749 125.199 18
      vertex 5 125.1 18
    endloop
  endfacet
  facet normal 0 0 1
    outer loop
      vertex 4.24779 122.255 18
      vertex 5 125.1 18
      vertex 4.50251 125.199 18
    endloop
  endfacet
  facet normal 0 0 1
    outer loop
      vertex 5.49749 125.199 18
      vertex 4.24779 122.255 18
      vertex 5.55 121.613 18
    endloop
  endfacet
  facet normal 0 0 1
    outer loop
      vertex 2.87289 122.722 18
      vertex 4.50251 125.199 18
      vertex 4.08076 125.481 18
    endloop
  endfacet
  facet normal 0 0 1
    outer loop
      vertex 2.87289 122.722 18
      vertex 4.08076 125.481 18
      vertex 3.79896 125.903 18
    endloop
  endfacet
  facet normal 0 0 1
    outer loop
      vertex 2.87289 122.722 18
      vertex 3.79896 125.903 18
      vertex 3.7 126.4 18
    endloop
  endfacet
  facet normal 0 0 1
    outer loop
      vertex 4.50251 125.199 18
      vertex 2.87289 122.722 18
      vertex 4.24779 122.255 18
    endloop
  endfacet
  facet normal -0 0 1
    outer loop
      vertex 15.3784 98 18
      vertex 16 74 18
      vertex 16 98 18
    endloop
  endfacet
  facet normal -0 0 1
    outer loop
      vertex 10.2551 107.752 18
      vertex 15.3784 98 18
      vertex 15 112 18
    endloop
  endfacet
  facet normal 0 0 1
    outer loop
      vertex 11.1 112 18
      vertex 15 112 18
      vertex 14.8717 113.958 18
    endloop
  endfacet
  facet normal 0 0 1
    outer loop
      vertex 11.005 113.449 18
      vertex 14.8717 113.958 18
      vertex 14.4889 115.882 18
    endloop
  endfacet
  facet normal 0 0 1
    outer loop
      vertex 11.005 113.449 18
      vertex 14.4889 115.882 18
      vertex 13.8582 117.74 18
    endloop
  endfacet
  facet normal 0 0 1
    outer loop
      vertex 11.005 113.449 18
      vertex 13.8582 117.74 18
      vertex 12.9904 119.5 18
    endloop
  endfacet
  facet normal 0 0 1
    outer loop
      vertex 9.61288 117.55 18
      vertex 12.9904 119.5 18
      vertex 11.9003 121.131 18
    endloop
  endfacet
  facet normal 0 0 1
    outer loop
      vertex 15 112 18
      vertex 11.1 112 18
      vertex 11.005 110.551 18
    endloop
  endfacet
  facet normal 0 0 1
    outer loop
      vertex 15 112 18
      vertex 11.005 110.551 18
      vertex 10.7218 109.127 18
    endloop
  endfacet
  facet normal 0 0 1
    outer loop
      vertex 15 112 18
      vertex 10.7218 109.127 18
      vertex 10.2551 107.752 18
    endloop
  endfacet
  facet normal 0 0 1
    outer loop
      vertex 15.3784 98 18
      vertex 10.2551 107.752 18
      vertex 9.61288 106.45 18
    endloop
  endfacet
  facet normal -0 0 1
    outer loop
      vertex 8.80622 105.243 18
      vertex 15.3784 98 18
      vertex 9.61288 106.45 18
    endloop
  endfacet
  facet normal -0 0 1
    outer loop
      vertex 7.84888 104.151 18
      vertex 15.3784 98 18
      vertex 8.80622 105.243 18
    endloop
  endfacet
  facet normal -0 0 1
    outer loop
      vertex 6.75725 103.194 18
      vertex 15.3784 98 18
      vertex 7.84888 104.151 18
    endloop
  endfacet
  facet normal -0 0 1
    outer loop
      vertex 5.55 102.387 18
      vertex 15.3784 98 18
      vertex 6.75725 103.194 18
    endloop
  endfacet
  facet normal -0 0 1
    outer loop
      vertex 6.20104 77.3975 18
      vertex 16 74 18
      vertex 15.3784 98 18
    endloop
  endfacet
  facet normal -0 0 1
    outer loop
      vertex 6.20104 76.4025 18
      vertex 16 74 18
      vertex 6.3 76.9 18
    endloop
  endfacet
  facet normal -0 0 1
    outer loop
      vertex 5.91924 75.9808 18
      vertex 16 74 18
      vertex 6.20104 76.4025 18
    endloop
  endfacet
  facet normal -0 0 1
    outer loop
      vertex 5.49749 75.699 18
      vertex 16 74 18
      vertex 5.91924 75.9808 18
    endloop
  endfacet
  facet normal -0 0 1
    outer loop
      vertex 5 75.6 18
      vertex 16 74 18
      vertex 5.49749 75.699 18
    endloop
  endfacet
  facet normal 0 0 1
    outer loop
      vertex -3.79896 77.3975 18
      vertex 4.08076 77.8192 18
      vertex 4.50251 78.101 18
    endloop
  endfacet
  facet normal 0 0 1
    outer loop
      vertex -3.79896 77.3975 18
      vertex 3.79896 77.3975 18
      vertex 4.08076 77.8192 18
    endloop
  endfacet
  facet normal 0 0 1
    outer loop
      vertex -3.79896 77.3975 18
      vertex 0 100.9 18
      vertex -1.44884 100.995 18
    endloop
  endfacet
  facet normal 0 0 1
    outer loop
      vertex 3.79896 77.3975 18
      vertex -3.7 76.9 18
      vertex 3.7 76.9 18
    endloop
  endfacet
  facet normal 0 0 1
    outer loop
      vertex -5 78.2 18
      vertex -1.44884 100.995 18
      vertex -2.87289 101.278 18
    endloop
  endfacet
  facet normal 0 0 1
    outer loop
      vertex 3.7 76.9 18
      vertex -3.7 76.9 18
      vertex 3.79896 76.4025 18
    endloop
  endfacet
  facet normal 0 0 1
    outer loop
      vertex -3.79896 76.4025 18
      vertex 3.79896 76.4025 18
      vertex -3.7 76.9 18
    endloop
  endfacet
  facet normal 0 0 1
    outer loop
      vertex 3.79896 76.4025 18
      vertex -3.79896 76.4025 18
      vertex 4.08076 75.9808 18
    endloop
  endfacet
  facet normal 0 0 1
    outer loop
      vertex -4.08076 75.9808 18
      vertex 4.08076 75.9808 18
      vertex -3.79896 76.4025 18
    endloop
  endfacet
  facet normal 0 0 1
    outer loop
      vertex 4.08076 75.9808 18
      vertex -4.08076 75.9808 18
      vertex 4.50251 75.699 18
    endloop
  endfacet
  facet normal 0 0 1
    outer loop
      vertex -4.50251 75.699 18
      vertex 4.50251 75.699 18
      vertex -4.08076 75.9808 18
    endloop
  endfacet
  facet normal 0 0 1
    outer loop
      vertex 4.50251 75.699 18
      vertex -4.50251 75.699 18
      vertex 5 75.6 18
    endloop
  endfacet
  facet normal 0 0 1
    outer loop
      vertex -5 75.6 18
      vertex 5 75.6 18
      vertex -4.50251 75.699 18
    endloop
  endfacet
  facet normal 0 0 1
    outer loop
      vertex 5 75.6 18
      vertex -5 75.6 18
      vertex 16 74 18
    endloop
  endfacet
  facet normal 0 0 1
    outer loop
      vertex -15.3784 98 18
      vertex -6.75725 103.194 18
      vertex -7.84888 104.151 18
    endloop
  endfacet
  facet normal 0 0 1
    outer loop
      vertex -15.3784 98 18
      vertex -7.84888 104.151 18
      vertex -8.80622 105.243 18
    endloop
  endfacet
  facet normal 0 0 1
    outer loop
      vertex -15.3784 98 18
      vertex -8.80622 105.243 18
      vertex -9.61288 106.45 18
    endloop
  endfacet
  facet normal 0 0 1
    outer loop
      vertex -15.3784 98 18
      vertex -9.61288 106.45 18
      vertex -10.2551 107.752 18
    endloop
  endfacet
  facet normal 0 0 1
    outer loop
      vertex -15 112 18
      vertex -10.2551 107.752 18
      vertex -10.7218 109.127 18
    endloop
  endfacet
  facet normal 0 0 1
    outer loop
      vertex -15 112 18
      vertex -10.7218 109.127 18
      vertex -11.005 110.551 18
    endloop
  endfacet
  facet normal -0 0 1
    outer loop
      vertex -14.4889 115.882 18
      vertex -10.7218 114.873 18
      vertex -13.8582 117.74 18
    endloop
  endfacet
  facet normal 0 0 1
    outer loop
      vertex -10.7218 114.873 18
      vertex -14.4889 115.882 18
      vertex -11.005 113.449 18
    endloop
  endfacet
  facet normal -0 0 1
    outer loop
      vertex -14.8717 113.958 18
      vertex -11.005 113.449 18
      vertex -14.4889 115.882 18
    endloop
  endfacet
  facet normal 0 0 1
    outer loop
      vertex -11.005 113.449 18
      vertex -14.8717 113.958 18
      vertex -11.1 112 18
    endloop
  endfacet
  facet normal 0 0 1
    outer loop
      vertex -15 112 18
      vertex -11.1 112 18
      vertex -14.8717 113.958 18
    endloop
  endfacet
  facet normal 0 0 1
    outer loop
      vertex -10.2551 107.752 18
      vertex -15 112 18
      vertex -15.3784 98 18
    endloop
  endfacet
  facet normal 0 0 1
    outer loop
      vertex -11.1 112 18
      vertex -15 112 18
      vertex -11.005 110.551 18
    endloop
  endfacet
  facet normal 0 0 1
    outer loop
      vertex -5.91924 77.8192 18
      vertex -16 74 18
      vertex -6.20104 77.3975 18
    endloop
  endfacet
  facet normal 0 0 1
    outer loop
      vertex -6.20104 77.3975 18
      vertex -16 74 18
      vertex -6.3 76.9 18
    endloop
  endfacet
  facet normal 0 0 1
    outer loop
      vertex -16 74 18
      vertex -15.3784 98 18
      vertex -16 98 18
    endloop
  endfacet
  facet normal 0 0 1
    outer loop
      vertex -5 75.6 18
      vertex -16 74 18
      vertex 16 74 18
    endloop
  endfacet
  facet normal 0 0 1
    outer loop
      vertex -5.49749 75.699 18
      vertex -16 74 18
      vertex -5 75.6 18
    endloop
  endfacet
  facet normal 0 0 1
    outer loop
      vertex -5.91924 75.9808 18
      vertex -16 74 18
      vertex -5.49749 75.699 18
    endloop
  endfacet
  facet normal 0 0 1
    outer loop
      vertex -6.20104 76.4025 18
      vertex -16 74 18
      vertex -5.91924 75.9808 18
    endloop
  endfacet
  facet normal 0 0 1
    outer loop
      vertex -6.3 76.9 18
      vertex -16 74 18
      vertex -6.20104 76.4025 18
    endloop
  endfacet
  facet normal 0 0 -1
    outer loop
      vertex 30 70 -78
      vertex 16 74 -78
      vertex 30 74 -78
    endloop
  endfacet
  facet normal 0 0 -1
    outer loop
      vertex 16 74 -78
      vertex 13 74 -78
      vertex 16 98 -78
    endloop
  endfacet
  facet normal 0 0 -1
    outer loop
      vertex 30 70 -78
      vertex 13 74 -78
      vertex 16 74 -78
    endloop
  endfacet
  facet normal 0 0 -1
    outer loop
      vertex 30 70 -78
      vertex -13 74 -78
      vertex 13 74 -78
    endloop
  endfacet
  facet normal 0 0 -1
    outer loop
      vertex -13 74 -78
      vertex -16 74 -78
      vertex -13 98 -78
    endloop
  endfacet
  facet normal 0 0 -1
    outer loop
      vertex -30 70 -78
      vertex -13 74 -78
      vertex 30 70 -78
    endloop
  endfacet
  facet normal -0 0 -1
    outer loop
      vertex -13 74 -78
      vertex -30 70 -78
      vertex -16 74 -78
    endloop
  endfacet
  facet normal -0 0 -1
    outer loop
      vertex -16 74 -78
      vertex -30 70 -78
      vertex -30 74 -78
    endloop
  endfacet
  facet normal -0 0 -1
    outer loop
      vertex 16 98 -78
      vertex 13 74 -78
      vertex 13 98 -78
    endloop
  endfacet
  facet normal -0 0 -1
    outer loop
      vertex -13 98 -78
      vertex -16 74 -78
      vertex -16 98 -78
    endloop
  endfacet
  facet normal -1 0 0
    outer loop
      vertex -16 74 -78
      vertex -16 98 -74.5
      vertex -16 98 -78
    endloop
  endfacet
  facet normal -1 -0 0
    outer loop
      vertex -16 98 -74.5
      vertex -16 74 -78
      vertex -16 98 -71.5
    endloop
  endfacet
  facet normal -1 0 0
    outer loop
      vertex -16 74 18
      vertex -16 98 -71.5
      vertex -16 74 -78
    endloop
  endfacet
  facet normal -1 0 0
    outer loop
      vertex -16 98 -71.5
      vertex -16 74 18
      vertex -16 98 18
    endloop
  endfacet
  facet normal -1 0 0
    outer loop
      vertex -16 98 -74.5
      vertex -16 131 -71.5
      vertex -16 131 -74.5
    endloop
  endfacet
  facet normal -1 -0 0
    outer loop
      vertex -16 131 -71.5
      vertex -16 98 -74.5
      vertex -16 98 -71.5
    endloop
  endfacet
  facet normal 0 1 0
    outer loop
      vertex -13 98 -42
      vertex -13 98 -71.5
      vertex -15.3784 98 -42
    endloop
  endfacet
  facet normal 0 1 0
    outer loop
      vertex -13 98 10
      vertex -13 98 -34
      vertex -15.3784 98 10
    endloop
  endfacet
  facet normal 0 1 -0
    outer loop
      vertex -15.3784 98 10
      vertex -16 98 18
      vertex -15.3784 98 18
    endloop
  endfacet
  facet normal 0 1 0
    outer loop
      vertex -15.3784 98 -34
      vertex -15.3784 98 10
      vertex -13 98 -34
    endloop
  endfacet
  facet normal 0 1 0
    outer loop
      vertex -15.3784 98 10
      vertex -15.3784 98 -34
      vertex -16 98 18
    endloop
  endfacet
  facet normal 0 1 -0
    outer loop
      vertex -15.3784 98 -42
      vertex -16 98 18
      vertex -15.3784 98 -34
    endloop
  endfacet
  facet normal 0 1 0
    outer loop
      vertex -15.3784 98 -42
      vertex -16 98 -71.5
      vertex -16 98 18
    endloop
  endfacet
  facet normal 0 1 0
    outer loop
      vertex -16 98 -71.5
      vertex -15.3784 98 -42
      vertex -13 98 -71.5
    endloop
  endfacet
  facet normal 0 1 -0
    outer loop
      vertex -13 98 -78
      vertex -16 98 -74.5
      vertex -13 98 -74.5
    endloop
  endfacet
  facet normal 0 1 0
    outer loop
      vertex -16 98 -74.5
      vertex -13 98 -78
      vertex -16 98 -78
    endloop
  endfacet
  facet normal 0 1 0
    outer loop
      vertex 22.4294 74 17.3494
      vertex 16 74 18
      vertex 22.3 74 18
    endloop
  endfacet
  facet normal 0 1 0
    outer loop
      vertex 22.7979 74 16.7979
      vertex 16 74 18
      vertex 22.4294 74 17.3494
    endloop
  endfacet
  facet normal 0 1 0
    outer loop
      vertex 23.3494 74 16.4294
      vertex 16 74 18
      vertex 22.7979 74 16.7979
    endloop
  endfacet
  facet normal 0 1 -0
    outer loop
      vertex 24 74 -64.3
      vertex 23.3494 74 16.4294
      vertex 24 74 16.3
    endloop
  endfacet
  facet normal 0 1 0
    outer loop
      vertex 23.3494 74 -64.4294
      vertex 23.3494 74 16.4294
      vertex 24 74 -64.3
    endloop
  endfacet
  facet normal 0 1 0
    outer loop
      vertex 23.3494 74 16.4294
      vertex 23.3494 74 -64.4294
      vertex 16 74 18
    endloop
  endfacet
  facet normal 0 1 -0
    outer loop
      vertex 22.7979 74 -64.7979
      vertex 16 74 18
      vertex 23.3494 74 -64.4294
    endloop
  endfacet
  facet normal 0 1 -0
    outer loop
      vertex 22.4294 74 -65.3494
      vertex 16 74 18
      vertex 22.7979 74 -64.7979
    endloop
  endfacet
  facet normal 0 1 0
    outer loop
      vertex 16 74 -78
      vertex 22.4294 74 -65.3494
      vertex 22.3 74 -66
    endloop
  endfacet
  facet normal 0 1 0
    outer loop
      vertex 16 74 -78
      vertex 24 74 -67.7
      vertex 30 74 -78
    endloop
  endfacet
  facet normal 0 1 0
    outer loop
      vertex 24 74 -67.7
      vertex 16 74 -78
      vertex 23.3494 74 -67.5706
    endloop
  endfacet
  facet normal 0 1 0
    outer loop
      vertex 23.3494 74 -67.5706
      vertex 16 74 -78
      vertex 22.7979 74 -67.2021
    endloop
  endfacet
  facet normal 0 1 0
    outer loop
      vertex 22.4294 74 -65.3494
      vertex 16 74 -78
      vertex 16 74 18
    endloop
  endfacet
  facet normal 0 1 0
    outer loop
      vertex 22.4294 74 -66.6506
      vertex 16 74 -78
      vertex 22.3 74 -66
    endloop
  endfacet
  facet normal 0 1 0
    outer loop
      vertex 22.7979 74 -67.2021
      vertex 16 74 -78
      vertex 22.4294 74 -66.6506
    endloop
  endfacet
  facet normal 0 1 0
    outer loop
      vertex 30 74 24
      vertex 16 74 18
      vertex -30 74 24
    endloop
  endfacet
  facet normal 0 1 0
    outer loop
      vertex -30 74 24
      vertex -23.3494 74 19.5706
      vertex -24 74 19.7
    endloop
  endfacet
  facet normal 0 1 0
    outer loop
      vertex 16 74 18
      vertex 23.3494 74 19.5706
      vertex 22.7979 74 19.2021
    endloop
  endfacet
  facet normal 0 1 -0
    outer loop
      vertex -16 74 18
      vertex -30 74 24
      vertex 16 74 18
    endloop
  endfacet
  facet normal 0 1 0
    outer loop
      vertex 16 74 18
      vertex 22.7979 74 19.2021
      vertex 22.4294 74 18.6506
    endloop
  endfacet
  facet normal 0 1 0
    outer loop
      vertex -30 74 24
      vertex -16 74 18
      vertex -23.3494 74 19.5706
    endloop
  endfacet
  facet normal 0 1 0
    outer loop
      vertex 16 74 18
      vertex 22.4294 74 18.6506
      vertex 22.3 74 18
    endloop
  endfacet
  facet normal 0 1 0
    outer loop
      vertex -23.3494 74 19.5706
      vertex -16 74 18
      vertex -22.7979 74 19.2021
    endloop
  endfacet
  facet normal 0 1 0
    outer loop
      vertex -22.7979 74 19.2021
      vertex -16 74 18
      vertex -22.4294 74 18.6506
    endloop
  endfacet
  facet normal 0 1 0
    outer loop
      vertex -16 74 18
      vertex -22.3 74 18
      vertex -22.4294 74 18.6506
    endloop
  endfacet
  facet normal 0 1 0
    outer loop
      vertex -16 74 18
      vertex -22.4294 74 17.3494
      vertex -22.3 74 18
    endloop
  endfacet
  facet normal 0 1 0
    outer loop
      vertex -16 74 18
      vertex -22.7979 74 16.7979
      vertex -22.4294 74 17.3494
    endloop
  endfacet
  facet normal 0 1 0
    outer loop
      vertex -16 74 18
      vertex -23.3494 74 16.4294
      vertex -22.7979 74 16.7979
    endloop
  endfacet
  facet normal 0 1 0
    outer loop
      vertex -23.3494 74 16.4294
      vertex -24 74 -64.3
      vertex -24 74 16.3
    endloop
  endfacet
  facet normal 0 1 0
    outer loop
      vertex -23.3494 74 -64.4294
      vertex -23.3494 74 16.4294
      vertex -16 74 18
    endloop
  endfacet
  facet normal 0 1 0
    outer loop
      vertex -23.3494 74 16.4294
      vertex -23.3494 74 -64.4294
      vertex -24 74 -64.3
    endloop
  endfacet
  facet normal 0 1 0
    outer loop
      vertex -16 74 18
      vertex -22.7979 74 -64.7979
      vertex -23.3494 74 -64.4294
    endloop
  endfacet
  facet normal 0 1 0
    outer loop
      vertex -16 74 18
      vertex -22.4294 74 -65.3494
      vertex -22.7979 74 -64.7979
    endloop
  endfacet
  facet normal 0 1 -0
    outer loop
      vertex -16 74 -78
      vertex -22.4294 74 -65.3494
      vertex -16 74 18
    endloop
  endfacet
  facet normal 0 1 0
    outer loop
      vertex -23.3494 74 -67.5706
      vertex -16 74 -78
      vertex -24 74 -67.7
    endloop
  endfacet
  facet normal 0 1 0
    outer loop
      vertex -22.7979 74 -67.2021
      vertex -16 74 -78
      vertex -23.3494 74 -67.5706
    endloop
  endfacet
  facet normal 0 1 0
    outer loop
      vertex -22.4294 74 -66.6506
      vertex -16 74 -78
      vertex -22.7979 74 -67.2021
    endloop
  endfacet
  facet normal 0 1 0
    outer loop
      vertex -22.3 74 -66
      vertex -16 74 -78
      vertex -22.4294 74 -66.6506
    endloop
  endfacet
  facet normal 0 1 0
    outer loop
      vertex -22.4294 74 -65.3494
      vertex -16 74 -78
      vertex -22.3 74 -66
    endloop
  endfacet
  facet normal 0 1 0
    outer loop
      vertex 23.3494 74 19.5706
      vertex 30 74 24
      vertex 24 74 19.7
    endloop
  endfacet
  facet normal 0 1 0
    outer loop
      vertex 30 74 24
      vertex 24.6506 74 19.5706
      vertex 24 74 19.7
    endloop
  endfacet
  facet normal 0 1 0
    outer loop
      vertex 30 74 24
      vertex 25.2021 74 19.2021
      vertex 24.6506 74 19.5706
    endloop
  endfacet
  facet normal 0 1 0
    outer loop
      vertex 30 74 24
      vertex 25.5706 74 18.6506
      vertex 25.2021 74 19.2021
    endloop
  endfacet
  facet normal 0 1 0
    outer loop
      vertex 30 74 24
      vertex 25.7 74 18
      vertex 25.5706 74 18.6506
    endloop
  endfacet
  facet normal 0 1 0
    outer loop
      vertex 30 74 24
      vertex 25.5706 74 17.3494
      vertex 25.7 74 18
    endloop
  endfacet
  facet normal 0 1 0
    outer loop
      vertex 24.6506 74 16.4294
      vertex 24 74 -64.3
      vertex 24 74 16.3
    endloop
  endfacet
  facet normal 0 1 0
    outer loop
      vertex 24.6506 74 -64.4294
      vertex 24.6506 74 16.4294
      vertex 25.2021 74 16.7979
    endloop
  endfacet
  facet normal 0 1 0
    outer loop
      vertex 25.2021 74 -64.7979
      vertex 25.2021 74 16.7979
      vertex 25.5706 74 17.3494
    endloop
  endfacet
  facet normal 0 1 0
    outer loop
      vertex 25.5706 74 -65.3494
      vertex 25.5706 74 17.3494
      vertex 30 74 24
    endloop
  endfacet
  facet normal 0 1 0
    outer loop
      vertex 24.6506 74 16.4294
      vertex 24.6506 74 -64.4294
      vertex 24 74 -64.3
    endloop
  endfacet
  facet normal 0 1 0
    outer loop
      vertex 25.2021 74 16.7979
      vertex 25.2021 74 -64.7979
      vertex 24.6506 74 -64.4294
    endloop
  endfacet
  facet normal 0 1 0
    outer loop
      vertex 25.5706 74 17.3494
      vertex 25.5706 74 -65.3494
      vertex 25.2021 74 -64.7979
    endloop
  endfacet
  facet normal 0 1 -0
    outer loop
      vertex 30 74 -78
      vertex 25.5706 74 -65.3494
      vertex 30 74 24
    endloop
  endfacet
  facet normal 0 1 0
    outer loop
      vertex 24.6506 74 -67.5706
      vertex 30 74 -78
      vertex 24 74 -67.7
    endloop
  endfacet
  facet normal 0 1 0
    outer loop
      vertex 25.2021 74 -67.2021
      vertex 30 74 -78
      vertex 24.6506 74 -67.5706
    endloop
  endfacet
  facet normal 0 1 0
    outer loop
      vertex 25.5706 74 -66.6506
      vertex 30 74 -78
      vertex 25.2021 74 -67.2021
    endloop
  endfacet
  facet normal 0 1 0
    outer loop
      vertex 25.7 74 -66
      vertex 30 74 -78
      vertex 25.5706 74 -66.6506
    endloop
  endfacet
  facet normal 0 1 0
    outer loop
      vertex 25.5706 74 -65.3494
      vertex 30 74 -78
      vertex 25.7 74 -66
    endloop
  endfacet
  facet normal 0 1 0
    outer loop
      vertex 16 74 18
      vertex 30 74 24
      vertex 23.3494 74 19.5706
    endloop
  endfacet
  facet normal 0 1 -0
    outer loop
      vertex -24.6506 74 19.5706
      vertex -30 74 24
      vertex -24 74 19.7
    endloop
  endfacet
  facet normal 0 1 -0
    outer loop
      vertex -25.2021 74 19.2021
      vertex -30 74 24
      vertex -24.6506 74 19.5706
    endloop
  endfacet
  facet normal 0 1 -0
    outer loop
      vertex -25.5706 74 18.6506
      vertex -30 74 24
      vertex -25.2021 74 19.2021
    endloop
  endfacet
  facet normal 0 1 -0
    outer loop
      vertex -25.7 74 18
      vertex -30 74 24
      vertex -25.5706 74 18.6506
    endloop
  endfacet
  facet normal 0 1 0
    outer loop
      vertex -25.5706 74 17.3494
      vertex -30 74 24
      vertex -25.7 74 18
    endloop
  endfacet
  facet normal 0 1 -0
    outer loop
      vertex -24 74 -64.3
      vertex -24.6506 74 16.4294
      vertex -24 74 16.3
    endloop
  endfacet
  facet normal 0 1 0
    outer loop
      vertex -24.6506 74 -64.4294
      vertex -24.6506 74 16.4294
      vertex -24 74 -64.3
    endloop
  endfacet
  facet normal 0 1 0
    outer loop
      vertex -24.6506 74 16.4294
      vertex -24.6506 74 -64.4294
      vertex -25.2021 74 16.7979
    endloop
  endfacet
  facet normal 0 1 0
    outer loop
      vertex -25.2021 74 -64.7979
      vertex -25.2021 74 16.7979
      vertex -24.6506 74 -64.4294
    endloop
  endfacet
  facet normal 0 1 0
    outer loop
      vertex -25.2021 74 16.7979
      vertex -25.2021 74 -64.7979
      vertex -25.5706 74 17.3494
    endloop
  endfacet
  facet normal 0 1 0
    outer loop
      vertex -25.5706 74 -65.3494
      vertex -25.5706 74 17.3494
      vertex -25.2021 74 -64.7979
    endloop
  endfacet
  facet normal 0 1 0
    outer loop
      vertex -25.5706 74 17.3494
      vertex -25.5706 74 -65.3494
      vertex -30 74 24
    endloop
  endfacet
  facet normal 0 1 0
    outer loop
      vertex -30 74 -78
      vertex -25.5706 74 -65.3494
      vertex -25.7 74 -66
    endloop
  endfacet
  facet normal 0 1 0
    outer loop
      vertex -30 74 -78
      vertex -24 74 -67.7
      vertex -16 74 -78
    endloop
  endfacet
  facet normal 0 1 0
    outer loop
      vertex -24 74 -67.7
      vertex -30 74 -78
      vertex -24.6506 74 -67.5706
    endloop
  endfacet
  facet normal 0 1 0
    outer loop
      vertex -25.5706 74 -65.3494
      vertex -30 74 -78
      vertex -30 74 24
    endloop
  endfacet
  facet normal 0 1 0
    outer loop
      vertex -25.5706 74 -66.6506
      vertex -30 74 -78
      vertex -25.7 74 -66
    endloop
  endfacet
  facet normal 0 1 0
    outer loop
      vertex -25.2021 74 -67.2021
      vertex -30 74 -78
      vertex -25.5706 74 -66.6506
    endloop
  endfacet
  facet normal 0 1 0
    outer loop
      vertex -24.6506 74 -67.5706
      vertex -30 74 -78
      vertex -25.2021 74 -67.2021
    endloop
  endfacet
  facet normal 0 1 -0
    outer loop
      vertex 13 74 -78
      vertex -13 74 -74.5
      vertex 13 74 -74.5
    endloop
  endfacet
  facet normal 0 1 0
    outer loop
      vertex -13 74 -74.5
      vertex 13 74 -78
      vertex -13 74 -78
    endloop
  endfacet
  facet normal 0 1 -0
    outer loop
      vertex 13 74 -71.5
      vertex -13 74 -42
      vertex 13 74 -42
    endloop
  endfacet
  facet normal 0 1 0
    outer loop
      vertex -13 74 -42
      vertex 13 74 -71.5
      vertex -13 74 -71.5
    endloop
  endfacet
  facet normal 0 1 0
    outer loop
      vertex 13 74 10
      vertex 0 74 -14
      vertex -13 74 10
    endloop
  endfacet
  facet normal 0 1 0
    outer loop
      vertex 13 74 10
      vertex 0.783156 74 -14.0513
      vertex 0 74 -14
    endloop
  endfacet
  facet normal 0 1 0
    outer loop
      vertex 13 74 10
      vertex 1.55291 74 -14.2044
      vertex 0.783156 74 -14.0513
    endloop
  endfacet
  facet normal 0 1 0
    outer loop
      vertex 13 74 10
      vertex 2.2961 74 -14.4567
      vertex 1.55291 74 -14.2044
    endloop
  endfacet
  facet normal 0 1 0
    outer loop
      vertex 13 74 10
      vertex 3 74 -14.8038
      vertex 2.2961 74 -14.4567
    endloop
  endfacet
  facet normal 0 1 0
    outer loop
      vertex 13 74 10
      vertex 3.65257 74 -15.2399
      vertex 3 74 -14.8038
    endloop
  endfacet
  facet normal 0 1 0
    outer loop
      vertex 13 74 10
      vertex 4.24264 74 -15.7574
      vertex 3.65257 74 -15.2399
    endloop
  endfacet
  facet normal 0 1 0
    outer loop
      vertex 13 74 10
      vertex 4.76012 74 -16.3474
      vertex 4.24264 74 -15.7574
    endloop
  endfacet
  facet normal 0 1 0
    outer loop
      vertex 13 74 10
      vertex 5.19615 74 -17
      vertex 4.76012 74 -16.3474
    endloop
  endfacet
  facet normal 0 1 0
    outer loop
      vertex 13 74 10
      vertex 5.54328 74 -17.7039
      vertex 5.19615 74 -17
    endloop
  endfacet
  facet normal 0 1 0
    outer loop
      vertex 13 74 10
      vertex 5.79555 74 -18.4471
      vertex 5.54328 74 -17.7039
    endloop
  endfacet
  facet normal 0 1 0
    outer loop
      vertex 13 74 10
      vertex 5.94867 74 -19.2168
      vertex 5.79555 74 -18.4471
    endloop
  endfacet
  facet normal 0 1 -0
    outer loop
      vertex 13 74 -34
      vertex 5.94867 74 -19.2168
      vertex 13 74 10
    endloop
  endfacet
  facet normal 0 1 0
    outer loop
      vertex 5.94867 74 -19.2168
      vertex 13 74 -34
      vertex 6 74 -20
    endloop
  endfacet
  facet normal 0 1 0
    outer loop
      vertex 6 74 -20
      vertex 13 74 -34
      vertex 5.94867 74 -20.7832
    endloop
  endfacet
  facet normal 0 1 0
    outer loop
      vertex 0.783156 74 -25.9487
      vertex 13 74 -34
      vertex 0 74 -26
    endloop
  endfacet
  facet normal 0 1 0
    outer loop
      vertex 1.55291 74 -25.7956
      vertex 13 74 -34
      vertex 0.783156 74 -25.9487
    endloop
  endfacet
  facet normal 0 1 0
    outer loop
      vertex 2.2961 74 -25.5433
      vertex 13 74 -34
      vertex 1.55291 74 -25.7956
    endloop
  endfacet
  facet normal 0 1 0
    outer loop
      vertex 3 74 -25.1962
      vertex 13 74 -34
      vertex 2.2961 74 -25.5433
    endloop
  endfacet
  facet normal 0 1 0
    outer loop
      vertex 3.65257 74 -24.7601
      vertex 13 74 -34
      vertex 3 74 -25.1962
    endloop
  endfacet
  facet normal 0 1 0
    outer loop
      vertex 4.24264 74 -24.2426
      vertex 13 74 -34
      vertex 3.65257 74 -24.7601
    endloop
  endfacet
  facet normal 0 1 0
    outer loop
      vertex 4.76012 74 -23.6526
      vertex 13 74 -34
      vertex 4.24264 74 -24.2426
    endloop
  endfacet
  facet normal 0 1 0
    outer loop
      vertex 5.19615 74 -23
      vertex 13 74 -34
      vertex 4.76012 74 -23.6526
    endloop
  endfacet
  facet normal 0 1 0
    outer loop
      vertex 5.54328 74 -22.2961
      vertex 13 74 -34
      vertex 5.19615 74 -23
    endloop
  endfacet
  facet normal 0 1 0
    outer loop
      vertex 5.79555 74 -21.5529
      vertex 13 74 -34
      vertex 5.54328 74 -22.2961
    endloop
  endfacet
  facet normal 0 1 0
    outer loop
      vertex 5.94867 74 -20.7832
      vertex 13 74 -34
      vertex 5.79555 74 -21.5529
    endloop
  endfacet
  facet normal 0 1 -0
    outer loop
      vertex -0.783156 74 -14.0513
      vertex -13 74 10
      vertex 0 74 -14
    endloop
  endfacet
  facet normal 0 1 -0
    outer loop
      vertex -1.55291 74 -14.2044
      vertex -13 74 10
      vertex -0.783156 74 -14.0513
    endloop
  endfacet
  facet normal 0 1 -0
    outer loop
      vertex -2.2961 74 -14.4567
      vertex -13 74 10
      vertex -1.55291 74 -14.2044
    endloop
  endfacet
  facet normal 0 1 -0
    outer loop
      vertex -3 74 -14.8038
      vertex -13 74 10
      vertex -2.2961 74 -14.4567
    endloop
  endfacet
  facet normal 0 1 -0
    outer loop
      vertex -3.65257 74 -15.2399
      vertex -13 74 10
      vertex -3 74 -14.8038
    endloop
  endfacet
  facet normal 0 1 -0
    outer loop
      vertex -4.24264 74 -15.7574
      vertex -13 74 10
      vertex -3.65257 74 -15.2399
    endloop
  endfacet
  facet normal 0 1 -0
    outer loop
      vertex -4.76012 74 -16.3474
      vertex -13 74 10
      vertex -4.24264 74 -15.7574
    endloop
  endfacet
  facet normal 0 1 -0
    outer loop
      vertex -5.19615 74 -17
      vertex -13 74 10
      vertex -4.76012 74 -16.3474
    endloop
  endfacet
  facet normal 0 1 -0
    outer loop
      vertex -5.54328 74 -17.7039
      vertex -13 74 10
      vertex -5.19615 74 -17
    endloop
  endfacet
  facet normal 0 1 -0
    outer loop
      vertex -5.79555 74 -18.4471
      vertex -13 74 10
      vertex -5.54328 74 -17.7039
    endloop
  endfacet
  facet normal 0 1 -0
    outer loop
      vertex -5.94867 74 -19.2168
      vertex -13 74 10
      vertex -5.79555 74 -18.4471
    endloop
  endfacet
  facet normal 0 1 0
    outer loop
      vertex -13 74 -34
      vertex -5.94867 74 -19.2168
      vertex -6 74 -20
    endloop
  endfacet
  facet normal 0 1 0
    outer loop
      vertex -13 74 -34
      vertex -6 74 -20
      vertex -5.94867 74 -20.7832
    endloop
  endfacet
  facet normal 0 1 0
    outer loop
      vertex -13 74 -34
      vertex -5.94867 74 -20.7832
      vertex -5.79555 74 -21.5529
    endloop
  endfacet
  facet normal 0 1 0
    outer loop
      vertex -13 74 -34
      vertex 0 74 -26
      vertex 13 74 -34
    endloop
  endfacet
  facet normal 0 1 0
    outer loop
      vertex 0 74 -26
      vertex -13 74 -34
      vertex -0.783156 74 -25.9487
    endloop
  endfacet
  facet normal 0 1 0
    outer loop
      vertex -0.783156 74 -25.9487
      vertex -13 74 -34
      vertex -1.55291 74 -25.7956
    endloop
  endfacet
  facet normal 0 1 0
    outer loop
      vertex -1.55291 74 -25.7956
      vertex -13 74 -34
      vertex -2.2961 74 -25.5433
    endloop
  endfacet
  facet normal 0 1 0
    outer loop
      vertex -5.94867 74 -19.2168
      vertex -13 74 -34
      vertex -13 74 10
    endloop
  endfacet
  facet normal 0 1 0
    outer loop
      vertex -5.54328 74 -22.2961
      vertex -13 74 -34
      vertex -5.79555 74 -21.5529
    endloop
  endfacet
  facet normal 0 1 0
    outer loop
      vertex -5.19615 74 -23
      vertex -13 74 -34
      vertex -5.54328 74 -22.2961
    endloop
  endfacet
  facet normal 0 1 0
    outer loop
      vertex -4.76012 74 -23.6526
      vertex -13 74 -34
      vertex -5.19615 74 -23
    endloop
  endfacet
  facet normal 0 1 0
    outer loop
      vertex -4.24264 74 -24.2426
      vertex -13 74 -34
      vertex -4.76012 74 -23.6526
    endloop
  endfacet
  facet normal 0 1 0
    outer loop
      vertex -3.65257 74 -24.7601
      vertex -13 74 -34
      vertex -4.24264 74 -24.2426
    endloop
  endfacet
  facet normal 0 1 0
    outer loop
      vertex -3 74 -25.1962
      vertex -13 74 -34
      vertex -3.65257 74 -24.7601
    endloop
  endfacet
  facet normal 0 1 0
    outer loop
      vertex -2.2961 74 -25.5433
      vertex -13 74 -34
      vertex -3 74 -25.1962
    endloop
  endfacet
  facet normal 1 -0 0
    outer loop
      vertex 16 74 18
      vertex 16 98 -71.5
      vertex 16 98 18
    endloop
  endfacet
  facet normal 1 0 0
    outer loop
      vertex 16 74 -78
      vertex 16 98 -71.5
      vertex 16 74 18
    endloop
  endfacet
  facet normal 1 0 0
    outer loop
      vertex 16 98 -71.5
      vertex 16 74 -78
      vertex 16 98 -74.5
    endloop
  endfacet
  facet normal 1 0 0
    outer loop
      vertex 16 98 -74.5
      vertex 16 74 -78
      vertex 16 98 -78
    endloop
  endfacet
  facet normal 1 -0 0
    outer loop
      vertex 16 98 -71.5
      vertex 16 131 -74.5
      vertex 16 131 -71.5
    endloop
  endfacet
  facet normal 1 0 0
    outer loop
      vertex 16 131 -74.5
      vertex 16 98 -71.5
      vertex 16 98 -74.5
    endloop
  endfacet
  facet normal -1 0 0
    outer loop
      vertex 13 74 -78
      vertex 13 98 -74.5
      vertex 13 98 -78
    endloop
  endfacet
  facet normal -1 -0 0
    outer loop
      vertex 13 98 -74.5
      vertex 13 74 -78
      vertex 13 74 -74.5
    endloop
  endfacet
  facet normal -1 0 0
    outer loop
      vertex 13 74 -71.5
      vertex 13 98 -42
      vertex 13 98 -71.5
    endloop
  endfacet
  facet normal -1 -0 0
    outer loop
      vertex 13 98 -42
      vertex 13 74 -71.5
      vertex 13 74 -42
    endloop
  endfacet
  facet normal -1 0 0
    outer loop
      vertex 13 74 -34
      vertex 13 98 10
      vertex 13 98 -34
    endloop
  endfacet
  facet normal -1 -0 0
    outer loop
      vertex 13 98 10
      vertex 13 74 -34
      vertex 13 74 10
    endloop
  endfacet
  facet normal 0 1 0
    outer loop
      vertex 16 98 18
      vertex 15.3784 98 10
      vertex 15.3784 98 18
    endloop
  endfacet
  facet normal 0 1 0
    outer loop
      vertex 15.3784 98 10
      vertex 15.3784 98 -34
      vertex 13 98 10
    endloop
  endfacet
  facet normal 0 1 0
    outer loop
      vertex 16 98 18
      vertex 15.3784 98 -34
      vertex 15.3784 98 10
    endloop
  endfacet
  facet normal 0 1 0
    outer loop
      vertex 16 98 18
      vertex 15.3784 98 -42
      vertex 15.3784 98 -34
    endloop
  endfacet
  facet normal 0 1 -0
    outer loop
      vertex 16 98 -71.5
      vertex 15.3784 98 -42
      vertex 16 98 18
    endloop
  endfacet
  facet normal 0 1 0
    outer loop
      vertex 13 98 -71.5
      vertex 15.3784 98 -42
      vertex 16 98 -71.5
    endloop
  endfacet
  facet normal 0 1 0
    outer loop
      vertex 15.3784 98 -42
      vertex 13 98 -71.5
      vertex 13 98 -42
    endloop
  endfacet
  facet normal 0 1 0
    outer loop
      vertex 13 98 10
      vertex 15.3784 98 -34
      vertex 13 98 -34
    endloop
  endfacet
  facet normal 0 1 -0
    outer loop
      vertex 16 98 -78
      vertex 13 98 -74.5
      vertex 16 98 -74.5
    endloop
  endfacet
  facet normal 0 1 0
    outer loop
      vertex 13 98 -74.5
      vertex 16 98 -78
      vertex 13 98 -78
    endloop
  endfacet
  facet normal 1 -0 0
    outer loop
      vertex 30 70 24
      vertex 30 74 -78
      vertex 30 74 24
    endloop
  endfacet
  facet normal 1 0 0
    outer loop
      vertex 30 74 -78
      vertex 30 70 24
      vertex 30 70 -78
    endloop
  endfacet
  facet normal -0 0 1
    outer loop
      vertex -30 74 24
      vertex 30 70 24
      vertex 30 74 24
    endloop
  endfacet
  facet normal 0 0 1
    outer loop
      vertex 30 70 24
      vertex -30 74 24
      vertex -30 70 24
    endloop
  endfacet
  facet normal -1 0 0
    outer loop
      vertex -30 70 -78
      vertex -30 74 24
      vertex -30 74 -78
    endloop
  endfacet
  facet normal -1 -0 0
    outer loop
      vertex -30 74 24
      vertex -30 70 -78
      vertex -30 70 24
    endloop
  endfacet
  facet normal 0 -1 -0
    outer loop
      vertex -0.783156 70 -25.9487
      vertex -22.7979 70 -64.7979
      vertex 0 70 -26
    endloop
  endfacet
  facet normal 0 -1 0
    outer loop
      vertex 0 70 -26
      vertex 23.3494 70 -64.4294
      vertex 24 70 -64.3
    endloop
  endfacet
  facet normal 0 -1 0
    outer loop
      vertex -22.4294 70 -65.3494
      vertex 0 70 -26
      vertex -22.7979 70 -64.7979
    endloop
  endfacet
  facet normal 0 -1 0
    outer loop
      vertex 0 70 -26
      vertex 22.7979 70 -64.7979
      vertex 23.3494 70 -64.4294
    endloop
  endfacet
  facet normal 0 -1 0
    outer loop
      vertex 22.4294 70 -65.3494
      vertex 0 70 -26
      vertex -22.4294 70 -65.3494
    endloop
  endfacet
  facet normal 0 -1 0
    outer loop
      vertex 0 70 -26
      vertex 22.4294 70 -65.3494
      vertex 22.7979 70 -64.7979
    endloop
  endfacet
  facet normal 0 -1 0
    outer loop
      vertex -22.3 70 -66
      vertex 22.4294 70 -65.3494
      vertex -22.4294 70 -65.3494
    endloop
  endfacet
  facet normal 0 -1 0
    outer loop
      vertex -22.3 70 -66
      vertex 22.3 70 -66
      vertex 22.4294 70 -65.3494
    endloop
  endfacet
  facet normal 0 -1 0
    outer loop
      vertex -22.4294 70 -66.6506
      vertex 22.3 70 -66
      vertex -22.3 70 -66
    endloop
  endfacet
  facet normal 0 -1 0
    outer loop
      vertex -22.4294 70 -66.6506
      vertex 22.4294 70 -66.6506
      vertex 22.3 70 -66
    endloop
  endfacet
  facet normal 0 -1 0
    outer loop
      vertex -22.7979 70 -67.2021
      vertex 22.4294 70 -66.6506
      vertex -22.4294 70 -66.6506
    endloop
  endfacet
  facet normal 0 -1 0
    outer loop
      vertex -22.7979 70 -67.2021
      vertex 22.7979 70 -67.2021
      vertex 22.4294 70 -66.6506
    endloop
  endfacet
  facet normal 0 -1 0
    outer loop
      vertex -30 70 -78
      vertex -22.7979 70 -67.2021
      vertex -23.3494 70 -67.5706
    endloop
  endfacet
  facet normal 0 -1 -0
    outer loop
      vertex -22.7979 70 -67.2021
      vertex -30 70 -78
      vertex 22.7979 70 -67.2021
    endloop
  endfacet
  facet normal 0 -1 0
    outer loop
      vertex -30 70 -78
      vertex -23.3494 70 -67.5706
      vertex -24 70 -67.7
    endloop
  endfacet
  facet normal 0 -1 0
    outer loop
      vertex 30 70 -78
      vertex 22.7979 70 -67.2021
      vertex -30 70 -78
    endloop
  endfacet
  facet normal 0 -1 0
    outer loop
      vertex 23.3494 70 19.5706
      vertex 30 70 24
      vertex -23.3494 70 19.5706
    endloop
  endfacet
  facet normal 0 -1 0
    outer loop
      vertex 30 70 24
      vertex 23.3494 70 19.5706
      vertex 24 70 19.7
    endloop
  endfacet
  facet normal 0 -1 0
    outer loop
      vertex -22.7979 70 19.2021
      vertex 23.3494 70 19.5706
      vertex -23.3494 70 19.5706
    endloop
  endfacet
  facet normal 0 -1 0
    outer loop
      vertex -22.7979 70 19.2021
      vertex 22.7979 70 19.2021
      vertex 23.3494 70 19.5706
    endloop
  endfacet
  facet normal 0 -1 0
    outer loop
      vertex -22.4294 70 18.6506
      vertex 22.7979 70 19.2021
      vertex -22.7979 70 19.2021
    endloop
  endfacet
  facet normal 0 -1 0
    outer loop
      vertex -22.4294 70 18.6506
      vertex 22.4294 70 18.6506
      vertex 22.7979 70 19.2021
    endloop
  endfacet
  facet normal 0 -1 0
    outer loop
      vertex -22.3 70 18
      vertex 22.4294 70 18.6506
      vertex -22.4294 70 18.6506
    endloop
  endfacet
  facet normal 0 -1 0
    outer loop
      vertex -22.3 70 18
      vertex 22.3 70 18
      vertex 22.4294 70 18.6506
    endloop
  endfacet
  facet normal 0 -1 0
    outer loop
      vertex -22.4294 70 17.3494
      vertex 22.3 70 18
      vertex -22.3 70 18
    endloop
  endfacet
  facet normal 0 -1 0
    outer loop
      vertex -22.4294 70 17.3494
      vertex 22.4294 70 17.3494
      vertex 22.3 70 18
    endloop
  endfacet
  facet normal 0 -1 0
    outer loop
      vertex -1.55291 70 -14.2044
      vertex -22.4294 70 17.3494
      vertex -22.7979 70 16.7979
    endloop
  endfacet
  facet normal 0 -1 0
    outer loop
      vertex -22.4294 70 17.3494
      vertex 0 70 -14
      vertex 22.4294 70 17.3494
    endloop
  endfacet
  facet normal 0 -1 0
    outer loop
      vertex -3 70 -14.8038
      vertex -22.7979 70 16.7979
      vertex -23.3494 70 16.4294
    endloop
  endfacet
  facet normal 0 -1 0
    outer loop
      vertex 0.783156 70 -14.0513
      vertex 22.4294 70 17.3494
      vertex 0 70 -14
    endloop
  endfacet
  facet normal 0 -1 0
    outer loop
      vertex -4.76012 70 -16.3474
      vertex -23.3494 70 16.4294
      vertex -24 70 16.3
    endloop
  endfacet
  facet normal 0 -1 0
    outer loop
      vertex 1.55291 70 -14.2044
      vertex 22.4294 70 17.3494
      vertex 0.783156 70 -14.0513
    endloop
  endfacet
  facet normal 0 -1 0
    outer loop
      vertex -23.3494 70 19.5706
      vertex -30 70 24
      vertex -24 70 19.7
    endloop
  endfacet
  facet normal 0 -1 0
    outer loop
      vertex -30 70 24
      vertex -24.6506 70 19.5706
      vertex -24 70 19.7
    endloop
  endfacet
  facet normal 0 -1 0
    outer loop
      vertex -30 70 24
      vertex -25.2021 70 19.2021
      vertex -24.6506 70 19.5706
    endloop
  endfacet
  facet normal 0 -1 0
    outer loop
      vertex -30 70 24
      vertex -25.5706 70 18.6506
      vertex -25.2021 70 19.2021
    endloop
  endfacet
  facet normal 0 -1 0
    outer loop
      vertex -30 70 24
      vertex -25.7 70 18
      vertex -25.5706 70 18.6506
    endloop
  endfacet
  facet normal 0 -1 0
    outer loop
      vertex -30 70 24
      vertex -25.5706 70 17.3494
      vertex -25.7 70 18
    endloop
  endfacet
  facet normal 0 -1 -0
    outer loop
      vertex 22.4294 70 17.3494
      vertex 1.55291 70 -14.2044
      vertex 22.7979 70 16.7979
    endloop
  endfacet
  facet normal 0 -1 0
    outer loop
      vertex -5.54328 70 -17.7039
      vertex -24 70 16.3
      vertex -24.6506 70 16.4294
    endloop
  endfacet
  facet normal 0 -1 0
    outer loop
      vertex -6 70 -20
      vertex -24.6506 70 16.4294
      vertex -25.2021 70 16.7979
    endloop
  endfacet
  facet normal 0 -1 0
    outer loop
      vertex -22.4294 70 17.3494
      vertex -0.783156 70 -14.0513
      vertex 0 70 -14
    endloop
  endfacet
  facet normal 0 -1 0
    outer loop
      vertex -22.4294 70 17.3494
      vertex -1.55291 70 -14.2044
      vertex -0.783156 70 -14.0513
    endloop
  endfacet
  facet normal 0 -1 0
    outer loop
      vertex -22.7979 70 16.7979
      vertex -2.2961 70 -14.4567
      vertex -1.55291 70 -14.2044
    endloop
  endfacet
  facet normal 0 -1 0
    outer loop
      vertex -22.7979 70 16.7979
      vertex -3 70 -14.8038
      vertex -2.2961 70 -14.4567
    endloop
  endfacet
  facet normal 0 -1 0
    outer loop
      vertex -23.3494 70 16.4294
      vertex -3.65257 70 -15.2399
      vertex -3 70 -14.8038
    endloop
  endfacet
  facet normal 0 -1 0
    outer loop
      vertex -23.3494 70 16.4294
      vertex -4.24264 70 -15.7574
      vertex -3.65257 70 -15.2399
    endloop
  endfacet
  facet normal 0 -1 0
    outer loop
      vertex -25.2021 70 -64.7979
      vertex -25.2021 70 16.7979
      vertex -25.5706 70 17.3494
    endloop
  endfacet
  facet normal 0 -1 0
    outer loop
      vertex -25.5706 70 -65.3494
      vertex -25.5706 70 17.3494
      vertex -30 70 24
    endloop
  endfacet
  facet normal 0 -1 0
    outer loop
      vertex -23.3494 70 16.4294
      vertex -4.76012 70 -16.3474
      vertex -4.24264 70 -15.7574
    endloop
  endfacet
  facet normal 0 -1 0
    outer loop
      vertex -24 70 16.3
      vertex -5.19615 70 -17
      vertex -4.76012 70 -16.3474
    endloop
  endfacet
  facet normal 0 -1 0
    outer loop
      vertex -24 70 16.3
      vertex -5.54328 70 -17.7039
      vertex -5.19615 70 -17
    endloop
  endfacet
  facet normal 0 -1 0
    outer loop
      vertex -24.6506 70 16.4294
      vertex -5.79555 70 -18.4471
      vertex -5.54328 70 -17.7039
    endloop
  endfacet
  facet normal 0 -1 0
    outer loop
      vertex -24.6506 70 16.4294
      vertex -5.94867 70 -19.2168
      vertex -5.79555 70 -18.4471
    endloop
  endfacet
  facet normal 0 -1 0
    outer loop
      vertex -24.6506 70 16.4294
      vertex -6 70 -20
      vertex -5.94867 70 -19.2168
    endloop
  endfacet
  facet normal 0 -1 0
    outer loop
      vertex -25.2021 70 16.7979
      vertex -25.2021 70 -64.7979
      vertex -6 70 -20
    endloop
  endfacet
  facet normal 0 -1 -0
    outer loop
      vertex -6 70 -20
      vertex -25.2021 70 -64.7979
      vertex -5.94867 70 -20.7832
    endloop
  endfacet
  facet normal -0 -1 0
    outer loop
      vertex -24.6506 70 -64.4294
      vertex -5.94867 70 -20.7832
      vertex -25.2021 70 -64.7979
    endloop
  endfacet
  facet normal 0 -1 -0
    outer loop
      vertex -5.94867 70 -20.7832
      vertex -24.6506 70 -64.4294
      vertex -5.79555 70 -21.5529
    endloop
  endfacet
  facet normal 0 -1 -0
    outer loop
      vertex -2.2961 70 -25.5433
      vertex -22.7979 70 -64.7979
      vertex -1.55291 70 -25.7956
    endloop
  endfacet
  facet normal 0 -1 0
    outer loop
      vertex -22.7979 70 -64.7979
      vertex -2.2961 70 -25.5433
      vertex -23.3494 70 -64.4294
    endloop
  endfacet
  facet normal 0 -1 -0
    outer loop
      vertex -3 70 -25.1962
      vertex -23.3494 70 -64.4294
      vertex -2.2961 70 -25.5433
    endloop
  endfacet
  facet normal 0 -1 -0
    outer loop
      vertex -3.65257 70 -24.7601
      vertex -23.3494 70 -64.4294
      vertex -3 70 -25.1962
    endloop
  endfacet
  facet normal 0 -1 0
    outer loop
      vertex -23.3494 70 -64.4294
      vertex -3.65257 70 -24.7601
      vertex -24 70 -64.3
    endloop
  endfacet
  facet normal 0 -1 -0
    outer loop
      vertex -4.24264 70 -24.2426
      vertex -24 70 -64.3
      vertex -3.65257 70 -24.7601
    endloop
  endfacet
  facet normal 0 -1 -0
    outer loop
      vertex -4.76012 70 -23.6526
      vertex -24 70 -64.3
      vertex -4.24264 70 -24.2426
    endloop
  endfacet
  facet normal 0 -1 -0
    outer loop
      vertex -5.19615 70 -23
      vertex -24 70 -64.3
      vertex -4.76012 70 -23.6526
    endloop
  endfacet
  facet normal 0 -1 -0
    outer loop
      vertex -5.79555 70 -21.5529
      vertex -24.6506 70 -64.4294
      vertex -5.54328 70 -22.2961
    endloop
  endfacet
  facet normal 0 -1 0
    outer loop
      vertex -5.19615 70 -23
      vertex -24.6506 70 -64.4294
      vertex -24 70 -64.3
    endloop
  endfacet
  facet normal 0 -1 -0
    outer loop
      vertex -5.54328 70 -22.2961
      vertex -24.6506 70 -64.4294
      vertex -5.19615 70 -23
    endloop
  endfacet
  facet normal 0 -1 0
    outer loop
      vertex -25.5706 70 17.3494
      vertex -25.5706 70 -65.3494
      vertex -25.2021 70 -64.7979
    endloop
  endfacet
  facet normal 0 -1 0
    outer loop
      vertex -30 70 -78
      vertex -25.5706 70 -65.3494
      vertex -30 70 24
    endloop
  endfacet
  facet normal 0 -1 0
    outer loop
      vertex 22.7979 70 -67.2021
      vertex 30 70 -78
      vertex 23.3494 70 -67.5706
    endloop
  endfacet
  facet normal 0 -1 -0
    outer loop
      vertex -24.6506 70 -67.5706
      vertex -30 70 -78
      vertex -24 70 -67.7
    endloop
  endfacet
  facet normal 0 -1 -0
    outer loop
      vertex -25.2021 70 -67.2021
      vertex -30 70 -78
      vertex -24.6506 70 -67.5706
    endloop
  endfacet
  facet normal 0 -1 -0
    outer loop
      vertex -25.5706 70 -66.6506
      vertex -30 70 -78
      vertex -25.2021 70 -67.2021
    endloop
  endfacet
  facet normal 0 -1 -0
    outer loop
      vertex -25.7 70 -66
      vertex -30 70 -78
      vertex -25.5706 70 -66.6506
    endloop
  endfacet
  facet normal 0 -1 0
    outer loop
      vertex -25.5706 70 -65.3494
      vertex -30 70 -78
      vertex -25.7 70 -66
    endloop
  endfacet
  facet normal 0 -1 0
    outer loop
      vertex -30 70 24
      vertex -23.3494 70 19.5706
      vertex 30 70 24
    endloop
  endfacet
  facet normal 0 -1 0
    outer loop
      vertex 24.6506 70 19.5706
      vertex 30 70 24
      vertex 24 70 19.7
    endloop
  endfacet
  facet normal 0 -1 0
    outer loop
      vertex 25.2021 70 19.2021
      vertex 30 70 24
      vertex 24.6506 70 19.5706
    endloop
  endfacet
  facet normal 0 -1 0
    outer loop
      vertex 25.5706 70 18.6506
      vertex 30 70 24
      vertex 25.2021 70 19.2021
    endloop
  endfacet
  facet normal 0 -1 0
    outer loop
      vertex 25.7 70 18
      vertex 30 70 24
      vertex 25.5706 70 18.6506
    endloop
  endfacet
  facet normal 0 -1 0
    outer loop
      vertex 25.5706 70 17.3494
      vertex 30 70 24
      vertex 25.7 70 18
    endloop
  endfacet
  facet normal 0 -1 0
    outer loop
      vertex 2.2961 70 -14.4567
      vertex 22.7979 70 16.7979
      vertex 1.55291 70 -14.2044
    endloop
  endfacet
  facet normal 0 -1 0
    outer loop
      vertex 3 70 -14.8038
      vertex 22.7979 70 16.7979
      vertex 2.2961 70 -14.4567
    endloop
  endfacet
  facet normal 0 -1 -0
    outer loop
      vertex 22.7979 70 16.7979
      vertex 3 70 -14.8038
      vertex 23.3494 70 16.4294
    endloop
  endfacet
  facet normal 0 -1 0
    outer loop
      vertex 3.65257 70 -15.2399
      vertex 23.3494 70 16.4294
      vertex 3 70 -14.8038
    endloop
  endfacet
  facet normal 0 -1 0
    outer loop
      vertex 4.24264 70 -15.7574
      vertex 23.3494 70 16.4294
      vertex 3.65257 70 -15.2399
    endloop
  endfacet
  facet normal 0 -1 0
    outer loop
      vertex 4.76012 70 -16.3474
      vertex 23.3494 70 16.4294
      vertex 4.24264 70 -15.7574
    endloop
  endfacet
  facet normal 0 -1 -0
    outer loop
      vertex 23.3494 70 16.4294
      vertex 4.76012 70 -16.3474
      vertex 24 70 16.3
    endloop
  endfacet
  facet normal 0 -1 0
    outer loop
      vertex 5.19615 70 -17
      vertex 24 70 16.3
      vertex 4.76012 70 -16.3474
    endloop
  endfacet
  facet normal 0 -1 0
    outer loop
      vertex 5.54328 70 -17.7039
      vertex 24 70 16.3
      vertex 5.19615 70 -17
    endloop
  endfacet
  facet normal 0 -1 -0
    outer loop
      vertex 24 70 16.3
      vertex 5.54328 70 -17.7039
      vertex 24.6506 70 16.4294
    endloop
  endfacet
  facet normal 0 -1 0
    outer loop
      vertex 5.79555 70 -18.4471
      vertex 24.6506 70 16.4294
      vertex 5.54328 70 -17.7039
    endloop
  endfacet
  facet normal 0 -1 0
    outer loop
      vertex 5.94867 70 -19.2168
      vertex 24.6506 70 16.4294
      vertex 5.79555 70 -18.4471
    endloop
  endfacet
  facet normal 0 -1 0
    outer loop
      vertex 6 70 -20
      vertex 24.6506 70 16.4294
      vertex 5.94867 70 -19.2168
    endloop
  endfacet
  facet normal 0 -1 -0
    outer loop
      vertex 24.6506 70 16.4294
      vertex 6 70 -20
      vertex 25.2021 70 16.7979
    endloop
  endfacet
  facet normal 0 -1 0
    outer loop
      vertex 25.2021 70 -64.7979
      vertex 25.2021 70 16.7979
      vertex 6 70 -20
    endloop
  endfacet
  facet normal 0 -1 0
    outer loop
      vertex 25.2021 70 16.7979
      vertex 25.2021 70 -64.7979
      vertex 25.5706 70 17.3494
    endloop
  endfacet
  facet normal 0 -1 0
    outer loop
      vertex 25.2021 70 -64.7979
      vertex 6 70 -20
      vertex 5.94867 70 -20.7832
    endloop
  endfacet
  facet normal 0 -1 0
    outer loop
      vertex 24.6506 70 -64.4294
      vertex 5.94867 70 -20.7832
      vertex 5.79555 70 -21.5529
    endloop
  endfacet
  facet normal 0 -1 0
    outer loop
      vertex 24.6506 70 -64.4294
      vertex 5.79555 70 -21.5529
      vertex 5.54328 70 -22.2961
    endloop
  endfacet
  facet normal 0 -1 0
    outer loop
      vertex 24.6506 70 -64.4294
      vertex 5.54328 70 -22.2961
      vertex 5.19615 70 -23
    endloop
  endfacet
  facet normal 0 -1 -0
    outer loop
      vertex -1.55291 70 -25.7956
      vertex -22.7979 70 -64.7979
      vertex -0.783156 70 -25.9487
    endloop
  endfacet
  facet normal 0 -1 0
    outer loop
      vertex 0 70 -26
      vertex 24 70 -64.3
      vertex 0.783156 70 -25.9487
    endloop
  endfacet
  facet normal 0 -1 0
    outer loop
      vertex 0.783156 70 -25.9487
      vertex 24 70 -64.3
      vertex 1.55291 70 -25.7956
    endloop
  endfacet
  facet normal 0 -1 0
    outer loop
      vertex 1.55291 70 -25.7956
      vertex 24 70 -64.3
      vertex 2.2961 70 -25.5433
    endloop
  endfacet
  facet normal 0 -1 0
    outer loop
      vertex 2.2961 70 -25.5433
      vertex 24 70 -64.3
      vertex 3 70 -25.1962
    endloop
  endfacet
  facet normal 0 -1 0
    outer loop
      vertex 3 70 -25.1962
      vertex 24 70 -64.3
      vertex 3.65257 70 -24.7601
    endloop
  endfacet
  facet normal 0 -1 0
    outer loop
      vertex 3.65257 70 -24.7601
      vertex 24 70 -64.3
      vertex 4.24264 70 -24.2426
    endloop
  endfacet
  facet normal 0 -1 0
    outer loop
      vertex 4.24264 70 -24.2426
      vertex 24 70 -64.3
      vertex 4.76012 70 -23.6526
    endloop
  endfacet
  facet normal 0 -1 0
    outer loop
      vertex 24 70 -64.3
      vertex 5.19615 70 -23
      vertex 4.76012 70 -23.6526
    endloop
  endfacet
  facet normal 0 -1 0
    outer loop
      vertex 24.6506 70 -64.4294
      vertex 5.19615 70 -23
      vertex 24 70 -64.3
    endloop
  endfacet
  facet normal 0 -1 0
    outer loop
      vertex 5.94867 70 -20.7832
      vertex 24.6506 70 -64.4294
      vertex 25.2021 70 -64.7979
    endloop
  endfacet
  facet normal 0 -1 0
    outer loop
      vertex 25.5706 70 -65.3494
      vertex 25.5706 70 17.3494
      vertex 25.2021 70 -64.7979
    endloop
  endfacet
  facet normal 0 -1 0
    outer loop
      vertex 25.5706 70 17.3494
      vertex 25.5706 70 -65.3494
      vertex 30 70 24
    endloop
  endfacet
  facet normal 0 -1 0
    outer loop
      vertex 30 70 -78
      vertex 25.5706 70 -65.3494
      vertex 25.7 70 -66
    endloop
  endfacet
  facet normal 0 -1 0
    outer loop
      vertex 25.5706 70 -65.3494
      vertex 30 70 -78
      vertex 30 70 24
    endloop
  endfacet
  facet normal 0 -1 0
    outer loop
      vertex 25.5706 70 -66.6506
      vertex 30 70 -78
      vertex 25.7 70 -66
    endloop
  endfacet
  facet normal 0 -1 0
    outer loop
      vertex 25.2021 70 -67.2021
      vertex 30 70 -78
      vertex 25.5706 70 -66.6506
    endloop
  endfacet
  facet normal 0 -1 0
    outer loop
      vertex 24.6506 70 -67.5706
      vertex 30 70 -78
      vertex 25.2021 70 -67.2021
    endloop
  endfacet
  facet normal 0 -1 0
    outer loop
      vertex 24 70 -67.7
      vertex 30 70 -78
      vertex 24.6506 70 -67.5706
    endloop
  endfacet
  facet normal 0 -1 0
    outer loop
      vertex 23.3494 70 -67.5706
      vertex 30 70 -78
      vertex 24 70 -67.7
    endloop
  endfacet
  facet normal -0.831399 0.555676 0
    outer loop
      vertex -12.9904 119.5 10
      vertex -11.9003 121.131 18
      vertex -11.9003 121.131 10
    endloop
  endfacet
  facet normal -0.831399 0.555676 0
    outer loop
      vertex -11.9003 121.131 18
      vertex -12.9904 119.5 10
      vertex -12.9904 119.5 18
    endloop
  endfacet
  facet normal -0.752021 0.659139 0
    outer loop
      vertex -11.9003 121.131 10
      vertex -10.6066 122.607 18
      vertex -10.6066 122.607 10
    endloop
  endfacet
  facet normal -0.752021 0.659139 0
    outer loop
      vertex -10.6066 122.607 18
      vertex -11.9003 121.131 10
      vertex -11.9003 121.131 18
    endloop
  endfacet
  facet normal 0.659145 0.752016 -0
    outer loop
      vertex 10.6066 122.607 10
      vertex 9.13142 123.9 18
      vertex 10.6066 122.607 18
    endloop
  endfacet
  facet normal 0.659145 0.752016 0
    outer loop
      vertex 9.13142 123.9 18
      vertex 10.6066 122.607 10
      vertex 9.13142 123.9 10
    endloop
  endfacet
  facet normal 0.99786 0.0653858 0
    outer loop
      vertex 15 112 18
      vertex 14.8717 113.958 10
      vertex 14.8717 113.958 18
    endloop
  endfacet
  facet normal 0.99786 0.0653858 0
    outer loop
      vertex 14.8717 113.958 10
      vertex 15 112 18
      vertex 15 112 10
    endloop
  endfacet
  facet normal -0.980776 0.195136 0
    outer loop
      vertex -14.8717 113.958 10
      vertex -14.4889 115.882 18
      vertex -14.4889 115.882 10
    endloop
  endfacet
  facet normal -0.980776 0.195136 0
    outer loop
      vertex -14.4889 115.882 18
      vertex -14.8717 113.958 10
      vertex -14.8717 113.958 18
    endloop
  endfacet
  facet normal -0.0652372 0.99787 0
    outer loop
      vertex 0 127 10
      vertex -1.95789 126.872 18
      vertex 0 127 18
    endloop
  endfacet
  facet normal -0.0652372 0.99787 0
    outer loop
      vertex -1.95789 126.872 18
      vertex 0 127 10
      vertex -1.95789 126.872 10
    endloop
  endfacet
  facet normal -0.99786 0.0653858 0
    outer loop
      vertex -15 112 10
      vertex -14.8717 113.958 18
      vertex -14.8717 113.958 10
    endloop
  endfacet
  facet normal -0.99786 0.0653858 0
    outer loop
      vertex -14.8717 113.958 18
      vertex -15 112 10
      vertex -15 112 18
    endloop
  endfacet
  facet normal 0.999635 0.0270187 0
    outer loop
      vertex 15.3784 98 18
      vertex 15 112 10
      vertex 15 112 18
    endloop
  endfacet
  facet normal 0.999635 0.0270187 0
    outer loop
      vertex 15 112 10
      vertex 15.3784 98 18
      vertex 15.3784 98 10
    endloop
  endfacet
  facet normal -0.442351 0.896842 0
    outer loop
      vertex -6.06457 125.698 10
      vertex -7.5 124.99 18
      vertex -6.06457 125.698 18
    endloop
  endfacet
  facet normal -0.442351 0.896842 0
    outer loop
      vertex -7.5 124.99 18
      vertex -6.06457 125.698 10
      vertex -7.5 124.99 10
    endloop
  endfacet
  facet normal 0.0652372 0.99787 -0
    outer loop
      vertex 1.95789 126.872 10
      vertex 0 127 18
      vertex 1.95789 126.872 18
    endloop
  endfacet
  facet normal 0.0652372 0.99787 0
    outer loop
      vertex 0 127 18
      vertex 1.95789 126.872 10
      vertex 0 127 10
    endloop
  endfacet
  facet normal 0.980776 0.195136 0
    outer loop
      vertex 14.8717 113.958 18
      vertex 14.4889 115.882 10
      vertex 14.4889 115.882 18
    endloop
  endfacet
  facet normal 0.980776 0.195136 0
    outer loop
      vertex 14.4889 115.882 10
      vertex 14.8717 113.958 18
      vertex 14.8717 113.958 10
    endloop
  endfacet
  facet normal -0.999635 0.0270187 0
    outer loop
      vertex -15.3784 98 10
      vertex -15 112 18
      vertex -15 112 10
    endloop
  endfacet
  facet normal -0.999635 0.0270187 0
    outer loop
      vertex -15 112 18
      vertex -15.3784 98 10
      vertex -15.3784 98 18
    endloop
  endfacet
  facet normal -0.946931 0.321437 0
    outer loop
      vertex -14.4889 115.882 10
      vertex -13.8582 117.74 18
      vertex -13.8582 117.74 10
    endloop
  endfacet
  facet normal -0.946931 0.321437 0
    outer loop
      vertex -13.8582 117.74 18
      vertex -14.4889 115.882 10
      vertex -14.4889 115.882 18
    endloop
  endfacet
  facet normal 0.8969 0.442233 0
    outer loop
      vertex 13.8582 117.74 18
      vertex 12.9904 119.5 10
      vertex 12.9904 119.5 18
    endloop
  endfacet
  facet normal 0.8969 0.442233 0
    outer loop
      vertex 12.9904 119.5 10
      vertex 13.8582 117.74 18
      vertex 13.8582 117.74 10
    endloop
  endfacet
  facet normal -0.555542 0.831488 0
    outer loop
      vertex -7.5 124.99 10
      vertex -9.13142 123.9 18
      vertex -7.5 124.99 18
    endloop
  endfacet
  facet normal -0.555542 0.831488 0
    outer loop
      vertex -9.13142 123.9 18
      vertex -7.5 124.99 10
      vertex -9.13142 123.9 10
    endloop
  endfacet
  facet normal 0.442351 0.896842 -0
    outer loop
      vertex 7.5 124.99 10
      vertex 6.06457 125.698 18
      vertex 7.5 124.99 18
    endloop
  endfacet
  facet normal 0.442351 0.896842 0
    outer loop
      vertex 6.06457 125.698 18
      vertex 7.5 124.99 10
      vertex 6.06457 125.698 10
    endloop
  endfacet
  facet normal -0.8969 0.442233 0
    outer loop
      vertex -13.8582 117.74 10
      vertex -12.9904 119.5 18
      vertex -12.9904 119.5 10
    endloop
  endfacet
  facet normal -0.8969 0.442233 0
    outer loop
      vertex -12.9904 119.5 18
      vertex -13.8582 117.74 10
      vertex -13.8582 117.74 18
    endloop
  endfacet
  facet normal -0.195469 0.98071 0
    outer loop
      vertex -1.95789 126.872 10
      vertex -3.72395 126.52 18
      vertex -1.95789 126.872 18
    endloop
  endfacet
  facet normal -0.195469 0.98071 0
    outer loop
      vertex -3.72395 126.52 18
      vertex -1.95789 126.872 10
      vertex -3.72395 126.52 10
    endloop
  endfacet
  facet normal 0.831399 0.555676 0
    outer loop
      vertex 12.9904 119.5 18
      vertex 11.9003 121.131 10
      vertex 11.9003 121.131 18
    endloop
  endfacet
  facet normal 0.831399 0.555676 0
    outer loop
      vertex 11.9003 121.131 10
      vertex 12.9904 119.5 18
      vertex 12.9904 119.5 10
    endloop
  endfacet
  facet normal 0.752021 0.659139 0
    outer loop
      vertex 11.9003 121.131 18
      vertex 10.6066 122.607 10
      vertex 10.6066 122.607 18
    endloop
  endfacet
  facet normal 0.752021 0.659139 0
    outer loop
      vertex 10.6066 122.607 10
      vertex 11.9003 121.131 18
      vertex 11.9003 121.131 10
    endloop
  endfacet
  facet normal -0.659145 0.752016 0
    outer loop
      vertex -9.13142 123.9 10
      vertex -10.6066 122.607 18
      vertex -9.13142 123.9 18
    endloop
  endfacet
  facet normal -0.659145 0.752016 0
    outer loop
      vertex -10.6066 122.607 18
      vertex -9.13142 123.9 10
      vertex -10.6066 122.607 10
    endloop
  endfacet
  facet normal 0.946931 0.321437 0
    outer loop
      vertex 14.4889 115.882 18
      vertex 13.8582 117.74 10
      vertex 13.8582 117.74 18
    endloop
  endfacet
  facet normal 0.946931 0.321437 0
    outer loop
      vertex 13.8582 117.74 10
      vertex 14.4889 115.882 18
      vertex 14.4889 115.882 10
    endloop
  endfacet
  facet normal 0.195469 0.98071 -0
    outer loop
      vertex 3.72395 126.52 10
      vertex 1.95789 126.872 18
      vertex 3.72395 126.52 18
    endloop
  endfacet
  facet normal 0.195469 0.98071 0
    outer loop
      vertex 1.95789 126.872 18
      vertex 3.72395 126.52 10
      vertex 1.95789 126.872 10
    endloop
  endfacet
  facet normal 0 0 -1
    outer loop
      vertex 4.82963 113.294 10
      vertex 14.4889 115.882 10
      vertex 4.95722 112.653 10
    endloop
  endfacet
  facet normal 0 0 -1
    outer loop
      vertex 13 98 10
      vertex 4.82963 110.706 10
      vertex 4.95722 111.347 10
    endloop
  endfacet
  facet normal 0 0 -1
    outer loop
      vertex 13 98 10
      vertex 4.6194 110.087 10
      vertex 4.82963 110.706 10
    endloop
  endfacet
  facet normal 0 0 -1
    outer loop
      vertex -4.50251 78.101 10
      vertex 13 98 10
      vertex 4.50251 78.101 10
    endloop
  endfacet
  facet normal 0 0 -1
    outer loop
      vertex 13 98 10
      vertex 4.33013 109.5 10
      vertex 4.6194 110.087 10
    endloop
  endfacet
  facet normal 0 0 -1
    outer loop
      vertex -4.50251 78.101 10
      vertex 4.50251 78.101 10
      vertex 4.08076 77.8192 10
    endloop
  endfacet
  facet normal 0 0 -1
    outer loop
      vertex 13 98 10
      vertex 3.96677 108.956 10
      vertex 4.33013 109.5 10
    endloop
  endfacet
  facet normal 0 0 -1
    outer loop
      vertex -4.08076 77.8192 10
      vertex 4.08076 77.8192 10
      vertex 3.79896 77.3975 10
    endloop
  endfacet
  facet normal 0 0 -1
    outer loop
      vertex -3.79896 77.3975 10
      vertex 3.79896 77.3975 10
      vertex 3.7 76.9 10
    endloop
  endfacet
  facet normal 0 0 -1
    outer loop
      vertex 13 98 10
      vertex 3.53553 108.464 10
      vertex 3.96677 108.956 10
    endloop
  endfacet
  facet normal 0 0 -1
    outer loop
      vertex 5.91924 77.8192 10
      vertex 13 98 10
      vertex 13 74 10
    endloop
  endfacet
  facet normal -0 0 -1
    outer loop
      vertex 14.8717 113.958 10
      vertex 4.95722 112.653 10
      vertex 14.4889 115.882 10
    endloop
  endfacet
  facet normal -0 0 -1
    outer loop
      vertex 14.4889 115.882 10
      vertex 4.82963 113.294 10
      vertex 13.8582 117.74 10
    endloop
  endfacet
  facet normal 0 0 -1
    outer loop
      vertex 4.6194 113.913 10
      vertex 13.8582 117.74 10
      vertex 4.82963 113.294 10
    endloop
  endfacet
  facet normal -0 0 -1
    outer loop
      vertex 13.8582 117.74 10
      vertex 4.6194 113.913 10
      vertex 12.9904 119.5 10
    endloop
  endfacet
  facet normal 0 0 -1
    outer loop
      vertex 6.20104 77.3975 10
      vertex 13 74 10
      vertex 6.3 76.9 10
    endloop
  endfacet
  facet normal 0 0 -1
    outer loop
      vertex 13 74 10
      vertex 6.20104 76.4025 10
      vertex 6.3 76.9 10
    endloop
  endfacet
  facet normal 0 0 -1
    outer loop
      vertex 13 74 10
      vertex 5.91924 75.9808 10
      vertex 6.20104 76.4025 10
    endloop
  endfacet
  facet normal 0 0 -1
    outer loop
      vertex 13 74 10
      vertex 5.49749 75.699 10
      vertex 5.91924 75.9808 10
    endloop
  endfacet
  facet normal 0 0 -1
    outer loop
      vertex 13 74 10
      vertex 5 75.6 10
      vertex 5.49749 75.699 10
    endloop
  endfacet
  facet normal 0 0 -1
    outer loop
      vertex -5 75.6 10
      vertex 5 75.6 10
      vertex 13 74 10
    endloop
  endfacet
  facet normal 0 0 -1
    outer loop
      vertex 13 98 10
      vertex 3.04381 108.033 10
      vertex 3.53553 108.464 10
    endloop
  endfacet
  facet normal 0 0 -1
    outer loop
      vertex 13 98 10
      vertex 2.5 107.67 10
      vertex 3.04381 108.033 10
    endloop
  endfacet
  facet normal 0 0 -1
    outer loop
      vertex 13 98 10
      vertex 1.91342 107.381 10
      vertex 2.5 107.67 10
    endloop
  endfacet
  facet normal 0 0 -1
    outer loop
      vertex 13 98 10
      vertex 1.2941 107.17 10
      vertex 1.91342 107.381 10
    endloop
  endfacet
  facet normal 0 0 -1
    outer loop
      vertex 13 98 10
      vertex 0.652631 107.043 10
      vertex 1.2941 107.17 10
    endloop
  endfacet
  facet normal -0 0 -1
    outer loop
      vertex 13 98 10
      vertex -4.50251 78.101 10
      vertex 0 107 10
    endloop
  endfacet
  facet normal 0 0 -1
    outer loop
      vertex 13 98 10
      vertex 0 107 10
      vertex 0.652631 107.043 10
    endloop
  endfacet
  facet normal -0 0 -1
    outer loop
      vertex 0 107 10
      vertex -4.50251 78.101 10
      vertex -0.652631 107.043 10
    endloop
  endfacet
  facet normal 0 0 -1
    outer loop
      vertex -5 78.2 10
      vertex -0.652631 107.043 10
      vertex -4.50251 78.101 10
    endloop
  endfacet
  facet normal -0 0 -1
    outer loop
      vertex -0.652631 107.043 10
      vertex -5 78.2 10
      vertex -1.2941 107.17 10
    endloop
  endfacet
  facet normal 0 0 -1
    outer loop
      vertex -3.7 76.9 10
      vertex 3.7 76.9 10
      vertex 3.79896 76.4025 10
    endloop
  endfacet
  facet normal -0 0 -1
    outer loop
      vertex -1.2941 107.17 10
      vertex -5 78.2 10
      vertex -1.91342 107.381 10
    endloop
  endfacet
  facet normal 0 0 -1
    outer loop
      vertex -5.49749 78.101 10
      vertex -1.91342 107.381 10
      vertex -5 78.2 10
    endloop
  endfacet
  facet normal 0 0 -1
    outer loop
      vertex 3.7 76.9 10
      vertex -3.7 76.9 10
      vertex -3.79896 77.3975 10
    endloop
  endfacet
  facet normal 0 0 -1
    outer loop
      vertex -3.79896 76.4025 10
      vertex 3.79896 76.4025 10
      vertex 4.08076 75.9808 10
    endloop
  endfacet
  facet normal 0 0 -1
    outer loop
      vertex -4.08076 75.9808 10
      vertex 4.08076 75.9808 10
      vertex 4.50251 75.699 10
    endloop
  endfacet
  facet normal 0 0 -1
    outer loop
      vertex 5 75.6 10
      vertex -5 75.6 10
      vertex 4.50251 75.699 10
    endloop
  endfacet
  facet normal 0 0 -1
    outer loop
      vertex 3.79896 76.4025 10
      vertex -3.79896 76.4025 10
      vertex -3.7 76.9 10
    endloop
  endfacet
  facet normal 0 0 -1
    outer loop
      vertex 4.08076 75.9808 10
      vertex -4.08076 75.9808 10
      vertex -3.79896 76.4025 10
    endloop
  endfacet
  facet normal 0 0 -1
    outer loop
      vertex 4.50251 75.699 10
      vertex -4.50251 75.699 10
      vertex -4.08076 75.9808 10
    endloop
  endfacet
  facet normal -0 0 -1
    outer loop
      vertex 4.50251 75.699 10
      vertex -5 75.6 10
      vertex -4.50251 75.699 10
    endloop
  endfacet
  facet normal 0 0 -1
    outer loop
      vertex -5 125.1 10
      vertex -9.13142 123.9 10
      vertex -7.5 124.99 10
    endloop
  endfacet
  facet normal 0 0 -1
    outer loop
      vertex -6.20104 77.3975 10
      vertex -13 98 10
      vertex -9.13142 123.9 10
    endloop
  endfacet
  facet normal 0 0 -1
    outer loop
      vertex -15 112 10
      vertex -9.13142 123.9 10
      vertex -13 98 10
    endloop
  endfacet
  facet normal 0 0 -1
    outer loop
      vertex -9.13142 123.9 10
      vertex -15 112 10
      vertex -10.6066 122.607 10
    endloop
  endfacet
  facet normal 0 0 -1
    outer loop
      vertex -13 74 10
      vertex -5 75.6 10
      vertex 13 74 10
    endloop
  endfacet
  facet normal 0 0 -1
    outer loop
      vertex -13 74 10
      vertex -5.49749 75.699 10
      vertex -5 75.6 10
    endloop
  endfacet
  facet normal 0 0 -1
    outer loop
      vertex -13 74 10
      vertex -5.91924 75.9808 10
      vertex -5.49749 75.699 10
    endloop
  endfacet
  facet normal 0 0 -1
    outer loop
      vertex -13 74 10
      vertex -6.20104 76.4025 10
      vertex -5.91924 75.9808 10
    endloop
  endfacet
  facet normal 0 0 -1
    outer loop
      vertex -13 74 10
      vertex -6.3 76.9 10
      vertex -6.20104 76.4025 10
    endloop
  endfacet
  facet normal -0 0 -1
    outer loop
      vertex -6.20104 77.3975 10
      vertex -13 74 10
      vertex -13 98 10
    endloop
  endfacet
  facet normal 0 0 -1
    outer loop
      vertex -10.6066 122.607 10
      vertex -15 112 10
      vertex -11.9003 121.131 10
    endloop
  endfacet
  facet normal 0 0 -1
    outer loop
      vertex -11.9003 121.131 10
      vertex -15 112 10
      vertex -12.9904 119.5 10
    endloop
  endfacet
  facet normal 0 0 -1
    outer loop
      vertex -12.9904 119.5 10
      vertex -15 112 10
      vertex -13.8582 117.74 10
    endloop
  endfacet
  facet normal 0 0 -1
    outer loop
      vertex -13.8582 117.74 10
      vertex -15 112 10
      vertex -14.4889 115.882 10
    endloop
  endfacet
  facet normal 0 0 -1
    outer loop
      vertex -14.4889 115.882 10
      vertex -15 112 10
      vertex -14.8717 113.958 10
    endloop
  endfacet
  facet normal 0 -0 -1
    outer loop
      vertex -15 112 10
      vertex -13 98 10
      vertex -15.3784 98 10
    endloop
  endfacet
  facet normal 0 0 -1
    outer loop
      vertex 13 98 10
      vertex 15 112 10
      vertex 15.3784 98 10
    endloop
  endfacet
  facet normal 0 0 -1
    outer loop
      vertex 4.95722 111.347 10
      vertex 15 112 10
      vertex 13 98 10
    endloop
  endfacet
  facet normal 0 -0 -1
    outer loop
      vertex 5 112 10
      vertex 15 112 10
      vertex 4.95722 111.347 10
    endloop
  endfacet
  facet normal 0 0 -1
    outer loop
      vertex 15 112 10
      vertex 5 112 10
      vertex 14.8717 113.958 10
    endloop
  endfacet
  facet normal 0 0 -1
    outer loop
      vertex 4.95722 112.653 10
      vertex 14.8717 113.958 10
      vertex 5 112 10
    endloop
  endfacet
  facet normal 0 0 -1
    outer loop
      vertex 5.91924 77.8192 10
      vertex 13 74 10
      vertex 6.20104 77.3975 10
    endloop
  endfacet
  facet normal 0 0 -1
    outer loop
      vertex 4.33013 114.5 10
      vertex 12.9904 119.5 10
      vertex 4.6194 113.913 10
    endloop
  endfacet
  facet normal 0 0 -1
    outer loop
      vertex 5.49749 78.101 10
      vertex 13 98 10
      vertex 5.91924 77.8192 10
    endloop
  endfacet
  facet normal -0 0 -1
    outer loop
      vertex 12.9904 119.5 10
      vertex 4.33013 114.5 10
      vertex 11.9003 121.131 10
    endloop
  endfacet
  facet normal 0 0 -1
    outer loop
      vertex 5 78.2 10
      vertex 13 98 10
      vertex 5.49749 78.101 10
    endloop
  endfacet
  facet normal 0 0 -1
    outer loop
      vertex 3.96677 115.044 10
      vertex 11.9003 121.131 10
      vertex 4.33013 114.5 10
    endloop
  endfacet
  facet normal 0 0 -1
    outer loop
      vertex 4.50251 78.101 10
      vertex 13 98 10
      vertex 5 78.2 10
    endloop
  endfacet
  facet normal -0 0 -1
    outer loop
      vertex 11.9003 121.131 10
      vertex 3.96677 115.044 10
      vertex 10.6066 122.607 10
    endloop
  endfacet
  facet normal 0 0 -1
    outer loop
      vertex 3.53553 115.536 10
      vertex 10.6066 122.607 10
      vertex 3.96677 115.044 10
    endloop
  endfacet
  facet normal 0 0 -1
    outer loop
      vertex 7.5 124.99 10
      vertex 5.91924 125.481 10
      vertex 6.06457 125.698 10
    endloop
  endfacet
  facet normal -0 0 -1
    outer loop
      vertex 10.6066 122.607 10
      vertex 3.53553 115.536 10
      vertex 9.13142 123.9 10
    endloop
  endfacet
  facet normal 0 0 -1
    outer loop
      vertex 3.04381 115.967 10
      vertex 9.13142 123.9 10
      vertex 3.53553 115.536 10
    endloop
  endfacet
  facet normal 0 0 -1
    outer loop
      vertex 7.5 124.99 10
      vertex 5.49749 125.199 10
      vertex 5.91924 125.481 10
    endloop
  endfacet
  facet normal 0 -0 -1
    outer loop
      vertex 5 125.1 10
      vertex 9.13142 123.9 10
      vertex 3.04381 115.967 10
    endloop
  endfacet
  facet normal 0 0 -1
    outer loop
      vertex 9.13142 123.9 10
      vertex 5 125.1 10
      vertex 7.5 124.99 10
    endloop
  endfacet
  facet normal 0 0 -1
    outer loop
      vertex 7.5 124.99 10
      vertex 5 125.1 10
      vertex 5.49749 125.199 10
    endloop
  endfacet
  facet normal 0 0 -1
    outer loop
      vertex 2.5 116.33 10
      vertex 5 125.1 10
      vertex 3.04381 115.967 10
    endloop
  endfacet
  facet normal 0 0 -1
    outer loop
      vertex 1.91342 116.619 10
      vertex 5 125.1 10
      vertex 2.5 116.33 10
    endloop
  endfacet
  facet normal -0 0 -1
    outer loop
      vertex 5 125.1 10
      vertex 1.91342 116.619 10
      vertex 4.50251 125.199 10
    endloop
  endfacet
  facet normal 0 0 -1
    outer loop
      vertex 1.2941 116.83 10
      vertex 4.50251 125.199 10
      vertex 1.91342 116.619 10
    endloop
  endfacet
  facet normal 0 0 -1
    outer loop
      vertex 0.652631 116.957 10
      vertex 4.50251 125.199 10
      vertex 1.2941 116.83 10
    endloop
  endfacet
  facet normal 0 0 -1
    outer loop
      vertex 3.7 126.4 10
      vertex 1.95789 126.872 10
      vertex 3.72395 126.52 10
    endloop
  endfacet
  facet normal -0 0 -1
    outer loop
      vertex 4.50251 125.199 10
      vertex 0.652631 116.957 10
      vertex 4.08076 125.481 10
    endloop
  endfacet
  facet normal 0 0 -1
    outer loop
      vertex 0 117 10
      vertex 4.08076 125.481 10
      vertex 0.652631 116.957 10
    endloop
  endfacet
  facet normal 0 0 -1
    outer loop
      vertex 0 127 10
      vertex 4.08076 125.481 10
      vertex 0 117 10
    endloop
  endfacet
  facet normal 0 0 -1
    outer loop
      vertex 3.79896 125.903 10
      vertex 1.95789 126.872 10
      vertex 3.7 126.4 10
    endloop
  endfacet
  facet normal -0 -0 -1
    outer loop
      vertex 1.95789 126.872 10
      vertex 4.08076 125.481 10
      vertex 0 127 10
    endloop
  endfacet
  facet normal 0 0 -1
    outer loop
      vertex 4.08076 125.481 10
      vertex 1.95789 126.872 10
      vertex 3.79896 125.903 10
    endloop
  endfacet
  facet normal 0 0 -1
    outer loop
      vertex -4.08076 125.481 10
      vertex 0 117 10
      vertex -0.652631 116.957 10
    endloop
  endfacet
  facet normal 0 0 -1
    outer loop
      vertex -4.50251 125.199 10
      vertex -0.652631 116.957 10
      vertex -1.2941 116.83 10
    endloop
  endfacet
  facet normal 0 0 -1
    outer loop
      vertex -4.50251 125.199 10
      vertex -1.2941 116.83 10
      vertex -1.91342 116.619 10
    endloop
  endfacet
  facet normal 0 0 -1
    outer loop
      vertex 0 117 10
      vertex -4.08076 125.481 10
      vertex 0 127 10
    endloop
  endfacet
  facet normal 0 0 -1
    outer loop
      vertex -5 125.1 10
      vertex -1.91342 116.619 10
      vertex -2.5 116.33 10
    endloop
  endfacet
  facet normal 0 0 -1
    outer loop
      vertex -5 125.1 10
      vertex -2.5 116.33 10
      vertex -3.04381 115.967 10
    endloop
  endfacet
  facet normal 0 0 -1
    outer loop
      vertex -9.13142 123.9 10
      vertex -3.04381 115.967 10
      vertex -3.53553 115.536 10
    endloop
  endfacet
  facet normal 0 0 -1
    outer loop
      vertex 0 127 10
      vertex -4.08076 125.481 10
      vertex -1.95789 126.872 10
    endloop
  endfacet
  facet normal 0 0 -1
    outer loop
      vertex -1.95789 126.872 10
      vertex -3.7 126.4 10
      vertex -3.72395 126.52 10
    endloop
  endfacet
  facet normal 0 0 -1
    outer loop
      vertex -1.95789 126.872 10
      vertex -3.79896 125.903 10
      vertex -3.7 126.4 10
    endloop
  endfacet
  facet normal 0 0 -1
    outer loop
      vertex -9.13142 123.9 10
      vertex -3.53553 115.536 10
      vertex -3.96677 115.044 10
    endloop
  endfacet
  facet normal 0 0 -1
    outer loop
      vertex -1.95789 126.872 10
      vertex -4.08076 125.481 10
      vertex -3.79896 125.903 10
    endloop
  endfacet
  facet normal 0 0 -1
    outer loop
      vertex -9.13142 123.9 10
      vertex -3.96677 115.044 10
      vertex -4.33013 114.5 10
    endloop
  endfacet
  facet normal 0 0 -1
    outer loop
      vertex -0.652631 116.957 10
      vertex -4.50251 125.199 10
      vertex -4.08076 125.481 10
    endloop
  endfacet
  facet normal 0 0 -1
    outer loop
      vertex -9.13142 123.9 10
      vertex -4.33013 114.5 10
      vertex -4.6194 113.913 10
    endloop
  endfacet
  facet normal 0 0 -1
    outer loop
      vertex -9.13142 123.9 10
      vertex -4.6194 113.913 10
      vertex -4.82963 113.294 10
    endloop
  endfacet
  facet normal 0 0 -1
    outer loop
      vertex -9.13142 123.9 10
      vertex -4.82963 113.294 10
      vertex -4.95722 112.653 10
    endloop
  endfacet
  facet normal 0 0 -1
    outer loop
      vertex -9.13142 123.9 10
      vertex -4.95722 112.653 10
      vertex -5 112 10
    endloop
  endfacet
  facet normal 0 0 -1
    outer loop
      vertex -1.91342 116.619 10
      vertex -5 125.1 10
      vertex -4.50251 125.199 10
    endloop
  endfacet
  facet normal 0 0 -1
    outer loop
      vertex 3.79896 77.3975 10
      vertex -3.79896 77.3975 10
      vertex -4.08076 77.8192 10
    endloop
  endfacet
  facet normal 0 0 -1
    outer loop
      vertex 4.08076 77.8192 10
      vertex -4.08076 77.8192 10
      vertex -4.50251 78.101 10
    endloop
  endfacet
  facet normal -0 0 -1
    outer loop
      vertex -1.91342 107.381 10
      vertex -5.49749 78.101 10
      vertex -2.5 107.67 10
    endloop
  endfacet
  facet normal -0 0 -1
    outer loop
      vertex -2.5 107.67 10
      vertex -5.49749 78.101 10
      vertex -3.04381 108.033 10
    endloop
  endfacet
  facet normal -0 0 -1
    outer loop
      vertex -3.04381 108.033 10
      vertex -5.49749 78.101 10
      vertex -3.53553 108.464 10
    endloop
  endfacet
  facet normal 0 0 -1
    outer loop
      vertex -5.91924 77.8192 10
      vertex -3.53553 108.464 10
      vertex -5.49749 78.101 10
    endloop
  endfacet
  facet normal -0 0 -1
    outer loop
      vertex -3.53553 108.464 10
      vertex -5.91924 77.8192 10
      vertex -3.96677 108.956 10
    endloop
  endfacet
  facet normal -0 0 -1
    outer loop
      vertex -3.96677 108.956 10
      vertex -5.91924 77.8192 10
      vertex -4.33013 109.5 10
    endloop
  endfacet
  facet normal 0 0 -1
    outer loop
      vertex -6.20104 77.3975 10
      vertex -4.33013 109.5 10
      vertex -5.91924 77.8192 10
    endloop
  endfacet
  facet normal -0 0 -1
    outer loop
      vertex -4.33013 109.5 10
      vertex -6.20104 77.3975 10
      vertex -4.6194 110.087 10
    endloop
  endfacet
  facet normal -0 0 -1
    outer loop
      vertex -4.6194 110.087 10
      vertex -6.20104 77.3975 10
      vertex -4.82963 110.706 10
    endloop
  endfacet
  facet normal 0 0 -1
    outer loop
      vertex -9.13142 123.9 10
      vertex -4.82963 110.706 10
      vertex -6.20104 77.3975 10
    endloop
  endfacet
  facet normal 0 0 -1
    outer loop
      vertex -9.13142 123.9 10
      vertex -5 125.1 10
      vertex -3.04381 115.967 10
    endloop
  endfacet
  facet normal 0 0 -1
    outer loop
      vertex -4.82963 110.706 10
      vertex -9.13142 123.9 10
      vertex -4.95722 111.347 10
    endloop
  endfacet
  facet normal -0 0 -1
    outer loop
      vertex -5 125.1 10
      vertex -7.5 124.99 10
      vertex -5.49749 125.199 10
    endloop
  endfacet
  facet normal -0 0 -1
    outer loop
      vertex -5.49749 125.199 10
      vertex -7.5 124.99 10
      vertex -5.91924 125.481 10
    endloop
  endfacet
  facet normal 0 0 -1
    outer loop
      vertex -9.13142 123.9 10
      vertex -5 112 10
      vertex -4.95722 111.347 10
    endloop
  endfacet
  facet normal 0 0 -1
    outer loop
      vertex -13 74 10
      vertex -6.20104 77.3975 10
      vertex -6.3 76.9 10
    endloop
  endfacet
  facet normal -0 0 -1
    outer loop
      vertex -5.91924 125.481 10
      vertex -7.5 124.99 10
      vertex -6.06457 125.698 10
    endloop
  endfacet
  facet normal 0.555542 0.831488 -0
    outer loop
      vertex 9.13142 123.9 10
      vertex 7.5 124.99 18
      vertex 9.13142 123.9 18
    endloop
  endfacet
  facet normal 0.555542 0.831488 0
    outer loop
      vertex 7.5 124.99 18
      vertex 9.13142 123.9 10
      vertex 7.5 124.99 10
    endloop
  endfacet
  facet normal -0.831399 0.555676 0
    outer loop
      vertex -12.9904 119.5 -42
      vertex -11.9003 121.131 -34
      vertex -11.9003 121.131 -42
    endloop
  endfacet
  facet normal -0.831399 0.555676 0
    outer loop
      vertex -11.9003 121.131 -34
      vertex -12.9904 119.5 -42
      vertex -12.9904 119.5 -34
    endloop
  endfacet
  facet normal -0.752021 0.659139 0
    outer loop
      vertex -11.9003 121.131 -42
      vertex -10.6066 122.607 -34
      vertex -10.6066 122.607 -42
    endloop
  endfacet
  facet normal -0.752021 0.659139 0
    outer loop
      vertex -10.6066 122.607 -34
      vertex -11.9003 121.131 -42
      vertex -11.9003 121.131 -34
    endloop
  endfacet
  facet normal 0.659145 0.752016 -0
    outer loop
      vertex 10.6066 122.607 -42
      vertex 9.13142 123.9 -34
      vertex 10.6066 122.607 -34
    endloop
  endfacet
  facet normal 0.659145 0.752016 0
    outer loop
      vertex 9.13142 123.9 -34
      vertex 10.6066 122.607 -42
      vertex 9.13142 123.9 -42
    endloop
  endfacet
  facet normal 0.99786 0.0653858 0
    outer loop
      vertex 15 112 -34
      vertex 14.8717 113.958 -42
      vertex 14.8717 113.958 -34
    endloop
  endfacet
  facet normal 0.99786 0.0653858 0
    outer loop
      vertex 14.8717 113.958 -42
      vertex 15 112 -34
      vertex 15 112 -42
    endloop
  endfacet
  facet normal -0.980776 0.195136 0
    outer loop
      vertex -14.8717 113.958 -42
      vertex -14.4889 115.882 -34
      vertex -14.4889 115.882 -42
    endloop
  endfacet
  facet normal -0.980776 0.195136 0
    outer loop
      vertex -14.4889 115.882 -34
      vertex -14.8717 113.958 -42
      vertex -14.8717 113.958 -34
    endloop
  endfacet
  facet normal -0.0652372 0.99787 0
    outer loop
      vertex 0 127 -42
      vertex -1.95789 126.872 -34
      vertex 0 127 -34
    endloop
  endfacet
  facet normal -0.0652372 0.99787 0
    outer loop
      vertex -1.95789 126.872 -34
      vertex 0 127 -42
      vertex -1.95789 126.872 -42
    endloop
  endfacet
  facet normal -0.99786 0.0653858 0
    outer loop
      vertex -15 112 -42
      vertex -14.8717 113.958 -34
      vertex -14.8717 113.958 -42
    endloop
  endfacet
  facet normal -0.99786 0.0653858 0
    outer loop
      vertex -14.8717 113.958 -34
      vertex -15 112 -42
      vertex -15 112 -34
    endloop
  endfacet
  facet normal 0.999635 0.0270187 0
    outer loop
      vertex 15.3784 98 -34
      vertex 15 112 -42
      vertex 15 112 -34
    endloop
  endfacet
  facet normal 0.999635 0.0270187 0
    outer loop
      vertex 15 112 -42
      vertex 15.3784 98 -34
      vertex 15.3784 98 -42
    endloop
  endfacet
  facet normal -0.442351 0.896842 0
    outer loop
      vertex -6.06457 125.698 -42
      vertex -7.5 124.99 -34
      vertex -6.06457 125.698 -34
    endloop
  endfacet
  facet normal -0.442351 0.896842 0
    outer loop
      vertex -7.5 124.99 -34
      vertex -6.06457 125.698 -42
      vertex -7.5 124.99 -42
    endloop
  endfacet
  facet normal 0.0652372 0.99787 -0
    outer loop
      vertex 1.95789 126.872 -42
      vertex 0 127 -34
      vertex 1.95789 126.872 -34
    endloop
  endfacet
  facet normal 0.0652372 0.99787 0
    outer loop
      vertex 0 127 -34
      vertex 1.95789 126.872 -42
      vertex 0 127 -42
    endloop
  endfacet
  facet normal 0.980776 0.195136 0
    outer loop
      vertex 14.8717 113.958 -34
      vertex 14.4889 115.882 -42
      vertex 14.4889 115.882 -34
    endloop
  endfacet
  facet normal 0.980776 0.195136 0
    outer loop
      vertex 14.4889 115.882 -42
      vertex 14.8717 113.958 -34
      vertex 14.8717 113.958 -42
    endloop
  endfacet
  facet normal -0.999635 0.0270187 0
    outer loop
      vertex -15.3784 98 -42
      vertex -15 112 -34
      vertex -15 112 -42
    endloop
  endfacet
  facet normal -0.999635 0.0270187 0
    outer loop
      vertex -15 112 -34
      vertex -15.3784 98 -42
      vertex -15.3784 98 -34
    endloop
  endfacet
  facet normal 0 0 1
    outer loop
      vertex -11.005 113.449 -34
      vertex -14.8717 113.958 -34
      vertex -11.1 112 -34
    endloop
  endfacet
  facet normal 0 0 1
    outer loop
      vertex -15 112 -34
      vertex -11.1 112 -34
      vertex -14.8717 113.958 -34
    endloop
  endfacet
  facet normal 0 0 1
    outer loop
      vertex -11.1 112 -34
      vertex -15 112 -34
      vertex -11.005 110.551 -34
    endloop
  endfacet
  facet normal 0 0 1
    outer loop
      vertex -15.3784 98 -34
      vertex -11.005 110.551 -34
      vertex -15 112 -34
    endloop
  endfacet
  facet normal 0 0 1
    outer loop
      vertex -11.005 110.551 -34
      vertex -15.3784 98 -34
      vertex -13 98 -34
    endloop
  endfacet
  facet normal 0 0 1
    outer loop
      vertex 3.79896 77.3975 -34
      vertex -3.79896 77.3975 -34
      vertex -3.7 76.9 -34
    endloop
  endfacet
  facet normal 0 0 1
    outer loop
      vertex -1.44884 100.995 -34
      vertex -4.08076 77.8192 -34
      vertex -3.79896 77.3975 -34
    endloop
  endfacet
  facet normal 0 0 1
    outer loop
      vertex -13 98 -34
      vertex -2.87289 101.278 -34
      vertex -4.24779 101.745 -34
    endloop
  endfacet
  facet normal 0 0 1
    outer loop
      vertex -1.44884 100.995 -34
      vertex -4.50251 78.101 -34
      vertex -4.08076 77.8192 -34
    endloop
  endfacet
  facet normal 0 0 1
    outer loop
      vertex -1.44884 100.995 -34
      vertex -5 78.2 -34
      vertex -4.50251 78.101 -34
    endloop
  endfacet
  facet normal 0 0 1
    outer loop
      vertex -2.87289 101.278 -34
      vertex -13 98 -34
      vertex -5 78.2 -34
    endloop
  endfacet
  facet normal 0 0 1
    outer loop
      vertex -13 98 -34
      vertex -4.24779 101.745 -34
      vertex -5.55 102.387 -34
    endloop
  endfacet
  facet normal 0 0 1
    outer loop
      vertex -5 78.2 -34
      vertex -13 98 -34
      vertex -5.49749 78.101 -34
    endloop
  endfacet
  facet normal 0 0 1
    outer loop
      vertex -5.49749 78.101 -34
      vertex -13 98 -34
      vertex -5.91924 77.8192 -34
    endloop
  endfacet
  facet normal 0 0 1
    outer loop
      vertex -13 74 -34
      vertex -5.91924 77.8192 -34
      vertex -13 98 -34
    endloop
  endfacet
  facet normal 0 0 1
    outer loop
      vertex -13 98 -34
      vertex -5.55 102.387 -34
      vertex -6.75725 103.194 -34
    endloop
  endfacet
  facet normal -0 0 1
    outer loop
      vertex -4.08076 125.481 -34
      vertex -1.44884 123.005 -34
      vertex -3.79896 125.903 -34
    endloop
  endfacet
  facet normal 0 0 1
    outer loop
      vertex -1.44884 123.005 -34
      vertex -4.08076 125.481 -34
      vertex -2.87289 122.722 -34
    endloop
  endfacet
  facet normal -0 0 1
    outer loop
      vertex -4.50251 125.199 -34
      vertex -2.87289 122.722 -34
      vertex -4.08076 125.481 -34
    endloop
  endfacet
  facet normal 0 0 1
    outer loop
      vertex -2.87289 122.722 -34
      vertex -4.50251 125.199 -34
      vertex -4.24779 122.255 -34
    endloop
  endfacet
  facet normal -0 0 1
    outer loop
      vertex -5 125.1 -34
      vertex -4.24779 122.255 -34
      vertex -4.50251 125.199 -34
    endloop
  endfacet
  facet normal 0 0 1
    outer loop
      vertex -5.49749 125.199 -34
      vertex -4.24779 122.255 -34
      vertex -5 125.1 -34
    endloop
  endfacet
  facet normal 0 0 1
    outer loop
      vertex -5.49749 125.199 -34
      vertex -5.55 121.613 -34
      vertex -4.24779 122.255 -34
    endloop
  endfacet
  facet normal 0 0 1
    outer loop
      vertex -7.5 124.99 -34
      vertex -5.49749 125.199 -34
      vertex -5.91924 125.481 -34
    endloop
  endfacet
  facet normal 0 0 1
    outer loop
      vertex -7.5 124.99 -34
      vertex -5.91924 125.481 -34
      vertex -6.06457 125.698 -34
    endloop
  endfacet
  facet normal 0 0 1
    outer loop
      vertex -5.49749 125.199 -34
      vertex -7.5 124.99 -34
      vertex -5.55 121.613 -34
    endloop
  endfacet
  facet normal 0 0 1
    outer loop
      vertex -5.55 121.613 -34
      vertex -7.5 124.99 -34
      vertex -6.75725 120.806 -34
    endloop
  endfacet
  facet normal -0 0 1
    outer loop
      vertex -9.13142 123.9 -34
      vertex -6.75725 120.806 -34
      vertex -7.5 124.99 -34
    endloop
  endfacet
  facet normal 0 0 1
    outer loop
      vertex -6.75725 120.806 -34
      vertex -9.13142 123.9 -34
      vertex -7.84888 119.849 -34
    endloop
  endfacet
  facet normal -0 0 1
    outer loop
      vertex -10.6066 122.607 -34
      vertex -7.84888 119.849 -34
      vertex -9.13142 123.9 -34
    endloop
  endfacet
  facet normal 0 0 1
    outer loop
      vertex -7.84888 119.849 -34
      vertex -10.6066 122.607 -34
      vertex -8.80622 118.757 -34
    endloop
  endfacet
  facet normal -0 0 1
    outer loop
      vertex -11.9003 121.131 -34
      vertex -8.80622 118.757 -34
      vertex -10.6066 122.607 -34
    endloop
  endfacet
  facet normal 0 0 1
    outer loop
      vertex -8.80622 118.757 -34
      vertex -11.9003 121.131 -34
      vertex -9.61288 117.55 -34
    endloop
  endfacet
  facet normal -0 0 1
    outer loop
      vertex -12.9904 119.5 -34
      vertex -9.61288 117.55 -34
      vertex -11.9003 121.131 -34
    endloop
  endfacet
  facet normal 0 0 1
    outer loop
      vertex -9.61288 117.55 -34
      vertex -12.9904 119.5 -34
      vertex -10.2551 116.248 -34
    endloop
  endfacet
  facet normal -0 0 1
    outer loop
      vertex -13.8582 117.74 -34
      vertex -10.2551 116.248 -34
      vertex -12.9904 119.5 -34
    endloop
  endfacet
  facet normal 0 0 1
    outer loop
      vertex -10.2551 116.248 -34
      vertex -13.8582 117.74 -34
      vertex -10.7218 114.873 -34
    endloop
  endfacet
  facet normal 0 0 1
    outer loop
      vertex 1.95789 126.872 -34
      vertex 3.7 126.4 -34
      vertex 3.72395 126.52 -34
    endloop
  endfacet
  facet normal 0 0 1
    outer loop
      vertex 3.7 126.4 -34
      vertex 1.95789 126.872 -34
      vertex 1.44884 123.005 -34
    endloop
  endfacet
  facet normal 0 0 1
    outer loop
      vertex 3.7 126.4 -34
      vertex 1.44884 123.005 -34
      vertex 2.87289 122.722 -34
    endloop
  endfacet
  facet normal 0 0 1
    outer loop
      vertex 0 127 -34
      vertex 1.44884 123.005 -34
      vertex 1.95789 126.872 -34
    endloop
  endfacet
  facet normal 0 0 1
    outer loop
      vertex 0 127 -34
      vertex 0 123.1 -34
      vertex 1.44884 123.005 -34
    endloop
  endfacet
  facet normal 0 0 1
    outer loop
      vertex 0 127 -34
      vertex -1.44884 123.005 -34
      vertex 0 123.1 -34
    endloop
  endfacet
  facet normal -0 0 1
    outer loop
      vertex -1.95789 126.872 -34
      vertex -1.44884 123.005 -34
      vertex 0 127 -34
    endloop
  endfacet
  facet normal 0 0 1
    outer loop
      vertex -3.79896 125.903 -34
      vertex -1.95789 126.872 -34
      vertex -3.7 126.4 -34
    endloop
  endfacet
  facet normal 0 0 1
    outer loop
      vertex -1.95789 126.872 -34
      vertex -3.79896 125.903 -34
      vertex -1.44884 123.005 -34
    endloop
  endfacet
  facet normal 0 -0 1
    outer loop
      vertex -3.7 126.4 -34
      vertex -1.95789 126.872 -34
      vertex -3.72395 126.52 -34
    endloop
  endfacet
  facet normal 0 0 1
    outer loop
      vertex 13 74 -34
      vertex 6.20104 77.3975 -34
      vertex 6.3 76.9 -34
    endloop
  endfacet
  facet normal 0 0 1
    outer loop
      vertex 13 98 -34
      vertex 5.91924 77.8192 -34
      vertex 6.20104 77.3975 -34
    endloop
  endfacet
  facet normal -0 0 1
    outer loop
      vertex 4.24779 101.745 -34
      vertex 13 98 -34
      vertex 5.55 102.387 -34
    endloop
  endfacet
  facet normal 0 0 1
    outer loop
      vertex 13 98 -34
      vertex 5.49749 78.101 -34
      vertex 5.91924 77.8192 -34
    endloop
  endfacet
  facet normal -0 0 1
    outer loop
      vertex 2.87289 101.278 -34
      vertex 13 98 -34
      vertex 4.24779 101.745 -34
    endloop
  endfacet
  facet normal 0 0 1
    outer loop
      vertex 13 98 -34
      vertex 5 78.2 -34
      vertex 5.49749 78.101 -34
    endloop
  endfacet
  facet normal 0 0 1
    outer loop
      vertex 13 98 -34
      vertex 2.87289 101.278 -34
      vertex 5 78.2 -34
    endloop
  endfacet
  facet normal -0 0 1
    outer loop
      vertex 1.44884 100.995 -34
      vertex 5 78.2 -34
      vertex 2.87289 101.278 -34
    endloop
  endfacet
  facet normal 0 0 1
    outer loop
      vertex 5 78.2 -34
      vertex 1.44884 100.995 -34
      vertex 4.50251 78.101 -34
    endloop
  endfacet
  facet normal -0 0 1
    outer loop
      vertex 0 100.9 -34
      vertex 4.50251 78.101 -34
      vertex 1.44884 100.995 -34
    endloop
  endfacet
  facet normal 0 0 1
    outer loop
      vertex -3.79896 77.3975 -34
      vertex 4.50251 78.101 -34
      vertex 0 100.9 -34
    endloop
  endfacet
  facet normal 0 0 1
    outer loop
      vertex 14.8717 113.958 -34
      vertex 11.005 113.449 -34
      vertex 11.1 112 -34
    endloop
  endfacet
  facet normal 0 0 1
    outer loop
      vertex 12.9904 119.5 -34
      vertex 10.7218 114.873 -34
      vertex 11.005 113.449 -34
    endloop
  endfacet
  facet normal 0 0 1
    outer loop
      vertex 8.80622 118.757 -34
      vertex 11.9003 121.131 -34
      vertex 10.6066 122.607 -34
    endloop
  endfacet
  facet normal 0 0 1
    outer loop
      vertex 12.9904 119.5 -34
      vertex 10.2551 116.248 -34
      vertex 10.7218 114.873 -34
    endloop
  endfacet
  facet normal 0 0 1
    outer loop
      vertex 12.9904 119.5 -34
      vertex 9.61288 117.55 -34
      vertex 10.2551 116.248 -34
    endloop
  endfacet
  facet normal 0 0 1
    outer loop
      vertex 7.84888 119.849 -34
      vertex 10.6066 122.607 -34
      vertex 9.13142 123.9 -34
    endloop
  endfacet
  facet normal 0 0 1
    outer loop
      vertex 11.9003 121.131 -34
      vertex 8.80622 118.757 -34
      vertex 9.61288 117.55 -34
    endloop
  endfacet
  facet normal 0 0 1
    outer loop
      vertex 10.6066 122.607 -34
      vertex 7.84888 119.849 -34
      vertex 8.80622 118.757 -34
    endloop
  endfacet
  facet normal 0 0 1
    outer loop
      vertex 6.75725 120.806 -34
      vertex 9.13142 123.9 -34
      vertex 7.5 124.99 -34
    endloop
  endfacet
  facet normal 0 0 1
    outer loop
      vertex 9.13142 123.9 -34
      vertex 6.75725 120.806 -34
      vertex 7.84888 119.849 -34
    endloop
  endfacet
  facet normal -0 0 1
    outer loop
      vertex 5.91924 125.481 -34
      vertex 7.5 124.99 -34
      vertex 6.06457 125.698 -34
    endloop
  endfacet
  facet normal -0 0 1
    outer loop
      vertex 5.49749 125.199 -34
      vertex 7.5 124.99 -34
      vertex 5.91924 125.481 -34
    endloop
  endfacet
  facet normal 0 0 1
    outer loop
      vertex 7.5 124.99 -34
      vertex 5.55 121.613 -34
      vertex 6.75725 120.806 -34
    endloop
  endfacet
  facet normal 0 0 1
    outer loop
      vertex 7.5 124.99 -34
      vertex 5.49749 125.199 -34
      vertex 5.55 121.613 -34
    endloop
  endfacet
  facet normal 0 0 1
    outer loop
      vertex 4.24779 122.255 -34
      vertex 5.49749 125.199 -34
      vertex 5 125.1 -34
    endloop
  endfacet
  facet normal 0 0 1
    outer loop
      vertex 4.24779 122.255 -34
      vertex 5 125.1 -34
      vertex 4.50251 125.199 -34
    endloop
  endfacet
  facet normal 0 0 1
    outer loop
      vertex 5.49749 125.199 -34
      vertex 4.24779 122.255 -34
      vertex 5.55 121.613 -34
    endloop
  endfacet
  facet normal 0 0 1
    outer loop
      vertex 2.87289 122.722 -34
      vertex 4.50251 125.199 -34
      vertex 4.08076 125.481 -34
    endloop
  endfacet
  facet normal 0 0 1
    outer loop
      vertex 2.87289 122.722 -34
      vertex 4.08076 125.481 -34
      vertex 3.79896 125.903 -34
    endloop
  endfacet
  facet normal 0 0 1
    outer loop
      vertex 2.87289 122.722 -34
      vertex 3.79896 125.903 -34
      vertex 3.7 126.4 -34
    endloop
  endfacet
  facet normal 0 0 1
    outer loop
      vertex 4.50251 125.199 -34
      vertex 2.87289 122.722 -34
      vertex 4.24779 122.255 -34
    endloop
  endfacet
  facet normal 0 0 1
    outer loop
      vertex 11.1 112 -34
      vertex 15 112 -34
      vertex 14.8717 113.958 -34
    endloop
  endfacet
  facet normal 0 0 1
    outer loop
      vertex 11.005 113.449 -34
      vertex 14.8717 113.958 -34
      vertex 14.4889 115.882 -34
    endloop
  endfacet
  facet normal 0 0 1
    outer loop
      vertex 11.005 113.449 -34
      vertex 14.4889 115.882 -34
      vertex 13.8582 117.74 -34
    endloop
  endfacet
  facet normal 0 0 1
    outer loop
      vertex 15 112 -34
      vertex 11.005 110.551 -34
      vertex 10.7218 109.127 -34
    endloop
  endfacet
  facet normal 0 0 1
    outer loop
      vertex 11.005 113.449 -34
      vertex 13.8582 117.74 -34
      vertex 12.9904 119.5 -34
    endloop
  endfacet
  facet normal 0 0 1
    outer loop
      vertex 10.2551 107.752 -34
      vertex 15 112 -34
      vertex 10.7218 109.127 -34
    endloop
  endfacet
  facet normal 0 0 1
    outer loop
      vertex 9.61288 117.55 -34
      vertex 12.9904 119.5 -34
      vertex 11.9003 121.131 -34
    endloop
  endfacet
  facet normal 0 0 1
    outer loop
      vertex 15 112 -34
      vertex 11.1 112 -34
      vertex 11.005 110.551 -34
    endloop
  endfacet
  facet normal 0 0 1
    outer loop
      vertex 15 112 -34
      vertex 10.2551 107.752 -34
      vertex 15.3784 98 -34
    endloop
  endfacet
  facet normal -0 0 1
    outer loop
      vertex 9.61288 106.45 -34
      vertex 15.3784 98 -34
      vertex 10.2551 107.752 -34
    endloop
  endfacet
  facet normal 0 0 1
    outer loop
      vertex 15.3784 98 -34
      vertex 9.61288 106.45 -34
      vertex 13 98 -34
    endloop
  endfacet
  facet normal -0 0 1
    outer loop
      vertex 8.80622 105.243 -34
      vertex 13 98 -34
      vertex 9.61288 106.45 -34
    endloop
  endfacet
  facet normal -0 0 1
    outer loop
      vertex 7.84888 104.151 -34
      vertex 13 98 -34
      vertex 8.80622 105.243 -34
    endloop
  endfacet
  facet normal -0 0 1
    outer loop
      vertex 6.75725 103.194 -34
      vertex 13 98 -34
      vertex 7.84888 104.151 -34
    endloop
  endfacet
  facet normal -0 0 1
    outer loop
      vertex 5.55 102.387 -34
      vertex 13 98 -34
      vertex 6.75725 103.194 -34
    endloop
  endfacet
  facet normal -0 0 1
    outer loop
      vertex 6.20104 77.3975 -34
      vertex 13 74 -34
      vertex 13 98 -34
    endloop
  endfacet
  facet normal -0 0 1
    outer loop
      vertex 6.20104 76.4025 -34
      vertex 13 74 -34
      vertex 6.3 76.9 -34
    endloop
  endfacet
  facet normal -0 0 1
    outer loop
      vertex 5.91924 75.9808 -34
      vertex 13 74 -34
      vertex 6.20104 76.4025 -34
    endloop
  endfacet
  facet normal -0 0 1
    outer loop
      vertex 5.49749 75.699 -34
      vertex 13 74 -34
      vertex 5.91924 75.9808 -34
    endloop
  endfacet
  facet normal -0 0 1
    outer loop
      vertex 5 75.6 -34
      vertex 13 74 -34
      vertex 5.49749 75.699 -34
    endloop
  endfacet
  facet normal 0 0 1
    outer loop
      vertex -5 75.6 -34
      vertex 5 75.6 -34
      vertex 4.50251 75.699 -34
    endloop
  endfacet
  facet normal 0 0 1
    outer loop
      vertex -3.79896 77.3975 -34
      vertex 4.08076 77.8192 -34
      vertex 4.50251 78.101 -34
    endloop
  endfacet
  facet normal 0 0 1
    outer loop
      vertex -3.79896 77.3975 -34
      vertex 3.79896 77.3975 -34
      vertex 4.08076 77.8192 -34
    endloop
  endfacet
  facet normal 0 0 1
    outer loop
      vertex -3.79896 77.3975 -34
      vertex 0 100.9 -34
      vertex -1.44884 100.995 -34
    endloop
  endfacet
  facet normal 0 0 1
    outer loop
      vertex 3.79896 77.3975 -34
      vertex -3.7 76.9 -34
      vertex 3.7 76.9 -34
    endloop
  endfacet
  facet normal 0 0 1
    outer loop
      vertex -5 78.2 -34
      vertex -1.44884 100.995 -34
      vertex -2.87289 101.278 -34
    endloop
  endfacet
  facet normal 0 0 1
    outer loop
      vertex 3.7 76.9 -34
      vertex -3.7 76.9 -34
      vertex 3.79896 76.4025 -34
    endloop
  endfacet
  facet normal 0 0 1
    outer loop
      vertex -3.79896 76.4025 -34
      vertex 3.79896 76.4025 -34
      vertex -3.7 76.9 -34
    endloop
  endfacet
  facet normal 0 0 1
    outer loop
      vertex 3.79896 76.4025 -34
      vertex -3.79896 76.4025 -34
      vertex 4.08076 75.9808 -34
    endloop
  endfacet
  facet normal 0 0 1
    outer loop
      vertex -4.08076 75.9808 -34
      vertex 4.08076 75.9808 -34
      vertex -3.79896 76.4025 -34
    endloop
  endfacet
  facet normal 0 0 1
    outer loop
      vertex 4.08076 75.9808 -34
      vertex -4.08076 75.9808 -34
      vertex 4.50251 75.699 -34
    endloop
  endfacet
  facet normal 0 0 1
    outer loop
      vertex -4.50251 75.699 -34
      vertex 4.50251 75.699 -34
      vertex -4.08076 75.9808 -34
    endloop
  endfacet
  facet normal 0 0 1
    outer loop
      vertex -5 75.6 -34
      vertex 4.50251 75.699 -34
      vertex -4.50251 75.699 -34
    endloop
  endfacet
  facet normal 0 0 1
    outer loop
      vertex 5 75.6 -34
      vertex -5 75.6 -34
      vertex 13 74 -34
    endloop
  endfacet
  facet normal 0 0 1
    outer loop
      vertex -13 98 -34
      vertex -6.75725 103.194 -34
      vertex -7.84888 104.151 -34
    endloop
  endfacet
  facet normal 0 0 1
    outer loop
      vertex -13 98 -34
      vertex -7.84888 104.151 -34
      vertex -8.80622 105.243 -34
    endloop
  endfacet
  facet normal 0 0 1
    outer loop
      vertex -13 98 -34
      vertex -8.80622 105.243 -34
      vertex -9.61288 106.45 -34
    endloop
  endfacet
  facet normal 0 0 1
    outer loop
      vertex -13 98 -34
      vertex -9.61288 106.45 -34
      vertex -10.2551 107.752 -34
    endloop
  endfacet
  facet normal 0 0 1
    outer loop
      vertex -13 98 -34
      vertex -10.2551 107.752 -34
      vertex -10.7218 109.127 -34
    endloop
  endfacet
  facet normal 0 0 1
    outer loop
      vertex -13 98 -34
      vertex -10.7218 109.127 -34
      vertex -11.005 110.551 -34
    endloop
  endfacet
  facet normal -0 0 1
    outer loop
      vertex -14.4889 115.882 -34
      vertex -10.7218 114.873 -34
      vertex -13.8582 117.74 -34
    endloop
  endfacet
  facet normal 0 0 1
    outer loop
      vertex -10.7218 114.873 -34
      vertex -14.4889 115.882 -34
      vertex -11.005 113.449 -34
    endloop
  endfacet
  facet normal -0 0 1
    outer loop
      vertex -14.8717 113.958 -34
      vertex -11.005 113.449 -34
      vertex -14.4889 115.882 -34
    endloop
  endfacet
  facet normal 0 0 1
    outer loop
      vertex -5.91924 77.8192 -34
      vertex -13 74 -34
      vertex -6.20104 77.3975 -34
    endloop
  endfacet
  facet normal 0 0 1
    outer loop
      vertex -6.20104 77.3975 -34
      vertex -13 74 -34
      vertex -6.3 76.9 -34
    endloop
  endfacet
  facet normal 0 0 1
    outer loop
      vertex -5 75.6 -34
      vertex -13 74 -34
      vertex 13 74 -34
    endloop
  endfacet
  facet normal 0 0 1
    outer loop
      vertex -5.49749 75.699 -34
      vertex -13 74 -34
      vertex -5 75.6 -34
    endloop
  endfacet
  facet normal 0 0 1
    outer loop
      vertex -5.91924 75.9808 -34
      vertex -13 74 -34
      vertex -5.49749 75.699 -34
    endloop
  endfacet
  facet normal 0 0 1
    outer loop
      vertex -6.20104 76.4025 -34
      vertex -13 74 -34
      vertex -5.91924 75.9808 -34
    endloop
  endfacet
  facet normal 0 0 1
    outer loop
      vertex -6.3 76.9 -34
      vertex -13 74 -34
      vertex -6.20104 76.4025 -34
    endloop
  endfacet
  facet normal -0.946931 0.321437 0
    outer loop
      vertex -14.4889 115.882 -42
      vertex -13.8582 117.74 -34
      vertex -13.8582 117.74 -42
    endloop
  endfacet
  facet normal -0.946931 0.321437 0
    outer loop
      vertex -13.8582 117.74 -34
      vertex -14.4889 115.882 -42
      vertex -14.4889 115.882 -34
    endloop
  endfacet
  facet normal 0.8969 0.442233 0
    outer loop
      vertex 13.8582 117.74 -34
      vertex 12.9904 119.5 -42
      vertex 12.9904 119.5 -34
    endloop
  endfacet
  facet normal 0.8969 0.442233 0
    outer loop
      vertex 12.9904 119.5 -42
      vertex 13.8582 117.74 -34
      vertex 13.8582 117.74 -42
    endloop
  endfacet
  facet normal -0.555542 0.831488 0
    outer loop
      vertex -7.5 124.99 -42
      vertex -9.13142 123.9 -34
      vertex -7.5 124.99 -34
    endloop
  endfacet
  facet normal -0.555542 0.831488 0
    outer loop
      vertex -9.13142 123.9 -34
      vertex -7.5 124.99 -42
      vertex -9.13142 123.9 -42
    endloop
  endfacet
  facet normal 0.442351 0.896842 -0
    outer loop
      vertex 7.5 124.99 -42
      vertex 6.06457 125.698 -34
      vertex 7.5 124.99 -34
    endloop
  endfacet
  facet normal 0.442351 0.896842 0
    outer loop
      vertex 6.06457 125.698 -34
      vertex 7.5 124.99 -42
      vertex 6.06457 125.698 -42
    endloop
  endfacet
  facet normal -0.8969 0.442233 0
    outer loop
      vertex -13.8582 117.74 -42
      vertex -12.9904 119.5 -34
      vertex -12.9904 119.5 -42
    endloop
  endfacet
  facet normal -0.8969 0.442233 0
    outer loop
      vertex -12.9904 119.5 -34
      vertex -13.8582 117.74 -42
      vertex -13.8582 117.74 -34
    endloop
  endfacet
  facet normal -0.195469 0.98071 0
    outer loop
      vertex -1.95789 126.872 -42
      vertex -3.72395 126.52 -34
      vertex -1.95789 126.872 -34
    endloop
  endfacet
  facet normal -0.195469 0.98071 0
    outer loop
      vertex -3.72395 126.52 -34
      vertex -1.95789 126.872 -42
      vertex -3.72395 126.52 -42
    endloop
  endfacet
  facet normal 0 0 -1
    outer loop
      vertex 4.82963 113.294 -42
      vertex 14.4889 115.882 -42
      vertex 4.95722 112.653 -42
    endloop
  endfacet
  facet normal 0 0 -1
    outer loop
      vertex 13 98 -42
      vertex 4.82963 110.706 -42
      vertex 4.95722 111.347 -42
    endloop
  endfacet
  facet normal 0 0 -1
    outer loop
      vertex 13 98 -42
      vertex 4.6194 110.087 -42
      vertex 4.82963 110.706 -42
    endloop
  endfacet
  facet normal 0 0 -1
    outer loop
      vertex -4.50251 78.101 -42
      vertex 13 98 -42
      vertex 4.50251 78.101 -42
    endloop
  endfacet
  facet normal 0 0 -1
    outer loop
      vertex 13 98 -42
      vertex 4.33013 109.5 -42
      vertex 4.6194 110.087 -42
    endloop
  endfacet
  facet normal 0 0 -1
    outer loop
      vertex -4.50251 78.101 -42
      vertex 4.50251 78.101 -42
      vertex 4.08076 77.8192 -42
    endloop
  endfacet
  facet normal 0 0 -1
    outer loop
      vertex 13 98 -42
      vertex 3.96677 108.956 -42
      vertex 4.33013 109.5 -42
    endloop
  endfacet
  facet normal 0 0 -1
    outer loop
      vertex -4.08076 77.8192 -42
      vertex 4.08076 77.8192 -42
      vertex 3.79896 77.3975 -42
    endloop
  endfacet
  facet normal 0 0 -1
    outer loop
      vertex -3.79896 77.3975 -42
      vertex 3.79896 77.3975 -42
      vertex 3.7 76.9 -42
    endloop
  endfacet
  facet normal 0 0 -1
    outer loop
      vertex 13 98 -42
      vertex 3.53553 108.464 -42
      vertex 3.96677 108.956 -42
    endloop
  endfacet
  facet normal 0 0 -1
    outer loop
      vertex 5.91924 77.8192 -42
      vertex 13 98 -42
      vertex 13 74 -42
    endloop
  endfacet
  facet normal -0 0 -1
    outer loop
      vertex 14.8717 113.958 -42
      vertex 4.95722 112.653 -42
      vertex 14.4889 115.882 -42
    endloop
  endfacet
  facet normal -0 0 -1
    outer loop
      vertex 14.4889 115.882 -42
      vertex 4.82963 113.294 -42
      vertex 13.8582 117.74 -42
    endloop
  endfacet
  facet normal 0 0 -1
    outer loop
      vertex 4.6194 113.913 -42
      vertex 13.8582 117.74 -42
      vertex 4.82963 113.294 -42
    endloop
  endfacet
  facet normal -0 0 -1
    outer loop
      vertex 13.8582 117.74 -42
      vertex 4.6194 113.913 -42
      vertex 12.9904 119.5 -42
    endloop
  endfacet
  facet normal 0 0 -1
    outer loop
      vertex 6.20104 77.3975 -42
      vertex 13 74 -42
      vertex 6.3 76.9 -42
    endloop
  endfacet
  facet normal 0 0 -1
    outer loop
      vertex 13 74 -42
      vertex 6.20104 76.4025 -42
      vertex 6.3 76.9 -42
    endloop
  endfacet
  facet normal 0 0 -1
    outer loop
      vertex 13 74 -42
      vertex 5.91924 75.9808 -42
      vertex 6.20104 76.4025 -42
    endloop
  endfacet
  facet normal 0 0 -1
    outer loop
      vertex 13 74 -42
      vertex 5.49749 75.699 -42
      vertex 5.91924 75.9808 -42
    endloop
  endfacet
  facet normal 0 0 -1
    outer loop
      vertex 13 74 -42
      vertex 5 75.6 -42
      vertex 5.49749 75.699 -42
    endloop
  endfacet
  facet normal 0 0 -1
    outer loop
      vertex -5 75.6 -42
      vertex 5 75.6 -42
      vertex 13 74 -42
    endloop
  endfacet
  facet normal 0 0 -1
    outer loop
      vertex 13 98 -42
      vertex 3.04381 108.033 -42
      vertex 3.53553 108.464 -42
    endloop
  endfacet
  facet normal 0 0 -1
    outer loop
      vertex 13 98 -42
      vertex 2.5 107.67 -42
      vertex 3.04381 108.033 -42
    endloop
  endfacet
  facet normal 0 0 -1
    outer loop
      vertex 13 98 -42
      vertex 1.91342 107.381 -42
      vertex 2.5 107.67 -42
    endloop
  endfacet
  facet normal 0 0 -1
    outer loop
      vertex 13 98 -42
      vertex 1.2941 107.17 -42
      vertex 1.91342 107.381 -42
    endloop
  endfacet
  facet normal 0 0 -1
    outer loop
      vertex 13 98 -42
      vertex 0.652631 107.043 -42
      vertex 1.2941 107.17 -42
    endloop
  endfacet
  facet normal -0 0 -1
    outer loop
      vertex 13 98 -42
      vertex -4.50251 78.101 -42
      vertex 0 107 -42
    endloop
  endfacet
  facet normal 0 0 -1
    outer loop
      vertex 13 98 -42
      vertex 0 107 -42
      vertex 0.652631 107.043 -42
    endloop
  endfacet
  facet normal -0 0 -1
    outer loop
      vertex 0 107 -42
      vertex -4.50251 78.101 -42
      vertex -0.652631 107.043 -42
    endloop
  endfacet
  facet normal 0 0 -1
    outer loop
      vertex -5 78.2 -42
      vertex -0.652631 107.043 -42
      vertex -4.50251 78.101 -42
    endloop
  endfacet
  facet normal -0 0 -1
    outer loop
      vertex -0.652631 107.043 -42
      vertex -5 78.2 -42
      vertex -1.2941 107.17 -42
    endloop
  endfacet
  facet normal 0 0 -1
    outer loop
      vertex -3.7 76.9 -42
      vertex 3.7 76.9 -42
      vertex 3.79896 76.4025 -42
    endloop
  endfacet
  facet normal -0 0 -1
    outer loop
      vertex -1.2941 107.17 -42
      vertex -5 78.2 -42
      vertex -1.91342 107.381 -42
    endloop
  endfacet
  facet normal 0 0 -1
    outer loop
      vertex -5.49749 78.101 -42
      vertex -1.91342 107.381 -42
      vertex -5 78.2 -42
    endloop
  endfacet
  facet normal 0 0 -1
    outer loop
      vertex 3.7 76.9 -42
      vertex -3.7 76.9 -42
      vertex -3.79896 77.3975 -42
    endloop
  endfacet
  facet normal 0 0 -1
    outer loop
      vertex -3.79896 76.4025 -42
      vertex 3.79896 76.4025 -42
      vertex 4.08076 75.9808 -42
    endloop
  endfacet
  facet normal 0 0 -1
    outer loop
      vertex -4.08076 75.9808 -42
      vertex 4.08076 75.9808 -42
      vertex 4.50251 75.699 -42
    endloop
  endfacet
  facet normal 0 0 -1
    outer loop
      vertex 5 75.6 -42
      vertex -5 75.6 -42
      vertex 4.50251 75.699 -42
    endloop
  endfacet
  facet normal 0 0 -1
    outer loop
      vertex 3.79896 76.4025 -42
      vertex -3.79896 76.4025 -42
      vertex -3.7 76.9 -42
    endloop
  endfacet
  facet normal 0 0 -1
    outer loop
      vertex 4.08076 75.9808 -42
      vertex -4.08076 75.9808 -42
      vertex -3.79896 76.4025 -42
    endloop
  endfacet
  facet normal 0 0 -1
    outer loop
      vertex 4.50251 75.699 -42
      vertex -4.50251 75.699 -42
      vertex -4.08076 75.9808 -42
    endloop
  endfacet
  facet normal -0 0 -1
    outer loop
      vertex 4.50251 75.699 -42
      vertex -5 75.6 -42
      vertex -4.50251 75.699 -42
    endloop
  endfacet
  facet normal 0 0 -1
    outer loop
      vertex -5 125.1 -42
      vertex -9.13142 123.9 -42
      vertex -7.5 124.99 -42
    endloop
  endfacet
  facet normal 0 0 -1
    outer loop
      vertex -6.20104 77.3975 -42
      vertex -13 98 -42
      vertex -9.13142 123.9 -42
    endloop
  endfacet
  facet normal 0 0 -1
    outer loop
      vertex -15 112 -42
      vertex -9.13142 123.9 -42
      vertex -13 98 -42
    endloop
  endfacet
  facet normal 0 0 -1
    outer loop
      vertex -9.13142 123.9 -42
      vertex -15 112 -42
      vertex -10.6066 122.607 -42
    endloop
  endfacet
  facet normal 0 0 -1
    outer loop
      vertex -13 74 -42
      vertex -5 75.6 -42
      vertex 13 74 -42
    endloop
  endfacet
  facet normal 0 0 -1
    outer loop
      vertex -13 74 -42
      vertex -5.49749 75.699 -42
      vertex -5 75.6 -42
    endloop
  endfacet
  facet normal 0 0 -1
    outer loop
      vertex -13 74 -42
      vertex -5.91924 75.9808 -42
      vertex -5.49749 75.699 -42
    endloop
  endfacet
  facet normal 0 0 -1
    outer loop
      vertex -13 74 -42
      vertex -6.20104 76.4025 -42
      vertex -5.91924 75.9808 -42
    endloop
  endfacet
  facet normal 0 0 -1
    outer loop
      vertex -13 74 -42
      vertex -6.3 76.9 -42
      vertex -6.20104 76.4025 -42
    endloop
  endfacet
  facet normal -0 0 -1
    outer loop
      vertex -6.20104 77.3975 -42
      vertex -13 74 -42
      vertex -13 98 -42
    endloop
  endfacet
  facet normal 0 0 -1
    outer loop
      vertex -10.6066 122.607 -42
      vertex -15 112 -42
      vertex -11.9003 121.131 -42
    endloop
  endfacet
  facet normal 0 0 -1
    outer loop
      vertex -11.9003 121.131 -42
      vertex -15 112 -42
      vertex -12.9904 119.5 -42
    endloop
  endfacet
  facet normal 0 0 -1
    outer loop
      vertex -12.9904 119.5 -42
      vertex -15 112 -42
      vertex -13.8582 117.74 -42
    endloop
  endfacet
  facet normal 0 0 -1
    outer loop
      vertex -13.8582 117.74 -42
      vertex -15 112 -42
      vertex -14.4889 115.882 -42
    endloop
  endfacet
  facet normal 0 0 -1
    outer loop
      vertex -14.4889 115.882 -42
      vertex -15 112 -42
      vertex -14.8717 113.958 -42
    endloop
  endfacet
  facet normal 0 -0 -1
    outer loop
      vertex -15 112 -42
      vertex -13 98 -42
      vertex -15.3784 98 -42
    endloop
  endfacet
  facet normal 0 0 -1
    outer loop
      vertex 13 98 -42
      vertex 15 112 -42
      vertex 15.3784 98 -42
    endloop
  endfacet
  facet normal 0 0 -1
    outer loop
      vertex 4.95722 111.347 -42
      vertex 15 112 -42
      vertex 13 98 -42
    endloop
  endfacet
  facet normal 0 -0 -1
    outer loop
      vertex 5 112 -42
      vertex 15 112 -42
      vertex 4.95722 111.347 -42
    endloop
  endfacet
  facet normal 0 0 -1
    outer loop
      vertex 15 112 -42
      vertex 5 112 -42
      vertex 14.8717 113.958 -42
    endloop
  endfacet
  facet normal 0 0 -1
    outer loop
      vertex 4.95722 112.653 -42
      vertex 14.8717 113.958 -42
      vertex 5 112 -42
    endloop
  endfacet
  facet normal 0 0 -1
    outer loop
      vertex 5.91924 77.8192 -42
      vertex 13 74 -42
      vertex 6.20104 77.3975 -42
    endloop
  endfacet
  facet normal 0 0 -1
    outer loop
      vertex 4.33013 114.5 -42
      vertex 12.9904 119.5 -42
      vertex 4.6194 113.913 -42
    endloop
  endfacet
  facet normal 0 0 -1
    outer loop
      vertex 5.49749 78.101 -42
      vertex 13 98 -42
      vertex 5.91924 77.8192 -42
    endloop
  endfacet
  facet normal -0 0 -1
    outer loop
      vertex 12.9904 119.5 -42
      vertex 4.33013 114.5 -42
      vertex 11.9003 121.131 -42
    endloop
  endfacet
  facet normal 0 0 -1
    outer loop
      vertex 5 78.2 -42
      vertex 13 98 -42
      vertex 5.49749 78.101 -42
    endloop
  endfacet
  facet normal 0 0 -1
    outer loop
      vertex 3.96677 115.044 -42
      vertex 11.9003 121.131 -42
      vertex 4.33013 114.5 -42
    endloop
  endfacet
  facet normal 0 0 -1
    outer loop
      vertex 4.50251 78.101 -42
      vertex 13 98 -42
      vertex 5 78.2 -42
    endloop
  endfacet
  facet normal -0 0 -1
    outer loop
      vertex 11.9003 121.131 -42
      vertex 3.96677 115.044 -42
      vertex 10.6066 122.607 -42
    endloop
  endfacet
  facet normal 0 0 -1
    outer loop
      vertex 3.53553 115.536 -42
      vertex 10.6066 122.607 -42
      vertex 3.96677 115.044 -42
    endloop
  endfacet
  facet normal 0 0 -1
    outer loop
      vertex 7.5 124.99 -42
      vertex 5.91924 125.481 -42
      vertex 6.06457 125.698 -42
    endloop
  endfacet
  facet normal -0 0 -1
    outer loop
      vertex 10.6066 122.607 -42
      vertex 3.53553 115.536 -42
      vertex 9.13142 123.9 -42
    endloop
  endfacet
  facet normal 0 0 -1
    outer loop
      vertex 3.04381 115.967 -42
      vertex 9.13142 123.9 -42
      vertex 3.53553 115.536 -42
    endloop
  endfacet
  facet normal 0 0 -1
    outer loop
      vertex 7.5 124.99 -42
      vertex 5.49749 125.199 -42
      vertex 5.91924 125.481 -42
    endloop
  endfacet
  facet normal 0 -0 -1
    outer loop
      vertex 5 125.1 -42
      vertex 9.13142 123.9 -42
      vertex 3.04381 115.967 -42
    endloop
  endfacet
  facet normal 0 0 -1
    outer loop
      vertex 9.13142 123.9 -42
      vertex 5 125.1 -42
      vertex 7.5 124.99 -42
    endloop
  endfacet
  facet normal 0 0 -1
    outer loop
      vertex 7.5 124.99 -42
      vertex 5 125.1 -42
      vertex 5.49749 125.199 -42
    endloop
  endfacet
  facet normal 0 0 -1
    outer loop
      vertex 2.5 116.33 -42
      vertex 5 125.1 -42
      vertex 3.04381 115.967 -42
    endloop
  endfacet
  facet normal 0 0 -1
    outer loop
      vertex 1.91342 116.619 -42
      vertex 5 125.1 -42
      vertex 2.5 116.33 -42
    endloop
  endfacet
  facet normal -0 0 -1
    outer loop
      vertex 5 125.1 -42
      vertex 1.91342 116.619 -42
      vertex 4.50251 125.199 -42
    endloop
  endfacet
  facet normal 0 0 -1
    outer loop
      vertex 1.2941 116.83 -42
      vertex 4.50251 125.199 -42
      vertex 1.91342 116.619 -42
    endloop
  endfacet
  facet normal 0 0 -1
    outer loop
      vertex 0.652631 116.957 -42
      vertex 4.50251 125.199 -42
      vertex 1.2941 116.83 -42
    endloop
  endfacet
  facet normal 0 0 -1
    outer loop
      vertex 3.7 126.4 -42
      vertex 1.95789 126.872 -42
      vertex 3.72395 126.52 -42
    endloop
  endfacet
  facet normal -0 0 -1
    outer loop
      vertex 4.50251 125.199 -42
      vertex 0.652631 116.957 -42
      vertex 4.08076 125.481 -42
    endloop
  endfacet
  facet normal 0 0 -1
    outer loop
      vertex 0 117 -42
      vertex 4.08076 125.481 -42
      vertex 0.652631 116.957 -42
    endloop
  endfacet
  facet normal 0 0 -1
    outer loop
      vertex 0 127 -42
      vertex 4.08076 125.481 -42
      vertex 0 117 -42
    endloop
  endfacet
  facet normal 0 0 -1
    outer loop
      vertex 3.79896 125.903 -42
      vertex 1.95789 126.872 -42
      vertex 3.7 126.4 -42
    endloop
  endfacet
  facet normal -0 -0 -1
    outer loop
      vertex 1.95789 126.872 -42
      vertex 4.08076 125.481 -42
      vertex 0 127 -42
    endloop
  endfacet
  facet normal 0 0 -1
    outer loop
      vertex 4.08076 125.481 -42
      vertex 1.95789 126.872 -42
      vertex 3.79896 125.903 -42
    endloop
  endfacet
  facet normal 0 0 -1
    outer loop
      vertex -4.08076 125.481 -42
      vertex 0 117 -42
      vertex -0.652631 116.957 -42
    endloop
  endfacet
  facet normal 0 0 -1
    outer loop
      vertex -4.50251 125.199 -42
      vertex -0.652631 116.957 -42
      vertex -1.2941 116.83 -42
    endloop
  endfacet
  facet normal 0 0 -1
    outer loop
      vertex -4.50251 125.199 -42
      vertex -1.2941 116.83 -42
      vertex -1.91342 116.619 -42
    endloop
  endfacet
  facet normal 0 0 -1
    outer loop
      vertex 0 117 -42
      vertex -4.08076 125.481 -42
      vertex 0 127 -42
    endloop
  endfacet
  facet normal 0 0 -1
    outer loop
      vertex -5 125.1 -42
      vertex -1.91342 116.619 -42
      vertex -2.5 116.33 -42
    endloop
  endfacet
  facet normal 0 0 -1
    outer loop
      vertex -5 125.1 -42
      vertex -2.5 116.33 -42
      vertex -3.04381 115.967 -42
    endloop
  endfacet
  facet normal 0 0 -1
    outer loop
      vertex -9.13142 123.9 -42
      vertex -3.04381 115.967 -42
      vertex -3.53553 115.536 -42
    endloop
  endfacet
  facet normal 0 0 -1
    outer loop
      vertex 0 127 -42
      vertex -4.08076 125.481 -42
      vertex -1.95789 126.872 -42
    endloop
  endfacet
  facet normal 0 0 -1
    outer loop
      vertex -1.95789 126.872 -42
      vertex -3.7 126.4 -42
      vertex -3.72395 126.52 -42
    endloop
  endfacet
  facet normal 0 0 -1
    outer loop
      vertex -1.95789 126.872 -42
      vertex -3.79896 125.903 -42
      vertex -3.7 126.4 -42
    endloop
  endfacet
  facet normal 0 0 -1
    outer loop
      vertex -9.13142 123.9 -42
      vertex -3.53553 115.536 -42
      vertex -3.96677 115.044 -42
    endloop
  endfacet
  facet normal 0 0 -1
    outer loop
      vertex -1.95789 126.872 -42
      vertex -4.08076 125.481 -42
      vertex -3.79896 125.903 -42
    endloop
  endfacet
  facet normal 0 0 -1
    outer loop
      vertex -9.13142 123.9 -42
      vertex -3.96677 115.044 -42
      vertex -4.33013 114.5 -42
    endloop
  endfacet
  facet normal 0 0 -1
    outer loop
      vertex -0.652631 116.957 -42
      vertex -4.50251 125.199 -42
      vertex -4.08076 125.481 -42
    endloop
  endfacet
  facet normal 0 0 -1
    outer loop
      vertex -9.13142 123.9 -42
      vertex -4.33013 114.5 -42
      vertex -4.6194 113.913 -42
    endloop
  endfacet
  facet normal 0 0 -1
    outer loop
      vertex -9.13142 123.9 -42
      vertex -4.6194 113.913 -42
      vertex -4.82963 113.294 -42
    endloop
  endfacet
  facet normal 0 0 -1
    outer loop
      vertex -9.13142 123.9 -42
      vertex -4.82963 113.294 -42
      vertex -4.95722 112.653 -42
    endloop
  endfacet
  facet normal 0 0 -1
    outer loop
      vertex -9.13142 123.9 -42
      vertex -4.95722 112.653 -42
      vertex -5 112 -42
    endloop
  endfacet
  facet normal 0 0 -1
    outer loop
      vertex -1.91342 116.619 -42
      vertex -5 125.1 -42
      vertex -4.50251 125.199 -42
    endloop
  endfacet
  facet normal 0 0 -1
    outer loop
      vertex 3.79896 77.3975 -42
      vertex -3.79896 77.3975 -42
      vertex -4.08076 77.8192 -42
    endloop
  endfacet
  facet normal 0 0 -1
    outer loop
      vertex 4.08076 77.8192 -42
      vertex -4.08076 77.8192 -42
      vertex -4.50251 78.101 -42
    endloop
  endfacet
  facet normal -0 0 -1
    outer loop
      vertex -1.91342 107.381 -42
      vertex -5.49749 78.101 -42
      vertex -2.5 107.67 -42
    endloop
  endfacet
  facet normal -0 0 -1
    outer loop
      vertex -2.5 107.67 -42
      vertex -5.49749 78.101 -42
      vertex -3.04381 108.033 -42
    endloop
  endfacet
  facet normal -0 0 -1
    outer loop
      vertex -3.04381 108.033 -42
      vertex -5.49749 78.101 -42
      vertex -3.53553 108.464 -42
    endloop
  endfacet
  facet normal 0 0 -1
    outer loop
      vertex -5.91924 77.8192 -42
      vertex -3.53553 108.464 -42
      vertex -5.49749 78.101 -42
    endloop
  endfacet
  facet normal -0 0 -1
    outer loop
      vertex -3.53553 108.464 -42
      vertex -5.91924 77.8192 -42
      vertex -3.96677 108.956 -42
    endloop
  endfacet
  facet normal -0 0 -1
    outer loop
      vertex -3.96677 108.956 -42
      vertex -5.91924 77.8192 -42
      vertex -4.33013 109.5 -42
    endloop
  endfacet
  facet normal 0 0 -1
    outer loop
      vertex -6.20104 77.3975 -42
      vertex -4.33013 109.5 -42
      vertex -5.91924 77.8192 -42
    endloop
  endfacet
  facet normal -0 0 -1
    outer loop
      vertex -4.33013 109.5 -42
      vertex -6.20104 77.3975 -42
      vertex -4.6194 110.087 -42
    endloop
  endfacet
  facet normal -0 0 -1
    outer loop
      vertex -4.6194 110.087 -42
      vertex -6.20104 77.3975 -42
      vertex -4.82963 110.706 -42
    endloop
  endfacet
  facet normal 0 0 -1
    outer loop
      vertex -9.13142 123.9 -42
      vertex -4.82963 110.706 -42
      vertex -6.20104 77.3975 -42
    endloop
  endfacet
  facet normal 0 0 -1
    outer loop
      vertex -9.13142 123.9 -42
      vertex -5 125.1 -42
      vertex -3.04381 115.967 -42
    endloop
  endfacet
  facet normal 0 0 -1
    outer loop
      vertex -4.82963 110.706 -42
      vertex -9.13142 123.9 -42
      vertex -4.95722 111.347 -42
    endloop
  endfacet
  facet normal -0 0 -1
    outer loop
      vertex -5 125.1 -42
      vertex -7.5 124.99 -42
      vertex -5.49749 125.199 -42
    endloop
  endfacet
  facet normal -0 0 -1
    outer loop
      vertex -5.49749 125.199 -42
      vertex -7.5 124.99 -42
      vertex -5.91924 125.481 -42
    endloop
  endfacet
  facet normal 0 0 -1
    outer loop
      vertex -9.13142 123.9 -42
      vertex -5 112 -42
      vertex -4.95722 111.347 -42
    endloop
  endfacet
  facet normal 0 0 -1
    outer loop
      vertex -13 74 -42
      vertex -6.20104 77.3975 -42
      vertex -6.3 76.9 -42
    endloop
  endfacet
  facet normal -0 0 -1
    outer loop
      vertex -5.91924 125.481 -42
      vertex -7.5 124.99 -42
      vertex -6.06457 125.698 -42
    endloop
  endfacet
  facet normal 0.831399 0.555676 0
    outer loop
      vertex 12.9904 119.5 -34
      vertex 11.9003 121.131 -42
      vertex 11.9003 121.131 -34
    endloop
  endfacet
  facet normal 0.831399 0.555676 0
    outer loop
      vertex 11.9003 121.131 -42
      vertex 12.9904 119.5 -34
      vertex 12.9904 119.5 -42
    endloop
  endfacet
  facet normal 0.752021 0.659139 0
    outer loop
      vertex 11.9003 121.131 -34
      vertex 10.6066 122.607 -42
      vertex 10.6066 122.607 -34
    endloop
  endfacet
  facet normal 0.752021 0.659139 0
    outer loop
      vertex 10.6066 122.607 -42
      vertex 11.9003 121.131 -34
      vertex 11.9003 121.131 -42
    endloop
  endfacet
  facet normal -0.659145 0.752016 0
    outer loop
      vertex -9.13142 123.9 -42
      vertex -10.6066 122.607 -34
      vertex -9.13142 123.9 -34
    endloop
  endfacet
  facet normal -0.659145 0.752016 0
    outer loop
      vertex -10.6066 122.607 -34
      vertex -9.13142 123.9 -42
      vertex -10.6066 122.607 -42
    endloop
  endfacet
  facet normal 0.946931 0.321437 0
    outer loop
      vertex 14.4889 115.882 -34
      vertex 13.8582 117.74 -42
      vertex 13.8582 117.74 -34
    endloop
  endfacet
  facet normal 0.946931 0.321437 0
    outer loop
      vertex 13.8582 117.74 -42
      vertex 14.4889 115.882 -34
      vertex 14.4889 115.882 -42
    endloop
  endfacet
  facet normal 0.555542 0.831488 -0
    outer loop
      vertex 9.13142 123.9 -42
      vertex 7.5 124.99 -34
      vertex 9.13142 123.9 -34
    endloop
  endfacet
  facet normal 0.555542 0.831488 0
    outer loop
      vertex 7.5 124.99 -34
      vertex 9.13142 123.9 -42
      vertex 7.5 124.99 -42
    endloop
  endfacet
  facet normal 0.195469 0.98071 -0
    outer loop
      vertex 3.72395 126.52 -42
      vertex 1.95789 126.872 -34
      vertex 3.72395 126.52 -34
    endloop
  endfacet
  facet normal 0.195469 0.98071 0
    outer loop
      vertex 1.95789 126.872 -34
      vertex 3.72395 126.52 -42
      vertex 1.95789 126.872 -42
    endloop
  endfacet
  facet normal 0 0 -1
    outer loop
      vertex 10.25 122.4 -74.5
      vertex 6.20104 125.903 -74.5
      vertex 6.3 126.4 -74.5
    endloop
  endfacet
  facet normal 0 0 -1
    outer loop
      vertex 10.25 122.4 -74.5
      vertex 5.91924 125.481 -74.5
      vertex 6.20104 125.903 -74.5
    endloop
  endfacet
  facet normal 0 0 -1
    outer loop
      vertex 10.25 122.4 -74.5
      vertex 5.49749 125.199 -74.5
      vertex 5.91924 125.481 -74.5
    endloop
  endfacet
  facet normal 0 0 -1
    outer loop
      vertex 10.25 122.4 -74.5
      vertex 5 125.1 -74.5
      vertex 5.49749 125.199 -74.5
    endloop
  endfacet
  facet normal 0 0 -1
    outer loop
      vertex 10.25 122.4 -74.5
      vertex 4.50251 125.199 -74.5
      vertex 5 125.1 -74.5
    endloop
  endfacet
  facet normal 0 0 -1
    outer loop
      vertex 3.79896 125.903 -74.5
      vertex -3.7 126.4 -74.5
      vertex 3.7 126.4 -74.5
    endloop
  endfacet
  facet normal 0 0 -1
    outer loop
      vertex -3.79896 125.903 -74.5
      vertex 3.79896 125.903 -74.5
      vertex 4.08076 125.481 -74.5
    endloop
  endfacet
  facet normal 0 0 -1
    outer loop
      vertex -4.08076 125.481 -74.5
      vertex 4.08076 125.481 -74.5
      vertex 4.50251 125.199 -74.5
    endloop
  endfacet
  facet normal 0 0 -1
    outer loop
      vertex -4.50251 125.199 -74.5
      vertex 4.50251 125.199 -74.5
      vertex 10.25 122.4 -74.5
    endloop
  endfacet
  facet normal 0 0 -1
    outer loop
      vertex 3.79896 125.903 -74.5
      vertex -3.79896 125.903 -74.5
      vertex -3.7 126.4 -74.5
    endloop
  endfacet
  facet normal 0 0 -1
    outer loop
      vertex 4.08076 125.481 -74.5
      vertex -4.08076 125.481 -74.5
      vertex -3.79896 125.903 -74.5
    endloop
  endfacet
  facet normal 0 0 -1
    outer loop
      vertex 4.50251 125.199 -74.5
      vertex -4.50251 125.199 -74.5
      vertex -4.08076 125.481 -74.5
    endloop
  endfacet
  facet normal 0 0 -1
    outer loop
      vertex -10.25 122.4 -74.5
      vertex -4.50251 125.199 -74.5
      vertex 10.25 122.4 -74.5
    endloop
  endfacet
  facet normal -0 0 -1
    outer loop
      vertex -6.20104 125.903 -74.5
      vertex -10.25 122.4 -74.5
      vertex -6.3 126.4 -74.5
    endloop
  endfacet
  facet normal -0 0 -1
    outer loop
      vertex -5.91924 125.481 -74.5
      vertex -10.25 122.4 -74.5
      vertex -6.20104 125.903 -74.5
    endloop
  endfacet
  facet normal -0 0 -1
    outer loop
      vertex -5.49749 125.199 -74.5
      vertex -10.25 122.4 -74.5
      vertex -5.91924 125.481 -74.5
    endloop
  endfacet
  facet normal -0 0 -1
    outer loop
      vertex -5 125.1 -74.5
      vertex -10.25 122.4 -74.5
      vertex -5.49749 125.199 -74.5
    endloop
  endfacet
  facet normal 0 0 -1
    outer loop
      vertex -4.50251 125.199 -74.5
      vertex -10.25 122.4 -74.5
      vertex -5 125.1 -74.5
    endloop
  endfacet
  facet normal 0 0 -1
    outer loop
      vertex 13 74 -74.5
      vertex 10.25 80.9 -74.5
      vertex 13 98 -74.5
    endloop
  endfacet
  facet normal 0 0 -1
    outer loop
      vertex 13 74 -74.5
      vertex 6.3 76.9 -74.5
      vertex 10.25 80.9 -74.5
    endloop
  endfacet
  facet normal 0 0 -1
    outer loop
      vertex 13 74 -74.5
      vertex 6.20104 76.4025 -74.5
      vertex 6.3 76.9 -74.5
    endloop
  endfacet
  facet normal 0 0 -1
    outer loop
      vertex 13 74 -74.5
      vertex 5.91924 75.9808 -74.5
      vertex 6.20104 76.4025 -74.5
    endloop
  endfacet
  facet normal 0 0 -1
    outer loop
      vertex 13 74 -74.5
      vertex 5.49749 75.699 -74.5
      vertex 5.91924 75.9808 -74.5
    endloop
  endfacet
  facet normal 0 0 -1
    outer loop
      vertex 13 74 -74.5
      vertex 5 75.6 -74.5
      vertex 5.49749 75.699 -74.5
    endloop
  endfacet
  facet normal 0 0 -1
    outer loop
      vertex -5 75.6 -74.5
      vertex 5 75.6 -74.5
      vertex 13 74 -74.5
    endloop
  endfacet
  facet normal 0 0 -1
    outer loop
      vertex 3.79896 76.4025 -74.5
      vertex -3.7 76.9 -74.5
      vertex 3.7 76.9 -74.5
    endloop
  endfacet
  facet normal 0 0 -1
    outer loop
      vertex -3.79896 76.4025 -74.5
      vertex 3.79896 76.4025 -74.5
      vertex 4.08076 75.9808 -74.5
    endloop
  endfacet
  facet normal 0 0 -1
    outer loop
      vertex -4.08076 75.9808 -74.5
      vertex 4.08076 75.9808 -74.5
      vertex 4.50251 75.699 -74.5
    endloop
  endfacet
  facet normal 0 0 -1
    outer loop
      vertex 5 75.6 -74.5
      vertex -5 75.6 -74.5
      vertex 4.50251 75.699 -74.5
    endloop
  endfacet
  facet normal 0 0 -1
    outer loop
      vertex 3.79896 76.4025 -74.5
      vertex -3.79896 76.4025 -74.5
      vertex -3.7 76.9 -74.5
    endloop
  endfacet
  facet normal 0 0 -1
    outer loop
      vertex 4.08076 75.9808 -74.5
      vertex -4.08076 75.9808 -74.5
      vertex -3.79896 76.4025 -74.5
    endloop
  endfacet
  facet normal 0 0 -1
    outer loop
      vertex 4.50251 75.699 -74.5
      vertex -4.50251 75.699 -74.5
      vertex -4.08076 75.9808 -74.5
    endloop
  endfacet
  facet normal -0 0 -1
    outer loop
      vertex 4.50251 75.699 -74.5
      vertex -5 75.6 -74.5
      vertex -4.50251 75.699 -74.5
    endloop
  endfacet
  facet normal 0 0 -1
    outer loop
      vertex -13 74 -74.5
      vertex -6.3 76.9 -74.5
      vertex -6.20104 76.4025 -74.5
    endloop
  endfacet
  facet normal 0 0 -1
    outer loop
      vertex -13 74 -74.5
      vertex -6.20104 76.4025 -74.5
      vertex -5.91924 75.9808 -74.5
    endloop
  endfacet
  facet normal 0 0 -1
    outer loop
      vertex -13 98 -74.5
      vertex -10.25 80.9 -74.5
      vertex -13 74 -74.5
    endloop
  endfacet
  facet normal -0 0 -1
    outer loop
      vertex -6.3 76.9 -74.5
      vertex -13 74 -74.5
      vertex -10.25 80.9 -74.5
    endloop
  endfacet
  facet normal -0 0 -1
    outer loop
      vertex -5.49749 75.699 -74.5
      vertex -13 74 -74.5
      vertex -5.91924 75.9808 -74.5
    endloop
  endfacet
  facet normal -0 0 -1
    outer loop
      vertex -5 75.6 -74.5
      vertex -13 74 -74.5
      vertex -5.49749 75.699 -74.5
    endloop
  endfacet
  facet normal 0 0 -1
    outer loop
      vertex -13 74 -74.5
      vertex -5 75.6 -74.5
      vertex 13 74 -74.5
    endloop
  endfacet
  facet normal 0 0 -1
    outer loop
      vertex 10.25 122.4 -74.5
      vertex 16 98 -74.5
      vertex 13 98 -74.5
    endloop
  endfacet
  facet normal 0 0 -1
    outer loop
      vertex 10.25 122.4 -74.5
      vertex 13 98 -74.5
      vertex 10.25 80.9 -74.5
    endloop
  endfacet
  facet normal 0 0 -1
    outer loop
      vertex 16 98 -74.5
      vertex 10.25 122.4 -74.5
      vertex 16 131 -74.5
    endloop
  endfacet
  facet normal 0 0 -1
    outer loop
      vertex 6.3 126.4 -74.5
      vertex 16 131 -74.5
      vertex 10.25 122.4 -74.5
    endloop
  endfacet
  facet normal 0 0 -1
    outer loop
      vertex 6.20104 126.897 -74.5
      vertex 16 131 -74.5
      vertex 6.3 126.4 -74.5
    endloop
  endfacet
  facet normal 0 0 -1
    outer loop
      vertex 5.91924 127.319 -74.5
      vertex 16 131 -74.5
      vertex 6.20104 126.897 -74.5
    endloop
  endfacet
  facet normal 0 0 -1
    outer loop
      vertex 5.49749 127.601 -74.5
      vertex 16 131 -74.5
      vertex 5.91924 127.319 -74.5
    endloop
  endfacet
  facet normal 0 0 -1
    outer loop
      vertex 5 127.7 -74.5
      vertex 16 131 -74.5
      vertex 5.49749 127.601 -74.5
    endloop
  endfacet
  facet normal 0 0 -1
    outer loop
      vertex -5 127.7 -74.5
      vertex 5 127.7 -74.5
      vertex 4.50251 127.601 -74.5
    endloop
  endfacet
  facet normal 0 0 -1
    outer loop
      vertex -3.7 126.4 -74.5
      vertex 3.79896 126.897 -74.5
      vertex 3.7 126.4 -74.5
    endloop
  endfacet
  facet normal 0 0 -1
    outer loop
      vertex -3.79896 126.897 -74.5
      vertex 3.79896 126.897 -74.5
      vertex -3.7 126.4 -74.5
    endloop
  endfacet
  facet normal 0 0 -1
    outer loop
      vertex 3.79896 126.897 -74.5
      vertex -3.79896 126.897 -74.5
      vertex 4.08076 127.319 -74.5
    endloop
  endfacet
  facet normal 0 0 -1
    outer loop
      vertex -4.08076 127.319 -74.5
      vertex 4.08076 127.319 -74.5
      vertex -3.79896 126.897 -74.5
    endloop
  endfacet
  facet normal 0 0 -1
    outer loop
      vertex 4.08076 127.319 -74.5
      vertex -4.08076 127.319 -74.5
      vertex 4.50251 127.601 -74.5
    endloop
  endfacet
  facet normal 0 0 -1
    outer loop
      vertex -4.50251 127.601 -74.5
      vertex 4.50251 127.601 -74.5
      vertex -4.08076 127.319 -74.5
    endloop
  endfacet
  facet normal 0 0 -1
    outer loop
      vertex -5 127.7 -74.5
      vertex 4.50251 127.601 -74.5
      vertex -4.50251 127.601 -74.5
    endloop
  endfacet
  facet normal 0 0 -1
    outer loop
      vertex 5 127.7 -74.5
      vertex -5 127.7 -74.5
      vertex 16 131 -74.5
    endloop
  endfacet
  facet normal 0 0 -1
    outer loop
      vertex -10.25 122.4 -74.5
      vertex -6.20104 126.897 -74.5
      vertex -6.3 126.4 -74.5
    endloop
  endfacet
  facet normal 0 0 -1
    outer loop
      vertex -16 131 -74.5
      vertex -6.20104 126.897 -74.5
      vertex -10.25 122.4 -74.5
    endloop
  endfacet
  facet normal 0 0 -1
    outer loop
      vertex -10.25 80.9 -74.5
      vertex -13 98 -74.5
      vertex -10.25 122.4 -74.5
    endloop
  endfacet
  facet normal 0 0 -1
    outer loop
      vertex -16 98 -74.5
      vertex -10.25 122.4 -74.5
      vertex -13 98 -74.5
    endloop
  endfacet
  facet normal 0 0 -1
    outer loop
      vertex -5 127.7 -74.5
      vertex -16 131 -74.5
      vertex 16 131 -74.5
    endloop
  endfacet
  facet normal 0 0 -1
    outer loop
      vertex -5.49749 127.601 -74.5
      vertex -16 131 -74.5
      vertex -5 127.7 -74.5
    endloop
  endfacet
  facet normal 0 0 -1
    outer loop
      vertex -5.91924 127.319 -74.5
      vertex -16 131 -74.5
      vertex -5.49749 127.601 -74.5
    endloop
  endfacet
  facet normal 0 0 -1
    outer loop
      vertex -6.20104 126.897 -74.5
      vertex -16 131 -74.5
      vertex -5.91924 127.319 -74.5
    endloop
  endfacet
  facet normal 0 0 -1
    outer loop
      vertex -16 131 -74.5
      vertex -10.25 122.4 -74.5
      vertex -16 98 -74.5
    endloop
  endfacet
  facet normal 0 0 -1
    outer loop
      vertex 6.20104 77.3975 -74.5
      vertex 10.25 80.9 -74.5
      vertex 6.3 76.9 -74.5
    endloop
  endfacet
  facet normal 0 0 -1
    outer loop
      vertex 5.91924 77.8192 -74.5
      vertex 10.25 80.9 -74.5
      vertex 6.20104 77.3975 -74.5
    endloop
  endfacet
  facet normal 0 0 -1
    outer loop
      vertex 5.49749 78.101 -74.5
      vertex 10.25 80.9 -74.5
      vertex 5.91924 77.8192 -74.5
    endloop
  endfacet
  facet normal 0 0 -1
    outer loop
      vertex 5 78.2 -74.5
      vertex 10.25 80.9 -74.5
      vertex 5.49749 78.101 -74.5
    endloop
  endfacet
  facet normal 0 0 -1
    outer loop
      vertex 4.50251 78.101 -74.5
      vertex 10.25 80.9 -74.5
      vertex 5 78.2 -74.5
    endloop
  endfacet
  facet normal 0 0 -1
    outer loop
      vertex -3.7 76.9 -74.5
      vertex 3.79896 77.3975 -74.5
      vertex 3.7 76.9 -74.5
    endloop
  endfacet
  facet normal 0 0 -1
    outer loop
      vertex -3.79896 77.3975 -74.5
      vertex 3.79896 77.3975 -74.5
      vertex -3.7 76.9 -74.5
    endloop
  endfacet
  facet normal 0 0 -1
    outer loop
      vertex 3.79896 77.3975 -74.5
      vertex -3.79896 77.3975 -74.5
      vertex 4.08076 77.8192 -74.5
    endloop
  endfacet
  facet normal 0 0 -1
    outer loop
      vertex -4.08076 77.8192 -74.5
      vertex 4.08076 77.8192 -74.5
      vertex -3.79896 77.3975 -74.5
    endloop
  endfacet
  facet normal 0 0 -1
    outer loop
      vertex 4.08076 77.8192 -74.5
      vertex -4.08076 77.8192 -74.5
      vertex 4.50251 78.101 -74.5
    endloop
  endfacet
  facet normal 0 0 -1
    outer loop
      vertex -4.50251 78.101 -74.5
      vertex 4.50251 78.101 -74.5
      vertex -4.08076 77.8192 -74.5
    endloop
  endfacet
  facet normal 0 0 -1
    outer loop
      vertex 4.50251 78.101 -74.5
      vertex -4.50251 78.101 -74.5
      vertex 10.25 80.9 -74.5
    endloop
  endfacet
  facet normal 0 0 -1
    outer loop
      vertex -10.25 80.9 -74.5
      vertex -4.50251 78.101 -74.5
      vertex -5 78.2 -74.5
    endloop
  endfacet
  facet normal 0 0 -1
    outer loop
      vertex -4.50251 78.101 -74.5
      vertex -10.25 80.9 -74.5
      vertex 10.25 80.9 -74.5
    endloop
  endfacet
  facet normal 0 0 -1
    outer loop
      vertex -5.49749 78.101 -74.5
      vertex -10.25 80.9 -74.5
      vertex -5 78.2 -74.5
    endloop
  endfacet
  facet normal 0 0 -1
    outer loop
      vertex -5.91924 77.8192 -74.5
      vertex -10.25 80.9 -74.5
      vertex -5.49749 78.101 -74.5
    endloop
  endfacet
  facet normal 0 0 -1
    outer loop
      vertex -6.20104 77.3975 -74.5
      vertex -10.25 80.9 -74.5
      vertex -5.91924 77.8192 -74.5
    endloop
  endfacet
  facet normal 0 0 -1
    outer loop
      vertex -10.25 80.9 -74.5
      vertex -6.20104 77.3975 -74.5
      vertex -6.3 76.9 -74.5
    endloop
  endfacet
  facet normal 0 0 1
    outer loop
      vertex 10.25 80.9 -71.5
      vertex 6.20104 77.3975 -71.5
      vertex 6.3 76.9 -71.5
    endloop
  endfacet
  facet normal 0 0 1
    outer loop
      vertex 10.25 80.9 -71.5
      vertex 5.91924 77.8192 -71.5
      vertex 6.20104 77.3975 -71.5
    endloop
  endfacet
  facet normal 0 0 1
    outer loop
      vertex 10.25 80.9 -71.5
      vertex 5.49749 78.101 -71.5
      vertex 5.91924 77.8192 -71.5
    endloop
  endfacet
  facet normal 0 0 1
    outer loop
      vertex 10.25 80.9 -71.5
      vertex 5 78.2 -71.5
      vertex 5.49749 78.101 -71.5
    endloop
  endfacet
  facet normal 0 0 1
    outer loop
      vertex 10.25 80.9 -71.5
      vertex 4.50251 78.101 -71.5
      vertex 5 78.2 -71.5
    endloop
  endfacet
  facet normal 0 0 1
    outer loop
      vertex 3.79896 77.3975 -71.5
      vertex -3.7 76.9 -71.5
      vertex 3.7 76.9 -71.5
    endloop
  endfacet
  facet normal 0 0 1
    outer loop
      vertex -3.79896 77.3975 -71.5
      vertex 3.79896 77.3975 -71.5
      vertex 4.08076 77.8192 -71.5
    endloop
  endfacet
  facet normal 0 0 1
    outer loop
      vertex -4.08076 77.8192 -71.5
      vertex 4.08076 77.8192 -71.5
      vertex 4.50251 78.101 -71.5
    endloop
  endfacet
  facet normal 0 0 1
    outer loop
      vertex -4.50251 78.101 -71.5
      vertex 4.50251 78.101 -71.5
      vertex 10.25 80.9 -71.5
    endloop
  endfacet
  facet normal 0 0 1
    outer loop
      vertex 3.79896 77.3975 -71.5
      vertex -3.79896 77.3975 -71.5
      vertex -3.7 76.9 -71.5
    endloop
  endfacet
  facet normal 0 0 1
    outer loop
      vertex 4.08076 77.8192 -71.5
      vertex -4.08076 77.8192 -71.5
      vertex -3.79896 77.3975 -71.5
    endloop
  endfacet
  facet normal 0 0 1
    outer loop
      vertex 4.50251 78.101 -71.5
      vertex -4.50251 78.101 -71.5
      vertex -4.08076 77.8192 -71.5
    endloop
  endfacet
  facet normal -0 0 1
    outer loop
      vertex -10.25 80.9 -71.5
      vertex -4.50251 78.101 -71.5
      vertex 10.25 80.9 -71.5
    endloop
  endfacet
  facet normal 0 0 1
    outer loop
      vertex -6.20104 77.3975 -71.5
      vertex -10.25 80.9 -71.5
      vertex -6.3 76.9 -71.5
    endloop
  endfacet
  facet normal 0 0 1
    outer loop
      vertex -5.91924 77.8192 -71.5
      vertex -10.25 80.9 -71.5
      vertex -6.20104 77.3975 -71.5
    endloop
  endfacet
  facet normal 0 0 1
    outer loop
      vertex -5.49749 78.101 -71.5
      vertex -10.25 80.9 -71.5
      vertex -5.91924 77.8192 -71.5
    endloop
  endfacet
  facet normal 0 0 1
    outer loop
      vertex -5 78.2 -71.5
      vertex -10.25 80.9 -71.5
      vertex -5.49749 78.101 -71.5
    endloop
  endfacet
  facet normal 0 0 1
    outer loop
      vertex -4.50251 78.101 -71.5
      vertex -10.25 80.9 -71.5
      vertex -5 78.2 -71.5
    endloop
  endfacet
  facet normal -0 0 1
    outer loop
      vertex 10.25 122.4 -71.5
      vertex 16 98 -71.5
      vertex 16 131 -71.5
    endloop
  endfacet
  facet normal 0 0 1
    outer loop
      vertex 10.25 80.9 -71.5
      vertex 13 98 -71.5
      vertex 10.25 122.4 -71.5
    endloop
  endfacet
  facet normal 0 0 1
    outer loop
      vertex 16 98 -71.5
      vertex 10.25 122.4 -71.5
      vertex 13 98 -71.5
    endloop
  endfacet
  facet normal 0 0 1
    outer loop
      vertex 16 131 -71.5
      vertex 6.3 126.4 -71.5
      vertex 10.25 122.4 -71.5
    endloop
  endfacet
  facet normal 0 0 1
    outer loop
      vertex 16 131 -71.5
      vertex 6.20104 126.897 -71.5
      vertex 6.3 126.4 -71.5
    endloop
  endfacet
  facet normal 0 0 1
    outer loop
      vertex 16 131 -71.5
      vertex 5.91924 127.319 -71.5
      vertex 6.20104 126.897 -71.5
    endloop
  endfacet
  facet normal 0 0 1
    outer loop
      vertex 16 131 -71.5
      vertex 5.49749 127.601 -71.5
      vertex 5.91924 127.319 -71.5
    endloop
  endfacet
  facet normal 0 0 1
    outer loop
      vertex 16 131 -71.5
      vertex 5 127.7 -71.5
      vertex 5.49749 127.601 -71.5
    endloop
  endfacet
  facet normal 0 0 1
    outer loop
      vertex -5 127.7 -71.5
      vertex 5 127.7 -71.5
      vertex 16 131 -71.5
    endloop
  endfacet
  facet normal 0 0 1
    outer loop
      vertex 3.79896 126.897 -71.5
      vertex -3.7 126.4 -71.5
      vertex 3.7 126.4 -71.5
    endloop
  endfacet
  facet normal 0 0 1
    outer loop
      vertex -3.79896 126.897 -71.5
      vertex 3.79896 126.897 -71.5
      vertex 4.08076 127.319 -71.5
    endloop
  endfacet
  facet normal 0 0 1
    outer loop
      vertex -4.08076 127.319 -71.5
      vertex 4.08076 127.319 -71.5
      vertex 4.50251 127.601 -71.5
    endloop
  endfacet
  facet normal 0 0 1
    outer loop
      vertex 5 127.7 -71.5
      vertex -5 127.7 -71.5
      vertex 4.50251 127.601 -71.5
    endloop
  endfacet
  facet normal 0 0 1
    outer loop
      vertex 3.79896 126.897 -71.5
      vertex -3.79896 126.897 -71.5
      vertex -3.7 126.4 -71.5
    endloop
  endfacet
  facet normal 0 0 1
    outer loop
      vertex 4.08076 127.319 -71.5
      vertex -4.08076 127.319 -71.5
      vertex -3.79896 126.897 -71.5
    endloop
  endfacet
  facet normal 0 0 1
    outer loop
      vertex 4.50251 127.601 -71.5
      vertex -4.50251 127.601 -71.5
      vertex -4.08076 127.319 -71.5
    endloop
  endfacet
  facet normal 0 0 1
    outer loop
      vertex 4.50251 127.601 -71.5
      vertex -5 127.7 -71.5
      vertex -4.50251 127.601 -71.5
    endloop
  endfacet
  facet normal 0 0 1
    outer loop
      vertex -6.20104 126.897 -71.5
      vertex -10.25 122.4 -71.5
      vertex -6.3 126.4 -71.5
    endloop
  endfacet
  facet normal 0 0 1
    outer loop
      vertex -16 131 -71.5
      vertex -6.20104 126.897 -71.5
      vertex -5.91924 127.319 -71.5
    endloop
  endfacet
  facet normal 0 0 1
    outer loop
      vertex -10.25 122.4 -71.5
      vertex -13 98 -71.5
      vertex -10.25 80.9 -71.5
    endloop
  endfacet
  facet normal -0 0 1
    outer loop
      vertex -16 131 -71.5
      vertex -5 127.7 -71.5
      vertex 16 131 -71.5
    endloop
  endfacet
  facet normal 0 0 1
    outer loop
      vertex -16 131 -71.5
      vertex -5.49749 127.601 -71.5
      vertex -5 127.7 -71.5
    endloop
  endfacet
  facet normal 0 0 1
    outer loop
      vertex -16 131 -71.5
      vertex -5.91924 127.319 -71.5
      vertex -5.49749 127.601 -71.5
    endloop
  endfacet
  facet normal 0 0 1
    outer loop
      vertex -6.20104 126.897 -71.5
      vertex -16 131 -71.5
      vertex -10.25 122.4 -71.5
    endloop
  endfacet
  facet normal 0 0 1
    outer loop
      vertex -16 98 -71.5
      vertex -10.25 122.4 -71.5
      vertex -16 131 -71.5
    endloop
  endfacet
  facet normal 0 0 1
    outer loop
      vertex -10.25 122.4 -71.5
      vertex -16 98 -71.5
      vertex -13 98 -71.5
    endloop
  endfacet
  facet normal 0 0 1
    outer loop
      vertex 13 98 -71.5
      vertex 10.25 80.9 -71.5
      vertex 13 74 -71.5
    endloop
  endfacet
  facet normal -0 0 1
    outer loop
      vertex 6.3 76.9 -71.5
      vertex 13 74 -71.5
      vertex 10.25 80.9 -71.5
    endloop
  endfacet
  facet normal -0 0 1
    outer loop
      vertex 6.20104 76.4025 -71.5
      vertex 13 74 -71.5
      vertex 6.3 76.9 -71.5
    endloop
  endfacet
  facet normal -0 0 1
    outer loop
      vertex 5.91924 75.9808 -71.5
      vertex 13 74 -71.5
      vertex 6.20104 76.4025 -71.5
    endloop
  endfacet
  facet normal -0 0 1
    outer loop
      vertex 5.49749 75.699 -71.5
      vertex 13 74 -71.5
      vertex 5.91924 75.9808 -71.5
    endloop
  endfacet
  facet normal -0 0 1
    outer loop
      vertex 5 75.6 -71.5
      vertex 13 74 -71.5
      vertex 5.49749 75.699 -71.5
    endloop
  endfacet
  facet normal 0 0 1
    outer loop
      vertex -5 75.6 -71.5
      vertex 5 75.6 -71.5
      vertex 4.50251 75.699 -71.5
    endloop
  endfacet
  facet normal -0 0 1
    outer loop
      vertex -3.7 76.9 -71.5
      vertex 3.79896 76.4025 -71.5
      vertex 3.7 76.9 -71.5
    endloop
  endfacet
  facet normal 0 0 1
    outer loop
      vertex -3.79896 76.4025 -71.5
      vertex 3.79896 76.4025 -71.5
      vertex -3.7 76.9 -71.5
    endloop
  endfacet
  facet normal 0 0 1
    outer loop
      vertex 3.79896 76.4025 -71.5
      vertex -3.79896 76.4025 -71.5
      vertex 4.08076 75.9808 -71.5
    endloop
  endfacet
  facet normal 0 0 1
    outer loop
      vertex -4.08076 75.9808 -71.5
      vertex 4.08076 75.9808 -71.5
      vertex -3.79896 76.4025 -71.5
    endloop
  endfacet
  facet normal 0 0 1
    outer loop
      vertex 4.08076 75.9808 -71.5
      vertex -4.08076 75.9808 -71.5
      vertex 4.50251 75.699 -71.5
    endloop
  endfacet
  facet normal 0 0 1
    outer loop
      vertex -4.50251 75.699 -71.5
      vertex 4.50251 75.699 -71.5
      vertex -4.08076 75.9808 -71.5
    endloop
  endfacet
  facet normal 0 0 1
    outer loop
      vertex -5 75.6 -71.5
      vertex 4.50251 75.699 -71.5
      vertex -4.50251 75.699 -71.5
    endloop
  endfacet
  facet normal 0 0 1
    outer loop
      vertex 5 75.6 -71.5
      vertex -5 75.6 -71.5
      vertex 13 74 -71.5
    endloop
  endfacet
  facet normal 0 0 1
    outer loop
      vertex -13 74 -71.5
      vertex -6.3 76.9 -71.5
      vertex -10.25 80.9 -71.5
    endloop
  endfacet
  facet normal 0 0 1
    outer loop
      vertex -6.3 76.9 -71.5
      vertex -13 74 -71.5
      vertex -6.20104 76.4025 -71.5
    endloop
  endfacet
  facet normal 0 0 1
    outer loop
      vertex -5 75.6 -71.5
      vertex -13 74 -71.5
      vertex 13 74 -71.5
    endloop
  endfacet
  facet normal 0 0 1
    outer loop
      vertex -5.49749 75.699 -71.5
      vertex -13 74 -71.5
      vertex -5 75.6 -71.5
    endloop
  endfacet
  facet normal 0 0 1
    outer loop
      vertex -5.91924 75.9808 -71.5
      vertex -13 74 -71.5
      vertex -5.49749 75.699 -71.5
    endloop
  endfacet
  facet normal 0 0 1
    outer loop
      vertex -6.20104 76.4025 -71.5
      vertex -13 74 -71.5
      vertex -5.91924 75.9808 -71.5
    endloop
  endfacet
  facet normal 0 0 1
    outer loop
      vertex -13 74 -71.5
      vertex -10.25 80.9 -71.5
      vertex -13 98 -71.5
    endloop
  endfacet
  facet normal -0 0 1
    outer loop
      vertex 6.20104 125.903 -71.5
      vertex 10.25 122.4 -71.5
      vertex 6.3 126.4 -71.5
    endloop
  endfacet
  facet normal -0 0 1
    outer loop
      vertex 5.91924 125.481 -71.5
      vertex 10.25 122.4 -71.5
      vertex 6.20104 125.903 -71.5
    endloop
  endfacet
  facet normal -0 0 1
    outer loop
      vertex 5.49749 125.199 -71.5
      vertex 10.25 122.4 -71.5
      vertex 5.91924 125.481 -71.5
    endloop
  endfacet
  facet normal -0 0 1
    outer loop
      vertex 5 125.1 -71.5
      vertex 10.25 122.4 -71.5
      vertex 5.49749 125.199 -71.5
    endloop
  endfacet
  facet normal 0 0 1
    outer loop
      vertex 4.50251 125.199 -71.5
      vertex 10.25 122.4 -71.5
      vertex 5 125.1 -71.5
    endloop
  endfacet
  facet normal -0 0 1
    outer loop
      vertex -3.7 126.4 -71.5
      vertex 3.79896 125.903 -71.5
      vertex 3.7 126.4 -71.5
    endloop
  endfacet
  facet normal 0 0 1
    outer loop
      vertex -3.79896 125.903 -71.5
      vertex 3.79896 125.903 -71.5
      vertex -3.7 126.4 -71.5
    endloop
  endfacet
  facet normal 0 0 1
    outer loop
      vertex 3.79896 125.903 -71.5
      vertex -3.79896 125.903 -71.5
      vertex 4.08076 125.481 -71.5
    endloop
  endfacet
  facet normal 0 0 1
    outer loop
      vertex -4.08076 125.481 -71.5
      vertex 4.08076 125.481 -71.5
      vertex -3.79896 125.903 -71.5
    endloop
  endfacet
  facet normal 0 0 1
    outer loop
      vertex 4.08076 125.481 -71.5
      vertex -4.08076 125.481 -71.5
      vertex 4.50251 125.199 -71.5
    endloop
  endfacet
  facet normal 0 0 1
    outer loop
      vertex -4.50251 125.199 -71.5
      vertex 4.50251 125.199 -71.5
      vertex -4.08076 125.481 -71.5
    endloop
  endfacet
  facet normal 0 0 1
    outer loop
      vertex 4.50251 125.199 -71.5
      vertex -4.50251 125.199 -71.5
      vertex 10.25 122.4 -71.5
    endloop
  endfacet
  facet normal 0 0 1
    outer loop
      vertex -10.25 122.4 -71.5
      vertex -4.50251 125.199 -71.5
      vertex -5 125.1 -71.5
    endloop
  endfacet
  facet normal 0 0 1
    outer loop
      vertex -4.50251 125.199 -71.5
      vertex -10.25 122.4 -71.5
      vertex 10.25 122.4 -71.5
    endloop
  endfacet
  facet normal 0 0 1
    outer loop
      vertex -5.49749 125.199 -71.5
      vertex -10.25 122.4 -71.5
      vertex -5 125.1 -71.5
    endloop
  endfacet
  facet normal 0 0 1
    outer loop
      vertex -5.91924 125.481 -71.5
      vertex -10.25 122.4 -71.5
      vertex -5.49749 125.199 -71.5
    endloop
  endfacet
  facet normal 0 0 1
    outer loop
      vertex -6.20104 125.903 -71.5
      vertex -10.25 122.4 -71.5
      vertex -5.91924 125.481 -71.5
    endloop
  endfacet
  facet normal 0 0 1
    outer loop
      vertex -10.25 122.4 -71.5
      vertex -6.20104 125.903 -71.5
      vertex -6.3 126.4 -71.5
    endloop
  endfacet
  facet normal 0 1 -0
    outer loop
      vertex 16 131 -74.5
      vertex -16 131 -71.5
      vertex 16 131 -71.5
    endloop
  endfacet
  facet normal 0 1 0
    outer loop
      vertex -16 131 -71.5
      vertex 16 131 -74.5
      vertex -16 131 -74.5
    endloop
  endfacet
  facet normal 0.946941 -0.321409 0
    outer loop
      vertex -10.7218 114.873 18
      vertex -10.2551 116.248 10.9
      vertex -10.2551 116.248 18
    endloop
  endfacet
  facet normal 0.946941 -0.321409 0
    outer loop
      vertex -10.2551 116.248 10.9
      vertex -10.7218 114.873 18
      vertex -10.7218 114.873 10.9
    endloop
  endfacet
  facet normal -0.980792 -0.195056 0
    outer loop
      vertex 11.005 113.449 10.9
      vertex 10.7218 114.873 18
      vertex 10.7218 114.873 10.9
    endloop
  endfacet
  facet normal -0.980792 -0.195056 0
    outer loop
      vertex 10.7218 114.873 18
      vertex 11.005 113.449 10.9
      vertex 11.005 113.449 18
    endloop
  endfacet
  facet normal -0.997858 -0.065422 0
    outer loop
      vertex 11.1 112 10.9
      vertex 11.005 113.449 18
      vertex 11.005 113.449 10.9
    endloop
  endfacet
  facet normal -0.997858 -0.065422 0
    outer loop
      vertex 11.005 113.449 18
      vertex 11.1 112 10.9
      vertex 11.1 112 18
    endloop
  endfacet
  facet normal 0.44219 -0.896922 0
    outer loop
      vertex -5.55 121.613 10.9
      vertex -4.24779 122.255 18
      vertex -5.55 121.613 18
    endloop
  endfacet
  facet normal 0.44219 -0.896922 0
    outer loop
      vertex -4.24779 122.255 18
      vertex -5.55 121.613 10.9
      vertex -4.24779 122.255 10.9
    endloop
  endfacet
  facet normal 0.659216 0.751954 -0
    outer loop
      vertex -6.75725 103.194 10.9
      vertex -7.84888 104.151 18
      vertex -6.75725 103.194 18
    endloop
  endfacet
  facet normal 0.659216 0.751954 0
    outer loop
      vertex -7.84888 104.151 18
      vertex -6.75725 103.194 10.9
      vertex -7.84888 104.151 10.9
    endloop
  endfacet
  facet normal -0.555733 -0.831361 0
    outer loop
      vertex 5.55 121.613 10.9
      vertex 6.75725 120.806 18
      vertex 5.55 121.613 18
    endloop
  endfacet
  facet normal -0.555733 -0.831361 -0
    outer loop
      vertex 6.75725 120.806 18
      vertex 5.55 121.613 10.9
      vertex 6.75725 120.806 10.9
    endloop
  endfacet
  facet normal 0.659216 -0.751954 0
    outer loop
      vertex -7.84888 119.849 10.9
      vertex -6.75725 120.806 18
      vertex -7.84888 119.849 18
    endloop
  endfacet
  facet normal 0.659216 -0.751954 0
    outer loop
      vertex -6.75725 120.806 18
      vertex -7.84888 119.849 10.9
      vertex -6.75725 120.806 10.9
    endloop
  endfacet
  facet normal -0.321615 0.946871 0
    outer loop
      vertex 4.24779 101.745 10.9
      vertex 2.87289 101.278 18
      vertex 4.24779 101.745 18
    endloop
  endfacet
  facet normal -0.321615 0.946871 0
    outer loop
      vertex 2.87289 101.278 18
      vertex 4.24779 101.745 10.9
      vertex 2.87289 101.278 10.9
    endloop
  endfacet
  facet normal 0.946941 0.321409 0
    outer loop
      vertex -10.2551 107.752 18
      vertex -10.7218 109.127 10.9
      vertex -10.7218 109.127 18
    endloop
  endfacet
  facet normal 0.946941 0.321409 0
    outer loop
      vertex -10.7218 109.127 10.9
      vertex -10.2551 107.752 18
      vertex -10.2551 107.752 10.9
    endloop
  endfacet
  facet normal -0.194917 -0.98082 0
    outer loop
      vertex 1.44884 123.005 10.9
      vertex 2.87289 122.722 18
      vertex 1.44884 123.005 18
    endloop
  endfacet
  facet normal -0.194917 -0.98082 -0
    outer loop
      vertex 2.87289 122.722 18
      vertex 1.44884 123.005 10.9
      vertex 2.87289 122.722 10.9
    endloop
  endfacet
  facet normal -0.0654292 -0.997857 0
    outer loop
      vertex 0 123.1 10.9
      vertex 1.44884 123.005 18
      vertex 0 123.1 18
    endloop
  endfacet
  facet normal -0.0654292 -0.997857 -0
    outer loop
      vertex 1.44884 123.005 18
      vertex 0 123.1 10.9
      vertex 1.44884 123.005 10.9
    endloop
  endfacet
  facet normal -0.321615 -0.946871 0
    outer loop
      vertex 2.87289 122.722 10.9
      vertex 4.24779 122.255 18
      vertex 2.87289 122.722 18
    endloop
  endfacet
  facet normal -0.321615 -0.946871 -0
    outer loop
      vertex 4.24779 122.255 18
      vertex 2.87289 122.722 10.9
      vertex 4.24779 122.255 10.9
    endloop
  endfacet
  facet normal -0.946941 0.321409 0
    outer loop
      vertex 10.2551 107.752 10.9
      vertex 10.7218 109.127 18
      vertex 10.7218 109.127 10.9
    endloop
  endfacet
  facet normal -0.946941 0.321409 0
    outer loop
      vertex 10.7218 109.127 18
      vertex 10.2551 107.752 10.9
      vertex 10.2551 107.752 18
    endloop
  endfacet
  facet normal 0.555733 -0.831361 0
    outer loop
      vertex -6.75725 120.806 10.9
      vertex -5.55 121.613 18
      vertex -6.75725 120.806 18
    endloop
  endfacet
  facet normal 0.555733 -0.831361 0
    outer loop
      vertex -5.55 121.613 18
      vertex -6.75725 120.806 10.9
      vertex -5.55 121.613 10.9
    endloop
  endfacet
  facet normal -0.751948 0.659222 0
    outer loop
      vertex 7.84888 104.151 10.9
      vertex 8.80622 105.243 18
      vertex 8.80622 105.243 10.9
    endloop
  endfacet
  facet normal -0.751948 0.659222 0
    outer loop
      vertex 8.80622 105.243 18
      vertex 7.84888 104.151 10.9
      vertex 7.84888 104.151 18
    endloop
  endfacet
  facet normal 0.896833 0.442369 0
    outer loop
      vertex -9.61288 106.45 18
      vertex -10.2551 107.752 10.9
      vertex -10.2551 107.752 18
    endloop
  endfacet
  facet normal 0.896833 0.442369 0
    outer loop
      vertex -10.2551 107.752 10.9
      vertex -9.61288 106.45 18
      vertex -9.61288 106.45 10.9
    endloop
  endfacet
  facet normal -0.659216 -0.751954 0
    outer loop
      vertex 6.75725 120.806 10.9
      vertex 7.84888 119.849 18
      vertex 6.75725 120.806 18
    endloop
  endfacet
  facet normal -0.659216 -0.751954 -0
    outer loop
      vertex 7.84888 119.849 18
      vertex 6.75725 120.806 10.9
      vertex 7.84888 119.849 10.9
    endloop
  endfacet
  facet normal -0.831416 0.55565 0
    outer loop
      vertex 8.80622 105.243 10.9
      vertex 9.61288 106.45 18
      vertex 9.61288 106.45 10.9
    endloop
  endfacet
  facet normal -0.831416 0.55565 0
    outer loop
      vertex 9.61288 106.45 18
      vertex 8.80622 105.243 10.9
      vertex 8.80622 105.243 18
    endloop
  endfacet
  facet normal -0.44219 -0.896922 0
    outer loop
      vertex 4.24779 122.255 10.9
      vertex 5.55 121.613 18
      vertex 4.24779 122.255 18
    endloop
  endfacet
  facet normal -0.44219 -0.896922 -0
    outer loop
      vertex 5.55 121.613 18
      vertex 4.24779 122.255 10.9
      vertex 5.55 121.613 10.9
    endloop
  endfacet
  facet normal -0.997858 0.065422 0
    outer loop
      vertex 11.005 110.551 10.9
      vertex 11.1 112 18
      vertex 11.1 112 10.9
    endloop
  endfacet
  facet normal -0.997858 0.065422 0
    outer loop
      vertex 11.1 112 18
      vertex 11.005 110.551 10.9
      vertex 11.005 110.551 18
    endloop
  endfacet
  facet normal 0.831416 0.55565 0
    outer loop
      vertex -8.80622 105.243 18
      vertex -9.61288 106.45 10.9
      vertex -9.61288 106.45 18
    endloop
  endfacet
  facet normal 0.831416 0.55565 0
    outer loop
      vertex -9.61288 106.45 10.9
      vertex -8.80622 105.243 18
      vertex -8.80622 105.243 10.9
    endloop
  endfacet
  facet normal -0.831416 -0.55565 0
    outer loop
      vertex 9.61288 117.55 10.9
      vertex 8.80622 118.757 18
      vertex 8.80622 118.757 10.9
    endloop
  endfacet
  facet normal -0.831416 -0.55565 0
    outer loop
      vertex 8.80622 118.757 18
      vertex 9.61288 117.55 10.9
      vertex 9.61288 117.55 18
    endloop
  endfacet
  facet normal -0.555733 0.831361 0
    outer loop
      vertex 6.75725 103.194 10.9
      vertex 5.55 102.387 18
      vertex 6.75725 103.194 18
    endloop
  endfacet
  facet normal -0.555733 0.831361 0
    outer loop
      vertex 5.55 102.387 18
      vertex 6.75725 103.194 10.9
      vertex 5.55 102.387 10.9
    endloop
  endfacet
  facet normal -0.194917 0.98082 0
    outer loop
      vertex 2.87289 101.278 10.9
      vertex 1.44884 100.995 18
      vertex 2.87289 101.278 18
    endloop
  endfacet
  facet normal -0.194917 0.98082 0
    outer loop
      vertex 1.44884 100.995 18
      vertex 2.87289 101.278 10.9
      vertex 1.44884 100.995 10.9
    endloop
  endfacet
  facet normal 0.997858 -0.065422 0
    outer loop
      vertex -11.1 112 18
      vertex -11.005 113.449 10.9
      vertex -11.005 113.449 18
    endloop
  endfacet
  facet normal 0.997858 -0.065422 0
    outer loop
      vertex -11.005 113.449 10.9
      vertex -11.1 112 18
      vertex -11.1 112 10.9
    endloop
  endfacet
  facet normal -0.44219 0.896922 0
    outer loop
      vertex 5.55 102.387 10.9
      vertex 4.24779 101.745 18
      vertex 5.55 102.387 18
    endloop
  endfacet
  facet normal -0.44219 0.896922 0
    outer loop
      vertex 4.24779 101.745 18
      vertex 5.55 102.387 10.9
      vertex 4.24779 101.745 10.9
    endloop
  endfacet
  facet normal 0.321615 -0.946871 0
    outer loop
      vertex -4.24779 122.255 10.9
      vertex -2.87289 122.722 18
      vertex -4.24779 122.255 18
    endloop
  endfacet
  facet normal 0.321615 -0.946871 0
    outer loop
      vertex -2.87289 122.722 18
      vertex -4.24779 122.255 10.9
      vertex -2.87289 122.722 10.9
    endloop
  endfacet
  facet normal -0.896833 -0.442369 0
    outer loop
      vertex 10.2551 116.248 10.9
      vertex 9.61288 117.55 18
      vertex 9.61288 117.55 10.9
    endloop
  endfacet
  facet normal -0.896833 -0.442369 0
    outer loop
      vertex 9.61288 117.55 18
      vertex 10.2551 116.248 10.9
      vertex 10.2551 116.248 18
    endloop
  endfacet
  facet normal 0.194917 -0.98082 0
    outer loop
      vertex -2.87289 122.722 10.9
      vertex -1.44884 123.005 18
      vertex -2.87289 122.722 18
    endloop
  endfacet
  facet normal 0.194917 -0.98082 0
    outer loop
      vertex -1.44884 123.005 18
      vertex -2.87289 122.722 10.9
      vertex -1.44884 123.005 10.9
    endloop
  endfacet
  facet normal -0.896833 0.442369 0
    outer loop
      vertex 9.61288 106.45 10.9
      vertex 10.2551 107.752 18
      vertex 10.2551 107.752 10.9
    endloop
  endfacet
  facet normal -0.896833 0.442369 0
    outer loop
      vertex 10.2551 107.752 18
      vertex 9.61288 106.45 10.9
      vertex 9.61288 106.45 18
    endloop
  endfacet
  facet normal -0.0654292 0.997857 0
    outer loop
      vertex 1.44884 100.995 10.9
      vertex 0 100.9 18
      vertex 1.44884 100.995 18
    endloop
  endfacet
  facet normal -0.0654292 0.997857 0
    outer loop
      vertex 0 100.9 18
      vertex 1.44884 100.995 10.9
      vertex 0 100.9 10.9
    endloop
  endfacet
  facet normal -0.946941 -0.321409 0
    outer loop
      vertex 10.7218 114.873 10.9
      vertex 10.2551 116.248 18
      vertex 10.2551 116.248 10.9
    endloop
  endfacet
  facet normal -0.946941 -0.321409 0
    outer loop
      vertex 10.2551 116.248 18
      vertex 10.7218 114.873 10.9
      vertex 10.7218 114.873 18
    endloop
  endfacet
  facet normal 0.751948 -0.659222 0
    outer loop
      vertex -8.80622 118.757 18
      vertex -7.84888 119.849 10.9
      vertex -7.84888 119.849 18
    endloop
  endfacet
  facet normal 0.751948 -0.659222 0
    outer loop
      vertex -7.84888 119.849 10.9
      vertex -8.80622 118.757 18
      vertex -8.80622 118.757 10.9
    endloop
  endfacet
  facet normal -0.980792 0.195056 0
    outer loop
      vertex 10.7218 109.127 10.9
      vertex 11.005 110.551 18
      vertex 11.005 110.551 10.9
    endloop
  endfacet
  facet normal -0.980792 0.195056 0
    outer loop
      vertex 11.005 110.551 18
      vertex 10.7218 109.127 10.9
      vertex 10.7218 109.127 18
    endloop
  endfacet
  facet normal 0.0654292 -0.997857 0
    outer loop
      vertex -1.44884 123.005 10.9
      vertex 0 123.1 18
      vertex -1.44884 123.005 18
    endloop
  endfacet
  facet normal 0.0654292 -0.997857 0
    outer loop
      vertex 0 123.1 18
      vertex -1.44884 123.005 10.9
      vertex 0 123.1 10.9
    endloop
  endfacet
  facet normal 0.44219 0.896922 -0
    outer loop
      vertex -4.24779 101.745 10.9
      vertex -5.55 102.387 18
      vertex -4.24779 101.745 18
    endloop
  endfacet
  facet normal 0.44219 0.896922 0
    outer loop
      vertex -5.55 102.387 18
      vertex -4.24779 101.745 10.9
      vertex -5.55 102.387 10.9
    endloop
  endfacet
  facet normal 0.980792 0.195056 0
    outer loop
      vertex -10.7218 109.127 18
      vertex -11.005 110.551 10.9
      vertex -11.005 110.551 18
    endloop
  endfacet
  facet normal 0.980792 0.195056 0
    outer loop
      vertex -11.005 110.551 10.9
      vertex -10.7218 109.127 18
      vertex -10.7218 109.127 10.9
    endloop
  endfacet
  facet normal 0.321615 0.946871 -0
    outer loop
      vertex -2.87289 101.278 10.9
      vertex -4.24779 101.745 18
      vertex -2.87289 101.278 18
    endloop
  endfacet
  facet normal 0.321615 0.946871 0
    outer loop
      vertex -4.24779 101.745 18
      vertex -2.87289 101.278 10.9
      vertex -4.24779 101.745 10.9
    endloop
  endfacet
  facet normal 0.751948 0.659222 0
    outer loop
      vertex -7.84888 104.151 18
      vertex -8.80622 105.243 10.9
      vertex -8.80622 105.243 18
    endloop
  endfacet
  facet normal 0.751948 0.659222 0
    outer loop
      vertex -8.80622 105.243 10.9
      vertex -7.84888 104.151 18
      vertex -7.84888 104.151 10.9
    endloop
  endfacet
  facet normal 0.896833 -0.442369 0
    outer loop
      vertex -10.2551 116.248 18
      vertex -9.61288 117.55 10.9
      vertex -9.61288 117.55 18
    endloop
  endfacet
  facet normal 0.896833 -0.442369 0
    outer loop
      vertex -9.61288 117.55 10.9
      vertex -10.2551 116.248 18
      vertex -10.2551 116.248 10.9
    endloop
  endfacet
  facet normal 0.997858 0.065422 0
    outer loop
      vertex -11.005 110.551 18
      vertex -11.1 112 10.9
      vertex -11.1 112 18
    endloop
  endfacet
  facet normal 0.997858 0.065422 0
    outer loop
      vertex -11.1 112 10.9
      vertex -11.005 110.551 18
      vertex -11.005 110.551 10.9
    endloop
  endfacet
  facet normal 0.194917 0.98082 -0
    outer loop
      vertex -1.44884 100.995 10.9
      vertex -2.87289 101.278 18
      vertex -1.44884 100.995 18
    endloop
  endfacet
  facet normal 0.194917 0.98082 0
    outer loop
      vertex -2.87289 101.278 18
      vertex -1.44884 100.995 10.9
      vertex -2.87289 101.278 10.9
    endloop
  endfacet
  facet normal -0.751948 -0.659222 0
    outer loop
      vertex 8.80622 118.757 10.9
      vertex 7.84888 119.849 18
      vertex 7.84888 119.849 10.9
    endloop
  endfacet
  facet normal -0.751948 -0.659222 0
    outer loop
      vertex 7.84888 119.849 18
      vertex 8.80622 118.757 10.9
      vertex 8.80622 118.757 18
    endloop
  endfacet
  facet normal 0.831416 -0.55565 0
    outer loop
      vertex -9.61288 117.55 18
      vertex -8.80622 118.757 10.9
      vertex -8.80622 118.757 18
    endloop
  endfacet
  facet normal 0.831416 -0.55565 0
    outer loop
      vertex -8.80622 118.757 10.9
      vertex -9.61288 117.55 18
      vertex -9.61288 117.55 10.9
    endloop
  endfacet
  facet normal 0.555733 0.831361 -0
    outer loop
      vertex -5.55 102.387 10.9
      vertex -6.75725 103.194 18
      vertex -5.55 102.387 18
    endloop
  endfacet
  facet normal 0.555733 0.831361 0
    outer loop
      vertex -6.75725 103.194 18
      vertex -5.55 102.387 10.9
      vertex -6.75725 103.194 10.9
    endloop
  endfacet
  facet normal 0.980792 -0.195056 0
    outer loop
      vertex -11.005 113.449 18
      vertex -10.7218 114.873 10.9
      vertex -10.7218 114.873 18
    endloop
  endfacet
  facet normal 0.980792 -0.195056 0
    outer loop
      vertex -10.7218 114.873 10.9
      vertex -11.005 113.449 18
      vertex -11.005 113.449 10.9
    endloop
  endfacet
  facet normal 0 0 1
    outer loop
      vertex 5 112 10.9
      vertex 11.1 112 10.9
      vertex 11.005 113.449 10.9
    endloop
  endfacet
  facet normal 0 0 1
    outer loop
      vertex 4.95722 112.653 10.9
      vertex 11.005 113.449 10.9
      vertex 10.7218 114.873 10.9
    endloop
  endfacet
  facet normal 0 0 1
    outer loop
      vertex 11.1 112 10.9
      vertex 5 112 10.9
      vertex 11.005 110.551 10.9
    endloop
  endfacet
  facet normal 0 0 1
    outer loop
      vertex 4.82963 113.294 10.9
      vertex 10.7218 114.873 10.9
      vertex 10.2551 116.248 10.9
    endloop
  endfacet
  facet normal -0 0 1
    outer loop
      vertex 4.95722 111.347 10.9
      vertex 11.005 110.551 10.9
      vertex 5 112 10.9
    endloop
  endfacet
  facet normal 0 0 1
    outer loop
      vertex 4.6194 113.913 10.9
      vertex 10.2551 116.248 10.9
      vertex 9.61288 117.55 10.9
    endloop
  endfacet
  facet normal 0 0 1
    outer loop
      vertex 11.005 110.551 10.9
      vertex 4.95722 111.347 10.9
      vertex 10.7218 109.127 10.9
    endloop
  endfacet
  facet normal 0 0 1
    outer loop
      vertex 4.33013 114.5 10.9
      vertex 9.61288 117.55 10.9
      vertex 8.80622 118.757 10.9
    endloop
  endfacet
  facet normal -0 0 1
    outer loop
      vertex 4.82963 110.706 10.9
      vertex 10.7218 109.127 10.9
      vertex 4.95722 111.347 10.9
    endloop
  endfacet
  facet normal 0 0 1
    outer loop
      vertex 3.96677 115.044 10.9
      vertex 8.80622 118.757 10.9
      vertex 7.84888 119.849 10.9
    endloop
  endfacet
  facet normal 0 0 1
    outer loop
      vertex 10.7218 109.127 10.9
      vertex 4.82963 110.706 10.9
      vertex 10.2551 107.752 10.9
    endloop
  endfacet
  facet normal 0 0 1
    outer loop
      vertex 3.53553 115.536 10.9
      vertex 7.84888 119.849 10.9
      vertex 6.75725 120.806 10.9
    endloop
  endfacet
  facet normal -0 0 1
    outer loop
      vertex 4.6194 110.087 10.9
      vertex 10.2551 107.752 10.9
      vertex 4.82963 110.706 10.9
    endloop
  endfacet
  facet normal 0 0 1
    outer loop
      vertex 3.04381 115.967 10.9
      vertex 6.75725 120.806 10.9
      vertex 5.55 121.613 10.9
    endloop
  endfacet
  facet normal 0 0 1
    outer loop
      vertex 10.2551 107.752 10.9
      vertex 4.6194 110.087 10.9
      vertex 9.61288 106.45 10.9
    endloop
  endfacet
  facet normal -0 0 1
    outer loop
      vertex 4.33013 109.5 10.9
      vertex 9.61288 106.45 10.9
      vertex 4.6194 110.087 10.9
    endloop
  endfacet
  facet normal 0 0 1
    outer loop
      vertex 11.005 113.449 10.9
      vertex 4.95722 112.653 10.9
      vertex 5 112 10.9
    endloop
  endfacet
  facet normal 0 0 1
    outer loop
      vertex 10.7218 114.873 10.9
      vertex 4.82963 113.294 10.9
      vertex 4.95722 112.653 10.9
    endloop
  endfacet
  facet normal 0 0 1
    outer loop
      vertex 10.2551 116.248 10.9
      vertex 4.6194 113.913 10.9
      vertex 4.82963 113.294 10.9
    endloop
  endfacet
  facet normal 0 0 1
    outer loop
      vertex 9.61288 117.55 10.9
      vertex 4.33013 114.5 10.9
      vertex 4.6194 113.913 10.9
    endloop
  endfacet
  facet normal 0 0 1
    outer loop
      vertex 2.5 116.33 10.9
      vertex 5.55 121.613 10.9
      vertex 4.24779 122.255 10.9
    endloop
  endfacet
  facet normal 0 0 1
    outer loop
      vertex 8.80622 118.757 10.9
      vertex 3.96677 115.044 10.9
      vertex 4.33013 114.5 10.9
    endloop
  endfacet
  facet normal 0 0 1
    outer loop
      vertex 7.84888 119.849 10.9
      vertex 3.53553 115.536 10.9
      vertex 3.96677 115.044 10.9
    endloop
  endfacet
  facet normal 0 0 1
    outer loop
      vertex 6.75725 120.806 10.9
      vertex 3.04381 115.967 10.9
      vertex 3.53553 115.536 10.9
    endloop
  endfacet
  facet normal 0 0 1
    outer loop
      vertex 1.91342 116.619 10.9
      vertex 4.24779 122.255 10.9
      vertex 2.87289 122.722 10.9
    endloop
  endfacet
  facet normal 0 0 1
    outer loop
      vertex 5.55 121.613 10.9
      vertex 2.5 116.33 10.9
      vertex 3.04381 115.967 10.9
    endloop
  endfacet
  facet normal 0 0 1
    outer loop
      vertex 4.24779 122.255 10.9
      vertex 1.91342 116.619 10.9
      vertex 2.5 116.33 10.9
    endloop
  endfacet
  facet normal 0 0 1
    outer loop
      vertex 1.2941 116.83 10.9
      vertex 2.87289 122.722 10.9
      vertex 1.44884 123.005 10.9
    endloop
  endfacet
  facet normal 0 0 1
    outer loop
      vertex 2.87289 122.722 10.9
      vertex 1.2941 116.83 10.9
      vertex 1.91342 116.619 10.9
    endloop
  endfacet
  facet normal 0 0 1
    outer loop
      vertex 1.44884 123.005 10.9
      vertex 0.652631 116.957 10.9
      vertex 1.2941 116.83 10.9
    endloop
  endfacet
  facet normal 0 0 1
    outer loop
      vertex 0 123.1 10.9
      vertex 0.652631 116.957 10.9
      vertex 1.44884 123.005 10.9
    endloop
  endfacet
  facet normal 0 0 1
    outer loop
      vertex 0 123.1 10.9
      vertex 0 117 10.9
      vertex 0.652631 116.957 10.9
    endloop
  endfacet
  facet normal 0 0 1
    outer loop
      vertex 0 123.1 10.9
      vertex -0.652631 116.957 10.9
      vertex 0 117 10.9
    endloop
  endfacet
  facet normal -0 0 1
    outer loop
      vertex -1.44884 123.005 10.9
      vertex -0.652631 116.957 10.9
      vertex 0 123.1 10.9
    endloop
  endfacet
  facet normal 0 0 1
    outer loop
      vertex -0.652631 116.957 10.9
      vertex -1.44884 123.005 10.9
      vertex -1.2941 116.83 10.9
    endloop
  endfacet
  facet normal -0 0 1
    outer loop
      vertex -2.87289 122.722 10.9
      vertex -1.2941 116.83 10.9
      vertex -1.44884 123.005 10.9
    endloop
  endfacet
  facet normal 0 0 1
    outer loop
      vertex -1.2941 116.83 10.9
      vertex -2.87289 122.722 10.9
      vertex -1.91342 116.619 10.9
    endloop
  endfacet
  facet normal -0 0 1
    outer loop
      vertex -4.24779 122.255 10.9
      vertex -1.91342 116.619 10.9
      vertex -2.87289 122.722 10.9
    endloop
  endfacet
  facet normal 0 0 1
    outer loop
      vertex -1.91342 116.619 10.9
      vertex -4.24779 122.255 10.9
      vertex -2.5 116.33 10.9
    endloop
  endfacet
  facet normal -0 0 1
    outer loop
      vertex -5.55 121.613 10.9
      vertex -2.5 116.33 10.9
      vertex -4.24779 122.255 10.9
    endloop
  endfacet
  facet normal 0 0 1
    outer loop
      vertex -2.5 116.33 10.9
      vertex -5.55 121.613 10.9
      vertex -3.04381 115.967 10.9
    endloop
  endfacet
  facet normal -0 0 1
    outer loop
      vertex -6.75725 120.806 10.9
      vertex -3.04381 115.967 10.9
      vertex -5.55 121.613 10.9
    endloop
  endfacet
  facet normal 0 0 1
    outer loop
      vertex -3.04381 115.967 10.9
      vertex -6.75725 120.806 10.9
      vertex -3.53553 115.536 10.9
    endloop
  endfacet
  facet normal -0 0 1
    outer loop
      vertex -7.84888 119.849 10.9
      vertex -3.53553 115.536 10.9
      vertex -6.75725 120.806 10.9
    endloop
  endfacet
  facet normal 0 0 1
    outer loop
      vertex -3.53553 115.536 10.9
      vertex -7.84888 119.849 10.9
      vertex -3.96677 115.044 10.9
    endloop
  endfacet
  facet normal -0 0 1
    outer loop
      vertex -8.80622 118.757 10.9
      vertex -3.96677 115.044 10.9
      vertex -7.84888 119.849 10.9
    endloop
  endfacet
  facet normal -0 0 1
    outer loop
      vertex -9.61288 117.55 10.9
      vertex -4.33013 114.5 10.9
      vertex -8.80622 118.757 10.9
    endloop
  endfacet
  facet normal 0 0 1
    outer loop
      vertex -3.96677 115.044 10.9
      vertex -8.80622 118.757 10.9
      vertex -4.33013 114.5 10.9
    endloop
  endfacet
  facet normal 0 0 1
    outer loop
      vertex 9.61288 106.45 10.9
      vertex 4.33013 109.5 10.9
      vertex 8.80622 105.243 10.9
    endloop
  endfacet
  facet normal -0 0 1
    outer loop
      vertex 3.96677 108.956 10.9
      vertex 8.80622 105.243 10.9
      vertex 4.33013 109.5 10.9
    endloop
  endfacet
  facet normal 0 0 1
    outer loop
      vertex 8.80622 105.243 10.9
      vertex 3.96677 108.956 10.9
      vertex 7.84888 104.151 10.9
    endloop
  endfacet
  facet normal -0 0 1
    outer loop
      vertex 3.53553 108.464 10.9
      vertex 7.84888 104.151 10.9
      vertex 3.96677 108.956 10.9
    endloop
  endfacet
  facet normal 0 0 1
    outer loop
      vertex 7.84888 104.151 10.9
      vertex 3.53553 108.464 10.9
      vertex 6.75725 103.194 10.9
    endloop
  endfacet
  facet normal -0 0 1
    outer loop
      vertex 3.04381 108.033 10.9
      vertex 6.75725 103.194 10.9
      vertex 3.53553 108.464 10.9
    endloop
  endfacet
  facet normal 0 0 1
    outer loop
      vertex 6.75725 103.194 10.9
      vertex 3.04381 108.033 10.9
      vertex 5.55 102.387 10.9
    endloop
  endfacet
  facet normal -0 0 1
    outer loop
      vertex 2.5 107.67 10.9
      vertex 5.55 102.387 10.9
      vertex 3.04381 108.033 10.9
    endloop
  endfacet
  facet normal 0 0 1
    outer loop
      vertex 5.55 102.387 10.9
      vertex 2.5 107.67 10.9
      vertex 4.24779 101.745 10.9
    endloop
  endfacet
  facet normal -0 0 1
    outer loop
      vertex 1.91342 107.381 10.9
      vertex 4.24779 101.745 10.9
      vertex 2.5 107.67 10.9
    endloop
  endfacet
  facet normal 0 0 1
    outer loop
      vertex 4.24779 101.745 10.9
      vertex 1.91342 107.381 10.9
      vertex 2.87289 101.278 10.9
    endloop
  endfacet
  facet normal -0 0 1
    outer loop
      vertex 1.2941 107.17 10.9
      vertex 2.87289 101.278 10.9
      vertex 1.91342 107.381 10.9
    endloop
  endfacet
  facet normal 0 0 1
    outer loop
      vertex 2.87289 101.278 10.9
      vertex 1.2941 107.17 10.9
      vertex 1.44884 100.995 10.9
    endloop
  endfacet
  facet normal -0 0 1
    outer loop
      vertex 0.652631 107.043 10.9
      vertex 1.44884 100.995 10.9
      vertex 1.2941 107.17 10.9
    endloop
  endfacet
  facet normal -0 0 1
    outer loop
      vertex 0 107 10.9
      vertex 1.44884 100.995 10.9
      vertex 0.652631 107.043 10.9
    endloop
  endfacet
  facet normal 0 0 1
    outer loop
      vertex 0 107 10.9
      vertex 0 100.9 10.9
      vertex 1.44884 100.995 10.9
    endloop
  endfacet
  facet normal 0 0 1
    outer loop
      vertex -0.652631 107.043 10.9
      vertex 0 100.9 10.9
      vertex 0 107 10.9
    endloop
  endfacet
  facet normal 0 0 1
    outer loop
      vertex -1.44884 100.995 10.9
      vertex -0.652631 107.043 10.9
      vertex -1.2941 107.17 10.9
    endloop
  endfacet
  facet normal 0 0 1
    outer loop
      vertex -0.652631 107.043 10.9
      vertex -1.44884 100.995 10.9
      vertex 0 100.9 10.9
    endloop
  endfacet
  facet normal 0 0 1
    outer loop
      vertex -2.87289 101.278 10.9
      vertex -1.2941 107.17 10.9
      vertex -1.91342 107.381 10.9
    endloop
  endfacet
  facet normal 0 0 1
    outer loop
      vertex -4.24779 101.745 10.9
      vertex -1.91342 107.381 10.9
      vertex -2.5 107.67 10.9
    endloop
  endfacet
  facet normal 0 0 1
    outer loop
      vertex -1.2941 107.17 10.9
      vertex -2.87289 101.278 10.9
      vertex -1.44884 100.995 10.9
    endloop
  endfacet
  facet normal 0 0 1
    outer loop
      vertex -5.55 102.387 10.9
      vertex -2.5 107.67 10.9
      vertex -3.04381 108.033 10.9
    endloop
  endfacet
  facet normal 0 0 1
    outer loop
      vertex -6.75725 103.194 10.9
      vertex -3.04381 108.033 10.9
      vertex -3.53553 108.464 10.9
    endloop
  endfacet
  facet normal 0 0 1
    outer loop
      vertex -7.84888 104.151 10.9
      vertex -3.53553 108.464 10.9
      vertex -3.96677 108.956 10.9
    endloop
  endfacet
  facet normal 0 0 1
    outer loop
      vertex -1.91342 107.381 10.9
      vertex -4.24779 101.745 10.9
      vertex -2.87289 101.278 10.9
    endloop
  endfacet
  facet normal 0 0 1
    outer loop
      vertex -8.80622 105.243 10.9
      vertex -3.96677 108.956 10.9
      vertex -4.33013 109.5 10.9
    endloop
  endfacet
  facet normal 0 0 1
    outer loop
      vertex -9.61288 106.45 10.9
      vertex -4.33013 109.5 10.9
      vertex -4.6194 110.087 10.9
    endloop
  endfacet
  facet normal 0 0 1
    outer loop
      vertex -10.2551 107.752 10.9
      vertex -4.6194 110.087 10.9
      vertex -4.82963 110.706 10.9
    endloop
  endfacet
  facet normal 0 0 1
    outer loop
      vertex -10.7218 109.127 10.9
      vertex -4.82963 110.706 10.9
      vertex -4.95722 111.347 10.9
    endloop
  endfacet
  facet normal 0 0 1
    outer loop
      vertex -2.5 107.67 10.9
      vertex -5.55 102.387 10.9
      vertex -4.24779 101.745 10.9
    endloop
  endfacet
  facet normal 0 0 1
    outer loop
      vertex -11.005 110.551 10.9
      vertex -4.95722 111.347 10.9
      vertex -5 112 10.9
    endloop
  endfacet
  facet normal 0 0 1
    outer loop
      vertex -4.33013 114.5 10.9
      vertex -9.61288 117.55 10.9
      vertex -4.6194 113.913 10.9
    endloop
  endfacet
  facet normal -0 0 1
    outer loop
      vertex -10.2551 116.248 10.9
      vertex -4.6194 113.913 10.9
      vertex -9.61288 117.55 10.9
    endloop
  endfacet
  facet normal 0 0 1
    outer loop
      vertex -3.04381 108.033 10.9
      vertex -6.75725 103.194 10.9
      vertex -5.55 102.387 10.9
    endloop
  endfacet
  facet normal 0 0 1
    outer loop
      vertex -4.6194 113.913 10.9
      vertex -10.2551 116.248 10.9
      vertex -4.82963 113.294 10.9
    endloop
  endfacet
  facet normal 0 0 1
    outer loop
      vertex -3.53553 108.464 10.9
      vertex -7.84888 104.151 10.9
      vertex -6.75725 103.194 10.9
    endloop
  endfacet
  facet normal -0 0 1
    outer loop
      vertex -10.7218 114.873 10.9
      vertex -4.82963 113.294 10.9
      vertex -10.2551 116.248 10.9
    endloop
  endfacet
  facet normal 0 0 1
    outer loop
      vertex -3.96677 108.956 10.9
      vertex -8.80622 105.243 10.9
      vertex -7.84888 104.151 10.9
    endloop
  endfacet
  facet normal 0 0 1
    outer loop
      vertex -4.82963 113.294 10.9
      vertex -10.7218 114.873 10.9
      vertex -4.95722 112.653 10.9
    endloop
  endfacet
  facet normal 0 0 1
    outer loop
      vertex -4.33013 109.5 10.9
      vertex -9.61288 106.45 10.9
      vertex -8.80622 105.243 10.9
    endloop
  endfacet
  facet normal -0 0 1
    outer loop
      vertex -11.005 113.449 10.9
      vertex -4.95722 112.653 10.9
      vertex -10.7218 114.873 10.9
    endloop
  endfacet
  facet normal 0 0 1
    outer loop
      vertex -4.6194 110.087 10.9
      vertex -10.2551 107.752 10.9
      vertex -9.61288 106.45 10.9
    endloop
  endfacet
  facet normal 0 0 1
    outer loop
      vertex -4.95722 112.653 10.9
      vertex -11.005 113.449 10.9
      vertex -5 112 10.9
    endloop
  endfacet
  facet normal 0 0 1
    outer loop
      vertex -4.82963 110.706 10.9
      vertex -10.7218 109.127 10.9
      vertex -10.2551 107.752 10.9
    endloop
  endfacet
  facet normal 0 0 1
    outer loop
      vertex -11.1 112 10.9
      vertex -5 112 10.9
      vertex -11.005 113.449 10.9
    endloop
  endfacet
  facet normal 0 0 1
    outer loop
      vertex -4.95722 111.347 10.9
      vertex -11.005 110.551 10.9
      vertex -10.7218 109.127 10.9
    endloop
  endfacet
  facet normal 0 0 1
    outer loop
      vertex -5 112 10.9
      vertex -11.1 112 10.9
      vertex -11.005 110.551 10.9
    endloop
  endfacet
  facet normal 0.0654292 0.997857 -0
    outer loop
      vertex 0 100.9 10.9
      vertex -1.44884 100.995 18
      vertex 0 100.9 18
    endloop
  endfacet
  facet normal 0.0654292 0.997857 0
    outer loop
      vertex -1.44884 100.995 18
      vertex 0 100.9 10.9
      vertex -1.44884 100.995 10.9
    endloop
  endfacet
  facet normal -0.659216 0.751954 0
    outer loop
      vertex 7.84888 104.151 10.9
      vertex 6.75725 103.194 18
      vertex 7.84888 104.151 18
    endloop
  endfacet
  facet normal -0.659216 0.751954 0
    outer loop
      vertex 6.75725 103.194 18
      vertex 7.84888 104.151 10.9
      vertex 6.75725 103.194 10.9
    endloop
  endfacet
  facet normal 0.946941 -0.321409 0
    outer loop
      vertex -10.7218 114.873 -34
      vertex -10.2551 116.248 -41.1
      vertex -10.2551 116.248 -34
    endloop
  endfacet
  facet normal 0.946941 -0.321409 0
    outer loop
      vertex -10.2551 116.248 -41.1
      vertex -10.7218 114.873 -34
      vertex -10.7218 114.873 -41.1
    endloop
  endfacet
  facet normal -0.980792 -0.195056 0
    outer loop
      vertex 11.005 113.449 -41.1
      vertex 10.7218 114.873 -34
      vertex 10.7218 114.873 -41.1
    endloop
  endfacet
  facet normal -0.980792 -0.195056 0
    outer loop
      vertex 10.7218 114.873 -34
      vertex 11.005 113.449 -41.1
      vertex 11.005 113.449 -34
    endloop
  endfacet
  facet normal -0.997858 -0.065422 0
    outer loop
      vertex 11.1 112 -41.1
      vertex 11.005 113.449 -34
      vertex 11.005 113.449 -41.1
    endloop
  endfacet
  facet normal -0.997858 -0.065422 0
    outer loop
      vertex 11.005 113.449 -34
      vertex 11.1 112 -41.1
      vertex 11.1 112 -34
    endloop
  endfacet
  facet normal 0.44219 -0.896922 0
    outer loop
      vertex -5.55 121.613 -41.1
      vertex -4.24779 122.255 -34
      vertex -5.55 121.613 -34
    endloop
  endfacet
  facet normal 0.44219 -0.896922 0
    outer loop
      vertex -4.24779 122.255 -34
      vertex -5.55 121.613 -41.1
      vertex -4.24779 122.255 -41.1
    endloop
  endfacet
  facet normal 0.659216 0.751954 -0
    outer loop
      vertex -6.75725 103.194 -41.1
      vertex -7.84888 104.151 -34
      vertex -6.75725 103.194 -34
    endloop
  endfacet
  facet normal 0.659216 0.751954 0
    outer loop
      vertex -7.84888 104.151 -34
      vertex -6.75725 103.194 -41.1
      vertex -7.84888 104.151 -41.1
    endloop
  endfacet
  facet normal -0.555733 -0.831361 0
    outer loop
      vertex 5.55 121.613 -41.1
      vertex 6.75725 120.806 -34
      vertex 5.55 121.613 -34
    endloop
  endfacet
  facet normal -0.555733 -0.831361 -0
    outer loop
      vertex 6.75725 120.806 -34
      vertex 5.55 121.613 -41.1
      vertex 6.75725 120.806 -41.1
    endloop
  endfacet
  facet normal 0.659216 -0.751954 0
    outer loop
      vertex -7.84888 119.849 -41.1
      vertex -6.75725 120.806 -34
      vertex -7.84888 119.849 -34
    endloop
  endfacet
  facet normal 0.659216 -0.751954 0
    outer loop
      vertex -6.75725 120.806 -34
      vertex -7.84888 119.849 -41.1
      vertex -6.75725 120.806 -41.1
    endloop
  endfacet
  facet normal -0.321615 0.946871 0
    outer loop
      vertex 4.24779 101.745 -41.1
      vertex 2.87289 101.278 -34
      vertex 4.24779 101.745 -34
    endloop
  endfacet
  facet normal -0.321615 0.946871 0
    outer loop
      vertex 2.87289 101.278 -34
      vertex 4.24779 101.745 -41.1
      vertex 2.87289 101.278 -41.1
    endloop
  endfacet
  facet normal 0.831416 -0.55565 0
    outer loop
      vertex -9.61288 117.55 -34
      vertex -8.80622 118.757 -41.1
      vertex -8.80622 118.757 -34
    endloop
  endfacet
  facet normal 0.831416 -0.55565 0
    outer loop
      vertex -8.80622 118.757 -41.1
      vertex -9.61288 117.55 -34
      vertex -9.61288 117.55 -41.1
    endloop
  endfacet
  facet normal 0.946941 0.321409 0
    outer loop
      vertex -10.2551 107.752 -34
      vertex -10.7218 109.127 -41.1
      vertex -10.7218 109.127 -34
    endloop
  endfacet
  facet normal 0.946941 0.321409 0
    outer loop
      vertex -10.7218 109.127 -41.1
      vertex -10.2551 107.752 -34
      vertex -10.2551 107.752 -41.1
    endloop
  endfacet
  facet normal -0.194917 -0.98082 0
    outer loop
      vertex 1.44884 123.005 -41.1
      vertex 2.87289 122.722 -34
      vertex 1.44884 123.005 -34
    endloop
  endfacet
  facet normal -0.194917 -0.98082 -0
    outer loop
      vertex 2.87289 122.722 -34
      vertex 1.44884 123.005 -41.1
      vertex 2.87289 122.722 -41.1
    endloop
  endfacet
  facet normal -0.0654292 -0.997857 0
    outer loop
      vertex 0 123.1 -41.1
      vertex 1.44884 123.005 -34
      vertex 0 123.1 -34
    endloop
  endfacet
  facet normal -0.0654292 -0.997857 -0
    outer loop
      vertex 1.44884 123.005 -34
      vertex 0 123.1 -41.1
      vertex 1.44884 123.005 -41.1
    endloop
  endfacet
  facet normal -0.321615 -0.946871 0
    outer loop
      vertex 2.87289 122.722 -41.1
      vertex 4.24779 122.255 -34
      vertex 2.87289 122.722 -34
    endloop
  endfacet
  facet normal -0.321615 -0.946871 -0
    outer loop
      vertex 4.24779 122.255 -34
      vertex 2.87289 122.722 -41.1
      vertex 4.24779 122.255 -41.1
    endloop
  endfacet
  facet normal -0.946941 0.321409 0
    outer loop
      vertex 10.2551 107.752 -41.1
      vertex 10.7218 109.127 -34
      vertex 10.7218 109.127 -41.1
    endloop
  endfacet
  facet normal -0.946941 0.321409 0
    outer loop
      vertex 10.7218 109.127 -34
      vertex 10.2551 107.752 -41.1
      vertex 10.2551 107.752 -34
    endloop
  endfacet
  facet normal 0.555733 -0.831361 0
    outer loop
      vertex -6.75725 120.806 -41.1
      vertex -5.55 121.613 -34
      vertex -6.75725 120.806 -34
    endloop
  endfacet
  facet normal 0.555733 -0.831361 0
    outer loop
      vertex -5.55 121.613 -34
      vertex -6.75725 120.806 -41.1
      vertex -5.55 121.613 -41.1
    endloop
  endfacet
  facet normal -0.751948 0.659222 0
    outer loop
      vertex 7.84888 104.151 -41.1
      vertex 8.80622 105.243 -34
      vertex 8.80622 105.243 -41.1
    endloop
  endfacet
  facet normal -0.751948 0.659222 0
    outer loop
      vertex 8.80622 105.243 -34
      vertex 7.84888 104.151 -41.1
      vertex 7.84888 104.151 -34
    endloop
  endfacet
  facet normal 0.896833 0.442369 0
    outer loop
      vertex -9.61288 106.45 -34
      vertex -10.2551 107.752 -41.1
      vertex -10.2551 107.752 -34
    endloop
  endfacet
  facet normal 0.896833 0.442369 0
    outer loop
      vertex -10.2551 107.752 -41.1
      vertex -9.61288 106.45 -34
      vertex -9.61288 106.45 -41.1
    endloop
  endfacet
  facet normal -0.659216 -0.751954 0
    outer loop
      vertex 6.75725 120.806 -41.1
      vertex 7.84888 119.849 -34
      vertex 6.75725 120.806 -34
    endloop
  endfacet
  facet normal -0.659216 -0.751954 -0
    outer loop
      vertex 7.84888 119.849 -34
      vertex 6.75725 120.806 -41.1
      vertex 7.84888 119.849 -41.1
    endloop
  endfacet
  facet normal -0.831416 0.55565 0
    outer loop
      vertex 8.80622 105.243 -41.1
      vertex 9.61288 106.45 -34
      vertex 9.61288 106.45 -41.1
    endloop
  endfacet
  facet normal -0.831416 0.55565 0
    outer loop
      vertex 9.61288 106.45 -34
      vertex 8.80622 105.243 -41.1
      vertex 8.80622 105.243 -34
    endloop
  endfacet
  facet normal -0.44219 -0.896922 0
    outer loop
      vertex 4.24779 122.255 -41.1
      vertex 5.55 121.613 -34
      vertex 4.24779 122.255 -34
    endloop
  endfacet
  facet normal -0.44219 -0.896922 -0
    outer loop
      vertex 5.55 121.613 -34
      vertex 4.24779 122.255 -41.1
      vertex 5.55 121.613 -41.1
    endloop
  endfacet
  facet normal -0.997858 0.065422 0
    outer loop
      vertex 11.005 110.551 -41.1
      vertex 11.1 112 -34
      vertex 11.1 112 -41.1
    endloop
  endfacet
  facet normal -0.997858 0.065422 0
    outer loop
      vertex 11.1 112 -34
      vertex 11.005 110.551 -41.1
      vertex 11.005 110.551 -34
    endloop
  endfacet
  facet normal 0.831416 0.55565 0
    outer loop
      vertex -8.80622 105.243 -34
      vertex -9.61288 106.45 -41.1
      vertex -9.61288 106.45 -34
    endloop
  endfacet
  facet normal 0.831416 0.55565 0
    outer loop
      vertex -9.61288 106.45 -41.1
      vertex -8.80622 105.243 -34
      vertex -8.80622 105.243 -41.1
    endloop
  endfacet
  facet normal -0.831416 -0.55565 0
    outer loop
      vertex 9.61288 117.55 -41.1
      vertex 8.80622 118.757 -34
      vertex 8.80622 118.757 -41.1
    endloop
  endfacet
  facet normal -0.831416 -0.55565 0
    outer loop
      vertex 8.80622 118.757 -34
      vertex 9.61288 117.55 -41.1
      vertex 9.61288 117.55 -34
    endloop
  endfacet
  facet normal -0.555733 0.831361 0
    outer loop
      vertex 6.75725 103.194 -41.1
      vertex 5.55 102.387 -34
      vertex 6.75725 103.194 -34
    endloop
  endfacet
  facet normal -0.555733 0.831361 0
    outer loop
      vertex 5.55 102.387 -34
      vertex 6.75725 103.194 -41.1
      vertex 5.55 102.387 -41.1
    endloop
  endfacet
  facet normal -0.194917 0.98082 0
    outer loop
      vertex 2.87289 101.278 -41.1
      vertex 1.44884 100.995 -34
      vertex 2.87289 101.278 -34
    endloop
  endfacet
  facet normal -0.194917 0.98082 0
    outer loop
      vertex 1.44884 100.995 -34
      vertex 2.87289 101.278 -41.1
      vertex 1.44884 100.995 -41.1
    endloop
  endfacet
  facet normal 0.997858 -0.065422 0
    outer loop
      vertex -11.1 112 -34
      vertex -11.005 113.449 -41.1
      vertex -11.005 113.449 -34
    endloop
  endfacet
  facet normal 0.997858 -0.065422 0
    outer loop
      vertex -11.005 113.449 -41.1
      vertex -11.1 112 -34
      vertex -11.1 112 -41.1
    endloop
  endfacet
  facet normal -0.44219 0.896922 0
    outer loop
      vertex 5.55 102.387 -41.1
      vertex 4.24779 101.745 -34
      vertex 5.55 102.387 -34
    endloop
  endfacet
  facet normal -0.44219 0.896922 0
    outer loop
      vertex 4.24779 101.745 -34
      vertex 5.55 102.387 -41.1
      vertex 4.24779 101.745 -41.1
    endloop
  endfacet
  facet normal 0.321615 -0.946871 0
    outer loop
      vertex -4.24779 122.255 -41.1
      vertex -2.87289 122.722 -34
      vertex -4.24779 122.255 -34
    endloop
  endfacet
  facet normal 0.321615 -0.946871 0
    outer loop
      vertex -2.87289 122.722 -34
      vertex -4.24779 122.255 -41.1
      vertex -2.87289 122.722 -41.1
    endloop
  endfacet
  facet normal -0.896833 -0.442369 0
    outer loop
      vertex 10.2551 116.248 -41.1
      vertex 9.61288 117.55 -34
      vertex 9.61288 117.55 -41.1
    endloop
  endfacet
  facet normal -0.896833 -0.442369 0
    outer loop
      vertex 9.61288 117.55 -34
      vertex 10.2551 116.248 -41.1
      vertex 10.2551 116.248 -34
    endloop
  endfacet
  facet normal 0.194917 -0.98082 0
    outer loop
      vertex -2.87289 122.722 -41.1
      vertex -1.44884 123.005 -34
      vertex -2.87289 122.722 -34
    endloop
  endfacet
  facet normal 0.194917 -0.98082 0
    outer loop
      vertex -1.44884 123.005 -34
      vertex -2.87289 122.722 -41.1
      vertex -1.44884 123.005 -41.1
    endloop
  endfacet
  facet normal -0.896833 0.442369 0
    outer loop
      vertex 9.61288 106.45 -41.1
      vertex 10.2551 107.752 -34
      vertex 10.2551 107.752 -41.1
    endloop
  endfacet
  facet normal -0.896833 0.442369 0
    outer loop
      vertex 10.2551 107.752 -34
      vertex 9.61288 106.45 -41.1
      vertex 9.61288 106.45 -34
    endloop
  endfacet
  facet normal -0.0654292 0.997857 0
    outer loop
      vertex 1.44884 100.995 -41.1
      vertex 0 100.9 -34
      vertex 1.44884 100.995 -34
    endloop
  endfacet
  facet normal -0.0654292 0.997857 0
    outer loop
      vertex 0 100.9 -34
      vertex 1.44884 100.995 -41.1
      vertex 0 100.9 -41.1
    endloop
  endfacet
  facet normal -0.946941 -0.321409 0
    outer loop
      vertex 10.7218 114.873 -41.1
      vertex 10.2551 116.248 -34
      vertex 10.2551 116.248 -41.1
    endloop
  endfacet
  facet normal -0.946941 -0.321409 0
    outer loop
      vertex 10.2551 116.248 -34
      vertex 10.7218 114.873 -41.1
      vertex 10.7218 114.873 -34
    endloop
  endfacet
  facet normal 0.751948 -0.659222 0
    outer loop
      vertex -8.80622 118.757 -34
      vertex -7.84888 119.849 -41.1
      vertex -7.84888 119.849 -34
    endloop
  endfacet
  facet normal 0.751948 -0.659222 0
    outer loop
      vertex -7.84888 119.849 -41.1
      vertex -8.80622 118.757 -34
      vertex -8.80622 118.757 -41.1
    endloop
  endfacet
  facet normal -0.980792 0.195056 0
    outer loop
      vertex 10.7218 109.127 -41.1
      vertex 11.005 110.551 -34
      vertex 11.005 110.551 -41.1
    endloop
  endfacet
  facet normal -0.980792 0.195056 0
    outer loop
      vertex 11.005 110.551 -34
      vertex 10.7218 109.127 -41.1
      vertex 10.7218 109.127 -34
    endloop
  endfacet
  facet normal 0.0654292 -0.997857 0
    outer loop
      vertex -1.44884 123.005 -41.1
      vertex 0 123.1 -34
      vertex -1.44884 123.005 -34
    endloop
  endfacet
  facet normal 0.0654292 -0.997857 0
    outer loop
      vertex 0 123.1 -34
      vertex -1.44884 123.005 -41.1
      vertex 0 123.1 -41.1
    endloop
  endfacet
  facet normal 0.44219 0.896922 -0
    outer loop
      vertex -4.24779 101.745 -41.1
      vertex -5.55 102.387 -34
      vertex -4.24779 101.745 -34
    endloop
  endfacet
  facet normal 0.44219 0.896922 0
    outer loop
      vertex -5.55 102.387 -34
      vertex -4.24779 101.745 -41.1
      vertex -5.55 102.387 -41.1
    endloop
  endfacet
  facet normal 0.980792 0.195056 0
    outer loop
      vertex -10.7218 109.127 -34
      vertex -11.005 110.551 -41.1
      vertex -11.005 110.551 -34
    endloop
  endfacet
  facet normal 0.980792 0.195056 0
    outer loop
      vertex -11.005 110.551 -41.1
      vertex -10.7218 109.127 -34
      vertex -10.7218 109.127 -41.1
    endloop
  endfacet
  facet normal 0.321615 0.946871 -0
    outer loop
      vertex -2.87289 101.278 -41.1
      vertex -4.24779 101.745 -34
      vertex -2.87289 101.278 -34
    endloop
  endfacet
  facet normal 0.321615 0.946871 0
    outer loop
      vertex -4.24779 101.745 -34
      vertex -2.87289 101.278 -41.1
      vertex -4.24779 101.745 -41.1
    endloop
  endfacet
  facet normal 0.751948 0.659222 0
    outer loop
      vertex -7.84888 104.151 -34
      vertex -8.80622 105.243 -41.1
      vertex -8.80622 105.243 -34
    endloop
  endfacet
  facet normal 0.751948 0.659222 0
    outer loop
      vertex -8.80622 105.243 -41.1
      vertex -7.84888 104.151 -34
      vertex -7.84888 104.151 -41.1
    endloop
  endfacet
  facet normal 0.896833 -0.442369 0
    outer loop
      vertex -10.2551 116.248 -34
      vertex -9.61288 117.55 -41.1
      vertex -9.61288 117.55 -34
    endloop
  endfacet
  facet normal 0.896833 -0.442369 0
    outer loop
      vertex -9.61288 117.55 -41.1
      vertex -10.2551 116.248 -34
      vertex -10.2551 116.248 -41.1
    endloop
  endfacet
  facet normal 0.997858 0.065422 0
    outer loop
      vertex -11.005 110.551 -34
      vertex -11.1 112 -41.1
      vertex -11.1 112 -34
    endloop
  endfacet
  facet normal 0.997858 0.065422 0
    outer loop
      vertex -11.1 112 -41.1
      vertex -11.005 110.551 -34
      vertex -11.005 110.551 -41.1
    endloop
  endfacet
  facet normal 0.194917 0.98082 -0
    outer loop
      vertex -1.44884 100.995 -41.1
      vertex -2.87289 101.278 -34
      vertex -1.44884 100.995 -34
    endloop
  endfacet
  facet normal 0.194917 0.98082 0
    outer loop
      vertex -2.87289 101.278 -34
      vertex -1.44884 100.995 -41.1
      vertex -2.87289 101.278 -41.1
    endloop
  endfacet
  facet normal -0.751948 -0.659222 0
    outer loop
      vertex 8.80622 118.757 -41.1
      vertex 7.84888 119.849 -34
      vertex 7.84888 119.849 -41.1
    endloop
  endfacet
  facet normal -0.751948 -0.659222 0
    outer loop
      vertex 7.84888 119.849 -34
      vertex 8.80622 118.757 -41.1
      vertex 8.80622 118.757 -34
    endloop
  endfacet
  facet normal 0.555733 0.831361 -0
    outer loop
      vertex -5.55 102.387 -41.1
      vertex -6.75725 103.194 -34
      vertex -5.55 102.387 -34
    endloop
  endfacet
  facet normal 0.555733 0.831361 0
    outer loop
      vertex -6.75725 103.194 -34
      vertex -5.55 102.387 -41.1
      vertex -6.75725 103.194 -41.1
    endloop
  endfacet
  facet normal 0.980792 -0.195056 0
    outer loop
      vertex -11.005 113.449 -34
      vertex -10.7218 114.873 -41.1
      vertex -10.7218 114.873 -34
    endloop
  endfacet
  facet normal 0.980792 -0.195056 0
    outer loop
      vertex -10.7218 114.873 -41.1
      vertex -11.005 113.449 -34
      vertex -11.005 113.449 -41.1
    endloop
  endfacet
  facet normal 0 0 1
    outer loop
      vertex 5 112 -41.1
      vertex 11.1 112 -41.1
      vertex 11.005 113.449 -41.1
    endloop
  endfacet
  facet normal 0 0 1
    outer loop
      vertex 4.95722 112.653 -41.1
      vertex 11.005 113.449 -41.1
      vertex 10.7218 114.873 -41.1
    endloop
  endfacet
  facet normal 0 0 1
    outer loop
      vertex 11.1 112 -41.1
      vertex 5 112 -41.1
      vertex 11.005 110.551 -41.1
    endloop
  endfacet
  facet normal 0 0 1
    outer loop
      vertex 4.82963 113.294 -41.1
      vertex 10.7218 114.873 -41.1
      vertex 10.2551 116.248 -41.1
    endloop
  endfacet
  facet normal -0 0 1
    outer loop
      vertex 4.95722 111.347 -41.1
      vertex 11.005 110.551 -41.1
      vertex 5 112 -41.1
    endloop
  endfacet
  facet normal 0 0 1
    outer loop
      vertex 4.6194 113.913 -41.1
      vertex 10.2551 116.248 -41.1
      vertex 9.61288 117.55 -41.1
    endloop
  endfacet
  facet normal 0 0 1
    outer loop
      vertex 11.005 110.551 -41.1
      vertex 4.95722 111.347 -41.1
      vertex 10.7218 109.127 -41.1
    endloop
  endfacet
  facet normal 0 0 1
    outer loop
      vertex 4.33013 114.5 -41.1
      vertex 9.61288 117.55 -41.1
      vertex 8.80622 118.757 -41.1
    endloop
  endfacet
  facet normal -0 0 1
    outer loop
      vertex 4.82963 110.706 -41.1
      vertex 10.7218 109.127 -41.1
      vertex 4.95722 111.347 -41.1
    endloop
  endfacet
  facet normal 0 0 1
    outer loop
      vertex 3.96677 115.044 -41.1
      vertex 8.80622 118.757 -41.1
      vertex 7.84888 119.849 -41.1
    endloop
  endfacet
  facet normal 0 0 1
    outer loop
      vertex 10.7218 109.127 -41.1
      vertex 4.82963 110.706 -41.1
      vertex 10.2551 107.752 -41.1
    endloop
  endfacet
  facet normal 0 0 1
    outer loop
      vertex 3.53553 115.536 -41.1
      vertex 7.84888 119.849 -41.1
      vertex 6.75725 120.806 -41.1
    endloop
  endfacet
  facet normal -0 0 1
    outer loop
      vertex 4.6194 110.087 -41.1
      vertex 10.2551 107.752 -41.1
      vertex 4.82963 110.706 -41.1
    endloop
  endfacet
  facet normal 0 0 1
    outer loop
      vertex 3.04381 115.967 -41.1
      vertex 6.75725 120.806 -41.1
      vertex 5.55 121.613 -41.1
    endloop
  endfacet
  facet normal 0 0 1
    outer loop
      vertex 10.2551 107.752 -41.1
      vertex 4.6194 110.087 -41.1
      vertex 9.61288 106.45 -41.1
    endloop
  endfacet
  facet normal -0 0 1
    outer loop
      vertex 4.33013 109.5 -41.1
      vertex 9.61288 106.45 -41.1
      vertex 4.6194 110.087 -41.1
    endloop
  endfacet
  facet normal 0 0 1
    outer loop
      vertex 11.005 113.449 -41.1
      vertex 4.95722 112.653 -41.1
      vertex 5 112 -41.1
    endloop
  endfacet
  facet normal 0 0 1
    outer loop
      vertex 10.7218 114.873 -41.1
      vertex 4.82963 113.294 -41.1
      vertex 4.95722 112.653 -41.1
    endloop
  endfacet
  facet normal 0 0 1
    outer loop
      vertex 10.2551 116.248 -41.1
      vertex 4.6194 113.913 -41.1
      vertex 4.82963 113.294 -41.1
    endloop
  endfacet
  facet normal 0 0 1
    outer loop
      vertex 9.61288 117.55 -41.1
      vertex 4.33013 114.5 -41.1
      vertex 4.6194 113.913 -41.1
    endloop
  endfacet
  facet normal 0 0 1
    outer loop
      vertex 2.5 116.33 -41.1
      vertex 5.55 121.613 -41.1
      vertex 4.24779 122.255 -41.1
    endloop
  endfacet
  facet normal 0 0 1
    outer loop
      vertex 8.80622 118.757 -41.1
      vertex 3.96677 115.044 -41.1
      vertex 4.33013 114.5 -41.1
    endloop
  endfacet
  facet normal 0 0 1
    outer loop
      vertex 7.84888 119.849 -41.1
      vertex 3.53553 115.536 -41.1
      vertex 3.96677 115.044 -41.1
    endloop
  endfacet
  facet normal 0 0 1
    outer loop
      vertex 6.75725 120.806 -41.1
      vertex 3.04381 115.967 -41.1
      vertex 3.53553 115.536 -41.1
    endloop
  endfacet
  facet normal 0 0 1
    outer loop
      vertex 1.91342 116.619 -41.1
      vertex 4.24779 122.255 -41.1
      vertex 2.87289 122.722 -41.1
    endloop
  endfacet
  facet normal 0 0 1
    outer loop
      vertex 5.55 121.613 -41.1
      vertex 2.5 116.33 -41.1
      vertex 3.04381 115.967 -41.1
    endloop
  endfacet
  facet normal 0 0 1
    outer loop
      vertex 4.24779 122.255 -41.1
      vertex 1.91342 116.619 -41.1
      vertex 2.5 116.33 -41.1
    endloop
  endfacet
  facet normal 0 0 1
    outer loop
      vertex 1.2941 116.83 -41.1
      vertex 2.87289 122.722 -41.1
      vertex 1.44884 123.005 -41.1
    endloop
  endfacet
  facet normal 0 0 1
    outer loop
      vertex 2.87289 122.722 -41.1
      vertex 1.2941 116.83 -41.1
      vertex 1.91342 116.619 -41.1
    endloop
  endfacet
  facet normal 0 0 1
    outer loop
      vertex 1.44884 123.005 -41.1
      vertex 0.652631 116.957 -41.1
      vertex 1.2941 116.83 -41.1
    endloop
  endfacet
  facet normal 0 0 1
    outer loop
      vertex 0 123.1 -41.1
      vertex 0.652631 116.957 -41.1
      vertex 1.44884 123.005 -41.1
    endloop
  endfacet
  facet normal 0 0 1
    outer loop
      vertex 0 123.1 -41.1
      vertex 0 117 -41.1
      vertex 0.652631 116.957 -41.1
    endloop
  endfacet
  facet normal 0 0 1
    outer loop
      vertex 0 123.1 -41.1
      vertex -0.652631 116.957 -41.1
      vertex 0 117 -41.1
    endloop
  endfacet
  facet normal -0 0 1
    outer loop
      vertex -1.44884 123.005 -41.1
      vertex -0.652631 116.957 -41.1
      vertex 0 123.1 -41.1
    endloop
  endfacet
  facet normal 0 0 1
    outer loop
      vertex -0.652631 116.957 -41.1
      vertex -1.44884 123.005 -41.1
      vertex -1.2941 116.83 -41.1
    endloop
  endfacet
  facet normal -0 0 1
    outer loop
      vertex -2.87289 122.722 -41.1
      vertex -1.2941 116.83 -41.1
      vertex -1.44884 123.005 -41.1
    endloop
  endfacet
  facet normal 0 0 1
    outer loop
      vertex -1.2941 116.83 -41.1
      vertex -2.87289 122.722 -41.1
      vertex -1.91342 116.619 -41.1
    endloop
  endfacet
  facet normal -0 0 1
    outer loop
      vertex -4.24779 122.255 -41.1
      vertex -1.91342 116.619 -41.1
      vertex -2.87289 122.722 -41.1
    endloop
  endfacet
  facet normal 0 0 1
    outer loop
      vertex -1.91342 116.619 -41.1
      vertex -4.24779 122.255 -41.1
      vertex -2.5 116.33 -41.1
    endloop
  endfacet
  facet normal -0 0 1
    outer loop
      vertex -5.55 121.613 -41.1
      vertex -2.5 116.33 -41.1
      vertex -4.24779 122.255 -41.1
    endloop
  endfacet
  facet normal 0 0 1
    outer loop
      vertex -2.5 116.33 -41.1
      vertex -5.55 121.613 -41.1
      vertex -3.04381 115.967 -41.1
    endloop
  endfacet
  facet normal -0 0 1
    outer loop
      vertex -6.75725 120.806 -41.1
      vertex -3.04381 115.967 -41.1
      vertex -5.55 121.613 -41.1
    endloop
  endfacet
  facet normal 0 0 1
    outer loop
      vertex -3.04381 115.967 -41.1
      vertex -6.75725 120.806 -41.1
      vertex -3.53553 115.536 -41.1
    endloop
  endfacet
  facet normal -0 0 1
    outer loop
      vertex -7.84888 119.849 -41.1
      vertex -3.53553 115.536 -41.1
      vertex -6.75725 120.806 -41.1
    endloop
  endfacet
  facet normal 0 0 1
    outer loop
      vertex -3.53553 115.536 -41.1
      vertex -7.84888 119.849 -41.1
      vertex -3.96677 115.044 -41.1
    endloop
  endfacet
  facet normal -0 0 1
    outer loop
      vertex -8.80622 118.757 -41.1
      vertex -3.96677 115.044 -41.1
      vertex -7.84888 119.849 -41.1
    endloop
  endfacet
  facet normal -0 0 1
    outer loop
      vertex -9.61288 117.55 -41.1
      vertex -4.33013 114.5 -41.1
      vertex -8.80622 118.757 -41.1
    endloop
  endfacet
  facet normal 0 0 1
    outer loop
      vertex -3.96677 115.044 -41.1
      vertex -8.80622 118.757 -41.1
      vertex -4.33013 114.5 -41.1
    endloop
  endfacet
  facet normal 0 0 1
    outer loop
      vertex 9.61288 106.45 -41.1
      vertex 4.33013 109.5 -41.1
      vertex 8.80622 105.243 -41.1
    endloop
  endfacet
  facet normal -0 0 1
    outer loop
      vertex 3.96677 108.956 -41.1
      vertex 8.80622 105.243 -41.1
      vertex 4.33013 109.5 -41.1
    endloop
  endfacet
  facet normal 0 0 1
    outer loop
      vertex 8.80622 105.243 -41.1
      vertex 3.96677 108.956 -41.1
      vertex 7.84888 104.151 -41.1
    endloop
  endfacet
  facet normal -0 0 1
    outer loop
      vertex 3.53553 108.464 -41.1
      vertex 7.84888 104.151 -41.1
      vertex 3.96677 108.956 -41.1
    endloop
  endfacet
  facet normal 0 0 1
    outer loop
      vertex 7.84888 104.151 -41.1
      vertex 3.53553 108.464 -41.1
      vertex 6.75725 103.194 -41.1
    endloop
  endfacet
  facet normal -0 0 1
    outer loop
      vertex 3.04381 108.033 -41.1
      vertex 6.75725 103.194 -41.1
      vertex 3.53553 108.464 -41.1
    endloop
  endfacet
  facet normal 0 0 1
    outer loop
      vertex 6.75725 103.194 -41.1
      vertex 3.04381 108.033 -41.1
      vertex 5.55 102.387 -41.1
    endloop
  endfacet
  facet normal -0 0 1
    outer loop
      vertex 2.5 107.67 -41.1
      vertex 5.55 102.387 -41.1
      vertex 3.04381 108.033 -41.1
    endloop
  endfacet
  facet normal 0 0 1
    outer loop
      vertex 5.55 102.387 -41.1
      vertex 2.5 107.67 -41.1
      vertex 4.24779 101.745 -41.1
    endloop
  endfacet
  facet normal -0 0 1
    outer loop
      vertex 1.91342 107.381 -41.1
      vertex 4.24779 101.745 -41.1
      vertex 2.5 107.67 -41.1
    endloop
  endfacet
  facet normal 0 0 1
    outer loop
      vertex 4.24779 101.745 -41.1
      vertex 1.91342 107.381 -41.1
      vertex 2.87289 101.278 -41.1
    endloop
  endfacet
  facet normal -0 0 1
    outer loop
      vertex 1.2941 107.17 -41.1
      vertex 2.87289 101.278 -41.1
      vertex 1.91342 107.381 -41.1
    endloop
  endfacet
  facet normal 0 0 1
    outer loop
      vertex 2.87289 101.278 -41.1
      vertex 1.2941 107.17 -41.1
      vertex 1.44884 100.995 -41.1
    endloop
  endfacet
  facet normal -0 0 1
    outer loop
      vertex 0.652631 107.043 -41.1
      vertex 1.44884 100.995 -41.1
      vertex 1.2941 107.17 -41.1
    endloop
  endfacet
  facet normal -0 0 1
    outer loop
      vertex 0 107 -41.1
      vertex 1.44884 100.995 -41.1
      vertex 0.652631 107.043 -41.1
    endloop
  endfacet
  facet normal 0 0 1
    outer loop
      vertex 0 107 -41.1
      vertex 0 100.9 -41.1
      vertex 1.44884 100.995 -41.1
    endloop
  endfacet
  facet normal 0 0 1
    outer loop
      vertex -0.652631 107.043 -41.1
      vertex 0 100.9 -41.1
      vertex 0 107 -41.1
    endloop
  endfacet
  facet normal 0 0 1
    outer loop
      vertex -1.44884 100.995 -41.1
      vertex -0.652631 107.043 -41.1
      vertex -1.2941 107.17 -41.1
    endloop
  endfacet
  facet normal 0 0 1
    outer loop
      vertex -0.652631 107.043 -41.1
      vertex -1.44884 100.995 -41.1
      vertex 0 100.9 -41.1
    endloop
  endfacet
  facet normal 0 0 1
    outer loop
      vertex -2.87289 101.278 -41.1
      vertex -1.2941 107.17 -41.1
      vertex -1.91342 107.381 -41.1
    endloop
  endfacet
  facet normal 0 0 1
    outer loop
      vertex -4.24779 101.745 -41.1
      vertex -1.91342 107.381 -41.1
      vertex -2.5 107.67 -41.1
    endloop
  endfacet
  facet normal 0 0 1
    outer loop
      vertex -1.2941 107.17 -41.1
      vertex -2.87289 101.278 -41.1
      vertex -1.44884 100.995 -41.1
    endloop
  endfacet
  facet normal 0 0 1
    outer loop
      vertex -5.55 102.387 -41.1
      vertex -2.5 107.67 -41.1
      vertex -3.04381 108.033 -41.1
    endloop
  endfacet
  facet normal 0 0 1
    outer loop
      vertex -6.75725 103.194 -41.1
      vertex -3.04381 108.033 -41.1
      vertex -3.53553 108.464 -41.1
    endloop
  endfacet
  facet normal 0 0 1
    outer loop
      vertex -7.84888 104.151 -41.1
      vertex -3.53553 108.464 -41.1
      vertex -3.96677 108.956 -41.1
    endloop
  endfacet
  facet normal 0 0 1
    outer loop
      vertex -1.91342 107.381 -41.1
      vertex -4.24779 101.745 -41.1
      vertex -2.87289 101.278 -41.1
    endloop
  endfacet
  facet normal 0 0 1
    outer loop
      vertex -8.80622 105.243 -41.1
      vertex -3.96677 108.956 -41.1
      vertex -4.33013 109.5 -41.1
    endloop
  endfacet
  facet normal 0 0 1
    outer loop
      vertex -9.61288 106.45 -41.1
      vertex -4.33013 109.5 -41.1
      vertex -4.6194 110.087 -41.1
    endloop
  endfacet
  facet normal 0 0 1
    outer loop
      vertex -10.2551 107.752 -41.1
      vertex -4.6194 110.087 -41.1
      vertex -4.82963 110.706 -41.1
    endloop
  endfacet
  facet normal 0 0 1
    outer loop
      vertex -10.7218 109.127 -41.1
      vertex -4.82963 110.706 -41.1
      vertex -4.95722 111.347 -41.1
    endloop
  endfacet
  facet normal 0 0 1
    outer loop
      vertex -2.5 107.67 -41.1
      vertex -5.55 102.387 -41.1
      vertex -4.24779 101.745 -41.1
    endloop
  endfacet
  facet normal 0 0 1
    outer loop
      vertex -11.005 110.551 -41.1
      vertex -4.95722 111.347 -41.1
      vertex -5 112 -41.1
    endloop
  endfacet
  facet normal 0 0 1
    outer loop
      vertex -4.33013 114.5 -41.1
      vertex -9.61288 117.55 -41.1
      vertex -4.6194 113.913 -41.1
    endloop
  endfacet
  facet normal -0 0 1
    outer loop
      vertex -10.2551 116.248 -41.1
      vertex -4.6194 113.913 -41.1
      vertex -9.61288 117.55 -41.1
    endloop
  endfacet
  facet normal 0 0 1
    outer loop
      vertex -3.04381 108.033 -41.1
      vertex -6.75725 103.194 -41.1
      vertex -5.55 102.387 -41.1
    endloop
  endfacet
  facet normal 0 0 1
    outer loop
      vertex -4.6194 113.913 -41.1
      vertex -10.2551 116.248 -41.1
      vertex -4.82963 113.294 -41.1
    endloop
  endfacet
  facet normal 0 0 1
    outer loop
      vertex -3.53553 108.464 -41.1
      vertex -7.84888 104.151 -41.1
      vertex -6.75725 103.194 -41.1
    endloop
  endfacet
  facet normal -0 0 1
    outer loop
      vertex -10.7218 114.873 -41.1
      vertex -4.82963 113.294 -41.1
      vertex -10.2551 116.248 -41.1
    endloop
  endfacet
  facet normal 0 0 1
    outer loop
      vertex -3.96677 108.956 -41.1
      vertex -8.80622 105.243 -41.1
      vertex -7.84888 104.151 -41.1
    endloop
  endfacet
  facet normal 0 0 1
    outer loop
      vertex -4.82963 113.294 -41.1
      vertex -10.7218 114.873 -41.1
      vertex -4.95722 112.653 -41.1
    endloop
  endfacet
  facet normal 0 0 1
    outer loop
      vertex -4.33013 109.5 -41.1
      vertex -9.61288 106.45 -41.1
      vertex -8.80622 105.243 -41.1
    endloop
  endfacet
  facet normal -0 0 1
    outer loop
      vertex -11.005 113.449 -41.1
      vertex -4.95722 112.653 -41.1
      vertex -10.7218 114.873 -41.1
    endloop
  endfacet
  facet normal 0 0 1
    outer loop
      vertex -4.6194 110.087 -41.1
      vertex -10.2551 107.752 -41.1
      vertex -9.61288 106.45 -41.1
    endloop
  endfacet
  facet normal 0 0 1
    outer loop
      vertex -4.95722 112.653 -41.1
      vertex -11.005 113.449 -41.1
      vertex -5 112 -41.1
    endloop
  endfacet
  facet normal 0 0 1
    outer loop
      vertex -4.82963 110.706 -41.1
      vertex -10.7218 109.127 -41.1
      vertex -10.2551 107.752 -41.1
    endloop
  endfacet
  facet normal 0 0 1
    outer loop
      vertex -11.1 112 -41.1
      vertex -5 112 -41.1
      vertex -11.005 113.449 -41.1
    endloop
  endfacet
  facet normal 0 0 1
    outer loop
      vertex -4.95722 111.347 -41.1
      vertex -11.005 110.551 -41.1
      vertex -10.7218 109.127 -41.1
    endloop
  endfacet
  facet normal 0 0 1
    outer loop
      vertex -5 112 -41.1
      vertex -11.1 112 -41.1
      vertex -11.005 110.551 -41.1
    endloop
  endfacet
  facet normal 0.0654292 0.997857 -0
    outer loop
      vertex 0 100.9 -41.1
      vertex -1.44884 100.995 -34
      vertex 0 100.9 -34
    endloop
  endfacet
  facet normal 0.0654292 0.997857 0
    outer loop
      vertex -1.44884 100.995 -34
      vertex 0 100.9 -41.1
      vertex -1.44884 100.995 -41.1
    endloop
  endfacet
  facet normal -0.659216 0.751954 0
    outer loop
      vertex 7.84888 104.151 -41.1
      vertex 6.75725 103.194 -34
      vertex 7.84888 104.151 -34
    endloop
  endfacet
  facet normal -0.659216 0.751954 0
    outer loop
      vertex 6.75725 103.194 -34
      vertex 7.84888 104.151 -41.1
      vertex 6.75725 103.194 -41.1
    endloop
  endfacet
  facet normal -0.831443 -0.55561 0
    outer loop
      vertex 6.20104 77.3975 -74.5
      vertex 5.91924 77.8192 -71.5
      vertex 5.91924 77.8192 -74.5
    endloop
  endfacet
  facet normal -0.831443 -0.55561 0
    outer loop
      vertex 5.91924 77.8192 -71.5
      vertex 6.20104 77.3975 -74.5
      vertex 6.20104 77.3975 -71.5
    endloop
  endfacet
  facet normal -0.831443 -0.55561 0
    outer loop
      vertex 6.20104 77.3975 10
      vertex 5.91924 77.8192 18
      vertex 5.91924 77.8192 10
    endloop
  endfacet
  facet normal -0.831443 -0.55561 0
    outer loop
      vertex 5.91924 77.8192 18
      vertex 6.20104 77.3975 10
      vertex 6.20104 77.3975 18
    endloop
  endfacet
  facet normal -0.831443 -0.55561 0
    outer loop
      vertex 6.20104 77.3975 -42
      vertex 5.91924 77.8192 -34
      vertex 5.91924 77.8192 -42
    endloop
  endfacet
  facet normal -0.831443 -0.55561 0
    outer loop
      vertex 5.91924 77.8192 -34
      vertex 6.20104 77.3975 -42
      vertex 6.20104 77.3975 -34
    endloop
  endfacet
  facet normal 0.555564 -0.831474 0
    outer loop
      vertex 4.08076 77.8192 -74.5
      vertex 4.50251 78.101 -71.5
      vertex 4.08076 77.8192 -71.5
    endloop
  endfacet
  facet normal 0.555564 -0.831474 0
    outer loop
      vertex 4.50251 78.101 -71.5
      vertex 4.08076 77.8192 -74.5
      vertex 4.50251 78.101 -74.5
    endloop
  endfacet
  facet normal 0.555564 -0.831474 0
    outer loop
      vertex 4.08076 77.8192 10
      vertex 4.50251 78.101 18
      vertex 4.08076 77.8192 18
    endloop
  endfacet
  facet normal 0.555564 -0.831474 0
    outer loop
      vertex 4.50251 78.101 18
      vertex 4.08076 77.8192 10
      vertex 4.50251 78.101 10
    endloop
  endfacet
  facet normal 0.555564 -0.831474 0
    outer loop
      vertex 4.08076 77.8192 -42
      vertex 4.50251 78.101 -34
      vertex 4.08076 77.8192 -34
    endloop
  endfacet
  facet normal 0.555564 -0.831474 0
    outer loop
      vertex 4.50251 78.101 -34
      vertex 4.08076 77.8192 -42
      vertex 4.50251 78.101 -42
    endloop
  endfacet
  facet normal 0.195172 -0.980769 0
    outer loop
      vertex 4.50251 78.101 -74.5
      vertex 5 78.2 -71.5
      vertex 4.50251 78.101 -71.5
    endloop
  endfacet
  facet normal 0.195172 -0.980769 0
    outer loop
      vertex 5 78.2 -71.5
      vertex 4.50251 78.101 -74.5
      vertex 5 78.2 -74.5
    endloop
  endfacet
  facet normal 0.195172 -0.980769 0
    outer loop
      vertex 4.50251 78.101 10
      vertex 5 78.2 18
      vertex 4.50251 78.101 18
    endloop
  endfacet
  facet normal 0.195172 -0.980769 0
    outer loop
      vertex 5 78.2 18
      vertex 4.50251 78.101 10
      vertex 5 78.2 10
    endloop
  endfacet
  facet normal 0.195172 -0.980769 0
    outer loop
      vertex 4.50251 78.101 -42
      vertex 5 78.2 -34
      vertex 4.50251 78.101 -34
    endloop
  endfacet
  facet normal 0.195172 -0.980769 0
    outer loop
      vertex 5 78.2 -34
      vertex 4.50251 78.101 -42
      vertex 5 78.2 -42
    endloop
  endfacet
  facet normal 0.831443 -0.55561 0
    outer loop
      vertex 3.79896 77.3975 -71.5
      vertex 4.08076 77.8192 -74.5
      vertex 4.08076 77.8192 -71.5
    endloop
  endfacet
  facet normal 0.831443 -0.55561 0
    outer loop
      vertex 4.08076 77.8192 -74.5
      vertex 3.79896 77.3975 -71.5
      vertex 3.79896 77.3975 -74.5
    endloop
  endfacet
  facet normal 0.831443 -0.55561 0
    outer loop
      vertex 3.79896 77.3975 18
      vertex 4.08076 77.8192 10
      vertex 4.08076 77.8192 18
    endloop
  endfacet
  facet normal 0.831443 -0.55561 0
    outer loop
      vertex 4.08076 77.8192 10
      vertex 3.79896 77.3975 18
      vertex 3.79896 77.3975 10
    endloop
  endfacet
  facet normal 0.831443 -0.55561 0
    outer loop
      vertex 3.79896 77.3975 -34
      vertex 4.08076 77.8192 -42
      vertex 4.08076 77.8192 -34
    endloop
  endfacet
  facet normal 0.831443 -0.55561 0
    outer loop
      vertex 4.08076 77.8192 -42
      vertex 3.79896 77.3975 -34
      vertex 3.79896 77.3975 -42
    endloop
  endfacet
  facet normal 0.195172 0.980769 -0
    outer loop
      vertex 5 75.6 -74.5
      vertex 4.50251 75.699 -71.5
      vertex 5 75.6 -71.5
    endloop
  endfacet
  facet normal 0.195172 0.980769 0
    outer loop
      vertex 4.50251 75.699 -71.5
      vertex 5 75.6 -74.5
      vertex 4.50251 75.699 -74.5
    endloop
  endfacet
  facet normal 0.195172 0.980769 -0
    outer loop
      vertex 5 75.6 10
      vertex 4.50251 75.699 18
      vertex 5 75.6 18
    endloop
  endfacet
  facet normal 0.195172 0.980769 0
    outer loop
      vertex 4.50251 75.699 18
      vertex 5 75.6 10
      vertex 4.50251 75.699 10
    endloop
  endfacet
  facet normal 0.195172 0.980769 -0
    outer loop
      vertex 5 75.6 -42
      vertex 4.50251 75.699 -34
      vertex 5 75.6 -34
    endloop
  endfacet
  facet normal 0.195172 0.980769 0
    outer loop
      vertex 4.50251 75.699 -34
      vertex 5 75.6 -42
      vertex 4.50251 75.699 -42
    endloop
  endfacet
  facet normal 0.980785 -0.195092 0
    outer loop
      vertex 3.7 76.9 -71.5
      vertex 3.79896 77.3975 -74.5
      vertex 3.79896 77.3975 -71.5
    endloop
  endfacet
  facet normal 0.980785 -0.195092 0
    outer loop
      vertex 3.79896 77.3975 -74.5
      vertex 3.7 76.9 -71.5
      vertex 3.7 76.9 -74.5
    endloop
  endfacet
  facet normal 0.980785 -0.195092 0
    outer loop
      vertex 3.7 76.9 18
      vertex 3.79896 77.3975 10
      vertex 3.79896 77.3975 18
    endloop
  endfacet
  facet normal 0.980785 -0.195092 0
    outer loop
      vertex 3.79896 77.3975 10
      vertex 3.7 76.9 18
      vertex 3.7 76.9 10
    endloop
  endfacet
  facet normal 0.980785 -0.195092 0
    outer loop
      vertex 3.7 76.9 -34
      vertex 3.79896 77.3975 -42
      vertex 3.79896 77.3975 -34
    endloop
  endfacet
  facet normal 0.980785 -0.195092 0
    outer loop
      vertex 3.79896 77.3975 -42
      vertex 3.7 76.9 -34
      vertex 3.7 76.9 -42
    endloop
  endfacet
  facet normal -0.195172 0.980769 0
    outer loop
      vertex 5.49749 75.699 -74.5
      vertex 5 75.6 -71.5
      vertex 5.49749 75.699 -71.5
    endloop
  endfacet
  facet normal -0.195172 0.980769 0
    outer loop
      vertex 5 75.6 -71.5
      vertex 5.49749 75.699 -74.5
      vertex 5 75.6 -74.5
    endloop
  endfacet
  facet normal -0.195172 0.980769 0
    outer loop
      vertex 5.49749 75.699 10
      vertex 5 75.6 18
      vertex 5.49749 75.699 18
    endloop
  endfacet
  facet normal -0.195172 0.980769 0
    outer loop
      vertex 5 75.6 18
      vertex 5.49749 75.699 10
      vertex 5 75.6 10
    endloop
  endfacet
  facet normal -0.195172 0.980769 0
    outer loop
      vertex 5.49749 75.699 -42
      vertex 5 75.6 -34
      vertex 5.49749 75.699 -34
    endloop
  endfacet
  facet normal -0.195172 0.980769 0
    outer loop
      vertex 5 75.6 -34
      vertex 5.49749 75.699 -42
      vertex 5 75.6 -42
    endloop
  endfacet
  facet normal -0.195172 -0.980769 0
    outer loop
      vertex 5 78.2 -74.5
      vertex 5.49749 78.101 -71.5
      vertex 5 78.2 -71.5
    endloop
  endfacet
  facet normal -0.195172 -0.980769 -0
    outer loop
      vertex 5.49749 78.101 -71.5
      vertex 5 78.2 -74.5
      vertex 5.49749 78.101 -74.5
    endloop
  endfacet
  facet normal -0.195172 -0.980769 0
    outer loop
      vertex 5 78.2 10
      vertex 5.49749 78.101 18
      vertex 5 78.2 18
    endloop
  endfacet
  facet normal -0.195172 -0.980769 -0
    outer loop
      vertex 5.49749 78.101 18
      vertex 5 78.2 10
      vertex 5.49749 78.101 10
    endloop
  endfacet
  facet normal -0.195172 -0.980769 0
    outer loop
      vertex 5 78.2 -42
      vertex 5.49749 78.101 -34
      vertex 5 78.2 -34
    endloop
  endfacet
  facet normal -0.195172 -0.980769 -0
    outer loop
      vertex 5.49749 78.101 -34
      vertex 5 78.2 -42
      vertex 5.49749 78.101 -42
    endloop
  endfacet
  facet normal -0.555564 0.831474 0
    outer loop
      vertex 5.91924 75.9808 -74.5
      vertex 5.49749 75.699 -71.5
      vertex 5.91924 75.9808 -71.5
    endloop
  endfacet
  facet normal -0.555564 0.831474 0
    outer loop
      vertex 5.49749 75.699 -71.5
      vertex 5.91924 75.9808 -74.5
      vertex 5.49749 75.699 -74.5
    endloop
  endfacet
  facet normal -0.555564 0.831474 0
    outer loop
      vertex 5.91924 75.9808 10
      vertex 5.49749 75.699 18
      vertex 5.91924 75.9808 18
    endloop
  endfacet
  facet normal -0.555564 0.831474 0
    outer loop
      vertex 5.49749 75.699 18
      vertex 5.91924 75.9808 10
      vertex 5.49749 75.699 10
    endloop
  endfacet
  facet normal -0.555564 0.831474 0
    outer loop
      vertex 5.91924 75.9808 -42
      vertex 5.49749 75.699 -34
      vertex 5.91924 75.9808 -34
    endloop
  endfacet
  facet normal -0.555564 0.831474 0
    outer loop
      vertex 5.49749 75.699 -34
      vertex 5.91924 75.9808 -42
      vertex 5.49749 75.699 -42
    endloop
  endfacet
  facet normal 0.831443 0.55561 0
    outer loop
      vertex 4.08076 75.9808 -71.5
      vertex 3.79896 76.4025 -74.5
      vertex 3.79896 76.4025 -71.5
    endloop
  endfacet
  facet normal 0.831443 0.55561 0
    outer loop
      vertex 3.79896 76.4025 -74.5
      vertex 4.08076 75.9808 -71.5
      vertex 4.08076 75.9808 -74.5
    endloop
  endfacet
  facet normal 0.831443 0.55561 0
    outer loop
      vertex 4.08076 75.9808 18
      vertex 3.79896 76.4025 10
      vertex 3.79896 76.4025 18
    endloop
  endfacet
  facet normal 0.831443 0.55561 0
    outer loop
      vertex 3.79896 76.4025 10
      vertex 4.08076 75.9808 18
      vertex 4.08076 75.9808 10
    endloop
  endfacet
  facet normal 0.831443 0.55561 0
    outer loop
      vertex 4.08076 75.9808 -34
      vertex 3.79896 76.4025 -42
      vertex 3.79896 76.4025 -34
    endloop
  endfacet
  facet normal 0.831443 0.55561 0
    outer loop
      vertex 3.79896 76.4025 -42
      vertex 4.08076 75.9808 -34
      vertex 4.08076 75.9808 -42
    endloop
  endfacet
  facet normal -0.555564 -0.831474 0
    outer loop
      vertex 5.49749 78.101 -74.5
      vertex 5.91924 77.8192 -71.5
      vertex 5.49749 78.101 -71.5
    endloop
  endfacet
  facet normal -0.555564 -0.831474 -0
    outer loop
      vertex 5.91924 77.8192 -71.5
      vertex 5.49749 78.101 -74.5
      vertex 5.91924 77.8192 -74.5
    endloop
  endfacet
  facet normal -0.555564 -0.831474 0
    outer loop
      vertex 5.49749 78.101 10
      vertex 5.91924 77.8192 18
      vertex 5.49749 78.101 18
    endloop
  endfacet
  facet normal -0.555564 -0.831474 -0
    outer loop
      vertex 5.91924 77.8192 18
      vertex 5.49749 78.101 10
      vertex 5.91924 77.8192 10
    endloop
  endfacet
  facet normal -0.555564 -0.831474 0
    outer loop
      vertex 5.49749 78.101 -42
      vertex 5.91924 77.8192 -34
      vertex 5.49749 78.101 -34
    endloop
  endfacet
  facet normal -0.555564 -0.831474 -0
    outer loop
      vertex 5.91924 77.8192 -34
      vertex 5.49749 78.101 -42
      vertex 5.91924 77.8192 -42
    endloop
  endfacet
  facet normal -0.980785 -0.195092 0
    outer loop
      vertex 6.3 76.9 -74.5
      vertex 6.20104 77.3975 -71.5
      vertex 6.20104 77.3975 -74.5
    endloop
  endfacet
  facet normal -0.980785 -0.195092 0
    outer loop
      vertex 6.20104 77.3975 -71.5
      vertex 6.3 76.9 -74.5
      vertex 6.3 76.9 -71.5
    endloop
  endfacet
  facet normal -0.980785 -0.195092 0
    outer loop
      vertex 6.3 76.9 10
      vertex 6.20104 77.3975 18
      vertex 6.20104 77.3975 10
    endloop
  endfacet
  facet normal -0.980785 -0.195092 0
    outer loop
      vertex 6.20104 77.3975 18
      vertex 6.3 76.9 10
      vertex 6.3 76.9 18
    endloop
  endfacet
  facet normal -0.980785 -0.195092 0
    outer loop
      vertex 6.3 76.9 -42
      vertex 6.20104 77.3975 -34
      vertex 6.20104 77.3975 -42
    endloop
  endfacet
  facet normal -0.980785 -0.195092 0
    outer loop
      vertex 6.20104 77.3975 -34
      vertex 6.3 76.9 -42
      vertex 6.3 76.9 -34
    endloop
  endfacet
  facet normal 0.980785 0.195092 0
    outer loop
      vertex 3.79896 76.4025 -71.5
      vertex 3.7 76.9 -74.5
      vertex 3.7 76.9 -71.5
    endloop
  endfacet
  facet normal 0.980785 0.195092 0
    outer loop
      vertex 3.7 76.9 -74.5
      vertex 3.79896 76.4025 -71.5
      vertex 3.79896 76.4025 -74.5
    endloop
  endfacet
  facet normal 0.980785 0.195092 0
    outer loop
      vertex 3.79896 76.4025 18
      vertex 3.7 76.9 10
      vertex 3.7 76.9 18
    endloop
  endfacet
  facet normal 0.980785 0.195092 0
    outer loop
      vertex 3.7 76.9 10
      vertex 3.79896 76.4025 18
      vertex 3.79896 76.4025 10
    endloop
  endfacet
  facet normal 0.980785 0.195092 0
    outer loop
      vertex 3.79896 76.4025 -34
      vertex 3.7 76.9 -42
      vertex 3.7 76.9 -34
    endloop
  endfacet
  facet normal 0.980785 0.195092 0
    outer loop
      vertex 3.7 76.9 -42
      vertex 3.79896 76.4025 -34
      vertex 3.79896 76.4025 -42
    endloop
  endfacet
  facet normal -0.980785 0.195092 0
    outer loop
      vertex 6.20104 76.4025 -74.5
      vertex 6.3 76.9 -71.5
      vertex 6.3 76.9 -74.5
    endloop
  endfacet
  facet normal -0.980785 0.195092 0
    outer loop
      vertex 6.3 76.9 -71.5
      vertex 6.20104 76.4025 -74.5
      vertex 6.20104 76.4025 -71.5
    endloop
  endfacet
  facet normal -0.980785 0.195092 0
    outer loop
      vertex 6.20104 76.4025 10
      vertex 6.3 76.9 18
      vertex 6.3 76.9 10
    endloop
  endfacet
  facet normal -0.980785 0.195092 0
    outer loop
      vertex 6.3 76.9 18
      vertex 6.20104 76.4025 10
      vertex 6.20104 76.4025 18
    endloop
  endfacet
  facet normal -0.980785 0.195092 0
    outer loop
      vertex 6.20104 76.4025 -42
      vertex 6.3 76.9 -34
      vertex 6.3 76.9 -42
    endloop
  endfacet
  facet normal -0.980785 0.195092 0
    outer loop
      vertex 6.3 76.9 -34
      vertex 6.20104 76.4025 -42
      vertex 6.20104 76.4025 -34
    endloop
  endfacet
  facet normal 0.555564 0.831474 -0
    outer loop
      vertex 4.50251 75.699 -74.5
      vertex 4.08076 75.9808 -71.5
      vertex 4.50251 75.699 -71.5
    endloop
  endfacet
  facet normal 0.555564 0.831474 0
    outer loop
      vertex 4.08076 75.9808 -71.5
      vertex 4.50251 75.699 -74.5
      vertex 4.08076 75.9808 -74.5
    endloop
  endfacet
  facet normal 0.555564 0.831474 -0
    outer loop
      vertex 4.50251 75.699 10
      vertex 4.08076 75.9808 18
      vertex 4.50251 75.699 18
    endloop
  endfacet
  facet normal 0.555564 0.831474 0
    outer loop
      vertex 4.08076 75.9808 18
      vertex 4.50251 75.699 10
      vertex 4.08076 75.9808 10
    endloop
  endfacet
  facet normal 0.555564 0.831474 -0
    outer loop
      vertex 4.50251 75.699 -42
      vertex 4.08076 75.9808 -34
      vertex 4.50251 75.699 -34
    endloop
  endfacet
  facet normal 0.555564 0.831474 0
    outer loop
      vertex 4.08076 75.9808 -34
      vertex 4.50251 75.699 -42
      vertex 4.08076 75.9808 -42
    endloop
  endfacet
  facet normal -0.831443 0.55561 0
    outer loop
      vertex 5.91924 75.9808 -74.5
      vertex 6.20104 76.4025 -71.5
      vertex 6.20104 76.4025 -74.5
    endloop
  endfacet
  facet normal -0.831443 0.55561 0
    outer loop
      vertex 6.20104 76.4025 -71.5
      vertex 5.91924 75.9808 -74.5
      vertex 5.91924 75.9808 -71.5
    endloop
  endfacet
  facet normal -0.831443 0.55561 0
    outer loop
      vertex 5.91924 75.9808 10
      vertex 6.20104 76.4025 18
      vertex 6.20104 76.4025 10
    endloop
  endfacet
  facet normal -0.831443 0.55561 0
    outer loop
      vertex 6.20104 76.4025 18
      vertex 5.91924 75.9808 10
      vertex 5.91924 75.9808 18
    endloop
  endfacet
  facet normal -0.831443 0.55561 0
    outer loop
      vertex 5.91924 75.9808 -42
      vertex 6.20104 76.4025 -34
      vertex 6.20104 76.4025 -42
    endloop
  endfacet
  facet normal -0.831443 0.55561 0
    outer loop
      vertex 6.20104 76.4025 -34
      vertex 5.91924 75.9808 -42
      vertex 5.91924 75.9808 -34
    endloop
  endfacet
  facet normal 0.555564 -0.831474 0
    outer loop
      vertex -5.91924 77.8192 -74.5
      vertex -5.49749 78.101 -71.5
      vertex -5.91924 77.8192 -71.5
    endloop
  endfacet
  facet normal 0.555564 -0.831474 0
    outer loop
      vertex -5.49749 78.101 -71.5
      vertex -5.91924 77.8192 -74.5
      vertex -5.49749 78.101 -74.5
    endloop
  endfacet
  facet normal 0.555564 -0.831474 0
    outer loop
      vertex -5.91924 77.8192 10
      vertex -5.49749 78.101 18
      vertex -5.91924 77.8192 18
    endloop
  endfacet
  facet normal 0.555564 -0.831474 0
    outer loop
      vertex -5.49749 78.101 18
      vertex -5.91924 77.8192 10
      vertex -5.49749 78.101 10
    endloop
  endfacet
  facet normal 0.555564 -0.831474 0
    outer loop
      vertex -5.91924 77.8192 -42
      vertex -5.49749 78.101 -34
      vertex -5.91924 77.8192 -34
    endloop
  endfacet
  facet normal 0.555564 -0.831474 0
    outer loop
      vertex -5.49749 78.101 -34
      vertex -5.91924 77.8192 -42
      vertex -5.49749 78.101 -42
    endloop
  endfacet
  facet normal 0.195172 -0.980769 0
    outer loop
      vertex -5.49749 78.101 -74.5
      vertex -5 78.2 -71.5
      vertex -5.49749 78.101 -71.5
    endloop
  endfacet
  facet normal 0.195172 -0.980769 0
    outer loop
      vertex -5 78.2 -71.5
      vertex -5.49749 78.101 -74.5
      vertex -5 78.2 -74.5
    endloop
  endfacet
  facet normal 0.195172 -0.980769 0
    outer loop
      vertex -5.49749 78.101 10
      vertex -5 78.2 18
      vertex -5.49749 78.101 18
    endloop
  endfacet
  facet normal 0.195172 -0.980769 0
    outer loop
      vertex -5 78.2 18
      vertex -5.49749 78.101 10
      vertex -5 78.2 10
    endloop
  endfacet
  facet normal 0.195172 -0.980769 0
    outer loop
      vertex -5.49749 78.101 -42
      vertex -5 78.2 -34
      vertex -5.49749 78.101 -34
    endloop
  endfacet
  facet normal 0.195172 -0.980769 0
    outer loop
      vertex -5 78.2 -34
      vertex -5.49749 78.101 -42
      vertex -5 78.2 -42
    endloop
  endfacet
  facet normal 0.831443 -0.55561 0
    outer loop
      vertex -6.20104 77.3975 -71.5
      vertex -5.91924 77.8192 -74.5
      vertex -5.91924 77.8192 -71.5
    endloop
  endfacet
  facet normal 0.831443 -0.55561 0
    outer loop
      vertex -5.91924 77.8192 -74.5
      vertex -6.20104 77.3975 -71.5
      vertex -6.20104 77.3975 -74.5
    endloop
  endfacet
  facet normal 0.831443 -0.55561 0
    outer loop
      vertex -6.20104 77.3975 18
      vertex -5.91924 77.8192 10
      vertex -5.91924 77.8192 18
    endloop
  endfacet
  facet normal 0.831443 -0.55561 0
    outer loop
      vertex -5.91924 77.8192 10
      vertex -6.20104 77.3975 18
      vertex -6.20104 77.3975 10
    endloop
  endfacet
  facet normal 0.831443 -0.55561 0
    outer loop
      vertex -6.20104 77.3975 -34
      vertex -5.91924 77.8192 -42
      vertex -5.91924 77.8192 -34
    endloop
  endfacet
  facet normal 0.831443 -0.55561 0
    outer loop
      vertex -5.91924 77.8192 -42
      vertex -6.20104 77.3975 -34
      vertex -6.20104 77.3975 -42
    endloop
  endfacet
  facet normal -0.555564 -0.831474 0
    outer loop
      vertex -4.50251 78.101 -74.5
      vertex -4.08076 77.8192 -71.5
      vertex -4.50251 78.101 -71.5
    endloop
  endfacet
  facet normal -0.555564 -0.831474 -0
    outer loop
      vertex -4.08076 77.8192 -71.5
      vertex -4.50251 78.101 -74.5
      vertex -4.08076 77.8192 -74.5
    endloop
  endfacet
  facet normal -0.555564 -0.831474 0
    outer loop
      vertex -4.50251 78.101 10
      vertex -4.08076 77.8192 18
      vertex -4.50251 78.101 18
    endloop
  endfacet
  facet normal -0.555564 -0.831474 -0
    outer loop
      vertex -4.08076 77.8192 18
      vertex -4.50251 78.101 10
      vertex -4.08076 77.8192 10
    endloop
  endfacet
  facet normal -0.555564 -0.831474 0
    outer loop
      vertex -4.50251 78.101 -42
      vertex -4.08076 77.8192 -34
      vertex -4.50251 78.101 -34
    endloop
  endfacet
  facet normal -0.555564 -0.831474 -0
    outer loop
      vertex -4.08076 77.8192 -34
      vertex -4.50251 78.101 -42
      vertex -4.08076 77.8192 -42
    endloop
  endfacet
  facet normal 0.980785 0.195092 0
    outer loop
      vertex -6.20104 76.4025 -71.5
      vertex -6.3 76.9 -74.5
      vertex -6.3 76.9 -71.5
    endloop
  endfacet
  facet normal 0.980785 0.195092 0
    outer loop
      vertex -6.3 76.9 -74.5
      vertex -6.20104 76.4025 -71.5
      vertex -6.20104 76.4025 -74.5
    endloop
  endfacet
  facet normal 0.980785 0.195092 0
    outer loop
      vertex -6.20104 76.4025 18
      vertex -6.3 76.9 10
      vertex -6.3 76.9 18
    endloop
  endfacet
  facet normal 0.980785 0.195092 0
    outer loop
      vertex -6.3 76.9 10
      vertex -6.20104 76.4025 18
      vertex -6.20104 76.4025 10
    endloop
  endfacet
  facet normal 0.980785 0.195092 0
    outer loop
      vertex -6.20104 76.4025 -34
      vertex -6.3 76.9 -42
      vertex -6.3 76.9 -34
    endloop
  endfacet
  facet normal 0.980785 0.195092 0
    outer loop
      vertex -6.3 76.9 -42
      vertex -6.20104 76.4025 -34
      vertex -6.20104 76.4025 -42
    endloop
  endfacet
  facet normal 0.555564 0.831474 -0
    outer loop
      vertex -5.49749 75.699 -74.5
      vertex -5.91924 75.9808 -71.5
      vertex -5.49749 75.699 -71.5
    endloop
  endfacet
  facet normal 0.555564 0.831474 0
    outer loop
      vertex -5.91924 75.9808 -71.5
      vertex -5.49749 75.699 -74.5
      vertex -5.91924 75.9808 -74.5
    endloop
  endfacet
  facet normal 0.555564 0.831474 -0
    outer loop
      vertex -5.49749 75.699 10
      vertex -5.91924 75.9808 18
      vertex -5.49749 75.699 18
    endloop
  endfacet
  facet normal 0.555564 0.831474 0
    outer loop
      vertex -5.91924 75.9808 18
      vertex -5.49749 75.699 10
      vertex -5.91924 75.9808 10
    endloop
  endfacet
  facet normal 0.555564 0.831474 -0
    outer loop
      vertex -5.49749 75.699 -42
      vertex -5.91924 75.9808 -34
      vertex -5.49749 75.699 -34
    endloop
  endfacet
  facet normal 0.555564 0.831474 0
    outer loop
      vertex -5.91924 75.9808 -34
      vertex -5.49749 75.699 -42
      vertex -5.91924 75.9808 -42
    endloop
  endfacet
  facet normal 0.195172 0.980769 -0
    outer loop
      vertex -5 75.6 -74.5
      vertex -5.49749 75.699 -71.5
      vertex -5 75.6 -71.5
    endloop
  endfacet
  facet normal 0.195172 0.980769 0
    outer loop
      vertex -5.49749 75.699 -71.5
      vertex -5 75.6 -74.5
      vertex -5.49749 75.699 -74.5
    endloop
  endfacet
  facet normal 0.195172 0.980769 -0
    outer loop
      vertex -5 75.6 10
      vertex -5.49749 75.699 18
      vertex -5 75.6 18
    endloop
  endfacet
  facet normal 0.195172 0.980769 0
    outer loop
      vertex -5.49749 75.699 18
      vertex -5 75.6 10
      vertex -5.49749 75.699 10
    endloop
  endfacet
  facet normal 0.195172 0.980769 -0
    outer loop
      vertex -5 75.6 -42
      vertex -5.49749 75.699 -34
      vertex -5 75.6 -34
    endloop
  endfacet
  facet normal 0.195172 0.980769 0
    outer loop
      vertex -5.49749 75.699 -34
      vertex -5 75.6 -42
      vertex -5.49749 75.699 -42
    endloop
  endfacet
  facet normal -0.980785 -0.195092 0
    outer loop
      vertex -3.7 76.9 -74.5
      vertex -3.79896 77.3975 -71.5
      vertex -3.79896 77.3975 -74.5
    endloop
  endfacet
  facet normal -0.980785 -0.195092 0
    outer loop
      vertex -3.79896 77.3975 -71.5
      vertex -3.7 76.9 -74.5
      vertex -3.7 76.9 -71.5
    endloop
  endfacet
  facet normal -0.980785 -0.195092 0
    outer loop
      vertex -3.7 76.9 10
      vertex -3.79896 77.3975 18
      vertex -3.79896 77.3975 10
    endloop
  endfacet
  facet normal -0.980785 -0.195092 0
    outer loop
      vertex -3.79896 77.3975 18
      vertex -3.7 76.9 10
      vertex -3.7 76.9 18
    endloop
  endfacet
  facet normal -0.980785 -0.195092 0
    outer loop
      vertex -3.7 76.9 -42
      vertex -3.79896 77.3975 -34
      vertex -3.79896 77.3975 -42
    endloop
  endfacet
  facet normal -0.980785 -0.195092 0
    outer loop
      vertex -3.79896 77.3975 -34
      vertex -3.7 76.9 -42
      vertex -3.7 76.9 -34
    endloop
  endfacet
  facet normal -0.980785 0.195092 0
    outer loop
      vertex -3.79896 76.4025 -74.5
      vertex -3.7 76.9 -71.5
      vertex -3.7 76.9 -74.5
    endloop
  endfacet
  facet normal -0.980785 0.195092 0
    outer loop
      vertex -3.7 76.9 -71.5
      vertex -3.79896 76.4025 -74.5
      vertex -3.79896 76.4025 -71.5
    endloop
  endfacet
  facet normal -0.980785 0.195092 0
    outer loop
      vertex -3.79896 76.4025 10
      vertex -3.7 76.9 18
      vertex -3.7 76.9 10
    endloop
  endfacet
  facet normal -0.980785 0.195092 0
    outer loop
      vertex -3.7 76.9 18
      vertex -3.79896 76.4025 10
      vertex -3.79896 76.4025 18
    endloop
  endfacet
  facet normal -0.980785 0.195092 0
    outer loop
      vertex -3.79896 76.4025 -42
      vertex -3.7 76.9 -34
      vertex -3.7 76.9 -42
    endloop
  endfacet
  facet normal -0.980785 0.195092 0
    outer loop
      vertex -3.7 76.9 -34
      vertex -3.79896 76.4025 -42
      vertex -3.79896 76.4025 -34
    endloop
  endfacet
  facet normal -0.195172 0.980769 0
    outer loop
      vertex -4.50251 75.699 -74.5
      vertex -5 75.6 -71.5
      vertex -4.50251 75.699 -71.5
    endloop
  endfacet
  facet normal -0.195172 0.980769 0
    outer loop
      vertex -5 75.6 -71.5
      vertex -4.50251 75.699 -74.5
      vertex -5 75.6 -74.5
    endloop
  endfacet
  facet normal -0.195172 0.980769 0
    outer loop
      vertex -4.50251 75.699 10
      vertex -5 75.6 18
      vertex -4.50251 75.699 18
    endloop
  endfacet
  facet normal -0.195172 0.980769 0
    outer loop
      vertex -5 75.6 18
      vertex -4.50251 75.699 10
      vertex -5 75.6 10
    endloop
  endfacet
  facet normal -0.195172 0.980769 0
    outer loop
      vertex -4.50251 75.699 -42
      vertex -5 75.6 -34
      vertex -4.50251 75.699 -34
    endloop
  endfacet
  facet normal -0.195172 0.980769 0
    outer loop
      vertex -5 75.6 -34
      vertex -4.50251 75.699 -42
      vertex -5 75.6 -42
    endloop
  endfacet
  facet normal 0.980785 -0.195092 0
    outer loop
      vertex -6.3 76.9 -71.5
      vertex -6.20104 77.3975 -74.5
      vertex -6.20104 77.3975 -71.5
    endloop
  endfacet
  facet normal 0.980785 -0.195092 0
    outer loop
      vertex -6.20104 77.3975 -74.5
      vertex -6.3 76.9 -71.5
      vertex -6.3 76.9 -74.5
    endloop
  endfacet
  facet normal 0.980785 -0.195092 0
    outer loop
      vertex -6.3 76.9 18
      vertex -6.20104 77.3975 10
      vertex -6.20104 77.3975 18
    endloop
  endfacet
  facet normal 0.980785 -0.195092 0
    outer loop
      vertex -6.20104 77.3975 10
      vertex -6.3 76.9 18
      vertex -6.3 76.9 10
    endloop
  endfacet
  facet normal 0.980785 -0.195092 0
    outer loop
      vertex -6.3 76.9 -34
      vertex -6.20104 77.3975 -42
      vertex -6.20104 77.3975 -34
    endloop
  endfacet
  facet normal 0.980785 -0.195092 0
    outer loop
      vertex -6.20104 77.3975 -42
      vertex -6.3 76.9 -34
      vertex -6.3 76.9 -42
    endloop
  endfacet
  facet normal -0.195172 -0.980769 0
    outer loop
      vertex -5 78.2 -74.5
      vertex -4.50251 78.101 -71.5
      vertex -5 78.2 -71.5
    endloop
  endfacet
  facet normal -0.195172 -0.980769 -0
    outer loop
      vertex -4.50251 78.101 -71.5
      vertex -5 78.2 -74.5
      vertex -4.50251 78.101 -74.5
    endloop
  endfacet
  facet normal -0.195172 -0.980769 0
    outer loop
      vertex -5 78.2 10
      vertex -4.50251 78.101 18
      vertex -5 78.2 18
    endloop
  endfacet
  facet normal -0.195172 -0.980769 -0
    outer loop
      vertex -4.50251 78.101 18
      vertex -5 78.2 10
      vertex -4.50251 78.101 10
    endloop
  endfacet
  facet normal -0.195172 -0.980769 0
    outer loop
      vertex -5 78.2 -42
      vertex -4.50251 78.101 -34
      vertex -5 78.2 -34
    endloop
  endfacet
  facet normal -0.195172 -0.980769 -0
    outer loop
      vertex -4.50251 78.101 -34
      vertex -5 78.2 -42
      vertex -4.50251 78.101 -42
    endloop
  endfacet
  facet normal -0.831443 -0.55561 0
    outer loop
      vertex -3.79896 77.3975 -74.5
      vertex -4.08076 77.8192 -71.5
      vertex -4.08076 77.8192 -74.5
    endloop
  endfacet
  facet normal -0.831443 -0.55561 0
    outer loop
      vertex -4.08076 77.8192 -71.5
      vertex -3.79896 77.3975 -74.5
      vertex -3.79896 77.3975 -71.5
    endloop
  endfacet
  facet normal -0.831443 -0.55561 0
    outer loop
      vertex -3.79896 77.3975 10
      vertex -4.08076 77.8192 18
      vertex -4.08076 77.8192 10
    endloop
  endfacet
  facet normal -0.831443 -0.55561 0
    outer loop
      vertex -4.08076 77.8192 18
      vertex -3.79896 77.3975 10
      vertex -3.79896 77.3975 18
    endloop
  endfacet
  facet normal -0.831443 -0.55561 0
    outer loop
      vertex -3.79896 77.3975 -42
      vertex -4.08076 77.8192 -34
      vertex -4.08076 77.8192 -42
    endloop
  endfacet
  facet normal -0.831443 -0.55561 0
    outer loop
      vertex -4.08076 77.8192 -34
      vertex -3.79896 77.3975 -42
      vertex -3.79896 77.3975 -34
    endloop
  endfacet
  facet normal -0.555564 0.831474 0
    outer loop
      vertex -4.08076 75.9808 -74.5
      vertex -4.50251 75.699 -71.5
      vertex -4.08076 75.9808 -71.5
    endloop
  endfacet
  facet normal -0.555564 0.831474 0
    outer loop
      vertex -4.50251 75.699 -71.5
      vertex -4.08076 75.9808 -74.5
      vertex -4.50251 75.699 -74.5
    endloop
  endfacet
  facet normal -0.555564 0.831474 0
    outer loop
      vertex -4.08076 75.9808 10
      vertex -4.50251 75.699 18
      vertex -4.08076 75.9808 18
    endloop
  endfacet
  facet normal -0.555564 0.831474 0
    outer loop
      vertex -4.50251 75.699 18
      vertex -4.08076 75.9808 10
      vertex -4.50251 75.699 10
    endloop
  endfacet
  facet normal -0.555564 0.831474 0
    outer loop
      vertex -4.08076 75.9808 -42
      vertex -4.50251 75.699 -34
      vertex -4.08076 75.9808 -34
    endloop
  endfacet
  facet normal -0.555564 0.831474 0
    outer loop
      vertex -4.50251 75.699 -34
      vertex -4.08076 75.9808 -42
      vertex -4.50251 75.699 -42
    endloop
  endfacet
  facet normal 0.831443 0.55561 0
    outer loop
      vertex -5.91924 75.9808 -71.5
      vertex -6.20104 76.4025 -74.5
      vertex -6.20104 76.4025 -71.5
    endloop
  endfacet
  facet normal 0.831443 0.55561 0
    outer loop
      vertex -6.20104 76.4025 -74.5
      vertex -5.91924 75.9808 -71.5
      vertex -5.91924 75.9808 -74.5
    endloop
  endfacet
  facet normal 0.831443 0.55561 0
    outer loop
      vertex -5.91924 75.9808 18
      vertex -6.20104 76.4025 10
      vertex -6.20104 76.4025 18
    endloop
  endfacet
  facet normal 0.831443 0.55561 0
    outer loop
      vertex -6.20104 76.4025 10
      vertex -5.91924 75.9808 18
      vertex -5.91924 75.9808 10
    endloop
  endfacet
  facet normal 0.831443 0.55561 0
    outer loop
      vertex -5.91924 75.9808 -34
      vertex -6.20104 76.4025 -42
      vertex -6.20104 76.4025 -34
    endloop
  endfacet
  facet normal 0.831443 0.55561 0
    outer loop
      vertex -6.20104 76.4025 -42
      vertex -5.91924 75.9808 -34
      vertex -5.91924 75.9808 -42
    endloop
  endfacet
  facet normal -0.831443 0.55561 0
    outer loop
      vertex -4.08076 75.9808 -74.5
      vertex -3.79896 76.4025 -71.5
      vertex -3.79896 76.4025 -74.5
    endloop
  endfacet
  facet normal -0.831443 0.55561 0
    outer loop
      vertex -3.79896 76.4025 -71.5
      vertex -4.08076 75.9808 -74.5
      vertex -4.08076 75.9808 -71.5
    endloop
  endfacet
  facet normal -0.831443 0.55561 0
    outer loop
      vertex -4.08076 75.9808 10
      vertex -3.79896 76.4025 18
      vertex -3.79896 76.4025 10
    endloop
  endfacet
  facet normal -0.831443 0.55561 0
    outer loop
      vertex -3.79896 76.4025 18
      vertex -4.08076 75.9808 10
      vertex -4.08076 75.9808 18
    endloop
  endfacet
  facet normal -0.831443 0.55561 0
    outer loop
      vertex -4.08076 75.9808 -42
      vertex -3.79896 76.4025 -34
      vertex -3.79896 76.4025 -42
    endloop
  endfacet
  facet normal -0.831443 0.55561 0
    outer loop
      vertex -3.79896 76.4025 -34
      vertex -4.08076 75.9808 -42
      vertex -4.08076 75.9808 -34
    endloop
  endfacet
  facet normal -0.831626 -0.555337 0
    outer loop
      vertex 6.20104 126.897 -74.5
      vertex 5.91924 127.319 -71.5
      vertex 5.91924 127.319 -74.5
    endloop
  endfacet
  facet normal -0.831626 -0.555337 0
    outer loop
      vertex 5.91924 127.319 -71.5
      vertex 6.20104 126.897 -74.5
      vertex 6.20104 126.897 -71.5
    endloop
  endfacet
  facet normal 0.555837 -0.831291 0
    outer loop
      vertex 4.08076 127.319 -74.5
      vertex 4.50251 127.601 -71.5
      vertex 4.08076 127.319 -71.5
    endloop
  endfacet
  facet normal 0.555837 -0.831291 0
    outer loop
      vertex 4.50251 127.601 -71.5
      vertex 4.08076 127.319 -74.5
      vertex 4.50251 127.601 -74.5
    endloop
  endfacet
  facet normal 0.195172 -0.980769 0
    outer loop
      vertex 4.50251 127.601 -74.5
      vertex 5 127.7 -71.5
      vertex 4.50251 127.601 -71.5
    endloop
  endfacet
  facet normal 0.195172 -0.980769 0
    outer loop
      vertex 5 127.7 -71.5
      vertex 4.50251 127.601 -74.5
      vertex 5 127.7 -74.5
    endloop
  endfacet
  facet normal 0.831626 -0.555337 0
    outer loop
      vertex 3.79896 126.897 -71.5
      vertex 4.08076 127.319 -74.5
      vertex 4.08076 127.319 -71.5
    endloop
  endfacet
  facet normal 0.831626 -0.555337 0
    outer loop
      vertex 4.08076 127.319 -74.5
      vertex 3.79896 126.897 -71.5
      vertex 3.79896 126.897 -74.5
    endloop
  endfacet
  facet normal 0.195172 0.980769 -0
    outer loop
      vertex 5 125.1 -74.5
      vertex 4.50251 125.199 -71.5
      vertex 5 125.1 -71.5
    endloop
  endfacet
  facet normal 0.195172 0.980769 0
    outer loop
      vertex 4.50251 125.199 -71.5
      vertex 5 125.1 -74.5
      vertex 4.50251 125.199 -74.5
    endloop
  endfacet
  facet normal 0.195172 0.980769 -0
    outer loop
      vertex 5 125.1 10
      vertex 4.50251 125.199 18
      vertex 5 125.1 18
    endloop
  endfacet
  facet normal 0.195172 0.980769 0
    outer loop
      vertex 4.50251 125.199 18
      vertex 5 125.1 10
      vertex 4.50251 125.199 10
    endloop
  endfacet
  facet normal 0.195172 0.980769 -0
    outer loop
      vertex 5 125.1 -42
      vertex 4.50251 125.199 -34
      vertex 5 125.1 -34
    endloop
  endfacet
  facet normal 0.195172 0.980769 0
    outer loop
      vertex 4.50251 125.199 -34
      vertex 5 125.1 -42
      vertex 4.50251 125.199 -42
    endloop
  endfacet
  facet normal 0.980659 -0.195723 0
    outer loop
      vertex 3.7 126.4 -34
      vertex 3.72395 126.52 -42
      vertex 3.72395 126.52 -34
    endloop
  endfacet
  facet normal 0.980659 -0.195723 0
    outer loop
      vertex 3.72395 126.52 -42
      vertex 3.7 126.4 -34
      vertex 3.7 126.4 -42
    endloop
  endfacet
  facet normal 0.980659 -0.195723 0
    outer loop
      vertex 3.7 126.4 18
      vertex 3.72395 126.52 10
      vertex 3.72395 126.52 18
    endloop
  endfacet
  facet normal 0.980659 -0.195723 0
    outer loop
      vertex 3.72395 126.52 10
      vertex 3.7 126.4 18
      vertex 3.7 126.4 10
    endloop
  endfacet
  facet normal 0.980747 -0.195281 0
    outer loop
      vertex 3.7 126.4 -71.5
      vertex 3.79896 126.897 -74.5
      vertex 3.79896 126.897 -71.5
    endloop
  endfacet
  facet normal 0.980747 -0.195281 0
    outer loop
      vertex 3.79896 126.897 -74.5
      vertex 3.7 126.4 -71.5
      vertex 3.7 126.4 -74.5
    endloop
  endfacet
  facet normal -0.195172 0.980769 0
    outer loop
      vertex 5.49749 125.199 -74.5
      vertex 5 125.1 -71.5
      vertex 5.49749 125.199 -71.5
    endloop
  endfacet
  facet normal -0.195172 0.980769 0
    outer loop
      vertex 5 125.1 -71.5
      vertex 5.49749 125.199 -74.5
      vertex 5 125.1 -74.5
    endloop
  endfacet
  facet normal -0.195172 0.980769 0
    outer loop
      vertex 5.49749 125.199 10
      vertex 5 125.1 18
      vertex 5.49749 125.199 18
    endloop
  endfacet
  facet normal -0.195172 0.980769 0
    outer loop
      vertex 5 125.1 18
      vertex 5.49749 125.199 10
      vertex 5 125.1 10
    endloop
  endfacet
  facet normal -0.195172 0.980769 0
    outer loop
      vertex 5.49749 125.199 -42
      vertex 5 125.1 -34
      vertex 5.49749 125.199 -34
    endloop
  endfacet
  facet normal -0.195172 0.980769 0
    outer loop
      vertex 5 125.1 -34
      vertex 5.49749 125.199 -42
      vertex 5 125.1 -42
    endloop
  endfacet
  facet normal -0.195172 -0.980769 0
    outer loop
      vertex 5 127.7 -74.5
      vertex 5.49749 127.601 -71.5
      vertex 5 127.7 -71.5
    endloop
  endfacet
  facet normal -0.195172 -0.980769 -0
    outer loop
      vertex 5.49749 127.601 -71.5
      vertex 5 127.7 -74.5
      vertex 5.49749 127.601 -74.5
    endloop
  endfacet
  facet normal -0.555837 0.831291 0
    outer loop
      vertex 5.91924 125.481 -74.5
      vertex 5.49749 125.199 -71.5
      vertex 5.91924 125.481 -71.5
    endloop
  endfacet
  facet normal -0.555837 0.831291 0
    outer loop
      vertex 5.49749 125.199 -71.5
      vertex 5.91924 125.481 -74.5
      vertex 5.49749 125.199 -74.5
    endloop
  endfacet
  facet normal -0.555837 0.831291 0
    outer loop
      vertex 5.91924 125.481 10
      vertex 5.49749 125.199 18
      vertex 5.91924 125.481 18
    endloop
  endfacet
  facet normal -0.555837 0.831291 0
    outer loop
      vertex 5.49749 125.199 18
      vertex 5.91924 125.481 10
      vertex 5.49749 125.199 10
    endloop
  endfacet
  facet normal -0.555837 0.831291 0
    outer loop
      vertex 5.91924 125.481 -42
      vertex 5.49749 125.199 -34
      vertex 5.91924 125.481 -34
    endloop
  endfacet
  facet normal -0.555837 0.831291 0
    outer loop
      vertex 5.49749 125.199 -34
      vertex 5.91924 125.481 -42
      vertex 5.49749 125.199 -42
    endloop
  endfacet
  facet normal 0.831626 0.555337 0
    outer loop
      vertex 4.08076 125.481 -71.5
      vertex 3.79896 125.903 -74.5
      vertex 3.79896 125.903 -71.5
    endloop
  endfacet
  facet normal 0.831626 0.555337 0
    outer loop
      vertex 3.79896 125.903 -74.5
      vertex 4.08076 125.481 -71.5
      vertex 4.08076 125.481 -74.5
    endloop
  endfacet
  facet normal 0.831626 0.555337 0
    outer loop
      vertex 4.08076 125.481 18
      vertex 3.79896 125.903 10
      vertex 3.79896 125.903 18
    endloop
  endfacet
  facet normal 0.831626 0.555337 0
    outer loop
      vertex 3.79896 125.903 10
      vertex 4.08076 125.481 18
      vertex 4.08076 125.481 10
    endloop
  endfacet
  facet normal 0.831626 0.555337 0
    outer loop
      vertex 4.08076 125.481 -34
      vertex 3.79896 125.903 -42
      vertex 3.79896 125.903 -34
    endloop
  endfacet
  facet normal 0.831626 0.555337 0
    outer loop
      vertex 3.79896 125.903 -42
      vertex 4.08076 125.481 -34
      vertex 4.08076 125.481 -42
    endloop
  endfacet
  facet normal -0.555837 -0.831291 0
    outer loop
      vertex 5.49749 127.601 -74.5
      vertex 5.91924 127.319 -71.5
      vertex 5.49749 127.601 -71.5
    endloop
  endfacet
  facet normal -0.555837 -0.831291 -0
    outer loop
      vertex 5.91924 127.319 -71.5
      vertex 5.49749 127.601 -74.5
      vertex 5.91924 127.319 -74.5
    endloop
  endfacet
  facet normal -0.980747 -0.195281 0
    outer loop
      vertex 6.3 126.4 -74.5
      vertex 6.20104 126.897 -71.5
      vertex 6.20104 126.897 -74.5
    endloop
  endfacet
  facet normal -0.980747 -0.195281 0
    outer loop
      vertex 6.20104 126.897 -71.5
      vertex 6.3 126.4 -74.5
      vertex 6.3 126.4 -71.5
    endloop
  endfacet
  facet normal 0.980747 0.195281 0
    outer loop
      vertex 3.79896 125.903 -71.5
      vertex 3.7 126.4 -74.5
      vertex 3.7 126.4 -71.5
    endloop
  endfacet
  facet normal 0.980747 0.195281 0
    outer loop
      vertex 3.7 126.4 -74.5
      vertex 3.79896 125.903 -71.5
      vertex 3.79896 125.903 -74.5
    endloop
  endfacet
  facet normal 0.980747 0.195281 0
    outer loop
      vertex 3.79896 125.903 18
      vertex 3.7 126.4 10
      vertex 3.7 126.4 18
    endloop
  endfacet
  facet normal 0.980747 0.195281 0
    outer loop
      vertex 3.7 126.4 10
      vertex 3.79896 125.903 18
      vertex 3.79896 125.903 10
    endloop
  endfacet
  facet normal 0.980747 0.195281 0
    outer loop
      vertex 3.79896 125.903 -34
      vertex 3.7 126.4 -42
      vertex 3.7 126.4 -34
    endloop
  endfacet
  facet normal 0.980747 0.195281 0
    outer loop
      vertex 3.7 126.4 -42
      vertex 3.79896 125.903 -34
      vertex 3.79896 125.903 -42
    endloop
  endfacet
  facet normal -0.980747 0.195281 0
    outer loop
      vertex 6.20104 125.903 -74.5
      vertex 6.3 126.4 -71.5
      vertex 6.3 126.4 -74.5
    endloop
  endfacet
  facet normal -0.980747 0.195281 0
    outer loop
      vertex 6.3 126.4 -71.5
      vertex 6.20104 125.903 -74.5
      vertex 6.20104 125.903 -71.5
    endloop
  endfacet
  facet normal 0.555837 0.831291 -0
    outer loop
      vertex 4.50251 125.199 -74.5
      vertex 4.08076 125.481 -71.5
      vertex 4.50251 125.199 -71.5
    endloop
  endfacet
  facet normal 0.555837 0.831291 0
    outer loop
      vertex 4.08076 125.481 -71.5
      vertex 4.50251 125.199 -74.5
      vertex 4.08076 125.481 -74.5
    endloop
  endfacet
  facet normal 0.555837 0.831291 -0
    outer loop
      vertex 4.50251 125.199 10
      vertex 4.08076 125.481 18
      vertex 4.50251 125.199 18
    endloop
  endfacet
  facet normal 0.555837 0.831291 0
    outer loop
      vertex 4.08076 125.481 18
      vertex 4.50251 125.199 10
      vertex 4.08076 125.481 10
    endloop
  endfacet
  facet normal 0.555837 0.831291 -0
    outer loop
      vertex 4.50251 125.199 -42
      vertex 4.08076 125.481 -34
      vertex 4.50251 125.199 -34
    endloop
  endfacet
  facet normal 0.555837 0.831291 0
    outer loop
      vertex 4.08076 125.481 -34
      vertex 4.50251 125.199 -42
      vertex 4.08076 125.481 -42
    endloop
  endfacet
  facet normal -0.830876 0.556457 0
    outer loop
      vertex 5.91924 125.481 -42
      vertex 6.06457 125.698 -34
      vertex 6.06457 125.698 -42
    endloop
  endfacet
  facet normal -0.830876 0.556457 0
    outer loop
      vertex 6.06457 125.698 -34
      vertex 5.91924 125.481 -42
      vertex 5.91924 125.481 -34
    endloop
  endfacet
  facet normal -0.830876 0.556457 0
    outer loop
      vertex 5.91924 125.481 10
      vertex 6.06457 125.698 18
      vertex 6.06457 125.698 10
    endloop
  endfacet
  facet normal -0.830876 0.556457 0
    outer loop
      vertex 6.06457 125.698 18
      vertex 5.91924 125.481 10
      vertex 5.91924 125.481 18
    endloop
  endfacet
  facet normal -0.831626 0.555337 0
    outer loop
      vertex 5.91924 125.481 -74.5
      vertex 6.20104 125.903 -71.5
      vertex 6.20104 125.903 -74.5
    endloop
  endfacet
  facet normal -0.831626 0.555337 0
    outer loop
      vertex 6.20104 125.903 -71.5
      vertex 5.91924 125.481 -74.5
      vertex 5.91924 125.481 -71.5
    endloop
  endfacet
  facet normal 0.555837 -0.831291 0
    outer loop
      vertex -5.91924 127.319 -74.5
      vertex -5.49749 127.601 -71.5
      vertex -5.91924 127.319 -71.5
    endloop
  endfacet
  facet normal 0.555837 -0.831291 0
    outer loop
      vertex -5.49749 127.601 -71.5
      vertex -5.91924 127.319 -74.5
      vertex -5.49749 127.601 -74.5
    endloop
  endfacet
  facet normal 0.195172 -0.980769 0
    outer loop
      vertex -5.49749 127.601 -74.5
      vertex -5 127.7 -71.5
      vertex -5.49749 127.601 -71.5
    endloop
  endfacet
  facet normal 0.195172 -0.980769 0
    outer loop
      vertex -5 127.7 -71.5
      vertex -5.49749 127.601 -74.5
      vertex -5 127.7 -74.5
    endloop
  endfacet
  facet normal 0.831626 -0.555337 0
    outer loop
      vertex -6.20104 126.897 -71.5
      vertex -5.91924 127.319 -74.5
      vertex -5.91924 127.319 -71.5
    endloop
  endfacet
  facet normal 0.831626 -0.555337 0
    outer loop
      vertex -5.91924 127.319 -74.5
      vertex -6.20104 126.897 -71.5
      vertex -6.20104 126.897 -74.5
    endloop
  endfacet
  facet normal -0.555837 -0.831291 0
    outer loop
      vertex -4.50251 127.601 -74.5
      vertex -4.08076 127.319 -71.5
      vertex -4.50251 127.601 -71.5
    endloop
  endfacet
  facet normal -0.555837 -0.831291 -0
    outer loop
      vertex -4.08076 127.319 -71.5
      vertex -4.50251 127.601 -74.5
      vertex -4.08076 127.319 -74.5
    endloop
  endfacet
  facet normal 0.980747 0.195281 0
    outer loop
      vertex -6.20104 125.903 -71.5
      vertex -6.3 126.4 -74.5
      vertex -6.3 126.4 -71.5
    endloop
  endfacet
  facet normal 0.980747 0.195281 0
    outer loop
      vertex -6.3 126.4 -74.5
      vertex -6.20104 125.903 -71.5
      vertex -6.20104 125.903 -74.5
    endloop
  endfacet
  facet normal 0.555837 0.831291 -0
    outer loop
      vertex -5.49749 125.199 -74.5
      vertex -5.91924 125.481 -71.5
      vertex -5.49749 125.199 -71.5
    endloop
  endfacet
  facet normal 0.555837 0.831291 0
    outer loop
      vertex -5.91924 125.481 -71.5
      vertex -5.49749 125.199 -74.5
      vertex -5.91924 125.481 -74.5
    endloop
  endfacet
  facet normal 0.555837 0.831291 -0
    outer loop
      vertex -5.49749 125.199 10
      vertex -5.91924 125.481 18
      vertex -5.49749 125.199 18
    endloop
  endfacet
  facet normal 0.555837 0.831291 0
    outer loop
      vertex -5.91924 125.481 18
      vertex -5.49749 125.199 10
      vertex -5.91924 125.481 10
    endloop
  endfacet
  facet normal 0.555837 0.831291 -0
    outer loop
      vertex -5.49749 125.199 -42
      vertex -5.91924 125.481 -34
      vertex -5.49749 125.199 -34
    endloop
  endfacet
  facet normal 0.555837 0.831291 0
    outer loop
      vertex -5.91924 125.481 -34
      vertex -5.49749 125.199 -42
      vertex -5.91924 125.481 -42
    endloop
  endfacet
  facet normal 0.195172 0.980769 -0
    outer loop
      vertex -5 125.1 -74.5
      vertex -5.49749 125.199 -71.5
      vertex -5 125.1 -71.5
    endloop
  endfacet
  facet normal 0.195172 0.980769 0
    outer loop
      vertex -5.49749 125.199 -71.5
      vertex -5 125.1 -74.5
      vertex -5.49749 125.199 -74.5
    endloop
  endfacet
  facet normal 0.195172 0.980769 -0
    outer loop
      vertex -5 125.1 10
      vertex -5.49749 125.199 18
      vertex -5 125.1 18
    endloop
  endfacet
  facet normal 0.195172 0.980769 0
    outer loop
      vertex -5.49749 125.199 18
      vertex -5 125.1 10
      vertex -5.49749 125.199 10
    endloop
  endfacet
  facet normal 0.195172 0.980769 -0
    outer loop
      vertex -5 125.1 -42
      vertex -5.49749 125.199 -34
      vertex -5 125.1 -34
    endloop
  endfacet
  facet normal 0.195172 0.980769 0
    outer loop
      vertex -5.49749 125.199 -34
      vertex -5 125.1 -42
      vertex -5.49749 125.199 -42
    endloop
  endfacet
  facet normal -0.980659 -0.195723 0
    outer loop
      vertex -3.7 126.4 -42
      vertex -3.72395 126.52 -34
      vertex -3.72395 126.52 -42
    endloop
  endfacet
  facet normal -0.980659 -0.195723 0
    outer loop
      vertex -3.72395 126.52 -34
      vertex -3.7 126.4 -42
      vertex -3.7 126.4 -34
    endloop
  endfacet
  facet normal -0.980659 -0.195723 0
    outer loop
      vertex -3.7 126.4 10
      vertex -3.72395 126.52 18
      vertex -3.72395 126.52 10
    endloop
  endfacet
  facet normal -0.980659 -0.195723 0
    outer loop
      vertex -3.72395 126.52 18
      vertex -3.7 126.4 10
      vertex -3.7 126.4 18
    endloop
  endfacet
  facet normal -0.980747 -0.195281 0
    outer loop
      vertex -3.7 126.4 -74.5
      vertex -3.79896 126.897 -71.5
      vertex -3.79896 126.897 -74.5
    endloop
  endfacet
  facet normal -0.980747 -0.195281 0
    outer loop
      vertex -3.79896 126.897 -71.5
      vertex -3.7 126.4 -74.5
      vertex -3.7 126.4 -71.5
    endloop
  endfacet
  facet normal -0.980747 0.195281 0
    outer loop
      vertex -3.79896 125.903 -74.5
      vertex -3.7 126.4 -71.5
      vertex -3.7 126.4 -74.5
    endloop
  endfacet
  facet normal -0.980747 0.195281 0
    outer loop
      vertex -3.7 126.4 -71.5
      vertex -3.79896 125.903 -74.5
      vertex -3.79896 125.903 -71.5
    endloop
  endfacet
  facet normal -0.980747 0.195281 0
    outer loop
      vertex -3.79896 125.903 10
      vertex -3.7 126.4 18
      vertex -3.7 126.4 10
    endloop
  endfacet
  facet normal -0.980747 0.195281 0
    outer loop
      vertex -3.7 126.4 18
      vertex -3.79896 125.903 10
      vertex -3.79896 125.903 18
    endloop
  endfacet
  facet normal -0.980747 0.195281 0
    outer loop
      vertex -3.79896 125.903 -42
      vertex -3.7 126.4 -34
      vertex -3.7 126.4 -42
    endloop
  endfacet
  facet normal -0.980747 0.195281 0
    outer loop
      vertex -3.7 126.4 -34
      vertex -3.79896 125.903 -42
      vertex -3.79896 125.903 -34
    endloop
  endfacet
  facet normal -0.195172 0.980769 0
    outer loop
      vertex -4.50251 125.199 -74.5
      vertex -5 125.1 -71.5
      vertex -4.50251 125.199 -71.5
    endloop
  endfacet
  facet normal -0.195172 0.980769 0
    outer loop
      vertex -5 125.1 -71.5
      vertex -4.50251 125.199 -74.5
      vertex -5 125.1 -74.5
    endloop
  endfacet
  facet normal -0.195172 0.980769 0
    outer loop
      vertex -4.50251 125.199 10
      vertex -5 125.1 18
      vertex -4.50251 125.199 18
    endloop
  endfacet
  facet normal -0.195172 0.980769 0
    outer loop
      vertex -5 125.1 18
      vertex -4.50251 125.199 10
      vertex -5 125.1 10
    endloop
  endfacet
  facet normal -0.195172 0.980769 0
    outer loop
      vertex -4.50251 125.199 -42
      vertex -5 125.1 -34
      vertex -4.50251 125.199 -34
    endloop
  endfacet
  facet normal -0.195172 0.980769 0
    outer loop
      vertex -5 125.1 -34
      vertex -4.50251 125.199 -42
      vertex -5 125.1 -42
    endloop
  endfacet
  facet normal 0.980747 -0.195281 0
    outer loop
      vertex -6.3 126.4 -71.5
      vertex -6.20104 126.897 -74.5
      vertex -6.20104 126.897 -71.5
    endloop
  endfacet
  facet normal 0.980747 -0.195281 0
    outer loop
      vertex -6.20104 126.897 -74.5
      vertex -6.3 126.4 -71.5
      vertex -6.3 126.4 -74.5
    endloop
  endfacet
  facet normal -0.195172 -0.980769 0
    outer loop
      vertex -5 127.7 -74.5
      vertex -4.50251 127.601 -71.5
      vertex -5 127.7 -71.5
    endloop
  endfacet
  facet normal -0.195172 -0.980769 -0
    outer loop
      vertex -4.50251 127.601 -71.5
      vertex -5 127.7 -74.5
      vertex -4.50251 127.601 -74.5
    endloop
  endfacet
  facet normal -0.831626 -0.555337 0
    outer loop
      vertex -3.79896 126.897 -74.5
      vertex -4.08076 127.319 -71.5
      vertex -4.08076 127.319 -74.5
    endloop
  endfacet
  facet normal -0.831626 -0.555337 0
    outer loop
      vertex -4.08076 127.319 -71.5
      vertex -3.79896 126.897 -74.5
      vertex -3.79896 126.897 -71.5
    endloop
  endfacet
  facet normal -0.555837 0.831291 0
    outer loop
      vertex -4.08076 125.481 -74.5
      vertex -4.50251 125.199 -71.5
      vertex -4.08076 125.481 -71.5
    endloop
  endfacet
  facet normal -0.555837 0.831291 0
    outer loop
      vertex -4.50251 125.199 -71.5
      vertex -4.08076 125.481 -74.5
      vertex -4.50251 125.199 -74.5
    endloop
  endfacet
  facet normal -0.555837 0.831291 0
    outer loop
      vertex -4.08076 125.481 10
      vertex -4.50251 125.199 18
      vertex -4.08076 125.481 18
    endloop
  endfacet
  facet normal -0.555837 0.831291 0
    outer loop
      vertex -4.50251 125.199 18
      vertex -4.08076 125.481 10
      vertex -4.50251 125.199 10
    endloop
  endfacet
  facet normal -0.555837 0.831291 0
    outer loop
      vertex -4.08076 125.481 -42
      vertex -4.50251 125.199 -34
      vertex -4.08076 125.481 -34
    endloop
  endfacet
  facet normal -0.555837 0.831291 0
    outer loop
      vertex -4.50251 125.199 -34
      vertex -4.08076 125.481 -42
      vertex -4.50251 125.199 -42
    endloop
  endfacet
  facet normal 0.830876 0.556457 0
    outer loop
      vertex -5.91924 125.481 -34
      vertex -6.06457 125.698 -42
      vertex -6.06457 125.698 -34
    endloop
  endfacet
  facet normal 0.830876 0.556457 0
    outer loop
      vertex -6.06457 125.698 -42
      vertex -5.91924 125.481 -34
      vertex -5.91924 125.481 -42
    endloop
  endfacet
  facet normal 0.830876 0.556457 0
    outer loop
      vertex -5.91924 125.481 18
      vertex -6.06457 125.698 10
      vertex -6.06457 125.698 18
    endloop
  endfacet
  facet normal 0.830876 0.556457 0
    outer loop
      vertex -6.06457 125.698 10
      vertex -5.91924 125.481 18
      vertex -5.91924 125.481 10
    endloop
  endfacet
  facet normal 0.831626 0.555337 0
    outer loop
      vertex -5.91924 125.481 -71.5
      vertex -6.20104 125.903 -74.5
      vertex -6.20104 125.903 -71.5
    endloop
  endfacet
  facet normal 0.831626 0.555337 0
    outer loop
      vertex -6.20104 125.903 -74.5
      vertex -5.91924 125.481 -71.5
      vertex -5.91924 125.481 -74.5
    endloop
  endfacet
  facet normal -0.831626 0.555337 0
    outer loop
      vertex -4.08076 125.481 -74.5
      vertex -3.79896 125.903 -71.5
      vertex -3.79896 125.903 -74.5
    endloop
  endfacet
  facet normal -0.831626 0.555337 0
    outer loop
      vertex -3.79896 125.903 -71.5
      vertex -4.08076 125.481 -74.5
      vertex -4.08076 125.481 -71.5
    endloop
  endfacet
  facet normal -0.831626 0.555337 0
    outer loop
      vertex -4.08076 125.481 10
      vertex -3.79896 125.903 18
      vertex -3.79896 125.903 10
    endloop
  endfacet
  facet normal -0.831626 0.555337 0
    outer loop
      vertex -3.79896 125.903 18
      vertex -4.08076 125.481 10
      vertex -4.08076 125.481 18
    endloop
  endfacet
  facet normal -0.831626 0.555337 0
    outer loop
      vertex -4.08076 125.481 -42
      vertex -3.79896 125.903 -34
      vertex -3.79896 125.903 -42
    endloop
  endfacet
  facet normal -0.831626 0.555337 0
    outer loop
      vertex -3.79896 125.903 -34
      vertex -4.08076 125.481 -42
      vertex -4.08076 125.481 -34
    endloop
  endfacet
  facet normal 0 -1 0
    outer loop
      vertex -10.25 122.4 -74.5
      vertex 10.25 122.4 -71.5
      vertex -10.25 122.4 -71.5
    endloop
  endfacet
  facet normal 0 -1 -0
    outer loop
      vertex 10.25 122.4 -71.5
      vertex -10.25 122.4 -74.5
      vertex 10.25 122.4 -74.5
    endloop
  endfacet
  facet normal 0 1 -0
    outer loop
      vertex 10.25 80.9 -74.5
      vertex -10.25 80.9 -71.5
      vertex 10.25 80.9 -71.5
    endloop
  endfacet
  facet normal 0 1 0
    outer loop
      vertex -10.25 80.9 -71.5
      vertex 10.25 80.9 -74.5
      vertex -10.25 80.9 -74.5
    endloop
  endfacet
  facet normal 1 -0 0
    outer loop
      vertex -10.25 80.9 -71.5
      vertex -10.25 122.4 -74.5
      vertex -10.25 122.4 -71.5
    endloop
  endfacet
  facet normal 1 0 0
    outer loop
      vertex -10.25 122.4 -74.5
      vertex -10.25 80.9 -71.5
      vertex -10.25 80.9 -74.5
    endloop
  endfacet
  facet normal -1 0 0
    outer loop
      vertex 10.25 80.9 -74.5
      vertex 10.25 122.4 -71.5
      vertex 10.25 122.4 -74.5
    endloop
  endfacet
  facet normal -1 -0 0
    outer loop
      vertex 10.25 122.4 -71.5
      vertex 10.25 80.9 -74.5
      vertex 10.25 80.9 -71.5
    endloop
  endfacet
  facet normal -0.83147 0 0.55557
    outer loop
      vertex -22.7979 70 -67.2021
      vertex -22.4294 74 -66.6506
      vertex -22.7979 74 -67.2021
    endloop
  endfacet
  facet normal -0.83147 0 0.55557
    outer loop
      vertex -22.4294 74 -66.6506
      vertex -22.7979 70 -67.2021
      vertex -22.4294 70 -66.6506
    endloop
  endfacet
  facet normal -0.980789 0 0.195072
    outer loop
      vertex -22.4294 70 -66.6506
      vertex -22.3 74 -66
      vertex -22.4294 74 -66.6506
    endloop
  endfacet
  facet normal -0.980789 0 0.195072
    outer loop
      vertex -22.3 74 -66
      vertex -22.4294 70 -66.6506
      vertex -22.3 70 -66
    endloop
  endfacet
  facet normal -0.55557 0 0.83147
    outer loop
      vertex -23.3494 74 -67.5706
      vertex -22.7979 70 -67.2021
      vertex -22.7979 74 -67.2021
    endloop
  endfacet
  facet normal -0.55557 0 0.83147
    outer loop
      vertex -22.7979 70 -67.2021
      vertex -23.3494 74 -67.5706
      vertex -23.3494 70 -67.5706
    endloop
  endfacet
  facet normal -0.55557 0 -0.83147
    outer loop
      vertex -23.3494 70 -64.4294
      vertex -22.7979 74 -64.7979
      vertex -22.7979 70 -64.7979
    endloop
  endfacet
  facet normal -0.55557 0 -0.83147
    outer loop
      vertex -22.7979 74 -64.7979
      vertex -23.3494 70 -64.4294
      vertex -23.3494 74 -64.4294
    endloop
  endfacet
  facet normal 0.83147 -0 0.55557
    outer loop
      vertex -25.5706 70 -66.6506
      vertex -25.2021 74 -67.2021
      vertex -25.5706 74 -66.6506
    endloop
  endfacet
  facet normal 0.83147 0 0.55557
    outer loop
      vertex -25.2021 74 -67.2021
      vertex -25.5706 70 -66.6506
      vertex -25.2021 70 -67.2021
    endloop
  endfacet
  facet normal -0.195072 0 -0.980789
    outer loop
      vertex -24 70 -64.3
      vertex -23.3494 74 -64.4294
      vertex -23.3494 70 -64.4294
    endloop
  endfacet
  facet normal -0.195072 0 -0.980789
    outer loop
      vertex -23.3494 74 -64.4294
      vertex -24 70 -64.3
      vertex -24 74 -64.3
    endloop
  endfacet
  facet normal -0.980789 0 -0.195072
    outer loop
      vertex -22.3 70 -66
      vertex -22.4294 74 -65.3494
      vertex -22.3 74 -66
    endloop
  endfacet
  facet normal -0.980789 -0 -0.195072
    outer loop
      vertex -22.4294 74 -65.3494
      vertex -22.3 70 -66
      vertex -22.4294 70 -65.3494
    endloop
  endfacet
  facet normal 0.195072 0 0.980789
    outer loop
      vertex -24.6506 74 -67.5706
      vertex -24 70 -67.7
      vertex -24 74 -67.7
    endloop
  endfacet
  facet normal 0.195072 0 0.980789
    outer loop
      vertex -24 70 -67.7
      vertex -24.6506 74 -67.5706
      vertex -24.6506 70 -67.5706
    endloop
  endfacet
  facet normal 0.195072 0 -0.980789
    outer loop
      vertex -24.6506 70 -64.4294
      vertex -24 74 -64.3
      vertex -24 70 -64.3
    endloop
  endfacet
  facet normal 0.195072 0 -0.980789
    outer loop
      vertex -24 74 -64.3
      vertex -24.6506 70 -64.4294
      vertex -24.6506 74 -64.4294
    endloop
  endfacet
  facet normal -0.83147 0 -0.55557
    outer loop
      vertex -22.4294 70 -65.3494
      vertex -22.7979 74 -64.7979
      vertex -22.4294 74 -65.3494
    endloop
  endfacet
  facet normal -0.83147 -0 -0.55557
    outer loop
      vertex -22.7979 74 -64.7979
      vertex -22.4294 70 -65.3494
      vertex -22.7979 70 -64.7979
    endloop
  endfacet
  facet normal 0.83147 0 -0.55557
    outer loop
      vertex -25.2021 70 -64.7979
      vertex -25.5706 74 -65.3494
      vertex -25.2021 74 -64.7979
    endloop
  endfacet
  facet normal 0.83147 0 -0.55557
    outer loop
      vertex -25.5706 74 -65.3494
      vertex -25.2021 70 -64.7979
      vertex -25.5706 70 -65.3494
    endloop
  endfacet
  facet normal 0.980789 0 -0.195072
    outer loop
      vertex -25.5706 70 -65.3494
      vertex -25.7 74 -66
      vertex -25.5706 74 -65.3494
    endloop
  endfacet
  facet normal 0.980789 0 -0.195072
    outer loop
      vertex -25.7 74 -66
      vertex -25.5706 70 -65.3494
      vertex -25.7 70 -66
    endloop
  endfacet
  facet normal -0.195072 0 0.980789
    outer loop
      vertex -24 74 -67.7
      vertex -23.3494 70 -67.5706
      vertex -23.3494 74 -67.5706
    endloop
  endfacet
  facet normal -0.195072 0 0.980789
    outer loop
      vertex -23.3494 70 -67.5706
      vertex -24 74 -67.7
      vertex -24 70 -67.7
    endloop
  endfacet
  facet normal 0.980789 -0 0.195072
    outer loop
      vertex -25.7 70 -66
      vertex -25.5706 74 -66.6506
      vertex -25.7 74 -66
    endloop
  endfacet
  facet normal 0.980789 0 0.195072
    outer loop
      vertex -25.5706 74 -66.6506
      vertex -25.7 70 -66
      vertex -25.5706 70 -66.6506
    endloop
  endfacet
  facet normal 0.55557 0 0.83147
    outer loop
      vertex -25.2021 74 -67.2021
      vertex -24.6506 70 -67.5706
      vertex -24.6506 74 -67.5706
    endloop
  endfacet
  facet normal 0.55557 0 0.83147
    outer loop
      vertex -24.6506 70 -67.5706
      vertex -25.2021 74 -67.2021
      vertex -25.2021 70 -67.2021
    endloop
  endfacet
  facet normal 0.55557 0 -0.83147
    outer loop
      vertex -25.2021 70 -64.7979
      vertex -24.6506 74 -64.4294
      vertex -24.6506 70 -64.4294
    endloop
  endfacet
  facet normal 0.55557 0 -0.83147
    outer loop
      vertex -24.6506 74 -64.4294
      vertex -25.2021 70 -64.7979
      vertex -25.2021 74 -64.7979
    endloop
  endfacet
  facet normal -0.83147 0 0.55557
    outer loop
      vertex -22.7979 70 16.7979
      vertex -22.4294 74 17.3494
      vertex -22.7979 74 16.7979
    endloop
  endfacet
  facet normal -0.83147 0 0.55557
    outer loop
      vertex -22.4294 74 17.3494
      vertex -22.7979 70 16.7979
      vertex -22.4294 70 17.3494
    endloop
  endfacet
  facet normal -0.980789 0 0.195072
    outer loop
      vertex -22.4294 70 17.3494
      vertex -22.3 74 18
      vertex -22.4294 74 17.3494
    endloop
  endfacet
  facet normal -0.980789 0 0.195072
    outer loop
      vertex -22.3 74 18
      vertex -22.4294 70 17.3494
      vertex -22.3 70 18
    endloop
  endfacet
  facet normal -0.55557 0 0.83147
    outer loop
      vertex -23.3494 74 16.4294
      vertex -22.7979 70 16.7979
      vertex -22.7979 74 16.7979
    endloop
  endfacet
  facet normal -0.55557 0 0.83147
    outer loop
      vertex -22.7979 70 16.7979
      vertex -23.3494 74 16.4294
      vertex -23.3494 70 16.4294
    endloop
  endfacet
  facet normal -0.55557 0 -0.83147
    outer loop
      vertex -23.3494 70 19.5706
      vertex -22.7979 74 19.2021
      vertex -22.7979 70 19.2021
    endloop
  endfacet
  facet normal -0.55557 0 -0.83147
    outer loop
      vertex -22.7979 74 19.2021
      vertex -23.3494 70 19.5706
      vertex -23.3494 74 19.5706
    endloop
  endfacet
  facet normal 0.83147 -0 0.55557
    outer loop
      vertex -25.5706 70 17.3494
      vertex -25.2021 74 16.7979
      vertex -25.5706 74 17.3494
    endloop
  endfacet
  facet normal 0.83147 0 0.55557
    outer loop
      vertex -25.2021 74 16.7979
      vertex -25.5706 70 17.3494
      vertex -25.2021 70 16.7979
    endloop
  endfacet
  facet normal -0.195072 0 -0.980789
    outer loop
      vertex -24 70 19.7
      vertex -23.3494 74 19.5706
      vertex -23.3494 70 19.5706
    endloop
  endfacet
  facet normal -0.195072 0 -0.980789
    outer loop
      vertex -23.3494 74 19.5706
      vertex -24 70 19.7
      vertex -24 74 19.7
    endloop
  endfacet
  facet normal -0.980789 0 -0.195072
    outer loop
      vertex -22.3 70 18
      vertex -22.4294 74 18.6506
      vertex -22.3 74 18
    endloop
  endfacet
  facet normal -0.980789 -0 -0.195072
    outer loop
      vertex -22.4294 74 18.6506
      vertex -22.3 70 18
      vertex -22.4294 70 18.6506
    endloop
  endfacet
  facet normal 0.195072 0 0.980789
    outer loop
      vertex -24.6506 74 16.4294
      vertex -24 70 16.3
      vertex -24 74 16.3
    endloop
  endfacet
  facet normal 0.195072 0 0.980789
    outer loop
      vertex -24 70 16.3
      vertex -24.6506 74 16.4294
      vertex -24.6506 70 16.4294
    endloop
  endfacet
  facet normal 0.195072 0 -0.980789
    outer loop
      vertex -24.6506 70 19.5706
      vertex -24 74 19.7
      vertex -24 70 19.7
    endloop
  endfacet
  facet normal 0.195072 0 -0.980789
    outer loop
      vertex -24 74 19.7
      vertex -24.6506 70 19.5706
      vertex -24.6506 74 19.5706
    endloop
  endfacet
  facet normal -0.83147 0 -0.55557
    outer loop
      vertex -22.4294 70 18.6506
      vertex -22.7979 74 19.2021
      vertex -22.4294 74 18.6506
    endloop
  endfacet
  facet normal -0.83147 -0 -0.55557
    outer loop
      vertex -22.7979 74 19.2021
      vertex -22.4294 70 18.6506
      vertex -22.7979 70 19.2021
    endloop
  endfacet
  facet normal 0.83147 0 -0.55557
    outer loop
      vertex -25.2021 70 19.2021
      vertex -25.5706 74 18.6506
      vertex -25.2021 74 19.2021
    endloop
  endfacet
  facet normal 0.83147 0 -0.55557
    outer loop
      vertex -25.5706 74 18.6506
      vertex -25.2021 70 19.2021
      vertex -25.5706 70 18.6506
    endloop
  endfacet
  facet normal 0.980789 0 -0.195072
    outer loop
      vertex -25.5706 70 18.6506
      vertex -25.7 74 18
      vertex -25.5706 74 18.6506
    endloop
  endfacet
  facet normal 0.980789 0 -0.195072
    outer loop
      vertex -25.7 74 18
      vertex -25.5706 70 18.6506
      vertex -25.7 70 18
    endloop
  endfacet
  facet normal -0.195072 0 0.980789
    outer loop
      vertex -24 74 16.3
      vertex -23.3494 70 16.4294
      vertex -23.3494 74 16.4294
    endloop
  endfacet
  facet normal -0.195072 0 0.980789
    outer loop
      vertex -23.3494 70 16.4294
      vertex -24 74 16.3
      vertex -24 70 16.3
    endloop
  endfacet
  facet normal 0.980789 -0 0.195072
    outer loop
      vertex -25.7 70 18
      vertex -25.5706 74 17.3494
      vertex -25.7 74 18
    endloop
  endfacet
  facet normal 0.980789 0 0.195072
    outer loop
      vertex -25.5706 74 17.3494
      vertex -25.7 70 18
      vertex -25.5706 70 17.3494
    endloop
  endfacet
  facet normal 0.55557 0 0.83147
    outer loop
      vertex -25.2021 74 16.7979
      vertex -24.6506 70 16.4294
      vertex -24.6506 74 16.4294
    endloop
  endfacet
  facet normal 0.55557 0 0.83147
    outer loop
      vertex -24.6506 70 16.4294
      vertex -25.2021 74 16.7979
      vertex -25.2021 70 16.7979
    endloop
  endfacet
  facet normal 0.55557 0 -0.83147
    outer loop
      vertex -25.2021 70 19.2021
      vertex -24.6506 74 19.5706
      vertex -24.6506 70 19.5706
    endloop
  endfacet
  facet normal 0.55557 0 -0.83147
    outer loop
      vertex -24.6506 74 19.5706
      vertex -25.2021 70 19.2021
      vertex -25.2021 74 19.2021
    endloop
  endfacet
  facet normal -0.83147 0 0.55557
    outer loop
      vertex 25.2021 70 -67.2021
      vertex 25.5706 74 -66.6506
      vertex 25.2021 74 -67.2021
    endloop
  endfacet
  facet normal -0.83147 0 0.55557
    outer loop
      vertex 25.5706 74 -66.6506
      vertex 25.2021 70 -67.2021
      vertex 25.5706 70 -66.6506
    endloop
  endfacet
  facet normal -0.980789 0 0.195072
    outer loop
      vertex 25.5706 70 -66.6506
      vertex 25.7 74 -66
      vertex 25.5706 74 -66.6506
    endloop
  endfacet
  facet normal -0.980789 0 0.195072
    outer loop
      vertex 25.7 74 -66
      vertex 25.5706 70 -66.6506
      vertex 25.7 70 -66
    endloop
  endfacet
  facet normal -0.55557 0 0.83147
    outer loop
      vertex 24.6506 74 -67.5706
      vertex 25.2021 70 -67.2021
      vertex 25.2021 74 -67.2021
    endloop
  endfacet
  facet normal -0.55557 0 0.83147
    outer loop
      vertex 25.2021 70 -67.2021
      vertex 24.6506 74 -67.5706
      vertex 24.6506 70 -67.5706
    endloop
  endfacet
  facet normal -0.55557 0 -0.83147
    outer loop
      vertex 24.6506 70 -64.4294
      vertex 25.2021 74 -64.7979
      vertex 25.2021 70 -64.7979
    endloop
  endfacet
  facet normal -0.55557 0 -0.83147
    outer loop
      vertex 25.2021 74 -64.7979
      vertex 24.6506 70 -64.4294
      vertex 24.6506 74 -64.4294
    endloop
  endfacet
  facet normal 0.83147 -0 0.55557
    outer loop
      vertex 22.4294 70 -66.6506
      vertex 22.7979 74 -67.2021
      vertex 22.4294 74 -66.6506
    endloop
  endfacet
  facet normal 0.83147 0 0.55557
    outer loop
      vertex 22.7979 74 -67.2021
      vertex 22.4294 70 -66.6506
      vertex 22.7979 70 -67.2021
    endloop
  endfacet
  facet normal -0.195072 0 -0.980789
    outer loop
      vertex 24 70 -64.3
      vertex 24.6506 74 -64.4294
      vertex 24.6506 70 -64.4294
    endloop
  endfacet
  facet normal -0.195072 0 -0.980789
    outer loop
      vertex 24.6506 74 -64.4294
      vertex 24 70 -64.3
      vertex 24 74 -64.3
    endloop
  endfacet
  facet normal -0.980789 0 -0.195072
    outer loop
      vertex 25.7 70 -66
      vertex 25.5706 74 -65.3494
      vertex 25.7 74 -66
    endloop
  endfacet
  facet normal -0.980789 -0 -0.195072
    outer loop
      vertex 25.5706 74 -65.3494
      vertex 25.7 70 -66
      vertex 25.5706 70 -65.3494
    endloop
  endfacet
  facet normal 0.195072 0 0.980789
    outer loop
      vertex 23.3494 74 -67.5706
      vertex 24 70 -67.7
      vertex 24 74 -67.7
    endloop
  endfacet
  facet normal 0.195072 0 0.980789
    outer loop
      vertex 24 70 -67.7
      vertex 23.3494 74 -67.5706
      vertex 23.3494 70 -67.5706
    endloop
  endfacet
  facet normal 0.195072 0 -0.980789
    outer loop
      vertex 23.3494 70 -64.4294
      vertex 24 74 -64.3
      vertex 24 70 -64.3
    endloop
  endfacet
  facet normal 0.195072 0 -0.980789
    outer loop
      vertex 24 74 -64.3
      vertex 23.3494 70 -64.4294
      vertex 23.3494 74 -64.4294
    endloop
  endfacet
  facet normal 0.55557 0 0.83147
    outer loop
      vertex 22.7979 74 -67.2021
      vertex 23.3494 70 -67.5706
      vertex 23.3494 74 -67.5706
    endloop
  endfacet
  facet normal 0.55557 0 0.83147
    outer loop
      vertex 23.3494 70 -67.5706
      vertex 22.7979 74 -67.2021
      vertex 22.7979 70 -67.2021
    endloop
  endfacet
  facet normal -0.83147 0 -0.55557
    outer loop
      vertex 25.5706 70 -65.3494
      vertex 25.2021 74 -64.7979
      vertex 25.5706 74 -65.3494
    endloop
  endfacet
  facet normal -0.83147 -0 -0.55557
    outer loop
      vertex 25.2021 74 -64.7979
      vertex 25.5706 70 -65.3494
      vertex 25.2021 70 -64.7979
    endloop
  endfacet
  facet normal 0.83147 0 -0.55557
    outer loop
      vertex 22.7979 70 -64.7979
      vertex 22.4294 74 -65.3494
      vertex 22.7979 74 -64.7979
    endloop
  endfacet
  facet normal 0.83147 0 -0.55557
    outer loop
      vertex 22.4294 74 -65.3494
      vertex 22.7979 70 -64.7979
      vertex 22.4294 70 -65.3494
    endloop
  endfacet
  facet normal 0.980789 0 -0.195072
    outer loop
      vertex 22.4294 70 -65.3494
      vertex 22.3 74 -66
      vertex 22.4294 74 -65.3494
    endloop
  endfacet
  facet normal 0.980789 0 -0.195072
    outer loop
      vertex 22.3 74 -66
      vertex 22.4294 70 -65.3494
      vertex 22.3 70 -66
    endloop
  endfacet
  facet normal -0.195072 0 0.980789
    outer loop
      vertex 24 74 -67.7
      vertex 24.6506 70 -67.5706
      vertex 24.6506 74 -67.5706
    endloop
  endfacet
  facet normal -0.195072 0 0.980789
    outer loop
      vertex 24.6506 70 -67.5706
      vertex 24 74 -67.7
      vertex 24 70 -67.7
    endloop
  endfacet
  facet normal 0.980789 -0 0.195072
    outer loop
      vertex 22.3 70 -66
      vertex 22.4294 74 -66.6506
      vertex 22.3 74 -66
    endloop
  endfacet
  facet normal 0.980789 0 0.195072
    outer loop
      vertex 22.4294 74 -66.6506
      vertex 22.3 70 -66
      vertex 22.4294 70 -66.6506
    endloop
  endfacet
  facet normal 0.55557 0 -0.83147
    outer loop
      vertex 22.7979 70 -64.7979
      vertex 23.3494 74 -64.4294
      vertex 23.3494 70 -64.4294
    endloop
  endfacet
  facet normal 0.55557 0 -0.83147
    outer loop
      vertex 23.3494 74 -64.4294
      vertex 22.7979 70 -64.7979
      vertex 22.7979 74 -64.7979
    endloop
  endfacet
  facet normal -0.83147 0 0.55557
    outer loop
      vertex 25.2021 70 16.7979
      vertex 25.5706 74 17.3494
      vertex 25.2021 74 16.7979
    endloop
  endfacet
  facet normal -0.83147 0 0.55557
    outer loop
      vertex 25.5706 74 17.3494
      vertex 25.2021 70 16.7979
      vertex 25.5706 70 17.3494
    endloop
  endfacet
  facet normal -0.980789 0 0.195072
    outer loop
      vertex 25.5706 70 17.3494
      vertex 25.7 74 18
      vertex 25.5706 74 17.3494
    endloop
  endfacet
  facet normal -0.980789 0 0.195072
    outer loop
      vertex 25.7 74 18
      vertex 25.5706 70 17.3494
      vertex 25.7 70 18
    endloop
  endfacet
  facet normal -0.55557 0 0.83147
    outer loop
      vertex 24.6506 74 16.4294
      vertex 25.2021 70 16.7979
      vertex 25.2021 74 16.7979
    endloop
  endfacet
  facet normal -0.55557 0 0.83147
    outer loop
      vertex 25.2021 70 16.7979
      vertex 24.6506 74 16.4294
      vertex 24.6506 70 16.4294
    endloop
  endfacet
  facet normal -0.55557 0 -0.83147
    outer loop
      vertex 24.6506 70 19.5706
      vertex 25.2021 74 19.2021
      vertex 25.2021 70 19.2021
    endloop
  endfacet
  facet normal -0.55557 0 -0.83147
    outer loop
      vertex 25.2021 74 19.2021
      vertex 24.6506 70 19.5706
      vertex 24.6506 74 19.5706
    endloop
  endfacet
  facet normal 0.83147 -0 0.55557
    outer loop
      vertex 22.4294 70 17.3494
      vertex 22.7979 74 16.7979
      vertex 22.4294 74 17.3494
    endloop
  endfacet
  facet normal 0.83147 0 0.55557
    outer loop
      vertex 22.7979 74 16.7979
      vertex 22.4294 70 17.3494
      vertex 22.7979 70 16.7979
    endloop
  endfacet
  facet normal -0.195072 0 -0.980789
    outer loop
      vertex 24 70 19.7
      vertex 24.6506 74 19.5706
      vertex 24.6506 70 19.5706
    endloop
  endfacet
  facet normal -0.195072 0 -0.980789
    outer loop
      vertex 24.6506 74 19.5706
      vertex 24 70 19.7
      vertex 24 74 19.7
    endloop
  endfacet
  facet normal -0.980789 0 -0.195072
    outer loop
      vertex 25.7 70 18
      vertex 25.5706 74 18.6506
      vertex 25.7 74 18
    endloop
  endfacet
  facet normal -0.980789 -0 -0.195072
    outer loop
      vertex 25.5706 74 18.6506
      vertex 25.7 70 18
      vertex 25.5706 70 18.6506
    endloop
  endfacet
  facet normal 0.195072 0 0.980789
    outer loop
      vertex 23.3494 74 16.4294
      vertex 24 70 16.3
      vertex 24 74 16.3
    endloop
  endfacet
  facet normal 0.195072 0 0.980789
    outer loop
      vertex 24 70 16.3
      vertex 23.3494 74 16.4294
      vertex 23.3494 70 16.4294
    endloop
  endfacet
  facet normal 0.195072 0 -0.980789
    outer loop
      vertex 23.3494 70 19.5706
      vertex 24 74 19.7
      vertex 24 70 19.7
    endloop
  endfacet
  facet normal 0.195072 0 -0.980789
    outer loop
      vertex 24 74 19.7
      vertex 23.3494 70 19.5706
      vertex 23.3494 74 19.5706
    endloop
  endfacet
  facet normal 0.55557 0 0.83147
    outer loop
      vertex 22.7979 74 16.7979
      vertex 23.3494 70 16.4294
      vertex 23.3494 74 16.4294
    endloop
  endfacet
  facet normal 0.55557 0 0.83147
    outer loop
      vertex 23.3494 70 16.4294
      vertex 22.7979 74 16.7979
      vertex 22.7979 70 16.7979
    endloop
  endfacet
  facet normal -0.83147 0 -0.55557
    outer loop
      vertex 25.5706 70 18.6506
      vertex 25.2021 74 19.2021
      vertex 25.5706 74 18.6506
    endloop
  endfacet
  facet normal -0.83147 -0 -0.55557
    outer loop
      vertex 25.2021 74 19.2021
      vertex 25.5706 70 18.6506
      vertex 25.2021 70 19.2021
    endloop
  endfacet
  facet normal 0.83147 0 -0.55557
    outer loop
      vertex 22.7979 70 19.2021
      vertex 22.4294 74 18.6506
      vertex 22.7979 74 19.2021
    endloop
  endfacet
  facet normal 0.83147 0 -0.55557
    outer loop
      vertex 22.4294 74 18.6506
      vertex 22.7979 70 19.2021
      vertex 22.4294 70 18.6506
    endloop
  endfacet
  facet normal 0.980789 0 -0.195072
    outer loop
      vertex 22.4294 70 18.6506
      vertex 22.3 74 18
      vertex 22.4294 74 18.6506
    endloop
  endfacet
  facet normal 0.980789 0 -0.195072
    outer loop
      vertex 22.3 74 18
      vertex 22.4294 70 18.6506
      vertex 22.3 70 18
    endloop
  endfacet
  facet normal -0.195072 0 0.980789
    outer loop
      vertex 24 74 16.3
      vertex 24.6506 70 16.4294
      vertex 24.6506 74 16.4294
    endloop
  endfacet
  facet normal -0.195072 0 0.980789
    outer loop
      vertex 24.6506 70 16.4294
      vertex 24 74 16.3
      vertex 24 70 16.3
    endloop
  endfacet
  facet normal 0.980789 -0 0.195072
    outer loop
      vertex 22.3 70 18
      vertex 22.4294 74 17.3494
      vertex 22.3 74 18
    endloop
  endfacet
  facet normal 0.980789 0 0.195072
    outer loop
      vertex 22.4294 74 17.3494
      vertex 22.3 70 18
      vertex 22.4294 70 17.3494
    endloop
  endfacet
  facet normal 0.55557 0 -0.83147
    outer loop
      vertex 22.7979 70 19.2021
      vertex 23.3494 74 19.5706
      vertex 23.3494 70 19.5706
    endloop
  endfacet
  facet normal 0.55557 0 -0.83147
    outer loop
      vertex 23.3494 74 19.5706
      vertex 22.7979 70 19.2021
      vertex 22.7979 74 19.2021
    endloop
  endfacet
  facet normal -0.194213 0.980959 0
    outer loop
      vertex 1.2941 107.17 -42
      vertex 0.652631 107.043 -41.1
      vertex 1.2941 107.17 -41.1
    endloop
  endfacet
  facet normal -0.194213 0.980959 0
    outer loop
      vertex 0.652631 107.043 -41.1
      vertex 1.2941 107.17 -42
      vertex 0.652631 107.043 -42
    endloop
  endfacet
  facet normal -0.194213 0.980959 0
    outer loop
      vertex 1.2941 107.17 10
      vertex 0.652631 107.043 10.9
      vertex 1.2941 107.17 10.9
    endloop
  endfacet
  facet normal -0.194213 0.980959 0
    outer loop
      vertex 0.652631 107.043 10.9
      vertex 1.2941 107.17 10
      vertex 0.652631 107.043 10
    endloop
  endfacet
  facet normal -0.98076 -0.195219 0
    outer loop
      vertex 4.95722 112.653 -42
      vertex 4.82963 113.294 -41.1
      vertex 4.82963 113.294 -42
    endloop
  endfacet
  facet normal -0.98076 -0.195219 0
    outer loop
      vertex 4.82963 113.294 -41.1
      vertex 4.95722 112.653 -42
      vertex 4.95722 112.653 -41.1
    endloop
  endfacet
  facet normal -0.98076 -0.195219 0
    outer loop
      vertex 4.95722 112.653 10
      vertex 4.82963 113.294 10.9
      vertex 4.82963 113.294 10
    endloop
  endfacet
  facet normal -0.98076 -0.195219 0
    outer loop
      vertex 4.82963 113.294 10.9
      vertex 4.95722 112.653 10
      vertex 4.95722 112.653 10.9
    endloop
  endfacet
  facet normal -0.997861 -0.0653729 0
    outer loop
      vertex 5 112 -42
      vertex 4.95722 112.653 -41.1
      vertex 4.95722 112.653 -42
    endloop
  endfacet
  facet normal -0.997861 -0.0653729 0
    outer loop
      vertex 4.95722 112.653 -41.1
      vertex 5 112 -42
      vertex 5 112 -41.1
    endloop
  endfacet
  facet normal -0.997861 -0.0653729 0
    outer loop
      vertex 5 112 10
      vertex 4.95722 112.653 10.9
      vertex 4.95722 112.653 10
    endloop
  endfacet
  facet normal -0.997861 -0.0653729 0
    outer loop
      vertex 4.95722 112.653 10.9
      vertex 5 112 10
      vertex 5 112 10.9
    endloop
  endfacet
  facet normal 0.555187 -0.831725 0
    outer loop
      vertex -3.04381 115.967 -42
      vertex -2.5 116.33 -41.1
      vertex -3.04381 115.967 -41.1
    endloop
  endfacet
  facet normal 0.555187 -0.831725 0
    outer loop
      vertex -2.5 116.33 -41.1
      vertex -3.04381 115.967 -42
      vertex -2.5 116.33 -42
    endloop
  endfacet
  facet normal 0.555187 -0.831725 0
    outer loop
      vertex -3.04381 115.967 10
      vertex -2.5 116.33 10.9
      vertex -3.04381 115.967 10.9
    endloop
  endfacet
  facet normal 0.555187 -0.831725 0
    outer loop
      vertex -2.5 116.33 10.9
      vertex -3.04381 115.967 10
      vertex -2.5 116.33 10
    endloop
  endfacet
  facet normal 0.0657446 0.997836 -0
    outer loop
      vertex 0 107 -42
      vertex -0.652631 107.043 -41.1
      vertex 0 107 -41.1
    endloop
  endfacet
  facet normal 0.0657446 0.997836 0
    outer loop
      vertex -0.652631 107.043 -41.1
      vertex 0 107 -42
      vertex -0.652631 107.043 -42
    endloop
  endfacet
  facet normal 0.0657446 0.997836 -0
    outer loop
      vertex 0 107 10
      vertex -0.652631 107.043 10.9
      vertex 0 107 10.9
    endloop
  endfacet
  facet normal 0.0657446 0.997836 0
    outer loop
      vertex -0.652631 107.043 10.9
      vertex 0 107 10
      vertex -0.652631 107.043 10
    endloop
  endfacet
  facet normal 0.194213 0.980959 -0
    outer loop
      vertex -0.652631 107.043 -42
      vertex -1.2941 107.17 -41.1
      vertex -0.652631 107.043 -41.1
    endloop
  endfacet
  facet normal 0.194213 0.980959 0
    outer loop
      vertex -1.2941 107.17 -41.1
      vertex -0.652631 107.043 -42
      vertex -1.2941 107.17 -42
    endloop
  endfacet
  facet normal 0.194213 0.980959 -0
    outer loop
      vertex -0.652631 107.043 10
      vertex -1.2941 107.17 10.9
      vertex -0.652631 107.043 10.9
    endloop
  endfacet
  facet normal 0.194213 0.980959 0
    outer loop
      vertex -1.2941 107.17 10.9
      vertex -0.652631 107.043 10
      vertex -1.2941 107.17 10
    endloop
  endfacet
  facet normal 0.322493 0.946572 -0
    outer loop
      vertex -1.2941 107.17 -42
      vertex -1.91342 107.381 -41.1
      vertex -1.2941 107.17 -41.1
    endloop
  endfacet
  facet normal 0.322493 0.946572 0
    outer loop
      vertex -1.91342 107.381 -41.1
      vertex -1.2941 107.17 -42
      vertex -1.91342 107.381 -42
    endloop
  endfacet
  facet normal 0.322493 0.946572 -0
    outer loop
      vertex -1.2941 107.17 10
      vertex -1.91342 107.381 10.9
      vertex -1.2941 107.17 10.9
    endloop
  endfacet
  facet normal 0.322493 0.946572 0
    outer loop
      vertex -1.91342 107.381 10.9
      vertex -1.2941 107.17 10
      vertex -1.91342 107.381 10
    endloop
  endfacet
  facet normal -0.94688 0.321587 0
    outer loop
      vertex 4.6194 110.087 -42
      vertex 4.82963 110.706 -41.1
      vertex 4.82963 110.706 -42
    endloop
  endfacet
  facet normal -0.94688 0.321587 0
    outer loop
      vertex 4.82963 110.706 -41.1
      vertex 4.6194 110.087 -42
      vertex 4.6194 110.087 -41.1
    endloop
  endfacet
  facet normal -0.94688 0.321587 0
    outer loop
      vertex 4.6194 110.087 10
      vertex 4.82963 110.706 10.9
      vertex 4.82963 110.706 10
    endloop
  endfacet
  facet normal -0.94688 0.321587 0
    outer loop
      vertex 4.82963 110.706 10.9
      vertex 4.6194 110.087 10
      vertex 4.6194 110.087 10.9
    endloop
  endfacet
  facet normal 0.831561 -0.555434 0
    outer loop
      vertex -4.33013 114.5 -41.1
      vertex -3.96677 115.044 -42
      vertex -3.96677 115.044 -41.1
    endloop
  endfacet
  facet normal 0.831561 -0.555434 0
    outer loop
      vertex -3.96677 115.044 -42
      vertex -4.33013 114.5 -41.1
      vertex -4.33013 114.5 -42
    endloop
  endfacet
  facet normal 0.831561 -0.555434 0
    outer loop
      vertex -4.33013 114.5 10.9
      vertex -3.96677 115.044 10
      vertex -3.96677 115.044 10.9
    endloop
  endfacet
  facet normal 0.831561 -0.555434 0
    outer loop
      vertex -3.96677 115.044 10
      vertex -4.33013 114.5 10.9
      vertex -4.33013 114.5 10
    endloop
  endfacet
  facet normal -0.98076 0.195219 0
    outer loop
      vertex 4.82963 110.706 -42
      vertex 4.95722 111.347 -41.1
      vertex 4.95722 111.347 -42
    endloop
  endfacet
  facet normal -0.98076 0.195219 0
    outer loop
      vertex 4.95722 111.347 -41.1
      vertex 4.82963 110.706 -42
      vertex 4.82963 110.706 -41.1
    endloop
  endfacet
  facet normal -0.98076 0.195219 0
    outer loop
      vertex 4.82963 110.706 10
      vertex 4.95722 111.347 10.9
      vertex 4.95722 111.347 10
    endloop
  endfacet
  facet normal -0.98076 0.195219 0
    outer loop
      vertex 4.95722 111.347 10.9
      vertex 4.82963 110.706 10
      vertex 4.82963 110.706 10.9
    endloop
  endfacet
  facet normal 0.65915 -0.752012 0
    outer loop
      vertex -3.53553 115.536 -42
      vertex -3.04381 115.967 -41.1
      vertex -3.53553 115.536 -41.1
    endloop
  endfacet
  facet normal 0.65915 -0.752012 0
    outer loop
      vertex -3.04381 115.967 -41.1
      vertex -3.53553 115.536 -42
      vertex -3.04381 115.967 -42
    endloop
  endfacet
  facet normal 0.65915 -0.752012 0
    outer loop
      vertex -3.53553 115.536 10
      vertex -3.04381 115.967 10.9
      vertex -3.53553 115.536 10.9
    endloop
  endfacet
  facet normal 0.65915 -0.752012 0
    outer loop
      vertex -3.04381 115.967 10.9
      vertex -3.53553 115.536 10
      vertex -3.04381 115.967 10
    endloop
  endfacet
  facet normal -0.65915 0.752012 0
    outer loop
      vertex 3.53553 108.464 -42
      vertex 3.04381 108.033 -41.1
      vertex 3.53553 108.464 -41.1
    endloop
  endfacet
  facet normal -0.65915 0.752012 0
    outer loop
      vertex 3.04381 108.033 -41.1
      vertex 3.53553 108.464 -42
      vertex 3.04381 108.033 -42
    endloop
  endfacet
  facet normal -0.65915 0.752012 0
    outer loop
      vertex 3.53553 108.464 10
      vertex 3.04381 108.033 10.9
      vertex 3.53553 108.464 10.9
    endloop
  endfacet
  facet normal -0.65915 0.752012 0
    outer loop
      vertex 3.04381 108.033 10.9
      vertex 3.53553 108.464 10
      vertex 3.04381 108.033 10
    endloop
  endfacet
  facet normal 0.98076 0.195219 0
    outer loop
      vertex -4.82963 110.706 -41.1
      vertex -4.95722 111.347 -42
      vertex -4.95722 111.347 -41.1
    endloop
  endfacet
  facet normal 0.98076 0.195219 0
    outer loop
      vertex -4.95722 111.347 -42
      vertex -4.82963 110.706 -41.1
      vertex -4.82963 110.706 -42
    endloop
  endfacet
  facet normal 0.98076 0.195219 0
    outer loop
      vertex -4.82963 110.706 10.9
      vertex -4.95722 111.347 10
      vertex -4.95722 111.347 10.9
    endloop
  endfacet
  facet normal 0.98076 0.195219 0
    outer loop
      vertex -4.95722 111.347 10
      vertex -4.82963 110.706 10.9
      vertex -4.82963 110.706 10
    endloop
  endfacet
  facet normal 0.98076 -0.195219 0
    outer loop
      vertex -4.95722 112.653 -41.1
      vertex -4.82963 113.294 -42
      vertex -4.82963 113.294 -41.1
    endloop
  endfacet
  facet normal 0.98076 -0.195219 0
    outer loop
      vertex -4.82963 113.294 -42
      vertex -4.95722 112.653 -41.1
      vertex -4.95722 112.653 -42
    endloop
  endfacet
  facet normal 0.98076 -0.195219 0
    outer loop
      vertex -4.95722 112.653 10.9
      vertex -4.82963 113.294 10
      vertex -4.82963 113.294 10.9
    endloop
  endfacet
  facet normal 0.98076 -0.195219 0
    outer loop
      vertex -4.82963 113.294 10
      vertex -4.95722 112.653 10.9
      vertex -4.95722 112.653 10
    endloop
  endfacet
  facet normal -0.0657446 0.997836 0
    outer loop
      vertex 0.652631 107.043 -42
      vertex 0 107 -41.1
      vertex 0.652631 107.043 -41.1
    endloop
  endfacet
  facet normal -0.0657446 0.997836 0
    outer loop
      vertex 0 107 -41.1
      vertex 0.652631 107.043 -42
      vertex 0 107 -42
    endloop
  endfacet
  facet normal -0.0657446 0.997836 0
    outer loop
      vertex 0.652631 107.043 10
      vertex 0 107 10.9
      vertex 0.652631 107.043 10.9
    endloop
  endfacet
  facet normal -0.0657446 0.997836 0
    outer loop
      vertex 0 107 10.9
      vertex 0.652631 107.043 10
      vertex 0 107 10
    endloop
  endfacet
  facet normal 0.997861 0.0653729 0
    outer loop
      vertex -4.95722 111.347 -41.1
      vertex -5 112 -42
      vertex -5 112 -41.1
    endloop
  endfacet
  facet normal 0.997861 0.0653729 0
    outer loop
      vertex -5 112 -42
      vertex -4.95722 111.347 -41.1
      vertex -4.95722 111.347 -42
    endloop
  endfacet
  facet normal 0.997861 0.0653729 0
    outer loop
      vertex -4.95722 111.347 10.9
      vertex -5 112 10
      vertex -5 112 10.9
    endloop
  endfacet
  facet normal 0.997861 0.0653729 0
    outer loop
      vertex -5 112 10
      vertex -4.95722 111.347 10.9
      vertex -4.95722 111.347 10
    endloop
  endfacet
  facet normal -0.831561 -0.555434 0
    outer loop
      vertex 4.33013 114.5 -42
      vertex 3.96677 115.044 -41.1
      vertex 3.96677 115.044 -42
    endloop
  endfacet
  facet normal -0.831561 -0.555434 0
    outer loop
      vertex 3.96677 115.044 -41.1
      vertex 4.33013 114.5 -42
      vertex 4.33013 114.5 -41.1
    endloop
  endfacet
  facet normal -0.831561 -0.555434 0
    outer loop
      vertex 4.33013 114.5 10
      vertex 3.96677 115.044 10.9
      vertex 3.96677 115.044 10
    endloop
  endfacet
  facet normal -0.831561 -0.555434 0
    outer loop
      vertex 3.96677 115.044 10.9
      vertex 4.33013 114.5 10
      vertex 4.33013 114.5 10.9
    endloop
  endfacet
  facet normal 0.441957 -0.897036 0
    outer loop
      vertex -2.5 116.33 -42
      vertex -1.91342 116.619 -41.1
      vertex -2.5 116.33 -41.1
    endloop
  endfacet
  facet normal 0.441957 -0.897036 0
    outer loop
      vertex -1.91342 116.619 -41.1
      vertex -2.5 116.33 -42
      vertex -1.91342 116.619 -42
    endloop
  endfacet
  facet normal 0.441957 -0.897036 0
    outer loop
      vertex -2.5 116.33 10
      vertex -1.91342 116.619 10.9
      vertex -2.5 116.33 10.9
    endloop
  endfacet
  facet normal 0.441957 -0.897036 0
    outer loop
      vertex -1.91342 116.619 10.9
      vertex -2.5 116.33 10
      vertex -1.91342 116.619 10
    endloop
  endfacet
  facet normal -0.322493 0.946572 0
    outer loop
      vertex 1.91342 107.381 -42
      vertex 1.2941 107.17 -41.1
      vertex 1.91342 107.381 -41.1
    endloop
  endfacet
  facet normal -0.322493 0.946572 0
    outer loop
      vertex 1.2941 107.17 -41.1
      vertex 1.91342 107.381 -42
      vertex 1.2941 107.17 -42
    endloop
  endfacet
  facet normal -0.322493 0.946572 0
    outer loop
      vertex 1.91342 107.381 10
      vertex 1.2941 107.17 10.9
      vertex 1.91342 107.381 10.9
    endloop
  endfacet
  facet normal -0.322493 0.946572 0
    outer loop
      vertex 1.2941 107.17 10.9
      vertex 1.91342 107.381 10
      vertex 1.2941 107.17 10
    endloop
  endfacet
  facet normal -0.65915 -0.752012 0
    outer loop
      vertex 3.04381 115.967 -42
      vertex 3.53553 115.536 -41.1
      vertex 3.04381 115.967 -41.1
    endloop
  endfacet
  facet normal -0.65915 -0.752012 -0
    outer loop
      vertex 3.53553 115.536 -41.1
      vertex 3.04381 115.967 -42
      vertex 3.53553 115.536 -42
    endloop
  endfacet
  facet normal -0.65915 -0.752012 0
    outer loop
      vertex 3.04381 115.967 10
      vertex 3.53553 115.536 10.9
      vertex 3.04381 115.967 10.9
    endloop
  endfacet
  facet normal -0.65915 -0.752012 -0
    outer loop
      vertex 3.53553 115.536 10.9
      vertex 3.04381 115.967 10
      vertex 3.53553 115.536 10
    endloop
  endfacet
  facet normal -0.441957 -0.897036 0
    outer loop
      vertex 1.91342 116.619 -42
      vertex 2.5 116.33 -41.1
      vertex 1.91342 116.619 -41.1
    endloop
  endfacet
  facet normal -0.441957 -0.897036 -0
    outer loop
      vertex 2.5 116.33 -41.1
      vertex 1.91342 116.619 -42
      vertex 2.5 116.33 -42
    endloop
  endfacet
  facet normal -0.441957 -0.897036 0
    outer loop
      vertex 1.91342 116.619 10
      vertex 2.5 116.33 10.9
      vertex 1.91342 116.619 10.9
    endloop
  endfacet
  facet normal -0.441957 -0.897036 -0
    outer loop
      vertex 2.5 116.33 10.9
      vertex 1.91342 116.619 10
      vertex 2.5 116.33 10
    endloop
  endfacet
  facet normal 0.831561 0.555434 0
    outer loop
      vertex -3.96677 108.956 -41.1
      vertex -4.33013 109.5 -42
      vertex -4.33013 109.5 -41.1
    endloop
  endfacet
  facet normal 0.831561 0.555434 0
    outer loop
      vertex -4.33013 109.5 -42
      vertex -3.96677 108.956 -41.1
      vertex -3.96677 108.956 -42
    endloop
  endfacet
  facet normal 0.831561 0.555434 0
    outer loop
      vertex -3.96677 108.956 10.9
      vertex -4.33013 109.5 10
      vertex -4.33013 109.5 10.9
    endloop
  endfacet
  facet normal 0.831561 0.555434 0
    outer loop
      vertex -4.33013 109.5 10
      vertex -3.96677 108.956 10.9
      vertex -3.96677 108.956 10
    endloop
  endfacet
  facet normal -0.896998 0.442035 0
    outer loop
      vertex 4.33013 109.5 -42
      vertex 4.6194 110.087 -41.1
      vertex 4.6194 110.087 -42
    endloop
  endfacet
  facet normal -0.896998 0.442035 0
    outer loop
      vertex 4.6194 110.087 -41.1
      vertex 4.33013 109.5 -42
      vertex 4.33013 109.5 -41.1
    endloop
  endfacet
  facet normal -0.896998 0.442035 0
    outer loop
      vertex 4.33013 109.5 10
      vertex 4.6194 110.087 10.9
      vertex 4.6194 110.087 10
    endloop
  endfacet
  facet normal -0.896998 0.442035 0
    outer loop
      vertex 4.6194 110.087 10.9
      vertex 4.33013 109.5 10
      vertex 4.33013 109.5 10.9
    endloop
  endfacet
  facet normal 0.94688 0.321587 0
    outer loop
      vertex -4.6194 110.087 -41.1
      vertex -4.82963 110.706 -42
      vertex -4.82963 110.706 -41.1
    endloop
  endfacet
  facet normal 0.94688 0.321587 0
    outer loop
      vertex -4.82963 110.706 -42
      vertex -4.6194 110.087 -41.1
      vertex -4.6194 110.087 -42
    endloop
  endfacet
  facet normal 0.94688 0.321587 0
    outer loop
      vertex -4.6194 110.087 10.9
      vertex -4.82963 110.706 10
      vertex -4.82963 110.706 10.9
    endloop
  endfacet
  facet normal 0.94688 0.321587 0
    outer loop
      vertex -4.82963 110.706 10
      vertex -4.6194 110.087 10.9
      vertex -4.6194 110.087 10
    endloop
  endfacet
  facet normal -0.997861 0.0653729 0
    outer loop
      vertex 4.95722 111.347 -42
      vertex 5 112 -41.1
      vertex 5 112 -42
    endloop
  endfacet
  facet normal -0.997861 0.0653729 0
    outer loop
      vertex 5 112 -41.1
      vertex 4.95722 111.347 -42
      vertex 4.95722 111.347 -41.1
    endloop
  endfacet
  facet normal -0.997861 0.0653729 0
    outer loop
      vertex 4.95722 111.347 10
      vertex 5 112 10.9
      vertex 5 112 10
    endloop
  endfacet
  facet normal -0.997861 0.0653729 0
    outer loop
      vertex 5 112 10.9
      vertex 4.95722 111.347 10
      vertex 4.95722 111.347 10.9
    endloop
  endfacet
  facet normal 0.752016 -0.659145 0
    outer loop
      vertex -3.96677 115.044 -41.1
      vertex -3.53553 115.536 -42
      vertex -3.53553 115.536 -41.1
    endloop
  endfacet
  facet normal 0.752016 -0.659145 0
    outer loop
      vertex -3.53553 115.536 -42
      vertex -3.96677 115.044 -41.1
      vertex -3.96677 115.044 -42
    endloop
  endfacet
  facet normal 0.752016 -0.659145 0
    outer loop
      vertex -3.96677 115.044 10.9
      vertex -3.53553 115.536 10
      vertex -3.53553 115.536 10.9
    endloop
  endfacet
  facet normal 0.752016 -0.659145 0
    outer loop
      vertex -3.53553 115.536 10
      vertex -3.96677 115.044 10.9
      vertex -3.96677 115.044 10
    endloop
  endfacet
  facet normal -0.555187 -0.831725 0
    outer loop
      vertex 2.5 116.33 -42
      vertex 3.04381 115.967 -41.1
      vertex 2.5 116.33 -41.1
    endloop
  endfacet
  facet normal -0.555187 -0.831725 -0
    outer loop
      vertex 3.04381 115.967 -41.1
      vertex 2.5 116.33 -42
      vertex 3.04381 115.967 -42
    endloop
  endfacet
  facet normal -0.555187 -0.831725 0
    outer loop
      vertex 2.5 116.33 10
      vertex 3.04381 115.967 10.9
      vertex 2.5 116.33 10.9
    endloop
  endfacet
  facet normal -0.555187 -0.831725 -0
    outer loop
      vertex 3.04381 115.967 10.9
      vertex 2.5 116.33 10
      vertex 3.04381 115.967 10
    endloop
  endfacet
  facet normal 0.752016 0.659145 0
    outer loop
      vertex -3.53553 108.464 -41.1
      vertex -3.96677 108.956 -42
      vertex -3.96677 108.956 -41.1
    endloop
  endfacet
  facet normal 0.752016 0.659145 0
    outer loop
      vertex -3.96677 108.956 -42
      vertex -3.53553 108.464 -41.1
      vertex -3.53553 108.464 -42
    endloop
  endfacet
  facet normal 0.752016 0.659145 0
    outer loop
      vertex -3.53553 108.464 10.9
      vertex -3.96677 108.956 10
      vertex -3.96677 108.956 10.9
    endloop
  endfacet
  facet normal 0.752016 0.659145 0
    outer loop
      vertex -3.96677 108.956 10
      vertex -3.53553 108.464 10.9
      vertex -3.53553 108.464 10
    endloop
  endfacet
  facet normal -0.441957 0.897036 0
    outer loop
      vertex 2.5 107.67 -42
      vertex 1.91342 107.381 -41.1
      vertex 2.5 107.67 -41.1
    endloop
  endfacet
  facet normal -0.441957 0.897036 0
    outer loop
      vertex 1.91342 107.381 -41.1
      vertex 2.5 107.67 -42
      vertex 1.91342 107.381 -42
    endloop
  endfacet
  facet normal -0.441957 0.897036 0
    outer loop
      vertex 2.5 107.67 10
      vertex 1.91342 107.381 10.9
      vertex 2.5 107.67 10.9
    endloop
  endfacet
  facet normal -0.441957 0.897036 0
    outer loop
      vertex 1.91342 107.381 10.9
      vertex 2.5 107.67 10
      vertex 1.91342 107.381 10
    endloop
  endfacet
  facet normal -0.0657446 -0.997836 0
    outer loop
      vertex 0 117 -42
      vertex 0.652631 116.957 -41.1
      vertex 0 117 -41.1
    endloop
  endfacet
  facet normal -0.0657446 -0.997836 -0
    outer loop
      vertex 0.652631 116.957 -41.1
      vertex 0 117 -42
      vertex 0.652631 116.957 -42
    endloop
  endfacet
  facet normal -0.0657446 -0.997836 0
    outer loop
      vertex 0 117 10
      vertex 0.652631 116.957 10.9
      vertex 0 117 10.9
    endloop
  endfacet
  facet normal -0.0657446 -0.997836 -0
    outer loop
      vertex 0.652631 116.957 10.9
      vertex 0 117 10
      vertex 0.652631 116.957 10
    endloop
  endfacet
  facet normal 0.896998 0.442035 0
    outer loop
      vertex -4.33013 109.5 -41.1
      vertex -4.6194 110.087 -42
      vertex -4.6194 110.087 -41.1
    endloop
  endfacet
  facet normal 0.896998 0.442035 0
    outer loop
      vertex -4.6194 110.087 -42
      vertex -4.33013 109.5 -41.1
      vertex -4.33013 109.5 -42
    endloop
  endfacet
  facet normal 0.896998 0.442035 0
    outer loop
      vertex -4.33013 109.5 10.9
      vertex -4.6194 110.087 10
      vertex -4.6194 110.087 10.9
    endloop
  endfacet
  facet normal 0.896998 0.442035 0
    outer loop
      vertex -4.6194 110.087 10
      vertex -4.33013 109.5 10.9
      vertex -4.33013 109.5 10
    endloop
  endfacet
  facet normal -0.555187 0.831725 0
    outer loop
      vertex 3.04381 108.033 -42
      vertex 2.5 107.67 -41.1
      vertex 3.04381 108.033 -41.1
    endloop
  endfacet
  facet normal -0.555187 0.831725 0
    outer loop
      vertex 2.5 107.67 -41.1
      vertex 3.04381 108.033 -42
      vertex 2.5 107.67 -42
    endloop
  endfacet
  facet normal -0.555187 0.831725 0
    outer loop
      vertex 3.04381 108.033 10
      vertex 2.5 107.67 10.9
      vertex 3.04381 108.033 10.9
    endloop
  endfacet
  facet normal -0.555187 0.831725 0
    outer loop
      vertex 2.5 107.67 10.9
      vertex 3.04381 108.033 10
      vertex 2.5 107.67 10
    endloop
  endfacet
  facet normal 0.194213 -0.980959 0
    outer loop
      vertex -1.2941 116.83 -42
      vertex -0.652631 116.957 -41.1
      vertex -1.2941 116.83 -41.1
    endloop
  endfacet
  facet normal 0.194213 -0.980959 0
    outer loop
      vertex -0.652631 116.957 -41.1
      vertex -1.2941 116.83 -42
      vertex -0.652631 116.957 -42
    endloop
  endfacet
  facet normal 0.194213 -0.980959 0
    outer loop
      vertex -1.2941 116.83 10
      vertex -0.652631 116.957 10.9
      vertex -1.2941 116.83 10.9
    endloop
  endfacet
  facet normal 0.194213 -0.980959 0
    outer loop
      vertex -0.652631 116.957 10.9
      vertex -1.2941 116.83 10
      vertex -0.652631 116.957 10
    endloop
  endfacet
  facet normal 0.0657446 -0.997836 0
    outer loop
      vertex -0.652631 116.957 -42
      vertex 0 117 -41.1
      vertex -0.652631 116.957 -41.1
    endloop
  endfacet
  facet normal 0.0657446 -0.997836 0
    outer loop
      vertex 0 117 -41.1
      vertex -0.652631 116.957 -42
      vertex 0 117 -42
    endloop
  endfacet
  facet normal 0.0657446 -0.997836 0
    outer loop
      vertex -0.652631 116.957 10
      vertex 0 117 10.9
      vertex -0.652631 116.957 10.9
    endloop
  endfacet
  facet normal 0.0657446 -0.997836 0
    outer loop
      vertex 0 117 10.9
      vertex -0.652631 116.957 10
      vertex 0 117 10
    endloop
  endfacet
  facet normal -0.194213 -0.980959 0
    outer loop
      vertex 0.652631 116.957 -42
      vertex 1.2941 116.83 -41.1
      vertex 0.652631 116.957 -41.1
    endloop
  endfacet
  facet normal -0.194213 -0.980959 -0
    outer loop
      vertex 1.2941 116.83 -41.1
      vertex 0.652631 116.957 -42
      vertex 1.2941 116.83 -42
    endloop
  endfacet
  facet normal -0.194213 -0.980959 0
    outer loop
      vertex 0.652631 116.957 10
      vertex 1.2941 116.83 10.9
      vertex 0.652631 116.957 10.9
    endloop
  endfacet
  facet normal -0.194213 -0.980959 -0
    outer loop
      vertex 1.2941 116.83 10.9
      vertex 0.652631 116.957 10
      vertex 1.2941 116.83 10
    endloop
  endfacet
  facet normal 0.65915 0.752012 -0
    outer loop
      vertex -3.04381 108.033 -42
      vertex -3.53553 108.464 -41.1
      vertex -3.04381 108.033 -41.1
    endloop
  endfacet
  facet normal 0.65915 0.752012 0
    outer loop
      vertex -3.53553 108.464 -41.1
      vertex -3.04381 108.033 -42
      vertex -3.53553 108.464 -42
    endloop
  endfacet
  facet normal 0.65915 0.752012 -0
    outer loop
      vertex -3.04381 108.033 10
      vertex -3.53553 108.464 10.9
      vertex -3.04381 108.033 10.9
    endloop
  endfacet
  facet normal 0.65915 0.752012 0
    outer loop
      vertex -3.53553 108.464 10.9
      vertex -3.04381 108.033 10
      vertex -3.53553 108.464 10
    endloop
  endfacet
  facet normal -0.752016 0.659145 0
    outer loop
      vertex 3.53553 108.464 -42
      vertex 3.96677 108.956 -41.1
      vertex 3.96677 108.956 -42
    endloop
  endfacet
  facet normal -0.752016 0.659145 0
    outer loop
      vertex 3.96677 108.956 -41.1
      vertex 3.53553 108.464 -42
      vertex 3.53553 108.464 -41.1
    endloop
  endfacet
  facet normal -0.752016 0.659145 0
    outer loop
      vertex 3.53553 108.464 10
      vertex 3.96677 108.956 10.9
      vertex 3.96677 108.956 10
    endloop
  endfacet
  facet normal -0.752016 0.659145 0
    outer loop
      vertex 3.96677 108.956 10.9
      vertex 3.53553 108.464 10
      vertex 3.53553 108.464 10.9
    endloop
  endfacet
  facet normal 0.997861 -0.0653729 0
    outer loop
      vertex -5 112 -41.1
      vertex -4.95722 112.653 -42
      vertex -4.95722 112.653 -41.1
    endloop
  endfacet
  facet normal 0.997861 -0.0653729 0
    outer loop
      vertex -4.95722 112.653 -42
      vertex -5 112 -41.1
      vertex -5 112 -42
    endloop
  endfacet
  facet normal 0.997861 -0.0653729 0
    outer loop
      vertex -5 112 10.9
      vertex -4.95722 112.653 10
      vertex -4.95722 112.653 10.9
    endloop
  endfacet
  facet normal 0.997861 -0.0653729 0
    outer loop
      vertex -4.95722 112.653 10
      vertex -5 112 10.9
      vertex -5 112 10
    endloop
  endfacet
  facet normal -0.322493 -0.946572 0
    outer loop
      vertex 1.2941 116.83 -42
      vertex 1.91342 116.619 -41.1
      vertex 1.2941 116.83 -41.1
    endloop
  endfacet
  facet normal -0.322493 -0.946572 -0
    outer loop
      vertex 1.91342 116.619 -41.1
      vertex 1.2941 116.83 -42
      vertex 1.91342 116.619 -42
    endloop
  endfacet
  facet normal -0.322493 -0.946572 0
    outer loop
      vertex 1.2941 116.83 10
      vertex 1.91342 116.619 10.9
      vertex 1.2941 116.83 10.9
    endloop
  endfacet
  facet normal -0.322493 -0.946572 -0
    outer loop
      vertex 1.91342 116.619 10.9
      vertex 1.2941 116.83 10
      vertex 1.91342 116.619 10
    endloop
  endfacet
  facet normal -0.831561 0.555434 0
    outer loop
      vertex 3.96677 108.956 -42
      vertex 4.33013 109.5 -41.1
      vertex 4.33013 109.5 -42
    endloop
  endfacet
  facet normal -0.831561 0.555434 0
    outer loop
      vertex 4.33013 109.5 -41.1
      vertex 3.96677 108.956 -42
      vertex 3.96677 108.956 -41.1
    endloop
  endfacet
  facet normal -0.831561 0.555434 0
    outer loop
      vertex 3.96677 108.956 10
      vertex 4.33013 109.5 10.9
      vertex 4.33013 109.5 10
    endloop
  endfacet
  facet normal -0.831561 0.555434 0
    outer loop
      vertex 4.33013 109.5 10.9
      vertex 3.96677 108.956 10
      vertex 3.96677 108.956 10.9
    endloop
  endfacet
  facet normal 0.896998 -0.442035 0
    outer loop
      vertex -4.6194 113.913 -41.1
      vertex -4.33013 114.5 -42
      vertex -4.33013 114.5 -41.1
    endloop
  endfacet
  facet normal 0.896998 -0.442035 0
    outer loop
      vertex -4.33013 114.5 -42
      vertex -4.6194 113.913 -41.1
      vertex -4.6194 113.913 -42
    endloop
  endfacet
  facet normal 0.896998 -0.442035 0
    outer loop
      vertex -4.6194 113.913 10.9
      vertex -4.33013 114.5 10
      vertex -4.33013 114.5 10.9
    endloop
  endfacet
  facet normal 0.896998 -0.442035 0
    outer loop
      vertex -4.33013 114.5 10
      vertex -4.6194 113.913 10.9
      vertex -4.6194 113.913 10
    endloop
  endfacet
  facet normal -0.896998 -0.442035 0
    outer loop
      vertex 4.6194 113.913 -42
      vertex 4.33013 114.5 -41.1
      vertex 4.33013 114.5 -42
    endloop
  endfacet
  facet normal -0.896998 -0.442035 0
    outer loop
      vertex 4.33013 114.5 -41.1
      vertex 4.6194 113.913 -42
      vertex 4.6194 113.913 -41.1
    endloop
  endfacet
  facet normal -0.896998 -0.442035 0
    outer loop
      vertex 4.6194 113.913 10
      vertex 4.33013 114.5 10.9
      vertex 4.33013 114.5 10
    endloop
  endfacet
  facet normal -0.896998 -0.442035 0
    outer loop
      vertex 4.33013 114.5 10.9
      vertex 4.6194 113.913 10
      vertex 4.6194 113.913 10.9
    endloop
  endfacet
  facet normal -0.752016 -0.659145 0
    outer loop
      vertex 3.96677 115.044 -42
      vertex 3.53553 115.536 -41.1
      vertex 3.53553 115.536 -42
    endloop
  endfacet
  facet normal -0.752016 -0.659145 0
    outer loop
      vertex 3.53553 115.536 -41.1
      vertex 3.96677 115.044 -42
      vertex 3.96677 115.044 -41.1
    endloop
  endfacet
  facet normal -0.752016 -0.659145 0
    outer loop
      vertex 3.96677 115.044 10
      vertex 3.53553 115.536 10.9
      vertex 3.53553 115.536 10
    endloop
  endfacet
  facet normal -0.752016 -0.659145 0
    outer loop
      vertex 3.53553 115.536 10.9
      vertex 3.96677 115.044 10
      vertex 3.96677 115.044 10.9
    endloop
  endfacet
  facet normal -0.94688 -0.321587 0
    outer loop
      vertex 4.82963 113.294 -42
      vertex 4.6194 113.913 -41.1
      vertex 4.6194 113.913 -42
    endloop
  endfacet
  facet normal -0.94688 -0.321587 0
    outer loop
      vertex 4.6194 113.913 -41.1
      vertex 4.82963 113.294 -42
      vertex 4.82963 113.294 -41.1
    endloop
  endfacet
  facet normal -0.94688 -0.321587 0
    outer loop
      vertex 4.82963 113.294 10
      vertex 4.6194 113.913 10.9
      vertex 4.6194 113.913 10
    endloop
  endfacet
  facet normal -0.94688 -0.321587 0
    outer loop
      vertex 4.6194 113.913 10.9
      vertex 4.82963 113.294 10
      vertex 4.82963 113.294 10.9
    endloop
  endfacet
  facet normal 0.322493 -0.946572 0
    outer loop
      vertex -1.91342 116.619 -42
      vertex -1.2941 116.83 -41.1
      vertex -1.91342 116.619 -41.1
    endloop
  endfacet
  facet normal 0.322493 -0.946572 0
    outer loop
      vertex -1.2941 116.83 -41.1
      vertex -1.91342 116.619 -42
      vertex -1.2941 116.83 -42
    endloop
  endfacet
  facet normal 0.322493 -0.946572 0
    outer loop
      vertex -1.91342 116.619 10
      vertex -1.2941 116.83 10.9
      vertex -1.91342 116.619 10.9
    endloop
  endfacet
  facet normal 0.322493 -0.946572 0
    outer loop
      vertex -1.2941 116.83 10.9
      vertex -1.91342 116.619 10
      vertex -1.2941 116.83 10
    endloop
  endfacet
  facet normal 0.441957 0.897036 -0
    outer loop
      vertex -1.91342 107.381 -42
      vertex -2.5 107.67 -41.1
      vertex -1.91342 107.381 -41.1
    endloop
  endfacet
  facet normal 0.441957 0.897036 0
    outer loop
      vertex -2.5 107.67 -41.1
      vertex -1.91342 107.381 -42
      vertex -2.5 107.67 -42
    endloop
  endfacet
  facet normal 0.441957 0.897036 -0
    outer loop
      vertex -1.91342 107.381 10
      vertex -2.5 107.67 10.9
      vertex -1.91342 107.381 10.9
    endloop
  endfacet
  facet normal 0.441957 0.897036 0
    outer loop
      vertex -2.5 107.67 10.9
      vertex -1.91342 107.381 10
      vertex -2.5 107.67 10
    endloop
  endfacet
  facet normal 0.555187 0.831725 -0
    outer loop
      vertex -2.5 107.67 -42
      vertex -3.04381 108.033 -41.1
      vertex -2.5 107.67 -41.1
    endloop
  endfacet
  facet normal 0.555187 0.831725 0
    outer loop
      vertex -3.04381 108.033 -41.1
      vertex -2.5 107.67 -42
      vertex -3.04381 108.033 -42
    endloop
  endfacet
  facet normal 0.555187 0.831725 -0
    outer loop
      vertex -2.5 107.67 10
      vertex -3.04381 108.033 10.9
      vertex -2.5 107.67 10.9
    endloop
  endfacet
  facet normal 0.555187 0.831725 0
    outer loop
      vertex -3.04381 108.033 10.9
      vertex -2.5 107.67 10
      vertex -3.04381 108.033 10
    endloop
  endfacet
  facet normal 0.94688 -0.321587 0
    outer loop
      vertex -4.82963 113.294 -41.1
      vertex -4.6194 113.913 -42
      vertex -4.6194 113.913 -41.1
    endloop
  endfacet
  facet normal 0.94688 -0.321587 0
    outer loop
      vertex -4.6194 113.913 -42
      vertex -4.82963 113.294 -41.1
      vertex -4.82963 113.294 -42
    endloop
  endfacet
  facet normal 0.94688 -0.321587 0
    outer loop
      vertex -4.82963 113.294 10.9
      vertex -4.6194 113.913 10
      vertex -4.6194 113.913 10.9
    endloop
  endfacet
  facet normal 0.94688 -0.321587 0
    outer loop
      vertex -4.6194 113.913 10
      vertex -4.82963 113.294 10.9
      vertex -4.82963 113.294 10
    endloop
  endfacet
  facet normal 0.946935 0 -0.321425
    outer loop
      vertex -5.54328 70 -17.7039
      vertex -5.79555 74 -18.4471
      vertex -5.54328 74 -17.7039
    endloop
  endfacet
  facet normal 0.946935 0 -0.321425
    outer loop
      vertex -5.79555 74 -18.4471
      vertex -5.54328 70 -17.7039
      vertex -5.79555 70 -18.4471
    endloop
  endfacet
  facet normal -0.980781 0 0.195111
    outer loop
      vertex 5.79555 70 -21.5529
      vertex 5.94867 74 -20.7832
      vertex 5.79555 74 -21.5529
    endloop
  endfacet
  facet normal -0.980781 0 0.195111
    outer loop
      vertex 5.94867 74 -20.7832
      vertex 5.79555 70 -21.5529
      vertex 5.94867 70 -20.7832
    endloop
  endfacet
  facet normal -0.997859 0 0.0653985
    outer loop
      vertex 5.94867 70 -20.7832
      vertex 6 74 -20
      vertex 5.94867 74 -20.7832
    endloop
  endfacet
  facet normal -0.997859 0 0.0653985
    outer loop
      vertex 6 74 -20
      vertex 5.94867 70 -20.7832
      vertex 6 70 -20
    endloop
  endfacet
  facet normal -0.946935 0 0.321425
    outer loop
      vertex 5.54328 70 -22.2961
      vertex 5.79555 74 -21.5529
      vertex 5.54328 74 -22.2961
    endloop
  endfacet
  facet normal -0.946935 0 0.321425
    outer loop
      vertex 5.79555 74 -21.5529
      vertex 5.54328 70 -22.2961
      vertex 5.79555 70 -21.5529
    endloop
  endfacet
  facet normal 0.555629 0 -0.83143
    outer loop
      vertex -3.65257 70 -15.2399
      vertex -3 74 -14.8038
      vertex -3 70 -14.8038
    endloop
  endfacet
  facet normal 0.555629 0 -0.83143
    outer loop
      vertex -3 74 -14.8038
      vertex -3.65257 70 -15.2399
      vertex -3.65257 74 -15.2399
    endloop
  endfacet
  facet normal -0.89687 0 0.442294
    outer loop
      vertex 5.19615 70 -23
      vertex 5.54328 74 -22.2961
      vertex 5.19615 74 -23
    endloop
  endfacet
  facet normal -0.89687 0 0.442294
    outer loop
      vertex 5.54328 74 -22.2961
      vertex 5.19615 70 -23
      vertex 5.54328 70 -22.2961
    endloop
  endfacet
  facet normal 0.442263 0 -0.896885
    outer loop
      vertex -3 70 -14.8038
      vertex -2.2961 74 -14.4567
      vertex -2.2961 70 -14.4567
    endloop
  endfacet
  facet normal 0.442263 0 -0.896885
    outer loop
      vertex -2.2961 74 -14.4567
      vertex -3 70 -14.8038
      vertex -3 74 -14.8038
    endloop
  endfacet
  facet normal -0.442263 0 0.896885
    outer loop
      vertex 2.2961 74 -25.5433
      vertex 3 70 -25.1962
      vertex 3 74 -25.1962
    endloop
  endfacet
  facet normal -0.442263 0 0.896885
    outer loop
      vertex 3 70 -25.1962
      vertex 2.2961 74 -25.5433
      vertex 2.2961 70 -25.5433
    endloop
  endfacet
  facet normal 0.555629 0 0.83143
    outer loop
      vertex -3.65257 74 -24.7601
      vertex -3 70 -25.1962
      vertex -3 74 -25.1962
    endloop
  endfacet
  facet normal 0.555629 0 0.83143
    outer loop
      vertex -3 70 -25.1962
      vertex -3.65257 74 -24.7601
      vertex -3.65257 70 -24.7601
    endloop
  endfacet
  facet normal 0.751799 -0 0.659392
    outer loop
      vertex -4.76012 70 -23.6526
      vertex -4.24264 74 -24.2426
      vertex -4.76012 74 -23.6526
    endloop
  endfacet
  facet normal 0.751799 0 0.659392
    outer loop
      vertex -4.24264 74 -24.2426
      vertex -4.76012 70 -23.6526
      vertex -4.24264 70 -24.2426
    endloop
  endfacet
  facet normal -0.0653641 0 -0.997861
    outer loop
      vertex 0 70 -14
      vertex 0.783156 74 -14.0513
      vertex 0.783156 70 -14.0513
    endloop
  endfacet
  facet normal -0.0653641 0 -0.997861
    outer loop
      vertex 0.783156 74 -14.0513
      vertex 0 70 -14
      vertex 0 74 -14
    endloop
  endfacet
  facet normal -0.321463 0 -0.946922
    outer loop
      vertex 1.55291 70 -14.2044
      vertex 2.2961 74 -14.4567
      vertex 2.2961 70 -14.4567
    endloop
  endfacet
  facet normal -0.321463 0 -0.946922
    outer loop
      vertex 2.2961 74 -14.4567
      vertex 1.55291 70 -14.2044
      vertex 1.55291 74 -14.2044
    endloop
  endfacet
  facet normal -0.980781 0 -0.195111
    outer loop
      vertex 5.94867 70 -19.2168
      vertex 5.79555 74 -18.4471
      vertex 5.94867 74 -19.2168
    endloop
  endfacet
  facet normal -0.980781 -0 -0.195111
    outer loop
      vertex 5.79555 74 -18.4471
      vertex 5.94867 70 -19.2168
      vertex 5.79555 70 -18.4471
    endloop
  endfacet
  facet normal 0.0653641 0 0.997861
    outer loop
      vertex -0.783156 74 -25.9487
      vertex 0 70 -26
      vertex 0 74 -26
    endloop
  endfacet
  facet normal 0.0653641 0 0.997861
    outer loop
      vertex 0 70 -26
      vertex -0.783156 74 -25.9487
      vertex -0.783156 70 -25.9487
    endloop
  endfacet
  facet normal 0.659362 0 0.751826
    outer loop
      vertex -4.24264 74 -24.2426
      vertex -3.65257 70 -24.7601
      vertex -3.65257 74 -24.7601
    endloop
  endfacet
  facet normal 0.659362 0 0.751826
    outer loop
      vertex -3.65257 70 -24.7601
      vertex -4.24264 74 -24.2426
      vertex -4.24264 70 -24.2426
    endloop
  endfacet
  facet normal 0.659362 0 -0.751826
    outer loop
      vertex -4.24264 70 -15.7574
      vertex -3.65257 74 -15.2399
      vertex -3.65257 70 -15.2399
    endloop
  endfacet
  facet normal 0.659362 0 -0.751826
    outer loop
      vertex -3.65257 74 -15.2399
      vertex -4.24264 70 -15.7574
      vertex -4.24264 74 -15.7574
    endloop
  endfacet
  facet normal -0.555629 0 0.83143
    outer loop
      vertex 3 74 -25.1962
      vertex 3.65257 70 -24.7601
      vertex 3.65257 74 -24.7601
    endloop
  endfacet
  facet normal -0.555629 0 0.83143
    outer loop
      vertex 3.65257 70 -24.7601
      vertex 3 74 -25.1962
      vertex 3 70 -25.1962
    endloop
  endfacet
  facet normal -0.946935 0 -0.321425
    outer loop
      vertex 5.79555 70 -18.4471
      vertex 5.54328 74 -17.7039
      vertex 5.79555 74 -18.4471
    endloop
  endfacet
  facet normal -0.946935 -0 -0.321425
    outer loop
      vertex 5.54328 74 -17.7039
      vertex 5.79555 70 -18.4471
      vertex 5.54328 70 -17.7039
    endloop
  endfacet
  facet normal -0.442263 0 -0.896885
    outer loop
      vertex 2.2961 70 -14.4567
      vertex 3 74 -14.8038
      vertex 3 70 -14.8038
    endloop
  endfacet
  facet normal -0.442263 0 -0.896885
    outer loop
      vertex 3 74 -14.8038
      vertex 2.2961 70 -14.4567
      vertex 2.2961 74 -14.4567
    endloop
  endfacet
  facet normal 0.89687 -0 0.442294
    outer loop
      vertex -5.54328 70 -22.2961
      vertex -5.19615 74 -23
      vertex -5.54328 74 -22.2961
    endloop
  endfacet
  facet normal 0.89687 0 0.442294
    outer loop
      vertex -5.19615 74 -23
      vertex -5.54328 70 -22.2961
      vertex -5.19615 70 -23
    endloop
  endfacet
  facet normal -0.195074 0 -0.980789
    outer loop
      vertex 0.783156 70 -14.0513
      vertex 1.55291 74 -14.2044
      vertex 1.55291 70 -14.2044
    endloop
  endfacet
  facet normal -0.195074 0 -0.980789
    outer loop
      vertex 1.55291 74 -14.2044
      vertex 0.783156 70 -14.0513
      vertex 0.783156 74 -14.0513
    endloop
  endfacet
  facet normal 0.751799 0 -0.659392
    outer loop
      vertex -4.24264 70 -15.7574
      vertex -4.76012 74 -16.3474
      vertex -4.24264 74 -15.7574
    endloop
  endfacet
  facet normal 0.751799 0 -0.659392
    outer loop
      vertex -4.76012 74 -16.3474
      vertex -4.24264 70 -15.7574
      vertex -4.76012 70 -16.3474
    endloop
  endfacet
  facet normal 0.0653641 0 -0.997861
    outer loop
      vertex -0.783156 70 -14.0513
      vertex 0 74 -14
      vertex 0 70 -14
    endloop
  endfacet
  facet normal 0.0653641 0 -0.997861
    outer loop
      vertex 0 74 -14
      vertex -0.783156 70 -14.0513
      vertex -0.783156 74 -14.0513
    endloop
  endfacet
  facet normal -0.831483 0 0.55555
    outer loop
      vertex 4.76012 70 -23.6526
      vertex 5.19615 74 -23
      vertex 4.76012 74 -23.6526
    endloop
  endfacet
  facet normal -0.831483 0 0.55555
    outer loop
      vertex 5.19615 74 -23
      vertex 4.76012 70 -23.6526
      vertex 5.19615 70 -23
    endloop
  endfacet
  facet normal -0.321463 0 0.946922
    outer loop
      vertex 1.55291 74 -25.7956
      vertex 2.2961 70 -25.5433
      vertex 2.2961 74 -25.5433
    endloop
  endfacet
  facet normal -0.321463 0 0.946922
    outer loop
      vertex 2.2961 70 -25.5433
      vertex 1.55291 74 -25.7956
      vertex 1.55291 70 -25.7956
    endloop
  endfacet
  facet normal 0.980781 -0 0.195111
    outer loop
      vertex -5.94867 70 -20.7832
      vertex -5.79555 74 -21.5529
      vertex -5.94867 74 -20.7832
    endloop
  endfacet
  facet normal 0.980781 0 0.195111
    outer loop
      vertex -5.79555 74 -21.5529
      vertex -5.94867 70 -20.7832
      vertex -5.79555 70 -21.5529
    endloop
  endfacet
  facet normal -0.751799 0 0.659392
    outer loop
      vertex 4.24264 70 -24.2426
      vertex 4.76012 74 -23.6526
      vertex 4.24264 74 -24.2426
    endloop
  endfacet
  facet normal -0.751799 0 0.659392
    outer loop
      vertex 4.76012 74 -23.6526
      vertex 4.24264 70 -24.2426
      vertex 4.76012 70 -23.6526
    endloop
  endfacet
  facet normal -0.997859 0 -0.0653985
    outer loop
      vertex 6 70 -20
      vertex 5.94867 74 -19.2168
      vertex 6 74 -20
    endloop
  endfacet
  facet normal -0.997859 -0 -0.0653985
    outer loop
      vertex 5.94867 74 -19.2168
      vertex 6 70 -20
      vertex 5.94867 70 -19.2168
    endloop
  endfacet
  facet normal -0.659362 0 0.751826
    outer loop
      vertex 3.65257 74 -24.7601
      vertex 4.24264 70 -24.2426
      vertex 4.24264 74 -24.2426
    endloop
  endfacet
  facet normal -0.659362 0 0.751826
    outer loop
      vertex 4.24264 70 -24.2426
      vertex 3.65257 74 -24.7601
      vertex 3.65257 70 -24.7601
    endloop
  endfacet
  facet normal -0.89687 0 -0.442294
    outer loop
      vertex 5.54328 70 -17.7039
      vertex 5.19615 74 -17
      vertex 5.54328 74 -17.7039
    endloop
  endfacet
  facet normal -0.89687 -0 -0.442294
    outer loop
      vertex 5.19615 74 -17
      vertex 5.54328 70 -17.7039
      vertex 5.19615 70 -17
    endloop
  endfacet
  facet normal -0.555629 0 -0.83143
    outer loop
      vertex 3 70 -14.8038
      vertex 3.65257 74 -15.2399
      vertex 3.65257 70 -15.2399
    endloop
  endfacet
  facet normal -0.555629 0 -0.83143
    outer loop
      vertex 3.65257 74 -15.2399
      vertex 3 70 -14.8038
      vertex 3 74 -14.8038
    endloop
  endfacet
  facet normal -0.659362 0 -0.751826
    outer loop
      vertex 3.65257 70 -15.2399
      vertex 4.24264 74 -15.7574
      vertex 4.24264 70 -15.7574
    endloop
  endfacet
  facet normal -0.659362 0 -0.751826
    outer loop
      vertex 4.24264 74 -15.7574
      vertex 3.65257 70 -15.2399
      vertex 3.65257 74 -15.2399
    endloop
  endfacet
  facet normal 0.321463 0 -0.946922
    outer loop
      vertex -2.2961 70 -14.4567
      vertex -1.55291 74 -14.2044
      vertex -1.55291 70 -14.2044
    endloop
  endfacet
  facet normal 0.321463 0 -0.946922
    outer loop
      vertex -1.55291 74 -14.2044
      vertex -2.2961 70 -14.4567
      vertex -2.2961 74 -14.4567
    endloop
  endfacet
  facet normal 0.442263 0 0.896885
    outer loop
      vertex -3 74 -25.1962
      vertex -2.2961 70 -25.5433
      vertex -2.2961 74 -25.5433
    endloop
  endfacet
  facet normal 0.442263 0 0.896885
    outer loop
      vertex -2.2961 70 -25.5433
      vertex -3 74 -25.1962
      vertex -3 70 -25.1962
    endloop
  endfacet
  facet normal 0.980781 0 -0.195111
    outer loop
      vertex -5.79555 70 -18.4471
      vertex -5.94867 74 -19.2168
      vertex -5.79555 74 -18.4471
    endloop
  endfacet
  facet normal 0.980781 0 -0.195111
    outer loop
      vertex -5.94867 74 -19.2168
      vertex -5.79555 70 -18.4471
      vertex -5.94867 70 -19.2168
    endloop
  endfacet
  facet normal -0.831483 0 -0.55555
    outer loop
      vertex 5.19615 70 -17
      vertex 4.76012 74 -16.3474
      vertex 5.19615 74 -17
    endloop
  endfacet
  facet normal -0.831483 -0 -0.55555
    outer loop
      vertex 4.76012 74 -16.3474
      vertex 5.19615 70 -17
      vertex 4.76012 70 -16.3474
    endloop
  endfacet
  facet normal 0.89687 0 -0.442294
    outer loop
      vertex -5.19615 70 -17
      vertex -5.54328 74 -17.7039
      vertex -5.19615 74 -17
    endloop
  endfacet
  facet normal 0.89687 0 -0.442294
    outer loop
      vertex -5.54328 74 -17.7039
      vertex -5.19615 70 -17
      vertex -5.54328 70 -17.7039
    endloop
  endfacet
  facet normal -0.751799 0 -0.659392
    outer loop
      vertex 4.76012 70 -16.3474
      vertex 4.24264 74 -15.7574
      vertex 4.76012 74 -16.3474
    endloop
  endfacet
  facet normal -0.751799 -0 -0.659392
    outer loop
      vertex 4.24264 74 -15.7574
      vertex 4.76012 70 -16.3474
      vertex 4.24264 70 -15.7574
    endloop
  endfacet
  facet normal 0.831483 0 -0.55555
    outer loop
      vertex -4.76012 70 -16.3474
      vertex -5.19615 74 -17
      vertex -4.76012 74 -16.3474
    endloop
  endfacet
  facet normal 0.831483 0 -0.55555
    outer loop
      vertex -5.19615 74 -17
      vertex -4.76012 70 -16.3474
      vertex -5.19615 70 -17
    endloop
  endfacet
  facet normal 0.195074 0 -0.980789
    outer loop
      vertex -1.55291 70 -14.2044
      vertex -0.783156 74 -14.0513
      vertex -0.783156 70 -14.0513
    endloop
  endfacet
  facet normal 0.195074 0 -0.980789
    outer loop
      vertex -0.783156 74 -14.0513
      vertex -1.55291 70 -14.2044
      vertex -1.55291 74 -14.2044
    endloop
  endfacet
  facet normal 0.195074 0 0.980789
    outer loop
      vertex -1.55291 74 -25.7956
      vertex -0.783156 70 -25.9487
      vertex -0.783156 74 -25.9487
    endloop
  endfacet
  facet normal 0.195074 0 0.980789
    outer loop
      vertex -0.783156 70 -25.9487
      vertex -1.55291 74 -25.7956
      vertex -1.55291 70 -25.7956
    endloop
  endfacet
  facet normal 0.831483 -0 0.55555
    outer loop
      vertex -5.19615 70 -23
      vertex -4.76012 74 -23.6526
      vertex -5.19615 74 -23
    endloop
  endfacet
  facet normal 0.831483 0 0.55555
    outer loop
      vertex -4.76012 74 -23.6526
      vertex -5.19615 70 -23
      vertex -4.76012 70 -23.6526
    endloop
  endfacet
  facet normal 0.321463 0 0.946922
    outer loop
      vertex -2.2961 74 -25.5433
      vertex -1.55291 70 -25.7956
      vertex -1.55291 74 -25.7956
    endloop
  endfacet
  facet normal 0.321463 0 0.946922
    outer loop
      vertex -1.55291 70 -25.7956
      vertex -2.2961 74 -25.5433
      vertex -2.2961 70 -25.5433
    endloop
  endfacet
  facet normal 0.997859 0 -0.0653985
    outer loop
      vertex -5.94867 70 -19.2168
      vertex -6 74 -20
      vertex -5.94867 74 -19.2168
    endloop
  endfacet
  facet normal 0.997859 0 -0.0653985
    outer loop
      vertex -6 74 -20
      vertex -5.94867 70 -19.2168
      vertex -6 70 -20
    endloop
  endfacet
  facet normal -0.0653641 0 0.997861
    outer loop
      vertex 0 74 -26
      vertex 0.783156 70 -25.9487
      vertex 0.783156 74 -25.9487
    endloop
  endfacet
  facet normal -0.0653641 0 0.997861
    outer loop
      vertex 0.783156 70 -25.9487
      vertex 0 74 -26
      vertex 0 70 -26
    endloop
  endfacet
  facet normal 0.997859 -0 0.0653985
    outer loop
      vertex -6 70 -20
      vertex -5.94867 74 -20.7832
      vertex -6 74 -20
    endloop
  endfacet
  facet normal 0.997859 0 0.0653985
    outer loop
      vertex -5.94867 74 -20.7832
      vertex -6 70 -20
      vertex -5.94867 70 -20.7832
    endloop
  endfacet
  facet normal -0.195074 0 0.980789
    outer loop
      vertex 0.783156 74 -25.9487
      vertex 1.55291 70 -25.7956
      vertex 1.55291 74 -25.7956
    endloop
  endfacet
  facet normal -0.195074 0 0.980789
    outer loop
      vertex 1.55291 70 -25.7956
      vertex 0.783156 74 -25.9487
      vertex 0.783156 70 -25.9487
    endloop
  endfacet
  facet normal 0.946935 -0 0.321425
    outer loop
      vertex -5.79555 70 -21.5529
      vertex -5.54328 74 -22.2961
      vertex -5.79555 74 -21.5529
    endloop
  endfacet
  facet normal 0.946935 0 0.321425
    outer loop
      vertex -5.54328 74 -22.2961
      vertex -5.79555 70 -21.5529
      vertex -5.54328 70 -22.2961
    endloop
  endfacet
endsolid OpenSCAD_Model
