solid OpenSCAD_Model
  facet normal 0.0917836 0 -0.995779
    outer loop
      vertex 2.08842 27.25 -15.8631
      vertex 44 30.75 -12
      vertex 44 27.25 -12
    endloop
  endfacet
  facet normal 0.0917836 0 -0.995779
    outer loop
      vertex 44 30.75 -12
      vertex 2.08842 27.25 -15.8631
      vertex 2.08842 30.75 -15.8631
    endloop
  endfacet
  facet normal -0.997858 0 -0.0654116
    outer loop
      vertex -15.8631 27.25 -2.08842
      vertex -16 30.75 0
      vertex -15.8631 30.75 -2.08842
    endloop
  endfacet
  facet normal -0.997858 -0 -0.0654116
    outer loop
      vertex -16 30.75 0
      vertex -15.8631 27.25 -2.08842
      vertex -16 27.25 0
    endloop
  endfacet
  facet normal 0.0654116 0 -0.997858
    outer loop
      vertex 0 27.25 -16
      vertex 2.08842 30.75 -15.8631
      vertex 2.08842 27.25 -15.8631
    endloop
  endfacet
  facet normal 0.0654116 0 -0.997858
    outer loop
      vertex 2.08842 30.75 -15.8631
      vertex 0 27.25 -16
      vertex 0 30.75 -16
    endloop
  endfacet
  facet normal -0.0654116 0 -0.997858
    outer loop
      vertex -2.08842 27.25 -15.8631
      vertex 0 30.75 -16
      vertex 0 27.25 -16
    endloop
  endfacet
  facet normal -0.0654116 0 -0.997858
    outer loop
      vertex 0 30.75 -16
      vertex -2.08842 27.25 -15.8631
      vertex -2.08842 30.75 -15.8631
    endloop
  endfacet
  facet normal -0.321422 0 0.946936
    outer loop
      vertex -6.12293 30.75 14.7821
      vertex -4.1411 27.25 15.4548
      vertex -4.1411 30.75 15.4548
    endloop
  endfacet
  facet normal -0.321422 0 0.946936
    outer loop
      vertex -4.1411 27.25 15.4548
      vertex -6.12293 30.75 14.7821
      vertex -6.12293 27.25 14.7821
    endloop
  endfacet
  facet normal 1 0 0
    outer loop
      vertex 44 -30 8
      vertex 44 -10 12
      vertex 44 -27.5 12
    endloop
  endfacet
  facet normal 1 0 0
    outer loop
      vertex 44 -10 12
      vertex 44 -30 8
      vertex 44 -10 -12
    endloop
  endfacet
  facet normal 1 -0 0
    outer loop
      vertex 44 -30 -8
      vertex 44 -10 -12
      vertex 44 -30 8
    endloop
  endfacet
  facet normal 1 -0 0
    outer loop
      vertex 44 -31 12
      vertex 44 -30 8
      vertex 44 -27.5 12
    endloop
  endfacet
  facet normal 1 0 0
    outer loop
      vertex 44 -30 8
      vertex 44 -31 12
      vertex 44 -31 8
    endloop
  endfacet
  facet normal 1 0 0
    outer loop
      vertex 44 -10 -12
      vertex 44 -30 -8
      vertex 44 -27.5 -12
    endloop
  endfacet
  facet normal 1 0 0
    outer loop
      vertex 44 -31 -12
      vertex 44 -30 -8
      vertex 44 -31 -8
    endloop
  endfacet
  facet normal 1 0 0
    outer loop
      vertex 44 -30 -8
      vertex 44 -31 -12
      vertex 44 -27.5 -12
    endloop
  endfacet
  facet normal 1 -0 0
    outer loop
      vertex 44 30.75 12
      vertex 44 31.25 -12
      vertex 44 31.25 12
    endloop
  endfacet
  facet normal 1 0 0
    outer loop
      vertex 44 30.75 12
      vertex 44 30.75 -12
      vertex 44 31.25 -12
    endloop
  endfacet
  facet normal 1 -0 0
    outer loop
      vertex 44 27.25 12
      vertex 44 30.75 -12
      vertex 44 30.75 12
    endloop
  endfacet
  facet normal 1 0 0
    outer loop
      vertex 44 27.25 12
      vertex 44 27.25 -12
      vertex 44 30.75 -12
    endloop
  endfacet
  facet normal 1 -0 0
    outer loop
      vertex 44 10 12
      vertex 44 27.25 -12
      vertex 44 27.25 12
    endloop
  endfacet
  facet normal 1 0 0
    outer loop
      vertex 44 27.25 -12
      vertex 44 10 12
      vertex 44 10 -12
    endloop
  endfacet
  facet normal 0.0917836 0 0.995779
    outer loop
      vertex 2.08842 30.75 15.8631
      vertex 44 27.25 12
      vertex 44 30.75 12
    endloop
  endfacet
  facet normal 0.0917836 0 0.995779
    outer loop
      vertex 44 27.25 12
      vertex 2.08842 30.75 15.8631
      vertex 2.08842 27.25 15.8631
    endloop
  endfacet
  facet normal 0.0654116 0 0.997858
    outer loop
      vertex 0 30.75 16
      vertex 2.08842 27.25 15.8631
      vertex 2.08842 30.75 15.8631
    endloop
  endfacet
  facet normal 0.0654116 0 0.997858
    outer loop
      vertex 2.08842 27.25 15.8631
      vertex 0 30.75 16
      vertex 0 27.25 16
    endloop
  endfacet
  facet normal -0.442301 0 -0.896867
    outer loop
      vertex -8 27.25 -13.8564
      vertex -6.12293 30.75 -14.7821
      vertex -6.12293 27.25 -14.7821
    endloop
  endfacet
  facet normal -0.442301 0 -0.896867
    outer loop
      vertex -6.12293 30.75 -14.7821
      vertex -8 27.25 -13.8564
      vertex -8 30.75 -13.8564
    endloop
  endfacet
  facet normal -0.195089 0 0.980786
    outer loop
      vertex -4.1411 30.75 15.4548
      vertex -2.08842 27.25 15.8631
      vertex -2.08842 30.75 15.8631
    endloop
  endfacet
  facet normal -0.195089 0 0.980786
    outer loop
      vertex -2.08842 27.25 15.8631
      vertex -4.1411 30.75 15.4548
      vertex -4.1411 27.25 15.4548
    endloop
  endfacet
  facet normal -0.321422 0 -0.946936
    outer loop
      vertex -6.12293 27.25 -14.7821
      vertex -4.1411 30.75 -15.4548
      vertex -4.1411 27.25 -15.4548
    endloop
  endfacet
  facet normal -0.321422 0 -0.946936
    outer loop
      vertex -4.1411 30.75 -15.4548
      vertex -6.12293 27.25 -14.7821
      vertex -6.12293 30.75 -14.7821
    endloop
  endfacet
  facet normal -0.831481 0 -0.555553
    outer loop
      vertex -12.6937 27.25 -9.74018
      vertex -13.8564 30.75 -8
      vertex -12.6937 30.75 -9.74018
    endloop
  endfacet
  facet normal -0.831481 -0 -0.555553
    outer loop
      vertex -13.8564 30.75 -8
      vertex -12.6937 27.25 -9.74018
      vertex -13.8564 27.25 -8
    endloop
  endfacet
  facet normal -0.751826 0 -0.659362
    outer loop
      vertex -11.3137 27.25 -11.3137
      vertex -12.6937 30.75 -9.74018
      vertex -11.3137 30.75 -11.3137
    endloop
  endfacet
  facet normal -0.751826 -0 -0.659362
    outer loop
      vertex -12.6937 30.75 -9.74018
      vertex -11.3137 27.25 -11.3137
      vertex -12.6937 27.25 -9.74018
    endloop
  endfacet
  facet normal -0.195089 0 -0.980786
    outer loop
      vertex -4.1411 27.25 -15.4548
      vertex -2.08842 30.75 -15.8631
      vertex -2.08842 27.25 -15.8631
    endloop
  endfacet
  facet normal -0.195089 0 -0.980786
    outer loop
      vertex -2.08842 30.75 -15.8631
      vertex -4.1411 27.25 -15.4548
      vertex -4.1411 30.75 -15.4548
    endloop
  endfacet
  facet normal -0.659362 0 0.751826
    outer loop
      vertex -11.3137 30.75 11.3137
      vertex -9.74018 27.25 12.6937
      vertex -9.74018 30.75 12.6937
    endloop
  endfacet
  facet normal -0.659362 0 0.751826
    outer loop
      vertex -9.74018 27.25 12.6937
      vertex -11.3137 30.75 11.3137
      vertex -11.3137 27.25 11.3137
    endloop
  endfacet
  facet normal 0 -1 0
    outer loop
      vertex -4.59434 27.25 5.94156
      vertex -0.280631 27.25 2.13161
      vertex 0 27.25 2.15
    endloop
  endfacet
  facet normal 0 -1 0
    outer loop
      vertex -6.43467 27.25 -4.87904
      vertex -6.43467 27.25 4.87904
      vertex -16 27.25 0
    endloop
  endfacet
  facet normal 0 -1 0
    outer loop
      vertex -5.94156 27.25 4.59434
      vertex -0.55646 27.25 2.07674
      vertex -0.280631 27.25 2.13161
    endloop
  endfacet
  facet normal 0 -1 0
    outer loop
      vertex -5.94156 27.25 4.59434
      vertex -0.822769 27.25 1.98634
      vertex -0.55646 27.25 2.07674
    endloop
  endfacet
  facet normal 0 -1 0
    outer loop
      vertex -5.94156 27.25 4.59434
      vertex -1.075 27.25 1.86195
      vertex -0.822769 27.25 1.98634
    endloop
  endfacet
  facet normal 0 -1 0
    outer loop
      vertex -5.94156 27.25 4.59434
      vertex -1.30884 27.25 1.70571
      vertex -1.075 27.25 1.86195
    endloop
  endfacet
  facet normal 0 -1 0
    outer loop
      vertex -5.94156 27.25 4.59434
      vertex -1.52028 27.25 1.52028
      vertex -1.30884 27.25 1.70571
    endloop
  endfacet
  facet normal 0 -1 0
    outer loop
      vertex -5.94156 27.25 4.59434
      vertex -1.70571 27.25 1.30884
      vertex -1.52028 27.25 1.52028
    endloop
  endfacet
  facet normal 0 -1 0
    outer loop
      vertex -5.94156 27.25 4.59434
      vertex -1.86195 27.25 1.075
      vertex -1.70571 27.25 1.30884
    endloop
  endfacet
  facet normal 0 -1 0
    outer loop
      vertex -5.94156 27.25 4.59434
      vertex -1.98634 27.25 0.822769
      vertex -1.86195 27.25 1.075
    endloop
  endfacet
  facet normal 0 -1 0
    outer loop
      vertex -5.94156 27.25 4.59434
      vertex -2.07674 27.25 0.55646
      vertex -1.98634 27.25 0.822769
    endloop
  endfacet
  facet normal 0 -1 0
    outer loop
      vertex -5.94156 27.25 4.59434
      vertex -2.13161 27.25 0.280631
      vertex -2.07674 27.25 0.55646
    endloop
  endfacet
  facet normal 0 -1 0
    outer loop
      vertex -6.43467 27.25 4.87904
      vertex -6.43467 27.25 -4.87904
      vertex -5.94156 27.25 4.59434
    endloop
  endfacet
  facet normal -0 -1 0
    outer loop
      vertex -2.15 27.25 0
      vertex -5.94156 27.25 4.59434
      vertex -5.94156 27.25 -4.59434
    endloop
  endfacet
  facet normal 0 -1 0
    outer loop
      vertex -5.94156 27.25 4.59434
      vertex -2.15 27.25 0
      vertex -2.13161 27.25 0.280631
    endloop
  endfacet
  facet normal 0 -1 -0
    outer loop
      vertex -2.15 27.25 0
      vertex -5.94156 27.25 -4.59434
      vertex -2.13161 27.25 -0.280631
    endloop
  endfacet
  facet normal 0 -1 0
    outer loop
      vertex -5.37215 27.25 -4.59434
      vertex -2.13161 27.25 -0.280631
      vertex -5.94156 27.25 -4.59434
    endloop
  endfacet
  facet normal 0 -1 -0
    outer loop
      vertex -2.13161 27.25 -0.280631
      vertex -5.37215 27.25 -4.59434
      vertex -2.07674 27.25 -0.55646
    endloop
  endfacet
  facet normal 0 -1 -0
    outer loop
      vertex -2.07674 27.25 -0.55646
      vertex -5.37215 27.25 -4.59434
      vertex -1.98634 27.25 -0.822769
    endloop
  endfacet
  facet normal 0 -1 -0
    outer loop
      vertex -1.98634 27.25 -0.822769
      vertex -5.37215 27.25 -4.59434
      vertex -1.86195 27.25 -1.075
    endloop
  endfacet
  facet normal 0 -1 -0
    outer loop
      vertex -1.86195 27.25 -1.075
      vertex -5.37215 27.25 -4.59434
      vertex -1.70571 27.25 -1.30884
    endloop
  endfacet
  facet normal 0 -1 0
    outer loop
      vertex -4.87904 27.25 -4.87904
      vertex -1.70571 27.25 -1.30884
      vertex -5.37215 27.25 -4.59434
    endloop
  endfacet
  facet normal 0 -1 -0
    outer loop
      vertex -1.70571 27.25 -1.30884
      vertex -4.87904 27.25 -4.87904
      vertex -1.52028 27.25 -1.52028
    endloop
  endfacet
  facet normal 0 -1 -0
    outer loop
      vertex -1.52028 27.25 -1.52028
      vertex -4.87904 27.25 -4.87904
      vertex -1.30884 27.25 -1.70571
    endloop
  endfacet
  facet normal 0 -1 0
    outer loop
      vertex -6.43467 27.25 -4.87904
      vertex -16 27.25 0
      vertex -15.8631 27.25 -2.08842
    endloop
  endfacet
  facet normal 0 -1 -0
    outer loop
      vertex -1.30884 27.25 -1.70571
      vertex -4.87904 27.25 -4.87904
      vertex -1.075 27.25 -1.86195
    endloop
  endfacet
  facet normal 0 -1 0
    outer loop
      vertex -4.59434 27.25 -5.37215
      vertex -1.075 27.25 -1.86195
      vertex -4.87904 27.25 -4.87904
    endloop
  endfacet
  facet normal 0 -1 0
    outer loop
      vertex -6.43467 27.25 -4.87904
      vertex -15.8631 27.25 -2.08842
      vertex -15.4548 27.25 -4.1411
    endloop
  endfacet
  facet normal 0 -1 0
    outer loop
      vertex -4.59434 27.25 -5.94156
      vertex -0.280631 27.25 -2.13161
      vertex -4.59434 27.25 -5.37215
    endloop
  endfacet
  facet normal 0 -1 0
    outer loop
      vertex 0 27.25 -2.15
      vertex 4.87904 27.25 -4.87904
      vertex 5.37215 27.25 -4.59434
    endloop
  endfacet
  facet normal 0 -1 -0
    outer loop
      vertex -0.280631 27.25 -2.13161
      vertex -4.59434 27.25 -5.94156
      vertex 0 27.25 -2.15
    endloop
  endfacet
  facet normal 0 -1 0
    outer loop
      vertex 0 27.25 -2.15
      vertex 4.59434 27.25 -5.37215
      vertex 4.87904 27.25 -4.87904
    endloop
  endfacet
  facet normal 0 -1 0
    outer loop
      vertex 4.59434 27.25 -5.94156
      vertex 0 27.25 -2.15
      vertex -4.59434 27.25 -5.94156
    endloop
  endfacet
  facet normal 0 -1 0
    outer loop
      vertex 0 27.25 -2.15
      vertex 4.59434 27.25 -5.94156
      vertex 4.59434 27.25 -5.37215
    endloop
  endfacet
  facet normal 0 -1 0
    outer loop
      vertex -4.87904 27.25 -6.43467
      vertex 4.59434 27.25 -5.94156
      vertex -4.59434 27.25 -5.94156
    endloop
  endfacet
  facet normal 0 -1 0
    outer loop
      vertex -4.87904 27.25 -6.43467
      vertex 4.87904 27.25 -6.43467
      vertex 4.59434 27.25 -5.94156
    endloop
  endfacet
  facet normal 0 -1 0
    outer loop
      vertex -4.1411 27.25 -15.4548
      vertex -4.87904 27.25 -6.43467
      vertex -5.37215 27.25 -6.71937
    endloop
  endfacet
  facet normal 0 -1 0
    outer loop
      vertex -4.87904 27.25 -6.43467
      vertex 0 27.25 -16
      vertex 4.87904 27.25 -6.43467
    endloop
  endfacet
  facet normal 0 -1 -0
    outer loop
      vertex -5.94156 27.25 4.59434
      vertex -6.43467 27.25 -4.87904
      vertex -5.94156 27.25 -4.59434
    endloop
  endfacet
  facet normal 0 -1 0
    outer loop
      vertex -15.4548 27.25 -4.1411
      vertex -6.71937 27.25 -5.37215
      vertex -6.43467 27.25 -4.87904
    endloop
  endfacet
  facet normal 0 -1 0
    outer loop
      vertex -14.7821 27.25 -6.12293
      vertex -6.71937 27.25 -5.37215
      vertex -15.4548 27.25 -4.1411
    endloop
  endfacet
  facet normal 0 -1 0
    outer loop
      vertex -13.8564 27.25 -8
      vertex -6.71937 27.25 -5.37215
      vertex -14.7821 27.25 -6.12293
    endloop
  endfacet
  facet normal 0 -1 -0
    outer loop
      vertex -6.71937 27.25 -5.37215
      vertex -13.8564 27.25 -8
      vertex -6.71937 27.25 -5.94156
    endloop
  endfacet
  facet normal 0 -1 0
    outer loop
      vertex -12.6937 27.25 -9.74018
      vertex -6.71937 27.25 -5.94156
      vertex -13.8564 27.25 -8
    endloop
  endfacet
  facet normal 0 -1 0
    outer loop
      vertex -8 27.25 -13.8564
      vertex -5.37215 27.25 -6.71937
      vertex -5.94156 27.25 -6.71937
    endloop
  endfacet
  facet normal -0 -1 0
    outer loop
      vertex 2.08842 27.25 -15.8631
      vertex 4.87904 27.25 -6.43467
      vertex 0 27.25 -16
    endloop
  endfacet
  facet normal 0 -1 0
    outer loop
      vertex -11.3137 27.25 -11.3137
      vertex -6.43467 27.25 -6.43467
      vertex -12.6937 27.25 -9.74018
    endloop
  endfacet
  facet normal 0 -1 -0
    outer loop
      vertex -6.71937 27.25 -5.94156
      vertex -12.6937 27.25 -9.74018
      vertex -6.43467 27.25 -6.43467
    endloop
  endfacet
  facet normal 0 -1 0
    outer loop
      vertex 4.87904 27.25 6.43467
      vertex 0 27.25 16
      vertex -4.87904 27.25 6.43467
    endloop
  endfacet
  facet normal 0 -1 0
    outer loop
      vertex 0 27.25 16
      vertex 4.87904 27.25 6.43467
      vertex 5.37215 27.25 6.71937
    endloop
  endfacet
  facet normal 0 -1 0
    outer loop
      vertex -4.59434 27.25 5.94156
      vertex 4.87904 27.25 6.43467
      vertex -4.87904 27.25 6.43467
    endloop
  endfacet
  facet normal 0 -1 0
    outer loop
      vertex -4.59434 27.25 5.94156
      vertex 4.59434 27.25 5.94156
      vertex 4.87904 27.25 6.43467
    endloop
  endfacet
  facet normal 0 -1 0
    outer loop
      vertex -0.280631 27.25 2.13161
      vertex -4.59434 27.25 5.94156
      vertex -4.59434 27.25 5.37215
    endloop
  endfacet
  facet normal 0 -1 0
    outer loop
      vertex -4.59434 27.25 5.94156
      vertex 0 27.25 2.15
      vertex 4.59434 27.25 5.94156
    endloop
  endfacet
  facet normal 0 -1 0
    outer loop
      vertex -0.280631 27.25 2.13161
      vertex -4.59434 27.25 5.37215
      vertex -4.87904 27.25 4.87904
    endloop
  endfacet
  facet normal 0 -1 0
    outer loop
      vertex 0.280631 27.25 2.13161
      vertex 4.59434 27.25 5.94156
      vertex 0 27.25 2.15
    endloop
  endfacet
  facet normal 0 -1 0
    outer loop
      vertex -0.280631 27.25 2.13161
      vertex -4.87904 27.25 4.87904
      vertex -5.37215 27.25 4.59434
    endloop
  endfacet
  facet normal 0 -1 -0
    outer loop
      vertex 4.59434 27.25 5.94156
      vertex 0.280631 27.25 2.13161
      vertex 4.59434 27.25 5.37215
    endloop
  endfacet
  facet normal 0 -1 0
    outer loop
      vertex -11.3137 27.25 11.3137
      vertex -6.43467 27.25 6.43467
      vertex -5.94156 27.25 6.71937
    endloop
  endfacet
  facet normal 0 -1 0
    outer loop
      vertex -6.71937 27.25 5.37215
      vertex -13.8564 27.25 8
      vertex -14.7821 27.25 6.12293
    endloop
  endfacet
  facet normal 0 -1 0
    outer loop
      vertex -12.6937 27.25 9.74018
      vertex -6.71937 27.25 5.94156
      vertex -6.43467 27.25 6.43467
    endloop
  endfacet
  facet normal 0 -1 0
    outer loop
      vertex -13.8564 27.25 8
      vertex -6.71937 27.25 5.37215
      vertex -6.71937 27.25 5.94156
    endloop
  endfacet
  facet normal 0 -1 0
    outer loop
      vertex -15.4548 27.25 4.1411
      vertex -6.71937 27.25 5.37215
      vertex -14.7821 27.25 6.12293
    endloop
  endfacet
  facet normal 0 -1 -0
    outer loop
      vertex -6.71937 27.25 5.37215
      vertex -15.4548 27.25 4.1411
      vertex -6.43467 27.25 4.87904
    endloop
  endfacet
  facet normal 0 -1 0
    outer loop
      vertex -0.280631 27.25 2.13161
      vertex -5.37215 27.25 4.59434
      vertex -5.94156 27.25 4.59434
    endloop
  endfacet
  facet normal 0 -1 0
    outer loop
      vertex 0.55646 27.25 2.07674
      vertex 4.59434 27.25 5.37215
      vertex 0.280631 27.25 2.13161
    endloop
  endfacet
  facet normal 0 -1 0
    outer loop
      vertex -16 27.25 0
      vertex -6.43467 27.25 4.87904
      vertex -15.8631 27.25 2.08842
    endloop
  endfacet
  facet normal 0 -1 0
    outer loop
      vertex -15.8631 27.25 2.08842
      vertex -6.43467 27.25 4.87904
      vertex -15.4548 27.25 4.1411
    endloop
  endfacet
  facet normal 0 -1 -0
    outer loop
      vertex -2.08842 27.25 15.8631
      vertex -4.87904 27.25 6.43467
      vertex 0 27.25 16
    endloop
  endfacet
  facet normal 0 -1 0
    outer loop
      vertex -6.43467 27.25 6.43467
      vertex -11.3137 27.25 11.3137
      vertex -12.6937 27.25 9.74018
    endloop
  endfacet
  facet normal 0 -1 0
    outer loop
      vertex -6.71937 27.25 5.94156
      vertex -12.6937 27.25 9.74018
      vertex -13.8564 27.25 8
    endloop
  endfacet
  facet normal 0 -1 0
    outer loop
      vertex -11.3137 27.25 11.3137
      vertex -5.94156 27.25 6.71937
      vertex -5.37215 27.25 6.71937
    endloop
  endfacet
  facet normal 0 -1 0
    outer loop
      vertex 0 27.25 16
      vertex 5.37215 27.25 6.71937
      vertex 2.08842 27.25 15.8631
    endloop
  endfacet
  facet normal 0 -1 0
    outer loop
      vertex 2.08842 27.25 15.8631
      vertex 5.37215 27.25 6.71937
      vertex 5.94156 27.25 6.71937
    endloop
  endfacet
  facet normal 0 -1 0
    outer loop
      vertex 6.43467 27.25 6.43467
      vertex 2.08842 27.25 15.8631
      vertex 5.94156 27.25 6.71937
    endloop
  endfacet
  facet normal 0 -1 0
    outer loop
      vertex 2.08842 27.25 15.8631
      vertex 6.43467 27.25 6.43467
      vertex 36 27.25 12
    endloop
  endfacet
  facet normal 0 -1 0
    outer loop
      vertex 6.71937 27.25 5.94156
      vertex 36 27.25 12
      vertex 6.43467 27.25 6.43467
    endloop
  endfacet
  facet normal 0 -1 0
    outer loop
      vertex 6.71937 27.25 5.37215
      vertex 36 27.25 12
      vertex 6.71937 27.25 5.94156
    endloop
  endfacet
  facet normal 0 -1 0
    outer loop
      vertex 6.71937 27.25 -5.37215
      vertex 6.71937 27.25 5.37215
      vertex 6.43467 27.25 4.87904
    endloop
  endfacet
  facet normal 0 -1 0
    outer loop
      vertex 6.43467 27.25 -4.87904
      vertex 6.43467 27.25 4.87904
      vertex 5.94156 27.25 4.59434
    endloop
  endfacet
  facet normal 0 -1 0
    outer loop
      vertex 0.822769 27.25 1.98634
      vertex 4.59434 27.25 5.37215
      vertex 0.55646 27.25 2.07674
    endloop
  endfacet
  facet normal 0 -1 0
    outer loop
      vertex 1.075 27.25 1.86195
      vertex 4.59434 27.25 5.37215
      vertex 0.822769 27.25 1.98634
    endloop
  endfacet
  facet normal 0 -1 -0
    outer loop
      vertex 4.59434 27.25 5.37215
      vertex 1.075 27.25 1.86195
      vertex 4.87904 27.25 4.87904
    endloop
  endfacet
  facet normal 0 -1 0
    outer loop
      vertex 1.30884 27.25 1.70571
      vertex 4.87904 27.25 4.87904
      vertex 1.075 27.25 1.86195
    endloop
  endfacet
  facet normal 0 -1 0
    outer loop
      vertex 1.52028 27.25 1.52028
      vertex 4.87904 27.25 4.87904
      vertex 1.30884 27.25 1.70571
    endloop
  endfacet
  facet normal 0 -1 0
    outer loop
      vertex 1.70571 27.25 1.30884
      vertex 4.87904 27.25 4.87904
      vertex 1.52028 27.25 1.52028
    endloop
  endfacet
  facet normal 0 -1 -0
    outer loop
      vertex 4.87904 27.25 4.87904
      vertex 1.70571 27.25 1.30884
      vertex 5.37215 27.25 4.59434
    endloop
  endfacet
  facet normal 0 -1 0
    outer loop
      vertex 1.86195 27.25 1.075
      vertex 5.37215 27.25 4.59434
      vertex 1.70571 27.25 1.30884
    endloop
  endfacet
  facet normal 0 -1 0
    outer loop
      vertex 1.98634 27.25 0.822769
      vertex 5.37215 27.25 4.59434
      vertex 1.86195 27.25 1.075
    endloop
  endfacet
  facet normal 0 -1 0
    outer loop
      vertex 2.07674 27.25 0.55646
      vertex 5.37215 27.25 4.59434
      vertex 1.98634 27.25 0.822769
    endloop
  endfacet
  facet normal 0 -1 0
    outer loop
      vertex 2.13161 27.25 0.280631
      vertex 5.37215 27.25 4.59434
      vertex 2.07674 27.25 0.55646
    endloop
  endfacet
  facet normal 0 -1 -0
    outer loop
      vertex 5.37215 27.25 4.59434
      vertex 2.13161 27.25 0.280631
      vertex 5.94156 27.25 4.59434
    endloop
  endfacet
  facet normal 0 -1 0
    outer loop
      vertex 2.15 27.25 0
      vertex 5.94156 27.25 4.59434
      vertex 2.13161 27.25 0.280631
    endloop
  endfacet
  facet normal 0 -1 -0
    outer loop
      vertex 5.94156 27.25 4.59434
      vertex 2.15 27.25 0
      vertex 5.94156 27.25 -4.59434
    endloop
  endfacet
  facet normal 0 -1 0
    outer loop
      vertex 5.94156 27.25 -4.59434
      vertex 2.15 27.25 0
      vertex 2.13161 27.25 -0.280631
    endloop
  endfacet
  facet normal 0 -1 0
    outer loop
      vertex 5.37215 27.25 -4.59434
      vertex 2.13161 27.25 -0.280631
      vertex 2.07674 27.25 -0.55646
    endloop
  endfacet
  facet normal 0 -1 0
    outer loop
      vertex 5.37215 27.25 -4.59434
      vertex 2.07674 27.25 -0.55646
      vertex 1.98634 27.25 -0.822769
    endloop
  endfacet
  facet normal 0 -1 0
    outer loop
      vertex 5.37215 27.25 -4.59434
      vertex 1.98634 27.25 -0.822769
      vertex 1.86195 27.25 -1.075
    endloop
  endfacet
  facet normal 0 -1 0
    outer loop
      vertex 5.37215 27.25 -4.59434
      vertex 1.86195 27.25 -1.075
      vertex 1.70571 27.25 -1.30884
    endloop
  endfacet
  facet normal 0 -1 0
    outer loop
      vertex 5.37215 27.25 -4.59434
      vertex 1.70571 27.25 -1.30884
      vertex 1.52028 27.25 -1.52028
    endloop
  endfacet
  facet normal 0 -1 0
    outer loop
      vertex 5.37215 27.25 -4.59434
      vertex 1.52028 27.25 -1.52028
      vertex 1.30884 27.25 -1.70571
    endloop
  endfacet
  facet normal 0 -1 0
    outer loop
      vertex 5.37215 27.25 -4.59434
      vertex 1.30884 27.25 -1.70571
      vertex 1.075 27.25 -1.86195
    endloop
  endfacet
  facet normal 0 -1 0
    outer loop
      vertex 5.37215 27.25 -4.59434
      vertex 1.075 27.25 -1.86195
      vertex 0.822769 27.25 -1.98634
    endloop
  endfacet
  facet normal 0 -1 -0
    outer loop
      vertex -1.075 27.25 -1.86195
      vertex -4.59434 27.25 -5.37215
      vertex -0.822769 27.25 -1.98634
    endloop
  endfacet
  facet normal 0 -1 -0
    outer loop
      vertex -0.822769 27.25 -1.98634
      vertex -4.59434 27.25 -5.37215
      vertex -0.55646 27.25 -2.07674
    endloop
  endfacet
  facet normal 0 -1 -0
    outer loop
      vertex -0.55646 27.25 -2.07674
      vertex -4.59434 27.25 -5.37215
      vertex -0.280631 27.25 -2.13161
    endloop
  endfacet
  facet normal 0 -1 0
    outer loop
      vertex 0 27.25 -2.15
      vertex 5.37215 27.25 -4.59434
      vertex 0.280631 27.25 -2.13161
    endloop
  endfacet
  facet normal 0 -1 0
    outer loop
      vertex 0.280631 27.25 -2.13161
      vertex 5.37215 27.25 -4.59434
      vertex 0.55646 27.25 -2.07674
    endloop
  endfacet
  facet normal 0 -1 0
    outer loop
      vertex 0.55646 27.25 -2.07674
      vertex 5.37215 27.25 -4.59434
      vertex 0.822769 27.25 -1.98634
    endloop
  endfacet
  facet normal 0 -1 0
    outer loop
      vertex 2.13161 27.25 -0.280631
      vertex 5.37215 27.25 -4.59434
      vertex 5.94156 27.25 -4.59434
    endloop
  endfacet
  facet normal 0 -1 0
    outer loop
      vertex 5.94156 27.25 4.59434
      vertex 5.94156 27.25 -4.59434
      vertex 6.43467 27.25 -4.87904
    endloop
  endfacet
  facet normal 0 -1 0
    outer loop
      vertex 6.43467 27.25 4.87904
      vertex 6.43467 27.25 -4.87904
      vertex 6.71937 27.25 -5.37215
    endloop
  endfacet
  facet normal 0 -1 0
    outer loop
      vertex 6.71937 27.25 5.37215
      vertex 6.71937 27.25 -5.37215
      vertex 36 27.25 12
    endloop
  endfacet
  facet normal 0 -1 0
    outer loop
      vertex 36 27.25 -12
      vertex 6.71937 27.25 -5.37215
      vertex 6.71937 27.25 -5.94156
    endloop
  endfacet
  facet normal 0 -1 0
    outer loop
      vertex 36 27.25 -12
      vertex 6.71937 27.25 -5.94156
      vertex 6.43467 27.25 -6.43467
    endloop
  endfacet
  facet normal 0 -1 0
    outer loop
      vertex -9.74018 27.25 -12.6937
      vertex -6.43467 27.25 -6.43467
      vertex -11.3137 27.25 -11.3137
    endloop
  endfacet
  facet normal 0 -1 -0
    outer loop
      vertex -6.43467 27.25 -6.43467
      vertex -9.74018 27.25 -12.6937
      vertex -5.94156 27.25 -6.71937
    endloop
  endfacet
  facet normal 0 -1 0
    outer loop
      vertex 6.71937 27.25 -5.37215
      vertex 36 27.25 -12
      vertex 36 27.25 12
    endloop
  endfacet
  facet normal 0 -1 0
    outer loop
      vertex 2.08842 27.25 -15.8631
      vertex 6.43467 27.25 -6.43467
      vertex 5.94156 27.25 -6.71937
    endloop
  endfacet
  facet normal 0 -1 0
    outer loop
      vertex -8 27.25 -13.8564
      vertex -5.94156 27.25 -6.71937
      vertex -9.74018 27.25 -12.6937
    endloop
  endfacet
  facet normal 0 -1 0
    outer loop
      vertex -5.37215 27.25 -6.71937
      vertex -8 27.25 -13.8564
      vertex -6.12293 27.25 -14.7821
    endloop
  endfacet
  facet normal 0 -1 -0
    outer loop
      vertex 6.43467 27.25 -6.43467
      vertex 2.08842 27.25 -15.8631
      vertex 36 27.25 -12
    endloop
  endfacet
  facet normal 0 -1 -0
    outer loop
      vertex -5.37215 27.25 -6.71937
      vertex -6.12293 27.25 -14.7821
      vertex -4.1411 27.25 -15.4548
    endloop
  endfacet
  facet normal 0 -1 0
    outer loop
      vertex -4.87904 27.25 -6.43467
      vertex -4.1411 27.25 -15.4548
      vertex -2.08842 27.25 -15.8631
    endloop
  endfacet
  facet normal 0 -1 0
    outer loop
      vertex -4.87904 27.25 -6.43467
      vertex -2.08842 27.25 -15.8631
      vertex 0 27.25 -16
    endloop
  endfacet
  facet normal 0 -1 -0
    outer loop
      vertex 4.87904 27.25 -6.43467
      vertex 2.08842 27.25 -15.8631
      vertex 5.37215 27.25 -6.71937
    endloop
  endfacet
  facet normal 0 -1 -0
    outer loop
      vertex 36 27.25 -12
      vertex 2.08842 27.25 -15.8631
      vertex 44 27.25 -12
    endloop
  endfacet
  facet normal 0 -1 -0
    outer loop
      vertex 5.37215 27.25 -6.71937
      vertex 2.08842 27.25 -15.8631
      vertex 5.94156 27.25 -6.71937
    endloop
  endfacet
  facet normal 0 -1 -0
    outer loop
      vertex -4.1411 27.25 15.4548
      vertex -4.87904 27.25 6.43467
      vertex -2.08842 27.25 15.8631
    endloop
  endfacet
  facet normal 0 -1 0
    outer loop
      vertex -4.87904 27.25 6.43467
      vertex -4.1411 27.25 15.4548
      vertex -5.37215 27.25 6.71937
    endloop
  endfacet
  facet normal 0 -1 0
    outer loop
      vertex -5.37215 27.25 6.71937
      vertex -4.1411 27.25 15.4548
      vertex -6.12293 27.25 14.7821
    endloop
  endfacet
  facet normal 0 -1 0
    outer loop
      vertex -5.37215 27.25 6.71937
      vertex -6.12293 27.25 14.7821
      vertex -8 27.25 13.8564
    endloop
  endfacet
  facet normal 0 -1 0
    outer loop
      vertex -5.37215 27.25 6.71937
      vertex -8 27.25 13.8564
      vertex -9.74018 27.25 12.6937
    endloop
  endfacet
  facet normal 0 -1 0
    outer loop
      vertex -5.37215 27.25 6.71937
      vertex -9.74018 27.25 12.6937
      vertex -11.3137 27.25 11.3137
    endloop
  endfacet
  facet normal 0 -1 0
    outer loop
      vertex 2.08842 27.25 15.8631
      vertex 36 27.25 12
      vertex 44 27.25 12
    endloop
  endfacet
  facet normal -0.555553 0 0.831481
    outer loop
      vertex -9.74018 30.75 12.6937
      vertex -8 27.25 13.8564
      vertex -8 30.75 13.8564
    endloop
  endfacet
  facet normal -0.555553 0 0.831481
    outer loop
      vertex -8 27.25 13.8564
      vertex -9.74018 30.75 12.6937
      vertex -9.74018 27.25 12.6937
    endloop
  endfacet
  facet normal -0.896867 0 -0.442301
    outer loop
      vertex -13.8564 27.25 -8
      vertex -14.7821 30.75 -6.12293
      vertex -13.8564 30.75 -8
    endloop
  endfacet
  facet normal -0.896867 -0 -0.442301
    outer loop
      vertex -14.7821 30.75 -6.12293
      vertex -13.8564 27.25 -8
      vertex -14.7821 27.25 -6.12293
    endloop
  endfacet
  facet normal -0.946936 0 0.321422
    outer loop
      vertex -15.4548 27.25 4.1411
      vertex -14.7821 30.75 6.12293
      vertex -15.4548 30.75 4.1411
    endloop
  endfacet
  facet normal -0.946936 0 0.321422
    outer loop
      vertex -14.7821 30.75 6.12293
      vertex -15.4548 27.25 4.1411
      vertex -14.7821 27.25 6.12293
    endloop
  endfacet
  facet normal -0.831481 0 0.555553
    outer loop
      vertex -13.8564 27.25 8
      vertex -12.6937 30.75 9.74018
      vertex -13.8564 30.75 8
    endloop
  endfacet
  facet normal -0.831481 0 0.555553
    outer loop
      vertex -12.6937 30.75 9.74018
      vertex -13.8564 27.25 8
      vertex -12.6937 27.25 9.74018
    endloop
  endfacet
  facet normal -0.997858 0 0.0654116
    outer loop
      vertex -16 27.25 0
      vertex -15.8631 30.75 2.08842
      vertex -16 30.75 0
    endloop
  endfacet
  facet normal -0.997858 0 0.0654116
    outer loop
      vertex -15.8631 30.75 2.08842
      vertex -16 27.25 0
      vertex -15.8631 27.25 2.08842
    endloop
  endfacet
  facet normal -0.555553 0 -0.831481
    outer loop
      vertex -9.74018 27.25 -12.6937
      vertex -8 30.75 -13.8564
      vertex -8 27.25 -13.8564
    endloop
  endfacet
  facet normal -0.555553 0 -0.831481
    outer loop
      vertex -8 30.75 -13.8564
      vertex -9.74018 27.25 -12.6937
      vertex -9.74018 30.75 -12.6937
    endloop
  endfacet
  facet normal -0.946936 0 -0.321422
    outer loop
      vertex -14.7821 27.25 -6.12293
      vertex -15.4548 30.75 -4.1411
      vertex -14.7821 30.75 -6.12293
    endloop
  endfacet
  facet normal -0.946936 -0 -0.321422
    outer loop
      vertex -15.4548 30.75 -4.1411
      vertex -14.7821 27.25 -6.12293
      vertex -15.4548 27.25 -4.1411
    endloop
  endfacet
  facet normal -0.980786 0 -0.195089
    outer loop
      vertex -15.4548 27.25 -4.1411
      vertex -15.8631 30.75 -2.08842
      vertex -15.4548 30.75 -4.1411
    endloop
  endfacet
  facet normal -0.980786 -0 -0.195089
    outer loop
      vertex -15.8631 30.75 -2.08842
      vertex -15.4548 27.25 -4.1411
      vertex -15.8631 27.25 -2.08842
    endloop
  endfacet
  facet normal -0.659362 0 -0.751826
    outer loop
      vertex -11.3137 27.25 -11.3137
      vertex -9.74018 30.75 -12.6937
      vertex -9.74018 27.25 -12.6937
    endloop
  endfacet
  facet normal -0.659362 0 -0.751826
    outer loop
      vertex -9.74018 30.75 -12.6937
      vertex -11.3137 27.25 -11.3137
      vertex -11.3137 30.75 -11.3137
    endloop
  endfacet
  facet normal -0.0654116 0 0.997858
    outer loop
      vertex -2.08842 30.75 15.8631
      vertex 0 27.25 16
      vertex 0 30.75 16
    endloop
  endfacet
  facet normal -0.0654116 0 0.997858
    outer loop
      vertex 0 27.25 16
      vertex -2.08842 30.75 15.8631
      vertex -2.08842 27.25 15.8631
    endloop
  endfacet
  facet normal -0.751826 0 0.659362
    outer loop
      vertex -12.6937 27.25 9.74018
      vertex -11.3137 30.75 11.3137
      vertex -12.6937 30.75 9.74018
    endloop
  endfacet
  facet normal -0.751826 0 0.659362
    outer loop
      vertex -11.3137 30.75 11.3137
      vertex -12.6937 27.25 9.74018
      vertex -11.3137 27.25 11.3137
    endloop
  endfacet
  facet normal -0.896867 0 0.442301
    outer loop
      vertex -14.7821 27.25 6.12293
      vertex -13.8564 30.75 8
      vertex -14.7821 30.75 6.12293
    endloop
  endfacet
  facet normal -0.896867 0 0.442301
    outer loop
      vertex -13.8564 30.75 8
      vertex -14.7821 27.25 6.12293
      vertex -13.8564 27.25 8
    endloop
  endfacet
  facet normal -0.980786 0 0.195089
    outer loop
      vertex -15.8631 27.25 2.08842
      vertex -15.4548 30.75 4.1411
      vertex -15.8631 30.75 2.08842
    endloop
  endfacet
  facet normal -0.980786 0 0.195089
    outer loop
      vertex -15.4548 30.75 4.1411
      vertex -15.8631 27.25 2.08842
      vertex -15.4548 27.25 4.1411
    endloop
  endfacet
  facet normal -0.442301 0 0.896867
    outer loop
      vertex -8 30.75 13.8564
      vertex -6.12293 27.25 14.7821
      vertex -6.12293 30.75 14.7821
    endloop
  endfacet
  facet normal -0.442301 0 0.896867
    outer loop
      vertex -6.12293 27.25 14.7821
      vertex -8 30.75 13.8564
      vertex -8 27.25 13.8564
    endloop
  endfacet
  facet normal 0 1 0
    outer loop
      vertex 2.08842 30.75 -15.8631
      vertex 36 30.75 -12
      vertex 44 30.75 -12
    endloop
  endfacet
  facet normal 0 1 0
    outer loop
      vertex 36 30.75 -12
      vertex 2.08842 30.75 -15.8631
      vertex -9.74018 30.75 -12.6937
    endloop
  endfacet
  facet normal 0 1 0
    outer loop
      vertex -9.74018 30.75 -12.6937
      vertex 2.08842 30.75 -15.8631
      vertex -8 30.75 -13.8564
    endloop
  endfacet
  facet normal 0 1 0
    outer loop
      vertex -8 30.75 -13.8564
      vertex 2.08842 30.75 -15.8631
      vertex -6.12293 30.75 -14.7821
    endloop
  endfacet
  facet normal 0 1 0
    outer loop
      vertex -6.12293 30.75 -14.7821
      vertex 2.08842 30.75 -15.8631
      vertex -4.1411 30.75 -15.4548
    endloop
  endfacet
  facet normal 0 1 0
    outer loop
      vertex 2.08842 30.75 -15.8631
      vertex -2.08842 30.75 -15.8631
      vertex -4.1411 30.75 -15.4548
    endloop
  endfacet
  facet normal -0 1 0
    outer loop
      vertex -2.08842 30.75 -15.8631
      vertex 2.08842 30.75 -15.8631
      vertex 0 30.75 -16
    endloop
  endfacet
  facet normal 0 1 -0
    outer loop
      vertex 4.59434 30.75 -5.94156
      vertex 0.280631 30.75 -2.13161
      vertex 4.59434 30.75 -5.37215
    endloop
  endfacet
  facet normal 0 1 0
    outer loop
      vertex 0 30.75 -2.15
      vertex -4.87904 30.75 -4.87904
      vertex -5.37215 30.75 -4.59434
    endloop
  endfacet
  facet normal 0 1 0
    outer loop
      vertex 0.280631 30.75 -2.13161
      vertex 4.59434 30.75 -5.94156
      vertex 0 30.75 -2.15
    endloop
  endfacet
  facet normal 0 1 0
    outer loop
      vertex 0 30.75 -2.15
      vertex -4.59434 30.75 -5.37215
      vertex -4.87904 30.75 -4.87904
    endloop
  endfacet
  facet normal 0 1 0
    outer loop
      vertex -4.59434 30.75 -5.94156
      vertex 0 30.75 -2.15
      vertex 4.59434 30.75 -5.94156
    endloop
  endfacet
  facet normal 0 1 0
    outer loop
      vertex 0 30.75 -2.15
      vertex -4.59434 30.75 -5.94156
      vertex -4.59434 30.75 -5.37215
    endloop
  endfacet
  facet normal 0 1 0
    outer loop
      vertex 4.87904 30.75 -6.43467
      vertex -4.59434 30.75 -5.94156
      vertex 4.59434 30.75 -5.94156
    endloop
  endfacet
  facet normal 0 1 0
    outer loop
      vertex 4.87904 30.75 -6.43467
      vertex -4.87904 30.75 -6.43467
      vertex -4.59434 30.75 -5.94156
    endloop
  endfacet
  facet normal 0 1 0
    outer loop
      vertex -9.74018 30.75 -12.6937
      vertex 4.87904 30.75 -6.43467
      vertex 5.37215 30.75 -6.71937
    endloop
  endfacet
  facet normal 0 1 0
    outer loop
      vertex 4.87904 30.75 -6.43467
      vertex -9.74018 30.75 -12.6937
      vertex -4.87904 30.75 -6.43467
    endloop
  endfacet
  facet normal 0 1 0
    outer loop
      vertex -4.87904 30.75 6.43467
      vertex 0 30.75 16
      vertex 4.87904 30.75 6.43467
    endloop
  endfacet
  facet normal 0 1 0
    outer loop
      vertex 0 30.75 16
      vertex -4.87904 30.75 6.43467
      vertex -5.37215 30.75 6.71937
    endloop
  endfacet
  facet normal 0 1 -0
    outer loop
      vertex 4.59434 30.75 5.94156
      vertex -4.87904 30.75 6.43467
      vertex 4.87904 30.75 6.43467
    endloop
  endfacet
  facet normal 0 1 0
    outer loop
      vertex 4.59434 30.75 5.94156
      vertex -4.59434 30.75 5.94156
      vertex -4.87904 30.75 6.43467
    endloop
  endfacet
  facet normal 0 1 0
    outer loop
      vertex 0.280631 30.75 2.13161
      vertex 4.59434 30.75 5.94156
      vertex 4.59434 30.75 5.37215
    endloop
  endfacet
  facet normal 0 1 0
    outer loop
      vertex 4.59434 30.75 5.94156
      vertex 0 30.75 2.15
      vertex -4.59434 30.75 5.94156
    endloop
  endfacet
  facet normal 0 1 0
    outer loop
      vertex 1.075 30.75 1.86195
      vertex 4.59434 30.75 5.37215
      vertex 4.87904 30.75 4.87904
    endloop
  endfacet
  facet normal 0 1 -0
    outer loop
      vertex -0.280631 30.75 2.13161
      vertex -4.59434 30.75 5.94156
      vertex 0 30.75 2.15
    endloop
  endfacet
  facet normal 0 1 0
    outer loop
      vertex 1.70571 30.75 1.30884
      vertex 4.87904 30.75 4.87904
      vertex 5.37215 30.75 4.59434
    endloop
  endfacet
  facet normal 0 1 0
    outer loop
      vertex -4.59434 30.75 5.94156
      vertex -0.280631 30.75 2.13161
      vertex -4.59434 30.75 5.37215
    endloop
  endfacet
  facet normal 0 1 -0
    outer loop
      vertex 4.87904 30.75 6.43467
      vertex 2.08842 30.75 15.8631
      vertex 5.37215 30.75 6.71937
    endloop
  endfacet
  facet normal 0 1 0
    outer loop
      vertex 0 30.75 16
      vertex -5.37215 30.75 6.71937
      vertex -2.08842 30.75 15.8631
    endloop
  endfacet
  facet normal 0 1 0
    outer loop
      vertex -2.08842 30.75 15.8631
      vertex -5.37215 30.75 6.71937
      vertex -4.1411 30.75 15.4548
    endloop
  endfacet
  facet normal 0 1 0
    outer loop
      vertex -4.1411 30.75 15.4548
      vertex -5.37215 30.75 6.71937
      vertex -6.12293 30.75 14.7821
    endloop
  endfacet
  facet normal 0 1 0
    outer loop
      vertex -6.12293 30.75 14.7821
      vertex -5.37215 30.75 6.71937
      vertex -8 30.75 13.8564
    endloop
  endfacet
  facet normal 0 1 -0
    outer loop
      vertex 36 30.75 12
      vertex 2.08842 30.75 15.8631
      vertex 44 30.75 12
    endloop
  endfacet
  facet normal 0 1 -0
    outer loop
      vertex 6.43467 30.75 6.43467
      vertex 2.08842 30.75 15.8631
      vertex 36 30.75 12
    endloop
  endfacet
  facet normal 0 1 -0
    outer loop
      vertex 5.37215 30.75 6.71937
      vertex 2.08842 30.75 15.8631
      vertex 5.94156 30.75 6.71937
    endloop
  endfacet
  facet normal 0 1 0
    outer loop
      vertex 2.08842 30.75 15.8631
      vertex 4.87904 30.75 6.43467
      vertex 0 30.75 16
    endloop
  endfacet
  facet normal 0 1 -0
    outer loop
      vertex -5.94156 30.75 6.71937
      vertex -8 30.75 13.8564
      vertex -5.37215 30.75 6.71937
    endloop
  endfacet
  facet normal 0 1 0
    outer loop
      vertex -8 30.75 13.8564
      vertex -5.94156 30.75 6.71937
      vertex -9.74018 30.75 12.6937
    endloop
  endfacet
  facet normal 0 1 0
    outer loop
      vertex 2.08842 30.75 15.8631
      vertex 6.43467 30.75 6.43467
      vertex 5.94156 30.75 6.71937
    endloop
  endfacet
  facet normal 0 1 0
    outer loop
      vertex 36 30.75 12
      vertex 6.71937 30.75 5.94156
      vertex 6.43467 30.75 6.43467
    endloop
  endfacet
  facet normal 0 1 0
    outer loop
      vertex 36 30.75 12
      vertex 6.71937 30.75 5.37215
      vertex 6.71937 30.75 5.94156
    endloop
  endfacet
  facet normal 0 1 0
    outer loop
      vertex 6.71937 30.75 -5.37215
      vertex 6.71937 30.75 5.37215
      vertex 36 30.75 12
    endloop
  endfacet
  facet normal 0 1 0
    outer loop
      vertex 6.71937 30.75 5.37215
      vertex 6.71937 30.75 -5.37215
      vertex 6.43467 30.75 4.87904
    endloop
  endfacet
  facet normal 0 1 0
    outer loop
      vertex 2.13161 30.75 0.280631
      vertex 5.37215 30.75 4.59434
      vertex 5.94156 30.75 4.59434
    endloop
  endfacet
  facet normal 0 1 -0
    outer loop
      vertex -0.55646 30.75 2.07674
      vertex -4.59434 30.75 5.37215
      vertex -0.280631 30.75 2.13161
    endloop
  endfacet
  facet normal 0 1 -0
    outer loop
      vertex -0.822769 30.75 1.98634
      vertex -4.59434 30.75 5.37215
      vertex -0.55646 30.75 2.07674
    endloop
  endfacet
  facet normal 0 1 -0
    outer loop
      vertex -1.075 30.75 1.86195
      vertex -4.59434 30.75 5.37215
      vertex -0.822769 30.75 1.98634
    endloop
  endfacet
  facet normal -0 1 0
    outer loop
      vertex 6.43467 30.75 -4.87904
      vertex 6.43467 30.75 4.87904
      vertex 6.71937 30.75 -5.37215
    endloop
  endfacet
  facet normal 0 1 0
    outer loop
      vertex 4.59434 30.75 5.94156
      vertex 0.280631 30.75 2.13161
      vertex 0 30.75 2.15
    endloop
  endfacet
  facet normal 0 1 0
    outer loop
      vertex 4.59434 30.75 5.37215
      vertex 0.55646 30.75 2.07674
      vertex 0.280631 30.75 2.13161
    endloop
  endfacet
  facet normal 0 1 0
    outer loop
      vertex 4.59434 30.75 5.37215
      vertex 0.822769 30.75 1.98634
      vertex 0.55646 30.75 2.07674
    endloop
  endfacet
  facet normal 0 1 0
    outer loop
      vertex 4.59434 30.75 5.37215
      vertex 1.075 30.75 1.86195
      vertex 0.822769 30.75 1.98634
    endloop
  endfacet
  facet normal 0 1 0
    outer loop
      vertex 4.87904 30.75 4.87904
      vertex 1.30884 30.75 1.70571
      vertex 1.075 30.75 1.86195
    endloop
  endfacet
  facet normal 0 1 0
    outer loop
      vertex 4.87904 30.75 4.87904
      vertex 1.52028 30.75 1.52028
      vertex 1.30884 30.75 1.70571
    endloop
  endfacet
  facet normal 0 1 0
    outer loop
      vertex 4.87904 30.75 4.87904
      vertex 1.70571 30.75 1.30884
      vertex 1.52028 30.75 1.52028
    endloop
  endfacet
  facet normal 0 1 0
    outer loop
      vertex 5.37215 30.75 4.59434
      vertex 1.86195 30.75 1.075
      vertex 1.70571 30.75 1.30884
    endloop
  endfacet
  facet normal 0 1 0
    outer loop
      vertex 5.37215 30.75 4.59434
      vertex 1.98634 30.75 0.822769
      vertex 1.86195 30.75 1.075
    endloop
  endfacet
  facet normal -0 1 0
    outer loop
      vertex 5.94156 30.75 -4.59434
      vertex 5.94156 30.75 4.59434
      vertex 6.43467 30.75 -4.87904
    endloop
  endfacet
  facet normal 0 1 0
    outer loop
      vertex 5.37215 30.75 4.59434
      vertex 2.07674 30.75 0.55646
      vertex 1.98634 30.75 0.822769
    endloop
  endfacet
  facet normal -0 1 0
    outer loop
      vertex 2.15 30.75 0
      vertex 5.94156 30.75 4.59434
      vertex 5.94156 30.75 -4.59434
    endloop
  endfacet
  facet normal 0 1 0
    outer loop
      vertex 5.37215 30.75 4.59434
      vertex 2.13161 30.75 0.280631
      vertex 2.07674 30.75 0.55646
    endloop
  endfacet
  facet normal 0 1 0
    outer loop
      vertex 5.94156 30.75 4.59434
      vertex 2.15 30.75 0
      vertex 2.13161 30.75 0.280631
    endloop
  endfacet
  facet normal 0 1 0
    outer loop
      vertex 2.15 30.75 0
      vertex 5.94156 30.75 -4.59434
      vertex 2.13161 30.75 -0.280631
    endloop
  endfacet
  facet normal 0 1 -0
    outer loop
      vertex 5.37215 30.75 -4.59434
      vertex 2.13161 30.75 -0.280631
      vertex 5.94156 30.75 -4.59434
    endloop
  endfacet
  facet normal 0 1 0
    outer loop
      vertex 2.13161 30.75 -0.280631
      vertex 5.37215 30.75 -4.59434
      vertex 2.07674 30.75 -0.55646
    endloop
  endfacet
  facet normal 0 1 0
    outer loop
      vertex 1.98634 30.75 -0.822769
      vertex 5.37215 30.75 -4.59434
      vertex 1.86195 30.75 -1.075
    endloop
  endfacet
  facet normal 0 1 0
    outer loop
      vertex 1.86195 30.75 -1.075
      vertex 5.37215 30.75 -4.59434
      vertex 1.70571 30.75 -1.30884
    endloop
  endfacet
  facet normal 0 1 -0
    outer loop
      vertex 4.87904 30.75 -4.87904
      vertex 1.70571 30.75 -1.30884
      vertex 5.37215 30.75 -4.59434
    endloop
  endfacet
  facet normal 0 1 0
    outer loop
      vertex 1.70571 30.75 -1.30884
      vertex 4.87904 30.75 -4.87904
      vertex 1.52028 30.75 -1.52028
    endloop
  endfacet
  facet normal 0 1 0
    outer loop
      vertex 0.822769 30.75 -1.98634
      vertex 4.59434 30.75 -5.37215
      vertex 0.55646 30.75 -2.07674
    endloop
  endfacet
  facet normal 0 1 0
    outer loop
      vertex 1.075 30.75 -1.86195
      vertex 4.59434 30.75 -5.37215
      vertex 0.822769 30.75 -1.98634
    endloop
  endfacet
  facet normal 0 1 -0
    outer loop
      vertex 4.59434 30.75 -5.37215
      vertex 1.075 30.75 -1.86195
      vertex 4.87904 30.75 -4.87904
    endloop
  endfacet
  facet normal 0 1 0
    outer loop
      vertex 1.30884 30.75 -1.70571
      vertex 4.87904 30.75 -4.87904
      vertex 1.075 30.75 -1.86195
    endloop
  endfacet
  facet normal 0 1 0
    outer loop
      vertex 1.52028 30.75 -1.52028
      vertex 4.87904 30.75 -4.87904
      vertex 1.30884 30.75 -1.70571
    endloop
  endfacet
  facet normal 0 1 0
    outer loop
      vertex 2.07674 30.75 -0.55646
      vertex 5.37215 30.75 -4.59434
      vertex 1.98634 30.75 -0.822769
    endloop
  endfacet
  facet normal 0 1 0
    outer loop
      vertex 6.43467 30.75 4.87904
      vertex 6.43467 30.75 -4.87904
      vertex 5.94156 30.75 4.59434
    endloop
  endfacet
  facet normal 0 1 -0
    outer loop
      vertex 36 30.75 -12
      vertex 6.71937 30.75 -5.37215
      vertex 36 30.75 12
    endloop
  endfacet
  facet normal 0 1 0
    outer loop
      vertex 6.71937 30.75 -5.37215
      vertex 36 30.75 -12
      vertex 6.71937 30.75 -5.94156
    endloop
  endfacet
  facet normal 0 1 0
    outer loop
      vertex -9.74018 30.75 -12.6937
      vertex 5.37215 30.75 -6.71937
      vertex 5.94156 30.75 -6.71937
    endloop
  endfacet
  facet normal 0 1 0
    outer loop
      vertex -4.87904 30.75 -6.43467
      vertex -9.74018 30.75 -12.6937
      vertex -5.37215 30.75 -6.71937
    endloop
  endfacet
  facet normal 0 1 0
    outer loop
      vertex -5.37215 30.75 -6.71937
      vertex -9.74018 30.75 -12.6937
      vertex -5.94156 30.75 -6.71937
    endloop
  endfacet
  facet normal 0 1 0
    outer loop
      vertex -5.94156 30.75 -6.71937
      vertex -12.6937 30.75 -9.74018
      vertex -13.8564 30.75 -8
    endloop
  endfacet
  facet normal 0 1 0
    outer loop
      vertex -5.94156 30.75 -6.71937
      vertex -11.3137 30.75 -11.3137
      vertex -12.6937 30.75 -9.74018
    endloop
  endfacet
  facet normal 0 1 0
    outer loop
      vertex 6.71937 30.75 -5.94156
      vertex 36 30.75 -12
      vertex 6.43467 30.75 -6.43467
    endloop
  endfacet
  facet normal 0 1 0
    outer loop
      vertex 36 30.75 -12
      vertex 5.94156 30.75 -6.71937
      vertex 6.43467 30.75 -6.43467
    endloop
  endfacet
  facet normal 0 1 0
    outer loop
      vertex -9.74018 30.75 -12.6937
      vertex 5.94156 30.75 -6.71937
      vertex 36 30.75 -12
    endloop
  endfacet
  facet normal 0 1 0
    outer loop
      vertex -5.94156 30.75 -6.71937
      vertex -9.74018 30.75 -12.6937
      vertex -11.3137 30.75 -11.3137
    endloop
  endfacet
  facet normal 0 1 -0
    outer loop
      vertex -6.43467 30.75 6.43467
      vertex -9.74018 30.75 12.6937
      vertex -5.94156 30.75 6.71937
    endloop
  endfacet
  facet normal 0 1 0
    outer loop
      vertex -9.74018 30.75 12.6937
      vertex -6.43467 30.75 6.43467
      vertex -11.3137 30.75 11.3137
    endloop
  endfacet
  facet normal 0 1 0
    outer loop
      vertex -11.3137 30.75 11.3137
      vertex -6.43467 30.75 6.43467
      vertex -12.6937 30.75 9.74018
    endloop
  endfacet
  facet normal 0 1 -0
    outer loop
      vertex -6.71937 30.75 5.94156
      vertex -12.6937 30.75 9.74018
      vertex -6.43467 30.75 6.43467
    endloop
  endfacet
  facet normal 0 1 0
    outer loop
      vertex -12.6937 30.75 9.74018
      vertex -6.71937 30.75 5.94156
      vertex -13.8564 30.75 8
    endloop
  endfacet
  facet normal 0 1 -0
    outer loop
      vertex -6.71937 30.75 5.37215
      vertex -13.8564 30.75 8
      vertex -6.71937 30.75 5.94156
    endloop
  endfacet
  facet normal 0 1 0
    outer loop
      vertex -13.8564 30.75 8
      vertex -6.71937 30.75 5.37215
      vertex -14.7821 30.75 6.12293
    endloop
  endfacet
  facet normal 0 1 0
    outer loop
      vertex -15.4548 30.75 4.1411
      vertex -6.71937 30.75 5.37215
      vertex -6.43467 30.75 4.87904
    endloop
  endfacet
  facet normal 0 1 0
    outer loop
      vertex -15.4548 30.75 4.1411
      vertex -6.43467 30.75 4.87904
      vertex -5.94156 30.75 4.59434
    endloop
  endfacet
  facet normal 0 1 0
    outer loop
      vertex -6.71937 30.75 5.37215
      vertex -15.4548 30.75 4.1411
      vertex -14.7821 30.75 6.12293
    endloop
  endfacet
  facet normal 0 1 0
    outer loop
      vertex -4.59434 30.75 5.37215
      vertex -1.075 30.75 1.86195
      vertex -4.87904 30.75 4.87904
    endloop
  endfacet
  facet normal 0 1 -0
    outer loop
      vertex -1.30884 30.75 1.70571
      vertex -4.87904 30.75 4.87904
      vertex -1.075 30.75 1.86195
    endloop
  endfacet
  facet normal 0 1 -0
    outer loop
      vertex -1.52028 30.75 1.52028
      vertex -4.87904 30.75 4.87904
      vertex -1.30884 30.75 1.70571
    endloop
  endfacet
  facet normal 0 1 -0
    outer loop
      vertex -1.70571 30.75 1.30884
      vertex -4.87904 30.75 4.87904
      vertex -1.52028 30.75 1.52028
    endloop
  endfacet
  facet normal 0 1 0
    outer loop
      vertex -4.87904 30.75 4.87904
      vertex -1.70571 30.75 1.30884
      vertex -5.37215 30.75 4.59434
    endloop
  endfacet
  facet normal 0 1 -0
    outer loop
      vertex -1.86195 30.75 1.075
      vertex -5.37215 30.75 4.59434
      vertex -1.70571 30.75 1.30884
    endloop
  endfacet
  facet normal 0 1 -0
    outer loop
      vertex -1.98634 30.75 0.822769
      vertex -5.37215 30.75 4.59434
      vertex -1.86195 30.75 1.075
    endloop
  endfacet
  facet normal 0 1 -0
    outer loop
      vertex -2.07674 30.75 0.55646
      vertex -5.37215 30.75 4.59434
      vertex -1.98634 30.75 0.822769
    endloop
  endfacet
  facet normal 0 1 -0
    outer loop
      vertex -2.13161 30.75 0.280631
      vertex -5.37215 30.75 4.59434
      vertex -2.07674 30.75 0.55646
    endloop
  endfacet
  facet normal 0 1 0
    outer loop
      vertex -5.37215 30.75 4.59434
      vertex -2.13161 30.75 0.280631
      vertex -5.94156 30.75 4.59434
    endloop
  endfacet
  facet normal 0 1 0
    outer loop
      vertex -5.94156 30.75 4.59434
      vertex -15.8631 30.75 2.08842
      vertex -15.4548 30.75 4.1411
    endloop
  endfacet
  facet normal 0 1 -0
    outer loop
      vertex -2.15 30.75 0
      vertex -5.94156 30.75 4.59434
      vertex -2.13161 30.75 0.280631
    endloop
  endfacet
  facet normal 0 1 0
    outer loop
      vertex -2.13161 30.75 -0.280631
      vertex -5.94156 30.75 4.59434
      vertex -2.15 30.75 0
    endloop
  endfacet
  facet normal 0 1 0
    outer loop
      vertex -5.94156 30.75 4.59434
      vertex -16 30.75 0
      vertex -15.8631 30.75 2.08842
    endloop
  endfacet
  facet normal 0 1 0
    outer loop
      vertex -15.8631 30.75 -2.08842
      vertex -5.94156 30.75 4.59434
      vertex -2.13161 30.75 -0.280631
    endloop
  endfacet
  facet normal 0 1 0
    outer loop
      vertex -15.8631 30.75 -2.08842
      vertex -2.13161 30.75 -0.280631
      vertex -2.07674 30.75 -0.55646
    endloop
  endfacet
  facet normal 0 1 0
    outer loop
      vertex -15.4548 30.75 -4.1411
      vertex -2.07674 30.75 -0.55646
      vertex -1.98634 30.75 -0.822769
    endloop
  endfacet
  facet normal 0 1 0
    outer loop
      vertex -15.4548 30.75 -4.1411
      vertex -1.98634 30.75 -0.822769
      vertex -1.86195 30.75 -1.075
    endloop
  endfacet
  facet normal 0 1 0
    outer loop
      vertex -15.4548 30.75 -4.1411
      vertex -1.86195 30.75 -1.075
      vertex -1.70571 30.75 -1.30884
    endloop
  endfacet
  facet normal 0 1 0
    outer loop
      vertex -15.4548 30.75 -4.1411
      vertex -1.70571 30.75 -1.30884
      vertex -1.52028 30.75 -1.52028
    endloop
  endfacet
  facet normal 0 1 0
    outer loop
      vertex -15.4548 30.75 -4.1411
      vertex -1.52028 30.75 -1.52028
      vertex -1.30884 30.75 -1.70571
    endloop
  endfacet
  facet normal 0 1 0
    outer loop
      vertex -15.4548 30.75 -4.1411
      vertex -1.30884 30.75 -1.70571
      vertex -1.075 30.75 -1.86195
    endloop
  endfacet
  facet normal 0 1 0
    outer loop
      vertex -15.4548 30.75 -4.1411
      vertex -1.075 30.75 -1.86195
      vertex -0.822769 30.75 -1.98634
    endloop
  endfacet
  facet normal 0 1 0
    outer loop
      vertex -15.4548 30.75 -4.1411
      vertex -0.822769 30.75 -1.98634
      vertex -0.55646 30.75 -2.07674
    endloop
  endfacet
  facet normal 0 1 0
    outer loop
      vertex -5.94156 30.75 4.59434
      vertex -15.8631 30.75 -2.08842
      vertex -16 30.75 0
    endloop
  endfacet
  facet normal 0 1 0
    outer loop
      vertex -15.4548 30.75 -4.1411
      vertex -0.55646 30.75 -2.07674
      vertex -0.280631 30.75 -2.13161
    endloop
  endfacet
  facet normal 0 1 0
    outer loop
      vertex -15.4548 30.75 -4.1411
      vertex -0.280631 30.75 -2.13161
      vertex 0 30.75 -2.15
    endloop
  endfacet
  facet normal 0 1 0
    outer loop
      vertex -2.07674 30.75 -0.55646
      vertex -15.4548 30.75 -4.1411
      vertex -15.8631 30.75 -2.08842
    endloop
  endfacet
  facet normal 0 1 0
    outer loop
      vertex 0.55646 30.75 -2.07674
      vertex 4.59434 30.75 -5.37215
      vertex 0.280631 30.75 -2.13161
    endloop
  endfacet
  facet normal 0 1 0
    outer loop
      vertex 0 30.75 -2.15
      vertex -5.37215 30.75 -4.59434
      vertex -5.94156 30.75 -4.59434
    endloop
  endfacet
  facet normal 0 1 0
    outer loop
      vertex 0 30.75 -2.15
      vertex -5.94156 30.75 -4.59434
      vertex -15.4548 30.75 -4.1411
    endloop
  endfacet
  facet normal 0 1 -0
    outer loop
      vertex -6.43467 30.75 -4.87904
      vertex -15.4548 30.75 -4.1411
      vertex -5.94156 30.75 -4.59434
    endloop
  endfacet
  facet normal 0 1 -0
    outer loop
      vertex -6.71937 30.75 -5.37215
      vertex -15.4548 30.75 -4.1411
      vertex -6.43467 30.75 -4.87904
    endloop
  endfacet
  facet normal 0 1 0
    outer loop
      vertex -13.8564 30.75 -8
      vertex -6.71937 30.75 -5.37215
      vertex -6.71937 30.75 -5.94156
    endloop
  endfacet
  facet normal 0 1 0
    outer loop
      vertex -6.71937 30.75 -5.37215
      vertex -14.7821 30.75 -6.12293
      vertex -15.4548 30.75 -4.1411
    endloop
  endfacet
  facet normal 0 1 0
    outer loop
      vertex -13.8564 30.75 -8
      vertex -6.71937 30.75 -5.94156
      vertex -6.43467 30.75 -6.43467
    endloop
  endfacet
  facet normal 0 1 0
    outer loop
      vertex -13.8564 30.75 -8
      vertex -6.43467 30.75 -6.43467
      vertex -5.94156 30.75 -6.71937
    endloop
  endfacet
  facet normal 0 1 0
    outer loop
      vertex -6.71937 30.75 -5.37215
      vertex -13.8564 30.75 -8
      vertex -14.7821 30.75 -6.12293
    endloop
  endfacet
  facet normal 0.0917836 0 -0.995779
    outer loop
      vertex 2.08842 -31 -15.8631
      vertex 44 -27.5 -12
      vertex 44 -31 -12
    endloop
  endfacet
  facet normal 0.0917836 0 -0.995779
    outer loop
      vertex 44 -27.5 -12
      vertex 2.08842 -31 -15.8631
      vertex 2.08842 -27.5 -15.8631
    endloop
  endfacet
  facet normal 0.0917836 0 0.995779
    outer loop
      vertex 2.08842 -27.5 15.8631
      vertex 44 -31 12
      vertex 44 -27.5 12
    endloop
  endfacet
  facet normal 0.0917836 0 0.995779
    outer loop
      vertex 44 -31 12
      vertex 2.08842 -27.5 15.8631
      vertex 2.08842 -31 15.8631
    endloop
  endfacet
  facet normal -0.997858 0 0.0654116
    outer loop
      vertex -16 -31 0
      vertex -15.8631 -27.5 2.08842
      vertex -16 -27.5 0
    endloop
  endfacet
  facet normal -0.997858 0 0.0654116
    outer loop
      vertex -15.8631 -27.5 2.08842
      vertex -16 -31 0
      vertex -15.8631 -31 2.08842
    endloop
  endfacet
  facet normal 0.0654116 0 0.997858
    outer loop
      vertex 0 -27.5 16
      vertex 2.08842 -31 15.8631
      vertex 2.08842 -27.5 15.8631
    endloop
  endfacet
  facet normal 0.0654116 0 0.997858
    outer loop
      vertex 2.08842 -31 15.8631
      vertex 0 -27.5 16
      vertex 0 -31 16
    endloop
  endfacet
  facet normal -0.0654116 0 0.997858
    outer loop
      vertex -2.08842 -27.5 15.8631
      vertex 0 -31 16
      vertex 0 -27.5 16
    endloop
  endfacet
  facet normal -0.0654116 0 0.997858
    outer loop
      vertex 0 -31 16
      vertex -2.08842 -27.5 15.8631
      vertex -2.08842 -31 15.8631
    endloop
  endfacet
  facet normal -0.321422 0 -0.946936
    outer loop
      vertex -6.12293 -31 -14.7821
      vertex -4.1411 -27.5 -15.4548
      vertex -4.1411 -31 -15.4548
    endloop
  endfacet
  facet normal -0.321422 0 -0.946936
    outer loop
      vertex -4.1411 -27.5 -15.4548
      vertex -6.12293 -31 -14.7821
      vertex -6.12293 -27.5 -14.7821
    endloop
  endfacet
  facet normal -0.751826 0 0.659362
    outer loop
      vertex -12.6937 -31 9.74018
      vertex -11.3137 -27.5 11.3137
      vertex -12.6937 -27.5 9.74018
    endloop
  endfacet
  facet normal -0.751826 0 0.659362
    outer loop
      vertex -11.3137 -27.5 11.3137
      vertex -12.6937 -31 9.74018
      vertex -11.3137 -31 11.3137
    endloop
  endfacet
  facet normal -0.831481 0 -0.555553
    outer loop
      vertex -12.6937 -31 -9.74018
      vertex -13.8564 -27.5 -8
      vertex -12.6937 -27.5 -9.74018
    endloop
  endfacet
  facet normal -0.831481 -0 -0.555553
    outer loop
      vertex -13.8564 -27.5 -8
      vertex -12.6937 -31 -9.74018
      vertex -13.8564 -31 -8
    endloop
  endfacet
  facet normal 0.0654116 0 -0.997858
    outer loop
      vertex 0 -31 -16
      vertex 2.08842 -27.5 -15.8631
      vertex 2.08842 -31 -15.8631
    endloop
  endfacet
  facet normal 0.0654116 0 -0.997858
    outer loop
      vertex 2.08842 -27.5 -15.8631
      vertex 0 -31 -16
      vertex 0 -27.5 -16
    endloop
  endfacet
  facet normal -0.195089 0 -0.980786
    outer loop
      vertex -4.1411 -31 -15.4548
      vertex -2.08842 -27.5 -15.8631
      vertex -2.08842 -31 -15.8631
    endloop
  endfacet
  facet normal -0.195089 0 -0.980786
    outer loop
      vertex -2.08842 -27.5 -15.8631
      vertex -4.1411 -31 -15.4548
      vertex -4.1411 -27.5 -15.4548
    endloop
  endfacet
  facet normal -0.195089 0 0.980786
    outer loop
      vertex -4.1411 -27.5 15.4548
      vertex -2.08842 -31 15.8631
      vertex -2.08842 -27.5 15.8631
    endloop
  endfacet
  facet normal -0.195089 0 0.980786
    outer loop
      vertex -2.08842 -31 15.8631
      vertex -4.1411 -27.5 15.4548
      vertex -4.1411 -31 15.4548
    endloop
  endfacet
  facet normal -0.321422 0 0.946936
    outer loop
      vertex -6.12293 -27.5 14.7821
      vertex -4.1411 -31 15.4548
      vertex -4.1411 -27.5 15.4548
    endloop
  endfacet
  facet normal -0.321422 0 0.946936
    outer loop
      vertex -4.1411 -31 15.4548
      vertex -6.12293 -27.5 14.7821
      vertex -6.12293 -31 14.7821
    endloop
  endfacet
  facet normal -0.831481 0 0.555553
    outer loop
      vertex -13.8564 -31 8
      vertex -12.6937 -27.5 9.74018
      vertex -13.8564 -27.5 8
    endloop
  endfacet
  facet normal -0.831481 0 0.555553
    outer loop
      vertex -12.6937 -27.5 9.74018
      vertex -13.8564 -31 8
      vertex -12.6937 -31 9.74018
    endloop
  endfacet
  facet normal -0.980786 0 0.195089
    outer loop
      vertex -15.8631 -31 2.08842
      vertex -15.4548 -27.5 4.1411
      vertex -15.8631 -27.5 2.08842
    endloop
  endfacet
  facet normal -0.980786 0 0.195089
    outer loop
      vertex -15.4548 -27.5 4.1411
      vertex -15.8631 -31 2.08842
      vertex -15.4548 -31 4.1411
    endloop
  endfacet
  facet normal 0 1 0
    outer loop
      vertex 2.08842 -27.5 -15.8631
      vertex 36 -27.5 -12
      vertex 44 -27.5 -12
    endloop
  endfacet
  facet normal 0 1 0
    outer loop
      vertex 36 -27.5 -12
      vertex 2.08842 -27.5 -15.8631
      vertex -9.74018 -27.5 -12.6937
    endloop
  endfacet
  facet normal 0 1 0
    outer loop
      vertex -9.74018 -27.5 -12.6937
      vertex 2.08842 -27.5 -15.8631
      vertex -8 -27.5 -13.8564
    endloop
  endfacet
  facet normal 0 1 0
    outer loop
      vertex -8 -27.5 -13.8564
      vertex 2.08842 -27.5 -15.8631
      vertex -6.12293 -27.5 -14.7821
    endloop
  endfacet
  facet normal 0 1 0
    outer loop
      vertex -6.12293 -27.5 -14.7821
      vertex 2.08842 -27.5 -15.8631
      vertex -4.1411 -27.5 -15.4548
    endloop
  endfacet
  facet normal 0 1 0
    outer loop
      vertex 2.08842 -27.5 -15.8631
      vertex -2.08842 -27.5 -15.8631
      vertex -4.1411 -27.5 -15.4548
    endloop
  endfacet
  facet normal -0 1 0
    outer loop
      vertex -2.08842 -27.5 -15.8631
      vertex 2.08842 -27.5 -15.8631
      vertex 0 -27.5 -16
    endloop
  endfacet
  facet normal 0 1 0
    outer loop
      vertex 0 -27.5 2.15
      vertex 0 -27.5 16
      vertex 2.08842 -27.5 15.8631
    endloop
  endfacet
  facet normal 0 1 0
    outer loop
      vertex 0 -27.5 16
      vertex 0 -27.5 2.15
      vertex -2.08842 -27.5 15.8631
    endloop
  endfacet
  facet normal 0 1 0
    outer loop
      vertex -2.08842 -27.5 15.8631
      vertex -0.280631 -27.5 2.13161
      vertex -4.1411 -27.5 15.4548
    endloop
  endfacet
  facet normal 0 1 -0
    outer loop
      vertex -0.55646 -27.5 2.07674
      vertex -4.1411 -27.5 15.4548
      vertex -0.280631 -27.5 2.13161
    endloop
  endfacet
  facet normal 0 1 -0
    outer loop
      vertex -0.822769 -27.5 1.98634
      vertex -6.12293 -27.5 14.7821
      vertex -0.55646 -27.5 2.07674
    endloop
  endfacet
  facet normal 0 1 -0
    outer loop
      vertex 36 -27.5 12
      vertex 2.08842 -27.5 15.8631
      vertex 44 -27.5 12
    endloop
  endfacet
  facet normal 0 1 0
    outer loop
      vertex 1.98634 -27.5 0.822769
      vertex 2.08842 -27.5 15.8631
      vertex 36 -27.5 12
    endloop
  endfacet
  facet normal -0 1 0
    outer loop
      vertex 0.822769 -27.5 1.98634
      vertex 2.08842 -27.5 15.8631
      vertex 1.075 -27.5 1.86195
    endloop
  endfacet
  facet normal -0 1 0
    outer loop
      vertex 0.280631 -27.5 2.13161
      vertex 2.08842 -27.5 15.8631
      vertex 0.55646 -27.5 2.07674
    endloop
  endfacet
  facet normal 0 1 0
    outer loop
      vertex -2.08842 -27.5 15.8631
      vertex 0 -27.5 2.15
      vertex -0.280631 -27.5 2.13161
    endloop
  endfacet
  facet normal 0 1 0
    outer loop
      vertex -6.12293 -27.5 14.7821
      vertex -0.822769 -27.5 1.98634
      vertex -8 -27.5 13.8564
    endloop
  endfacet
  facet normal 0 1 -0
    outer loop
      vertex -1.075 -27.5 1.86195
      vertex -8 -27.5 13.8564
      vertex -0.822769 -27.5 1.98634
    endloop
  endfacet
  facet normal 0 1 -0
    outer loop
      vertex -1.30884 -27.5 1.70571
      vertex -9.74018 -27.5 12.6937
      vertex -1.075 -27.5 1.86195
    endloop
  endfacet
  facet normal 0 1 0
    outer loop
      vertex -8 -27.5 13.8564
      vertex -1.075 -27.5 1.86195
      vertex -9.74018 -27.5 12.6937
    endloop
  endfacet
  facet normal 0 1 0
    outer loop
      vertex -4.1411 -27.5 15.4548
      vertex -0.55646 -27.5 2.07674
      vertex -6.12293 -27.5 14.7821
    endloop
  endfacet
  facet normal -0 1 0
    outer loop
      vertex 0 -27.5 2.15
      vertex 2.08842 -27.5 15.8631
      vertex 0.280631 -27.5 2.13161
    endloop
  endfacet
  facet normal -0 1 0
    outer loop
      vertex 0.55646 -27.5 2.07674
      vertex 2.08842 -27.5 15.8631
      vertex 0.822769 -27.5 1.98634
    endloop
  endfacet
  facet normal 0 1 0
    outer loop
      vertex 2.08842 -27.5 15.8631
      vertex 1.30884 -27.5 1.70571
      vertex 1.075 -27.5 1.86195
    endloop
  endfacet
  facet normal 0 1 0
    outer loop
      vertex 2.08842 -27.5 15.8631
      vertex 1.52028 -27.5 1.52028
      vertex 1.30884 -27.5 1.70571
    endloop
  endfacet
  facet normal 0 1 0
    outer loop
      vertex 2.08842 -27.5 15.8631
      vertex 1.70571 -27.5 1.30884
      vertex 1.52028 -27.5 1.52028
    endloop
  endfacet
  facet normal 0 1 0
    outer loop
      vertex 2.08842 -27.5 15.8631
      vertex 1.86195 -27.5 1.075
      vertex 1.70571 -27.5 1.30884
    endloop
  endfacet
  facet normal 0 1 0
    outer loop
      vertex 2.08842 -27.5 15.8631
      vertex 1.98634 -27.5 0.822769
      vertex 1.86195 -27.5 1.075
    endloop
  endfacet
  facet normal 0 1 0
    outer loop
      vertex 36 -27.5 12
      vertex 2.07674 -27.5 0.55646
      vertex 1.98634 -27.5 0.822769
    endloop
  endfacet
  facet normal 0 1 0
    outer loop
      vertex 36 -27.5 12
      vertex 2.13161 -27.5 0.280631
      vertex 2.07674 -27.5 0.55646
    endloop
  endfacet
  facet normal 0 1 0
    outer loop
      vertex 36 -27.5 12
      vertex 2.15 -27.5 0
      vertex 2.13161 -27.5 0.280631
    endloop
  endfacet
  facet normal 0 1 -0
    outer loop
      vertex 36 -27.5 -12
      vertex 2.15 -27.5 0
      vertex 36 -27.5 12
    endloop
  endfacet
  facet normal 0 1 0
    outer loop
      vertex 2.15 -27.5 0
      vertex 36 -27.5 -12
      vertex 2.13161 -27.5 -0.280631
    endloop
  endfacet
  facet normal 0 1 0
    outer loop
      vertex 2.13161 -27.5 -0.280631
      vertex 36 -27.5 -12
      vertex 2.07674 -27.5 -0.55646
    endloop
  endfacet
  facet normal 0 1 0
    outer loop
      vertex 2.07674 -27.5 -0.55646
      vertex 36 -27.5 -12
      vertex 1.98634 -27.5 -0.822769
    endloop
  endfacet
  facet normal 0 1 0
    outer loop
      vertex 1.98634 -27.5 -0.822769
      vertex 36 -27.5 -12
      vertex 1.86195 -27.5 -1.075
    endloop
  endfacet
  facet normal 0 1 0
    outer loop
      vertex 1.86195 -27.5 -1.075
      vertex 36 -27.5 -12
      vertex 1.70571 -27.5 -1.30884
    endloop
  endfacet
  facet normal 0 1 0
    outer loop
      vertex 1.70571 -27.5 -1.30884
      vertex 36 -27.5 -12
      vertex 1.52028 -27.5 -1.52028
    endloop
  endfacet
  facet normal 0 1 0
    outer loop
      vertex 1.52028 -27.5 -1.52028
      vertex 36 -27.5 -12
      vertex 1.30884 -27.5 -1.70571
    endloop
  endfacet
  facet normal 0 1 0
    outer loop
      vertex 1.30884 -27.5 -1.70571
      vertex 36 -27.5 -12
      vertex 1.075 -27.5 -1.86195
    endloop
  endfacet
  facet normal 0 1 0
    outer loop
      vertex -9.74018 -27.5 -12.6937
      vertex 0 -27.5 -2.15
      vertex 0.280631 -27.5 -2.13161
    endloop
  endfacet
  facet normal 0 1 0
    outer loop
      vertex 0 -27.5 -2.15
      vertex -14.7821 -27.5 -6.12293
      vertex -15.4548 -27.5 -4.1411
    endloop
  endfacet
  facet normal 0 1 0
    outer loop
      vertex -9.74018 -27.5 -12.6937
      vertex 0.280631 -27.5 -2.13161
      vertex 0.55646 -27.5 -2.07674
    endloop
  endfacet
  facet normal 0 1 0
    outer loop
      vertex 0 -27.5 -2.15
      vertex -13.8564 -27.5 -8
      vertex -14.7821 -27.5 -6.12293
    endloop
  endfacet
  facet normal 0 1 0
    outer loop
      vertex -9.74018 -27.5 -12.6937
      vertex 0.55646 -27.5 -2.07674
      vertex 0.822769 -27.5 -1.98634
    endloop
  endfacet
  facet normal 0 1 0
    outer loop
      vertex -9.74018 -27.5 -12.6937
      vertex 1.075 -27.5 -1.86195
      vertex 36 -27.5 -12
    endloop
  endfacet
  facet normal 0 1 0
    outer loop
      vertex 0 -27.5 -2.15
      vertex -9.74018 -27.5 -12.6937
      vertex -11.3137 -27.5 -11.3137
    endloop
  endfacet
  facet normal 0 1 0
    outer loop
      vertex 0 -27.5 -2.15
      vertex -12.6937 -27.5 -9.74018
      vertex -13.8564 -27.5 -8
    endloop
  endfacet
  facet normal 0 1 0
    outer loop
      vertex 1.075 -27.5 -1.86195
      vertex -9.74018 -27.5 -12.6937
      vertex 0.822769 -27.5 -1.98634
    endloop
  endfacet
  facet normal 0 1 0
    outer loop
      vertex 0 -27.5 -2.15
      vertex -11.3137 -27.5 -11.3137
      vertex -12.6937 -27.5 -9.74018
    endloop
  endfacet
  facet normal 0 1 0
    outer loop
      vertex -9.74018 -27.5 12.6937
      vertex -1.30884 -27.5 1.70571
      vertex -11.3137 -27.5 11.3137
    endloop
  endfacet
  facet normal 0 1 -0
    outer loop
      vertex -1.52028 -27.5 1.52028
      vertex -11.3137 -27.5 11.3137
      vertex -1.30884 -27.5 1.70571
    endloop
  endfacet
  facet normal 0 1 0
    outer loop
      vertex -11.3137 -27.5 11.3137
      vertex -1.52028 -27.5 1.52028
      vertex -12.6937 -27.5 9.74018
    endloop
  endfacet
  facet normal 0 1 -0
    outer loop
      vertex -1.70571 -27.5 1.30884
      vertex -12.6937 -27.5 9.74018
      vertex -1.52028 -27.5 1.52028
    endloop
  endfacet
  facet normal 0 1 0
    outer loop
      vertex -12.6937 -27.5 9.74018
      vertex -1.70571 -27.5 1.30884
      vertex -13.8564 -27.5 8
    endloop
  endfacet
  facet normal 0 1 -0
    outer loop
      vertex -1.86195 -27.5 1.075
      vertex -13.8564 -27.5 8
      vertex -1.70571 -27.5 1.30884
    endloop
  endfacet
  facet normal 0 1 0
    outer loop
      vertex -13.8564 -27.5 8
      vertex -1.86195 -27.5 1.075
      vertex -14.7821 -27.5 6.12293
    endloop
  endfacet
  facet normal 0 1 -0
    outer loop
      vertex -1.98634 -27.5 0.822769
      vertex -14.7821 -27.5 6.12293
      vertex -1.86195 -27.5 1.075
    endloop
  endfacet
  facet normal 0 1 0
    outer loop
      vertex -14.7821 -27.5 6.12293
      vertex -1.98634 -27.5 0.822769
      vertex -15.4548 -27.5 4.1411
    endloop
  endfacet
  facet normal 0 1 -0
    outer loop
      vertex -2.07674 -27.5 0.55646
      vertex -15.4548 -27.5 4.1411
      vertex -1.98634 -27.5 0.822769
    endloop
  endfacet
  facet normal 0 1 0
    outer loop
      vertex -15.4548 -27.5 4.1411
      vertex -2.07674 -27.5 0.55646
      vertex -15.8631 -27.5 2.08842
    endloop
  endfacet
  facet normal 0 1 -0
    outer loop
      vertex -2.13161 -27.5 0.280631
      vertex -15.8631 -27.5 2.08842
      vertex -2.07674 -27.5 0.55646
    endloop
  endfacet
  facet normal 0 1 -0
    outer loop
      vertex -2.15 -27.5 0
      vertex -15.8631 -27.5 2.08842
      vertex -2.13161 -27.5 0.280631
    endloop
  endfacet
  facet normal 0 1 0
    outer loop
      vertex -2.15 -27.5 0
      vertex -16 -27.5 0
      vertex -15.8631 -27.5 2.08842
    endloop
  endfacet
  facet normal 0 1 0
    outer loop
      vertex -2.13161 -27.5 -0.280631
      vertex -16 -27.5 0
      vertex -2.15 -27.5 0
    endloop
  endfacet
  facet normal 0 1 0
    outer loop
      vertex -15.8631 -27.5 -2.08842
      vertex -2.13161 -27.5 -0.280631
      vertex -2.07674 -27.5 -0.55646
    endloop
  endfacet
  facet normal 0 1 0
    outer loop
      vertex -15.4548 -27.5 -4.1411
      vertex -2.07674 -27.5 -0.55646
      vertex -1.98634 -27.5 -0.822769
    endloop
  endfacet
  facet normal 0 1 0
    outer loop
      vertex -15.4548 -27.5 -4.1411
      vertex -1.98634 -27.5 -0.822769
      vertex -1.86195 -27.5 -1.075
    endloop
  endfacet
  facet normal 0 1 0
    outer loop
      vertex -15.4548 -27.5 -4.1411
      vertex -1.86195 -27.5 -1.075
      vertex -1.70571 -27.5 -1.30884
    endloop
  endfacet
  facet normal 0 1 0
    outer loop
      vertex -15.4548 -27.5 -4.1411
      vertex -1.70571 -27.5 -1.30884
      vertex -1.52028 -27.5 -1.52028
    endloop
  endfacet
  facet normal 0 1 0
    outer loop
      vertex -15.4548 -27.5 -4.1411
      vertex -1.52028 -27.5 -1.52028
      vertex -1.30884 -27.5 -1.70571
    endloop
  endfacet
  facet normal 0 1 0
    outer loop
      vertex -15.4548 -27.5 -4.1411
      vertex -1.30884 -27.5 -1.70571
      vertex -1.075 -27.5 -1.86195
    endloop
  endfacet
  facet normal 0 1 0
    outer loop
      vertex -15.4548 -27.5 -4.1411
      vertex -1.075 -27.5 -1.86195
      vertex -0.822769 -27.5 -1.98634
    endloop
  endfacet
  facet normal 0 1 0
    outer loop
      vertex -15.4548 -27.5 -4.1411
      vertex -0.822769 -27.5 -1.98634
      vertex -0.55646 -27.5 -2.07674
    endloop
  endfacet
  facet normal 0 1 0
    outer loop
      vertex -2.13161 -27.5 -0.280631
      vertex -15.8631 -27.5 -2.08842
      vertex -16 -27.5 0
    endloop
  endfacet
  facet normal 0 1 0
    outer loop
      vertex -15.4548 -27.5 -4.1411
      vertex -0.55646 -27.5 -2.07674
      vertex -0.280631 -27.5 -2.13161
    endloop
  endfacet
  facet normal 0 1 0
    outer loop
      vertex -15.4548 -27.5 -4.1411
      vertex -0.280631 -27.5 -2.13161
      vertex 0 -27.5 -2.15
    endloop
  endfacet
  facet normal 0 1 0
    outer loop
      vertex -2.07674 -27.5 -0.55646
      vertex -15.4548 -27.5 -4.1411
      vertex -15.8631 -27.5 -2.08842
    endloop
  endfacet
  facet normal -0.659362 0 -0.751826
    outer loop
      vertex -11.3137 -31 -11.3137
      vertex -9.74018 -27.5 -12.6937
      vertex -9.74018 -31 -12.6937
    endloop
  endfacet
  facet normal -0.659362 0 -0.751826
    outer loop
      vertex -9.74018 -27.5 -12.6937
      vertex -11.3137 -31 -11.3137
      vertex -11.3137 -27.5 -11.3137
    endloop
  endfacet
  facet normal -0.555553 0 -0.831481
    outer loop
      vertex -9.74018 -31 -12.6937
      vertex -8 -27.5 -13.8564
      vertex -8 -31 -13.8564
    endloop
  endfacet
  facet normal -0.555553 0 -0.831481
    outer loop
      vertex -8 -27.5 -13.8564
      vertex -9.74018 -31 -12.6937
      vertex -9.74018 -27.5 -12.6937
    endloop
  endfacet
  facet normal -0.442301 0 0.896867
    outer loop
      vertex -8 -27.5 13.8564
      vertex -6.12293 -31 14.7821
      vertex -6.12293 -27.5 14.7821
    endloop
  endfacet
  facet normal -0.442301 0 0.896867
    outer loop
      vertex -6.12293 -31 14.7821
      vertex -8 -27.5 13.8564
      vertex -8 -31 13.8564
    endloop
  endfacet
  facet normal -0.946936 0 -0.321422
    outer loop
      vertex -14.7821 -31 -6.12293
      vertex -15.4548 -27.5 -4.1411
      vertex -14.7821 -27.5 -6.12293
    endloop
  endfacet
  facet normal -0.946936 -0 -0.321422
    outer loop
      vertex -15.4548 -27.5 -4.1411
      vertex -14.7821 -31 -6.12293
      vertex -15.4548 -31 -4.1411
    endloop
  endfacet
  facet normal -0.896867 0 0.442301
    outer loop
      vertex -14.7821 -31 6.12293
      vertex -13.8564 -27.5 8
      vertex -14.7821 -27.5 6.12293
    endloop
  endfacet
  facet normal -0.896867 0 0.442301
    outer loop
      vertex -13.8564 -27.5 8
      vertex -14.7821 -31 6.12293
      vertex -13.8564 -31 8
    endloop
  endfacet
  facet normal -0.442301 0 -0.896867
    outer loop
      vertex -8 -31 -13.8564
      vertex -6.12293 -27.5 -14.7821
      vertex -6.12293 -31 -14.7821
    endloop
  endfacet
  facet normal -0.442301 0 -0.896867
    outer loop
      vertex -6.12293 -27.5 -14.7821
      vertex -8 -31 -13.8564
      vertex -8 -27.5 -13.8564
    endloop
  endfacet
  facet normal -0.997858 0 -0.0654116
    outer loop
      vertex -15.8631 -31 -2.08842
      vertex -16 -27.5 0
      vertex -15.8631 -27.5 -2.08842
    endloop
  endfacet
  facet normal -0.997858 -0 -0.0654116
    outer loop
      vertex -16 -27.5 0
      vertex -15.8631 -31 -2.08842
      vertex -16 -31 0
    endloop
  endfacet
  facet normal 0 -1 0
    outer loop
      vertex -2.08842 -31 15.8631
      vertex -0.280631 -31 2.13161
      vertex 0 -31 2.15
    endloop
  endfacet
  facet normal 0 -1 0
    outer loop
      vertex -2.07674 -31 0.55646
      vertex -15.4548 -31 4.1411
      vertex -15.8631 -31 2.08842
    endloop
  endfacet
  facet normal 0 -1 0
    outer loop
      vertex -14.7821 -31 6.12293
      vertex -0.55646 -31 2.07674
      vertex -0.280631 -31 2.13161
    endloop
  endfacet
  facet normal 0 -1 0
    outer loop
      vertex -14.7821 -31 6.12293
      vertex -0.822769 -31 1.98634
      vertex -0.55646 -31 2.07674
    endloop
  endfacet
  facet normal 0 -1 0
    outer loop
      vertex -14.7821 -31 6.12293
      vertex -1.075 -31 1.86195
      vertex -0.822769 -31 1.98634
    endloop
  endfacet
  facet normal 0 -1 0
    outer loop
      vertex -14.7821 -31 6.12293
      vertex -1.30884 -31 1.70571
      vertex -1.075 -31 1.86195
    endloop
  endfacet
  facet normal 0 -1 0
    outer loop
      vertex -14.7821 -31 6.12293
      vertex -1.52028 -31 1.52028
      vertex -1.30884 -31 1.70571
    endloop
  endfacet
  facet normal 0 -1 0
    outer loop
      vertex -14.7821 -31 6.12293
      vertex -1.70571 -31 1.30884
      vertex -1.52028 -31 1.52028
    endloop
  endfacet
  facet normal 0 -1 0
    outer loop
      vertex -14.7821 -31 6.12293
      vertex -1.86195 -31 1.075
      vertex -1.70571 -31 1.30884
    endloop
  endfacet
  facet normal 0 -1 0
    outer loop
      vertex -14.7821 -31 6.12293
      vertex -1.98634 -31 0.822769
      vertex -1.86195 -31 1.075
    endloop
  endfacet
  facet normal 0 -1 0
    outer loop
      vertex -15.4548 -31 4.1411
      vertex -2.07674 -31 0.55646
      vertex -1.98634 -31 0.822769
    endloop
  endfacet
  facet normal 0 -1 0
    outer loop
      vertex -15.8631 -31 2.08842
      vertex -2.13161 -31 0.280631
      vertex -2.07674 -31 0.55646
    endloop
  endfacet
  facet normal 0 -1 0
    outer loop
      vertex -16 -31 0
      vertex -2.13161 -31 0.280631
      vertex -15.8631 -31 2.08842
    endloop
  endfacet
  facet normal 0 -1 0
    outer loop
      vertex -16 -31 0
      vertex -2.15 -31 0
      vertex -2.13161 -31 0.280631
    endloop
  endfacet
  facet normal 0 -1 0
    outer loop
      vertex -16 -31 0
      vertex -2.13161 -31 -0.280631
      vertex -2.15 -31 0
    endloop
  endfacet
  facet normal 0 -1 0
    outer loop
      vertex -15.8631 -31 -2.08842
      vertex -2.13161 -31 -0.280631
      vertex -16 -31 0
    endloop
  endfacet
  facet normal 0 -1 -0
    outer loop
      vertex -2.13161 -31 -0.280631
      vertex -15.8631 -31 -2.08842
      vertex -2.07674 -31 -0.55646
    endloop
  endfacet
  facet normal 0 -1 0
    outer loop
      vertex -15.4548 -31 -4.1411
      vertex -2.07674 -31 -0.55646
      vertex -15.8631 -31 -2.08842
    endloop
  endfacet
  facet normal 0 -1 -0
    outer loop
      vertex -2.07674 -31 -0.55646
      vertex -15.4548 -31 -4.1411
      vertex -1.98634 -31 -0.822769
    endloop
  endfacet
  facet normal 0 -1 0
    outer loop
      vertex -14.7821 -31 -6.12293
      vertex -1.98634 -31 -0.822769
      vertex -15.4548 -31 -4.1411
    endloop
  endfacet
  facet normal 0 -1 -0
    outer loop
      vertex -1.98634 -31 -0.822769
      vertex -14.7821 -31 -6.12293
      vertex -1.86195 -31 -1.075
    endloop
  endfacet
  facet normal 0 -1 0
    outer loop
      vertex -13.8564 -31 -8
      vertex -1.86195 -31 -1.075
      vertex -14.7821 -31 -6.12293
    endloop
  endfacet
  facet normal 0 -1 -0
    outer loop
      vertex -1.86195 -31 -1.075
      vertex -13.8564 -31 -8
      vertex -1.70571 -31 -1.30884
    endloop
  endfacet
  facet normal 0 -1 0
    outer loop
      vertex -12.6937 -31 -9.74018
      vertex -1.70571 -31 -1.30884
      vertex -13.8564 -31 -8
    endloop
  endfacet
  facet normal 0 -1 -0
    outer loop
      vertex -1.70571 -31 -1.30884
      vertex -12.6937 -31 -9.74018
      vertex -1.52028 -31 -1.52028
    endloop
  endfacet
  facet normal 0 -1 0
    outer loop
      vertex -11.3137 -31 -11.3137
      vertex -1.52028 -31 -1.52028
      vertex -12.6937 -31 -9.74018
    endloop
  endfacet
  facet normal 0 -1 -0
    outer loop
      vertex -1.52028 -31 -1.52028
      vertex -11.3137 -31 -11.3137
      vertex -1.30884 -31 -1.70571
    endloop
  endfacet
  facet normal 0 -1 0
    outer loop
      vertex -9.74018 -31 -12.6937
      vertex -1.30884 -31 -1.70571
      vertex -11.3137 -31 -11.3137
    endloop
  endfacet
  facet normal 0 -1 0
    outer loop
      vertex 0 -31 16
      vertex 0 -31 2.15
      vertex 2.08842 -31 15.8631
    endloop
  endfacet
  facet normal 0 -1 0
    outer loop
      vertex -1.98634 -31 0.822769
      vertex -14.7821 -31 6.12293
      vertex -15.4548 -31 4.1411
    endloop
  endfacet
  facet normal 0 -1 0
    outer loop
      vertex 2.08842 -31 15.8631
      vertex 0 -31 2.15
      vertex 0.280631 -31 2.13161
    endloop
  endfacet
  facet normal 0 -1 0
    outer loop
      vertex 0.55646 -31 2.07674
      vertex 2.08842 -31 15.8631
      vertex 0.280631 -31 2.13161
    endloop
  endfacet
  facet normal 0 -1 0
    outer loop
      vertex 0.822769 -31 1.98634
      vertex 2.08842 -31 15.8631
      vertex 0.55646 -31 2.07674
    endloop
  endfacet
  facet normal 0 -1 0
    outer loop
      vertex 1.075 -31 1.86195
      vertex 2.08842 -31 15.8631
      vertex 0.822769 -31 1.98634
    endloop
  endfacet
  facet normal 0 -1 0
    outer loop
      vertex 1.30884 -31 1.70571
      vertex 2.08842 -31 15.8631
      vertex 1.075 -31 1.86195
    endloop
  endfacet
  facet normal 0 -1 0
    outer loop
      vertex 1.52028 -31 1.52028
      vertex 2.08842 -31 15.8631
      vertex 1.30884 -31 1.70571
    endloop
  endfacet
  facet normal 0 -1 0
    outer loop
      vertex 1.70571 -31 1.30884
      vertex 2.08842 -31 15.8631
      vertex 1.52028 -31 1.52028
    endloop
  endfacet
  facet normal 0 -1 0
    outer loop
      vertex 1.86195 -31 1.075
      vertex 2.08842 -31 15.8631
      vertex 1.70571 -31 1.30884
    endloop
  endfacet
  facet normal 0 -1 0
    outer loop
      vertex 1.98634 -31 0.822769
      vertex 2.08842 -31 15.8631
      vertex 1.86195 -31 1.075
    endloop
  endfacet
  facet normal 0 -1 -0
    outer loop
      vertex 2.08842 -31 15.8631
      vertex 1.98634 -31 0.822769
      vertex 36 -31 8
    endloop
  endfacet
  facet normal 0 -1 0
    outer loop
      vertex 2.07674 -31 0.55646
      vertex 36 -31 8
      vertex 1.98634 -31 0.822769
    endloop
  endfacet
  facet normal 0 -1 0
    outer loop
      vertex 2.13161 -31 0.280631
      vertex 36 -31 8
      vertex 2.07674 -31 0.55646
    endloop
  endfacet
  facet normal 0 -1 0
    outer loop
      vertex 2.15 -31 0
      vertex 36 -31 8
      vertex 2.13161 -31 0.280631
    endloop
  endfacet
  facet normal 0 -1 0
    outer loop
      vertex 36 -31 -8
      vertex 2.15 -31 0
      vertex 2.13161 -31 -0.280631
    endloop
  endfacet
  facet normal 0 -1 0
    outer loop
      vertex 36 -31 -8
      vertex 2.13161 -31 -0.280631
      vertex 2.07674 -31 -0.55646
    endloop
  endfacet
  facet normal 0 -1 0
    outer loop
      vertex 36 -31 -8
      vertex 2.07674 -31 -0.55646
      vertex 1.98634 -31 -0.822769
    endloop
  endfacet
  facet normal 0 -1 0
    outer loop
      vertex 2.08842 -31 -15.8631
      vertex 1.98634 -31 -0.822769
      vertex 1.86195 -31 -1.075
    endloop
  endfacet
  facet normal 0 -1 0
    outer loop
      vertex 2.08842 -31 -15.8631
      vertex 1.86195 -31 -1.075
      vertex 1.70571 -31 -1.30884
    endloop
  endfacet
  facet normal 0 -1 0
    outer loop
      vertex 2.08842 -31 -15.8631
      vertex 1.70571 -31 -1.30884
      vertex 1.52028 -31 -1.52028
    endloop
  endfacet
  facet normal 0 -1 0
    outer loop
      vertex 2.08842 -31 -15.8631
      vertex 1.52028 -31 -1.52028
      vertex 1.30884 -31 -1.70571
    endloop
  endfacet
  facet normal 0 -1 0
    outer loop
      vertex 2.08842 -31 -15.8631
      vertex 1.30884 -31 -1.70571
      vertex 1.075 -31 -1.86195
    endloop
  endfacet
  facet normal 0 -1 0
    outer loop
      vertex 2.08842 -31 -15.8631
      vertex 1.075 -31 -1.86195
      vertex 0.822769 -31 -1.98634
    endloop
  endfacet
  facet normal 0 -1 0
    outer loop
      vertex 2.08842 -31 -15.8631
      vertex 0.822769 -31 -1.98634
      vertex 0.55646 -31 -2.07674
    endloop
  endfacet
  facet normal 0 -1 -0
    outer loop
      vertex -1.30884 -31 -1.70571
      vertex -9.74018 -31 -12.6937
      vertex -1.075 -31 -1.86195
    endloop
  endfacet
  facet normal 0 -1 0
    outer loop
      vertex -8 -31 -13.8564
      vertex -1.075 -31 -1.86195
      vertex -9.74018 -31 -12.6937
    endloop
  endfacet
  facet normal 0 -1 -0
    outer loop
      vertex -1.075 -31 -1.86195
      vertex -8 -31 -13.8564
      vertex -0.822769 -31 -1.98634
    endloop
  endfacet
  facet normal 0 -1 0
    outer loop
      vertex -6.12293 -31 -14.7821
      vertex -0.822769 -31 -1.98634
      vertex -8 -31 -13.8564
    endloop
  endfacet
  facet normal 0 -1 -0
    outer loop
      vertex -0.822769 -31 -1.98634
      vertex -6.12293 -31 -14.7821
      vertex -0.55646 -31 -2.07674
    endloop
  endfacet
  facet normal 0 -1 0
    outer loop
      vertex 1.98634 -31 -0.822769
      vertex 2.08842 -31 -15.8631
      vertex 36 -31 -8
    endloop
  endfacet
  facet normal 0 -1 0
    outer loop
      vertex 2.15 -31 0
      vertex 36 -31 -8
      vertex 36 -31 8
    endloop
  endfacet
  facet normal 0 -1 0
    outer loop
      vertex -4.1411 -31 -15.4548
      vertex -0.55646 -31 -2.07674
      vertex -6.12293 -31 -14.7821
    endloop
  endfacet
  facet normal 0 -1 -0
    outer loop
      vertex -0.55646 -31 -2.07674
      vertex -4.1411 -31 -15.4548
      vertex -0.280631 -31 -2.13161
    endloop
  endfacet
  facet normal -0 -1 0
    outer loop
      vertex 44 -31 -12
      vertex 36 -31 -8
      vertex 2.08842 -31 -15.8631
    endloop
  endfacet
  facet normal 0 -1 0
    outer loop
      vertex -2.08842 -31 -15.8631
      vertex -0.280631 -31 -2.13161
      vertex -4.1411 -31 -15.4548
    endloop
  endfacet
  facet normal 0 -1 -0
    outer loop
      vertex -0.280631 -31 -2.13161
      vertex -2.08842 -31 -15.8631
      vertex 0 -31 -2.15
    endloop
  endfacet
  facet normal 0 -1 0
    outer loop
      vertex 0 -31 -16
      vertex 0 -31 -2.15
      vertex -2.08842 -31 -15.8631
    endloop
  endfacet
  facet normal 0 -1 0
    outer loop
      vertex 0 -31 -2.15
      vertex 0 -31 -16
      vertex 0.280631 -31 -2.13161
    endloop
  endfacet
  facet normal -0 -1 0
    outer loop
      vertex 2.08842 -31 -15.8631
      vertex 0.280631 -31 -2.13161
      vertex 0 -31 -16
    endloop
  endfacet
  facet normal 0 -1 0
    outer loop
      vertex 36 -31 -8
      vertex 44 -31 -12
      vertex 44 -31 -8
    endloop
  endfacet
  facet normal 0 -1 0
    outer loop
      vertex 0.280631 -31 -2.13161
      vertex 2.08842 -31 -15.8631
      vertex 0.55646 -31 -2.07674
    endloop
  endfacet
  facet normal 0 -1 0
    outer loop
      vertex 0 -31 2.15
      vertex 0 -31 16
      vertex -2.08842 -31 15.8631
    endloop
  endfacet
  facet normal 0 -1 0
    outer loop
      vertex -0.280631 -31 2.13161
      vertex -2.08842 -31 15.8631
      vertex -4.1411 -31 15.4548
    endloop
  endfacet
  facet normal 0 -1 0
    outer loop
      vertex -0.280631 -31 2.13161
      vertex -4.1411 -31 15.4548
      vertex -6.12293 -31 14.7821
    endloop
  endfacet
  facet normal 0 -1 0
    outer loop
      vertex -0.280631 -31 2.13161
      vertex -6.12293 -31 14.7821
      vertex -8 -31 13.8564
    endloop
  endfacet
  facet normal 0 -1 0
    outer loop
      vertex -0.280631 -31 2.13161
      vertex -8 -31 13.8564
      vertex -9.74018 -31 12.6937
    endloop
  endfacet
  facet normal 0 -1 0
    outer loop
      vertex -0.280631 -31 2.13161
      vertex -9.74018 -31 12.6937
      vertex -11.3137 -31 11.3137
    endloop
  endfacet
  facet normal 0 -1 0
    outer loop
      vertex -0.280631 -31 2.13161
      vertex -11.3137 -31 11.3137
      vertex -12.6937 -31 9.74018
    endloop
  endfacet
  facet normal 0 -1 0
    outer loop
      vertex -0.280631 -31 2.13161
      vertex -12.6937 -31 9.74018
      vertex -13.8564 -31 8
    endloop
  endfacet
  facet normal 0 -1 0
    outer loop
      vertex -0.280631 -31 2.13161
      vertex -13.8564 -31 8
      vertex -14.7821 -31 6.12293
    endloop
  endfacet
  facet normal 0 -1 0
    outer loop
      vertex 2.08842 -31 15.8631
      vertex 36 -31 8
      vertex 44 -31 12
    endloop
  endfacet
  facet normal 0 -1 -0
    outer loop
      vertex 44 -31 12
      vertex 36 -31 8
      vertex 44 -31 8
    endloop
  endfacet
  facet normal -0.555553 0 0.831481
    outer loop
      vertex -9.74018 -27.5 12.6937
      vertex -8 -31 13.8564
      vertex -8 -27.5 13.8564
    endloop
  endfacet
  facet normal -0.555553 0 0.831481
    outer loop
      vertex -8 -31 13.8564
      vertex -9.74018 -27.5 12.6937
      vertex -9.74018 -31 12.6937
    endloop
  endfacet
  facet normal -0.946936 0 0.321422
    outer loop
      vertex -15.4548 -31 4.1411
      vertex -14.7821 -27.5 6.12293
      vertex -15.4548 -27.5 4.1411
    endloop
  endfacet
  facet normal -0.946936 0 0.321422
    outer loop
      vertex -14.7821 -27.5 6.12293
      vertex -15.4548 -31 4.1411
      vertex -14.7821 -31 6.12293
    endloop
  endfacet
  facet normal -0.659362 0 0.751826
    outer loop
      vertex -11.3137 -27.5 11.3137
      vertex -9.74018 -31 12.6937
      vertex -9.74018 -27.5 12.6937
    endloop
  endfacet
  facet normal -0.659362 0 0.751826
    outer loop
      vertex -9.74018 -31 12.6937
      vertex -11.3137 -27.5 11.3137
      vertex -11.3137 -31 11.3137
    endloop
  endfacet
  facet normal -0.0654116 0 -0.997858
    outer loop
      vertex -2.08842 -31 -15.8631
      vertex 0 -27.5 -16
      vertex 0 -31 -16
    endloop
  endfacet
  facet normal -0.0654116 0 -0.997858
    outer loop
      vertex 0 -27.5 -16
      vertex -2.08842 -31 -15.8631
      vertex -2.08842 -27.5 -15.8631
    endloop
  endfacet
  facet normal -0.751826 0 -0.659362
    outer loop
      vertex -11.3137 -31 -11.3137
      vertex -12.6937 -27.5 -9.74018
      vertex -11.3137 -27.5 -11.3137
    endloop
  endfacet
  facet normal -0.751826 -0 -0.659362
    outer loop
      vertex -12.6937 -27.5 -9.74018
      vertex -11.3137 -31 -11.3137
      vertex -12.6937 -31 -9.74018
    endloop
  endfacet
  facet normal -0.896867 0 -0.442301
    outer loop
      vertex -13.8564 -31 -8
      vertex -14.7821 -27.5 -6.12293
      vertex -13.8564 -27.5 -8
    endloop
  endfacet
  facet normal -0.896867 -0 -0.442301
    outer loop
      vertex -14.7821 -27.5 -6.12293
      vertex -13.8564 -31 -8
      vertex -14.7821 -31 -6.12293
    endloop
  endfacet
  facet normal -0.980786 0 -0.195089
    outer loop
      vertex -15.4548 -31 -4.1411
      vertex -15.8631 -27.5 -2.08842
      vertex -15.4548 -27.5 -4.1411
    endloop
  endfacet
  facet normal -0.980786 -0 -0.195089
    outer loop
      vertex -15.8631 -27.5 -2.08842
      vertex -15.4548 -31 -4.1411
      vertex -15.8631 -31 -2.08842
    endloop
  endfacet
  facet normal -0 0 1
    outer loop
      vertex 36 27.25 12
      vertex 44 10 12
      vertex 44 27.25 12
    endloop
  endfacet
  facet normal 0 0 1
    outer loop
      vertex 44 10 12
      vertex 36 27.25 12
      vertex 44 -10 12
    endloop
  endfacet
  facet normal 0 0 1
    outer loop
      vertex 36 -27.5 12
      vertex 44 -10 12
      vertex 36 27.25 12
    endloop
  endfacet
  facet normal 0 0 1
    outer loop
      vertex 44 -10 12
      vertex 36 -27.5 12
      vertex 44 -27.5 12
    endloop
  endfacet
  facet normal 0 0 1
    outer loop
      vertex 84 10 12
      vertex 76 8.25 12
      vertex 84 8.25 12
    endloop
  endfacet
  facet normal 0 0 1
    outer loop
      vertex 76 8.25 12
      vertex 70.1 0 12
      vertex 76 -10 12
    endloop
  endfacet
  facet normal 0 0 1
    outer loop
      vertex 76 8.25 12
      vertex 69.9972 0.648935 12
      vertex 70.1 0 12
    endloop
  endfacet
  facet normal 0 0 1
    outer loop
      vertex 76 8.25 12
      vertex 69.6989 1.23435 12
      vertex 69.9972 0.648935 12
    endloop
  endfacet
  facet normal 0 0 1
    outer loop
      vertex 76 8.25 12
      vertex 69.2343 1.69894 12
      vertex 69.6989 1.23435 12
    endloop
  endfacet
  facet normal 0 0 1
    outer loop
      vertex 76 8.25 12
      vertex 68.6489 1.99722 12
      vertex 69.2343 1.69894 12
    endloop
  endfacet
  facet normal 0 0 1
    outer loop
      vertex 76 8.25 12
      vertex 68 2.1 12
      vertex 68.6489 1.99722 12
    endloop
  endfacet
  facet normal 0 0 1
    outer loop
      vertex 76 8.25 12
      vertex 67.3511 1.99722 12
      vertex 68 2.1 12
    endloop
  endfacet
  facet normal 0 0 1
    outer loop
      vertex 44 10 12
      vertex 67.3511 1.99722 12
      vertex 76 8.25 12
    endloop
  endfacet
  facet normal 0 0 1
    outer loop
      vertex 66.0028 0.648935 12
      vertex 54.1 0 12
      vertex 65.9 0 12
    endloop
  endfacet
  facet normal 0 0 1
    outer loop
      vertex 53.9972 0.648935 12
      vertex 66.0028 0.648935 12
      vertex 66.3011 1.23435 12
    endloop
  endfacet
  facet normal 0 0 1
    outer loop
      vertex 53.6989 1.23435 12
      vertex 66.3011 1.23435 12
      vertex 66.7656 1.69894 12
    endloop
  endfacet
  facet normal 0 -0 1
    outer loop
      vertex 52.6489 1.99722 12
      vertex 67.3511 1.99722 12
      vertex 44 10 12
    endloop
  endfacet
  facet normal 0 0 1
    outer loop
      vertex 66.0028 0.648935 12
      vertex 53.9972 0.648935 12
      vertex 54.1 0 12
    endloop
  endfacet
  facet normal 0 0 1
    outer loop
      vertex 66.3011 1.23435 12
      vertex 53.6989 1.23435 12
      vertex 53.9972 0.648935 12
    endloop
  endfacet
  facet normal 0 0 1
    outer loop
      vertex 66.7656 1.69894 12
      vertex 53.2343 1.69894 12
      vertex 53.6989 1.23435 12
    endloop
  endfacet
  facet normal 0 0 1
    outer loop
      vertex 66.7656 1.69894 12
      vertex 52.6489 1.99722 12
      vertex 53.2343 1.69894 12
    endloop
  endfacet
  facet normal 0 0 1
    outer loop
      vertex 67.3511 1.99722 12
      vertex 52.6489 1.99722 12
      vertex 66.7656 1.69894 12
    endloop
  endfacet
  facet normal 0 0 1
    outer loop
      vertex 52.6489 1.99722 12
      vertex 44 10 12
      vertex 52 2.1 12
    endloop
  endfacet
  facet normal 0 0 1
    outer loop
      vertex 50.0028 0.648935 12
      vertex 44 10 12
      vertex 49.9 0 12
    endloop
  endfacet
  facet normal 0 0 1
    outer loop
      vertex 50.3011 1.23435 12
      vertex 44 10 12
      vertex 50.0028 0.648935 12
    endloop
  endfacet
  facet normal 0 0 1
    outer loop
      vertex 50.7657 1.69894 12
      vertex 44 10 12
      vertex 50.3011 1.23435 12
    endloop
  endfacet
  facet normal 0 0 1
    outer loop
      vertex 51.3511 1.99722 12
      vertex 44 10 12
      vertex 50.7657 1.69894 12
    endloop
  endfacet
  facet normal 0 0 1
    outer loop
      vertex 52 2.1 12
      vertex 44 10 12
      vertex 51.3511 1.99722 12
    endloop
  endfacet
  facet normal -0 0 1
    outer loop
      vertex 44 10 12
      vertex 76 8.25 12
      vertex 84 10 12
    endloop
  endfacet
  facet normal -0 0 1
    outer loop
      vertex 69.9972 -0.648935 12
      vertex 76 -10 12
      vertex 70.1 0 12
    endloop
  endfacet
  facet normal -0 0 1
    outer loop
      vertex 69.6989 -1.23435 12
      vertex 76 -10 12
      vertex 69.9972 -0.648935 12
    endloop
  endfacet
  facet normal -0 0 1
    outer loop
      vertex 69.2343 -1.69894 12
      vertex 76 -10 12
      vertex 69.6989 -1.23435 12
    endloop
  endfacet
  facet normal -0 0 1
    outer loop
      vertex 68.6489 -1.99722 12
      vertex 76 -10 12
      vertex 69.2343 -1.69894 12
    endloop
  endfacet
  facet normal -0 0 1
    outer loop
      vertex 68 -2.1 12
      vertex 76 -10 12
      vertex 68.6489 -1.99722 12
    endloop
  endfacet
  facet normal 0 0 1
    outer loop
      vertex 67.3511 -1.99722 12
      vertex 76 -10 12
      vertex 68 -2.1 12
    endloop
  endfacet
  facet normal 0 0 1
    outer loop
      vertex 52.6489 -1.99722 12
      vertex 67.3511 -1.99722 12
      vertex 66.7656 -1.69894 12
    endloop
  endfacet
  facet normal -0 0 1
    outer loop
      vertex 54.1 0 12
      vertex 66.0028 -0.648935 12
      vertex 65.9 0 12
    endloop
  endfacet
  facet normal 0 0 1
    outer loop
      vertex 53.9972 -0.648935 12
      vertex 66.0028 -0.648935 12
      vertex 54.1 0 12
    endloop
  endfacet
  facet normal 0 0 1
    outer loop
      vertex 66.0028 -0.648935 12
      vertex 53.9972 -0.648935 12
      vertex 66.3011 -1.23435 12
    endloop
  endfacet
  facet normal 0 0 1
    outer loop
      vertex 53.6989 -1.23435 12
      vertex 66.3011 -1.23435 12
      vertex 53.9972 -0.648935 12
    endloop
  endfacet
  facet normal 0 0 1
    outer loop
      vertex 66.3011 -1.23435 12
      vertex 53.6989 -1.23435 12
      vertex 66.7656 -1.69894 12
    endloop
  endfacet
  facet normal 0 0 1
    outer loop
      vertex 53.2343 -1.69894 12
      vertex 66.7656 -1.69894 12
      vertex 53.6989 -1.23435 12
    endloop
  endfacet
  facet normal 0 0 1
    outer loop
      vertex 52.6489 -1.99722 12
      vertex 66.7656 -1.69894 12
      vertex 53.2343 -1.69894 12
    endloop
  endfacet
  facet normal 0 0 1
    outer loop
      vertex 67.3511 -1.99722 12
      vertex 52.6489 -1.99722 12
      vertex 76 -10 12
    endloop
  endfacet
  facet normal 0 0 1
    outer loop
      vertex 44 -10 12
      vertex 52.6489 -1.99722 12
      vertex 52 -2.1 12
    endloop
  endfacet
  facet normal 0 0 1
    outer loop
      vertex 44 -10 12
      vertex 52 -2.1 12
      vertex 51.3511 -1.99722 12
    endloop
  endfacet
  facet normal 0 0 1
    outer loop
      vertex 44 -10 12
      vertex 49.9 0 12
      vertex 44 10 12
    endloop
  endfacet
  facet normal 0 0 1
    outer loop
      vertex 49.9 0 12
      vertex 44 -10 12
      vertex 50.0028 -0.648935 12
    endloop
  endfacet
  facet normal 0 0 1
    outer loop
      vertex 52.6489 -1.99722 12
      vertex 44 -10 12
      vertex 76 -10 12
    endloop
  endfacet
  facet normal 0 0 1
    outer loop
      vertex 50.7657 -1.69894 12
      vertex 44 -10 12
      vertex 51.3511 -1.99722 12
    endloop
  endfacet
  facet normal 0 0 1
    outer loop
      vertex 50.3011 -1.23435 12
      vertex 44 -10 12
      vertex 50.7657 -1.69894 12
    endloop
  endfacet
  facet normal 0 0 1
    outer loop
      vertex 50.0028 -0.648935 12
      vertex 44 -10 12
      vertex 50.3011 -1.23435 12
    endloop
  endfacet
  facet normal -0 0 1
    outer loop
      vertex 36 31.25 12
      vertex 44 30.75 12
      vertex 44 31.25 12
    endloop
  endfacet
  facet normal 0 0 1
    outer loop
      vertex 44 30.75 12
      vertex 36 31.25 12
      vertex 36 30.75 12
    endloop
  endfacet
  facet normal 0 0 -1
    outer loop
      vertex 76 -10 -12
      vertex 44 -10 -12
      vertex 76 8.25 -12
    endloop
  endfacet
  facet normal 0 0 -1
    outer loop
      vertex 76 8.25 -12
      vertex 84 10 -12
      vertex 84 8.25 -12
    endloop
  endfacet
  facet normal 0 0 -1
    outer loop
      vertex 76 8.25 -12
      vertex 44 10 -12
      vertex 84 10 -12
    endloop
  endfacet
  facet normal 0 0 -1
    outer loop
      vertex 44 10 -12
      vertex 76 8.25 -12
      vertex 44 -10 -12
    endloop
  endfacet
  facet normal 0 0 -1
    outer loop
      vertex 36 -27.5 -12
      vertex 44 -10 -12
      vertex 44 -27.5 -12
    endloop
  endfacet
  facet normal -0 0 -1
    outer loop
      vertex 44 -10 -12
      vertex 36 -27.5 -12
      vertex 44 10 -12
    endloop
  endfacet
  facet normal 0 0 -1
    outer loop
      vertex 36 27.25 -12
      vertex 44 10 -12
      vertex 36 -27.5 -12
    endloop
  endfacet
  facet normal 0 0 -1
    outer loop
      vertex 44 10 -12
      vertex 36 27.25 -12
      vertex 44 27.25 -12
    endloop
  endfacet
  facet normal 0 0 -1
    outer loop
      vertex 36 30.75 -12
      vertex 44 31.25 -12
      vertex 44 30.75 -12
    endloop
  endfacet
  facet normal -0 0 -1
    outer loop
      vertex 44 31.25 -12
      vertex 36 30.75 -12
      vertex 36 31.25 -12
    endloop
  endfacet
  facet normal -1 0 0
    outer loop
      vertex 36 30.75 -12
      vertex 36 31.25 12
      vertex 36 31.25 -12
    endloop
  endfacet
  facet normal -1 -0 0
    outer loop
      vertex 36 31.25 12
      vertex 36 30.75 -12
      vertex 36 30.75 12
    endloop
  endfacet
  facet normal -1 0 0
    outer loop
      vertex 36 -27.5 -12
      vertex 36 27.25 12
      vertex 36 27.25 -12
    endloop
  endfacet
  facet normal -1 -0 0
    outer loop
      vertex 36 27.25 12
      vertex 36 -27.5 -12
      vertex 36 -27.5 12
    endloop
  endfacet
  facet normal 0 1 -0
    outer loop
      vertex 44 31.25 -12
      vertex 36 31.25 12
      vertex 44 31.25 12
    endloop
  endfacet
  facet normal 0 1 0
    outer loop
      vertex 36 31.25 12
      vertex 44 31.25 -12
      vertex 36 31.25 -12
    endloop
  endfacet
  facet normal 1 -0 0
    outer loop
      vertex 84 -27 16
      vertex 84 4.75 5.25136
      vertex 84 4.75 16
    endloop
  endfacet
  facet normal 1 0 0
    outer loop
      vertex 84 4.75 5.25136
      vertex 84 -27 16
      vertex 84 4.75 4.74864
    endloop
  endfacet
  facet normal 1 0 0
    outer loop
      vertex 84 4.75 4.74864
      vertex 84 -27 16
      vertex 84 4.75 -4.74864
    endloop
  endfacet
  facet normal 1 0 0
    outer loop
      vertex 84 -27 -16
      vertex 84 4.75 -4.74864
      vertex 84 -27 16
    endloop
  endfacet
  facet normal 1 0 0
    outer loop
      vertex 84 4.75 -4.74864
      vertex 84 -27 -16
      vertex 84 4.75 -5.25136
    endloop
  endfacet
  facet normal 1 0 0
    outer loop
      vertex 84 4.75 -5.25136
      vertex 84 -27 -16
      vertex 84 4.75 -16
    endloop
  endfacet
  facet normal 1 -0 0
    outer loop
      vertex 84 4.75 -4.74864
      vertex 84 8.25 -5.25136
      vertex 84 8.25 -4.74864
    endloop
  endfacet
  facet normal 1 0 0
    outer loop
      vertex 84 8.25 -5.25136
      vertex 84 4.75 -4.74864
      vertex 84 4.75 -5.25136
    endloop
  endfacet
  facet normal 1 -0 0
    outer loop
      vertex 84 4.75 5.25136
      vertex 84 8.25 4.74864
      vertex 84 8.25 5.25136
    endloop
  endfacet
  facet normal 1 0 0
    outer loop
      vertex 84 8.25 4.74864
      vertex 84 4.75 5.25136
      vertex 84 4.75 4.74864
    endloop
  endfacet
  facet normal 1 0 0
    outer loop
      vertex 84 8.25 5.25136
      vertex 84 10 12
      vertex 84 8.25 12
    endloop
  endfacet
  facet normal 1 0 0
    outer loop
      vertex 84 8.25 4.74864
      vertex 84 10 12
      vertex 84 8.25 5.25136
    endloop
  endfacet
  facet normal 1 0 0
    outer loop
      vertex 84 10 12
      vertex 84 8.25 4.74864
      vertex 84 10 -12
    endloop
  endfacet
  facet normal 1 -0 0
    outer loop
      vertex 84 8.25 -4.74864
      vertex 84 10 -12
      vertex 84 8.25 4.74864
    endloop
  endfacet
  facet normal 1 -0 0
    outer loop
      vertex 84 8.25 -5.25136
      vertex 84 10 -12
      vertex 84 8.25 -4.74864
    endloop
  endfacet
  facet normal 1 0 0
    outer loop
      vertex 84 10 -12
      vertex 84 8.25 -5.25136
      vertex 84 8.25 -12
    endloop
  endfacet
  facet normal 0 1 0
    outer loop
      vertex 84 10 12
      vertex 74 10 4
      vertex 44 10 12
    endloop
  endfacet
  facet normal 0 1 0
    outer loop
      vertex 84 10 12
      vertex 74 10 -4
      vertex 74 10 4
    endloop
  endfacet
  facet normal 0 1 0
    outer loop
      vertex 44 10 -12
      vertex 74 10 -4
      vertex 84 10 -12
    endloop
  endfacet
  facet normal 0 1 -0
    outer loop
      vertex 84 10 -12
      vertex 74 10 -4
      vertex 84 10 12
    endloop
  endfacet
  facet normal 0 1 -0
    outer loop
      vertex 46 10 4
      vertex 44 10 12
      vertex 74 10 4
    endloop
  endfacet
  facet normal 0 1 -0
    outer loop
      vertex 46 10 -4
      vertex 44 10 12
      vertex 46 10 4
    endloop
  endfacet
  facet normal 0 1 0
    outer loop
      vertex 46 10 -4
      vertex 44 10 -12
      vertex 44 10 12
    endloop
  endfacet
  facet normal 0 1 0
    outer loop
      vertex 74 10 -4
      vertex 44 10 -12
      vertex 46 10 -4
    endloop
  endfacet
  facet normal 0 -1 0
    outer loop
      vertex 44 -10 12
      vertex 46 -10 4
      vertex 76 -10 12
    endloop
  endfacet
  facet normal 0 -1 0
    outer loop
      vertex 44 -10 12
      vertex 46 -10 -4
      vertex 46 -10 4
    endloop
  endfacet
  facet normal 0 -1 -0
    outer loop
      vertex 46 -10 -4
      vertex 44 -10 -12
      vertex 74 -10 -4
    endloop
  endfacet
  facet normal 0 -1 0
    outer loop
      vertex 44 -10 -12
      vertex 46 -10 -4
      vertex 44 -10 12
    endloop
  endfacet
  facet normal 0 -1 0
    outer loop
      vertex 74 -10 4
      vertex 76 -10 12
      vertex 46 -10 4
    endloop
  endfacet
  facet normal 0 -1 0
    outer loop
      vertex 74 -10 -4
      vertex 76 -10 12
      vertex 74 -10 4
    endloop
  endfacet
  facet normal 0 -1 0
    outer loop
      vertex 74 -10 -4
      vertex 76 -10 -12
      vertex 76 -10 12
    endloop
  endfacet
  facet normal 0 -1 0
    outer loop
      vertex 76 -10 -12
      vertex 74 -10 -4
      vertex 44 -10 -12
    endloop
  endfacet
  facet normal -0 0 1
    outer loop
      vertex 5.37215 30.75 -6.71937
      vertex 5.94156 27.25 -6.71937
      vertex 5.94156 30.75 -6.71937
    endloop
  endfacet
  facet normal 0 0 1
    outer loop
      vertex 5.94156 27.25 -6.71937
      vertex 5.37215 30.75 -6.71937
      vertex 5.37215 27.25 -6.71937
    endloop
  endfacet
  facet normal -0.500004 0 0.866023
    outer loop
      vertex 5.94156 30.75 -6.71937
      vertex 6.43467 27.25 -6.43467
      vertex 6.43467 30.75 -6.43467
    endloop
  endfacet
  facet normal -0.500004 0 0.866023
    outer loop
      vertex 6.43467 27.25 -6.43467
      vertex 5.94156 30.75 -6.71937
      vertex 5.94156 27.25 -6.71937
    endloop
  endfacet
  facet normal 0.500004 0 0.866023
    outer loop
      vertex 4.87904 30.75 -6.43467
      vertex 5.37215 27.25 -6.71937
      vertex 5.37215 30.75 -6.71937
    endloop
  endfacet
  facet normal 0.500004 0 0.866023
    outer loop
      vertex 5.37215 27.25 -6.71937
      vertex 4.87904 30.75 -6.43467
      vertex 4.87904 27.25 -6.43467
    endloop
  endfacet
  facet normal 0.500004 0 -0.866023
    outer loop
      vertex 4.87904 27.25 -4.87904
      vertex 5.37215 30.75 -4.59434
      vertex 5.37215 27.25 -4.59434
    endloop
  endfacet
  facet normal 0.500004 0 -0.866023
    outer loop
      vertex 5.37215 30.75 -4.59434
      vertex 4.87904 27.25 -4.87904
      vertex 4.87904 30.75 -4.87904
    endloop
  endfacet
  facet normal -0.866023 0 0.500004
    outer loop
      vertex 6.43467 27.25 -6.43467
      vertex 6.71937 30.75 -5.94156
      vertex 6.43467 30.75 -6.43467
    endloop
  endfacet
  facet normal -0.866023 0 0.500004
    outer loop
      vertex 6.71937 30.75 -5.94156
      vertex 6.43467 27.25 -6.43467
      vertex 6.71937 27.25 -5.94156
    endloop
  endfacet
  facet normal 0.866023 -0 0.500004
    outer loop
      vertex 4.59434 27.25 -5.94156
      vertex 4.87904 30.75 -6.43467
      vertex 4.59434 30.75 -5.94156
    endloop
  endfacet
  facet normal 0.866023 0 0.500004
    outer loop
      vertex 4.87904 30.75 -6.43467
      vertex 4.59434 27.25 -5.94156
      vertex 4.87904 27.25 -6.43467
    endloop
  endfacet
  facet normal -0.866023 0 -0.500004
    outer loop
      vertex 6.71937 27.25 -5.37215
      vertex 6.43467 30.75 -4.87904
      vertex 6.71937 30.75 -5.37215
    endloop
  endfacet
  facet normal -0.866023 -0 -0.500004
    outer loop
      vertex 6.43467 30.75 -4.87904
      vertex 6.71937 27.25 -5.37215
      vertex 6.43467 27.25 -4.87904
    endloop
  endfacet
  facet normal 0.866023 0 -0.500004
    outer loop
      vertex 4.87904 27.25 -4.87904
      vertex 4.59434 30.75 -5.37215
      vertex 4.87904 30.75 -4.87904
    endloop
  endfacet
  facet normal 0.866023 0 -0.500004
    outer loop
      vertex 4.59434 30.75 -5.37215
      vertex 4.87904 27.25 -4.87904
      vertex 4.59434 27.25 -5.37215
    endloop
  endfacet
  facet normal 1 -0 0
    outer loop
      vertex 4.59434 27.25 -5.37215
      vertex 4.59434 30.75 -5.94156
      vertex 4.59434 30.75 -5.37215
    endloop
  endfacet
  facet normal 1 0 0
    outer loop
      vertex 4.59434 30.75 -5.94156
      vertex 4.59434 27.25 -5.37215
      vertex 4.59434 27.25 -5.94156
    endloop
  endfacet
  facet normal -1 0 0
    outer loop
      vertex 6.71937 27.25 -5.94156
      vertex 6.71937 30.75 -5.37215
      vertex 6.71937 30.75 -5.94156
    endloop
  endfacet
  facet normal -1 -0 0
    outer loop
      vertex 6.71937 30.75 -5.37215
      vertex 6.71937 27.25 -5.94156
      vertex 6.71937 27.25 -5.37215
    endloop
  endfacet
  facet normal -0.500004 0 -0.866023
    outer loop
      vertex 5.94156 27.25 -4.59434
      vertex 6.43467 30.75 -4.87904
      vertex 6.43467 27.25 -4.87904
    endloop
  endfacet
  facet normal -0.500004 0 -0.866023
    outer loop
      vertex 6.43467 30.75 -4.87904
      vertex 5.94156 27.25 -4.59434
      vertex 5.94156 30.75 -4.59434
    endloop
  endfacet
  facet normal 0 0 -1
    outer loop
      vertex 5.37215 27.25 -4.59434
      vertex 5.94156 30.75 -4.59434
      vertex 5.94156 27.25 -4.59434
    endloop
  endfacet
  facet normal -0 0 -1
    outer loop
      vertex 5.94156 30.75 -4.59434
      vertex 5.37215 27.25 -4.59434
      vertex 5.37215 30.75 -4.59434
    endloop
  endfacet
  facet normal -0 0 1
    outer loop
      vertex -5.94156 30.75 -6.71937
      vertex -5.37215 27.25 -6.71937
      vertex -5.37215 30.75 -6.71937
    endloop
  endfacet
  facet normal 0 0 1
    outer loop
      vertex -5.37215 27.25 -6.71937
      vertex -5.94156 30.75 -6.71937
      vertex -5.94156 27.25 -6.71937
    endloop
  endfacet
  facet normal 1 -0 0
    outer loop
      vertex -6.71937 27.25 -5.37215
      vertex -6.71937 30.75 -5.94156
      vertex -6.71937 30.75 -5.37215
    endloop
  endfacet
  facet normal 1 0 0
    outer loop
      vertex -6.71937 30.75 -5.94156
      vertex -6.71937 27.25 -5.37215
      vertex -6.71937 27.25 -5.94156
    endloop
  endfacet
  facet normal 0.866023 -0 0.500004
    outer loop
      vertex -6.71937 27.25 -5.94156
      vertex -6.43467 30.75 -6.43467
      vertex -6.71937 30.75 -5.94156
    endloop
  endfacet
  facet normal 0.866023 0 0.500004
    outer loop
      vertex -6.43467 30.75 -6.43467
      vertex -6.71937 27.25 -5.94156
      vertex -6.43467 27.25 -6.43467
    endloop
  endfacet
  facet normal 0.866023 0 -0.500004
    outer loop
      vertex -6.43467 27.25 -4.87904
      vertex -6.71937 30.75 -5.37215
      vertex -6.43467 30.75 -4.87904
    endloop
  endfacet
  facet normal 0.866023 0 -0.500004
    outer loop
      vertex -6.71937 30.75 -5.37215
      vertex -6.43467 27.25 -4.87904
      vertex -6.71937 27.25 -5.37215
    endloop
  endfacet
  facet normal 0 0 -1
    outer loop
      vertex -5.94156 27.25 -4.59434
      vertex -5.37215 30.75 -4.59434
      vertex -5.37215 27.25 -4.59434
    endloop
  endfacet
  facet normal -0 0 -1
    outer loop
      vertex -5.37215 30.75 -4.59434
      vertex -5.94156 27.25 -4.59434
      vertex -5.94156 30.75 -4.59434
    endloop
  endfacet
  facet normal -0.866023 0 -0.500004
    outer loop
      vertex -4.59434 27.25 -5.37215
      vertex -4.87904 30.75 -4.87904
      vertex -4.59434 30.75 -5.37215
    endloop
  endfacet
  facet normal -0.866023 -0 -0.500004
    outer loop
      vertex -4.87904 30.75 -4.87904
      vertex -4.59434 27.25 -5.37215
      vertex -4.87904 27.25 -4.87904
    endloop
  endfacet
  facet normal 0.500004 0 -0.866023
    outer loop
      vertex -6.43467 27.25 -4.87904
      vertex -5.94156 30.75 -4.59434
      vertex -5.94156 27.25 -4.59434
    endloop
  endfacet
  facet normal 0.500004 0 -0.866023
    outer loop
      vertex -5.94156 30.75 -4.59434
      vertex -6.43467 27.25 -4.87904
      vertex -6.43467 30.75 -4.87904
    endloop
  endfacet
  facet normal -0.500004 0 0.866023
    outer loop
      vertex -5.37215 30.75 -6.71937
      vertex -4.87904 27.25 -6.43467
      vertex -4.87904 30.75 -6.43467
    endloop
  endfacet
  facet normal -0.500004 0 0.866023
    outer loop
      vertex -4.87904 27.25 -6.43467
      vertex -5.37215 30.75 -6.71937
      vertex -5.37215 27.25 -6.71937
    endloop
  endfacet
  facet normal 0.500004 0 0.866023
    outer loop
      vertex -6.43467 30.75 -6.43467
      vertex -5.94156 27.25 -6.71937
      vertex -5.94156 30.75 -6.71937
    endloop
  endfacet
  facet normal 0.500004 0 0.866023
    outer loop
      vertex -5.94156 27.25 -6.71937
      vertex -6.43467 30.75 -6.43467
      vertex -6.43467 27.25 -6.43467
    endloop
  endfacet
  facet normal -0.500004 0 -0.866023
    outer loop
      vertex -5.37215 27.25 -4.59434
      vertex -4.87904 30.75 -4.87904
      vertex -4.87904 27.25 -4.87904
    endloop
  endfacet
  facet normal -0.500004 0 -0.866023
    outer loop
      vertex -4.87904 30.75 -4.87904
      vertex -5.37215 27.25 -4.59434
      vertex -5.37215 30.75 -4.59434
    endloop
  endfacet
  facet normal -0.866023 0 0.500004
    outer loop
      vertex -4.87904 27.25 -6.43467
      vertex -4.59434 30.75 -5.94156
      vertex -4.87904 30.75 -6.43467
    endloop
  endfacet
  facet normal -0.866023 0 0.500004
    outer loop
      vertex -4.59434 30.75 -5.94156
      vertex -4.87904 27.25 -6.43467
      vertex -4.59434 27.25 -5.94156
    endloop
  endfacet
  facet normal -1 0 0
    outer loop
      vertex -4.59434 27.25 -5.94156
      vertex -4.59434 30.75 -5.37215
      vertex -4.59434 30.75 -5.94156
    endloop
  endfacet
  facet normal -1 -0 0
    outer loop
      vertex -4.59434 30.75 -5.37215
      vertex -4.59434 27.25 -5.94156
      vertex -4.59434 27.25 -5.37215
    endloop
  endfacet
  facet normal 1 -0 0
    outer loop
      vertex -6.71937 27.25 5.94156
      vertex -6.71937 30.75 5.37215
      vertex -6.71937 30.75 5.94156
    endloop
  endfacet
  facet normal 1 0 0
    outer loop
      vertex -6.71937 30.75 5.37215
      vertex -6.71937 27.25 5.94156
      vertex -6.71937 27.25 5.37215
    endloop
  endfacet
  facet normal -0.500004 0 -0.866023
    outer loop
      vertex -5.37215 27.25 6.71937
      vertex -4.87904 30.75 6.43467
      vertex -4.87904 27.25 6.43467
    endloop
  endfacet
  facet normal -0.500004 0 -0.866023
    outer loop
      vertex -4.87904 30.75 6.43467
      vertex -5.37215 27.25 6.71937
      vertex -5.37215 30.75 6.71937
    endloop
  endfacet
  facet normal -1 0 0
    outer loop
      vertex -4.59434 27.25 5.37215
      vertex -4.59434 30.75 5.94156
      vertex -4.59434 30.75 5.37215
    endloop
  endfacet
  facet normal -1 -0 0
    outer loop
      vertex -4.59434 30.75 5.94156
      vertex -4.59434 27.25 5.37215
      vertex -4.59434 27.25 5.94156
    endloop
  endfacet
  facet normal -0.500004 0 0.866023
    outer loop
      vertex -5.37215 30.75 4.59434
      vertex -4.87904 27.25 4.87904
      vertex -4.87904 30.75 4.87904
    endloop
  endfacet
  facet normal -0.500004 0 0.866023
    outer loop
      vertex -4.87904 27.25 4.87904
      vertex -5.37215 30.75 4.59434
      vertex -5.37215 27.25 4.59434
    endloop
  endfacet
  facet normal 0.866023 0 -0.500004
    outer loop
      vertex -6.43467 27.25 6.43467
      vertex -6.71937 30.75 5.94156
      vertex -6.43467 30.75 6.43467
    endloop
  endfacet
  facet normal 0.866023 0 -0.500004
    outer loop
      vertex -6.71937 30.75 5.94156
      vertex -6.43467 27.25 6.43467
      vertex -6.71937 27.25 5.94156
    endloop
  endfacet
  facet normal -0.866023 0 -0.500004
    outer loop
      vertex -4.59434 27.25 5.94156
      vertex -4.87904 30.75 6.43467
      vertex -4.59434 30.75 5.94156
    endloop
  endfacet
  facet normal -0.866023 -0 -0.500004
    outer loop
      vertex -4.87904 30.75 6.43467
      vertex -4.59434 27.25 5.94156
      vertex -4.87904 27.25 6.43467
    endloop
  endfacet
  facet normal 0.500004 0 -0.866023
    outer loop
      vertex -6.43467 27.25 6.43467
      vertex -5.94156 30.75 6.71937
      vertex -5.94156 27.25 6.71937
    endloop
  endfacet
  facet normal 0.500004 0 -0.866023
    outer loop
      vertex -5.94156 30.75 6.71937
      vertex -6.43467 27.25 6.43467
      vertex -6.43467 30.75 6.43467
    endloop
  endfacet
  facet normal 0.866023 -0 0.500004
    outer loop
      vertex -6.71937 27.25 5.37215
      vertex -6.43467 30.75 4.87904
      vertex -6.71937 30.75 5.37215
    endloop
  endfacet
  facet normal 0.866023 0 0.500004
    outer loop
      vertex -6.43467 30.75 4.87904
      vertex -6.71937 27.25 5.37215
      vertex -6.43467 27.25 4.87904
    endloop
  endfacet
  facet normal 0 0 -1
    outer loop
      vertex -5.94156 27.25 6.71937
      vertex -5.37215 30.75 6.71937
      vertex -5.37215 27.25 6.71937
    endloop
  endfacet
  facet normal -0 0 -1
    outer loop
      vertex -5.37215 30.75 6.71937
      vertex -5.94156 27.25 6.71937
      vertex -5.94156 30.75 6.71937
    endloop
  endfacet
  facet normal -0 0 1
    outer loop
      vertex -5.94156 30.75 4.59434
      vertex -5.37215 27.25 4.59434
      vertex -5.37215 30.75 4.59434
    endloop
  endfacet
  facet normal 0 0 1
    outer loop
      vertex -5.37215 27.25 4.59434
      vertex -5.94156 30.75 4.59434
      vertex -5.94156 27.25 4.59434
    endloop
  endfacet
  facet normal 0.500004 0 0.866023
    outer loop
      vertex -6.43467 30.75 4.87904
      vertex -5.94156 27.25 4.59434
      vertex -5.94156 30.75 4.59434
    endloop
  endfacet
  facet normal 0.500004 0 0.866023
    outer loop
      vertex -5.94156 27.25 4.59434
      vertex -6.43467 30.75 4.87904
      vertex -6.43467 27.25 4.87904
    endloop
  endfacet
  facet normal -0.866023 0 0.500004
    outer loop
      vertex -4.87904 27.25 4.87904
      vertex -4.59434 30.75 5.37215
      vertex -4.87904 30.75 4.87904
    endloop
  endfacet
  facet normal -0.866023 0 0.500004
    outer loop
      vertex -4.59434 30.75 5.37215
      vertex -4.87904 27.25 4.87904
      vertex -4.59434 27.25 5.37215
    endloop
  endfacet
  facet normal 0.866023 -0 0.500004
    outer loop
      vertex 4.59434 27.25 5.37215
      vertex 4.87904 30.75 4.87904
      vertex 4.59434 30.75 5.37215
    endloop
  endfacet
  facet normal 0.866023 0 0.500004
    outer loop
      vertex 4.87904 30.75 4.87904
      vertex 4.59434 27.25 5.37215
      vertex 4.87904 27.25 4.87904
    endloop
  endfacet
  facet normal -0.866023 0 0.500004
    outer loop
      vertex 6.43467 27.25 4.87904
      vertex 6.71937 30.75 5.37215
      vertex 6.43467 30.75 4.87904
    endloop
  endfacet
  facet normal -0.866023 0 0.500004
    outer loop
      vertex 6.71937 30.75 5.37215
      vertex 6.43467 27.25 4.87904
      vertex 6.71937 27.25 5.37215
    endloop
  endfacet
  facet normal 0.500004 0 -0.866023
    outer loop
      vertex 4.87904 27.25 6.43467
      vertex 5.37215 30.75 6.71937
      vertex 5.37215 27.25 6.71937
    endloop
  endfacet
  facet normal 0.500004 0 -0.866023
    outer loop
      vertex 5.37215 30.75 6.71937
      vertex 4.87904 27.25 6.43467
      vertex 4.87904 30.75 6.43467
    endloop
  endfacet
  facet normal -0.500004 0 -0.866023
    outer loop
      vertex 5.94156 27.25 6.71937
      vertex 6.43467 30.75 6.43467
      vertex 6.43467 27.25 6.43467
    endloop
  endfacet
  facet normal -0.500004 0 -0.866023
    outer loop
      vertex 6.43467 30.75 6.43467
      vertex 5.94156 27.25 6.71937
      vertex 5.94156 30.75 6.71937
    endloop
  endfacet
  facet normal -0 0 1
    outer loop
      vertex 5.37215 30.75 4.59434
      vertex 5.94156 27.25 4.59434
      vertex 5.94156 30.75 4.59434
    endloop
  endfacet
  facet normal 0 0 1
    outer loop
      vertex 5.94156 27.25 4.59434
      vertex 5.37215 30.75 4.59434
      vertex 5.37215 27.25 4.59434
    endloop
  endfacet
  facet normal -0.500004 0 0.866023
    outer loop
      vertex 5.94156 30.75 4.59434
      vertex 6.43467 27.25 4.87904
      vertex 6.43467 30.75 4.87904
    endloop
  endfacet
  facet normal -0.500004 0 0.866023
    outer loop
      vertex 6.43467 27.25 4.87904
      vertex 5.94156 30.75 4.59434
      vertex 5.94156 27.25 4.59434
    endloop
  endfacet
  facet normal -0.866023 0 -0.500004
    outer loop
      vertex 6.71937 27.25 5.94156
      vertex 6.43467 30.75 6.43467
      vertex 6.71937 30.75 5.94156
    endloop
  endfacet
  facet normal -0.866023 -0 -0.500004
    outer loop
      vertex 6.43467 30.75 6.43467
      vertex 6.71937 27.25 5.94156
      vertex 6.43467 27.25 6.43467
    endloop
  endfacet
  facet normal -1 0 0
    outer loop
      vertex 6.71937 27.25 5.37215
      vertex 6.71937 30.75 5.94156
      vertex 6.71937 30.75 5.37215
    endloop
  endfacet
  facet normal -1 -0 0
    outer loop
      vertex 6.71937 30.75 5.94156
      vertex 6.71937 27.25 5.37215
      vertex 6.71937 27.25 5.94156
    endloop
  endfacet
  facet normal 0.500004 0 0.866023
    outer loop
      vertex 4.87904 30.75 4.87904
      vertex 5.37215 27.25 4.59434
      vertex 5.37215 30.75 4.59434
    endloop
  endfacet
  facet normal 0.500004 0 0.866023
    outer loop
      vertex 5.37215 27.25 4.59434
      vertex 4.87904 30.75 4.87904
      vertex 4.87904 27.25 4.87904
    endloop
  endfacet
  facet normal 0 0 -1
    outer loop
      vertex 5.37215 27.25 6.71937
      vertex 5.94156 30.75 6.71937
      vertex 5.94156 27.25 6.71937
    endloop
  endfacet
  facet normal -0 0 -1
    outer loop
      vertex 5.94156 30.75 6.71937
      vertex 5.37215 27.25 6.71937
      vertex 5.37215 30.75 6.71937
    endloop
  endfacet
  facet normal 1 -0 0
    outer loop
      vertex 4.59434 27.25 5.94156
      vertex 4.59434 30.75 5.37215
      vertex 4.59434 30.75 5.94156
    endloop
  endfacet
  facet normal 1 0 0
    outer loop
      vertex 4.59434 30.75 5.37215
      vertex 4.59434 27.25 5.94156
      vertex 4.59434 27.25 5.37215
    endloop
  endfacet
  facet normal 0.866023 0 -0.500004
    outer loop
      vertex 4.87904 27.25 6.43467
      vertex 4.59434 30.75 5.94156
      vertex 4.87904 30.75 6.43467
    endloop
  endfacet
  facet normal 0.866023 0 -0.500004
    outer loop
      vertex 4.59434 30.75 5.94156
      vertex 4.87904 27.25 6.43467
      vertex 4.59434 27.25 5.94156
    endloop
  endfacet
  facet normal 1 -0 0
    outer loop
      vertex 57 -8 10
      vertex 57 8 4
      vertex 57 8 10
    endloop
  endfacet
  facet normal 1 0 0
    outer loop
      vertex 57 8 4
      vertex 57 -8 10
      vertex 57 -8 4
    endloop
  endfacet
  facet normal 1 -0 0
    outer loop
      vertex 57 -8 -4
      vertex 57 8 -10
      vertex 57 8 -4
    endloop
  endfacet
  facet normal 1 0 0
    outer loop
      vertex 57 8 -10
      vertex 57 -8 -4
      vertex 57 -8 -10
    endloop
  endfacet
  facet normal -1 0 0
    outer loop
      vertex 47 -8 4
      vertex 47 8 10
      vertex 47 8 4
    endloop
  endfacet
  facet normal -1 -0 0
    outer loop
      vertex 47 8 10
      vertex 47 -8 4
      vertex 47 -8 10
    endloop
  endfacet
  facet normal -1 0 0
    outer loop
      vertex 47 -8 -10
      vertex 47 8 -4
      vertex 47 8 -10
    endloop
  endfacet
  facet normal -1 -0 0
    outer loop
      vertex 47 8 -4
      vertex 47 -8 -10
      vertex 47 -8 -4
    endloop
  endfacet
  facet normal 1 -0 0
    outer loop
      vertex 73 -8 10
      vertex 73 8 4
      vertex 73 8 10
    endloop
  endfacet
  facet normal 1 0 0
    outer loop
      vertex 73 8 4
      vertex 73 -8 10
      vertex 73 -8 4
    endloop
  endfacet
  facet normal 1 -0 0
    outer loop
      vertex 73 -8 -4
      vertex 73 8 -10
      vertex 73 8 -4
    endloop
  endfacet
  facet normal 1 0 0
    outer loop
      vertex 73 8 -10
      vertex 73 -8 -4
      vertex 73 -8 -10
    endloop
  endfacet
  facet normal -1 0 0
    outer loop
      vertex 63 -8 4
      vertex 63 8 10
      vertex 63 8 4
    endloop
  endfacet
  facet normal -1 -0 0
    outer loop
      vertex 63 8 10
      vertex 63 -8 4
      vertex 63 -8 10
    endloop
  endfacet
  facet normal -1 0 0
    outer loop
      vertex 63 -8 -10
      vertex 63 8 -4
      vertex 63 8 -10
    endloop
  endfacet
  facet normal -1 -0 0
    outer loop
      vertex 63 8 -4
      vertex 63 -8 -10
      vertex 63 -8 -4
    endloop
  endfacet
  facet normal -1 0 0
    outer loop
      vertex 74 -10 -4
      vertex 74 -8 4
      vertex 74 -8 -4
    endloop
  endfacet
  facet normal -1 -0 0
    outer loop
      vertex 74 -8 4
      vertex 74 -10 -4
      vertex 74 -10 4
    endloop
  endfacet
  facet normal -1 0 0
    outer loop
      vertex 74 -8 -4
      vertex 74 8 -4
      vertex 74 8 -10
    endloop
  endfacet
  facet normal -1 0 0
    outer loop
      vertex 74 8 -4
      vertex 74 -8 -4
      vertex 74 8 4
    endloop
  endfacet
  facet normal -1 0 0
    outer loop
      vertex 74 -8 -4
      vertex 74 8 -10
      vertex 74 -8 -10
    endloop
  endfacet
  facet normal -1 0 0
    outer loop
      vertex 74 -8 4
      vertex 74 8 4
      vertex 74 -8 -4
    endloop
  endfacet
  facet normal -1 0 0
    outer loop
      vertex 74 8 4
      vertex 74 -8 4
      vertex 74 8 10
    endloop
  endfacet
  facet normal -1 -0 0
    outer loop
      vertex 74 8 10
      vertex 74 -8 4
      vertex 74 -8 10
    endloop
  endfacet
  facet normal -1 0 0
    outer loop
      vertex 74 8 -4
      vertex 74 10 4
      vertex 74 10 -4
    endloop
  endfacet
  facet normal -1 -0 0
    outer loop
      vertex 74 10 4
      vertex 74 8 -4
      vertex 74 8 4
    endloop
  endfacet
  facet normal 0 0 -1
    outer loop
      vertex 46 -8 10
      vertex 47 8 10
      vertex 47 -8 10
    endloop
  endfacet
  facet normal -0 0 -1
    outer loop
      vertex 47 8 10
      vertex 46 -8 10
      vertex 46 8 10
    endloop
  endfacet
  facet normal 0 0 -1
    outer loop
      vertex 73 -8 10
      vertex 74 8 10
      vertex 74 -8 10
    endloop
  endfacet
  facet normal -0 0 -1
    outer loop
      vertex 74 8 10
      vertex 73 -8 10
      vertex 73 8 10
    endloop
  endfacet
  facet normal 0 0 -1
    outer loop
      vertex 57 -8 10
      vertex 63 8 10
      vertex 63 -8 10
    endloop
  endfacet
  facet normal -0 0 -1
    outer loop
      vertex 63 8 10
      vertex 57 -8 10
      vertex 57 8 10
    endloop
  endfacet
  facet normal -0 0 1
    outer loop
      vertex 73 8 -10
      vertex 74 -8 -10
      vertex 74 8 -10
    endloop
  endfacet
  facet normal 0 0 1
    outer loop
      vertex 74 -8 -10
      vertex 73 8 -10
      vertex 73 -8 -10
    endloop
  endfacet
  facet normal -0 0 1
    outer loop
      vertex 46 8 -10
      vertex 47 -8 -10
      vertex 47 8 -10
    endloop
  endfacet
  facet normal 0 0 1
    outer loop
      vertex 47 -8 -10
      vertex 46 8 -10
      vertex 46 -8 -10
    endloop
  endfacet
  facet normal -0 0 1
    outer loop
      vertex 57 8 -10
      vertex 63 -8 -10
      vertex 63 8 -10
    endloop
  endfacet
  facet normal 0 0 1
    outer loop
      vertex 63 -8 -10
      vertex 57 8 -10
      vertex 57 -8 -10
    endloop
  endfacet
  facet normal 1 -0 0
    outer loop
      vertex 46 -10 4
      vertex 46 -8 -4
      vertex 46 -8 4
    endloop
  endfacet
  facet normal 1 0 0
    outer loop
      vertex 46 -8 -4
      vertex 46 -10 4
      vertex 46 -10 -4
    endloop
  endfacet
  facet normal 1 0 0
    outer loop
      vertex 46 -8 4
      vertex 46 8 4
      vertex 46 8 10
    endloop
  endfacet
  facet normal 1 0 0
    outer loop
      vertex 46 8 4
      vertex 46 -8 4
      vertex 46 8 -4
    endloop
  endfacet
  facet normal 1 0 0
    outer loop
      vertex 46 -8 4
      vertex 46 8 10
      vertex 46 -8 10
    endloop
  endfacet
  facet normal 1 0 0
    outer loop
      vertex 46 -8 -4
      vertex 46 8 -4
      vertex 46 -8 4
    endloop
  endfacet
  facet normal 1 0 0
    outer loop
      vertex 46 8 -4
      vertex 46 -8 -4
      vertex 46 8 -10
    endloop
  endfacet
  facet normal 1 0 0
    outer loop
      vertex 46 8 -10
      vertex 46 -8 -4
      vertex 46 -8 -10
    endloop
  endfacet
  facet normal 1 -0 0
    outer loop
      vertex 46 8 4
      vertex 46 10 -4
      vertex 46 10 4
    endloop
  endfacet
  facet normal 1 0 0
    outer loop
      vertex 46 10 -4
      vertex 46 8 4
      vertex 46 8 -4
    endloop
  endfacet
  facet normal 0 -1 0
    outer loop
      vertex 46 8 4
      vertex 47 8 10
      vertex 46 8 10
    endloop
  endfacet
  facet normal 0 -1 -0
    outer loop
      vertex 47 8 10
      vertex 46 8 4
      vertex 47 8 4
    endloop
  endfacet
  facet normal 0 -1 0
    outer loop
      vertex 73 8 4
      vertex 74 8 10
      vertex 73 8 10
    endloop
  endfacet
  facet normal 0 -1 -0
    outer loop
      vertex 74 8 10
      vertex 73 8 4
      vertex 74 8 4
    endloop
  endfacet
  facet normal 0 -1 0
    outer loop
      vertex 73 8 -10
      vertex 74 8 -4
      vertex 73 8 -4
    endloop
  endfacet
  facet normal 0 -1 -0
    outer loop
      vertex 74 8 -4
      vertex 73 8 -10
      vertex 74 8 -10
    endloop
  endfacet
  facet normal 0 -1 0
    outer loop
      vertex 46 8 -10
      vertex 47 8 -4
      vertex 46 8 -4
    endloop
  endfacet
  facet normal 0 -1 -0
    outer loop
      vertex 47 8 -4
      vertex 46 8 -10
      vertex 47 8 -10
    endloop
  endfacet
  facet normal 0 -1 0
    outer loop
      vertex 57 8 4
      vertex 63 8 10
      vertex 57 8 10
    endloop
  endfacet
  facet normal 0 -1 -0
    outer loop
      vertex 63 8 10
      vertex 57 8 4
      vertex 63 8 4
    endloop
  endfacet
  facet normal 0 -1 0
    outer loop
      vertex 57 8 -10
      vertex 63 8 -4
      vertex 57 8 -4
    endloop
  endfacet
  facet normal 0 -1 -0
    outer loop
      vertex 63 8 -4
      vertex 57 8 -10
      vertex 63 8 -10
    endloop
  endfacet
  facet normal 0 1 -0
    outer loop
      vertex 47 -8 4
      vertex 46 -8 10
      vertex 47 -8 10
    endloop
  endfacet
  facet normal 0 1 0
    outer loop
      vertex 46 -8 10
      vertex 47 -8 4
      vertex 46 -8 4
    endloop
  endfacet
  facet normal 0 1 -0
    outer loop
      vertex 74 -8 4
      vertex 73 -8 10
      vertex 74 -8 10
    endloop
  endfacet
  facet normal 0 1 0
    outer loop
      vertex 73 -8 10
      vertex 74 -8 4
      vertex 73 -8 4
    endloop
  endfacet
  facet normal 0 1 -0
    outer loop
      vertex 74 -8 -10
      vertex 73 -8 -4
      vertex 74 -8 -4
    endloop
  endfacet
  facet normal 0 1 0
    outer loop
      vertex 73 -8 -4
      vertex 74 -8 -10
      vertex 73 -8 -10
    endloop
  endfacet
  facet normal 0 1 -0
    outer loop
      vertex 47 -8 -10
      vertex 46 -8 -4
      vertex 47 -8 -4
    endloop
  endfacet
  facet normal 0 1 0
    outer loop
      vertex 46 -8 -4
      vertex 47 -8 -10
      vertex 46 -8 -10
    endloop
  endfacet
  facet normal 0 1 -0
    outer loop
      vertex 63 -8 4
      vertex 57 -8 10
      vertex 63 -8 10
    endloop
  endfacet
  facet normal 0 1 0
    outer loop
      vertex 57 -8 10
      vertex 63 -8 4
      vertex 57 -8 4
    endloop
  endfacet
  facet normal 0 1 -0
    outer loop
      vertex 63 -8 -10
      vertex 57 -8 -4
      vertex 63 -8 -4
    endloop
  endfacet
  facet normal 0 1 0
    outer loop
      vertex 57 -8 -4
      vertex 63 -8 -10
      vertex 57 -8 -10
    endloop
  endfacet
  facet normal 0.156441 0.987687 -0
    outer loop
      vertex 52 -2.1 5
      vertex 51.3511 -1.99722 12
      vertex 52 -2.1 12
    endloop
  endfacet
  facet normal 0.156441 0.987687 0
    outer loop
      vertex 51.3511 -1.99722 12
      vertex 52 -2.1 5
      vertex 51.3511 -1.99722 5
    endloop
  endfacet
  facet normal -0.890997 -0.45401 0
    outer loop
      vertex 53.9972 0.648935 5
      vertex 53.6989 1.23435 12
      vertex 53.6989 1.23435 5
    endloop
  endfacet
  facet normal -0.890997 -0.45401 0
    outer loop
      vertex 53.6989 1.23435 12
      vertex 53.9972 0.648935 5
      vertex 53.9972 0.648935 12
    endloop
  endfacet
  facet normal -0.987684 -0.156462 0
    outer loop
      vertex 54.1 0 5
      vertex 53.9972 0.648935 12
      vertex 53.9972 0.648935 5
    endloop
  endfacet
  facet normal -0.987684 -0.156462 0
    outer loop
      vertex 53.9972 0.648935 12
      vertex 54.1 0 5
      vertex 54.1 0 12
    endloop
  endfacet
  facet normal -0.707099 -0.707114 0
    outer loop
      vertex 53.2343 1.69894 5
      vertex 53.6989 1.23435 12
      vertex 53.2343 1.69894 12
    endloop
  endfacet
  facet normal -0.707099 -0.707114 -0
    outer loop
      vertex 53.6989 1.23435 12
      vertex 53.2343 1.69894 5
      vertex 53.6989 1.23435 5
    endloop
  endfacet
  facet normal -0.707099 0.707114 0
    outer loop
      vertex 53.6989 -1.23435 5
      vertex 53.2343 -1.69894 12
      vertex 53.6989 -1.23435 12
    endloop
  endfacet
  facet normal -0.707099 0.707114 0
    outer loop
      vertex 53.2343 -1.69894 12
      vertex 53.6989 -1.23435 5
      vertex 53.2343 -1.69894 5
    endloop
  endfacet
  facet normal 0.156441 -0.987687 0
    outer loop
      vertex 51.3511 1.99722 5
      vertex 52 2.1 12
      vertex 51.3511 1.99722 12
    endloop
  endfacet
  facet normal 0.156441 -0.987687 0
    outer loop
      vertex 52 2.1 12
      vertex 51.3511 1.99722 5
      vertex 52 2.1 5
    endloop
  endfacet
  facet normal 0.453995 0.891004 -0
    outer loop
      vertex 51.3511 -1.99722 5
      vertex 50.7657 -1.69894 12
      vertex 51.3511 -1.99722 12
    endloop
  endfacet
  facet normal 0.453995 0.891004 0
    outer loop
      vertex 50.7657 -1.69894 12
      vertex 51.3511 -1.99722 5
      vertex 50.7657 -1.69894 5
    endloop
  endfacet
  facet normal 0.707099 -0.707114 0
    outer loop
      vertex 50.3011 1.23435 5
      vertex 50.7657 1.69894 12
      vertex 50.3011 1.23435 12
    endloop
  endfacet
  facet normal 0.707099 -0.707114 0
    outer loop
      vertex 50.7657 1.69894 12
      vertex 50.3011 1.23435 5
      vertex 50.7657 1.69894 5
    endloop
  endfacet
  facet normal -0.156441 0.987687 0
    outer loop
      vertex 52.6489 -1.99722 5
      vertex 52 -2.1 12
      vertex 52.6489 -1.99722 12
    endloop
  endfacet
  facet normal -0.156441 0.987687 0
    outer loop
      vertex 52 -2.1 12
      vertex 52.6489 -1.99722 5
      vertex 52 -2.1 5
    endloop
  endfacet
  facet normal -0.156441 -0.987687 0
    outer loop
      vertex 52 2.1 5
      vertex 52.6489 1.99722 12
      vertex 52 2.1 12
    endloop
  endfacet
  facet normal -0.156441 -0.987687 -0
    outer loop
      vertex 52.6489 1.99722 12
      vertex 52 2.1 5
      vertex 52.6489 1.99722 5
    endloop
  endfacet
  facet normal 0.707099 0.707114 -0
    outer loop
      vertex 50.7657 -1.69894 5
      vertex 50.3011 -1.23435 12
      vertex 50.7657 -1.69894 12
    endloop
  endfacet
  facet normal 0.707099 0.707114 0
    outer loop
      vertex 50.3011 -1.23435 12
      vertex 50.7657 -1.69894 5
      vertex 50.3011 -1.23435 5
    endloop
  endfacet
  facet normal 0.453995 -0.891004 0
    outer loop
      vertex 50.7657 1.69894 5
      vertex 51.3511 1.99722 12
      vertex 50.7657 1.69894 12
    endloop
  endfacet
  facet normal 0.453995 -0.891004 0
    outer loop
      vertex 51.3511 1.99722 12
      vertex 50.7657 1.69894 5
      vertex 51.3511 1.99722 5
    endloop
  endfacet
  facet normal -0.453995 0.891004 0
    outer loop
      vertex 53.2343 -1.69894 5
      vertex 52.6489 -1.99722 12
      vertex 53.2343 -1.69894 12
    endloop
  endfacet
  facet normal -0.453995 0.891004 0
    outer loop
      vertex 52.6489 -1.99722 12
      vertex 53.2343 -1.69894 5
      vertex 52.6489 -1.99722 5
    endloop
  endfacet
  facet normal 0.987684 -0.156462 0
    outer loop
      vertex 49.9 0 12
      vertex 50.0028 0.648935 5
      vertex 50.0028 0.648935 12
    endloop
  endfacet
  facet normal 0.987684 -0.156462 0
    outer loop
      vertex 50.0028 0.648935 5
      vertex 49.9 0 12
      vertex 49.9 0 5
    endloop
  endfacet
  facet normal 0.890997 0.45401 0
    outer loop
      vertex 50.3011 -1.23435 12
      vertex 50.0028 -0.648935 5
      vertex 50.0028 -0.648935 12
    endloop
  endfacet
  facet normal 0.890997 0.45401 0
    outer loop
      vertex 50.0028 -0.648935 5
      vertex 50.3011 -1.23435 12
      vertex 50.3011 -1.23435 5
    endloop
  endfacet
  facet normal -0.453995 -0.891004 0
    outer loop
      vertex 52.6489 1.99722 5
      vertex 53.2343 1.69894 12
      vertex 52.6489 1.99722 12
    endloop
  endfacet
  facet normal -0.453995 -0.891004 -0
    outer loop
      vertex 53.2343 1.69894 12
      vertex 52.6489 1.99722 5
      vertex 53.2343 1.69894 5
    endloop
  endfacet
  facet normal 0.890997 -0.45401 0
    outer loop
      vertex 50.0028 0.648935 12
      vertex 50.3011 1.23435 5
      vertex 50.3011 1.23435 12
    endloop
  endfacet
  facet normal 0.890997 -0.45401 0
    outer loop
      vertex 50.3011 1.23435 5
      vertex 50.0028 0.648935 12
      vertex 50.0028 0.648935 5
    endloop
  endfacet
  facet normal 0.987684 0.156462 0
    outer loop
      vertex 50.0028 -0.648935 12
      vertex 49.9 0 5
      vertex 49.9 0 12
    endloop
  endfacet
  facet normal 0.987684 0.156462 0
    outer loop
      vertex 49.9 0 5
      vertex 50.0028 -0.648935 12
      vertex 50.0028 -0.648935 5
    endloop
  endfacet
  facet normal -0.890997 0.45401 0
    outer loop
      vertex 53.6989 -1.23435 5
      vertex 53.9972 -0.648935 12
      vertex 53.9972 -0.648935 5
    endloop
  endfacet
  facet normal -0.890997 0.45401 0
    outer loop
      vertex 53.9972 -0.648935 12
      vertex 53.6989 -1.23435 5
      vertex 53.6989 -1.23435 12
    endloop
  endfacet
  facet normal -0.987684 0.156462 0
    outer loop
      vertex 53.9972 -0.648935 5
      vertex 54.1 0 12
      vertex 54.1 0 5
    endloop
  endfacet
  facet normal -0.987684 0.156462 0
    outer loop
      vertex 54.1 0 12
      vertex 53.9972 -0.648935 5
      vertex 53.9972 -0.648935 12
    endloop
  endfacet
  facet normal 0 0 1
    outer loop
      vertex 53.9972 0.648935 5
      vertex 53.9972 -0.648935 5
      vertex 54.1 0 5
    endloop
  endfacet
  facet normal 0 0 1
    outer loop
      vertex 53.6989 1.23435 5
      vertex 53.9972 -0.648935 5
      vertex 53.9972 0.648935 5
    endloop
  endfacet
  facet normal 0 0 1
    outer loop
      vertex 53.6989 1.23435 5
      vertex 53.6989 -1.23435 5
      vertex 53.9972 -0.648935 5
    endloop
  endfacet
  facet normal 0 0 1
    outer loop
      vertex 53.2343 1.69894 5
      vertex 53.6989 -1.23435 5
      vertex 53.6989 1.23435 5
    endloop
  endfacet
  facet normal 0 0 1
    outer loop
      vertex 53.2343 1.69894 5
      vertex 53.2343 -1.69894 5
      vertex 53.6989 -1.23435 5
    endloop
  endfacet
  facet normal 0 0 1
    outer loop
      vertex 52.6489 1.99722 5
      vertex 53.2343 -1.69894 5
      vertex 53.2343 1.69894 5
    endloop
  endfacet
  facet normal 0 0 1
    outer loop
      vertex 52.6489 1.99722 5
      vertex 52.6489 -1.99722 5
      vertex 53.2343 -1.69894 5
    endloop
  endfacet
  facet normal 0 0 1
    outer loop
      vertex 52 2.1 5
      vertex 52.6489 -1.99722 5
      vertex 52.6489 1.99722 5
    endloop
  endfacet
  facet normal 0 0 1
    outer loop
      vertex 52 2.1 5
      vertex 52 -2.1 5
      vertex 52.6489 -1.99722 5
    endloop
  endfacet
  facet normal -0 0 1
    outer loop
      vertex 51.3511 1.99722 5
      vertex 52 -2.1 5
      vertex 52 2.1 5
    endloop
  endfacet
  facet normal 0 0 1
    outer loop
      vertex 51.3511 1.99722 5
      vertex 51.3511 -1.99722 5
      vertex 52 -2.1 5
    endloop
  endfacet
  facet normal -0 0 1
    outer loop
      vertex 50.7657 1.69894 5
      vertex 51.3511 -1.99722 5
      vertex 51.3511 1.99722 5
    endloop
  endfacet
  facet normal 0 0 1
    outer loop
      vertex 50.7657 1.69894 5
      vertex 50.7657 -1.69894 5
      vertex 51.3511 -1.99722 5
    endloop
  endfacet
  facet normal -0 0 1
    outer loop
      vertex 50.3011 1.23435 5
      vertex 50.7657 -1.69894 5
      vertex 50.7657 1.69894 5
    endloop
  endfacet
  facet normal 0 0 1
    outer loop
      vertex 50.3011 1.23435 5
      vertex 50.3011 -1.23435 5
      vertex 50.7657 -1.69894 5
    endloop
  endfacet
  facet normal -0 0 1
    outer loop
      vertex 50.0028 0.648935 5
      vertex 50.3011 -1.23435 5
      vertex 50.3011 1.23435 5
    endloop
  endfacet
  facet normal 0 0 1
    outer loop
      vertex 50.0028 0.648935 5
      vertex 50.0028 -0.648935 5
      vertex 50.3011 -1.23435 5
    endloop
  endfacet
  facet normal 0 -0 1
    outer loop
      vertex 50.0028 -0.648935 5
      vertex 50.0028 0.648935 5
      vertex 49.9 0 5
    endloop
  endfacet
  facet normal 0.156441 0.987687 -0
    outer loop
      vertex 68 -2.1 5
      vertex 67.3511 -1.99722 12
      vertex 68 -2.1 12
    endloop
  endfacet
  facet normal 0.156441 0.987687 0
    outer loop
      vertex 67.3511 -1.99722 12
      vertex 68 -2.1 5
      vertex 67.3511 -1.99722 5
    endloop
  endfacet
  facet normal -0.890997 -0.45401 0
    outer loop
      vertex 69.9972 0.648935 5
      vertex 69.6989 1.23435 12
      vertex 69.6989 1.23435 5
    endloop
  endfacet
  facet normal -0.890997 -0.45401 0
    outer loop
      vertex 69.6989 1.23435 12
      vertex 69.9972 0.648935 5
      vertex 69.9972 0.648935 12
    endloop
  endfacet
  facet normal -0.987684 -0.156462 0
    outer loop
      vertex 70.1 0 5
      vertex 69.9972 0.648935 12
      vertex 69.9972 0.648935 5
    endloop
  endfacet
  facet normal -0.987684 -0.156462 0
    outer loop
      vertex 69.9972 0.648935 12
      vertex 70.1 0 5
      vertex 70.1 0 12
    endloop
  endfacet
  facet normal -0.707099 -0.707114 0
    outer loop
      vertex 69.2343 1.69894 5
      vertex 69.6989 1.23435 12
      vertex 69.2343 1.69894 12
    endloop
  endfacet
  facet normal -0.707099 -0.707114 -0
    outer loop
      vertex 69.6989 1.23435 12
      vertex 69.2343 1.69894 5
      vertex 69.6989 1.23435 5
    endloop
  endfacet
  facet normal -0.707099 0.707114 0
    outer loop
      vertex 69.6989 -1.23435 5
      vertex 69.2343 -1.69894 12
      vertex 69.6989 -1.23435 12
    endloop
  endfacet
  facet normal -0.707099 0.707114 0
    outer loop
      vertex 69.2343 -1.69894 12
      vertex 69.6989 -1.23435 5
      vertex 69.2343 -1.69894 5
    endloop
  endfacet
  facet normal 0.156441 -0.987687 0
    outer loop
      vertex 67.3511 1.99722 5
      vertex 68 2.1 12
      vertex 67.3511 1.99722 12
    endloop
  endfacet
  facet normal 0.156441 -0.987687 0
    outer loop
      vertex 68 2.1 12
      vertex 67.3511 1.99722 5
      vertex 68 2.1 5
    endloop
  endfacet
  facet normal 0.453934 0.891036 -0
    outer loop
      vertex 67.3511 -1.99722 5
      vertex 66.7656 -1.69894 12
      vertex 67.3511 -1.99722 12
    endloop
  endfacet
  facet normal 0.453934 0.891036 0
    outer loop
      vertex 66.7656 -1.69894 12
      vertex 67.3511 -1.99722 5
      vertex 66.7656 -1.69894 5
    endloop
  endfacet
  facet normal 0.707175 -0.707038 0
    outer loop
      vertex 66.3011 1.23435 12
      vertex 66.7656 1.69894 5
      vertex 66.7656 1.69894 12
    endloop
  endfacet
  facet normal 0.707175 -0.707038 0
    outer loop
      vertex 66.7656 1.69894 5
      vertex 66.3011 1.23435 12
      vertex 66.3011 1.23435 5
    endloop
  endfacet
  facet normal -0.156441 0.987687 0
    outer loop
      vertex 68.6489 -1.99722 5
      vertex 68 -2.1 12
      vertex 68.6489 -1.99722 12
    endloop
  endfacet
  facet normal -0.156441 0.987687 0
    outer loop
      vertex 68 -2.1 12
      vertex 68.6489 -1.99722 5
      vertex 68 -2.1 5
    endloop
  endfacet
  facet normal -0.156441 -0.987687 0
    outer loop
      vertex 68 2.1 5
      vertex 68.6489 1.99722 12
      vertex 68 2.1 12
    endloop
  endfacet
  facet normal -0.156441 -0.987687 -0
    outer loop
      vertex 68.6489 1.99722 12
      vertex 68 2.1 5
      vertex 68.6489 1.99722 5
    endloop
  endfacet
  facet normal 0.707175 0.707038 0
    outer loop
      vertex 66.7656 -1.69894 12
      vertex 66.3011 -1.23435 5
      vertex 66.3011 -1.23435 12
    endloop
  endfacet
  facet normal 0.707175 0.707038 0
    outer loop
      vertex 66.3011 -1.23435 5
      vertex 66.7656 -1.69894 12
      vertex 66.7656 -1.69894 5
    endloop
  endfacet
  facet normal 0.453934 -0.891036 0
    outer loop
      vertex 66.7656 1.69894 5
      vertex 67.3511 1.99722 12
      vertex 66.7656 1.69894 12
    endloop
  endfacet
  facet normal 0.453934 -0.891036 0
    outer loop
      vertex 67.3511 1.99722 12
      vertex 66.7656 1.69894 5
      vertex 67.3511 1.99722 5
    endloop
  endfacet
  facet normal -0.453995 0.891004 0
    outer loop
      vertex 69.2343 -1.69894 5
      vertex 68.6489 -1.99722 12
      vertex 69.2343 -1.69894 12
    endloop
  endfacet
  facet normal -0.453995 0.891004 0
    outer loop
      vertex 68.6489 -1.99722 12
      vertex 69.2343 -1.69894 5
      vertex 68.6489 -1.99722 5
    endloop
  endfacet
  facet normal 0.987684 -0.156462 0
    outer loop
      vertex 65.9 0 12
      vertex 66.0028 0.648935 5
      vertex 66.0028 0.648935 12
    endloop
  endfacet
  facet normal 0.987684 -0.156462 0
    outer loop
      vertex 66.0028 0.648935 5
      vertex 65.9 0 12
      vertex 65.9 0 5
    endloop
  endfacet
  facet normal 0.890997 0.45401 0
    outer loop
      vertex 66.3011 -1.23435 12
      vertex 66.0028 -0.648935 5
      vertex 66.0028 -0.648935 12
    endloop
  endfacet
  facet normal 0.890997 0.45401 0
    outer loop
      vertex 66.0028 -0.648935 5
      vertex 66.3011 -1.23435 12
      vertex 66.3011 -1.23435 5
    endloop
  endfacet
  facet normal -0.453995 -0.891004 0
    outer loop
      vertex 68.6489 1.99722 5
      vertex 69.2343 1.69894 12
      vertex 68.6489 1.99722 12
    endloop
  endfacet
  facet normal -0.453995 -0.891004 -0
    outer loop
      vertex 69.2343 1.69894 12
      vertex 68.6489 1.99722 5
      vertex 69.2343 1.69894 5
    endloop
  endfacet
  facet normal 0.890997 -0.45401 0
    outer loop
      vertex 66.0028 0.648935 12
      vertex 66.3011 1.23435 5
      vertex 66.3011 1.23435 12
    endloop
  endfacet
  facet normal 0.890997 -0.45401 0
    outer loop
      vertex 66.3011 1.23435 5
      vertex 66.0028 0.648935 12
      vertex 66.0028 0.648935 5
    endloop
  endfacet
  facet normal 0.987684 0.156462 0
    outer loop
      vertex 66.0028 -0.648935 12
      vertex 65.9 0 5
      vertex 65.9 0 12
    endloop
  endfacet
  facet normal 0.987684 0.156462 0
    outer loop
      vertex 65.9 0 5
      vertex 66.0028 -0.648935 12
      vertex 66.0028 -0.648935 5
    endloop
  endfacet
  facet normal -0.890997 0.45401 0
    outer loop
      vertex 69.6989 -1.23435 5
      vertex 69.9972 -0.648935 12
      vertex 69.9972 -0.648935 5
    endloop
  endfacet
  facet normal -0.890997 0.45401 0
    outer loop
      vertex 69.9972 -0.648935 12
      vertex 69.6989 -1.23435 5
      vertex 69.6989 -1.23435 12
    endloop
  endfacet
  facet normal -0.987684 0.156462 0
    outer loop
      vertex 69.9972 -0.648935 5
      vertex 70.1 0 12
      vertex 70.1 0 5
    endloop
  endfacet
  facet normal -0.987684 0.156462 0
    outer loop
      vertex 70.1 0 12
      vertex 69.9972 -0.648935 5
      vertex 69.9972 -0.648935 12
    endloop
  endfacet
  facet normal 0 0 1
    outer loop
      vertex 69.9972 0.648935 5
      vertex 69.9972 -0.648935 5
      vertex 70.1 0 5
    endloop
  endfacet
  facet normal 0 0 1
    outer loop
      vertex 69.6989 1.23435 5
      vertex 69.9972 -0.648935 5
      vertex 69.9972 0.648935 5
    endloop
  endfacet
  facet normal 0 0 1
    outer loop
      vertex 69.6989 1.23435 5
      vertex 69.6989 -1.23435 5
      vertex 69.9972 -0.648935 5
    endloop
  endfacet
  facet normal 0 0 1
    outer loop
      vertex 69.2343 1.69894 5
      vertex 69.6989 -1.23435 5
      vertex 69.6989 1.23435 5
    endloop
  endfacet
  facet normal 0 0 1
    outer loop
      vertex 69.2343 1.69894 5
      vertex 69.2343 -1.69894 5
      vertex 69.6989 -1.23435 5
    endloop
  endfacet
  facet normal 0 0 1
    outer loop
      vertex 68.6489 1.99722 5
      vertex 69.2343 -1.69894 5
      vertex 69.2343 1.69894 5
    endloop
  endfacet
  facet normal 0 0 1
    outer loop
      vertex 68.6489 1.99722 5
      vertex 68.6489 -1.99722 5
      vertex 69.2343 -1.69894 5
    endloop
  endfacet
  facet normal 0 0 1
    outer loop
      vertex 68 2.1 5
      vertex 68.6489 -1.99722 5
      vertex 68.6489 1.99722 5
    endloop
  endfacet
  facet normal 0 0 1
    outer loop
      vertex 68 2.1 5
      vertex 68 -2.1 5
      vertex 68.6489 -1.99722 5
    endloop
  endfacet
  facet normal -0 0 1
    outer loop
      vertex 67.3511 1.99722 5
      vertex 68 -2.1 5
      vertex 68 2.1 5
    endloop
  endfacet
  facet normal 0 0 1
    outer loop
      vertex 67.3511 1.99722 5
      vertex 67.3511 -1.99722 5
      vertex 68 -2.1 5
    endloop
  endfacet
  facet normal -0 0 1
    outer loop
      vertex 66.7656 1.69894 5
      vertex 67.3511 -1.99722 5
      vertex 67.3511 1.99722 5
    endloop
  endfacet
  facet normal 0 0 1
    outer loop
      vertex 66.7656 1.69894 5
      vertex 66.7656 -1.69894 5
      vertex 67.3511 -1.99722 5
    endloop
  endfacet
  facet normal -0 0 1
    outer loop
      vertex 66.3011 1.23435 5
      vertex 66.7656 -1.69894 5
      vertex 66.7656 1.69894 5
    endloop
  endfacet
  facet normal 0 0 1
    outer loop
      vertex 66.3011 1.23435 5
      vertex 66.3011 -1.23435 5
      vertex 66.7656 -1.69894 5
    endloop
  endfacet
  facet normal -0 0 1
    outer loop
      vertex 66.0028 0.648935 5
      vertex 66.3011 -1.23435 5
      vertex 66.3011 1.23435 5
    endloop
  endfacet
  facet normal 0 0 1
    outer loop
      vertex 66.0028 0.648935 5
      vertex 66.0028 -0.648935 5
      vertex 66.3011 -1.23435 5
    endloop
  endfacet
  facet normal 0 -0 1
    outer loop
      vertex 66.0028 -0.648935 5
      vertex 66.0028 0.648935 5
      vertex 65.9 0 5
    endloop
  endfacet
  facet normal -0.32144 0 0.94693
    outer loop
      vertex 0.55646 -27.5 -2.07674
      vertex 0.822769 -31 -1.98634
      vertex 0.822769 -27.5 -1.98634
    endloop
  endfacet
  facet normal -0.32144 0 0.94693
    outer loop
      vertex 0.822769 -31 -1.98634
      vertex 0.55646 -27.5 -2.07674
      vertex 0.55646 -31 -2.07674
    endloop
  endfacet
  facet normal -0.32144 0 0.94693
    outer loop
      vertex 0.55646 30.75 -2.07674
      vertex 0.822769 27.25 -1.98634
      vertex 0.822769 30.75 -1.98634
    endloop
  endfacet
  facet normal -0.32144 0 0.94693
    outer loop
      vertex 0.822769 27.25 -1.98634
      vertex 0.55646 30.75 -2.07674
      vertex 0.55646 27.25 -2.07674
    endloop
  endfacet
  facet normal -0.980782 0 -0.195105
    outer loop
      vertex 2.13161 -31 0.280631
      vertex 2.07674 -27.5 0.55646
      vertex 2.13161 -27.5 0.280631
    endloop
  endfacet
  facet normal -0.980782 -0 -0.195105
    outer loop
      vertex 2.07674 -27.5 0.55646
      vertex 2.13161 -31 0.280631
      vertex 2.07674 -31 0.55646
    endloop
  endfacet
  facet normal -0.980782 0 -0.195105
    outer loop
      vertex 2.13161 27.25 0.280631
      vertex 2.07674 30.75 0.55646
      vertex 2.13161 30.75 0.280631
    endloop
  endfacet
  facet normal -0.980782 -0 -0.195105
    outer loop
      vertex 2.07674 30.75 0.55646
      vertex 2.13161 27.25 0.280631
      vertex 2.07674 27.25 0.55646
    endloop
  endfacet
  facet normal -0.99786 0 -0.0653906
    outer loop
      vertex 2.15 -31 0
      vertex 2.13161 -27.5 0.280631
      vertex 2.15 -27.5 0
    endloop
  endfacet
  facet normal -0.99786 -0 -0.0653906
    outer loop
      vertex 2.13161 -27.5 0.280631
      vertex 2.15 -31 0
      vertex 2.13161 -31 0.280631
    endloop
  endfacet
  facet normal -0.99786 0 -0.0653906
    outer loop
      vertex 2.15 27.25 0
      vertex 2.13161 30.75 0.280631
      vertex 2.15 30.75 0
    endloop
  endfacet
  facet normal -0.99786 -0 -0.0653906
    outer loop
      vertex 2.13161 30.75 0.280631
      vertex 2.15 27.25 0
      vertex 2.13161 27.25 0.280631
    endloop
  endfacet
  facet normal -0.94693 0 -0.32144
    outer loop
      vertex 2.07674 -31 0.55646
      vertex 1.98634 -27.5 0.822769
      vertex 2.07674 -27.5 0.55646
    endloop
  endfacet
  facet normal -0.94693 -0 -0.32144
    outer loop
      vertex 1.98634 -27.5 0.822769
      vertex 2.07674 -31 0.55646
      vertex 1.98634 -31 0.822769
    endloop
  endfacet
  facet normal -0.94693 0 -0.32144
    outer loop
      vertex 2.07674 27.25 0.55646
      vertex 1.98634 30.75 0.822769
      vertex 2.07674 30.75 0.55646
    endloop
  endfacet
  facet normal -0.94693 -0 -0.32144
    outer loop
      vertex 1.98634 30.75 0.822769
      vertex 2.07674 27.25 0.55646
      vertex 1.98634 27.25 0.822769
    endloop
  endfacet
  facet normal 0.0653906 0 0.99786
    outer loop
      vertex -0.280631 30.75 -2.13161
      vertex 0 27.25 -2.15
      vertex 0 30.75 -2.15
    endloop
  endfacet
  facet normal 0.0653906 0 0.99786
    outer loop
      vertex 0 27.25 -2.15
      vertex -0.280631 30.75 -2.13161
      vertex -0.280631 27.25 -2.13161
    endloop
  endfacet
  facet normal 0.0653906 0 0.99786
    outer loop
      vertex -0.280631 -27.5 -2.13161
      vertex 0 -31 -2.15
      vertex 0 -27.5 -2.15
    endloop
  endfacet
  facet normal 0.0653906 0 0.99786
    outer loop
      vertex 0 -31 -2.15
      vertex -0.280631 -27.5 -2.13161
      vertex -0.280631 -31 -2.13161
    endloop
  endfacet
  facet normal -0.32144 0 -0.94693
    outer loop
      vertex 0.55646 27.25 2.07674
      vertex 0.822769 30.75 1.98634
      vertex 0.822769 27.25 1.98634
    endloop
  endfacet
  facet normal -0.32144 0 -0.94693
    outer loop
      vertex 0.822769 30.75 1.98634
      vertex 0.55646 27.25 2.07674
      vertex 0.55646 30.75 2.07674
    endloop
  endfacet
  facet normal -0.32144 0 -0.94693
    outer loop
      vertex 0.55646 -31 2.07674
      vertex 0.822769 -27.5 1.98634
      vertex 0.822769 -31 1.98634
    endloop
  endfacet
  facet normal -0.32144 0 -0.94693
    outer loop
      vertex 0.822769 -27.5 1.98634
      vertex 0.55646 -31 2.07674
      vertex 0.55646 -27.5 2.07674
    endloop
  endfacet
  facet normal -0.831481 0 0.555553
    outer loop
      vertex 1.70571 -31 -1.30884
      vertex 1.86195 -27.5 -1.075
      vertex 1.70571 -27.5 -1.30884
    endloop
  endfacet
  facet normal -0.831481 0 0.555553
    outer loop
      vertex 1.86195 -27.5 -1.075
      vertex 1.70571 -31 -1.30884
      vertex 1.86195 -31 -1.075
    endloop
  endfacet
  facet normal -0.831481 0 0.555553
    outer loop
      vertex 1.70571 27.25 -1.30884
      vertex 1.86195 30.75 -1.075
      vertex 1.70571 30.75 -1.30884
    endloop
  endfacet
  facet normal -0.831481 0 0.555553
    outer loop
      vertex 1.86195 30.75 -1.075
      vertex 1.70571 27.25 -1.30884
      vertex 1.86195 27.25 -1.075
    endloop
  endfacet
  facet normal -0.980782 0 0.195105
    outer loop
      vertex 2.07674 -31 -0.55646
      vertex 2.13161 -27.5 -0.280631
      vertex 2.07674 -27.5 -0.55646
    endloop
  endfacet
  facet normal -0.980782 0 0.195105
    outer loop
      vertex 2.13161 -27.5 -0.280631
      vertex 2.07674 -31 -0.55646
      vertex 2.13161 -31 -0.280631
    endloop
  endfacet
  facet normal -0.980782 0 0.195105
    outer loop
      vertex 2.07674 27.25 -0.55646
      vertex 2.13161 30.75 -0.280631
      vertex 2.07674 30.75 -0.55646
    endloop
  endfacet
  facet normal -0.980782 0 0.195105
    outer loop
      vertex 2.13161 30.75 -0.280631
      vertex 2.07674 27.25 -0.55646
      vertex 2.13161 27.25 -0.280631
    endloop
  endfacet
  facet normal -0.442299 0 -0.896868
    outer loop
      vertex 0.822769 -31 1.98634
      vertex 1.075 -27.5 1.86195
      vertex 1.075 -31 1.86195
    endloop
  endfacet
  facet normal -0.442299 0 -0.896868
    outer loop
      vertex 1.075 -27.5 1.86195
      vertex 0.822769 -31 1.98634
      vertex 0.822769 -27.5 1.98634
    endloop
  endfacet
  facet normal -0.442299 0 -0.896868
    outer loop
      vertex 0.822769 27.25 1.98634
      vertex 1.075 30.75 1.86195
      vertex 1.075 27.25 1.86195
    endloop
  endfacet
  facet normal -0.442299 0 -0.896868
    outer loop
      vertex 1.075 30.75 1.86195
      vertex 0.822769 27.25 1.98634
      vertex 0.822769 30.75 1.98634
    endloop
  endfacet
  facet normal -0.94693 0 0.32144
    outer loop
      vertex 1.98634 -31 -0.822769
      vertex 2.07674 -27.5 -0.55646
      vertex 1.98634 -27.5 -0.822769
    endloop
  endfacet
  facet normal -0.94693 0 0.32144
    outer loop
      vertex 2.07674 -27.5 -0.55646
      vertex 1.98634 -31 -0.822769
      vertex 2.07674 -31 -0.55646
    endloop
  endfacet
  facet normal -0.94693 0 0.32144
    outer loop
      vertex 1.98634 27.25 -0.822769
      vertex 2.07674 30.75 -0.55646
      vertex 1.98634 30.75 -0.822769
    endloop
  endfacet
  facet normal -0.94693 0 0.32144
    outer loop
      vertex 2.07674 30.75 -0.55646
      vertex 1.98634 27.25 -0.822769
      vertex 2.07674 27.25 -0.55646
    endloop
  endfacet
  facet normal 0.896868 0 -0.442299
    outer loop
      vertex -1.86195 -31 1.075
      vertex -1.98634 -27.5 0.822769
      vertex -1.86195 -27.5 1.075
    endloop
  endfacet
  facet normal 0.896868 0 -0.442299
    outer loop
      vertex -1.98634 -27.5 0.822769
      vertex -1.86195 -31 1.075
      vertex -1.98634 -31 0.822769
    endloop
  endfacet
  facet normal 0.896868 0 -0.442299
    outer loop
      vertex -1.86195 27.25 1.075
      vertex -1.98634 30.75 0.822769
      vertex -1.86195 30.75 1.075
    endloop
  endfacet
  facet normal 0.896868 0 -0.442299
    outer loop
      vertex -1.98634 30.75 0.822769
      vertex -1.86195 27.25 1.075
      vertex -1.98634 27.25 0.822769
    endloop
  endfacet
  facet normal 0.195105 0 -0.980782
    outer loop
      vertex -0.55646 27.25 2.07674
      vertex -0.280631 30.75 2.13161
      vertex -0.280631 27.25 2.13161
    endloop
  endfacet
  facet normal 0.195105 0 -0.980782
    outer loop
      vertex -0.280631 30.75 2.13161
      vertex -0.55646 27.25 2.07674
      vertex -0.55646 30.75 2.07674
    endloop
  endfacet
  facet normal 0.195105 0 -0.980782
    outer loop
      vertex -0.55646 -31 2.07674
      vertex -0.280631 -27.5 2.13161
      vertex -0.280631 -31 2.13161
    endloop
  endfacet
  facet normal 0.195105 0 -0.980782
    outer loop
      vertex -0.280631 -27.5 2.13161
      vertex -0.55646 -31 2.07674
      vertex -0.55646 -27.5 2.07674
    endloop
  endfacet
  facet normal 0.751836 -0 0.65935
    outer loop
      vertex -1.70571 -31 -1.30884
      vertex -1.52028 -27.5 -1.52028
      vertex -1.70571 -27.5 -1.30884
    endloop
  endfacet
  facet normal 0.751836 0 0.65935
    outer loop
      vertex -1.52028 -27.5 -1.52028
      vertex -1.70571 -31 -1.30884
      vertex -1.52028 -31 -1.52028
    endloop
  endfacet
  facet normal 0.751836 -0 0.65935
    outer loop
      vertex -1.70571 27.25 -1.30884
      vertex -1.52028 30.75 -1.52028
      vertex -1.70571 30.75 -1.30884
    endloop
  endfacet
  facet normal 0.751836 0 0.65935
    outer loop
      vertex -1.52028 30.75 -1.52028
      vertex -1.70571 27.25 -1.30884
      vertex -1.52028 27.25 -1.52028
    endloop
  endfacet
  facet normal 0.896868 -0 0.442299
    outer loop
      vertex -1.98634 -31 -0.822769
      vertex -1.86195 -27.5 -1.075
      vertex -1.98634 -27.5 -0.822769
    endloop
  endfacet
  facet normal 0.896868 0 0.442299
    outer loop
      vertex -1.86195 -27.5 -1.075
      vertex -1.98634 -31 -0.822769
      vertex -1.86195 -31 -1.075
    endloop
  endfacet
  facet normal 0.896868 -0 0.442299
    outer loop
      vertex -1.98634 27.25 -0.822769
      vertex -1.86195 30.75 -1.075
      vertex -1.98634 30.75 -0.822769
    endloop
  endfacet
  facet normal 0.896868 0 0.442299
    outer loop
      vertex -1.86195 30.75 -1.075
      vertex -1.98634 27.25 -0.822769
      vertex -1.86195 27.25 -1.075
    endloop
  endfacet
  facet normal 0.99786 -0 0.0653906
    outer loop
      vertex -2.15 -31 0
      vertex -2.13161 -27.5 -0.280631
      vertex -2.15 -27.5 0
    endloop
  endfacet
  facet normal 0.99786 0 0.0653906
    outer loop
      vertex -2.13161 -27.5 -0.280631
      vertex -2.15 -31 0
      vertex -2.13161 -31 -0.280631
    endloop
  endfacet
  facet normal 0.99786 -0 0.0653906
    outer loop
      vertex -2.15 27.25 0
      vertex -2.13161 30.75 -0.280631
      vertex -2.15 30.75 0
    endloop
  endfacet
  facet normal 0.99786 0 0.0653906
    outer loop
      vertex -2.13161 30.75 -0.280631
      vertex -2.15 27.25 0
      vertex -2.13161 27.25 -0.280631
    endloop
  endfacet
  facet normal -0.896868 0 -0.442299
    outer loop
      vertex 1.98634 -31 0.822769
      vertex 1.86195 -27.5 1.075
      vertex 1.98634 -27.5 0.822769
    endloop
  endfacet
  facet normal -0.896868 -0 -0.442299
    outer loop
      vertex 1.86195 -27.5 1.075
      vertex 1.98634 -31 0.822769
      vertex 1.86195 -31 1.075
    endloop
  endfacet
  facet normal -0.896868 0 -0.442299
    outer loop
      vertex 1.98634 27.25 0.822769
      vertex 1.86195 30.75 1.075
      vertex 1.98634 30.75 0.822769
    endloop
  endfacet
  facet normal -0.896868 -0 -0.442299
    outer loop
      vertex 1.86195 30.75 1.075
      vertex 1.98634 27.25 0.822769
      vertex 1.86195 27.25 1.075
    endloop
  endfacet
  facet normal 0.555553 0 0.831481
    outer loop
      vertex -1.30884 -27.5 -1.70571
      vertex -1.075 -31 -1.86195
      vertex -1.075 -27.5 -1.86195
    endloop
  endfacet
  facet normal 0.555553 0 0.831481
    outer loop
      vertex -1.075 -31 -1.86195
      vertex -1.30884 -27.5 -1.70571
      vertex -1.30884 -31 -1.70571
    endloop
  endfacet
  facet normal 0.555553 0 0.831481
    outer loop
      vertex -1.30884 30.75 -1.70571
      vertex -1.075 27.25 -1.86195
      vertex -1.075 30.75 -1.86195
    endloop
  endfacet
  facet normal 0.555553 0 0.831481
    outer loop
      vertex -1.075 27.25 -1.86195
      vertex -1.30884 30.75 -1.70571
      vertex -1.30884 27.25 -1.70571
    endloop
  endfacet
  facet normal 0.555553 0 -0.831481
    outer loop
      vertex -1.30884 -31 1.70571
      vertex -1.075 -27.5 1.86195
      vertex -1.075 -31 1.86195
    endloop
  endfacet
  facet normal 0.555553 0 -0.831481
    outer loop
      vertex -1.075 -27.5 1.86195
      vertex -1.30884 -31 1.70571
      vertex -1.30884 -27.5 1.70571
    endloop
  endfacet
  facet normal 0.555553 0 -0.831481
    outer loop
      vertex -1.30884 27.25 1.70571
      vertex -1.075 30.75 1.86195
      vertex -1.075 27.25 1.86195
    endloop
  endfacet
  facet normal 0.555553 0 -0.831481
    outer loop
      vertex -1.075 30.75 1.86195
      vertex -1.30884 27.25 1.70571
      vertex -1.30884 30.75 1.70571
    endloop
  endfacet
  facet normal 0.980782 -0 0.195105
    outer loop
      vertex -2.13161 -31 -0.280631
      vertex -2.07674 -27.5 -0.55646
      vertex -2.13161 -27.5 -0.280631
    endloop
  endfacet
  facet normal 0.980782 0 0.195105
    outer loop
      vertex -2.07674 -27.5 -0.55646
      vertex -2.13161 -31 -0.280631
      vertex -2.07674 -31 -0.55646
    endloop
  endfacet
  facet normal 0.980782 -0 0.195105
    outer loop
      vertex -2.13161 27.25 -0.280631
      vertex -2.07674 30.75 -0.55646
      vertex -2.13161 30.75 -0.280631
    endloop
  endfacet
  facet normal 0.980782 0 0.195105
    outer loop
      vertex -2.07674 30.75 -0.55646
      vertex -2.13161 27.25 -0.280631
      vertex -2.07674 27.25 -0.55646
    endloop
  endfacet
  facet normal 0.94693 -0 0.32144
    outer loop
      vertex -2.07674 -31 -0.55646
      vertex -1.98634 -27.5 -0.822769
      vertex -2.07674 -27.5 -0.55646
    endloop
  endfacet
  facet normal 0.94693 0 0.32144
    outer loop
      vertex -1.98634 -27.5 -0.822769
      vertex -2.07674 -31 -0.55646
      vertex -1.98634 -31 -0.822769
    endloop
  endfacet
  facet normal 0.94693 -0 0.32144
    outer loop
      vertex -2.07674 27.25 -0.55646
      vertex -1.98634 30.75 -0.822769
      vertex -2.07674 30.75 -0.55646
    endloop
  endfacet
  facet normal 0.94693 0 0.32144
    outer loop
      vertex -1.98634 30.75 -0.822769
      vertex -2.07674 27.25 -0.55646
      vertex -1.98634 27.25 -0.822769
    endloop
  endfacet
  facet normal -0.555553 0 0.831481
    outer loop
      vertex 1.075 -27.5 -1.86195
      vertex 1.30884 -31 -1.70571
      vertex 1.30884 -27.5 -1.70571
    endloop
  endfacet
  facet normal -0.555553 0 0.831481
    outer loop
      vertex 1.30884 -31 -1.70571
      vertex 1.075 -27.5 -1.86195
      vertex 1.075 -31 -1.86195
    endloop
  endfacet
  facet normal -0.555553 0 0.831481
    outer loop
      vertex 1.075 30.75 -1.86195
      vertex 1.30884 27.25 -1.70571
      vertex 1.30884 30.75 -1.70571
    endloop
  endfacet
  facet normal -0.555553 0 0.831481
    outer loop
      vertex 1.30884 27.25 -1.70571
      vertex 1.075 30.75 -1.86195
      vertex 1.075 27.25 -1.86195
    endloop
  endfacet
  facet normal -0.0653906 0 -0.99786
    outer loop
      vertex 0 27.25 2.15
      vertex 0.280631 30.75 2.13161
      vertex 0.280631 27.25 2.13161
    endloop
  endfacet
  facet normal -0.0653906 0 -0.99786
    outer loop
      vertex 0.280631 30.75 2.13161
      vertex 0 27.25 2.15
      vertex 0 30.75 2.15
    endloop
  endfacet
  facet normal -0.0653906 0 -0.99786
    outer loop
      vertex 0 -31 2.15
      vertex 0.280631 -27.5 2.13161
      vertex 0.280631 -31 2.13161
    endloop
  endfacet
  facet normal -0.0653906 0 -0.99786
    outer loop
      vertex 0.280631 -27.5 2.13161
      vertex 0 -31 2.15
      vertex 0 -27.5 2.15
    endloop
  endfacet
  facet normal 0.980782 0 -0.195105
    outer loop
      vertex -2.07674 -31 0.55646
      vertex -2.13161 -27.5 0.280631
      vertex -2.07674 -27.5 0.55646
    endloop
  endfacet
  facet normal 0.980782 0 -0.195105
    outer loop
      vertex -2.13161 -27.5 0.280631
      vertex -2.07674 -31 0.55646
      vertex -2.13161 -31 0.280631
    endloop
  endfacet
  facet normal 0.980782 0 -0.195105
    outer loop
      vertex -2.07674 27.25 0.55646
      vertex -2.13161 30.75 0.280631
      vertex -2.07674 30.75 0.55646
    endloop
  endfacet
  facet normal 0.980782 0 -0.195105
    outer loop
      vertex -2.13161 30.75 0.280631
      vertex -2.07674 27.25 0.55646
      vertex -2.13161 27.25 0.280631
    endloop
  endfacet
  facet normal -0.99786 0 0.0653906
    outer loop
      vertex 2.13161 -31 -0.280631
      vertex 2.15 -27.5 0
      vertex 2.13161 -27.5 -0.280631
    endloop
  endfacet
  facet normal -0.99786 0 0.0653906
    outer loop
      vertex 2.15 -27.5 0
      vertex 2.13161 -31 -0.280631
      vertex 2.15 -31 0
    endloop
  endfacet
  facet normal -0.99786 0 0.0653906
    outer loop
      vertex 2.13161 27.25 -0.280631
      vertex 2.15 30.75 0
      vertex 2.13161 30.75 -0.280631
    endloop
  endfacet
  facet normal -0.99786 0 0.0653906
    outer loop
      vertex 2.15 30.75 0
      vertex 2.13161 27.25 -0.280631
      vertex 2.15 27.25 0
    endloop
  endfacet
  facet normal -0.751836 0 -0.65935
    outer loop
      vertex 1.70571 -31 1.30884
      vertex 1.52028 -27.5 1.52028
      vertex 1.70571 -27.5 1.30884
    endloop
  endfacet
  facet normal -0.751836 -0 -0.65935
    outer loop
      vertex 1.52028 -27.5 1.52028
      vertex 1.70571 -31 1.30884
      vertex 1.52028 -31 1.52028
    endloop
  endfacet
  facet normal -0.751836 0 -0.65935
    outer loop
      vertex 1.70571 27.25 1.30884
      vertex 1.52028 30.75 1.52028
      vertex 1.70571 30.75 1.30884
    endloop
  endfacet
  facet normal -0.751836 -0 -0.65935
    outer loop
      vertex 1.52028 30.75 1.52028
      vertex 1.70571 27.25 1.30884
      vertex 1.52028 27.25 1.52028
    endloop
  endfacet
  facet normal -0.831481 0 -0.555553
    outer loop
      vertex 1.86195 -31 1.075
      vertex 1.70571 -27.5 1.30884
      vertex 1.86195 -27.5 1.075
    endloop
  endfacet
  facet normal -0.831481 -0 -0.555553
    outer loop
      vertex 1.70571 -27.5 1.30884
      vertex 1.86195 -31 1.075
      vertex 1.70571 -31 1.30884
    endloop
  endfacet
  facet normal -0.831481 0 -0.555553
    outer loop
      vertex 1.86195 27.25 1.075
      vertex 1.70571 30.75 1.30884
      vertex 1.86195 30.75 1.075
    endloop
  endfacet
  facet normal -0.831481 -0 -0.555553
    outer loop
      vertex 1.70571 30.75 1.30884
      vertex 1.86195 27.25 1.075
      vertex 1.70571 27.25 1.30884
    endloop
  endfacet
  facet normal -0.751836 0 0.65935
    outer loop
      vertex 1.52028 -31 -1.52028
      vertex 1.70571 -27.5 -1.30884
      vertex 1.52028 -27.5 -1.52028
    endloop
  endfacet
  facet normal -0.751836 0 0.65935
    outer loop
      vertex 1.70571 -27.5 -1.30884
      vertex 1.52028 -31 -1.52028
      vertex 1.70571 -31 -1.30884
    endloop
  endfacet
  facet normal -0.751836 0 0.65935
    outer loop
      vertex 1.52028 27.25 -1.52028
      vertex 1.70571 30.75 -1.30884
      vertex 1.52028 30.75 -1.52028
    endloop
  endfacet
  facet normal -0.751836 0 0.65935
    outer loop
      vertex 1.70571 30.75 -1.30884
      vertex 1.52028 27.25 -1.52028
      vertex 1.70571 27.25 -1.30884
    endloop
  endfacet
  facet normal 0.32144 0 -0.94693
    outer loop
      vertex -0.822769 27.25 1.98634
      vertex -0.55646 30.75 2.07674
      vertex -0.55646 27.25 2.07674
    endloop
  endfacet
  facet normal 0.32144 0 -0.94693
    outer loop
      vertex -0.55646 30.75 2.07674
      vertex -0.822769 27.25 1.98634
      vertex -0.822769 30.75 1.98634
    endloop
  endfacet
  facet normal 0.32144 0 -0.94693
    outer loop
      vertex -0.822769 -31 1.98634
      vertex -0.55646 -27.5 2.07674
      vertex -0.55646 -31 2.07674
    endloop
  endfacet
  facet normal 0.32144 0 -0.94693
    outer loop
      vertex -0.55646 -27.5 2.07674
      vertex -0.822769 -31 1.98634
      vertex -0.822769 -27.5 1.98634
    endloop
  endfacet
  facet normal -0.555553 0 -0.831481
    outer loop
      vertex 1.075 -31 1.86195
      vertex 1.30884 -27.5 1.70571
      vertex 1.30884 -31 1.70571
    endloop
  endfacet
  facet normal -0.555553 0 -0.831481
    outer loop
      vertex 1.30884 -27.5 1.70571
      vertex 1.075 -31 1.86195
      vertex 1.075 -27.5 1.86195
    endloop
  endfacet
  facet normal -0.555553 0 -0.831481
    outer loop
      vertex 1.075 27.25 1.86195
      vertex 1.30884 30.75 1.70571
      vertex 1.30884 27.25 1.70571
    endloop
  endfacet
  facet normal -0.555553 0 -0.831481
    outer loop
      vertex 1.30884 30.75 1.70571
      vertex 1.075 27.25 1.86195
      vertex 1.075 30.75 1.86195
    endloop
  endfacet
  facet normal 0.442299 0 -0.896868
    outer loop
      vertex -1.075 -31 1.86195
      vertex -0.822769 -27.5 1.98634
      vertex -0.822769 -31 1.98634
    endloop
  endfacet
  facet normal 0.442299 0 -0.896868
    outer loop
      vertex -0.822769 -27.5 1.98634
      vertex -1.075 -31 1.86195
      vertex -1.075 -27.5 1.86195
    endloop
  endfacet
  facet normal 0.442299 0 -0.896868
    outer loop
      vertex -1.075 27.25 1.86195
      vertex -0.822769 30.75 1.98634
      vertex -0.822769 27.25 1.98634
    endloop
  endfacet
  facet normal 0.442299 0 -0.896868
    outer loop
      vertex -0.822769 30.75 1.98634
      vertex -1.075 27.25 1.86195
      vertex -1.075 30.75 1.86195
    endloop
  endfacet
  facet normal -0.195105 0 0.980782
    outer loop
      vertex 0.280631 -27.5 -2.13161
      vertex 0.55646 -31 -2.07674
      vertex 0.55646 -27.5 -2.07674
    endloop
  endfacet
  facet normal -0.195105 0 0.980782
    outer loop
      vertex 0.55646 -31 -2.07674
      vertex 0.280631 -27.5 -2.13161
      vertex 0.280631 -31 -2.13161
    endloop
  endfacet
  facet normal -0.195105 0 0.980782
    outer loop
      vertex 0.280631 30.75 -2.13161
      vertex 0.55646 27.25 -2.07674
      vertex 0.55646 30.75 -2.07674
    endloop
  endfacet
  facet normal -0.195105 0 0.980782
    outer loop
      vertex 0.55646 27.25 -2.07674
      vertex 0.280631 30.75 -2.13161
      vertex 0.280631 27.25 -2.13161
    endloop
  endfacet
  facet normal 0.831481 -0 0.555553
    outer loop
      vertex -1.86195 -31 -1.075
      vertex -1.70571 -27.5 -1.30884
      vertex -1.86195 -27.5 -1.075
    endloop
  endfacet
  facet normal 0.831481 0 0.555553
    outer loop
      vertex -1.70571 -27.5 -1.30884
      vertex -1.86195 -31 -1.075
      vertex -1.70571 -31 -1.30884
    endloop
  endfacet
  facet normal 0.831481 -0 0.555553
    outer loop
      vertex -1.86195 27.25 -1.075
      vertex -1.70571 30.75 -1.30884
      vertex -1.86195 30.75 -1.075
    endloop
  endfacet
  facet normal 0.831481 0 0.555553
    outer loop
      vertex -1.70571 30.75 -1.30884
      vertex -1.86195 27.25 -1.075
      vertex -1.70571 27.25 -1.30884
    endloop
  endfacet
  facet normal -0.195105 0 -0.980782
    outer loop
      vertex 0.280631 27.25 2.13161
      vertex 0.55646 30.75 2.07674
      vertex 0.55646 27.25 2.07674
    endloop
  endfacet
  facet normal -0.195105 0 -0.980782
    outer loop
      vertex 0.55646 30.75 2.07674
      vertex 0.280631 27.25 2.13161
      vertex 0.280631 30.75 2.13161
    endloop
  endfacet
  facet normal -0.195105 0 -0.980782
    outer loop
      vertex 0.280631 -31 2.13161
      vertex 0.55646 -27.5 2.07674
      vertex 0.55646 -31 2.07674
    endloop
  endfacet
  facet normal -0.195105 0 -0.980782
    outer loop
      vertex 0.55646 -27.5 2.07674
      vertex 0.280631 -31 2.13161
      vertex 0.280631 -27.5 2.13161
    endloop
  endfacet
  facet normal 0.65935 0 0.751836
    outer loop
      vertex -1.52028 -27.5 -1.52028
      vertex -1.30884 -31 -1.70571
      vertex -1.30884 -27.5 -1.70571
    endloop
  endfacet
  facet normal 0.65935 0 0.751836
    outer loop
      vertex -1.30884 -31 -1.70571
      vertex -1.52028 -27.5 -1.52028
      vertex -1.52028 -31 -1.52028
    endloop
  endfacet
  facet normal 0.65935 0 0.751836
    outer loop
      vertex -1.52028 30.75 -1.52028
      vertex -1.30884 27.25 -1.70571
      vertex -1.30884 30.75 -1.70571
    endloop
  endfacet
  facet normal 0.65935 0 0.751836
    outer loop
      vertex -1.30884 27.25 -1.70571
      vertex -1.52028 30.75 -1.52028
      vertex -1.52028 27.25 -1.52028
    endloop
  endfacet
  facet normal 0.65935 0 -0.751836
    outer loop
      vertex -1.52028 -31 1.52028
      vertex -1.30884 -27.5 1.70571
      vertex -1.30884 -31 1.70571
    endloop
  endfacet
  facet normal 0.65935 0 -0.751836
    outer loop
      vertex -1.30884 -27.5 1.70571
      vertex -1.52028 -31 1.52028
      vertex -1.52028 -27.5 1.52028
    endloop
  endfacet
  facet normal 0.65935 0 -0.751836
    outer loop
      vertex -1.52028 27.25 1.52028
      vertex -1.30884 30.75 1.70571
      vertex -1.30884 27.25 1.70571
    endloop
  endfacet
  facet normal 0.65935 0 -0.751836
    outer loop
      vertex -1.30884 30.75 1.70571
      vertex -1.52028 27.25 1.52028
      vertex -1.52028 30.75 1.52028
    endloop
  endfacet
  facet normal 0.195105 0 0.980782
    outer loop
      vertex -0.55646 -27.5 -2.07674
      vertex -0.280631 -31 -2.13161
      vertex -0.280631 -27.5 -2.13161
    endloop
  endfacet
  facet normal 0.195105 0 0.980782
    outer loop
      vertex -0.280631 -31 -2.13161
      vertex -0.55646 -27.5 -2.07674
      vertex -0.55646 -31 -2.07674
    endloop
  endfacet
  facet normal 0.195105 0 0.980782
    outer loop
      vertex -0.55646 30.75 -2.07674
      vertex -0.280631 27.25 -2.13161
      vertex -0.280631 30.75 -2.13161
    endloop
  endfacet
  facet normal 0.195105 0 0.980782
    outer loop
      vertex -0.280631 27.25 -2.13161
      vertex -0.55646 30.75 -2.07674
      vertex -0.55646 27.25 -2.07674
    endloop
  endfacet
  facet normal -0.442299 0 0.896868
    outer loop
      vertex 0.822769 -27.5 -1.98634
      vertex 1.075 -31 -1.86195
      vertex 1.075 -27.5 -1.86195
    endloop
  endfacet
  facet normal -0.442299 0 0.896868
    outer loop
      vertex 1.075 -31 -1.86195
      vertex 0.822769 -27.5 -1.98634
      vertex 0.822769 -31 -1.98634
    endloop
  endfacet
  facet normal -0.442299 0 0.896868
    outer loop
      vertex 0.822769 30.75 -1.98634
      vertex 1.075 27.25 -1.86195
      vertex 1.075 30.75 -1.86195
    endloop
  endfacet
  facet normal -0.442299 0 0.896868
    outer loop
      vertex 1.075 27.25 -1.86195
      vertex 0.822769 30.75 -1.98634
      vertex 0.822769 27.25 -1.98634
    endloop
  endfacet
  facet normal -0.65935 0 -0.751836
    outer loop
      vertex 1.30884 -31 1.70571
      vertex 1.52028 -27.5 1.52028
      vertex 1.52028 -31 1.52028
    endloop
  endfacet
  facet normal -0.65935 0 -0.751836
    outer loop
      vertex 1.52028 -27.5 1.52028
      vertex 1.30884 -31 1.70571
      vertex 1.30884 -27.5 1.70571
    endloop
  endfacet
  facet normal -0.65935 0 -0.751836
    outer loop
      vertex 1.30884 27.25 1.70571
      vertex 1.52028 30.75 1.52028
      vertex 1.52028 27.25 1.52028
    endloop
  endfacet
  facet normal -0.65935 0 -0.751836
    outer loop
      vertex 1.52028 30.75 1.52028
      vertex 1.30884 27.25 1.70571
      vertex 1.30884 30.75 1.70571
    endloop
  endfacet
  facet normal 0.0653906 0 -0.99786
    outer loop
      vertex -0.280631 27.25 2.13161
      vertex 0 30.75 2.15
      vertex 0 27.25 2.15
    endloop
  endfacet
  facet normal 0.0653906 0 -0.99786
    outer loop
      vertex 0 30.75 2.15
      vertex -0.280631 27.25 2.13161
      vertex -0.280631 30.75 2.13161
    endloop
  endfacet
  facet normal 0.0653906 0 -0.99786
    outer loop
      vertex -0.280631 -31 2.13161
      vertex 0 -27.5 2.15
      vertex 0 -31 2.15
    endloop
  endfacet
  facet normal 0.0653906 0 -0.99786
    outer loop
      vertex 0 -27.5 2.15
      vertex -0.280631 -31 2.13161
      vertex -0.280631 -27.5 2.13161
    endloop
  endfacet
  facet normal -0.896868 0 0.442299
    outer loop
      vertex 1.86195 -31 -1.075
      vertex 1.98634 -27.5 -0.822769
      vertex 1.86195 -27.5 -1.075
    endloop
  endfacet
  facet normal -0.896868 0 0.442299
    outer loop
      vertex 1.98634 -27.5 -0.822769
      vertex 1.86195 -31 -1.075
      vertex 1.98634 -31 -0.822769
    endloop
  endfacet
  facet normal -0.896868 0 0.442299
    outer loop
      vertex 1.86195 27.25 -1.075
      vertex 1.98634 30.75 -0.822769
      vertex 1.86195 30.75 -1.075
    endloop
  endfacet
  facet normal -0.896868 0 0.442299
    outer loop
      vertex 1.98634 30.75 -0.822769
      vertex 1.86195 27.25 -1.075
      vertex 1.98634 27.25 -0.822769
    endloop
  endfacet
  facet normal 0.751836 0 -0.65935
    outer loop
      vertex -1.52028 -31 1.52028
      vertex -1.70571 -27.5 1.30884
      vertex -1.52028 -27.5 1.52028
    endloop
  endfacet
  facet normal 0.751836 0 -0.65935
    outer loop
      vertex -1.70571 -27.5 1.30884
      vertex -1.52028 -31 1.52028
      vertex -1.70571 -31 1.30884
    endloop
  endfacet
  facet normal 0.751836 0 -0.65935
    outer loop
      vertex -1.52028 27.25 1.52028
      vertex -1.70571 30.75 1.30884
      vertex -1.52028 30.75 1.52028
    endloop
  endfacet
  facet normal 0.751836 0 -0.65935
    outer loop
      vertex -1.70571 30.75 1.30884
      vertex -1.52028 27.25 1.52028
      vertex -1.70571 27.25 1.30884
    endloop
  endfacet
  facet normal -0.0653906 0 0.99786
    outer loop
      vertex 0 30.75 -2.15
      vertex 0.280631 27.25 -2.13161
      vertex 0.280631 30.75 -2.13161
    endloop
  endfacet
  facet normal -0.0653906 0 0.99786
    outer loop
      vertex 0.280631 27.25 -2.13161
      vertex 0 30.75 -2.15
      vertex 0 27.25 -2.15
    endloop
  endfacet
  facet normal -0.0653906 0 0.99786
    outer loop
      vertex 0 -27.5 -2.15
      vertex 0.280631 -31 -2.13161
      vertex 0.280631 -27.5 -2.13161
    endloop
  endfacet
  facet normal -0.0653906 0 0.99786
    outer loop
      vertex 0.280631 -31 -2.13161
      vertex 0 -27.5 -2.15
      vertex 0 -31 -2.15
    endloop
  endfacet
  facet normal 0.32144 0 0.94693
    outer loop
      vertex -0.822769 -27.5 -1.98634
      vertex -0.55646 -31 -2.07674
      vertex -0.55646 -27.5 -2.07674
    endloop
  endfacet
  facet normal 0.32144 0 0.94693
    outer loop
      vertex -0.55646 -31 -2.07674
      vertex -0.822769 -27.5 -1.98634
      vertex -0.822769 -31 -1.98634
    endloop
  endfacet
  facet normal 0.32144 0 0.94693
    outer loop
      vertex -0.822769 30.75 -1.98634
      vertex -0.55646 27.25 -2.07674
      vertex -0.55646 30.75 -2.07674
    endloop
  endfacet
  facet normal 0.32144 0 0.94693
    outer loop
      vertex -0.55646 27.25 -2.07674
      vertex -0.822769 30.75 -1.98634
      vertex -0.822769 27.25 -1.98634
    endloop
  endfacet
  facet normal 0.99786 0 -0.0653906
    outer loop
      vertex -2.13161 -31 0.280631
      vertex -2.15 -27.5 0
      vertex -2.13161 -27.5 0.280631
    endloop
  endfacet
  facet normal 0.99786 0 -0.0653906
    outer loop
      vertex -2.15 -27.5 0
      vertex -2.13161 -31 0.280631
      vertex -2.15 -31 0
    endloop
  endfacet
  facet normal 0.99786 0 -0.0653906
    outer loop
      vertex -2.13161 27.25 0.280631
      vertex -2.15 30.75 0
      vertex -2.13161 30.75 0.280631
    endloop
  endfacet
  facet normal 0.99786 0 -0.0653906
    outer loop
      vertex -2.15 30.75 0
      vertex -2.13161 27.25 0.280631
      vertex -2.15 27.25 0
    endloop
  endfacet
  facet normal 0.442299 0 0.896868
    outer loop
      vertex -1.075 -27.5 -1.86195
      vertex -0.822769 -31 -1.98634
      vertex -0.822769 -27.5 -1.98634
    endloop
  endfacet
  facet normal 0.442299 0 0.896868
    outer loop
      vertex -0.822769 -31 -1.98634
      vertex -1.075 -27.5 -1.86195
      vertex -1.075 -31 -1.86195
    endloop
  endfacet
  facet normal 0.442299 0 0.896868
    outer loop
      vertex -1.075 30.75 -1.86195
      vertex -0.822769 27.25 -1.98634
      vertex -0.822769 30.75 -1.98634
    endloop
  endfacet
  facet normal 0.442299 0 0.896868
    outer loop
      vertex -0.822769 27.25 -1.98634
      vertex -1.075 30.75 -1.86195
      vertex -1.075 27.25 -1.86195
    endloop
  endfacet
  facet normal -0.65935 0 0.751836
    outer loop
      vertex 1.30884 -27.5 -1.70571
      vertex 1.52028 -31 -1.52028
      vertex 1.52028 -27.5 -1.52028
    endloop
  endfacet
  facet normal -0.65935 0 0.751836
    outer loop
      vertex 1.52028 -31 -1.52028
      vertex 1.30884 -27.5 -1.70571
      vertex 1.30884 -31 -1.70571
    endloop
  endfacet
  facet normal -0.65935 0 0.751836
    outer loop
      vertex 1.30884 30.75 -1.70571
      vertex 1.52028 27.25 -1.52028
      vertex 1.52028 30.75 -1.52028
    endloop
  endfacet
  facet normal -0.65935 0 0.751836
    outer loop
      vertex 1.52028 27.25 -1.52028
      vertex 1.30884 30.75 -1.70571
      vertex 1.30884 27.25 -1.70571
    endloop
  endfacet
  facet normal 0.94693 0 -0.32144
    outer loop
      vertex -1.98634 -31 0.822769
      vertex -2.07674 -27.5 0.55646
      vertex -1.98634 -27.5 0.822769
    endloop
  endfacet
  facet normal 0.94693 0 -0.32144
    outer loop
      vertex -2.07674 -27.5 0.55646
      vertex -1.98634 -31 0.822769
      vertex -2.07674 -31 0.55646
    endloop
  endfacet
  facet normal 0.94693 0 -0.32144
    outer loop
      vertex -1.98634 27.25 0.822769
      vertex -2.07674 30.75 0.55646
      vertex -1.98634 30.75 0.822769
    endloop
  endfacet
  facet normal 0.94693 0 -0.32144
    outer loop
      vertex -2.07674 30.75 0.55646
      vertex -1.98634 27.25 0.822769
      vertex -2.07674 27.25 0.55646
    endloop
  endfacet
  facet normal 0.831481 0 -0.555553
    outer loop
      vertex -1.70571 -31 1.30884
      vertex -1.86195 -27.5 1.075
      vertex -1.70571 -27.5 1.30884
    endloop
  endfacet
  facet normal 0.831481 0 -0.555553
    outer loop
      vertex -1.86195 -27.5 1.075
      vertex -1.70571 -31 1.30884
      vertex -1.86195 -31 1.075
    endloop
  endfacet
  facet normal 0.831481 0 -0.555553
    outer loop
      vertex -1.70571 27.25 1.30884
      vertex -1.86195 30.75 1.075
      vertex -1.70571 30.75 1.30884
    endloop
  endfacet
  facet normal 0.831481 0 -0.555553
    outer loop
      vertex -1.86195 30.75 1.075
      vertex -1.70571 27.25 1.30884
      vertex -1.86195 27.25 1.075
    endloop
  endfacet
  facet normal 0 0 -1
    outer loop
      vertex 74 -10 4
      vertex 73 -8 4
      vertex 74 -8 4
    endloop
  endfacet
  facet normal 0 0 -1
    outer loop
      vertex 73 -8 4
      vertex 63 -8 4
      vertex 73 8 4
    endloop
  endfacet
  facet normal 0 0 -1
    outer loop
      vertex 74 -10 4
      vertex 63 -8 4
      vertex 73 -8 4
    endloop
  endfacet
  facet normal 0 0 -1
    outer loop
      vertex 74 -10 4
      vertex 57 -8 4
      vertex 63 -8 4
    endloop
  endfacet
  facet normal 0 0 -1
    outer loop
      vertex 57 -8 4
      vertex 47 -8 4
      vertex 57 8 4
    endloop
  endfacet
  facet normal 0 0 -1
    outer loop
      vertex 46 -10 4
      vertex 57 -8 4
      vertex 74 -10 4
    endloop
  endfacet
  facet normal -0 0 -1
    outer loop
      vertex 57 -8 4
      vertex 46 -10 4
      vertex 47 -8 4
    endloop
  endfacet
  facet normal -0 0 -1
    outer loop
      vertex 47 -8 4
      vertex 46 -10 4
      vertex 46 -8 4
    endloop
  endfacet
  facet normal 0 0 -1
    outer loop
      vertex 73 8 4
      vertex 74 10 4
      vertex 74 8 4
    endloop
  endfacet
  facet normal 0 0 -1
    outer loop
      vertex 63 8 4
      vertex 73 8 4
      vertex 63 -8 4
    endloop
  endfacet
  facet normal 0 0 -1
    outer loop
      vertex 73 8 4
      vertex 63 8 4
      vertex 74 10 4
    endloop
  endfacet
  facet normal 0 0 -1
    outer loop
      vertex 57 8 4
      vertex 74 10 4
      vertex 63 8 4
    endloop
  endfacet
  facet normal 0 0 -1
    outer loop
      vertex 47 8 4
      vertex 57 8 4
      vertex 47 -8 4
    endloop
  endfacet
  facet normal 0 0 -1
    outer loop
      vertex 46 10 4
      vertex 57 8 4
      vertex 47 8 4
    endloop
  endfacet
  facet normal 0 0 -1
    outer loop
      vertex 46 10 4
      vertex 47 8 4
      vertex 46 8 4
    endloop
  endfacet
  facet normal 0 0 -1
    outer loop
      vertex 57 8 4
      vertex 46 10 4
      vertex 74 10 4
    endloop
  endfacet
  facet normal 0 0 1
    outer loop
      vertex 74 10 -4
      vertex 73 8 -4
      vertex 74 8 -4
    endloop
  endfacet
  facet normal 0 0 1
    outer loop
      vertex 73 8 -4
      vertex 63 8 -4
      vertex 73 -8 -4
    endloop
  endfacet
  facet normal 0 0 1
    outer loop
      vertex 74 10 -4
      vertex 63 8 -4
      vertex 73 8 -4
    endloop
  endfacet
  facet normal 0 0 1
    outer loop
      vertex 74 10 -4
      vertex 57 8 -4
      vertex 63 8 -4
    endloop
  endfacet
  facet normal 0 0 1
    outer loop
      vertex 57 8 -4
      vertex 47 8 -4
      vertex 57 -8 -4
    endloop
  endfacet
  facet normal -0 0 1
    outer loop
      vertex 46 10 -4
      vertex 57 8 -4
      vertex 74 10 -4
    endloop
  endfacet
  facet normal 0 0 1
    outer loop
      vertex 57 8 -4
      vertex 46 10 -4
      vertex 47 8 -4
    endloop
  endfacet
  facet normal 0 0 1
    outer loop
      vertex 47 8 -4
      vertex 46 10 -4
      vertex 46 8 -4
    endloop
  endfacet
  facet normal -0 0 1
    outer loop
      vertex 73 -8 -4
      vertex 74 -10 -4
      vertex 74 -8 -4
    endloop
  endfacet
  facet normal 0 0 1
    outer loop
      vertex 63 -8 -4
      vertex 73 -8 -4
      vertex 63 8 -4
    endloop
  endfacet
  facet normal 0 0 1
    outer loop
      vertex 73 -8 -4
      vertex 63 -8 -4
      vertex 74 -10 -4
    endloop
  endfacet
  facet normal -0 0 1
    outer loop
      vertex 57 -8 -4
      vertex 74 -10 -4
      vertex 63 -8 -4
    endloop
  endfacet
  facet normal 0 0 1
    outer loop
      vertex 47 -8 -4
      vertex 57 -8 -4
      vertex 47 8 -4
    endloop
  endfacet
  facet normal 0 0 1
    outer loop
      vertex 46 -10 -4
      vertex 57 -8 -4
      vertex 47 -8 -4
    endloop
  endfacet
  facet normal 0 0 1
    outer loop
      vertex 46 -10 -4
      vertex 47 -8 -4
      vertex 46 -8 -4
    endloop
  endfacet
  facet normal 0 0 1
    outer loop
      vertex 57 -8 -4
      vertex 46 -10 -4
      vertex 74 -10 -4
    endloop
  endfacet
  facet normal -0 0 1
    outer loop
      vertex 104 4.75 -12
      vertex 136 -22 -12
      vertex 136 4.75 -12
    endloop
  endfacet
  facet normal 0 0 1
    outer loop
      vertex 136 -22 -12
      vertex 104 4.75 -12
      vertex 104 -22 -12
    endloop
  endfacet
  facet normal -1 0 0
    outer loop
      vertex 104 4.75 -16
      vertex 104 -22 -12
      vertex 104 4.75 -12
    endloop
  endfacet
  facet normal -1 -0 0
    outer loop
      vertex 104 -22 -12
      vertex 104 -27 -16
      vertex 104 -22 12
    endloop
  endfacet
  facet normal -1 0 0
    outer loop
      vertex 104 -27 -16
      vertex 104 -22 -12
      vertex 104 4.75 -16
    endloop
  endfacet
  facet normal -1 0 0
    outer loop
      vertex 104 -22 12
      vertex 104 4.75 16
      vertex 104 4.75 12
    endloop
  endfacet
  facet normal -1 0 0
    outer loop
      vertex 104 -22 12
      vertex 104 -27 16
      vertex 104 4.75 16
    endloop
  endfacet
  facet normal -1 0 0
    outer loop
      vertex 104 -27 16
      vertex 104 -22 12
      vertex 104 -27 -16
    endloop
  endfacet
  facet normal 1 0 0
    outer loop
      vertex 136 4.75 16
      vertex 136 -22 12
      vertex 136 4.75 12
    endloop
  endfacet
  facet normal 1 -0 0
    outer loop
      vertex 136 -27 16
      vertex 136 -22 12
      vertex 136 4.75 16
    endloop
  endfacet
  facet normal 1 0 0
    outer loop
      vertex 136 -27 5.25136
      vertex 136 -22 12
      vertex 136 -27 16
    endloop
  endfacet
  facet normal 1 0 0
    outer loop
      vertex 136 -22 12
      vertex 136 -27 5.25136
      vertex 136 -22 5.25136
    endloop
  endfacet
  facet normal 1 0 0
    outer loop
      vertex 136 -22 -5.25136
      vertex 136 -27 -5.25136
      vertex 136 -22 -12
    endloop
  endfacet
  facet normal 1 -0 0
    outer loop
      vertex 136 -22 -12
      vertex 136 4.75 -16
      vertex 136 4.75 -12
    endloop
  endfacet
  facet normal 1 0 0
    outer loop
      vertex 136 -22 -12
      vertex 136 -27 -16
      vertex 136 4.75 -16
    endloop
  endfacet
  facet normal 1 0 0
    outer loop
      vertex 136 -27 -16
      vertex 136 -22 -12
      vertex 136 -27 -5.25136
    endloop
  endfacet
  facet normal 1 -0 0
    outer loop
      vertex 136 -27 4.74864
      vertex 136 -22 -4.74864
      vertex 136 -22 4.74864
    endloop
  endfacet
  facet normal 1 0 0
    outer loop
      vertex 136 -22 -4.74864
      vertex 136 -27 4.74864
      vertex 136 -27 -4.74864
    endloop
  endfacet
  facet normal 0 0 -1
    outer loop
      vertex 84 -27 -16
      vertex 76 -27 -16
      vertex 84 4.75 -16
    endloop
  endfacet
  facet normal 0 0 -1
    outer loop
      vertex 136 -27 -16
      vertex 104 -27 -16
      vertex 136 4.75 -16
    endloop
  endfacet
  facet normal 0 0 -1
    outer loop
      vertex 136 4.75 -16
      vertex 142 8.25 -16
      vertex 142 4.75 -16
    endloop
  endfacet
  facet normal 0 0 -1
    outer loop
      vertex 104 4.75 -16
      vertex 136 4.75 -16
      vertex 104 -27 -16
    endloop
  endfacet
  facet normal 0 0 -1
    outer loop
      vertex 104 4.75 -16
      vertex 142 8.25 -16
      vertex 136 4.75 -16
    endloop
  endfacet
  facet normal 0 0 -1
    outer loop
      vertex 76 8.25 -16
      vertex 104 4.75 -16
      vertex 84 4.75 -16
    endloop
  endfacet
  facet normal 0 0 -1
    outer loop
      vertex 104 4.75 -16
      vertex 76 8.25 -16
      vertex 142 8.25 -16
    endloop
  endfacet
  facet normal 0 0 -1
    outer loop
      vertex 76 8.25 -16
      vertex 84 4.75 -16
      vertex 76 -27 -16
    endloop
  endfacet
  facet normal 0 1 0
    outer loop
      vertex 84 8.25 12
      vertex 85.7475 8.25 6.20104
      vertex 85.25 8.25 6.3
    endloop
  endfacet
  facet normal 0 1 0
    outer loop
      vertex 89.6 8.25 10.4
      vertex 86.1692 8.25 5.91924
      vertex 85.7475 8.25 6.20104
    endloop
  endfacet
  facet normal 0 1 0
    outer loop
      vertex 89.6 8.25 10.4
      vertex 86.451 8.25 5.49749
      vertex 86.1692 8.25 5.91924
    endloop
  endfacet
  facet normal 0 1 0
    outer loop
      vertex 89.6 8.25 10.4
      vertex 86.55 8.25 5
      vertex 86.451 8.25 5.49749
    endloop
  endfacet
  facet normal 0 1 0
    outer loop
      vertex 89.6 8.25 10.4
      vertex 86.451 8.25 4.50251
      vertex 86.55 8.25 5
    endloop
  endfacet
  facet normal 0 1 0
    outer loop
      vertex 85.7475 8.25 3.79896
      vertex 85.25 8.25 -3.7
      vertex 85.25 8.25 3.7
    endloop
  endfacet
  facet normal 0 1 0
    outer loop
      vertex 85.7475 8.25 -3.79896
      vertex 85.7475 8.25 3.79896
      vertex 86.1692 8.25 4.08076
    endloop
  endfacet
  facet normal 0 1 0
    outer loop
      vertex 86.1692 8.25 -4.08076
      vertex 86.1692 8.25 4.08076
      vertex 86.451 8.25 4.50251
    endloop
  endfacet
  facet normal 0 1 0
    outer loop
      vertex 86.451 8.25 -4.50251
      vertex 86.451 8.25 4.50251
      vertex 89.6 8.25 10.4
    endloop
  endfacet
  facet normal 0 1 0
    outer loop
      vertex 85.7475 8.25 3.79896
      vertex 85.7475 8.25 -3.79896
      vertex 85.25 8.25 -3.7
    endloop
  endfacet
  facet normal 0 1 0
    outer loop
      vertex 86.1692 8.25 4.08076
      vertex 86.1692 8.25 -4.08076
      vertex 85.7475 8.25 -3.79896
    endloop
  endfacet
  facet normal 0 1 0
    outer loop
      vertex 86.451 8.25 4.50251
      vertex 86.451 8.25 -4.50251
      vertex 86.1692 8.25 -4.08076
    endloop
  endfacet
  facet normal 0 1 -0
    outer loop
      vertex 89.6 8.25 -10.4
      vertex 86.451 8.25 -4.50251
      vertex 89.6 8.25 10.4
    endloop
  endfacet
  facet normal 0 1 0
    outer loop
      vertex 84 8.25 -12
      vertex 85.7475 8.25 -6.20104
      vertex 89.6 8.25 -10.4
    endloop
  endfacet
  facet normal 0 1 0
    outer loop
      vertex 86.1692 8.25 -5.91924
      vertex 89.6 8.25 -10.4
      vertex 85.7475 8.25 -6.20104
    endloop
  endfacet
  facet normal 0 1 0
    outer loop
      vertex 86.451 8.25 -5.49749
      vertex 89.6 8.25 -10.4
      vertex 86.1692 8.25 -5.91924
    endloop
  endfacet
  facet normal 0 1 0
    outer loop
      vertex 86.55 8.25 -5
      vertex 89.6 8.25 -10.4
      vertex 86.451 8.25 -5.49749
    endloop
  endfacet
  facet normal 0 1 0
    outer loop
      vertex 86.451 8.25 -4.50251
      vertex 89.6 8.25 -10.4
      vertex 86.55 8.25 -5
    endloop
  endfacet
  facet normal 0 1 -0
    outer loop
      vertex 89.6 8.25 10.4
      vertex 76 8.25 16
      vertex 142 8.25 16
    endloop
  endfacet
  facet normal 0 1 0
    outer loop
      vertex 89.6 8.25 10.4
      vertex 142 8.25 16
      vertex 130.4 8.25 10.4
    endloop
  endfacet
  facet normal 0 1 -0
    outer loop
      vertex 135.247 8.25 6.20104
      vertex 130.4 8.25 10.4
      vertex 142 8.25 16
    endloop
  endfacet
  facet normal 0 1 0
    outer loop
      vertex 130.4 8.25 10.4
      vertex 135.247 8.25 6.20104
      vertex 134.75 8.25 6.3
    endloop
  endfacet
  facet normal 0 1 0
    outer loop
      vertex 142 8.25 16
      vertex 135.669 8.25 5.91924
      vertex 135.247 8.25 6.20104
    endloop
  endfacet
  facet normal 0 1 0
    outer loop
      vertex 142 8.25 16
      vertex 135.951 8.25 5.49749
      vertex 135.669 8.25 5.91924
    endloop
  endfacet
  facet normal 0 1 0
    outer loop
      vertex 142 8.25 16
      vertex 136.05 8.25 5
      vertex 135.951 8.25 5.49749
    endloop
  endfacet
  facet normal 0 1 0
    outer loop
      vertex 142 8.25 16
      vertex 135.951 8.25 4.50251
      vertex 136.05 8.25 5
    endloop
  endfacet
  facet normal 0 1 0
    outer loop
      vertex 135.247 8.25 3.79896
      vertex 134.75 8.25 -3.7
      vertex 134.75 8.25 3.7
    endloop
  endfacet
  facet normal 0 1 0
    outer loop
      vertex 135.247 8.25 -3.79896
      vertex 135.247 8.25 3.79896
      vertex 135.669 8.25 4.08076
    endloop
  endfacet
  facet normal 0 1 0
    outer loop
      vertex 135.669 8.25 -4.08076
      vertex 135.669 8.25 4.08076
      vertex 135.951 8.25 4.50251
    endloop
  endfacet
  facet normal 0 1 0
    outer loop
      vertex 135.951 8.25 -4.50251
      vertex 135.951 8.25 4.50251
      vertex 142 8.25 16
    endloop
  endfacet
  facet normal 0 1 0
    outer loop
      vertex 135.247 8.25 3.79896
      vertex 135.247 8.25 -3.79896
      vertex 134.75 8.25 -3.7
    endloop
  endfacet
  facet normal 0 1 0
    outer loop
      vertex 135.669 8.25 4.08076
      vertex 135.669 8.25 -4.08076
      vertex 135.247 8.25 -3.79896
    endloop
  endfacet
  facet normal 0 1 0
    outer loop
      vertex 135.951 8.25 4.50251
      vertex 135.951 8.25 -4.50251
      vertex 135.669 8.25 -4.08076
    endloop
  endfacet
  facet normal 0 1 -0
    outer loop
      vertex 142 8.25 -16
      vertex 135.951 8.25 -4.50251
      vertex 142 8.25 16
    endloop
  endfacet
  facet normal 0 1 0
    outer loop
      vertex 135.951 8.25 -4.50251
      vertex 142 8.25 -16
      vertex 136.05 8.25 -5
    endloop
  endfacet
  facet normal 0 1 0
    outer loop
      vertex 135.247 8.25 -6.20104
      vertex 130.4 8.25 -10.4
      vertex 134.75 8.25 -6.3
    endloop
  endfacet
  facet normal 0 1 0
    outer loop
      vertex 142 8.25 -16
      vertex 135.247 8.25 -6.20104
      vertex 135.669 8.25 -5.91924
    endloop
  endfacet
  facet normal 0 1 0
    outer loop
      vertex 142 8.25 -16
      vertex 89.6 8.25 -10.4
      vertex 130.4 8.25 -10.4
    endloop
  endfacet
  facet normal 0 1 0
    outer loop
      vertex 136.05 8.25 -5
      vertex 142 8.25 -16
      vertex 135.951 8.25 -5.49749
    endloop
  endfacet
  facet normal 0 1 0
    outer loop
      vertex 142 8.25 -16
      vertex 135.669 8.25 -5.91924
      vertex 135.951 8.25 -5.49749
    endloop
  endfacet
  facet normal 0 1 0
    outer loop
      vertex 135.247 8.25 -6.20104
      vertex 142 8.25 -16
      vertex 130.4 8.25 -10.4
    endloop
  endfacet
  facet normal 0 1 0
    outer loop
      vertex 76 8.25 -16
      vertex 89.6 8.25 -10.4
      vertex 142 8.25 -16
    endloop
  endfacet
  facet normal 0 1 0
    outer loop
      vertex 89.6 8.25 -10.4
      vertex 76 8.25 -16
      vertex 84 8.25 -12
    endloop
  endfacet
  facet normal 0 1 0
    outer loop
      vertex 84 8.25 -12
      vertex 76 8.25 -16
      vertex 76 8.25 -12
    endloop
  endfacet
  facet normal 0 1 0
    outer loop
      vertex 76 8.25 16
      vertex 84 8.25 12
      vertex 76 8.25 12
    endloop
  endfacet
  facet normal 0 1 0
    outer loop
      vertex 76 8.25 16
      vertex 89.6 8.25 10.4
      vertex 84 8.25 12
    endloop
  endfacet
  facet normal 0 1 -0
    outer loop
      vertex 85.7475 8.25 6.20104
      vertex 84 8.25 12
      vertex 89.6 8.25 10.4
    endloop
  endfacet
  facet normal 0 1 -0
    outer loop
      vertex 84.7525 8.25 6.20104
      vertex 84 8.25 12
      vertex 85.25 8.25 6.3
    endloop
  endfacet
  facet normal 0 1 -0
    outer loop
      vertex 84.3308 8.25 5.91924
      vertex 84 8.25 12
      vertex 84.7525 8.25 6.20104
    endloop
  endfacet
  facet normal 0 1 -0
    outer loop
      vertex 84.049 8.25 5.49749
      vertex 84 8.25 12
      vertex 84.3308 8.25 5.91924
    endloop
  endfacet
  facet normal 0 1 0
    outer loop
      vertex 84 8.25 12
      vertex 84.049 8.25 5.49749
      vertex 84 8.25 5.25136
    endloop
  endfacet
  facet normal 0 1 -0
    outer loop
      vertex 134.253 8.25 6.20104
      vertex 130.4 8.25 10.4
      vertex 134.75 8.25 6.3
    endloop
  endfacet
  facet normal 0 1 -0
    outer loop
      vertex 133.831 8.25 5.91924
      vertex 130.4 8.25 10.4
      vertex 134.253 8.25 6.20104
    endloop
  endfacet
  facet normal 0 1 -0
    outer loop
      vertex 133.549 8.25 5.49749
      vertex 130.4 8.25 10.4
      vertex 133.831 8.25 5.91924
    endloop
  endfacet
  facet normal 0 1 -0
    outer loop
      vertex 133.45 8.25 5
      vertex 130.4 8.25 10.4
      vertex 133.549 8.25 5.49749
    endloop
  endfacet
  facet normal 0 1 0
    outer loop
      vertex 133.549 8.25 4.50251
      vertex 130.4 8.25 10.4
      vertex 133.45 8.25 5
    endloop
  endfacet
  facet normal 0 1 -0
    outer loop
      vertex 134.75 8.25 -3.7
      vertex 134.253 8.25 3.79896
      vertex 134.75 8.25 3.7
    endloop
  endfacet
  facet normal 0 1 0
    outer loop
      vertex 134.253 8.25 -3.79896
      vertex 134.253 8.25 3.79896
      vertex 134.75 8.25 -3.7
    endloop
  endfacet
  facet normal 0 1 0
    outer loop
      vertex 134.253 8.25 3.79896
      vertex 134.253 8.25 -3.79896
      vertex 133.831 8.25 4.08076
    endloop
  endfacet
  facet normal 0 1 0
    outer loop
      vertex 133.831 8.25 -4.08076
      vertex 133.831 8.25 4.08076
      vertex 134.253 8.25 -3.79896
    endloop
  endfacet
  facet normal 0 1 0
    outer loop
      vertex 133.831 8.25 4.08076
      vertex 133.831 8.25 -4.08076
      vertex 133.549 8.25 4.50251
    endloop
  endfacet
  facet normal 0 1 0
    outer loop
      vertex 133.549 8.25 -4.50251
      vertex 133.549 8.25 4.50251
      vertex 133.831 8.25 -4.08076
    endloop
  endfacet
  facet normal 0 1 0
    outer loop
      vertex 133.549 8.25 4.50251
      vertex 133.549 8.25 -4.50251
      vertex 130.4 8.25 10.4
    endloop
  endfacet
  facet normal 0 1 0
    outer loop
      vertex 130.4 8.25 -10.4
      vertex 133.549 8.25 -4.50251
      vertex 133.45 8.25 -5
    endloop
  endfacet
  facet normal 0 1 0
    outer loop
      vertex 133.549 8.25 -4.50251
      vertex 130.4 8.25 -10.4
      vertex 130.4 8.25 10.4
    endloop
  endfacet
  facet normal 0 1 0
    outer loop
      vertex 133.549 8.25 -5.49749
      vertex 130.4 8.25 -10.4
      vertex 133.45 8.25 -5
    endloop
  endfacet
  facet normal 0 1 0
    outer loop
      vertex 133.831 8.25 -5.91924
      vertex 130.4 8.25 -10.4
      vertex 133.549 8.25 -5.49749
    endloop
  endfacet
  facet normal 0 1 0
    outer loop
      vertex 134.253 8.25 -6.20104
      vertex 130.4 8.25 -10.4
      vertex 133.831 8.25 -5.91924
    endloop
  endfacet
  facet normal 0 1 0
    outer loop
      vertex 130.4 8.25 -10.4
      vertex 134.253 8.25 -6.20104
      vertex 134.75 8.25 -6.3
    endloop
  endfacet
  facet normal 0 1 -0
    outer loop
      vertex 85.25 8.25 -3.7
      vertex 84.7525 8.25 3.79896
      vertex 85.25 8.25 3.7
    endloop
  endfacet
  facet normal 0 1 0
    outer loop
      vertex 84.7525 8.25 -3.79896
      vertex 84.7525 8.25 3.79896
      vertex 85.25 8.25 -3.7
    endloop
  endfacet
  facet normal 0 1 0
    outer loop
      vertex 84.7525 8.25 3.79896
      vertex 84.7525 8.25 -3.79896
      vertex 84.3308 8.25 4.08076
    endloop
  endfacet
  facet normal 0 1 0
    outer loop
      vertex 84.3308 8.25 -4.08076
      vertex 84.3308 8.25 4.08076
      vertex 84.7525 8.25 -3.79896
    endloop
  endfacet
  facet normal 0 1 0
    outer loop
      vertex 84.3308 8.25 4.08076
      vertex 84.3308 8.25 -4.08076
      vertex 84.049 8.25 4.50251
    endloop
  endfacet
  facet normal 0 1 0
    outer loop
      vertex 84.049 8.25 -4.50251
      vertex 84.049 8.25 4.50251
      vertex 84.3308 8.25 -4.08076
    endloop
  endfacet
  facet normal 0 1 0
    outer loop
      vertex 84.049 8.25 4.50251
      vertex 84.049 8.25 -4.50251
      vertex 84 8.25 4.74864
    endloop
  endfacet
  facet normal 0 1 0
    outer loop
      vertex 84 8.25 4.74864
      vertex 84.049 8.25 -4.50251
      vertex 84 8.25 -4.74864
    endloop
  endfacet
  facet normal 0 1 0
    outer loop
      vertex 85.7475 8.25 -6.20104
      vertex 84 8.25 -12
      vertex 85.25 8.25 -6.3
    endloop
  endfacet
  facet normal 0 1 0
    outer loop
      vertex 85.25 8.25 -6.3
      vertex 84 8.25 -12
      vertex 84.7525 8.25 -6.20104
    endloop
  endfacet
  facet normal 0 1 0
    outer loop
      vertex 84.049 8.25 -5.49749
      vertex 84 8.25 -12
      vertex 84 8.25 -5.25136
    endloop
  endfacet
  facet normal 0 1 0
    outer loop
      vertex 84.3308 8.25 -5.91924
      vertex 84 8.25 -12
      vertex 84.049 8.25 -5.49749
    endloop
  endfacet
  facet normal 0 1 0
    outer loop
      vertex 84.7525 8.25 -6.20104
      vertex 84 8.25 -12
      vertex 84.3308 8.25 -5.91924
    endloop
  endfacet
  facet normal 0 -1 0
    outer loop
      vertex 134.253 -27 3.79896
      vertex 134.253 -27 -3.79896
      vertex 134.75 -27 -3.7
    endloop
  endfacet
  facet normal 0 -1 0
    outer loop
      vertex 133.45 -27 -5
      vertex 125.716 -27 -3.3
      vertex 125.236 -27 -4.01783
    endloop
  endfacet
  facet normal 0 -1 0
    outer loop
      vertex 126.098 -27 -2.52571
      vertex 133.831 -27 -4.08076
      vertex 134.253 -27 -3.79896
    endloop
  endfacet
  facet normal 0 -1 0
    outer loop
      vertex 126.098 -27 -2.52571
      vertex 133.549 -27 -4.50251
      vertex 133.831 -27 -4.08076
    endloop
  endfacet
  facet normal 0 -1 0
    outer loop
      vertex 133.549 -27 -5.49749
      vertex 125.236 -27 -4.01783
      vertex 124.667 -27 -4.6669
    endloop
  endfacet
  facet normal 0 -1 0
    outer loop
      vertex 126.098 -27 -2.52571
      vertex 133.45 -27 -5
      vertex 133.549 -27 -4.50251
    endloop
  endfacet
  facet normal 0 -1 0
    outer loop
      vertex 133.831 -27 -5.91924
      vertex 124.667 -27 -4.6669
      vertex 124.018 -27 -5.23613
    endloop
  endfacet
  facet normal 0 -1 0
    outer loop
      vertex 125.236 -27 -4.01783
      vertex 133.549 -27 -5.49749
      vertex 133.45 -27 -5
    endloop
  endfacet
  facet normal 0 -1 0
    outer loop
      vertex 136 -27 -16
      vertex 124.018 -27 -5.23613
      vertex 123.3 -27 -5.71577
    endloop
  endfacet
  facet normal 0 -1 0
    outer loop
      vertex 124.667 -27 -4.6669
      vertex 133.831 -27 -5.91924
      vertex 133.549 -27 -5.49749
    endloop
  endfacet
  facet normal 0 -1 0
    outer loop
      vertex 136 -27 -16
      vertex 123.3 -27 -5.71577
      vertex 122.526 -27 -6.0976
    endloop
  endfacet
  facet normal 0 -1 0
    outer loop
      vertex 124.018 -27 -5.23613
      vertex 136 -27 -16
      vertex 133.831 -27 -5.91924
    endloop
  endfacet
  facet normal 0 -1 0
    outer loop
      vertex 133.831 -27 -5.91924
      vertex 136 -27 -16
      vertex 134.253 -27 -6.20104
    endloop
  endfacet
  facet normal 0 -1 0
    outer loop
      vertex 136 -27 -16
      vertex 122.526 -27 -6.0976
      vertex 121.708 -27 -6.37511
    endloop
  endfacet
  facet normal 0 -1 0
    outer loop
      vertex 136 -27 16
      vertex 134.253 -27 6.20104
      vertex 134.75 -27 6.3
    endloop
  endfacet
  facet normal 0 -1 0
    outer loop
      vertex 123.3 -27 5.71577
      vertex 136 -27 16
      vertex 122.526 -27 6.0976
    endloop
  endfacet
  facet normal 0 -1 0
    outer loop
      vertex 124.018 -27 5.23613
      vertex 136 -27 16
      vertex 123.3 -27 5.71577
    endloop
  endfacet
  facet normal 0 -1 0
    outer loop
      vertex 136 -27 16
      vertex 133.831 -27 5.91924
      vertex 134.253 -27 6.20104
    endloop
  endfacet
  facet normal 0 -1 0
    outer loop
      vertex 136 -27 16
      vertex 124.018 -27 5.23613
      vertex 133.831 -27 5.91924
    endloop
  endfacet
  facet normal 0 -1 0
    outer loop
      vertex 124.667 -27 4.6669
      vertex 133.831 -27 5.91924
      vertex 124.018 -27 5.23613
    endloop
  endfacet
  facet normal 0 -1 0
    outer loop
      vertex 133.831 -27 5.91924
      vertex 124.667 -27 4.6669
      vertex 133.549 -27 5.49749
    endloop
  endfacet
  facet normal 0 -1 0
    outer loop
      vertex 125.236 -27 4.01783
      vertex 133.549 -27 5.49749
      vertex 124.667 -27 4.6669
    endloop
  endfacet
  facet normal 0 -1 0
    outer loop
      vertex 133.549 -27 5.49749
      vertex 125.236 -27 4.01783
      vertex 133.45 -27 5
    endloop
  endfacet
  facet normal 0 -1 0
    outer loop
      vertex 125.716 -27 3.3
      vertex 133.45 -27 5
      vertex 125.236 -27 4.01783
    endloop
  endfacet
  facet normal 0 -1 0
    outer loop
      vertex 126.098 -27 2.52571
      vertex 133.45 -27 5
      vertex 125.716 -27 3.3
    endloop
  endfacet
  facet normal 0 -1 -0
    outer loop
      vertex 133.45 -27 5
      vertex 126.098 -27 2.52571
      vertex 133.549 -27 4.50251
    endloop
  endfacet
  facet normal 0 -1 0
    outer loop
      vertex 126.375 -27 1.70821
      vertex 133.549 -27 4.50251
      vertex 126.098 -27 2.52571
    endloop
  endfacet
  facet normal 0 -1 -0
    outer loop
      vertex 133.549 -27 4.50251
      vertex 126.375 -27 1.70821
      vertex 133.831 -27 4.08076
    endloop
  endfacet
  facet normal 0 -1 0
    outer loop
      vertex 104 -27 16
      vertex 120 -27 6.6
      vertex 136 -27 16
    endloop
  endfacet
  facet normal 0 -1 0
    outer loop
      vertex 104 -27 16
      vertex 119.139 -27 6.54354
      vertex 120 -27 6.6
    endloop
  endfacet
  facet normal 0 -1 0
    outer loop
      vertex 104 -27 16
      vertex 118.292 -27 6.37511
      vertex 119.139 -27 6.54354
    endloop
  endfacet
  facet normal 0 -1 0
    outer loop
      vertex 104 -27 16
      vertex 117.474 -27 6.0976
      vertex 118.292 -27 6.37511
    endloop
  endfacet
  facet normal 0 -1 0
    outer loop
      vertex 104 -27 16
      vertex 116.7 -27 5.71577
      vertex 117.474 -27 6.0976
    endloop
  endfacet
  facet normal 0 -1 0
    outer loop
      vertex 104 -27 16
      vertex 115.982 -27 5.23613
      vertex 116.7 -27 5.71577
    endloop
  endfacet
  facet normal 0 -1 0
    outer loop
      vertex 104 -27 16
      vertex 115.333 -27 4.6669
      vertex 115.982 -27 5.23613
    endloop
  endfacet
  facet normal 0 -1 0
    outer loop
      vertex 104 -27 16
      vertex 114.764 -27 4.01783
      vertex 115.333 -27 4.6669
    endloop
  endfacet
  facet normal 0 -1 0
    outer loop
      vertex 104 -27 16
      vertex 114.284 -27 3.3
      vertex 114.764 -27 4.01783
    endloop
  endfacet
  facet normal 0 -1 0
    outer loop
      vertex 104 -27 16
      vertex 113.902 -27 2.52571
      vertex 114.284 -27 3.3
    endloop
  endfacet
  facet normal 0 -1 0
    outer loop
      vertex 104 -27 16
      vertex 113.625 -27 1.70821
      vertex 113.902 -27 2.52571
    endloop
  endfacet
  facet normal 0 -1 0
    outer loop
      vertex 104 -27 16
      vertex 113.456 -27 0.861472
      vertex 113.625 -27 1.70821
    endloop
  endfacet
  facet normal 0 -1 0
    outer loop
      vertex 104 -27 16
      vertex 113.4 -27 0
      vertex 113.456 -27 0.861472
    endloop
  endfacet
  facet normal 0 -1 0
    outer loop
      vertex 104 -27 -16
      vertex 113.4 -27 0
      vertex 104 -27 16
    endloop
  endfacet
  facet normal 0 -1 -0
    outer loop
      vertex 113.4 -27 0
      vertex 104 -27 -16
      vertex 113.456 -27 -0.861472
    endloop
  endfacet
  facet normal 0 -1 -0
    outer loop
      vertex 113.456 -27 -0.861472
      vertex 104 -27 -16
      vertex 113.625 -27 -1.70821
    endloop
  endfacet
  facet normal 0 -1 -0
    outer loop
      vertex 113.625 -27 -1.70821
      vertex 104 -27 -16
      vertex 113.902 -27 -2.52571
    endloop
  endfacet
  facet normal 0 -1 -0
    outer loop
      vertex 119.139 -27 -6.54354
      vertex 104 -27 -16
      vertex 120 -27 -6.6
    endloop
  endfacet
  facet normal 0 -1 -0
    outer loop
      vertex 118.292 -27 -6.37511
      vertex 104 -27 -16
      vertex 119.139 -27 -6.54354
    endloop
  endfacet
  facet normal 0 -1 -0
    outer loop
      vertex 117.474 -27 -6.0976
      vertex 104 -27 -16
      vertex 118.292 -27 -6.37511
    endloop
  endfacet
  facet normal 0 -1 -0
    outer loop
      vertex 116.7 -27 -5.71577
      vertex 104 -27 -16
      vertex 117.474 -27 -6.0976
    endloop
  endfacet
  facet normal 0 -1 -0
    outer loop
      vertex 115.982 -27 -5.23613
      vertex 104 -27 -16
      vertex 116.7 -27 -5.71577
    endloop
  endfacet
  facet normal 0 -1 -0
    outer loop
      vertex 115.333 -27 -4.6669
      vertex 104 -27 -16
      vertex 115.982 -27 -5.23613
    endloop
  endfacet
  facet normal 0 -1 -0
    outer loop
      vertex 114.764 -27 -4.01783
      vertex 104 -27 -16
      vertex 115.333 -27 -4.6669
    endloop
  endfacet
  facet normal 0 -1 -0
    outer loop
      vertex 114.284 -27 -3.3
      vertex 104 -27 -16
      vertex 114.764 -27 -4.01783
    endloop
  endfacet
  facet normal 0 -1 -0
    outer loop
      vertex 113.902 -27 -2.52571
      vertex 104 -27 -16
      vertex 114.284 -27 -3.3
    endloop
  endfacet
  facet normal 0 -1 0
    outer loop
      vertex 120.861 -27 6.54354
      vertex 136 -27 16
      vertex 120 -27 6.6
    endloop
  endfacet
  facet normal 0 -1 0
    outer loop
      vertex 121.708 -27 6.37511
      vertex 136 -27 16
      vertex 120.861 -27 6.54354
    endloop
  endfacet
  facet normal 0 -1 0
    outer loop
      vertex 122.526 -27 6.0976
      vertex 136 -27 16
      vertex 121.708 -27 6.37511
    endloop
  endfacet
  facet normal 0 -1 0
    outer loop
      vertex 135.247 -27 6.20104
      vertex 136 -27 16
      vertex 134.75 -27 6.3
    endloop
  endfacet
  facet normal 0 -1 0
    outer loop
      vertex 135.669 -27 5.91924
      vertex 136 -27 16
      vertex 135.247 -27 6.20104
    endloop
  endfacet
  facet normal 0 -1 0
    outer loop
      vertex 135.951 -27 5.49749
      vertex 136 -27 16
      vertex 135.669 -27 5.91924
    endloop
  endfacet
  facet normal 0 -1 -0
    outer loop
      vertex 136 -27 16
      vertex 135.951 -27 5.49749
      vertex 136 -27 5.25136
    endloop
  endfacet
  facet normal 0 -1 0
    outer loop
      vertex 126.544 -27 0.861472
      vertex 133.831 -27 4.08076
      vertex 126.375 -27 1.70821
    endloop
  endfacet
  facet normal 0 -1 0
    outer loop
      vertex 126.6 -27 0
      vertex 133.831 -27 4.08076
      vertex 126.544 -27 0.861472
    endloop
  endfacet
  facet normal 0 -1 -0
    outer loop
      vertex 133.831 -27 4.08076
      vertex 126.6 -27 0
      vertex 134.253 -27 3.79896
    endloop
  endfacet
  facet normal 0 -1 0
    outer loop
      vertex 134.253 -27 -3.79896
      vertex 134.253 -27 3.79896
      vertex 126.6 -27 0
    endloop
  endfacet
  facet normal 0 -1 0
    outer loop
      vertex 134.253 -27 3.79896
      vertex 134.75 -27 -3.7
      vertex 134.75 -27 3.7
    endloop
  endfacet
  facet normal 0 -1 0
    outer loop
      vertex 134.253 -27 -3.79896
      vertex 126.6 -27 0
      vertex 126.544 -27 -0.861472
    endloop
  endfacet
  facet normal 0 -1 0
    outer loop
      vertex 134.253 -27 -3.79896
      vertex 126.544 -27 -0.861472
      vertex 126.375 -27 -1.70821
    endloop
  endfacet
  facet normal 0 -1 0
    outer loop
      vertex 134.253 -27 -3.79896
      vertex 126.375 -27 -1.70821
      vertex 126.098 -27 -2.52571
    endloop
  endfacet
  facet normal 0 -1 0
    outer loop
      vertex 134.75 -27 3.7
      vertex 134.75 -27 -3.7
      vertex 135.247 -27 3.79896
    endloop
  endfacet
  facet normal 0 -1 0
    outer loop
      vertex 133.45 -27 -5
      vertex 126.098 -27 -2.52571
      vertex 125.716 -27 -3.3
    endloop
  endfacet
  facet normal 0 -1 0
    outer loop
      vertex 135.247 -27 -3.79896
      vertex 135.247 -27 3.79896
      vertex 134.75 -27 -3.7
    endloop
  endfacet
  facet normal 0 -1 0
    outer loop
      vertex 135.247 -27 3.79896
      vertex 135.247 -27 -3.79896
      vertex 135.669 -27 4.08076
    endloop
  endfacet
  facet normal 0 -1 0
    outer loop
      vertex 135.669 -27 -4.08076
      vertex 135.669 -27 4.08076
      vertex 135.247 -27 -3.79896
    endloop
  endfacet
  facet normal 0 -1 0
    outer loop
      vertex 135.669 -27 4.08076
      vertex 135.669 -27 -4.08076
      vertex 135.951 -27 4.50251
    endloop
  endfacet
  facet normal 0 -1 0
    outer loop
      vertex 135.951 -27 -4.50251
      vertex 135.951 -27 4.50251
      vertex 135.669 -27 -4.08076
    endloop
  endfacet
  facet normal 0 -1 0
    outer loop
      vertex 135.951 -27 4.50251
      vertex 135.951 -27 -4.50251
      vertex 136 -27 4.74864
    endloop
  endfacet
  facet normal 0 -1 -0
    outer loop
      vertex 136 -27 4.74864
      vertex 135.951 -27 -4.50251
      vertex 136 -27 -4.74864
    endloop
  endfacet
  facet normal 0 -1 0
    outer loop
      vertex 136 -27 -16
      vertex 121.708 -27 -6.37511
      vertex 120.861 -27 -6.54354
    endloop
  endfacet
  facet normal 0 -1 0
    outer loop
      vertex 136 -27 -16
      vertex 120.861 -27 -6.54354
      vertex 120 -27 -6.6
    endloop
  endfacet
  facet normal 0 -1 0
    outer loop
      vertex 136 -27 -16
      vertex 120 -27 -6.6
      vertex 104 -27 -16
    endloop
  endfacet
  facet normal 0 -1 0
    outer loop
      vertex 134.253 -27 -6.20104
      vertex 136 -27 -16
      vertex 134.75 -27 -6.3
    endloop
  endfacet
  facet normal 0 -1 0
    outer loop
      vertex 135.951 -27 -5.49749
      vertex 136 -27 -16
      vertex 136 -27 -5.25136
    endloop
  endfacet
  facet normal 0 -1 0
    outer loop
      vertex 135.669 -27 -5.91924
      vertex 136 -27 -16
      vertex 135.951 -27 -5.49749
    endloop
  endfacet
  facet normal 0 -1 0
    outer loop
      vertex 135.247 -27 -6.20104
      vertex 136 -27 -16
      vertex 135.669 -27 -5.91924
    endloop
  endfacet
  facet normal 0 -1 0
    outer loop
      vertex 134.75 -27 -6.3
      vertex 136 -27 -16
      vertex 135.247 -27 -6.20104
    endloop
  endfacet
  facet normal 0 0 1
    outer loop
      vertex 142 8.25 16
      vertex 136 4.75 16
      vertex 142 4.75 16
    endloop
  endfacet
  facet normal 0 0 1
    outer loop
      vertex 136 4.75 16
      vertex 104 4.75 16
      vertex 136 -27 16
    endloop
  endfacet
  facet normal 0 0 1
    outer loop
      vertex 142 8.25 16
      vertex 104 4.75 16
      vertex 136 4.75 16
    endloop
  endfacet
  facet normal -0 0 1
    outer loop
      vertex 76 8.25 16
      vertex 104 4.75 16
      vertex 142 8.25 16
    endloop
  endfacet
  facet normal 0 0 1
    outer loop
      vertex 104 4.75 16
      vertex 76 8.25 16
      vertex 84 4.75 16
    endloop
  endfacet
  facet normal 0 0 1
    outer loop
      vertex 76 -27 16
      vertex 84 4.75 16
      vertex 76 8.25 16
    endloop
  endfacet
  facet normal 0 0 1
    outer loop
      vertex 84 4.75 16
      vertex 76 -27 16
      vertex 84 -27 16
    endloop
  endfacet
  facet normal 0 0 1
    outer loop
      vertex 136 -27 16
      vertex 104 4.75 16
      vertex 104 -27 16
    endloop
  endfacet
  facet normal 0 0 -1
    outer loop
      vertex 104 -22 12
      vertex 136 4.75 12
      vertex 136 -22 12
    endloop
  endfacet
  facet normal -0 0 -1
    outer loop
      vertex 136 4.75 12
      vertex 104 -22 12
      vertex 104 4.75 12
    endloop
  endfacet
  facet normal 1 -0 0
    outer loop
      vertex 142 4.75 16
      vertex 142 8.25 -16
      vertex 142 8.25 16
    endloop
  endfacet
  facet normal 1 0 0
    outer loop
      vertex 142 8.25 -16
      vertex 142 4.75 16
      vertex 142 4.75 -16
    endloop
  endfacet
  facet normal 0 -1 0
    outer loop
      vertex 133.831 4.75 -5.91924
      vertex 136 4.75 -12
      vertex 134.253 4.75 -6.20104
    endloop
  endfacet
  facet normal 0 -1 0
    outer loop
      vertex 84 4.75 -16
      vertex 85.25 4.75 -6.3
      vertex 84.7525 4.75 -6.20104
    endloop
  endfacet
  facet normal 0 -1 0
    outer loop
      vertex 84 4.75 -16
      vertex 84.049 4.75 -5.49749
      vertex 84 4.75 -5.25136
    endloop
  endfacet
  facet normal 0 -1 0
    outer loop
      vertex 84 4.75 -16
      vertex 84.3308 4.75 -5.91924
      vertex 84.049 4.75 -5.49749
    endloop
  endfacet
  facet normal 0 -1 0
    outer loop
      vertex 84 4.75 -16
      vertex 84.7525 4.75 -6.20104
      vertex 84.3308 4.75 -5.91924
    endloop
  endfacet
  facet normal 0 -1 -0
    outer loop
      vertex 85.7475 4.75 -6.20104
      vertex 84 4.75 -16
      vertex 104 4.75 -12
    endloop
  endfacet
  facet normal 0 -1 -0
    outer loop
      vertex 104 4.75 -12
      vertex 84 4.75 -16
      vertex 104 4.75 -16
    endloop
  endfacet
  facet normal 0 -1 -0
    outer loop
      vertex 118.444 4.75 -1.55563
      vertex 104 4.75 -12
      vertex 118.661 4.75 -1.74538
    endloop
  endfacet
  facet normal 0 -1 0
    outer loop
      vertex 120 4.75 -2.2
      vertex 134.253 4.75 -3.79896
      vertex 134.75 4.75 -3.7
    endloop
  endfacet
  facet normal 0 -1 -0
    outer loop
      vertex 118.661 4.75 -1.74538
      vertex 104 4.75 -12
      vertex 118.9 4.75 -1.90526
    endloop
  endfacet
  facet normal 0 -1 0
    outer loop
      vertex 120 4.75 -2.2
      vertex 133.831 4.75 -4.08076
      vertex 134.253 4.75 -3.79896
    endloop
  endfacet
  facet normal 0 -1 0
    outer loop
      vertex 104 4.75 -12
      vertex 86.1692 4.75 -5.91924
      vertex 85.7475 4.75 -6.20104
    endloop
  endfacet
  facet normal 0 -1 0
    outer loop
      vertex 120 4.75 -2.2
      vertex 133.549 4.75 -4.50251
      vertex 133.831 4.75 -4.08076
    endloop
  endfacet
  facet normal 0 -1 -0
    outer loop
      vertex 118.9 4.75 -1.90526
      vertex 104 4.75 -12
      vertex 119.158 4.75 -2.03253
    endloop
  endfacet
  facet normal 0 -1 0
    outer loop
      vertex 120 4.75 -2.2
      vertex 133.45 4.75 -5
      vertex 133.549 4.75 -4.50251
    endloop
  endfacet
  facet normal 0 -1 -0
    outer loop
      vertex 119.158 4.75 -2.03253
      vertex 104 4.75 -12
      vertex 119.431 4.75 -2.12504
    endloop
  endfacet
  facet normal 0 -1 0
    outer loop
      vertex 120 4.75 -2.2
      vertex 133.549 4.75 -5.49749
      vertex 133.45 4.75 -5
    endloop
  endfacet
  facet normal 0 -1 -0
    outer loop
      vertex 119.431 4.75 -2.12504
      vertex 104 4.75 -12
      vertex 119.713 4.75 -2.18118
    endloop
  endfacet
  facet normal 0 -1 0
    outer loop
      vertex 120 4.75 -2.2
      vertex 133.831 4.75 -5.91924
      vertex 133.549 4.75 -5.49749
    endloop
  endfacet
  facet normal 0 -1 0
    outer loop
      vertex 104 4.75 -12
      vertex 120 4.75 -2.2
      vertex 119.713 4.75 -2.18118
    endloop
  endfacet
  facet normal 0 -1 0
    outer loop
      vertex 136 4.75 -12
      vertex 120 4.75 -2.2
      vertex 104 4.75 -12
    endloop
  endfacet
  facet normal 0 -1 0
    outer loop
      vertex 84 4.75 -16
      vertex 85.7475 4.75 -6.20104
      vertex 85.25 4.75 -6.3
    endloop
  endfacet
  facet normal 0 -1 0
    outer loop
      vertex 120 4.75 -2.2
      vertex 136 4.75 -12
      vertex 133.831 4.75 -5.91924
    endloop
  endfacet
  facet normal 0 -1 0
    outer loop
      vertex 121.339 4.75 1.74538
      vertex 133.549 4.75 5.49749
      vertex 121.1 4.75 1.90526
    endloop
  endfacet
  facet normal 0 -1 0
    outer loop
      vertex 85.7475 4.75 3.79896
      vertex 119.713 4.75 2.18118
      vertex 120 4.75 2.2
    endloop
  endfacet
  facet normal 0 -1 0
    outer loop
      vertex 85.7475 4.75 3.79896
      vertex 119.431 4.75 2.12504
      vertex 119.713 4.75 2.18118
    endloop
  endfacet
  facet normal 0 -1 0
    outer loop
      vertex 85.7475 4.75 3.79896
      vertex 119.158 4.75 2.03253
      vertex 119.431 4.75 2.12504
    endloop
  endfacet
  facet normal 0 -1 0
    outer loop
      vertex 85.7475 4.75 3.79896
      vertex 118.9 4.75 1.90526
      vertex 119.158 4.75 2.03253
    endloop
  endfacet
  facet normal 0 -1 0
    outer loop
      vertex 85.7475 4.75 3.79896
      vertex 118.661 4.75 1.74538
      vertex 118.9 4.75 1.90526
    endloop
  endfacet
  facet normal 0 -1 0
    outer loop
      vertex 85.7475 4.75 3.79896
      vertex 118.444 4.75 1.55563
      vertex 118.661 4.75 1.74538
    endloop
  endfacet
  facet normal 0 -1 0
    outer loop
      vertex 85.7475 4.75 3.79896
      vertex 118.255 4.75 1.33927
      vertex 118.444 4.75 1.55563
    endloop
  endfacet
  facet normal 0 -1 0
    outer loop
      vertex 85.7475 4.75 3.79896
      vertex 118.095 4.75 1.1
      vertex 118.255 4.75 1.33927
    endloop
  endfacet
  facet normal 0 -1 0
    outer loop
      vertex 85.7475 4.75 3.79896
      vertex 117.967 4.75 0.841903
      vertex 118.095 4.75 1.1
    endloop
  endfacet
  facet normal 0 -1 0
    outer loop
      vertex 85.7475 4.75 3.79896
      vertex 117.875 4.75 0.569402
      vertex 117.967 4.75 0.841903
    endloop
  endfacet
  facet normal 0 -1 0
    outer loop
      vertex 104 4.75 -12
      vertex 117.875 4.75 0.569402
      vertex 85.7475 4.75 3.79896
    endloop
  endfacet
  facet normal 0 -1 0
    outer loop
      vertex 117.875 4.75 0.569402
      vertex 104 4.75 -12
      vertex 117.819 4.75 0.287157
    endloop
  endfacet
  facet normal 0 -1 0
    outer loop
      vertex 85.7475 4.75 -3.79896
      vertex 85.7475 4.75 3.79896
      vertex 85.25 4.75 -3.7
    endloop
  endfacet
  facet normal 0 -1 0
    outer loop
      vertex 86.1692 4.75 -4.08076
      vertex 85.7475 4.75 3.79896
      vertex 85.7475 4.75 -3.79896
    endloop
  endfacet
  facet normal 0 -1 0
    outer loop
      vertex 86.451 4.75 -4.50251
      vertex 85.7475 4.75 3.79896
      vertex 86.1692 4.75 -4.08076
    endloop
  endfacet
  facet normal 0 -1 0
    outer loop
      vertex 104 4.75 -12
      vertex 85.7475 4.75 3.79896
      vertex 86.451 4.75 -4.50251
    endloop
  endfacet
  facet normal 0 -1 0
    outer loop
      vertex 117.819 4.75 0.287157
      vertex 104 4.75 -12
      vertex 117.8 4.75 0
    endloop
  endfacet
  facet normal 0 -1 0
    outer loop
      vertex 104 4.75 -12
      vertex 86.451 4.75 -4.50251
      vertex 86.55 4.75 -5
    endloop
  endfacet
  facet normal 0 -1 -0
    outer loop
      vertex 117.8 4.75 0
      vertex 104 4.75 -12
      vertex 117.819 4.75 -0.287157
    endloop
  endfacet
  facet normal 0 -1 -0
    outer loop
      vertex 117.819 4.75 -0.287157
      vertex 104 4.75 -12
      vertex 117.875 4.75 -0.569402
    endloop
  endfacet
  facet normal 0 -1 -0
    outer loop
      vertex 117.875 4.75 -0.569402
      vertex 104 4.75 -12
      vertex 117.967 4.75 -0.841903
    endloop
  endfacet
  facet normal 0 -1 0
    outer loop
      vertex 104 4.75 -12
      vertex 86.55 4.75 -5
      vertex 86.451 4.75 -5.49749
    endloop
  endfacet
  facet normal 0 -1 -0
    outer loop
      vertex 117.967 4.75 -0.841903
      vertex 104 4.75 -12
      vertex 118.095 4.75 -1.1
    endloop
  endfacet
  facet normal 0 -1 0
    outer loop
      vertex 104 4.75 -12
      vertex 86.451 4.75 -5.49749
      vertex 86.1692 4.75 -5.91924
    endloop
  endfacet
  facet normal 0 -1 -0
    outer loop
      vertex 118.095 4.75 -1.1
      vertex 104 4.75 -12
      vertex 118.255 4.75 -1.33927
    endloop
  endfacet
  facet normal 0 -1 0
    outer loop
      vertex 84.7525 4.75 3.79896
      vertex 85.25 4.75 -3.7
      vertex 85.25 4.75 3.7
    endloop
  endfacet
  facet normal 0 -1 0
    outer loop
      vertex 84.7525 4.75 -3.79896
      vertex 84.7525 4.75 3.79896
      vertex 84.3308 4.75 4.08076
    endloop
  endfacet
  facet normal 0 -1 0
    outer loop
      vertex 84.3308 4.75 -4.08076
      vertex 84.3308 4.75 4.08076
      vertex 84.049 4.75 4.50251
    endloop
  endfacet
  facet normal 0 -1 0
    outer loop
      vertex 84.049 4.75 -4.50251
      vertex 84.049 4.75 4.50251
      vertex 84 4.75 4.74864
    endloop
  endfacet
  facet normal 0 -1 0
    outer loop
      vertex 84.7525 4.75 3.79896
      vertex 84.7525 4.75 -3.79896
      vertex 85.25 4.75 -3.7
    endloop
  endfacet
  facet normal 0 -1 0
    outer loop
      vertex 84.3308 4.75 4.08076
      vertex 84.3308 4.75 -4.08076
      vertex 84.7525 4.75 -3.79896
    endloop
  endfacet
  facet normal 0 -1 0
    outer loop
      vertex 84.049 4.75 4.50251
      vertex 84.049 4.75 -4.50251
      vertex 84.3308 4.75 -4.08076
    endloop
  endfacet
  facet normal -0 -1 0
    outer loop
      vertex 84.049 4.75 -4.50251
      vertex 84 4.75 4.74864
      vertex 84 4.75 -4.74864
    endloop
  endfacet
  facet normal 0 -1 0
    outer loop
      vertex 84 4.75 16
      vertex 86.1692 4.75 5.91924
      vertex 104 4.75 12
    endloop
  endfacet
  facet normal 0 -1 0
    outer loop
      vertex 104 4.75 12
      vertex 134.253 4.75 6.20104
      vertex 134.75 4.75 6.3
    endloop
  endfacet
  facet normal 0 -1 0
    outer loop
      vertex 86.451 4.75 5.49749
      vertex 104 4.75 12
      vertex 86.1692 4.75 5.91924
    endloop
  endfacet
  facet normal 0 -1 0
    outer loop
      vertex 104 4.75 12
      vertex 133.831 4.75 5.91924
      vertex 134.253 4.75 6.20104
    endloop
  endfacet
  facet normal 0 -1 0
    outer loop
      vertex 86.55 4.75 5
      vertex 104 4.75 12
      vertex 86.451 4.75 5.49749
    endloop
  endfacet
  facet normal 0 -1 0
    outer loop
      vertex 120.287 4.75 2.18118
      vertex 104 4.75 12
      vertex 120 4.75 2.2
    endloop
  endfacet
  facet normal 0 -1 0
    outer loop
      vertex 86.451 4.75 4.50251
      vertex 104 4.75 12
      vertex 86.55 4.75 5
    endloop
  endfacet
  facet normal 0 -1 0
    outer loop
      vertex 104 4.75 12
      vertex 120.287 4.75 2.18118
      vertex 133.831 4.75 5.91924
    endloop
  endfacet
  facet normal 0 -1 0
    outer loop
      vertex 86.1692 4.75 4.08076
      vertex 104 4.75 12
      vertex 86.451 4.75 4.50251
    endloop
  endfacet
  facet normal 0 -1 0
    outer loop
      vertex 120.569 4.75 2.12504
      vertex 133.831 4.75 5.91924
      vertex 120.287 4.75 2.18118
    endloop
  endfacet
  facet normal 0 -1 0
    outer loop
      vertex 120 4.75 2.2
      vertex 104 4.75 12
      vertex 86.1692 4.75 4.08076
    endloop
  endfacet
  facet normal 0 -1 0
    outer loop
      vertex 120.842 4.75 2.03253
      vertex 133.831 4.75 5.91924
      vertex 120.569 4.75 2.12504
    endloop
  endfacet
  facet normal 0 -1 0
    outer loop
      vertex 120 4.75 2.2
      vertex 86.1692 4.75 4.08076
      vertex 85.7475 4.75 3.79896
    endloop
  endfacet
  facet normal 0 -1 0
    outer loop
      vertex 133.831 4.75 5.91924
      vertex 120.842 4.75 2.03253
      vertex 133.549 4.75 5.49749
    endloop
  endfacet
  facet normal 0 -1 0
    outer loop
      vertex 85.25 4.75 -3.7
      vertex 85.7475 4.75 3.79896
      vertex 85.25 4.75 3.7
    endloop
  endfacet
  facet normal 0 -1 0
    outer loop
      vertex 121.1 4.75 1.90526
      vertex 133.549 4.75 5.49749
      vertex 120.842 4.75 2.03253
    endloop
  endfacet
  facet normal 0 -1 0
    outer loop
      vertex 84 4.75 16
      vertex 104 4.75 12
      vertex 104 4.75 16
    endloop
  endfacet
  facet normal 0 -1 0
    outer loop
      vertex 86.1692 4.75 5.91924
      vertex 84 4.75 16
      vertex 85.7475 4.75 6.20104
    endloop
  endfacet
  facet normal 0 -1 0
    outer loop
      vertex 85.7475 4.75 6.20104
      vertex 84 4.75 16
      vertex 85.25 4.75 6.3
    endloop
  endfacet
  facet normal 0 -1 0
    outer loop
      vertex 84 4.75 16
      vertex 84.7525 4.75 6.20104
      vertex 85.25 4.75 6.3
    endloop
  endfacet
  facet normal 0 -1 0
    outer loop
      vertex 84 4.75 16
      vertex 84.3308 4.75 5.91924
      vertex 84.7525 4.75 6.20104
    endloop
  endfacet
  facet normal 0 -1 0
    outer loop
      vertex 84 4.75 16
      vertex 84.049 4.75 5.49749
      vertex 84.3308 4.75 5.91924
    endloop
  endfacet
  facet normal -0 -1 0
    outer loop
      vertex 84.049 4.75 5.49749
      vertex 84 4.75 16
      vertex 84 4.75 5.25136
    endloop
  endfacet
  facet normal 0 -1 0
    outer loop
      vertex 136 4.75 12
      vertex 142 4.75 16
      vertex 136 4.75 16
    endloop
  endfacet
  facet normal 0 -1 0
    outer loop
      vertex 104 4.75 12
      vertex 134.75 4.75 6.3
      vertex 136 4.75 12
    endloop
  endfacet
  facet normal 0 -1 0
    outer loop
      vertex 135.247 4.75 6.20104
      vertex 136 4.75 12
      vertex 134.75 4.75 6.3
    endloop
  endfacet
  facet normal 0 -1 0
    outer loop
      vertex 135.669 4.75 5.91924
      vertex 136 4.75 12
      vertex 135.247 4.75 6.20104
    endloop
  endfacet
  facet normal 0 -1 0
    outer loop
      vertex 135.951 4.75 5.49749
      vertex 136 4.75 12
      vertex 135.669 4.75 5.91924
    endloop
  endfacet
  facet normal 0 -1 -0
    outer loop
      vertex 136 4.75 12
      vertex 135.951 4.75 5.49749
      vertex 142 4.75 16
    endloop
  endfacet
  facet normal 0 -1 0
    outer loop
      vertex 136.05 4.75 5
      vertex 142 4.75 16
      vertex 135.951 4.75 5.49749
    endloop
  endfacet
  facet normal 0 -1 0
    outer loop
      vertex 135.951 4.75 4.50251
      vertex 142 4.75 16
      vertex 136.05 4.75 5
    endloop
  endfacet
  facet normal 0 -1 0
    outer loop
      vertex 121.556 4.75 1.55563
      vertex 133.549 4.75 5.49749
      vertex 121.339 4.75 1.74538
    endloop
  endfacet
  facet normal 0 -1 0
    outer loop
      vertex 133.549 4.75 5.49749
      vertex 121.556 4.75 1.55563
      vertex 133.45 4.75 5
    endloop
  endfacet
  facet normal 0 -1 0
    outer loop
      vertex 121.745 4.75 1.33927
      vertex 133.45 4.75 5
      vertex 121.556 4.75 1.55563
    endloop
  endfacet
  facet normal 0 -1 0
    outer loop
      vertex 121.905 4.75 1.1
      vertex 133.45 4.75 5
      vertex 121.745 4.75 1.33927
    endloop
  endfacet
  facet normal 0 -1 0
    outer loop
      vertex 122.033 4.75 0.841903
      vertex 133.45 4.75 5
      vertex 121.905 4.75 1.1
    endloop
  endfacet
  facet normal 0 -1 -0
    outer loop
      vertex 133.45 4.75 5
      vertex 122.033 4.75 0.841903
      vertex 133.549 4.75 4.50251
    endloop
  endfacet
  facet normal 0 -1 0
    outer loop
      vertex 122.125 4.75 0.569402
      vertex 133.549 4.75 4.50251
      vertex 122.033 4.75 0.841903
    endloop
  endfacet
  facet normal 0 -1 0
    outer loop
      vertex 122.181 4.75 0.287157
      vertex 133.549 4.75 4.50251
      vertex 122.125 4.75 0.569402
    endloop
  endfacet
  facet normal 0 -1 -0
    outer loop
      vertex 133.549 4.75 4.50251
      vertex 122.181 4.75 0.287157
      vertex 133.831 4.75 4.08076
    endloop
  endfacet
  facet normal 0 -1 0
    outer loop
      vertex 122.2 4.75 0
      vertex 133.831 4.75 4.08076
      vertex 122.181 4.75 0.287157
    endloop
  endfacet
  facet normal 0 -1 0
    outer loop
      vertex 134.75 4.75 -3.7
      vertex 133.831 4.75 4.08076
      vertex 122.2 4.75 0
    endloop
  endfacet
  facet normal 0 -1 0
    outer loop
      vertex 133.831 4.75 4.08076
      vertex 134.75 4.75 -3.7
      vertex 134.253 4.75 3.79896
    endloop
  endfacet
  facet normal 0 -1 0
    outer loop
      vertex 134.253 4.75 3.79896
      vertex 134.75 4.75 -3.7
      vertex 134.75 4.75 3.7
    endloop
  endfacet
  facet normal 0 -1 0
    outer loop
      vertex 134.75 4.75 -3.7
      vertex 122.2 4.75 0
      vertex 122.181 4.75 -0.287157
    endloop
  endfacet
  facet normal 0 -1 0
    outer loop
      vertex 134.75 4.75 -3.7
      vertex 122.181 4.75 -0.287157
      vertex 122.125 4.75 -0.569402
    endloop
  endfacet
  facet normal 0 -1 0
    outer loop
      vertex 134.75 4.75 -3.7
      vertex 122.125 4.75 -0.569402
      vertex 122.033 4.75 -0.841903
    endloop
  endfacet
  facet normal 0 -1 0
    outer loop
      vertex 134.75 4.75 -3.7
      vertex 122.033 4.75 -0.841903
      vertex 121.905 4.75 -1.1
    endloop
  endfacet
  facet normal 0 -1 0
    outer loop
      vertex 134.75 4.75 -3.7
      vertex 121.905 4.75 -1.1
      vertex 121.745 4.75 -1.33927
    endloop
  endfacet
  facet normal 0 -1 0
    outer loop
      vertex 134.75 4.75 -3.7
      vertex 121.745 4.75 -1.33927
      vertex 121.556 4.75 -1.55563
    endloop
  endfacet
  facet normal 0 -1 0
    outer loop
      vertex 134.75 4.75 -3.7
      vertex 121.556 4.75 -1.55563
      vertex 121.339 4.75 -1.74538
    endloop
  endfacet
  facet normal 0 -1 0
    outer loop
      vertex 134.75 4.75 -3.7
      vertex 121.339 4.75 -1.74538
      vertex 121.1 4.75 -1.90526
    endloop
  endfacet
  facet normal 0 -1 0
    outer loop
      vertex 134.75 4.75 -3.7
      vertex 121.1 4.75 -1.90526
      vertex 120.842 4.75 -2.03253
    endloop
  endfacet
  facet normal 0 -1 -0
    outer loop
      vertex 118.255 4.75 -1.33927
      vertex 104 4.75 -12
      vertex 118.444 4.75 -1.55563
    endloop
  endfacet
  facet normal 0 -1 0
    outer loop
      vertex 134.75 4.75 -3.7
      vertex 120.287 4.75 -2.18118
      vertex 120 4.75 -2.2
    endloop
  endfacet
  facet normal 0 -1 0
    outer loop
      vertex 134.75 4.75 -3.7
      vertex 120.569 4.75 -2.12504
      vertex 120.287 4.75 -2.18118
    endloop
  endfacet
  facet normal 0 -1 0
    outer loop
      vertex 134.75 4.75 -3.7
      vertex 120.842 4.75 -2.03253
      vertex 120.569 4.75 -2.12504
    endloop
  endfacet
  facet normal 0 -1 0
    outer loop
      vertex 134.75 4.75 3.7
      vertex 134.75 4.75 -3.7
      vertex 135.247 4.75 3.79896
    endloop
  endfacet
  facet normal 0 -1 0
    outer loop
      vertex 135.247 4.75 -3.79896
      vertex 135.247 4.75 3.79896
      vertex 134.75 4.75 -3.7
    endloop
  endfacet
  facet normal 0 -1 0
    outer loop
      vertex 135.247 4.75 3.79896
      vertex 135.247 4.75 -3.79896
      vertex 135.669 4.75 4.08076
    endloop
  endfacet
  facet normal 0 -1 0
    outer loop
      vertex 135.669 4.75 -4.08076
      vertex 135.669 4.75 4.08076
      vertex 135.247 4.75 -3.79896
    endloop
  endfacet
  facet normal 0 -1 0
    outer loop
      vertex 135.669 4.75 4.08076
      vertex 135.669 4.75 -4.08076
      vertex 135.951 4.75 4.50251
    endloop
  endfacet
  facet normal 0 -1 0
    outer loop
      vertex 135.951 4.75 -4.50251
      vertex 135.951 4.75 4.50251
      vertex 135.669 4.75 -4.08076
    endloop
  endfacet
  facet normal 0 -1 0
    outer loop
      vertex 135.951 4.75 4.50251
      vertex 135.951 4.75 -4.50251
      vertex 142 4.75 16
    endloop
  endfacet
  facet normal 0 -1 0
    outer loop
      vertex 142 4.75 -16
      vertex 135.951 4.75 -4.50251
      vertex 136.05 4.75 -5
    endloop
  endfacet
  facet normal 0 -1 0
    outer loop
      vertex 142 4.75 -16
      vertex 136.05 4.75 -5
      vertex 135.951 4.75 -5.49749
    endloop
  endfacet
  facet normal 0 -1 0
    outer loop
      vertex 134.253 4.75 -6.20104
      vertex 136 4.75 -12
      vertex 134.75 4.75 -6.3
    endloop
  endfacet
  facet normal 0 -1 0
    outer loop
      vertex 136 4.75 -12
      vertex 135.247 4.75 -6.20104
      vertex 134.75 4.75 -6.3
    endloop
  endfacet
  facet normal 0 -1 0
    outer loop
      vertex 136 4.75 -12
      vertex 135.669 4.75 -5.91924
      vertex 135.247 4.75 -6.20104
    endloop
  endfacet
  facet normal 0 -1 0
    outer loop
      vertex 136 4.75 -12
      vertex 135.951 4.75 -5.49749
      vertex 135.669 4.75 -5.91924
    endloop
  endfacet
  facet normal 0 -1 0
    outer loop
      vertex 142 4.75 -16
      vertex 135.951 4.75 -5.49749
      vertex 136 4.75 -12
    endloop
  endfacet
  facet normal 0 -1 0
    outer loop
      vertex 142 4.75 -16
      vertex 136 4.75 -12
      vertex 136 4.75 -16
    endloop
  endfacet
  facet normal 0 -1 0
    outer loop
      vertex 135.951 4.75 -4.50251
      vertex 142 4.75 -16
      vertex 142 4.75 16
    endloop
  endfacet
  facet normal 0 1 0
    outer loop
      vertex 135.247 -22 -6.20104
      vertex 136 -22 -12
      vertex 134.75 -22 -6.3
    endloop
  endfacet
  facet normal 0 1 0
    outer loop
      vertex 135.669 -22 -5.91924
      vertex 136 -22 -12
      vertex 135.247 -22 -6.20104
    endloop
  endfacet
  facet normal 0 1 0
    outer loop
      vertex 135.951 -22 -5.49749
      vertex 136 -22 -12
      vertex 135.669 -22 -5.91924
    endloop
  endfacet
  facet normal 0 1 -0
    outer loop
      vertex 136 -22 -12
      vertex 135.951 -22 -5.49749
      vertex 136 -22 -5.25136
    endloop
  endfacet
  facet normal 0 1 0
    outer loop
      vertex 134.253 -22 6.20104
      vertex 136 -22 12
      vertex 134.75 -22 6.3
    endloop
  endfacet
  facet normal 0 1 0
    outer loop
      vertex 136 -22 12
      vertex 135.247 -22 6.20104
      vertex 134.75 -22 6.3
    endloop
  endfacet
  facet normal 0 1 0
    outer loop
      vertex 136 -22 12
      vertex 135.669 -22 5.91924
      vertex 135.247 -22 6.20104
    endloop
  endfacet
  facet normal 0 1 0
    outer loop
      vertex 136 -22 12
      vertex 135.951 -22 5.49749
      vertex 135.669 -22 5.91924
    endloop
  endfacet
  facet normal -0 1 0
    outer loop
      vertex 135.951 -22 5.49749
      vertex 136 -22 12
      vertex 136 -22 5.25136
    endloop
  endfacet
  facet normal 0 1 0
    outer loop
      vertex 133.831 -22 5.91924
      vertex 136 -22 12
      vertex 134.253 -22 6.20104
    endloop
  endfacet
  facet normal 0 1 0
    outer loop
      vertex 120.842 -22 2.03253
      vertex 136 -22 12
      vertex 133.831 -22 5.91924
    endloop
  endfacet
  facet normal 0 1 0
    outer loop
      vertex 120.842 -22 2.03253
      vertex 133.831 -22 5.91924
      vertex 133.549 -22 5.49749
    endloop
  endfacet
  facet normal 0 1 0
    outer loop
      vertex 121.556 -22 1.55563
      vertex 133.549 -22 5.49749
      vertex 133.45 -22 5
    endloop
  endfacet
  facet normal 0 1 0
    outer loop
      vertex 122.033 -22 0.841903
      vertex 133.45 -22 5
      vertex 133.549 -22 4.50251
    endloop
  endfacet
  facet normal 0 1 0
    outer loop
      vertex 122.181 -22 0.287157
      vertex 133.549 -22 4.50251
      vertex 133.831 -22 4.08076
    endloop
  endfacet
  facet normal 0 1 0
    outer loop
      vertex 133.831 -22 -4.08076
      vertex 133.831 -22 4.08076
      vertex 134.253 -22 3.79896
    endloop
  endfacet
  facet normal 0 1 0
    outer loop
      vertex 134.253 -22 -3.79896
      vertex 134.253 -22 3.79896
      vertex 134.75 -22 3.7
    endloop
  endfacet
  facet normal -0 1 0
    outer loop
      vertex 120 -22 2.2
      vertex 136 -22 12
      vertex 120.287 -22 2.18118
    endloop
  endfacet
  facet normal 0 1 -0
    outer loop
      vertex 119.713 -22 2.18118
      vertex 104 -22 12
      vertex 120 -22 2.2
    endloop
  endfacet
  facet normal 0 1 -0
    outer loop
      vertex 119.431 -22 2.12504
      vertex 104 -22 12
      vertex 119.713 -22 2.18118
    endloop
  endfacet
  facet normal 0 1 -0
    outer loop
      vertex 119.158 -22 2.03253
      vertex 104 -22 12
      vertex 119.431 -22 2.12504
    endloop
  endfacet
  facet normal 0 1 -0
    outer loop
      vertex 118.9 -22 1.90526
      vertex 104 -22 12
      vertex 119.158 -22 2.03253
    endloop
  endfacet
  facet normal 0 1 -0
    outer loop
      vertex 118.661 -22 1.74538
      vertex 104 -22 12
      vertex 118.9 -22 1.90526
    endloop
  endfacet
  facet normal 0 1 -0
    outer loop
      vertex 118.444 -22 1.55563
      vertex 104 -22 12
      vertex 118.661 -22 1.74538
    endloop
  endfacet
  facet normal 0 1 -0
    outer loop
      vertex 118.255 -22 1.33927
      vertex 104 -22 12
      vertex 118.444 -22 1.55563
    endloop
  endfacet
  facet normal 0 1 -0
    outer loop
      vertex 118.095 -22 1.1
      vertex 104 -22 12
      vertex 118.255 -22 1.33927
    endloop
  endfacet
  facet normal 0 1 -0
    outer loop
      vertex 117.967 -22 0.841903
      vertex 104 -22 12
      vertex 118.095 -22 1.1
    endloop
  endfacet
  facet normal 0 1 -0
    outer loop
      vertex 117.875 -22 0.569402
      vertex 104 -22 12
      vertex 117.967 -22 0.841903
    endloop
  endfacet
  facet normal 0 1 -0
    outer loop
      vertex 117.819 -22 0.287157
      vertex 104 -22 12
      vertex 117.875 -22 0.569402
    endloop
  endfacet
  facet normal 0 1 -0
    outer loop
      vertex 117.8 -22 0
      vertex 104 -22 12
      vertex 117.819 -22 0.287157
    endloop
  endfacet
  facet normal 0 1 0
    outer loop
      vertex 104 -22 -12
      vertex 117.8 -22 0
      vertex 117.819 -22 -0.287157
    endloop
  endfacet
  facet normal 0 1 0
    outer loop
      vertex 104 -22 -12
      vertex 117.819 -22 -0.287157
      vertex 117.875 -22 -0.569402
    endloop
  endfacet
  facet normal 0 1 0
    outer loop
      vertex 104 -22 -12
      vertex 117.875 -22 -0.569402
      vertex 117.967 -22 -0.841903
    endloop
  endfacet
  facet normal 0 1 0
    outer loop
      vertex 104 -22 -12
      vertex 117.967 -22 -0.841903
      vertex 118.095 -22 -1.1
    endloop
  endfacet
  facet normal 0 1 0
    outer loop
      vertex 104 -22 -12
      vertex 118.095 -22 -1.1
      vertex 118.255 -22 -1.33927
    endloop
  endfacet
  facet normal 0 1 0
    outer loop
      vertex 104 -22 -12
      vertex 118.255 -22 -1.33927
      vertex 118.444 -22 -1.55563
    endloop
  endfacet
  facet normal 0 1 0
    outer loop
      vertex 121.339 -22 -1.74538
      vertex 133.549 -22 -5.49749
      vertex 121.1 -22 -1.90526
    endloop
  endfacet
  facet normal 0 1 0
    outer loop
      vertex 121.1 -22 -1.90526
      vertex 133.549 -22 -5.49749
      vertex 120.842 -22 -2.03253
    endloop
  endfacet
  facet normal 0 1 0
    outer loop
      vertex 133.831 -22 -5.91924
      vertex 120.842 -22 -2.03253
      vertex 133.549 -22 -5.49749
    endloop
  endfacet
  facet normal 0 1 0
    outer loop
      vertex 136 -22 -12
      vertex 120.842 -22 -2.03253
      vertex 133.831 -22 -5.91924
    endloop
  endfacet
  facet normal 0 1 0
    outer loop
      vertex 120.842 -22 -2.03253
      vertex 136 -22 -12
      vertex 120.569 -22 -2.12504
    endloop
  endfacet
  facet normal 0 1 0
    outer loop
      vertex 120.569 -22 -2.12504
      vertex 136 -22 -12
      vertex 120.287 -22 -2.18118
    endloop
  endfacet
  facet normal 0 1 0
    outer loop
      vertex 120.287 -22 -2.18118
      vertex 136 -22 -12
      vertex 120 -22 -2.2
    endloop
  endfacet
  facet normal 0 1 0
    outer loop
      vertex 104 -22 -12
      vertex 120 -22 -2.2
      vertex 136 -22 -12
    endloop
  endfacet
  facet normal 0 1 0
    outer loop
      vertex 136 -22 -12
      vertex 133.831 -22 -5.91924
      vertex 134.253 -22 -6.20104
    endloop
  endfacet
  facet normal 0 1 0
    outer loop
      vertex 136 -22 -12
      vertex 134.253 -22 -6.20104
      vertex 134.75 -22 -6.3
    endloop
  endfacet
  facet normal 0 1 0
    outer loop
      vertex 120 -22 -2.2
      vertex 104 -22 -12
      vertex 119.713 -22 -2.18118
    endloop
  endfacet
  facet normal 0 1 0
    outer loop
      vertex 119.713 -22 -2.18118
      vertex 104 -22 -12
      vertex 119.431 -22 -2.12504
    endloop
  endfacet
  facet normal 0 1 0
    outer loop
      vertex 119.431 -22 -2.12504
      vertex 104 -22 -12
      vertex 119.158 -22 -2.03253
    endloop
  endfacet
  facet normal 0 1 0
    outer loop
      vertex 117.8 -22 0
      vertex 104 -22 -12
      vertex 104 -22 12
    endloop
  endfacet
  facet normal 0 1 0
    outer loop
      vertex 118.661 -22 -1.74538
      vertex 104 -22 -12
      vertex 118.444 -22 -1.55563
    endloop
  endfacet
  facet normal 0 1 0
    outer loop
      vertex 118.9 -22 -1.90526
      vertex 104 -22 -12
      vertex 118.661 -22 -1.74538
    endloop
  endfacet
  facet normal 0 1 0
    outer loop
      vertex 119.158 -22 -2.03253
      vertex 104 -22 -12
      vertex 118.9 -22 -1.90526
    endloop
  endfacet
  facet normal 0 1 0
    outer loop
      vertex 136 -22 12
      vertex 120 -22 2.2
      vertex 104 -22 12
    endloop
  endfacet
  facet normal 0 1 0
    outer loop
      vertex 136 -22 12
      vertex 120.569 -22 2.12504
      vertex 120.287 -22 2.18118
    endloop
  endfacet
  facet normal 0 1 0
    outer loop
      vertex 136 -22 12
      vertex 120.842 -22 2.03253
      vertex 120.569 -22 2.12504
    endloop
  endfacet
  facet normal 0 1 0
    outer loop
      vertex 133.549 -22 5.49749
      vertex 121.1 -22 1.90526
      vertex 120.842 -22 2.03253
    endloop
  endfacet
  facet normal 0 1 0
    outer loop
      vertex 133.549 -22 5.49749
      vertex 121.339 -22 1.74538
      vertex 121.1 -22 1.90526
    endloop
  endfacet
  facet normal 0 1 0
    outer loop
      vertex 133.549 -22 5.49749
      vertex 121.556 -22 1.55563
      vertex 121.339 -22 1.74538
    endloop
  endfacet
  facet normal 0 1 0
    outer loop
      vertex 133.45 -22 5
      vertex 121.745 -22 1.33927
      vertex 121.556 -22 1.55563
    endloop
  endfacet
  facet normal 0 1 0
    outer loop
      vertex 133.45 -22 5
      vertex 121.905 -22 1.1
      vertex 121.745 -22 1.33927
    endloop
  endfacet
  facet normal 0 1 0
    outer loop
      vertex 134.75 -22 -3.7
      vertex 134.75 -22 3.7
      vertex 135.247 -22 3.79896
    endloop
  endfacet
  facet normal 0 1 0
    outer loop
      vertex 133.45 -22 5
      vertex 122.033 -22 0.841903
      vertex 121.905 -22 1.1
    endloop
  endfacet
  facet normal 0 1 0
    outer loop
      vertex 133.549 -22 4.50251
      vertex 122.125 -22 0.569402
      vertex 122.033 -22 0.841903
    endloop
  endfacet
  facet normal 0 1 0
    outer loop
      vertex 133.549 -22 4.50251
      vertex 122.181 -22 0.287157
      vertex 122.125 -22 0.569402
    endloop
  endfacet
  facet normal 0 1 0
    outer loop
      vertex 133.831 -22 4.08076
      vertex 122.2 -22 0
      vertex 122.181 -22 0.287157
    endloop
  endfacet
  facet normal 0 1 0
    outer loop
      vertex 134.253 -22 -3.79896
      vertex 134.75 -22 3.7
      vertex 134.75 -22 -3.7
    endloop
  endfacet
  facet normal 0 1 0
    outer loop
      vertex 134.253 -22 3.79896
      vertex 134.253 -22 -3.79896
      vertex 133.831 -22 -4.08076
    endloop
  endfacet
  facet normal 0 1 0
    outer loop
      vertex 133.831 -22 4.08076
      vertex 133.831 -22 -4.08076
      vertex 122.2 -22 0
    endloop
  endfacet
  facet normal 0 1 0
    outer loop
      vertex 122.2 -22 0
      vertex 133.831 -22 -4.08076
      vertex 122.181 -22 -0.287157
    endloop
  endfacet
  facet normal 0 1 -0
    outer loop
      vertex 133.549 -22 -4.50251
      vertex 122.181 -22 -0.287157
      vertex 133.831 -22 -4.08076
    endloop
  endfacet
  facet normal 0 1 0
    outer loop
      vertex 122.181 -22 -0.287157
      vertex 133.549 -22 -4.50251
      vertex 122.125 -22 -0.569402
    endloop
  endfacet
  facet normal 0 1 0
    outer loop
      vertex 122.125 -22 -0.569402
      vertex 133.549 -22 -4.50251
      vertex 122.033 -22 -0.841903
    endloop
  endfacet
  facet normal 0 1 -0
    outer loop
      vertex 133.45 -22 -5
      vertex 122.033 -22 -0.841903
      vertex 133.549 -22 -4.50251
    endloop
  endfacet
  facet normal 0 1 0
    outer loop
      vertex 122.033 -22 -0.841903
      vertex 133.45 -22 -5
      vertex 121.905 -22 -1.1
    endloop
  endfacet
  facet normal 0 1 0
    outer loop
      vertex 121.556 -22 -1.55563
      vertex 133.549 -22 -5.49749
      vertex 121.339 -22 -1.74538
    endloop
  endfacet
  facet normal 0 1 0
    outer loop
      vertex 133.549 -22 -5.49749
      vertex 121.556 -22 -1.55563
      vertex 133.45 -22 -5
    endloop
  endfacet
  facet normal 0 1 0
    outer loop
      vertex 121.745 -22 -1.33927
      vertex 133.45 -22 -5
      vertex 121.556 -22 -1.55563
    endloop
  endfacet
  facet normal 0 1 0
    outer loop
      vertex 121.905 -22 -1.1
      vertex 133.45 -22 -5
      vertex 121.745 -22 -1.33927
    endloop
  endfacet
  facet normal 0 1 0
    outer loop
      vertex 135.247 -22 -3.79896
      vertex 135.247 -22 3.79896
      vertex 135.669 -22 4.08076
    endloop
  endfacet
  facet normal 0 1 0
    outer loop
      vertex 135.669 -22 -4.08076
      vertex 135.669 -22 4.08076
      vertex 135.951 -22 4.50251
    endloop
  endfacet
  facet normal 0 1 0
    outer loop
      vertex 135.951 -22 -4.50251
      vertex 135.951 -22 4.50251
      vertex 136 -22 4.74864
    endloop
  endfacet
  facet normal 0 1 0
    outer loop
      vertex 135.247 -22 3.79896
      vertex 135.247 -22 -3.79896
      vertex 134.75 -22 -3.7
    endloop
  endfacet
  facet normal 0 1 0
    outer loop
      vertex 135.669 -22 4.08076
      vertex 135.669 -22 -4.08076
      vertex 135.247 -22 -3.79896
    endloop
  endfacet
  facet normal 0 1 0
    outer loop
      vertex 135.951 -22 4.50251
      vertex 135.951 -22 -4.50251
      vertex 135.669 -22 -4.08076
    endloop
  endfacet
  facet normal -0 1 0
    outer loop
      vertex 135.951 -22 -4.50251
      vertex 136 -22 4.74864
      vertex 136 -22 -4.74864
    endloop
  endfacet
  facet normal -0.831474 0 0.555564
    outer loop
      vertex 86.1692 4.75 4.08076
      vertex 86.451 8.25 4.50251
      vertex 86.1692 8.25 4.08076
    endloop
  endfacet
  facet normal -0.831474 0 0.555564
    outer loop
      vertex 86.451 8.25 4.50251
      vertex 86.1692 4.75 4.08076
      vertex 86.451 4.75 4.50251
    endloop
  endfacet
  facet normal -0.980769 0 0.195172
    outer loop
      vertex 86.451 4.75 4.50251
      vertex 86.55 8.25 5
      vertex 86.451 8.25 4.50251
    endloop
  endfacet
  facet normal -0.980769 0 0.195172
    outer loop
      vertex 86.55 8.25 5
      vertex 86.451 4.75 4.50251
      vertex 86.55 4.75 5
    endloop
  endfacet
  facet normal -0.55561 0 0.831443
    outer loop
      vertex 85.7475 8.25 3.79896
      vertex 86.1692 4.75 4.08076
      vertex 86.1692 8.25 4.08076
    endloop
  endfacet
  facet normal -0.55561 0 0.831443
    outer loop
      vertex 86.1692 4.75 4.08076
      vertex 85.7475 8.25 3.79896
      vertex 85.7475 4.75 3.79896
    endloop
  endfacet
  facet normal -0.195092 0 0.980785
    outer loop
      vertex 85.25 8.25 3.7
      vertex 85.7475 4.75 3.79896
      vertex 85.7475 8.25 3.79896
    endloop
  endfacet
  facet normal -0.195092 0 0.980785
    outer loop
      vertex 85.7475 4.75 3.79896
      vertex 85.25 8.25 3.7
      vertex 85.25 4.75 3.7
    endloop
  endfacet
  facet normal 0.831474 0 -0.555564
    outer loop
      vertex 84.3308 4.75 5.91924
      vertex 84.049 8.25 5.49749
      vertex 84.3308 8.25 5.91924
    endloop
  endfacet
  facet normal 0.831474 0 -0.555564
    outer loop
      vertex 84.049 8.25 5.49749
      vertex 84.3308 4.75 5.91924
      vertex 84.049 4.75 5.49749
    endloop
  endfacet
  facet normal 0.980753 -0 0.19525
    outer loop
      vertex 84 4.75 4.74864
      vertex 84.049 8.25 4.50251
      vertex 84 8.25 4.74864
    endloop
  endfacet
  facet normal 0.980753 0 0.19525
    outer loop
      vertex 84.049 8.25 4.50251
      vertex 84 4.75 4.74864
      vertex 84.049 4.75 4.50251
    endloop
  endfacet
  facet normal -0.980769 0 -0.195172
    outer loop
      vertex 86.55 4.75 5
      vertex 86.451 8.25 5.49749
      vertex 86.55 8.25 5
    endloop
  endfacet
  facet normal -0.980769 -0 -0.195172
    outer loop
      vertex 86.451 8.25 5.49749
      vertex 86.55 4.75 5
      vertex 86.451 4.75 5.49749
    endloop
  endfacet
  facet normal 0.55561 0 0.831443
    outer loop
      vertex 84.3308 8.25 4.08076
      vertex 84.7525 4.75 3.79896
      vertex 84.7525 8.25 3.79896
    endloop
  endfacet
  facet normal 0.55561 0 0.831443
    outer loop
      vertex 84.7525 4.75 3.79896
      vertex 84.3308 8.25 4.08076
      vertex 84.3308 4.75 4.08076
    endloop
  endfacet
  facet normal -0.55561 0 -0.831443
    outer loop
      vertex 85.7475 4.75 6.20104
      vertex 86.1692 8.25 5.91924
      vertex 86.1692 4.75 5.91924
    endloop
  endfacet
  facet normal -0.55561 0 -0.831443
    outer loop
      vertex 86.1692 8.25 5.91924
      vertex 85.7475 4.75 6.20104
      vertex 85.7475 8.25 6.20104
    endloop
  endfacet
  facet normal -0.195092 0 -0.980785
    outer loop
      vertex 85.25 4.75 6.3
      vertex 85.7475 8.25 6.20104
      vertex 85.7475 4.75 6.20104
    endloop
  endfacet
  facet normal -0.195092 0 -0.980785
    outer loop
      vertex 85.7475 8.25 6.20104
      vertex 85.25 4.75 6.3
      vertex 85.25 8.25 6.3
    endloop
  endfacet
  facet normal 0.831474 -0 0.555564
    outer loop
      vertex 84.049 4.75 4.50251
      vertex 84.3308 8.25 4.08076
      vertex 84.049 8.25 4.50251
    endloop
  endfacet
  facet normal 0.831474 0 0.555564
    outer loop
      vertex 84.3308 8.25 4.08076
      vertex 84.049 4.75 4.50251
      vertex 84.3308 4.75 4.08076
    endloop
  endfacet
  facet normal 0.195092 0 0.980785
    outer loop
      vertex 84.7525 8.25 3.79896
      vertex 85.25 4.75 3.7
      vertex 85.25 8.25 3.7
    endloop
  endfacet
  facet normal 0.195092 0 0.980785
    outer loop
      vertex 85.25 4.75 3.7
      vertex 84.7525 8.25 3.79896
      vertex 84.7525 4.75 3.79896
    endloop
  endfacet
  facet normal 0.195092 0 -0.980785
    outer loop
      vertex 84.7525 4.75 6.20104
      vertex 85.25 8.25 6.3
      vertex 85.25 4.75 6.3
    endloop
  endfacet
  facet normal 0.195092 0 -0.980785
    outer loop
      vertex 85.25 8.25 6.3
      vertex 84.7525 4.75 6.20104
      vertex 84.7525 8.25 6.20104
    endloop
  endfacet
  facet normal -0.831474 0 -0.555564
    outer loop
      vertex 86.451 4.75 5.49749
      vertex 86.1692 8.25 5.91924
      vertex 86.451 8.25 5.49749
    endloop
  endfacet
  facet normal -0.831474 -0 -0.555564
    outer loop
      vertex 86.1692 8.25 5.91924
      vertex 86.451 4.75 5.49749
      vertex 86.1692 4.75 5.91924
    endloop
  endfacet
  facet normal 0.55561 0 -0.831443
    outer loop
      vertex 84.3308 4.75 5.91924
      vertex 84.7525 8.25 6.20104
      vertex 84.7525 4.75 6.20104
    endloop
  endfacet
  facet normal 0.55561 0 -0.831443
    outer loop
      vertex 84.7525 8.25 6.20104
      vertex 84.3308 4.75 5.91924
      vertex 84.3308 8.25 5.91924
    endloop
  endfacet
  facet normal 0.980753 0 -0.19525
    outer loop
      vertex 84.049 4.75 5.49749
      vertex 84 8.25 5.25136
      vertex 84.049 8.25 5.49749
    endloop
  endfacet
  facet normal 0.980753 0 -0.19525
    outer loop
      vertex 84 8.25 5.25136
      vertex 84.049 4.75 5.49749
      vertex 84 4.75 5.25136
    endloop
  endfacet
  facet normal -0.831474 0 0.555564
    outer loop
      vertex 86.1692 4.75 -5.91924
      vertex 86.451 8.25 -5.49749
      vertex 86.1692 8.25 -5.91924
    endloop
  endfacet
  facet normal -0.831474 0 0.555564
    outer loop
      vertex 86.451 8.25 -5.49749
      vertex 86.1692 4.75 -5.91924
      vertex 86.451 4.75 -5.49749
    endloop
  endfacet
  facet normal -0.980769 0 0.195172
    outer loop
      vertex 86.451 4.75 -5.49749
      vertex 86.55 8.25 -5
      vertex 86.451 8.25 -5.49749
    endloop
  endfacet
  facet normal -0.980769 0 0.195172
    outer loop
      vertex 86.55 8.25 -5
      vertex 86.451 4.75 -5.49749
      vertex 86.55 4.75 -5
    endloop
  endfacet
  facet normal -0.55561 0 0.831443
    outer loop
      vertex 85.7475 8.25 -6.20104
      vertex 86.1692 4.75 -5.91924
      vertex 86.1692 8.25 -5.91924
    endloop
  endfacet
  facet normal -0.55561 0 0.831443
    outer loop
      vertex 86.1692 4.75 -5.91924
      vertex 85.7475 8.25 -6.20104
      vertex 85.7475 4.75 -6.20104
    endloop
  endfacet
  facet normal 0.980753 0 -0.19525
    outer loop
      vertex 84.049 4.75 -4.50251
      vertex 84 8.25 -4.74864
      vertex 84.049 8.25 -4.50251
    endloop
  endfacet
  facet normal 0.980753 0 -0.19525
    outer loop
      vertex 84 8.25 -4.74864
      vertex 84.049 4.75 -4.50251
      vertex 84 4.75 -4.74864
    endloop
  endfacet
  facet normal 0.195092 0 0.980785
    outer loop
      vertex 84.7525 8.25 -6.20104
      vertex 85.25 4.75 -6.3
      vertex 85.25 8.25 -6.3
    endloop
  endfacet
  facet normal 0.195092 0 0.980785
    outer loop
      vertex 85.25 4.75 -6.3
      vertex 84.7525 8.25 -6.20104
      vertex 84.7525 4.75 -6.20104
    endloop
  endfacet
  facet normal 0.831474 -0 0.555564
    outer loop
      vertex 84.049 4.75 -5.49749
      vertex 84.3308 8.25 -5.91924
      vertex 84.049 8.25 -5.49749
    endloop
  endfacet
  facet normal 0.831474 0 0.555564
    outer loop
      vertex 84.3308 8.25 -5.91924
      vertex 84.049 4.75 -5.49749
      vertex 84.3308 4.75 -5.91924
    endloop
  endfacet
  facet normal -0.195092 0 -0.980785
    outer loop
      vertex 85.25 4.75 -3.7
      vertex 85.7475 8.25 -3.79896
      vertex 85.7475 4.75 -3.79896
    endloop
  endfacet
  facet normal -0.195092 0 -0.980785
    outer loop
      vertex 85.7475 8.25 -3.79896
      vertex 85.25 4.75 -3.7
      vertex 85.25 8.25 -3.7
    endloop
  endfacet
  facet normal 0.195092 0 -0.980785
    outer loop
      vertex 84.7525 4.75 -3.79896
      vertex 85.25 8.25 -3.7
      vertex 85.25 4.75 -3.7
    endloop
  endfacet
  facet normal 0.195092 0 -0.980785
    outer loop
      vertex 85.25 8.25 -3.7
      vertex 84.7525 4.75 -3.79896
      vertex 84.7525 8.25 -3.79896
    endloop
  endfacet
  facet normal -0.980769 0 -0.195172
    outer loop
      vertex 86.55 4.75 -5
      vertex 86.451 8.25 -4.50251
      vertex 86.55 8.25 -5
    endloop
  endfacet
  facet normal -0.980769 -0 -0.195172
    outer loop
      vertex 86.451 8.25 -4.50251
      vertex 86.55 4.75 -5
      vertex 86.451 4.75 -4.50251
    endloop
  endfacet
  facet normal -0.195092 0 0.980785
    outer loop
      vertex 85.25 8.25 -6.3
      vertex 85.7475 4.75 -6.20104
      vertex 85.7475 8.25 -6.20104
    endloop
  endfacet
  facet normal -0.195092 0 0.980785
    outer loop
      vertex 85.7475 4.75 -6.20104
      vertex 85.25 8.25 -6.3
      vertex 85.25 4.75 -6.3
    endloop
  endfacet
  facet normal -0.55561 0 -0.831443
    outer loop
      vertex 85.7475 4.75 -3.79896
      vertex 86.1692 8.25 -4.08076
      vertex 86.1692 4.75 -4.08076
    endloop
  endfacet
  facet normal -0.55561 0 -0.831443
    outer loop
      vertex 86.1692 8.25 -4.08076
      vertex 85.7475 4.75 -3.79896
      vertex 85.7475 8.25 -3.79896
    endloop
  endfacet
  facet normal -0.831474 0 -0.555564
    outer loop
      vertex 86.451 4.75 -4.50251
      vertex 86.1692 8.25 -4.08076
      vertex 86.451 8.25 -4.50251
    endloop
  endfacet
  facet normal -0.831474 -0 -0.555564
    outer loop
      vertex 86.1692 8.25 -4.08076
      vertex 86.451 4.75 -4.50251
      vertex 86.1692 4.75 -4.08076
    endloop
  endfacet
  facet normal 0.831474 0 -0.555564
    outer loop
      vertex 84.3308 4.75 -4.08076
      vertex 84.049 8.25 -4.50251
      vertex 84.3308 8.25 -4.08076
    endloop
  endfacet
  facet normal 0.831474 0 -0.555564
    outer loop
      vertex 84.049 8.25 -4.50251
      vertex 84.3308 4.75 -4.08076
      vertex 84.049 4.75 -4.50251
    endloop
  endfacet
  facet normal 0.980753 -0 0.19525
    outer loop
      vertex 84 4.75 -5.25136
      vertex 84.049 8.25 -5.49749
      vertex 84 8.25 -5.25136
    endloop
  endfacet
  facet normal 0.980753 0 0.19525
    outer loop
      vertex 84.049 8.25 -5.49749
      vertex 84 4.75 -5.25136
      vertex 84.049 4.75 -5.49749
    endloop
  endfacet
  facet normal 0.55561 0 0.831443
    outer loop
      vertex 84.3308 8.25 -5.91924
      vertex 84.7525 4.75 -6.20104
      vertex 84.7525 8.25 -6.20104
    endloop
  endfacet
  facet normal 0.55561 0 0.831443
    outer loop
      vertex 84.7525 4.75 -6.20104
      vertex 84.3308 8.25 -5.91924
      vertex 84.3308 4.75 -5.91924
    endloop
  endfacet
  facet normal 0.55561 0 -0.831443
    outer loop
      vertex 84.3308 4.75 -4.08076
      vertex 84.7525 8.25 -3.79896
      vertex 84.7525 4.75 -3.79896
    endloop
  endfacet
  facet normal 0.55561 0 -0.831443
    outer loop
      vertex 84.7525 8.25 -3.79896
      vertex 84.3308 4.75 -4.08076
      vertex 84.3308 8.25 -4.08076
    endloop
  endfacet
  facet normal 0.195281 0 -0.980747
    outer loop
      vertex 134.253 4.75 6.20104
      vertex 134.75 8.25 6.3
      vertex 134.75 4.75 6.3
    endloop
  endfacet
  facet normal 0.195281 0 -0.980747
    outer loop
      vertex 134.75 8.25 6.3
      vertex 134.253 4.75 6.20104
      vertex 134.253 8.25 6.20104
    endloop
  endfacet
  facet normal 0.195281 0 -0.980747
    outer loop
      vertex 134.253 -27 6.20104
      vertex 134.75 -22 6.3
      vertex 134.75 -27 6.3
    endloop
  endfacet
  facet normal 0.195281 0 -0.980747
    outer loop
      vertex 134.75 -22 6.3
      vertex 134.253 -27 6.20104
      vertex 134.253 -22 6.20104
    endloop
  endfacet
  facet normal -0.831291 0 0.555837
    outer loop
      vertex 135.669 4.75 4.08076
      vertex 135.951 8.25 4.50251
      vertex 135.669 8.25 4.08076
    endloop
  endfacet
  facet normal -0.831291 0 0.555837
    outer loop
      vertex 135.951 8.25 4.50251
      vertex 135.669 4.75 4.08076
      vertex 135.951 4.75 4.50251
    endloop
  endfacet
  facet normal -0.831291 0 0.555837
    outer loop
      vertex 135.669 -27 4.08076
      vertex 135.951 -22 4.50251
      vertex 135.669 -22 4.08076
    endloop
  endfacet
  facet normal -0.831291 0 0.555837
    outer loop
      vertex 135.951 -22 4.50251
      vertex 135.669 -27 4.08076
      vertex 135.951 -27 4.50251
    endloop
  endfacet
  facet normal -0.980753 0 0.19525
    outer loop
      vertex 135.951 -27 4.50251
      vertex 136 -22 4.74864
      vertex 135.951 -22 4.50251
    endloop
  endfacet
  facet normal -0.980753 0 0.19525
    outer loop
      vertex 136 -22 4.74864
      vertex 135.951 -27 4.50251
      vertex 136 -27 4.74864
    endloop
  endfacet
  facet normal -0.980769 0 0.195172
    outer loop
      vertex 135.951 4.75 4.50251
      vertex 136.05 8.25 5
      vertex 135.951 8.25 4.50251
    endloop
  endfacet
  facet normal -0.980769 0 0.195172
    outer loop
      vertex 136.05 8.25 5
      vertex 135.951 4.75 4.50251
      vertex 136.05 4.75 5
    endloop
  endfacet
  facet normal -0.555337 0 0.831626
    outer loop
      vertex 135.247 8.25 3.79896
      vertex 135.669 4.75 4.08076
      vertex 135.669 8.25 4.08076
    endloop
  endfacet
  facet normal -0.555337 0 0.831626
    outer loop
      vertex 135.669 4.75 4.08076
      vertex 135.247 8.25 3.79896
      vertex 135.247 4.75 3.79896
    endloop
  endfacet
  facet normal -0.555337 0 0.831626
    outer loop
      vertex 135.247 -22 3.79896
      vertex 135.669 -27 4.08076
      vertex 135.669 -22 4.08076
    endloop
  endfacet
  facet normal -0.555337 0 0.831626
    outer loop
      vertex 135.669 -27 4.08076
      vertex 135.247 -22 3.79896
      vertex 135.247 -27 3.79896
    endloop
  endfacet
  facet normal -0.831291 0 -0.555837
    outer loop
      vertex 135.951 4.75 5.49749
      vertex 135.669 8.25 5.91924
      vertex 135.951 8.25 5.49749
    endloop
  endfacet
  facet normal -0.831291 -0 -0.555837
    outer loop
      vertex 135.669 8.25 5.91924
      vertex 135.951 4.75 5.49749
      vertex 135.669 4.75 5.91924
    endloop
  endfacet
  facet normal -0.831291 0 -0.555837
    outer loop
      vertex 135.951 -27 5.49749
      vertex 135.669 -22 5.91924
      vertex 135.951 -22 5.49749
    endloop
  endfacet
  facet normal -0.831291 -0 -0.555837
    outer loop
      vertex 135.669 -22 5.91924
      vertex 135.951 -27 5.49749
      vertex 135.669 -27 5.91924
    endloop
  endfacet
  facet normal -0.555337 0 -0.831626
    outer loop
      vertex 135.247 4.75 6.20104
      vertex 135.669 8.25 5.91924
      vertex 135.669 4.75 5.91924
    endloop
  endfacet
  facet normal -0.555337 0 -0.831626
    outer loop
      vertex 135.669 8.25 5.91924
      vertex 135.247 4.75 6.20104
      vertex 135.247 8.25 6.20104
    endloop
  endfacet
  facet normal -0.555337 0 -0.831626
    outer loop
      vertex 135.247 -27 6.20104
      vertex 135.669 -22 5.91924
      vertex 135.669 -27 5.91924
    endloop
  endfacet
  facet normal -0.555337 0 -0.831626
    outer loop
      vertex 135.669 -22 5.91924
      vertex 135.247 -27 6.20104
      vertex 135.247 -22 6.20104
    endloop
  endfacet
  facet normal 0.980769 -0 0.195172
    outer loop
      vertex 133.45 4.75 5
      vertex 133.549 8.25 4.50251
      vertex 133.45 8.25 5
    endloop
  endfacet
  facet normal 0.980769 0 0.195172
    outer loop
      vertex 133.549 8.25 4.50251
      vertex 133.45 4.75 5
      vertex 133.549 4.75 4.50251
    endloop
  endfacet
  facet normal 0.980769 -0 0.195172
    outer loop
      vertex 133.45 -27 5
      vertex 133.549 -22 4.50251
      vertex 133.45 -22 5
    endloop
  endfacet
  facet normal 0.980769 0 0.195172
    outer loop
      vertex 133.549 -22 4.50251
      vertex 133.45 -27 5
      vertex 133.549 -27 4.50251
    endloop
  endfacet
  facet normal -0.195281 0 -0.980747
    outer loop
      vertex 134.75 4.75 6.3
      vertex 135.247 8.25 6.20104
      vertex 135.247 4.75 6.20104
    endloop
  endfacet
  facet normal -0.195281 0 -0.980747
    outer loop
      vertex 135.247 8.25 6.20104
      vertex 134.75 4.75 6.3
      vertex 134.75 8.25 6.3
    endloop
  endfacet
  facet normal -0.195281 0 -0.980747
    outer loop
      vertex 134.75 -27 6.3
      vertex 135.247 -22 6.20104
      vertex 135.247 -27 6.20104
    endloop
  endfacet
  facet normal -0.195281 0 -0.980747
    outer loop
      vertex 135.247 -22 6.20104
      vertex 134.75 -27 6.3
      vertex 134.75 -22 6.3
    endloop
  endfacet
  facet normal 0.555337 0 0.831626
    outer loop
      vertex 133.831 8.25 4.08076
      vertex 134.253 4.75 3.79896
      vertex 134.253 8.25 3.79896
    endloop
  endfacet
  facet normal 0.555337 0 0.831626
    outer loop
      vertex 134.253 4.75 3.79896
      vertex 133.831 8.25 4.08076
      vertex 133.831 4.75 4.08076
    endloop
  endfacet
  facet normal 0.555337 0 0.831626
    outer loop
      vertex 133.831 -22 4.08076
      vertex 134.253 -27 3.79896
      vertex 134.253 -22 3.79896
    endloop
  endfacet
  facet normal 0.555337 0 0.831626
    outer loop
      vertex 134.253 -27 3.79896
      vertex 133.831 -22 4.08076
      vertex 133.831 -27 4.08076
    endloop
  endfacet
  facet normal -0.980753 0 -0.19525
    outer loop
      vertex 136 -27 5.25136
      vertex 135.951 -22 5.49749
      vertex 136 -22 5.25136
    endloop
  endfacet
  facet normal -0.980753 -0 -0.19525
    outer loop
      vertex 135.951 -22 5.49749
      vertex 136 -27 5.25136
      vertex 135.951 -27 5.49749
    endloop
  endfacet
  facet normal -0.980769 0 -0.195172
    outer loop
      vertex 136.05 4.75 5
      vertex 135.951 8.25 5.49749
      vertex 136.05 8.25 5
    endloop
  endfacet
  facet normal -0.980769 -0 -0.195172
    outer loop
      vertex 135.951 8.25 5.49749
      vertex 136.05 4.75 5
      vertex 135.951 4.75 5.49749
    endloop
  endfacet
  facet normal 0.980769 0 -0.195172
    outer loop
      vertex 133.549 4.75 5.49749
      vertex 133.45 8.25 5
      vertex 133.549 8.25 5.49749
    endloop
  endfacet
  facet normal 0.980769 0 -0.195172
    outer loop
      vertex 133.45 8.25 5
      vertex 133.549 4.75 5.49749
      vertex 133.45 4.75 5
    endloop
  endfacet
  facet normal 0.980769 0 -0.195172
    outer loop
      vertex 133.549 -27 5.49749
      vertex 133.45 -22 5
      vertex 133.549 -22 5.49749
    endloop
  endfacet
  facet normal 0.980769 0 -0.195172
    outer loop
      vertex 133.45 -22 5
      vertex 133.549 -27 5.49749
      vertex 133.45 -27 5
    endloop
  endfacet
  facet normal 0.195281 0 0.980747
    outer loop
      vertex 134.253 8.25 3.79896
      vertex 134.75 4.75 3.7
      vertex 134.75 8.25 3.7
    endloop
  endfacet
  facet normal 0.195281 0 0.980747
    outer loop
      vertex 134.75 4.75 3.7
      vertex 134.253 8.25 3.79896
      vertex 134.253 4.75 3.79896
    endloop
  endfacet
  facet normal 0.195281 0 0.980747
    outer loop
      vertex 134.253 -22 3.79896
      vertex 134.75 -27 3.7
      vertex 134.75 -22 3.7
    endloop
  endfacet
  facet normal 0.195281 0 0.980747
    outer loop
      vertex 134.75 -27 3.7
      vertex 134.253 -22 3.79896
      vertex 134.253 -27 3.79896
    endloop
  endfacet
  facet normal -0.195281 0 0.980747
    outer loop
      vertex 134.75 8.25 3.7
      vertex 135.247 4.75 3.79896
      vertex 135.247 8.25 3.79896
    endloop
  endfacet
  facet normal -0.195281 0 0.980747
    outer loop
      vertex 135.247 4.75 3.79896
      vertex 134.75 8.25 3.7
      vertex 134.75 4.75 3.7
    endloop
  endfacet
  facet normal -0.195281 0 0.980747
    outer loop
      vertex 134.75 -22 3.7
      vertex 135.247 -27 3.79896
      vertex 135.247 -22 3.79896
    endloop
  endfacet
  facet normal -0.195281 0 0.980747
    outer loop
      vertex 135.247 -27 3.79896
      vertex 134.75 -22 3.7
      vertex 134.75 -27 3.7
    endloop
  endfacet
  facet normal 0.831291 -0 0.555837
    outer loop
      vertex 133.549 4.75 4.50251
      vertex 133.831 8.25 4.08076
      vertex 133.549 8.25 4.50251
    endloop
  endfacet
  facet normal 0.831291 0 0.555837
    outer loop
      vertex 133.831 8.25 4.08076
      vertex 133.549 4.75 4.50251
      vertex 133.831 4.75 4.08076
    endloop
  endfacet
  facet normal 0.831291 -0 0.555837
    outer loop
      vertex 133.549 -27 4.50251
      vertex 133.831 -22 4.08076
      vertex 133.549 -22 4.50251
    endloop
  endfacet
  facet normal 0.831291 0 0.555837
    outer loop
      vertex 133.831 -22 4.08076
      vertex 133.549 -27 4.50251
      vertex 133.831 -27 4.08076
    endloop
  endfacet
  facet normal 0.555337 0 -0.831626
    outer loop
      vertex 133.831 4.75 5.91924
      vertex 134.253 8.25 6.20104
      vertex 134.253 4.75 6.20104
    endloop
  endfacet
  facet normal 0.555337 0 -0.831626
    outer loop
      vertex 134.253 8.25 6.20104
      vertex 133.831 4.75 5.91924
      vertex 133.831 8.25 5.91924
    endloop
  endfacet
  facet normal 0.555337 0 -0.831626
    outer loop
      vertex 133.831 -27 5.91924
      vertex 134.253 -22 6.20104
      vertex 134.253 -27 6.20104
    endloop
  endfacet
  facet normal 0.555337 0 -0.831626
    outer loop
      vertex 134.253 -22 6.20104
      vertex 133.831 -27 5.91924
      vertex 133.831 -22 5.91924
    endloop
  endfacet
  facet normal 0.831291 0 -0.555837
    outer loop
      vertex 133.831 4.75 5.91924
      vertex 133.549 8.25 5.49749
      vertex 133.831 8.25 5.91924
    endloop
  endfacet
  facet normal 0.831291 0 -0.555837
    outer loop
      vertex 133.549 8.25 5.49749
      vertex 133.831 4.75 5.91924
      vertex 133.549 4.75 5.49749
    endloop
  endfacet
  facet normal 0.831291 0 -0.555837
    outer loop
      vertex 133.831 -27 5.91924
      vertex 133.549 -22 5.49749
      vertex 133.831 -22 5.91924
    endloop
  endfacet
  facet normal 0.831291 0 -0.555837
    outer loop
      vertex 133.549 -22 5.49749
      vertex 133.831 -27 5.91924
      vertex 133.549 -27 5.49749
    endloop
  endfacet
  facet normal -0.831291 0 0.555837
    outer loop
      vertex 135.669 4.75 -5.91924
      vertex 135.951 8.25 -5.49749
      vertex 135.669 8.25 -5.91924
    endloop
  endfacet
  facet normal -0.831291 0 0.555837
    outer loop
      vertex 135.951 8.25 -5.49749
      vertex 135.669 4.75 -5.91924
      vertex 135.951 4.75 -5.49749
    endloop
  endfacet
  facet normal -0.831291 0 0.555837
    outer loop
      vertex 135.669 -27 -5.91924
      vertex 135.951 -22 -5.49749
      vertex 135.669 -22 -5.91924
    endloop
  endfacet
  facet normal -0.831291 0 0.555837
    outer loop
      vertex 135.951 -22 -5.49749
      vertex 135.669 -27 -5.91924
      vertex 135.951 -27 -5.49749
    endloop
  endfacet
  facet normal -0.980753 0 0.19525
    outer loop
      vertex 135.951 -27 -5.49749
      vertex 136 -22 -5.25136
      vertex 135.951 -22 -5.49749
    endloop
  endfacet
  facet normal -0.980753 0 0.19525
    outer loop
      vertex 136 -22 -5.25136
      vertex 135.951 -27 -5.49749
      vertex 136 -27 -5.25136
    endloop
  endfacet
  facet normal -0.980769 0 0.195172
    outer loop
      vertex 135.951 4.75 -5.49749
      vertex 136.05 8.25 -5
      vertex 135.951 8.25 -5.49749
    endloop
  endfacet
  facet normal -0.980769 0 0.195172
    outer loop
      vertex 136.05 8.25 -5
      vertex 135.951 4.75 -5.49749
      vertex 136.05 4.75 -5
    endloop
  endfacet
  facet normal -0.555337 0 0.831626
    outer loop
      vertex 135.247 8.25 -6.20104
      vertex 135.669 4.75 -5.91924
      vertex 135.669 8.25 -5.91924
    endloop
  endfacet
  facet normal -0.555337 0 0.831626
    outer loop
      vertex 135.669 4.75 -5.91924
      vertex 135.247 8.25 -6.20104
      vertex 135.247 4.75 -6.20104
    endloop
  endfacet
  facet normal -0.555337 0 0.831626
    outer loop
      vertex 135.247 -22 -6.20104
      vertex 135.669 -27 -5.91924
      vertex 135.669 -22 -5.91924
    endloop
  endfacet
  facet normal -0.555337 0 0.831626
    outer loop
      vertex 135.669 -27 -5.91924
      vertex 135.247 -22 -6.20104
      vertex 135.247 -27 -6.20104
    endloop
  endfacet
  facet normal 0.980769 0 -0.195172
    outer loop
      vertex 133.549 4.75 -4.50251
      vertex 133.45 8.25 -5
      vertex 133.549 8.25 -4.50251
    endloop
  endfacet
  facet normal 0.980769 0 -0.195172
    outer loop
      vertex 133.45 8.25 -5
      vertex 133.549 4.75 -4.50251
      vertex 133.45 4.75 -5
    endloop
  endfacet
  facet normal 0.980769 0 -0.195172
    outer loop
      vertex 133.549 -27 -4.50251
      vertex 133.45 -22 -5
      vertex 133.549 -22 -4.50251
    endloop
  endfacet
  facet normal 0.980769 0 -0.195172
    outer loop
      vertex 133.45 -22 -5
      vertex 133.549 -27 -4.50251
      vertex 133.45 -27 -5
    endloop
  endfacet
  facet normal 0.195281 0 0.980747
    outer loop
      vertex 134.253 8.25 -6.20104
      vertex 134.75 4.75 -6.3
      vertex 134.75 8.25 -6.3
    endloop
  endfacet
  facet normal 0.195281 0 0.980747
    outer loop
      vertex 134.75 4.75 -6.3
      vertex 134.253 8.25 -6.20104
      vertex 134.253 4.75 -6.20104
    endloop
  endfacet
  facet normal 0.195281 0 0.980747
    outer loop
      vertex 134.253 -22 -6.20104
      vertex 134.75 -27 -6.3
      vertex 134.75 -22 -6.3
    endloop
  endfacet
  facet normal 0.195281 0 0.980747
    outer loop
      vertex 134.75 -27 -6.3
      vertex 134.253 -22 -6.20104
      vertex 134.253 -27 -6.20104
    endloop
  endfacet
  facet normal 0.831291 -0 0.555837
    outer loop
      vertex 133.549 4.75 -5.49749
      vertex 133.831 8.25 -5.91924
      vertex 133.549 8.25 -5.49749
    endloop
  endfacet
  facet normal 0.831291 0 0.555837
    outer loop
      vertex 133.831 8.25 -5.91924
      vertex 133.549 4.75 -5.49749
      vertex 133.831 4.75 -5.91924
    endloop
  endfacet
  facet normal 0.831291 -0 0.555837
    outer loop
      vertex 133.549 -27 -5.49749
      vertex 133.831 -22 -5.91924
      vertex 133.549 -22 -5.49749
    endloop
  endfacet
  facet normal 0.831291 0 0.555837
    outer loop
      vertex 133.831 -22 -5.91924
      vertex 133.549 -27 -5.49749
      vertex 133.831 -27 -5.91924
    endloop
  endfacet
  facet normal -0.195281 0 -0.980747
    outer loop
      vertex 134.75 4.75 -3.7
      vertex 135.247 8.25 -3.79896
      vertex 135.247 4.75 -3.79896
    endloop
  endfacet
  facet normal -0.195281 0 -0.980747
    outer loop
      vertex 135.247 8.25 -3.79896
      vertex 134.75 4.75 -3.7
      vertex 134.75 8.25 -3.7
    endloop
  endfacet
  facet normal -0.195281 0 -0.980747
    outer loop
      vertex 134.75 -27 -3.7
      vertex 135.247 -22 -3.79896
      vertex 135.247 -27 -3.79896
    endloop
  endfacet
  facet normal -0.195281 0 -0.980747
    outer loop
      vertex 135.247 -22 -3.79896
      vertex 134.75 -27 -3.7
      vertex 134.75 -22 -3.7
    endloop
  endfacet
  facet normal 0.195281 0 -0.980747
    outer loop
      vertex 134.253 4.75 -3.79896
      vertex 134.75 8.25 -3.7
      vertex 134.75 4.75 -3.7
    endloop
  endfacet
  facet normal 0.195281 0 -0.980747
    outer loop
      vertex 134.75 8.25 -3.7
      vertex 134.253 4.75 -3.79896
      vertex 134.253 8.25 -3.79896
    endloop
  endfacet
  facet normal 0.195281 0 -0.980747
    outer loop
      vertex 134.253 -27 -3.79896
      vertex 134.75 -22 -3.7
      vertex 134.75 -27 -3.7
    endloop
  endfacet
  facet normal 0.195281 0 -0.980747
    outer loop
      vertex 134.75 -22 -3.7
      vertex 134.253 -27 -3.79896
      vertex 134.253 -22 -3.79896
    endloop
  endfacet
  facet normal -0.980753 0 -0.19525
    outer loop
      vertex 136 -27 -4.74864
      vertex 135.951 -22 -4.50251
      vertex 136 -22 -4.74864
    endloop
  endfacet
  facet normal -0.980753 -0 -0.19525
    outer loop
      vertex 135.951 -22 -4.50251
      vertex 136 -27 -4.74864
      vertex 135.951 -27 -4.50251
    endloop
  endfacet
  facet normal -0.980769 0 -0.195172
    outer loop
      vertex 136.05 4.75 -5
      vertex 135.951 8.25 -4.50251
      vertex 136.05 8.25 -5
    endloop
  endfacet
  facet normal -0.980769 -0 -0.195172
    outer loop
      vertex 135.951 8.25 -4.50251
      vertex 136.05 4.75 -5
      vertex 135.951 4.75 -4.50251
    endloop
  endfacet
  facet normal -0.195281 0 0.980747
    outer loop
      vertex 134.75 8.25 -6.3
      vertex 135.247 4.75 -6.20104
      vertex 135.247 8.25 -6.20104
    endloop
  endfacet
  facet normal -0.195281 0 0.980747
    outer loop
      vertex 135.247 4.75 -6.20104
      vertex 134.75 8.25 -6.3
      vertex 134.75 4.75 -6.3
    endloop
  endfacet
  facet normal -0.195281 0 0.980747
    outer loop
      vertex 134.75 -22 -6.3
      vertex 135.247 -27 -6.20104
      vertex 135.247 -22 -6.20104
    endloop
  endfacet
  facet normal -0.195281 0 0.980747
    outer loop
      vertex 135.247 -27 -6.20104
      vertex 134.75 -22 -6.3
      vertex 134.75 -27 -6.3
    endloop
  endfacet
  facet normal -0.555337 0 -0.831626
    outer loop
      vertex 135.247 4.75 -3.79896
      vertex 135.669 8.25 -4.08076
      vertex 135.669 4.75 -4.08076
    endloop
  endfacet
  facet normal -0.555337 0 -0.831626
    outer loop
      vertex 135.669 8.25 -4.08076
      vertex 135.247 4.75 -3.79896
      vertex 135.247 8.25 -3.79896
    endloop
  endfacet
  facet normal -0.555337 0 -0.831626
    outer loop
      vertex 135.247 -27 -3.79896
      vertex 135.669 -22 -4.08076
      vertex 135.669 -27 -4.08076
    endloop
  endfacet
  facet normal -0.555337 0 -0.831626
    outer loop
      vertex 135.669 -22 -4.08076
      vertex 135.247 -27 -3.79896
      vertex 135.247 -22 -3.79896
    endloop
  endfacet
  facet normal -0.831291 0 -0.555837
    outer loop
      vertex 135.951 4.75 -4.50251
      vertex 135.669 8.25 -4.08076
      vertex 135.951 8.25 -4.50251
    endloop
  endfacet
  facet normal -0.831291 -0 -0.555837
    outer loop
      vertex 135.669 8.25 -4.08076
      vertex 135.951 4.75 -4.50251
      vertex 135.669 4.75 -4.08076
    endloop
  endfacet
  facet normal -0.831291 0 -0.555837
    outer loop
      vertex 135.951 -27 -4.50251
      vertex 135.669 -22 -4.08076
      vertex 135.951 -22 -4.50251
    endloop
  endfacet
  facet normal -0.831291 -0 -0.555837
    outer loop
      vertex 135.669 -22 -4.08076
      vertex 135.951 -27 -4.50251
      vertex 135.669 -27 -4.08076
    endloop
  endfacet
  facet normal 0.831291 0 -0.555837
    outer loop
      vertex 133.831 4.75 -4.08076
      vertex 133.549 8.25 -4.50251
      vertex 133.831 8.25 -4.08076
    endloop
  endfacet
  facet normal 0.831291 0 -0.555837
    outer loop
      vertex 133.549 8.25 -4.50251
      vertex 133.831 4.75 -4.08076
      vertex 133.549 4.75 -4.50251
    endloop
  endfacet
  facet normal 0.831291 0 -0.555837
    outer loop
      vertex 133.831 -27 -4.08076
      vertex 133.549 -22 -4.50251
      vertex 133.831 -22 -4.08076
    endloop
  endfacet
  facet normal 0.831291 0 -0.555837
    outer loop
      vertex 133.549 -22 -4.50251
      vertex 133.831 -27 -4.08076
      vertex 133.549 -27 -4.50251
    endloop
  endfacet
  facet normal 0.555337 0 0.831626
    outer loop
      vertex 133.831 8.25 -5.91924
      vertex 134.253 4.75 -6.20104
      vertex 134.253 8.25 -6.20104
    endloop
  endfacet
  facet normal 0.555337 0 0.831626
    outer loop
      vertex 134.253 4.75 -6.20104
      vertex 133.831 8.25 -5.91924
      vertex 133.831 4.75 -5.91924
    endloop
  endfacet
  facet normal 0.555337 0 0.831626
    outer loop
      vertex 133.831 -22 -5.91924
      vertex 134.253 -27 -6.20104
      vertex 134.253 -22 -6.20104
    endloop
  endfacet
  facet normal 0.555337 0 0.831626
    outer loop
      vertex 134.253 -27 -6.20104
      vertex 133.831 -22 -5.91924
      vertex 133.831 -27 -5.91924
    endloop
  endfacet
  facet normal 0.980769 -0 0.195172
    outer loop
      vertex 133.45 4.75 -5
      vertex 133.549 8.25 -5.49749
      vertex 133.45 8.25 -5
    endloop
  endfacet
  facet normal 0.980769 0 0.195172
    outer loop
      vertex 133.549 8.25 -5.49749
      vertex 133.45 4.75 -5
      vertex 133.549 4.75 -5.49749
    endloop
  endfacet
  facet normal 0.980769 -0 0.195172
    outer loop
      vertex 133.45 -27 -5
      vertex 133.549 -22 -5.49749
      vertex 133.45 -22 -5
    endloop
  endfacet
  facet normal 0.980769 0 0.195172
    outer loop
      vertex 133.549 -22 -5.49749
      vertex 133.45 -27 -5
      vertex 133.549 -27 -5.49749
    endloop
  endfacet
  facet normal 0.555337 0 -0.831626
    outer loop
      vertex 133.831 4.75 -4.08076
      vertex 134.253 8.25 -3.79896
      vertex 134.253 4.75 -3.79896
    endloop
  endfacet
  facet normal 0.555337 0 -0.831626
    outer loop
      vertex 134.253 8.25 -3.79896
      vertex 133.831 4.75 -4.08076
      vertex 133.831 8.25 -4.08076
    endloop
  endfacet
  facet normal 0.555337 0 -0.831626
    outer loop
      vertex 133.831 -27 -4.08076
      vertex 134.253 -22 -3.79896
      vertex 134.253 -27 -3.79896
    endloop
  endfacet
  facet normal 0.555337 0 -0.831626
    outer loop
      vertex 134.253 -22 -3.79896
      vertex 133.831 -27 -4.08076
      vertex 133.831 -22 -4.08076
    endloop
  endfacet
  facet normal -1 0 0
    outer loop
      vertex 130.4 5.25 -10.4
      vertex 130.4 8.25 10.4
      vertex 130.4 8.25 -10.4
    endloop
  endfacet
  facet normal -1 -0 0
    outer loop
      vertex 130.4 8.25 10.4
      vertex 130.4 5.25 -10.4
      vertex 130.4 5.25 10.4
    endloop
  endfacet
  facet normal 0 1 0
    outer loop
      vertex 119.713 5.25 2.18118
      vertex 130.4 5.25 10.4
      vertex 120 5.25 2.2
    endloop
  endfacet
  facet normal 0 1 0
    outer loop
      vertex 130.4 5.25 10.4
      vertex 120.287 5.25 2.18118
      vertex 120 5.25 2.2
    endloop
  endfacet
  facet normal 0 1 0
    outer loop
      vertex 130.4 5.25 10.4
      vertex 120.569 5.25 2.12504
      vertex 120.287 5.25 2.18118
    endloop
  endfacet
  facet normal 0 1 0
    outer loop
      vertex 130.4 5.25 10.4
      vertex 120.842 5.25 2.03253
      vertex 120.569 5.25 2.12504
    endloop
  endfacet
  facet normal 0 1 0
    outer loop
      vertex 130.4 5.25 10.4
      vertex 121.1 5.25 1.90526
      vertex 120.842 5.25 2.03253
    endloop
  endfacet
  facet normal 0 1 0
    outer loop
      vertex 130.4 5.25 10.4
      vertex 121.339 5.25 1.74538
      vertex 121.1 5.25 1.90526
    endloop
  endfacet
  facet normal 0 1 0
    outer loop
      vertex 130.4 5.25 10.4
      vertex 121.556 5.25 1.55563
      vertex 121.339 5.25 1.74538
    endloop
  endfacet
  facet normal 0 1 0
    outer loop
      vertex 130.4 5.25 10.4
      vertex 121.745 5.25 1.33927
      vertex 121.556 5.25 1.55563
    endloop
  endfacet
  facet normal 0 1 0
    outer loop
      vertex 130.4 5.25 10.4
      vertex 121.905 5.25 1.1
      vertex 121.745 5.25 1.33927
    endloop
  endfacet
  facet normal 0 1 0
    outer loop
      vertex 130.4 5.25 10.4
      vertex 122.033 5.25 0.841903
      vertex 121.905 5.25 1.1
    endloop
  endfacet
  facet normal 0 1 0
    outer loop
      vertex 130.4 5.25 10.4
      vertex 122.125 5.25 0.569402
      vertex 122.033 5.25 0.841903
    endloop
  endfacet
  facet normal 0 1 0
    outer loop
      vertex 130.4 5.25 10.4
      vertex 122.181 5.25 0.287157
      vertex 122.125 5.25 0.569402
    endloop
  endfacet
  facet normal 0 1 0
    outer loop
      vertex 130.4 5.25 10.4
      vertex 122.2 5.25 0
      vertex 122.181 5.25 0.287157
    endloop
  endfacet
  facet normal 0 1 -0
    outer loop
      vertex 130.4 5.25 -10.4
      vertex 122.2 5.25 0
      vertex 130.4 5.25 10.4
    endloop
  endfacet
  facet normal 0 1 0
    outer loop
      vertex 122.2 5.25 0
      vertex 130.4 5.25 -10.4
      vertex 122.181 5.25 -0.287157
    endloop
  endfacet
  facet normal 0 1 0
    outer loop
      vertex 122.181 5.25 -0.287157
      vertex 130.4 5.25 -10.4
      vertex 122.125 5.25 -0.569402
    endloop
  endfacet
  facet normal 0 1 0
    outer loop
      vertex 122.125 5.25 -0.569402
      vertex 130.4 5.25 -10.4
      vertex 122.033 5.25 -0.841903
    endloop
  endfacet
  facet normal 0 1 0
    outer loop
      vertex 122.033 5.25 -0.841903
      vertex 130.4 5.25 -10.4
      vertex 121.905 5.25 -1.1
    endloop
  endfacet
  facet normal 0 1 0
    outer loop
      vertex 120.287 5.25 -2.18118
      vertex 130.4 5.25 -10.4
      vertex 120 5.25 -2.2
    endloop
  endfacet
  facet normal 0 1 0
    outer loop
      vertex 120.569 5.25 -2.12504
      vertex 130.4 5.25 -10.4
      vertex 120.287 5.25 -2.18118
    endloop
  endfacet
  facet normal 0 1 0
    outer loop
      vertex 120.842 5.25 -2.03253
      vertex 130.4 5.25 -10.4
      vertex 120.569 5.25 -2.12504
    endloop
  endfacet
  facet normal 0 1 0
    outer loop
      vertex 121.1 5.25 -1.90526
      vertex 130.4 5.25 -10.4
      vertex 120.842 5.25 -2.03253
    endloop
  endfacet
  facet normal 0 1 0
    outer loop
      vertex 121.339 5.25 -1.74538
      vertex 130.4 5.25 -10.4
      vertex 121.1 5.25 -1.90526
    endloop
  endfacet
  facet normal 0 1 0
    outer loop
      vertex 121.556 5.25 -1.55563
      vertex 130.4 5.25 -10.4
      vertex 121.339 5.25 -1.74538
    endloop
  endfacet
  facet normal 0 1 0
    outer loop
      vertex 121.745 5.25 -1.33927
      vertex 130.4 5.25 -10.4
      vertex 121.556 5.25 -1.55563
    endloop
  endfacet
  facet normal 0 1 0
    outer loop
      vertex 121.905 5.25 -1.1
      vertex 130.4 5.25 -10.4
      vertex 121.745 5.25 -1.33927
    endloop
  endfacet
  facet normal 0 1 0
    outer loop
      vertex 119.431 5.25 2.12504
      vertex 130.4 5.25 10.4
      vertex 119.713 5.25 2.18118
    endloop
  endfacet
  facet normal 0 1 0
    outer loop
      vertex 119.158 5.25 2.03253
      vertex 130.4 5.25 10.4
      vertex 119.431 5.25 2.12504
    endloop
  endfacet
  facet normal 0 1 0
    outer loop
      vertex 130.4 5.25 10.4
      vertex 119.158 5.25 2.03253
      vertex 89.6 5.25 10.4
    endloop
  endfacet
  facet normal 0 1 -0
    outer loop
      vertex 118.9 5.25 1.90526
      vertex 89.6 5.25 10.4
      vertex 119.158 5.25 2.03253
    endloop
  endfacet
  facet normal 0 1 -0
    outer loop
      vertex 118.661 5.25 1.74538
      vertex 89.6 5.25 10.4
      vertex 118.9 5.25 1.90526
    endloop
  endfacet
  facet normal 0 1 -0
    outer loop
      vertex 118.444 5.25 1.55563
      vertex 89.6 5.25 10.4
      vertex 118.661 5.25 1.74538
    endloop
  endfacet
  facet normal 0 1 -0
    outer loop
      vertex 118.255 5.25 1.33927
      vertex 89.6 5.25 10.4
      vertex 118.444 5.25 1.55563
    endloop
  endfacet
  facet normal 0 1 -0
    outer loop
      vertex 118.095 5.25 1.1
      vertex 89.6 5.25 10.4
      vertex 118.255 5.25 1.33927
    endloop
  endfacet
  facet normal 0 1 -0
    outer loop
      vertex 117.967 5.25 0.841903
      vertex 89.6 5.25 10.4
      vertex 118.095 5.25 1.1
    endloop
  endfacet
  facet normal 0 1 -0
    outer loop
      vertex 117.875 5.25 0.569402
      vertex 89.6 5.25 10.4
      vertex 117.967 5.25 0.841903
    endloop
  endfacet
  facet normal 0 1 -0
    outer loop
      vertex 117.819 5.25 0.287157
      vertex 89.6 5.25 10.4
      vertex 117.875 5.25 0.569402
    endloop
  endfacet
  facet normal 0 1 -0
    outer loop
      vertex 117.8 5.25 0
      vertex 89.6 5.25 10.4
      vertex 117.819 5.25 0.287157
    endloop
  endfacet
  facet normal 0 1 0
    outer loop
      vertex 89.6 5.25 -10.4
      vertex 117.8 5.25 0
      vertex 117.819 5.25 -0.287157
    endloop
  endfacet
  facet normal 0 1 0
    outer loop
      vertex 89.6 5.25 -10.4
      vertex 117.819 5.25 -0.287157
      vertex 117.875 5.25 -0.569402
    endloop
  endfacet
  facet normal 0 1 0
    outer loop
      vertex 89.6 5.25 -10.4
      vertex 117.875 5.25 -0.569402
      vertex 117.967 5.25 -0.841903
    endloop
  endfacet
  facet normal 0 1 0
    outer loop
      vertex 89.6 5.25 -10.4
      vertex 117.967 5.25 -0.841903
      vertex 118.095 5.25 -1.1
    endloop
  endfacet
  facet normal 0 1 0
    outer loop
      vertex 89.6 5.25 -10.4
      vertex 118.095 5.25 -1.1
      vertex 118.255 5.25 -1.33927
    endloop
  endfacet
  facet normal 0 1 0
    outer loop
      vertex 89.6 5.25 -10.4
      vertex 118.255 5.25 -1.33927
      vertex 118.444 5.25 -1.55563
    endloop
  endfacet
  facet normal 0 1 0
    outer loop
      vertex 89.6 5.25 -10.4
      vertex 118.444 5.25 -1.55563
      vertex 118.661 5.25 -1.74538
    endloop
  endfacet
  facet normal 0 1 0
    outer loop
      vertex 89.6 5.25 -10.4
      vertex 118.661 5.25 -1.74538
      vertex 118.9 5.25 -1.90526
    endloop
  endfacet
  facet normal 0 1 0
    outer loop
      vertex 89.6 5.25 -10.4
      vertex 118.9 5.25 -1.90526
      vertex 119.158 5.25 -2.03253
    endloop
  endfacet
  facet normal 0 1 0
    outer loop
      vertex 130.4 5.25 -10.4
      vertex 119.713 5.25 -2.18118
      vertex 120 5.25 -2.2
    endloop
  endfacet
  facet normal 0 1 0
    outer loop
      vertex 130.4 5.25 -10.4
      vertex 119.431 5.25 -2.12504
      vertex 119.713 5.25 -2.18118
    endloop
  endfacet
  facet normal 0 1 0
    outer loop
      vertex 130.4 5.25 -10.4
      vertex 119.158 5.25 -2.03253
      vertex 119.431 5.25 -2.12504
    endloop
  endfacet
  facet normal 0 1 0
    outer loop
      vertex 89.6 5.25 -10.4
      vertex 119.158 5.25 -2.03253
      vertex 130.4 5.25 -10.4
    endloop
  endfacet
  facet normal 0 1 0
    outer loop
      vertex 117.8 5.25 0
      vertex 89.6 5.25 -10.4
      vertex 89.6 5.25 10.4
    endloop
  endfacet
  facet normal 1 -0 0
    outer loop
      vertex 89.6 5.25 10.4
      vertex 89.6 8.25 -10.4
      vertex 89.6 8.25 10.4
    endloop
  endfacet
  facet normal 1 0 0
    outer loop
      vertex 89.6 8.25 -10.4
      vertex 89.6 5.25 10.4
      vertex 89.6 5.25 -10.4
    endloop
  endfacet
  facet normal -0 0 1
    outer loop
      vertex 89.6 8.25 -10.4
      vertex 130.4 5.25 -10.4
      vertex 130.4 8.25 -10.4
    endloop
  endfacet
  facet normal 0 0 1
    outer loop
      vertex 130.4 5.25 -10.4
      vertex 89.6 8.25 -10.4
      vertex 89.6 5.25 -10.4
    endloop
  endfacet
  facet normal 0 0 -1
    outer loop
      vertex 89.6 5.25 10.4
      vertex 130.4 8.25 10.4
      vertex 130.4 5.25 10.4
    endloop
  endfacet
  facet normal -0 0 -1
    outer loop
      vertex 130.4 8.25 10.4
      vertex 89.6 5.25 10.4
      vertex 89.6 8.25 10.4
    endloop
  endfacet
  facet normal -0.831276 0 -0.555859
    outer loop
      vertex 125.716 -27 3.3
      vertex 125.236 -22.9 4.01783
      vertex 125.716 -22.9 3.3
    endloop
  endfacet
  facet normal -0.831276 -0 -0.555859
    outer loop
      vertex 125.236 -22.9 4.01783
      vertex 125.716 -27 3.3
      vertex 125.236 -27 4.01783
    endloop
  endfacet
  facet normal 0.947108 0 -0.320916
    outer loop
      vertex 113.902 -27 2.52571
      vertex 113.625 -22.9 1.70821
      vertex 113.902 -22.9 2.52571
    endloop
  endfacet
  facet normal 0.947108 0 -0.320916
    outer loop
      vertex 113.625 -22.9 1.70821
      vertex 113.902 -27 2.52571
      vertex 113.625 -27 1.70821
    endloop
  endfacet
  facet normal -0.195036 0 -0.980796
    outer loop
      vertex 120.861 -27 6.54354
      vertex 121.708 -22.9 6.37511
      vertex 121.708 -27 6.37511
    endloop
  endfacet
  facet normal -0.195036 0 -0.980796
    outer loop
      vertex 121.708 -22.9 6.37511
      vertex 120.861 -27 6.54354
      vertex 120.861 -22.9 6.54354
    endloop
  endfacet
  facet normal -0.0654344 0 -0.997857
    outer loop
      vertex 120 -27 6.6
      vertex 120.861 -22.9 6.54354
      vertex 120.861 -27 6.54354
    endloop
  endfacet
  facet normal -0.0654344 0 -0.997857
    outer loop
      vertex 120.861 -22.9 6.54354
      vertex 120 -27 6.6
      vertex 120 -22.9 6.6
    endloop
  endfacet
  facet normal -0.32127 0 -0.946988
    outer loop
      vertex 121.708 -27 6.37511
      vertex 122.526 -22.9 6.0976
      vertex 122.526 -27 6.0976
    endloop
  endfacet
  facet normal -0.32127 0 -0.946988
    outer loop
      vertex 122.526 -22.9 6.0976
      vertex 121.708 -27 6.37511
      vertex 121.708 -22.9 6.37511
    endloop
  endfacet
  facet normal -0.980658 0 0.195729
    outer loop
      vertex 126.375 -27 -1.70821
      vertex 126.544 -22.9 -0.861472
      vertex 126.375 -22.9 -1.70821
    endloop
  endfacet
  facet normal -0.980658 0 0.195729
    outer loop
      vertex 126.544 -22.9 -0.861472
      vertex 126.375 -27 -1.70821
      vertex 126.544 -27 -0.861472
    endloop
  endfacet
  facet normal 0.751966 -0 0.659202
    outer loop
      vertex 114.764 -27 -4.01783
      vertex 115.333 -22.9 -4.6669
      vertex 114.764 -22.9 -4.01783
    endloop
  endfacet
  facet normal 0.751966 0 0.659202
    outer loop
      vertex 115.333 -22.9 -4.6669
      vertex 114.764 -27 -4.01783
      vertex 115.333 -27 -4.6669
    endloop
  endfacet
  facet normal 0.32127 0 0.946988
    outer loop
      vertex 117.474 -22.9 -6.0976
      vertex 118.292 -27 -6.37511
      vertex 118.292 -22.9 -6.37511
    endloop
  endfacet
  facet normal 0.32127 0 0.946988
    outer loop
      vertex 118.292 -27 -6.37511
      vertex 117.474 -22.9 -6.0976
      vertex 117.474 -27 -6.0976
    endloop
  endfacet
  facet normal 0.659393 0 -0.751798
    outer loop
      vertex 115.333 -27 4.6669
      vertex 115.982 -22.9 5.23613
      vertex 115.982 -27 5.23613
    endloop
  endfacet
  facet normal 0.659393 0 -0.751798
    outer loop
      vertex 115.982 -22.9 5.23613
      vertex 115.333 -27 4.6669
      vertex 115.333 -22.9 4.6669
    endloop
  endfacet
  facet normal 0.0654344 0 -0.997857
    outer loop
      vertex 119.139 -27 6.54354
      vertex 120 -22.9 6.6
      vertex 120 -27 6.6
    endloop
  endfacet
  facet normal 0.0654344 0 -0.997857
    outer loop
      vertex 120 -22.9 6.6
      vertex 119.139 -27 6.54354
      vertex 119.139 -22.9 6.54354
    endloop
  endfacet
  facet normal -0.947108 0 -0.320916
    outer loop
      vertex 126.375 -27 1.70821
      vertex 126.098 -22.9 2.52571
      vertex 126.375 -22.9 1.70821
    endloop
  endfacet
  facet normal -0.947108 -0 -0.320916
    outer loop
      vertex 126.098 -22.9 2.52571
      vertex 126.375 -27 1.70821
      vertex 126.098 -27 2.52571
    endloop
  endfacet
  facet normal 0.751966 0 -0.659202
    outer loop
      vertex 115.333 -27 4.6669
      vertex 114.764 -22.9 4.01783
      vertex 115.333 -22.9 4.6669
    endloop
  endfacet
  facet normal 0.751966 0 -0.659202
    outer loop
      vertex 114.764 -22.9 4.01783
      vertex 115.333 -27 4.6669
      vertex 114.764 -27 4.01783
    endloop
  endfacet
  facet normal 0.896798 0 -0.44244
    outer loop
      vertex 114.284 -27 3.3
      vertex 113.902 -22.9 2.52571
      vertex 114.284 -22.9 3.3
    endloop
  endfacet
  facet normal 0.896798 0 -0.44244
    outer loop
      vertex 113.902 -22.9 2.52571
      vertex 114.284 -27 3.3
      vertex 113.902 -27 2.52571
    endloop
  endfacet
  facet normal -0.947108 0 0.320916
    outer loop
      vertex 126.098 -27 -2.52571
      vertex 126.375 -22.9 -1.70821
      vertex 126.098 -22.9 -2.52571
    endloop
  endfacet
  facet normal -0.947108 0 0.320916
    outer loop
      vertex 126.375 -22.9 -1.70821
      vertex 126.098 -27 -2.52571
      vertex 126.375 -27 -1.70821
    endloop
  endfacet
  facet normal 0.442415 0 0.89681
    outer loop
      vertex 116.7 -22.9 -5.71577
      vertex 117.474 -27 -6.0976
      vertex 117.474 -22.9 -6.0976
    endloop
  endfacet
  facet normal 0.442415 0 0.89681
    outer loop
      vertex 117.474 -27 -6.0976
      vertex 116.7 -22.9 -5.71577
      vertex 116.7 -27 -5.71577
    endloop
  endfacet
  facet normal -0.195036 0 0.980796
    outer loop
      vertex 120.861 -22.9 -6.54354
      vertex 121.708 -27 -6.37511
      vertex 121.708 -22.9 -6.37511
    endloop
  endfacet
  facet normal -0.195036 0 0.980796
    outer loop
      vertex 121.708 -27 -6.37511
      vertex 120.861 -22.9 -6.54354
      vertex 120.861 -27 -6.54354
    endloop
  endfacet
  facet normal 0.55548 0 -0.83153
    outer loop
      vertex 115.982 -27 5.23613
      vertex 116.7 -22.9 5.71577
      vertex 116.7 -27 5.71577
    endloop
  endfacet
  facet normal 0.55548 0 -0.83153
    outer loop
      vertex 116.7 -22.9 5.71577
      vertex 115.982 -27 5.23613
      vertex 115.982 -22.9 5.23613
    endloop
  endfacet
  facet normal 0.896798 -0 0.44244
    outer loop
      vertex 113.902 -27 -2.52571
      vertex 114.284 -22.9 -3.3
      vertex 113.902 -22.9 -2.52571
    endloop
  endfacet
  facet normal 0.896798 0 0.44244
    outer loop
      vertex 114.284 -22.9 -3.3
      vertex 113.902 -27 -2.52571
      vertex 114.284 -27 -3.3
    endloop
  endfacet
  facet normal 0.0654344 0 0.997857
    outer loop
      vertex 119.139 -22.9 -6.54354
      vertex 120 -27 -6.6
      vertex 120 -22.9 -6.6
    endloop
  endfacet
  facet normal 0.0654344 0 0.997857
    outer loop
      vertex 120 -27 -6.6
      vertex 119.139 -22.9 -6.54354
      vertex 119.139 -27 -6.54354
    endloop
  endfacet
  facet normal 0.997894 0 -0.0648681
    outer loop
      vertex 113.456 -27 0.861472
      vertex 113.4 -22.9 0
      vertex 113.456 -22.9 0.861472
    endloop
  endfacet
  facet normal 0.997894 0 -0.0648681
    outer loop
      vertex 113.4 -22.9 0
      vertex 113.456 -27 0.861472
      vertex 113.4 -27 0
    endloop
  endfacet
  facet normal 0.195036 0 -0.980796
    outer loop
      vertex 118.292 -27 6.37511
      vertex 119.139 -22.9 6.54354
      vertex 119.139 -27 6.54354
    endloop
  endfacet
  facet normal 0.195036 0 -0.980796
    outer loop
      vertex 119.139 -22.9 6.54354
      vertex 118.292 -27 6.37511
      vertex 118.292 -22.9 6.37511
    endloop
  endfacet
  facet normal -0.831276 0 0.555859
    outer loop
      vertex 125.236 -27 -4.01783
      vertex 125.716 -22.9 -3.3
      vertex 125.236 -22.9 -4.01783
    endloop
  endfacet
  facet normal -0.831276 0 0.555859
    outer loop
      vertex 125.716 -22.9 -3.3
      vertex 125.236 -27 -4.01783
      vertex 125.716 -27 -3.3
    endloop
  endfacet
  facet normal -0.751966 0 0.659202
    outer loop
      vertex 124.667 -27 -4.6669
      vertex 125.236 -22.9 -4.01783
      vertex 124.667 -22.9 -4.6669
    endloop
  endfacet
  facet normal -0.751966 0 0.659202
    outer loop
      vertex 125.236 -22.9 -4.01783
      vertex 124.667 -27 -4.6669
      vertex 125.236 -27 -4.01783
    endloop
  endfacet
  facet normal 0.659393 0 0.751798
    outer loop
      vertex 115.333 -22.9 -4.6669
      vertex 115.982 -27 -5.23613
      vertex 115.982 -22.9 -5.23613
    endloop
  endfacet
  facet normal 0.659393 0 0.751798
    outer loop
      vertex 115.982 -27 -5.23613
      vertex 115.333 -22.9 -4.6669
      vertex 115.333 -27 -4.6669
    endloop
  endfacet
  facet normal 0.442415 0 -0.89681
    outer loop
      vertex 116.7 -27 5.71577
      vertex 117.474 -22.9 6.0976
      vertex 117.474 -27 6.0976
    endloop
  endfacet
  facet normal 0.442415 0 -0.89681
    outer loop
      vertex 117.474 -22.9 6.0976
      vertex 116.7 -27 5.71577
      vertex 116.7 -22.9 5.71577
    endloop
  endfacet
  facet normal -0.32127 0 0.946988
    outer loop
      vertex 121.708 -22.9 -6.37511
      vertex 122.526 -27 -6.0976
      vertex 122.526 -22.9 -6.0976
    endloop
  endfacet
  facet normal -0.32127 0 0.946988
    outer loop
      vertex 122.526 -27 -6.0976
      vertex 121.708 -22.9 -6.37511
      vertex 121.708 -27 -6.37511
    endloop
  endfacet
  facet normal -0.442415 0 -0.89681
    outer loop
      vertex 122.526 -27 6.0976
      vertex 123.3 -22.9 5.71577
      vertex 123.3 -27 5.71577
    endloop
  endfacet
  facet normal -0.442415 0 -0.89681
    outer loop
      vertex 123.3 -22.9 5.71577
      vertex 122.526 -27 6.0976
      vertex 122.526 -22.9 6.0976
    endloop
  endfacet
  facet normal 0.980658 -0 0.195729
    outer loop
      vertex 113.456 -27 -0.861472
      vertex 113.625 -22.9 -1.70821
      vertex 113.456 -22.9 -0.861472
    endloop
  endfacet
  facet normal 0.980658 0 0.195729
    outer loop
      vertex 113.625 -22.9 -1.70821
      vertex 113.456 -27 -0.861472
      vertex 113.625 -27 -1.70821
    endloop
  endfacet
  facet normal -0.896798 0 -0.44244
    outer loop
      vertex 126.098 -27 2.52571
      vertex 125.716 -22.9 3.3
      vertex 126.098 -22.9 2.52571
    endloop
  endfacet
  facet normal -0.896798 -0 -0.44244
    outer loop
      vertex 125.716 -22.9 3.3
      vertex 126.098 -27 2.52571
      vertex 125.716 -27 3.3
    endloop
  endfacet
  facet normal -0.751966 0 -0.659202
    outer loop
      vertex 125.236 -27 4.01783
      vertex 124.667 -22.9 4.6669
      vertex 125.236 -22.9 4.01783
    endloop
  endfacet
  facet normal -0.751966 -0 -0.659202
    outer loop
      vertex 124.667 -22.9 4.6669
      vertex 125.236 -27 4.01783
      vertex 124.667 -27 4.6669
    endloop
  endfacet
  facet normal -0.659393 0 -0.751798
    outer loop
      vertex 124.018 -27 5.23613
      vertex 124.667 -22.9 4.6669
      vertex 124.667 -27 4.6669
    endloop
  endfacet
  facet normal -0.659393 0 -0.751798
    outer loop
      vertex 124.667 -22.9 4.6669
      vertex 124.018 -27 5.23613
      vertex 124.018 -22.9 5.23613
    endloop
  endfacet
  facet normal 0.947108 -0 0.320916
    outer loop
      vertex 113.625 -27 -1.70821
      vertex 113.902 -22.9 -2.52571
      vertex 113.625 -22.9 -1.70821
    endloop
  endfacet
  facet normal 0.947108 0 0.320916
    outer loop
      vertex 113.902 -22.9 -2.52571
      vertex 113.625 -27 -1.70821
      vertex 113.902 -27 -2.52571
    endloop
  endfacet
  facet normal 0.831276 0 -0.555859
    outer loop
      vertex 114.764 -27 4.01783
      vertex 114.284 -22.9 3.3
      vertex 114.764 -22.9 4.01783
    endloop
  endfacet
  facet normal 0.831276 0 -0.555859
    outer loop
      vertex 114.284 -22.9 3.3
      vertex 114.764 -27 4.01783
      vertex 114.284 -27 3.3
    endloop
  endfacet
  facet normal -0.55548 0 -0.83153
    outer loop
      vertex 123.3 -27 5.71577
      vertex 124.018 -22.9 5.23613
      vertex 124.018 -27 5.23613
    endloop
  endfacet
  facet normal -0.55548 0 -0.83153
    outer loop
      vertex 124.018 -22.9 5.23613
      vertex 123.3 -27 5.71577
      vertex 123.3 -22.9 5.71577
    endloop
  endfacet
  facet normal 0.980658 0 -0.195729
    outer loop
      vertex 113.625 -27 1.70821
      vertex 113.456 -22.9 0.861472
      vertex 113.625 -22.9 1.70821
    endloop
  endfacet
  facet normal 0.980658 0 -0.195729
    outer loop
      vertex 113.456 -22.9 0.861472
      vertex 113.625 -27 1.70821
      vertex 113.456 -27 0.861472
    endloop
  endfacet
  facet normal 0.195036 0 0.980796
    outer loop
      vertex 118.292 -22.9 -6.37511
      vertex 119.139 -27 -6.54354
      vertex 119.139 -22.9 -6.54354
    endloop
  endfacet
  facet normal 0.195036 0 0.980796
    outer loop
      vertex 119.139 -27 -6.54354
      vertex 118.292 -22.9 -6.37511
      vertex 118.292 -27 -6.37511
    endloop
  endfacet
  facet normal 0.997894 -0 0.0648681
    outer loop
      vertex 113.4 -27 0
      vertex 113.456 -22.9 -0.861472
      vertex 113.4 -22.9 0
    endloop
  endfacet
  facet normal 0.997894 0 0.0648681
    outer loop
      vertex 113.456 -22.9 -0.861472
      vertex 113.4 -27 0
      vertex 113.456 -27 -0.861472
    endloop
  endfacet
  facet normal -0.997894 0 -0.0648681
    outer loop
      vertex 126.6 -27 0
      vertex 126.544 -22.9 0.861472
      vertex 126.6 -22.9 0
    endloop
  endfacet
  facet normal -0.997894 -0 -0.0648681
    outer loop
      vertex 126.544 -22.9 0.861472
      vertex 126.6 -27 0
      vertex 126.544 -27 0.861472
    endloop
  endfacet
  facet normal 0.32127 0 -0.946988
    outer loop
      vertex 117.474 -27 6.0976
      vertex 118.292 -22.9 6.37511
      vertex 118.292 -27 6.37511
    endloop
  endfacet
  facet normal 0.32127 0 -0.946988
    outer loop
      vertex 118.292 -22.9 6.37511
      vertex 117.474 -27 6.0976
      vertex 117.474 -22.9 6.0976
    endloop
  endfacet
  facet normal -0.0654344 0 0.997857
    outer loop
      vertex 120 -22.9 -6.6
      vertex 120.861 -27 -6.54354
      vertex 120.861 -22.9 -6.54354
    endloop
  endfacet
  facet normal -0.0654344 0 0.997857
    outer loop
      vertex 120.861 -27 -6.54354
      vertex 120 -22.9 -6.6
      vertex 120 -27 -6.6
    endloop
  endfacet
  facet normal -0.997894 0 0.0648681
    outer loop
      vertex 126.544 -27 -0.861472
      vertex 126.6 -22.9 0
      vertex 126.544 -22.9 -0.861472
    endloop
  endfacet
  facet normal -0.997894 0 0.0648681
    outer loop
      vertex 126.6 -22.9 0
      vertex 126.544 -27 -0.861472
      vertex 126.6 -27 0
    endloop
  endfacet
  facet normal 0.55548 0 0.83153
    outer loop
      vertex 115.982 -22.9 -5.23613
      vertex 116.7 -27 -5.71577
      vertex 116.7 -22.9 -5.71577
    endloop
  endfacet
  facet normal 0.55548 0 0.83153
    outer loop
      vertex 116.7 -27 -5.71577
      vertex 115.982 -22.9 -5.23613
      vertex 115.982 -27 -5.23613
    endloop
  endfacet
  facet normal -0.980658 0 -0.195729
    outer loop
      vertex 126.544 -27 0.861472
      vertex 126.375 -22.9 1.70821
      vertex 126.544 -22.9 0.861472
    endloop
  endfacet
  facet normal -0.980658 -0 -0.195729
    outer loop
      vertex 126.375 -22.9 1.70821
      vertex 126.544 -27 0.861472
      vertex 126.375 -27 1.70821
    endloop
  endfacet
  facet normal -0.659393 0 0.751798
    outer loop
      vertex 124.018 -22.9 -5.23613
      vertex 124.667 -27 -4.6669
      vertex 124.667 -22.9 -4.6669
    endloop
  endfacet
  facet normal -0.659393 0 0.751798
    outer loop
      vertex 124.667 -27 -4.6669
      vertex 124.018 -22.9 -5.23613
      vertex 124.018 -27 -5.23613
    endloop
  endfacet
  facet normal -0.896798 0 0.44244
    outer loop
      vertex 125.716 -27 -3.3
      vertex 126.098 -22.9 -2.52571
      vertex 125.716 -22.9 -3.3
    endloop
  endfacet
  facet normal -0.896798 0 0.44244
    outer loop
      vertex 126.098 -22.9 -2.52571
      vertex 125.716 -27 -3.3
      vertex 126.098 -27 -2.52571
    endloop
  endfacet
  facet normal -0.442415 0 0.89681
    outer loop
      vertex 122.526 -22.9 -6.0976
      vertex 123.3 -27 -5.71577
      vertex 123.3 -22.9 -5.71577
    endloop
  endfacet
  facet normal -0.442415 0 0.89681
    outer loop
      vertex 123.3 -27 -5.71577
      vertex 122.526 -22.9 -6.0976
      vertex 122.526 -27 -6.0976
    endloop
  endfacet
  facet normal -0.55548 0 0.83153
    outer loop
      vertex 123.3 -22.9 -5.71577
      vertex 124.018 -27 -5.23613
      vertex 124.018 -22.9 -5.23613
    endloop
  endfacet
  facet normal -0.55548 0 0.83153
    outer loop
      vertex 124.018 -27 -5.23613
      vertex 123.3 -22.9 -5.71577
      vertex 123.3 -27 -5.71577
    endloop
  endfacet
  facet normal 0.831276 -0 0.555859
    outer loop
      vertex 114.284 -27 -3.3
      vertex 114.764 -22.9 -4.01783
      vertex 114.284 -22.9 -3.3
    endloop
  endfacet
  facet normal 0.831276 0 0.555859
    outer loop
      vertex 114.764 -22.9 -4.01783
      vertex 114.284 -27 -3.3
      vertex 114.764 -27 -4.01783
    endloop
  endfacet
  facet normal 0 -1 0
    outer loop
      vertex 120 -22.9 2.2
      vertex 120 -22.9 6.6
      vertex 119.139 -22.9 6.54354
    endloop
  endfacet
  facet normal 0 -1 0
    outer loop
      vertex 119.713 -22.9 2.18118
      vertex 119.139 -22.9 6.54354
      vertex 118.292 -22.9 6.37511
    endloop
  endfacet
  facet normal 0 -1 0
    outer loop
      vertex 120 -22.9 6.6
      vertex 120 -22.9 2.2
      vertex 120.861 -22.9 6.54354
    endloop
  endfacet
  facet normal 0 -1 0
    outer loop
      vertex 119.431 -22.9 2.12504
      vertex 118.292 -22.9 6.37511
      vertex 117.474 -22.9 6.0976
    endloop
  endfacet
  facet normal 0 -1 0
    outer loop
      vertex 120.287 -22.9 2.18118
      vertex 120.861 -22.9 6.54354
      vertex 120 -22.9 2.2
    endloop
  endfacet
  facet normal 0 -1 0
    outer loop
      vertex 119.158 -22.9 2.03253
      vertex 117.474 -22.9 6.0976
      vertex 116.7 -22.9 5.71577
    endloop
  endfacet
  facet normal 0 -1 -0
    outer loop
      vertex 120.861 -22.9 6.54354
      vertex 120.287 -22.9 2.18118
      vertex 121.708 -22.9 6.37511
    endloop
  endfacet
  facet normal 0 -1 0
    outer loop
      vertex 118.9 -22.9 1.90526
      vertex 116.7 -22.9 5.71577
      vertex 115.982 -22.9 5.23613
    endloop
  endfacet
  facet normal 0 -1 0
    outer loop
      vertex 120.569 -22.9 2.12504
      vertex 121.708 -22.9 6.37511
      vertex 120.287 -22.9 2.18118
    endloop
  endfacet
  facet normal 0 -1 0
    outer loop
      vertex 118.661 -22.9 1.74538
      vertex 115.982 -22.9 5.23613
      vertex 115.333 -22.9 4.6669
    endloop
  endfacet
  facet normal 0 -1 -0
    outer loop
      vertex 121.708 -22.9 6.37511
      vertex 120.569 -22.9 2.12504
      vertex 122.526 -22.9 6.0976
    endloop
  endfacet
  facet normal 0 -1 0
    outer loop
      vertex 118.444 -22.9 1.55563
      vertex 115.333 -22.9 4.6669
      vertex 114.764 -22.9 4.01783
    endloop
  endfacet
  facet normal 0 -1 0
    outer loop
      vertex 120.842 -22.9 2.03253
      vertex 122.526 -22.9 6.0976
      vertex 120.569 -22.9 2.12504
    endloop
  endfacet
  facet normal 0 -1 0
    outer loop
      vertex 118.255 -22.9 1.33927
      vertex 114.764 -22.9 4.01783
      vertex 114.284 -22.9 3.3
    endloop
  endfacet
  facet normal 0 -1 -0
    outer loop
      vertex 122.526 -22.9 6.0976
      vertex 120.842 -22.9 2.03253
      vertex 123.3 -22.9 5.71577
    endloop
  endfacet
  facet normal 0 -1 0
    outer loop
      vertex 118.095 -22.9 1.1
      vertex 114.284 -22.9 3.3
      vertex 113.902 -22.9 2.52571
    endloop
  endfacet
  facet normal 0 -1 0
    outer loop
      vertex 121.1 -22.9 1.90526
      vertex 123.3 -22.9 5.71577
      vertex 120.842 -22.9 2.03253
    endloop
  endfacet
  facet normal 0 -1 -0
    outer loop
      vertex 123.3 -22.9 5.71577
      vertex 121.1 -22.9 1.90526
      vertex 124.018 -22.9 5.23613
    endloop
  endfacet
  facet normal 0 -1 0
    outer loop
      vertex 119.139 -22.9 6.54354
      vertex 119.713 -22.9 2.18118
      vertex 120 -22.9 2.2
    endloop
  endfacet
  facet normal 0 -1 0
    outer loop
      vertex 118.292 -22.9 6.37511
      vertex 119.431 -22.9 2.12504
      vertex 119.713 -22.9 2.18118
    endloop
  endfacet
  facet normal 0 -1 0
    outer loop
      vertex 117.474 -22.9 6.0976
      vertex 119.158 -22.9 2.03253
      vertex 119.431 -22.9 2.12504
    endloop
  endfacet
  facet normal 0 -1 0
    outer loop
      vertex 116.7 -22.9 5.71577
      vertex 118.9 -22.9 1.90526
      vertex 119.158 -22.9 2.03253
    endloop
  endfacet
  facet normal 0 -1 0
    outer loop
      vertex 115.982 -22.9 5.23613
      vertex 118.661 -22.9 1.74538
      vertex 118.9 -22.9 1.90526
    endloop
  endfacet
  facet normal 0 -1 0
    outer loop
      vertex 117.967 -22.9 0.841903
      vertex 113.902 -22.9 2.52571
      vertex 113.625 -22.9 1.70821
    endloop
  endfacet
  facet normal 0 -1 0
    outer loop
      vertex 115.333 -22.9 4.6669
      vertex 118.444 -22.9 1.55563
      vertex 118.661 -22.9 1.74538
    endloop
  endfacet
  facet normal 0 -1 0
    outer loop
      vertex 114.764 -22.9 4.01783
      vertex 118.255 -22.9 1.33927
      vertex 118.444 -22.9 1.55563
    endloop
  endfacet
  facet normal 0 -1 0
    outer loop
      vertex 114.284 -22.9 3.3
      vertex 118.095 -22.9 1.1
      vertex 118.255 -22.9 1.33927
    endloop
  endfacet
  facet normal 0 -1 0
    outer loop
      vertex 117.875 -22.9 0.569402
      vertex 113.625 -22.9 1.70821
      vertex 113.456 -22.9 0.861472
    endloop
  endfacet
  facet normal 0 -1 0
    outer loop
      vertex 113.902 -22.9 2.52571
      vertex 117.967 -22.9 0.841903
      vertex 118.095 -22.9 1.1
    endloop
  endfacet
  facet normal 0 -1 0
    outer loop
      vertex 113.625 -22.9 1.70821
      vertex 117.875 -22.9 0.569402
      vertex 117.967 -22.9 0.841903
    endloop
  endfacet
  facet normal 0 -1 0
    outer loop
      vertex 113.456 -22.9 0.861472
      vertex 117.819 -22.9 0.287157
      vertex 117.875 -22.9 0.569402
    endloop
  endfacet
  facet normal 0 -1 0
    outer loop
      vertex 113.4 -22.9 0
      vertex 117.819 -22.9 0.287157
      vertex 113.456 -22.9 0.861472
    endloop
  endfacet
  facet normal 0 -1 0
    outer loop
      vertex 113.4 -22.9 0
      vertex 117.8 -22.9 0
      vertex 117.819 -22.9 0.287157
    endloop
  endfacet
  facet normal 0 -1 0
    outer loop
      vertex 113.4 -22.9 0
      vertex 117.819 -22.9 -0.287157
      vertex 117.8 -22.9 0
    endloop
  endfacet
  facet normal 0 -1 0
    outer loop
      vertex 113.456 -22.9 -0.861472
      vertex 117.819 -22.9 -0.287157
      vertex 113.4 -22.9 0
    endloop
  endfacet
  facet normal 0 -1 -0
    outer loop
      vertex 117.819 -22.9 -0.287157
      vertex 113.456 -22.9 -0.861472
      vertex 117.875 -22.9 -0.569402
    endloop
  endfacet
  facet normal 0 -1 0
    outer loop
      vertex 113.625 -22.9 -1.70821
      vertex 117.875 -22.9 -0.569402
      vertex 113.456 -22.9 -0.861472
    endloop
  endfacet
  facet normal 0 -1 -0
    outer loop
      vertex 117.875 -22.9 -0.569402
      vertex 113.625 -22.9 -1.70821
      vertex 117.967 -22.9 -0.841903
    endloop
  endfacet
  facet normal 0 -1 0
    outer loop
      vertex 113.902 -22.9 -2.52571
      vertex 117.967 -22.9 -0.841903
      vertex 113.625 -22.9 -1.70821
    endloop
  endfacet
  facet normal 0 -1 -0
    outer loop
      vertex 117.967 -22.9 -0.841903
      vertex 113.902 -22.9 -2.52571
      vertex 118.095 -22.9 -1.1
    endloop
  endfacet
  facet normal 0 -1 0
    outer loop
      vertex 114.284 -22.9 -3.3
      vertex 118.095 -22.9 -1.1
      vertex 113.902 -22.9 -2.52571
    endloop
  endfacet
  facet normal 0 -1 -0
    outer loop
      vertex 118.095 -22.9 -1.1
      vertex 114.284 -22.9 -3.3
      vertex 118.255 -22.9 -1.33927
    endloop
  endfacet
  facet normal 0 -1 0
    outer loop
      vertex 114.764 -22.9 -4.01783
      vertex 118.255 -22.9 -1.33927
      vertex 114.284 -22.9 -3.3
    endloop
  endfacet
  facet normal 0 -1 -0
    outer loop
      vertex 118.255 -22.9 -1.33927
      vertex 114.764 -22.9 -4.01783
      vertex 118.444 -22.9 -1.55563
    endloop
  endfacet
  facet normal 0 -1 0
    outer loop
      vertex 115.333 -22.9 -4.6669
      vertex 118.444 -22.9 -1.55563
      vertex 114.764 -22.9 -4.01783
    endloop
  endfacet
  facet normal 0 -1 -0
    outer loop
      vertex 118.444 -22.9 -1.55563
      vertex 115.333 -22.9 -4.6669
      vertex 118.661 -22.9 -1.74538
    endloop
  endfacet
  facet normal 0 -1 -0
    outer loop
      vertex 118.661 -22.9 -1.74538
      vertex 115.982 -22.9 -5.23613
      vertex 118.9 -22.9 -1.90526
    endloop
  endfacet
  facet normal 0 -1 0
    outer loop
      vertex 115.982 -22.9 -5.23613
      vertex 118.661 -22.9 -1.74538
      vertex 115.333 -22.9 -4.6669
    endloop
  endfacet
  facet normal 0 -1 0
    outer loop
      vertex 121.339 -22.9 1.74538
      vertex 124.018 -22.9 5.23613
      vertex 121.1 -22.9 1.90526
    endloop
  endfacet
  facet normal 0 -1 -0
    outer loop
      vertex 124.018 -22.9 5.23613
      vertex 121.339 -22.9 1.74538
      vertex 124.667 -22.9 4.6669
    endloop
  endfacet
  facet normal 0 -1 0
    outer loop
      vertex 121.556 -22.9 1.55563
      vertex 124.667 -22.9 4.6669
      vertex 121.339 -22.9 1.74538
    endloop
  endfacet
  facet normal 0 -1 -0
    outer loop
      vertex 124.667 -22.9 4.6669
      vertex 121.556 -22.9 1.55563
      vertex 125.236 -22.9 4.01783
    endloop
  endfacet
  facet normal 0 -1 0
    outer loop
      vertex 121.745 -22.9 1.33927
      vertex 125.236 -22.9 4.01783
      vertex 121.556 -22.9 1.55563
    endloop
  endfacet
  facet normal 0 -1 -0
    outer loop
      vertex 125.236 -22.9 4.01783
      vertex 121.745 -22.9 1.33927
      vertex 125.716 -22.9 3.3
    endloop
  endfacet
  facet normal 0 -1 0
    outer loop
      vertex 121.905 -22.9 1.1
      vertex 125.716 -22.9 3.3
      vertex 121.745 -22.9 1.33927
    endloop
  endfacet
  facet normal 0 -1 -0
    outer loop
      vertex 125.716 -22.9 3.3
      vertex 121.905 -22.9 1.1
      vertex 126.098 -22.9 2.52571
    endloop
  endfacet
  facet normal 0 -1 0
    outer loop
      vertex 122.033 -22.9 0.841903
      vertex 126.098 -22.9 2.52571
      vertex 121.905 -22.9 1.1
    endloop
  endfacet
  facet normal 0 -1 -0
    outer loop
      vertex 126.098 -22.9 2.52571
      vertex 122.033 -22.9 0.841903
      vertex 126.375 -22.9 1.70821
    endloop
  endfacet
  facet normal 0 -1 0
    outer loop
      vertex 122.125 -22.9 0.569402
      vertex 126.375 -22.9 1.70821
      vertex 122.033 -22.9 0.841903
    endloop
  endfacet
  facet normal 0 -1 -0
    outer loop
      vertex 126.375 -22.9 1.70821
      vertex 122.125 -22.9 0.569402
      vertex 126.544 -22.9 0.861472
    endloop
  endfacet
  facet normal 0 -1 0
    outer loop
      vertex 122.181 -22.9 0.287157
      vertex 126.544 -22.9 0.861472
      vertex 122.125 -22.9 0.569402
    endloop
  endfacet
  facet normal 0 -1 0
    outer loop
      vertex 122.2 -22.9 0
      vertex 126.544 -22.9 0.861472
      vertex 122.181 -22.9 0.287157
    endloop
  endfacet
  facet normal 0 -1 0
    outer loop
      vertex 122.2 -22.9 0
      vertex 126.6 -22.9 0
      vertex 126.544 -22.9 0.861472
    endloop
  endfacet
  facet normal 0 -1 0
    outer loop
      vertex 122.181 -22.9 -0.287157
      vertex 126.6 -22.9 0
      vertex 122.2 -22.9 0
    endloop
  endfacet
  facet normal 0 -1 0
    outer loop
      vertex 126.544 -22.9 -0.861472
      vertex 122.181 -22.9 -0.287157
      vertex 122.125 -22.9 -0.569402
    endloop
  endfacet
  facet normal 0 -1 0
    outer loop
      vertex 126.375 -22.9 -1.70821
      vertex 122.125 -22.9 -0.569402
      vertex 122.033 -22.9 -0.841903
    endloop
  endfacet
  facet normal 0 -1 0
    outer loop
      vertex 122.181 -22.9 -0.287157
      vertex 126.544 -22.9 -0.861472
      vertex 126.6 -22.9 0
    endloop
  endfacet
  facet normal 0 -1 0
    outer loop
      vertex 126.098 -22.9 -2.52571
      vertex 122.033 -22.9 -0.841903
      vertex 121.905 -22.9 -1.1
    endloop
  endfacet
  facet normal 0 -1 0
    outer loop
      vertex 125.716 -22.9 -3.3
      vertex 121.905 -22.9 -1.1
      vertex 121.745 -22.9 -1.33927
    endloop
  endfacet
  facet normal 0 -1 0
    outer loop
      vertex 125.236 -22.9 -4.01783
      vertex 121.745 -22.9 -1.33927
      vertex 121.556 -22.9 -1.55563
    endloop
  endfacet
  facet normal 0 -1 0
    outer loop
      vertex 122.125 -22.9 -0.569402
      vertex 126.375 -22.9 -1.70821
      vertex 126.544 -22.9 -0.861472
    endloop
  endfacet
  facet normal 0 -1 0
    outer loop
      vertex 124.667 -22.9 -4.6669
      vertex 121.556 -22.9 -1.55563
      vertex 121.339 -22.9 -1.74538
    endloop
  endfacet
  facet normal 0 -1 0
    outer loop
      vertex 124.018 -22.9 -5.23613
      vertex 121.339 -22.9 -1.74538
      vertex 121.1 -22.9 -1.90526
    endloop
  endfacet
  facet normal 0 -1 0
    outer loop
      vertex 123.3 -22.9 -5.71577
      vertex 121.1 -22.9 -1.90526
      vertex 120.842 -22.9 -2.03253
    endloop
  endfacet
  facet normal 0 -1 0
    outer loop
      vertex 122.526 -22.9 -6.0976
      vertex 120.842 -22.9 -2.03253
      vertex 120.569 -22.9 -2.12504
    endloop
  endfacet
  facet normal 0 -1 0
    outer loop
      vertex 121.708 -22.9 -6.37511
      vertex 120.569 -22.9 -2.12504
      vertex 120.287 -22.9 -2.18118
    endloop
  endfacet
  facet normal 0 -1 0
    outer loop
      vertex 122.033 -22.9 -0.841903
      vertex 126.098 -22.9 -2.52571
      vertex 126.375 -22.9 -1.70821
    endloop
  endfacet
  facet normal 0 -1 0
    outer loop
      vertex 120.861 -22.9 -6.54354
      vertex 120.287 -22.9 -2.18118
      vertex 120 -22.9 -2.2
    endloop
  endfacet
  facet normal 0 -1 0
    outer loop
      vertex 116.7 -22.9 -5.71577
      vertex 118.9 -22.9 -1.90526
      vertex 115.982 -22.9 -5.23613
    endloop
  endfacet
  facet normal 0 -1 -0
    outer loop
      vertex 118.9 -22.9 -1.90526
      vertex 116.7 -22.9 -5.71577
      vertex 119.158 -22.9 -2.03253
    endloop
  endfacet
  facet normal 0 -1 0
    outer loop
      vertex 121.905 -22.9 -1.1
      vertex 125.716 -22.9 -3.3
      vertex 126.098 -22.9 -2.52571
    endloop
  endfacet
  facet normal 0 -1 0
    outer loop
      vertex 117.474 -22.9 -6.0976
      vertex 119.158 -22.9 -2.03253
      vertex 116.7 -22.9 -5.71577
    endloop
  endfacet
  facet normal 0 -1 0
    outer loop
      vertex 121.745 -22.9 -1.33927
      vertex 125.236 -22.9 -4.01783
      vertex 125.716 -22.9 -3.3
    endloop
  endfacet
  facet normal 0 -1 -0
    outer loop
      vertex 119.158 -22.9 -2.03253
      vertex 117.474 -22.9 -6.0976
      vertex 119.431 -22.9 -2.12504
    endloop
  endfacet
  facet normal 0 -1 0
    outer loop
      vertex 121.556 -22.9 -1.55563
      vertex 124.667 -22.9 -4.6669
      vertex 125.236 -22.9 -4.01783
    endloop
  endfacet
  facet normal 0 -1 0
    outer loop
      vertex 118.292 -22.9 -6.37511
      vertex 119.431 -22.9 -2.12504
      vertex 117.474 -22.9 -6.0976
    endloop
  endfacet
  facet normal 0 -1 0
    outer loop
      vertex 121.339 -22.9 -1.74538
      vertex 124.018 -22.9 -5.23613
      vertex 124.667 -22.9 -4.6669
    endloop
  endfacet
  facet normal 0 -1 -0
    outer loop
      vertex 119.431 -22.9 -2.12504
      vertex 118.292 -22.9 -6.37511
      vertex 119.713 -22.9 -2.18118
    endloop
  endfacet
  facet normal 0 -1 0
    outer loop
      vertex 121.1 -22.9 -1.90526
      vertex 123.3 -22.9 -5.71577
      vertex 124.018 -22.9 -5.23613
    endloop
  endfacet
  facet normal 0 -1 0
    outer loop
      vertex 119.139 -22.9 -6.54354
      vertex 119.713 -22.9 -2.18118
      vertex 118.292 -22.9 -6.37511
    endloop
  endfacet
  facet normal 0 -1 0
    outer loop
      vertex 120.842 -22.9 -2.03253
      vertex 122.526 -22.9 -6.0976
      vertex 123.3 -22.9 -5.71577
    endloop
  endfacet
  facet normal 0 -1 -0
    outer loop
      vertex 119.713 -22.9 -2.18118
      vertex 119.139 -22.9 -6.54354
      vertex 120 -22.9 -2.2
    endloop
  endfacet
  facet normal 0 -1 0
    outer loop
      vertex 120.569 -22.9 -2.12504
      vertex 121.708 -22.9 -6.37511
      vertex 122.526 -22.9 -6.0976
    endloop
  endfacet
  facet normal 0 -1 0
    outer loop
      vertex 120 -22.9 -6.6
      vertex 120 -22.9 -2.2
      vertex 119.139 -22.9 -6.54354
    endloop
  endfacet
  facet normal 0 -1 0
    outer loop
      vertex 120.287 -22.9 -2.18118
      vertex 120.861 -22.9 -6.54354
      vertex 121.708 -22.9 -6.37511
    endloop
  endfacet
  facet normal 0 -1 0
    outer loop
      vertex 120 -22.9 -2.2
      vertex 120 -22.9 -6.6
      vertex 120.861 -22.9 -6.54354
    endloop
  endfacet
  facet normal 0.195247 0 -0.980754
    outer loop
      vertex 119.431 -22.9 2.12504
      vertex 119.713 -22 2.18118
      vertex 119.713 -22.9 2.18118
    endloop
  endfacet
  facet normal 0.195247 0 -0.980754
    outer loop
      vertex 119.713 -22 2.18118
      vertex 119.431 -22.9 2.12504
      vertex 119.431 -22 2.12504
    endloop
  endfacet
  facet normal 0.195247 0 -0.980754
    outer loop
      vertex 119.431 4.75 2.12504
      vertex 119.713 5.25 2.18118
      vertex 119.713 4.75 2.18118
    endloop
  endfacet
  facet normal 0.195247 0 -0.980754
    outer loop
      vertex 119.713 5.25 2.18118
      vertex 119.431 4.75 2.12504
      vertex 119.431 5.25 2.12504
    endloop
  endfacet
  facet normal 0.0654344 0 -0.997857
    outer loop
      vertex 119.713 -22.9 2.18118
      vertex 120 -22 2.2
      vertex 120 -22.9 2.2
    endloop
  endfacet
  facet normal 0.0654344 0 -0.997857
    outer loop
      vertex 120 -22 2.2
      vertex 119.713 -22.9 2.18118
      vertex 119.713 -22 2.18118
    endloop
  endfacet
  facet normal 0.0654344 0 -0.997857
    outer loop
      vertex 119.713 4.75 2.18118
      vertex 120 5.25 2.2
      vertex 120 4.75 2.2
    endloop
  endfacet
  facet normal 0.0654344 0 -0.997857
    outer loop
      vertex 120 5.25 2.2
      vertex 119.713 4.75 2.18118
      vertex 119.713 5.25 2.18118
    endloop
  endfacet
  facet normal 0.0654344 0 0.997857
    outer loop
      vertex 119.713 -22 -2.18118
      vertex 120 -22.9 -2.2
      vertex 120 -22 -2.2
    endloop
  endfacet
  facet normal 0.0654344 0 0.997857
    outer loop
      vertex 120 -22.9 -2.2
      vertex 119.713 -22 -2.18118
      vertex 119.713 -22.9 -2.18118
    endloop
  endfacet
  facet normal 0.0654344 0 0.997857
    outer loop
      vertex 119.713 5.25 -2.18118
      vertex 120 4.75 -2.2
      vertex 120 5.25 -2.2
    endloop
  endfacet
  facet normal 0.0654344 0 0.997857
    outer loop
      vertex 120 4.75 -2.2
      vertex 119.713 5.25 -2.18118
      vertex 119.713 4.75 -2.18118
    endloop
  endfacet
  facet normal 0.442396 0 -0.89682
    outer loop
      vertex 118.9 -22.9 1.90526
      vertex 119.158 -22 2.03253
      vertex 119.158 -22.9 2.03253
    endloop
  endfacet
  facet normal 0.442396 0 -0.89682
    outer loop
      vertex 119.158 -22 2.03253
      vertex 118.9 -22.9 1.90526
      vertex 118.9 -22 1.90526
    endloop
  endfacet
  facet normal 0.442396 0 -0.89682
    outer loop
      vertex 118.9 4.75 1.90526
      vertex 119.158 5.25 2.03253
      vertex 119.158 4.75 2.03253
    endloop
  endfacet
  facet normal 0.442396 0 -0.89682
    outer loop
      vertex 119.158 5.25 2.03253
      vertex 118.9 4.75 1.90526
      vertex 118.9 5.25 1.90526
    endloop
  endfacet
  facet normal 0.94746 0 -0.319875
    outer loop
      vertex 117.967 4.75 0.841903
      vertex 117.875 5.25 0.569402
      vertex 117.967 5.25 0.841903
    endloop
  endfacet
  facet normal 0.94746 0 -0.319875
    outer loop
      vertex 117.875 5.25 0.569402
      vertex 117.967 4.75 0.841903
      vertex 117.875 4.75 0.569402
    endloop
  endfacet
  facet normal 0.94746 0 -0.319875
    outer loop
      vertex 117.967 -22.9 0.841903
      vertex 117.875 -22 0.569402
      vertex 117.967 -22 0.841903
    endloop
  endfacet
  facet normal 0.94746 0 -0.319875
    outer loop
      vertex 117.875 -22 0.569402
      vertex 117.967 -22.9 0.841903
      vertex 117.875 -22.9 0.569402
    endloop
  endfacet
  facet normal -0.442396 0 -0.89682
    outer loop
      vertex 120.842 -22.9 2.03253
      vertex 121.1 -22 1.90526
      vertex 121.1 -22.9 1.90526
    endloop
  endfacet
  facet normal -0.442396 0 -0.89682
    outer loop
      vertex 121.1 -22 1.90526
      vertex 120.842 -22.9 2.03253
      vertex 120.842 -22 2.03253
    endloop
  endfacet
  facet normal -0.442396 0 -0.89682
    outer loop
      vertex 120.842 4.75 2.03253
      vertex 121.1 5.25 1.90526
      vertex 121.1 4.75 1.90526
    endloop
  endfacet
  facet normal -0.442396 0 -0.89682
    outer loop
      vertex 121.1 5.25 1.90526
      vertex 120.842 4.75 2.03253
      vertex 120.842 5.25 2.03253
    endloop
  endfacet
  facet normal 0.98088 0 -0.194616
    outer loop
      vertex 117.875 4.75 0.569402
      vertex 117.819 5.25 0.287157
      vertex 117.875 5.25 0.569402
    endloop
  endfacet
  facet normal 0.98088 0 -0.194616
    outer loop
      vertex 117.819 5.25 0.287157
      vertex 117.875 4.75 0.569402
      vertex 117.819 4.75 0.287157
    endloop
  endfacet
  facet normal 0.98088 0 -0.194616
    outer loop
      vertex 117.875 -22.9 0.569402
      vertex 117.819 -22 0.287157
      vertex 117.875 -22 0.569402
    endloop
  endfacet
  facet normal 0.98088 0 -0.194616
    outer loop
      vertex 117.819 -22 0.287157
      vertex 117.875 -22.9 0.569402
      vertex 117.819 -22.9 0.287157
    endloop
  endfacet
  facet normal -0.997818 0 -0.0660215
    outer loop
      vertex 122.2 4.75 0
      vertex 122.181 5.25 0.287157
      vertex 122.2 5.25 0
    endloop
  endfacet
  facet normal -0.997818 -0 -0.0660215
    outer loop
      vertex 122.181 5.25 0.287157
      vertex 122.2 4.75 0
      vertex 122.181 4.75 0.287157
    endloop
  endfacet
  facet normal -0.997818 0 -0.0660215
    outer loop
      vertex 122.2 -22.9 0
      vertex 122.181 -22 0.287157
      vertex 122.2 -22 0
    endloop
  endfacet
  facet normal -0.997818 -0 -0.0660215
    outer loop
      vertex 122.181 -22 0.287157
      vertex 122.2 -22.9 0
      vertex 122.181 -22.9 0.287157
    endloop
  endfacet
  facet normal 0.320939 0 -0.9471
    outer loop
      vertex 119.158 -22.9 2.03253
      vertex 119.431 -22 2.12504
      vertex 119.431 -22.9 2.12504
    endloop
  endfacet
  facet normal 0.320939 0 -0.9471
    outer loop
      vertex 119.431 -22 2.12504
      vertex 119.158 -22.9 2.03253
      vertex 119.158 -22 2.03253
    endloop
  endfacet
  facet normal 0.320939 0 -0.9471
    outer loop
      vertex 119.158 4.75 2.03253
      vertex 119.431 5.25 2.12504
      vertex 119.431 4.75 2.12504
    endloop
  endfacet
  facet normal 0.320939 0 -0.9471
    outer loop
      vertex 119.431 5.25 2.12504
      vertex 119.158 4.75 2.03253
      vertex 119.158 5.25 2.03253
    endloop
  endfacet
  facet normal 0.442396 0 0.89682
    outer loop
      vertex 118.9 -22 -1.90526
      vertex 119.158 -22.9 -2.03253
      vertex 119.158 -22 -2.03253
    endloop
  endfacet
  facet normal 0.442396 0 0.89682
    outer loop
      vertex 119.158 -22.9 -2.03253
      vertex 118.9 -22 -1.90526
      vertex 118.9 -22.9 -1.90526
    endloop
  endfacet
  facet normal 0.442396 0 0.89682
    outer loop
      vertex 118.9 5.25 -1.90526
      vertex 119.158 4.75 -2.03253
      vertex 119.158 5.25 -2.03253
    endloop
  endfacet
  facet normal 0.442396 0 0.89682
    outer loop
      vertex 119.158 4.75 -2.03253
      vertex 118.9 5.25 -1.90526
      vertex 118.9 4.75 -1.90526
    endloop
  endfacet
  facet normal -0.75312 0 -0.657883
    outer loop
      vertex 121.745 -22.9 1.33927
      vertex 121.556 -22 1.55563
      vertex 121.745 -22 1.33927
    endloop
  endfacet
  facet normal -0.75312 -0 -0.657883
    outer loop
      vertex 121.556 -22 1.55563
      vertex 121.745 -22.9 1.33927
      vertex 121.556 -22.9 1.55563
    endloop
  endfacet
  facet normal -0.75312 0 -0.657883
    outer loop
      vertex 121.745 4.75 1.33927
      vertex 121.556 5.25 1.55563
      vertex 121.745 5.25 1.33927
    endloop
  endfacet
  facet normal -0.75312 -0 -0.657883
    outer loop
      vertex 121.556 5.25 1.55563
      vertex 121.745 4.75 1.33927
      vertex 121.556 4.75 1.55563
    endloop
  endfacet
  facet normal -0.94746 0 -0.319875
    outer loop
      vertex 122.125 -22.9 0.569402
      vertex 122.033 -22 0.841903
      vertex 122.125 -22 0.569402
    endloop
  endfacet
  facet normal -0.94746 -0 -0.319875
    outer loop
      vertex 122.033 -22 0.841903
      vertex 122.125 -22.9 0.569402
      vertex 122.033 -22.9 0.841903
    endloop
  endfacet
  facet normal -0.94746 0 -0.319875
    outer loop
      vertex 122.125 4.75 0.569402
      vertex 122.033 5.25 0.841903
      vertex 122.125 5.25 0.569402
    endloop
  endfacet
  facet normal -0.94746 -0 -0.319875
    outer loop
      vertex 122.033 5.25 0.841903
      vertex 122.125 4.75 0.569402
      vertex 122.033 4.75 0.841903
    endloop
  endfacet
  facet normal -0.75312 0 0.657883
    outer loop
      vertex 121.556 -22.9 -1.55563
      vertex 121.745 -22 -1.33927
      vertex 121.556 -22 -1.55563
    endloop
  endfacet
  facet normal -0.75312 0 0.657883
    outer loop
      vertex 121.745 -22 -1.33927
      vertex 121.556 -22.9 -1.55563
      vertex 121.745 -22.9 -1.33927
    endloop
  endfacet
  facet normal -0.75312 0 0.657883
    outer loop
      vertex 121.556 4.75 -1.55563
      vertex 121.745 5.25 -1.33927
      vertex 121.556 5.25 -1.55563
    endloop
  endfacet
  facet normal -0.75312 0 0.657883
    outer loop
      vertex 121.745 5.25 -1.33927
      vertex 121.556 4.75 -1.55563
      vertex 121.745 4.75 -1.33927
    endloop
  endfacet
  facet normal -0.658259 0 -0.752792
    outer loop
      vertex 121.339 -22.9 1.74538
      vertex 121.556 -22 1.55563
      vertex 121.556 -22.9 1.55563
    endloop
  endfacet
  facet normal -0.658259 0 -0.752792
    outer loop
      vertex 121.556 -22 1.55563
      vertex 121.339 -22.9 1.74538
      vertex 121.339 -22 1.74538
    endloop
  endfacet
  facet normal -0.658259 0 -0.752792
    outer loop
      vertex 121.339 4.75 1.74538
      vertex 121.556 5.25 1.55563
      vertex 121.556 4.75 1.55563
    endloop
  endfacet
  facet normal -0.658259 0 -0.752792
    outer loop
      vertex 121.556 5.25 1.55563
      vertex 121.339 4.75 1.74538
      vertex 121.339 5.25 1.74538
    endloop
  endfacet
  facet normal 0.895878 -0 0.4443
    outer loop
      vertex 117.967 4.75 -0.841903
      vertex 118.095 5.25 -1.1
      vertex 117.967 5.25 -0.841903
    endloop
  endfacet
  facet normal 0.895878 0 0.4443
    outer loop
      vertex 118.095 5.25 -1.1
      vertex 117.967 4.75 -0.841903
      vertex 118.095 4.75 -1.1
    endloop
  endfacet
  facet normal 0.895878 -0 0.4443
    outer loop
      vertex 117.967 -22.9 -0.841903
      vertex 118.095 -22 -1.1
      vertex 117.967 -22 -0.841903
    endloop
  endfacet
  facet normal 0.895878 0 0.4443
    outer loop
      vertex 118.095 -22 -1.1
      vertex 117.967 -22.9 -0.841903
      vertex 118.095 -22.9 -1.1
    endloop
  endfacet
  facet normal -0.442396 0 0.89682
    outer loop
      vertex 120.842 -22 -2.03253
      vertex 121.1 -22.9 -1.90526
      vertex 121.1 -22 -1.90526
    endloop
  endfacet
  facet normal -0.442396 0 0.89682
    outer loop
      vertex 121.1 -22.9 -1.90526
      vertex 120.842 -22 -2.03253
      vertex 120.842 -22.9 -2.03253
    endloop
  endfacet
  facet normal -0.442396 0 0.89682
    outer loop
      vertex 120.842 5.25 -2.03253
      vertex 121.1 4.75 -1.90526
      vertex 121.1 5.25 -1.90526
    endloop
  endfacet
  facet normal -0.442396 0 0.89682
    outer loop
      vertex 121.1 4.75 -1.90526
      vertex 120.842 5.25 -2.03253
      vertex 120.842 4.75 -2.03253
    endloop
  endfacet
  facet normal 0.75312 -0 0.657883
    outer loop
      vertex 118.255 -22.9 -1.33927
      vertex 118.444 -22 -1.55563
      vertex 118.255 -22 -1.33927
    endloop
  endfacet
  facet normal 0.75312 0 0.657883
    outer loop
      vertex 118.444 -22 -1.55563
      vertex 118.255 -22.9 -1.33927
      vertex 118.444 -22.9 -1.55563
    endloop
  endfacet
  facet normal 0.75312 -0 0.657883
    outer loop
      vertex 118.255 4.75 -1.33927
      vertex 118.444 5.25 -1.55563
      vertex 118.255 5.25 -1.33927
    endloop
  endfacet
  facet normal 0.75312 0 0.657883
    outer loop
      vertex 118.444 5.25 -1.55563
      vertex 118.255 4.75 -1.33927
      vertex 118.444 4.75 -1.55563
    endloop
  endfacet
  facet normal 0.94746 -0 0.319875
    outer loop
      vertex 117.875 4.75 -0.569402
      vertex 117.967 5.25 -0.841903
      vertex 117.875 5.25 -0.569402
    endloop
  endfacet
  facet normal 0.94746 0 0.319875
    outer loop
      vertex 117.967 5.25 -0.841903
      vertex 117.875 4.75 -0.569402
      vertex 117.967 4.75 -0.841903
    endloop
  endfacet
  facet normal 0.94746 -0 0.319875
    outer loop
      vertex 117.875 -22.9 -0.569402
      vertex 117.967 -22 -0.841903
      vertex 117.875 -22 -0.569402
    endloop
  endfacet
  facet normal 0.94746 0 0.319875
    outer loop
      vertex 117.967 -22 -0.841903
      vertex 117.875 -22.9 -0.569402
      vertex 117.967 -22.9 -0.841903
    endloop
  endfacet
  facet normal 0.658259 0 -0.752792
    outer loop
      vertex 118.444 -22.9 1.55563
      vertex 118.661 -22 1.74538
      vertex 118.661 -22.9 1.74538
    endloop
  endfacet
  facet normal 0.658259 0 -0.752792
    outer loop
      vertex 118.661 -22 1.74538
      vertex 118.444 -22.9 1.55563
      vertex 118.444 -22 1.55563
    endloop
  endfacet
  facet normal 0.658259 0 -0.752792
    outer loop
      vertex 118.444 4.75 1.55563
      vertex 118.661 5.25 1.74538
      vertex 118.661 4.75 1.74538
    endloop
  endfacet
  facet normal 0.658259 0 -0.752792
    outer loop
      vertex 118.661 5.25 1.74538
      vertex 118.444 4.75 1.55563
      vertex 118.444 5.25 1.55563
    endloop
  endfacet
  facet normal -0.94746 0 0.319875
    outer loop
      vertex 122.033 -22.9 -0.841903
      vertex 122.125 -22 -0.569402
      vertex 122.033 -22 -0.841903
    endloop
  endfacet
  facet normal -0.94746 0 0.319875
    outer loop
      vertex 122.125 -22 -0.569402
      vertex 122.033 -22.9 -0.841903
      vertex 122.125 -22.9 -0.569402
    endloop
  endfacet
  facet normal -0.94746 0 0.319875
    outer loop
      vertex 122.033 4.75 -0.841903
      vertex 122.125 5.25 -0.569402
      vertex 122.033 5.25 -0.841903
    endloop
  endfacet
  facet normal -0.94746 0 0.319875
    outer loop
      vertex 122.125 5.25 -0.569402
      vertex 122.033 4.75 -0.841903
      vertex 122.125 4.75 -0.569402
    endloop
  endfacet
  facet normal -0.98088 0 -0.194616
    outer loop
      vertex 122.181 4.75 0.287157
      vertex 122.125 5.25 0.569402
      vertex 122.181 5.25 0.287157
    endloop
  endfacet
  facet normal -0.98088 -0 -0.194616
    outer loop
      vertex 122.125 5.25 0.569402
      vertex 122.181 4.75 0.287157
      vertex 122.125 4.75 0.569402
    endloop
  endfacet
  facet normal -0.98088 0 -0.194616
    outer loop
      vertex 122.181 -22.9 0.287157
      vertex 122.125 -22 0.569402
      vertex 122.181 -22 0.287157
    endloop
  endfacet
  facet normal -0.98088 -0 -0.194616
    outer loop
      vertex 122.125 -22 0.569402
      vertex 122.181 -22.9 0.287157
      vertex 122.125 -22.9 0.569402
    endloop
  endfacet
  facet normal -0.195247 0 -0.980754
    outer loop
      vertex 120.287 -22.9 2.18118
      vertex 120.569 -22 2.12504
      vertex 120.569 -22.9 2.12504
    endloop
  endfacet
  facet normal -0.195247 0 -0.980754
    outer loop
      vertex 120.569 -22 2.12504
      vertex 120.287 -22.9 2.18118
      vertex 120.287 -22 2.18118
    endloop
  endfacet
  facet normal -0.195247 0 -0.980754
    outer loop
      vertex 120.287 4.75 2.18118
      vertex 120.569 5.25 2.12504
      vertex 120.569 4.75 2.12504
    endloop
  endfacet
  facet normal -0.195247 0 -0.980754
    outer loop
      vertex 120.569 5.25 2.12504
      vertex 120.287 4.75 2.18118
      vertex 120.287 5.25 2.18118
    endloop
  endfacet
  facet normal -0.320939 0 0.9471
    outer loop
      vertex 120.569 -22 -2.12504
      vertex 120.842 -22.9 -2.03253
      vertex 120.842 -22 -2.03253
    endloop
  endfacet
  facet normal -0.320939 0 0.9471
    outer loop
      vertex 120.842 -22.9 -2.03253
      vertex 120.569 -22 -2.12504
      vertex 120.569 -22.9 -2.12504
    endloop
  endfacet
  facet normal -0.320939 0 0.9471
    outer loop
      vertex 120.569 5.25 -2.12504
      vertex 120.842 4.75 -2.03253
      vertex 120.842 5.25 -2.03253
    endloop
  endfacet
  facet normal -0.320939 0 0.9471
    outer loop
      vertex 120.842 4.75 -2.03253
      vertex 120.569 5.25 -2.12504
      vertex 120.569 4.75 -2.12504
    endloop
  endfacet
  facet normal -0.320939 0 -0.9471
    outer loop
      vertex 120.569 -22.9 2.12504
      vertex 120.842 -22 2.03253
      vertex 120.842 -22.9 2.03253
    endloop
  endfacet
  facet normal -0.320939 0 -0.9471
    outer loop
      vertex 120.842 -22 2.03253
      vertex 120.569 -22.9 2.12504
      vertex 120.569 -22 2.12504
    endloop
  endfacet
  facet normal -0.320939 0 -0.9471
    outer loop
      vertex 120.569 4.75 2.12504
      vertex 120.842 5.25 2.03253
      vertex 120.842 4.75 2.03253
    endloop
  endfacet
  facet normal -0.320939 0 -0.9471
    outer loop
      vertex 120.842 5.25 2.03253
      vertex 120.569 4.75 2.12504
      vertex 120.569 5.25 2.12504
    endloop
  endfacet
  facet normal -0.658259 0 0.752792
    outer loop
      vertex 121.339 -22 -1.74538
      vertex 121.556 -22.9 -1.55563
      vertex 121.556 -22 -1.55563
    endloop
  endfacet
  facet normal -0.658259 0 0.752792
    outer loop
      vertex 121.556 -22.9 -1.55563
      vertex 121.339 -22 -1.74538
      vertex 121.339 -22.9 -1.74538
    endloop
  endfacet
  facet normal -0.658259 0 0.752792
    outer loop
      vertex 121.339 5.25 -1.74538
      vertex 121.556 4.75 -1.55563
      vertex 121.556 5.25 -1.55563
    endloop
  endfacet
  facet normal -0.658259 0 0.752792
    outer loop
      vertex 121.556 4.75 -1.55563
      vertex 121.339 5.25 -1.74538
      vertex 121.339 4.75 -1.74538
    endloop
  endfacet
  facet normal 0.831269 0 -0.55587
    outer loop
      vertex 118.255 -22.9 1.33927
      vertex 118.095 -22 1.1
      vertex 118.255 -22 1.33927
    endloop
  endfacet
  facet normal 0.831269 0 -0.55587
    outer loop
      vertex 118.095 -22 1.1
      vertex 118.255 -22.9 1.33927
      vertex 118.095 -22.9 1.1
    endloop
  endfacet
  facet normal 0.831269 0 -0.55587
    outer loop
      vertex 118.255 4.75 1.33927
      vertex 118.095 5.25 1.1
      vertex 118.255 5.25 1.33927
    endloop
  endfacet
  facet normal 0.831269 0 -0.55587
    outer loop
      vertex 118.095 5.25 1.1
      vertex 118.255 4.75 1.33927
      vertex 118.095 4.75 1.1
    endloop
  endfacet
  facet normal 0.75312 0 -0.657883
    outer loop
      vertex 118.444 -22.9 1.55563
      vertex 118.255 -22 1.33927
      vertex 118.444 -22 1.55563
    endloop
  endfacet
  facet normal 0.75312 0 -0.657883
    outer loop
      vertex 118.255 -22 1.33927
      vertex 118.444 -22.9 1.55563
      vertex 118.255 -22.9 1.33927
    endloop
  endfacet
  facet normal 0.75312 0 -0.657883
    outer loop
      vertex 118.444 4.75 1.55563
      vertex 118.255 5.25 1.33927
      vertex 118.444 5.25 1.55563
    endloop
  endfacet
  facet normal 0.75312 0 -0.657883
    outer loop
      vertex 118.255 5.25 1.33927
      vertex 118.444 4.75 1.55563
      vertex 118.255 4.75 1.33927
    endloop
  endfacet
  facet normal 0.895878 0 -0.4443
    outer loop
      vertex 118.095 4.75 1.1
      vertex 117.967 5.25 0.841903
      vertex 118.095 5.25 1.1
    endloop
  endfacet
  facet normal 0.895878 0 -0.4443
    outer loop
      vertex 117.967 5.25 0.841903
      vertex 118.095 4.75 1.1
      vertex 117.967 4.75 0.841903
    endloop
  endfacet
  facet normal 0.895878 0 -0.4443
    outer loop
      vertex 118.095 -22.9 1.1
      vertex 117.967 -22 0.841903
      vertex 118.095 -22 1.1
    endloop
  endfacet
  facet normal 0.895878 0 -0.4443
    outer loop
      vertex 117.967 -22 0.841903
      vertex 118.095 -22.9 1.1
      vertex 117.967 -22.9 0.841903
    endloop
  endfacet
  facet normal 0.98088 -0 0.194616
    outer loop
      vertex 117.819 4.75 -0.287157
      vertex 117.875 5.25 -0.569402
      vertex 117.819 5.25 -0.287157
    endloop
  endfacet
  facet normal 0.98088 0 0.194616
    outer loop
      vertex 117.875 5.25 -0.569402
      vertex 117.819 4.75 -0.287157
      vertex 117.875 4.75 -0.569402
    endloop
  endfacet
  facet normal 0.98088 -0 0.194616
    outer loop
      vertex 117.819 -22.9 -0.287157
      vertex 117.875 -22 -0.569402
      vertex 117.819 -22 -0.287157
    endloop
  endfacet
  facet normal 0.98088 0 0.194616
    outer loop
      vertex 117.875 -22 -0.569402
      vertex 117.819 -22.9 -0.287157
      vertex 117.875 -22.9 -0.569402
    endloop
  endfacet
  facet normal -0.997818 0 0.0660215
    outer loop
      vertex 122.181 4.75 -0.287157
      vertex 122.2 5.25 0
      vertex 122.181 5.25 -0.287157
    endloop
  endfacet
  facet normal -0.997818 0 0.0660215
    outer loop
      vertex 122.2 5.25 0
      vertex 122.181 4.75 -0.287157
      vertex 122.2 4.75 0
    endloop
  endfacet
  facet normal -0.997818 0 0.0660215
    outer loop
      vertex 122.181 -22.9 -0.287157
      vertex 122.2 -22 0
      vertex 122.181 -22 -0.287157
    endloop
  endfacet
  facet normal -0.997818 0 0.0660215
    outer loop
      vertex 122.2 -22 0
      vertex 122.181 -22.9 -0.287157
      vertex 122.2 -22.9 0
    endloop
  endfacet
  facet normal -0.895878 0 0.4443
    outer loop
      vertex 121.905 -22.9 -1.1
      vertex 122.033 -22 -0.841903
      vertex 121.905 -22 -1.1
    endloop
  endfacet
  facet normal -0.895878 0 0.4443
    outer loop
      vertex 122.033 -22 -0.841903
      vertex 121.905 -22.9 -1.1
      vertex 122.033 -22.9 -0.841903
    endloop
  endfacet
  facet normal -0.895878 0 0.4443
    outer loop
      vertex 121.905 4.75 -1.1
      vertex 122.033 5.25 -0.841903
      vertex 121.905 5.25 -1.1
    endloop
  endfacet
  facet normal -0.895878 0 0.4443
    outer loop
      vertex 122.033 5.25 -0.841903
      vertex 121.905 4.75 -1.1
      vertex 122.033 4.75 -0.841903
    endloop
  endfacet
  facet normal 0.997818 -0 0.0660215
    outer loop
      vertex 117.8 4.75 0
      vertex 117.819 5.25 -0.287157
      vertex 117.8 5.25 0
    endloop
  endfacet
  facet normal 0.997818 0 0.0660215
    outer loop
      vertex 117.819 5.25 -0.287157
      vertex 117.8 4.75 0
      vertex 117.819 4.75 -0.287157
    endloop
  endfacet
  facet normal 0.997818 -0 0.0660215
    outer loop
      vertex 117.8 -22.9 0
      vertex 117.819 -22 -0.287157
      vertex 117.8 -22 0
    endloop
  endfacet
  facet normal 0.997818 0 0.0660215
    outer loop
      vertex 117.819 -22 -0.287157
      vertex 117.8 -22.9 0
      vertex 117.819 -22.9 -0.287157
    endloop
  endfacet
  facet normal 0.320939 0 0.9471
    outer loop
      vertex 119.158 -22 -2.03253
      vertex 119.431 -22.9 -2.12504
      vertex 119.431 -22 -2.12504
    endloop
  endfacet
  facet normal 0.320939 0 0.9471
    outer loop
      vertex 119.431 -22.9 -2.12504
      vertex 119.158 -22 -2.03253
      vertex 119.158 -22.9 -2.03253
    endloop
  endfacet
  facet normal 0.320939 0 0.9471
    outer loop
      vertex 119.158 5.25 -2.03253
      vertex 119.431 4.75 -2.12504
      vertex 119.431 5.25 -2.12504
    endloop
  endfacet
  facet normal 0.320939 0 0.9471
    outer loop
      vertex 119.431 4.75 -2.12504
      vertex 119.158 5.25 -2.03253
      vertex 119.158 4.75 -2.03253
    endloop
  endfacet
  facet normal 0.556016 0 -0.831172
    outer loop
      vertex 118.661 -22.9 1.74538
      vertex 118.9 -22 1.90526
      vertex 118.9 -22.9 1.90526
    endloop
  endfacet
  facet normal 0.556016 0 -0.831172
    outer loop
      vertex 118.9 -22 1.90526
      vertex 118.661 -22.9 1.74538
      vertex 118.661 -22 1.74538
    endloop
  endfacet
  facet normal 0.556016 0 -0.831172
    outer loop
      vertex 118.661 4.75 1.74538
      vertex 118.9 5.25 1.90526
      vertex 118.9 4.75 1.90526
    endloop
  endfacet
  facet normal 0.556016 0 -0.831172
    outer loop
      vertex 118.9 5.25 1.90526
      vertex 118.661 4.75 1.74538
      vertex 118.661 5.25 1.74538
    endloop
  endfacet
  facet normal -0.895878 0 -0.4443
    outer loop
      vertex 122.033 -22.9 0.841903
      vertex 121.905 -22 1.1
      vertex 122.033 -22 0.841903
    endloop
  endfacet
  facet normal -0.895878 -0 -0.4443
    outer loop
      vertex 121.905 -22 1.1
      vertex 122.033 -22.9 0.841903
      vertex 121.905 -22.9 1.1
    endloop
  endfacet
  facet normal -0.895878 0 -0.4443
    outer loop
      vertex 122.033 4.75 0.841903
      vertex 121.905 5.25 1.1
      vertex 122.033 5.25 0.841903
    endloop
  endfacet
  facet normal -0.895878 -0 -0.4443
    outer loop
      vertex 121.905 5.25 1.1
      vertex 122.033 4.75 0.841903
      vertex 121.905 4.75 1.1
    endloop
  endfacet
  facet normal -0.0654344 0 0.997857
    outer loop
      vertex 120 -22 -2.2
      vertex 120.287 -22.9 -2.18118
      vertex 120.287 -22 -2.18118
    endloop
  endfacet
  facet normal -0.0654344 0 0.997857
    outer loop
      vertex 120.287 -22.9 -2.18118
      vertex 120 -22 -2.2
      vertex 120 -22.9 -2.2
    endloop
  endfacet
  facet normal -0.0654344 0 0.997857
    outer loop
      vertex 120 5.25 -2.2
      vertex 120.287 4.75 -2.18118
      vertex 120.287 5.25 -2.18118
    endloop
  endfacet
  facet normal -0.0654344 0 0.997857
    outer loop
      vertex 120.287 4.75 -2.18118
      vertex 120 5.25 -2.2
      vertex 120 4.75 -2.2
    endloop
  endfacet
  facet normal -0.556016 0 -0.831172
    outer loop
      vertex 121.1 -22.9 1.90526
      vertex 121.339 -22 1.74538
      vertex 121.339 -22.9 1.74538
    endloop
  endfacet
  facet normal -0.556016 0 -0.831172
    outer loop
      vertex 121.339 -22 1.74538
      vertex 121.1 -22.9 1.90526
      vertex 121.1 -22 1.90526
    endloop
  endfacet
  facet normal -0.556016 0 -0.831172
    outer loop
      vertex 121.1 4.75 1.90526
      vertex 121.339 5.25 1.74538
      vertex 121.339 4.75 1.74538
    endloop
  endfacet
  facet normal -0.556016 0 -0.831172
    outer loop
      vertex 121.339 5.25 1.74538
      vertex 121.1 4.75 1.90526
      vertex 121.1 5.25 1.90526
    endloop
  endfacet
  facet normal 0.195247 0 0.980754
    outer loop
      vertex 119.431 -22 -2.12504
      vertex 119.713 -22.9 -2.18118
      vertex 119.713 -22 -2.18118
    endloop
  endfacet
  facet normal 0.195247 0 0.980754
    outer loop
      vertex 119.713 -22.9 -2.18118
      vertex 119.431 -22 -2.12504
      vertex 119.431 -22.9 -2.12504
    endloop
  endfacet
  facet normal 0.195247 0 0.980754
    outer loop
      vertex 119.431 5.25 -2.12504
      vertex 119.713 4.75 -2.18118
      vertex 119.713 5.25 -2.18118
    endloop
  endfacet
  facet normal 0.195247 0 0.980754
    outer loop
      vertex 119.713 4.75 -2.18118
      vertex 119.431 5.25 -2.12504
      vertex 119.431 4.75 -2.12504
    endloop
  endfacet
  facet normal -0.831269 0 0.55587
    outer loop
      vertex 121.745 -22.9 -1.33927
      vertex 121.905 -22 -1.1
      vertex 121.745 -22 -1.33927
    endloop
  endfacet
  facet normal -0.831269 0 0.55587
    outer loop
      vertex 121.905 -22 -1.1
      vertex 121.745 -22.9 -1.33927
      vertex 121.905 -22.9 -1.1
    endloop
  endfacet
  facet normal -0.831269 0 0.55587
    outer loop
      vertex 121.745 4.75 -1.33927
      vertex 121.905 5.25 -1.1
      vertex 121.745 5.25 -1.33927
    endloop
  endfacet
  facet normal -0.831269 0 0.55587
    outer loop
      vertex 121.905 5.25 -1.1
      vertex 121.745 4.75 -1.33927
      vertex 121.905 4.75 -1.1
    endloop
  endfacet
  facet normal 0.831269 -0 0.55587
    outer loop
      vertex 118.095 -22.9 -1.1
      vertex 118.255 -22 -1.33927
      vertex 118.095 -22 -1.1
    endloop
  endfacet
  facet normal 0.831269 0 0.55587
    outer loop
      vertex 118.255 -22 -1.33927
      vertex 118.095 -22.9 -1.1
      vertex 118.255 -22.9 -1.33927
    endloop
  endfacet
  facet normal 0.831269 -0 0.55587
    outer loop
      vertex 118.095 4.75 -1.1
      vertex 118.255 5.25 -1.33927
      vertex 118.095 5.25 -1.1
    endloop
  endfacet
  facet normal 0.831269 0 0.55587
    outer loop
      vertex 118.255 5.25 -1.33927
      vertex 118.095 4.75 -1.1
      vertex 118.255 4.75 -1.33927
    endloop
  endfacet
  facet normal -0.0654344 0 -0.997857
    outer loop
      vertex 120 -22.9 2.2
      vertex 120.287 -22 2.18118
      vertex 120.287 -22.9 2.18118
    endloop
  endfacet
  facet normal -0.0654344 0 -0.997857
    outer loop
      vertex 120.287 -22 2.18118
      vertex 120 -22.9 2.2
      vertex 120 -22 2.2
    endloop
  endfacet
  facet normal -0.0654344 0 -0.997857
    outer loop
      vertex 120 4.75 2.2
      vertex 120.287 5.25 2.18118
      vertex 120.287 4.75 2.18118
    endloop
  endfacet
  facet normal -0.0654344 0 -0.997857
    outer loop
      vertex 120.287 5.25 2.18118
      vertex 120 4.75 2.2
      vertex 120 5.25 2.2
    endloop
  endfacet
  facet normal 0.997818 0 -0.0660215
    outer loop
      vertex 117.819 4.75 0.287157
      vertex 117.8 5.25 0
      vertex 117.819 5.25 0.287157
    endloop
  endfacet
  facet normal 0.997818 0 -0.0660215
    outer loop
      vertex 117.8 5.25 0
      vertex 117.819 4.75 0.287157
      vertex 117.8 4.75 0
    endloop
  endfacet
  facet normal 0.997818 0 -0.0660215
    outer loop
      vertex 117.819 -22.9 0.287157
      vertex 117.8 -22 0
      vertex 117.819 -22 0.287157
    endloop
  endfacet
  facet normal 0.997818 0 -0.0660215
    outer loop
      vertex 117.8 -22 0
      vertex 117.819 -22.9 0.287157
      vertex 117.8 -22.9 0
    endloop
  endfacet
  facet normal -0.98088 0 0.194616
    outer loop
      vertex 122.125 4.75 -0.569402
      vertex 122.181 5.25 -0.287157
      vertex 122.125 5.25 -0.569402
    endloop
  endfacet
  facet normal -0.98088 0 0.194616
    outer loop
      vertex 122.181 5.25 -0.287157
      vertex 122.125 4.75 -0.569402
      vertex 122.181 4.75 -0.287157
    endloop
  endfacet
  facet normal -0.98088 0 0.194616
    outer loop
      vertex 122.125 -22.9 -0.569402
      vertex 122.181 -22 -0.287157
      vertex 122.125 -22 -0.569402
    endloop
  endfacet
  facet normal -0.98088 0 0.194616
    outer loop
      vertex 122.181 -22 -0.287157
      vertex 122.125 -22.9 -0.569402
      vertex 122.181 -22.9 -0.287157
    endloop
  endfacet
  facet normal -0.195247 0 0.980754
    outer loop
      vertex 120.287 -22 -2.18118
      vertex 120.569 -22.9 -2.12504
      vertex 120.569 -22 -2.12504
    endloop
  endfacet
  facet normal -0.195247 0 0.980754
    outer loop
      vertex 120.569 -22.9 -2.12504
      vertex 120.287 -22 -2.18118
      vertex 120.287 -22.9 -2.18118
    endloop
  endfacet
  facet normal -0.195247 0 0.980754
    outer loop
      vertex 120.287 5.25 -2.18118
      vertex 120.569 4.75 -2.12504
      vertex 120.569 5.25 -2.12504
    endloop
  endfacet
  facet normal -0.195247 0 0.980754
    outer loop
      vertex 120.569 4.75 -2.12504
      vertex 120.287 5.25 -2.18118
      vertex 120.287 4.75 -2.18118
    endloop
  endfacet
  facet normal -0.556016 0 0.831172
    outer loop
      vertex 121.1 -22 -1.90526
      vertex 121.339 -22.9 -1.74538
      vertex 121.339 -22 -1.74538
    endloop
  endfacet
  facet normal -0.556016 0 0.831172
    outer loop
      vertex 121.339 -22.9 -1.74538
      vertex 121.1 -22 -1.90526
      vertex 121.1 -22.9 -1.90526
    endloop
  endfacet
  facet normal -0.556016 0 0.831172
    outer loop
      vertex 121.1 5.25 -1.90526
      vertex 121.339 4.75 -1.74538
      vertex 121.339 5.25 -1.74538
    endloop
  endfacet
  facet normal -0.556016 0 0.831172
    outer loop
      vertex 121.339 4.75 -1.74538
      vertex 121.1 5.25 -1.90526
      vertex 121.1 4.75 -1.90526
    endloop
  endfacet
  facet normal -0.831269 0 -0.55587
    outer loop
      vertex 121.905 -22.9 1.1
      vertex 121.745 -22 1.33927
      vertex 121.905 -22 1.1
    endloop
  endfacet
  facet normal -0.831269 -0 -0.55587
    outer loop
      vertex 121.745 -22 1.33927
      vertex 121.905 -22.9 1.1
      vertex 121.745 -22.9 1.33927
    endloop
  endfacet
  facet normal -0.831269 0 -0.55587
    outer loop
      vertex 121.905 4.75 1.1
      vertex 121.745 5.25 1.33927
      vertex 121.905 5.25 1.1
    endloop
  endfacet
  facet normal -0.831269 -0 -0.55587
    outer loop
      vertex 121.745 5.25 1.33927
      vertex 121.905 4.75 1.1
      vertex 121.745 4.75 1.33927
    endloop
  endfacet
  facet normal 0.556016 0 0.831172
    outer loop
      vertex 118.661 -22 -1.74538
      vertex 118.9 -22.9 -1.90526
      vertex 118.9 -22 -1.90526
    endloop
  endfacet
  facet normal 0.556016 0 0.831172
    outer loop
      vertex 118.9 -22.9 -1.90526
      vertex 118.661 -22 -1.74538
      vertex 118.661 -22.9 -1.74538
    endloop
  endfacet
  facet normal 0.556016 0 0.831172
    outer loop
      vertex 118.661 5.25 -1.74538
      vertex 118.9 4.75 -1.90526
      vertex 118.9 5.25 -1.90526
    endloop
  endfacet
  facet normal 0.556016 0 0.831172
    outer loop
      vertex 118.9 4.75 -1.90526
      vertex 118.661 5.25 -1.74538
      vertex 118.661 4.75 -1.74538
    endloop
  endfacet
  facet normal 0.658259 0 0.752792
    outer loop
      vertex 118.444 -22 -1.55563
      vertex 118.661 -22.9 -1.74538
      vertex 118.661 -22 -1.74538
    endloop
  endfacet
  facet normal 0.658259 0 0.752792
    outer loop
      vertex 118.661 -22.9 -1.74538
      vertex 118.444 -22 -1.55563
      vertex 118.444 -22.9 -1.55563
    endloop
  endfacet
  facet normal 0.658259 0 0.752792
    outer loop
      vertex 118.444 5.25 -1.55563
      vertex 118.661 4.75 -1.74538
      vertex 118.661 5.25 -1.74538
    endloop
  endfacet
  facet normal 0.658259 0 0.752792
    outer loop
      vertex 118.661 4.75 -1.74538
      vertex 118.444 5.25 -1.55563
      vertex 118.444 4.75 -1.55563
    endloop
  endfacet
  facet normal -1 0 0
    outer loop
      vertex 76 8.25 -16
      vertex 76 -10 -12
      vertex 76 8.25 -12
    endloop
  endfacet
  facet normal -1 -0 0
    outer loop
      vertex 76 -10 -12
      vertex 76 -27 -16
      vertex 76 -10 12
    endloop
  endfacet
  facet normal -1 0 0
    outer loop
      vertex 76 -27 -16
      vertex 76 -10 -12
      vertex 76 8.25 -16
    endloop
  endfacet
  facet normal -1 0 0
    outer loop
      vertex 76 -10 12
      vertex 76 8.25 16
      vertex 76 8.25 12
    endloop
  endfacet
  facet normal -1 0 0
    outer loop
      vertex 76 -10 12
      vertex 76 -27 16
      vertex 76 8.25 16
    endloop
  endfacet
  facet normal -1 0 0
    outer loop
      vertex 76 -27 16
      vertex 76 -10 12
      vertex 76 -27 -16
    endloop
  endfacet
  facet normal 0 -1 0
    outer loop
      vertex 76 -27 -16
      vertex 84 -27 16
      vertex 76 -27 16
    endloop
  endfacet
  facet normal 0 -1 -0
    outer loop
      vertex 84 -27 16
      vertex 76 -27 -16
      vertex 84 -27 -16
    endloop
  endfacet
  facet normal -0.180241 -0.382458 -0.906222
    outer loop
      vertex 48.7059 -44.5 -4.82963
      vertex 36 -31 -8
      vertex 49.3474 -44.5 -4.95722
    endloop
  endfacet
  facet normal 0 -0.21693 0.976187
    outer loop
      vertex 44 -31 8
      vertex 36 -31 8
      vertex 50 -44.5 5
    endloop
  endfacet
  facet normal -0.284619 -0.464777 0.838436
    outer loop
      vertex 48.7059 -44.5 4.82963
      vertex 36 -31 8
      vertex 48.0866 -44.5 4.6194
    endloop
  endfacet
  facet normal -0.738395 -0.626072 0.250614
    outer loop
      vertex 45.3806 -44.5 1.91342
      vertex 36 -31 8
      vertex 45.1704 -44.5 1.2941
    endloop
  endfacet
  facet normal 0.547175 0.173237 0.818895
    outer loop
      vertex 53.0438 -39.5 3.96677
      vertex 44 -30 8
      vertex 52.5 -39.5 4.33013
    endloop
  endfacet
  facet normal 0.751784 0 -0.659409
    outer loop
      vertex 53.9668 -44.5 -3.04381
      vertex 53.5355 -39.5 -3.53553
      vertex 53.9668 -39.5 -3.04381
    endloop
  endfacet
  facet normal 0.751784 0 -0.659409
    outer loop
      vertex 53.5355 -39.5 -3.53553
      vertex 53.9668 -44.5 -3.04381
      vertex 53.5355 -44.5 -3.53553
    endloop
  endfacet
  facet normal -0.77968 -0.606668 0.155093
    outer loop
      vertex 45.1704 -44.5 1.2941
      vertex 36 -31 8
      vertex 45.0428 -44.5 0.652631
    endloop
  endfacet
  facet normal -0.69262 -0.635286 0.341599
    outer loop
      vertex 45.6699 -44.5 2.5
      vertex 36 -31 8
      vertex 45.3806 -44.5 1.91342
    endloop
  endfacet
  facet normal -0.83205 -0.5547 -0
    outer loop
      vertex 36 -31 8
      vertex 36 -31 -8
      vertex 45 -44.5 0
    endloop
  endfacet
  facet normal 0.686922 0.40634 -0.602517
    outer loop
      vertex 53.5355 -39.5 -3.53553
      vertex 44 -30 -8
      vertex 53.9668 -39.5 -3.04381
    endloop
  endfacet
  facet normal 0.392853 -0 0.919601
    outer loop
      vertex 44 -31 8
      vertex 51.9134 -39.5 4.6194
      vertex 44 -30 8
    endloop
  endfacet
  facet normal 0.392853 0 0.919601
    outer loop
      vertex 51.9134 -39.5 4.6194
      vertex 44 -31 8
      vertex 51.9134 -44.5 4.6194
    endloop
  endfacet
  facet normal -0.815933 -0.575665 0.0535095
    outer loop
      vertex 45.0428 -44.5 0.652631
      vertex 36 -31 8
      vertex 45 -44.5 0
    endloop
  endfacet
  facet normal 0.555575 0 0.831466
    outer loop
      vertex 52.5 -39.5 4.33013
      vertex 53.0438 -44.5 3.96677
      vertex 53.0438 -39.5 3.96677
    endloop
  endfacet
  facet normal 0.555575 0 0.831466
    outer loop
      vertex 53.0438 -44.5 3.96677
      vertex 52.5 -39.5 4.33013
      vertex 52.5 -44.5 4.33013
    endloop
  endfacet
  facet normal -0.586813 -0.625081 -0.514708
    outer loop
      vertex 46.0332 -44.5 -3.04381
      vertex 36 -31 -8
      vertex 46.4645 -44.5 -3.53553
    endloop
  endfacet
  facet normal 0.0642314 -0.189194 0.979837
    outer loop
      vertex 50.6526 -44.5 4.95722
      vertex 44 -31 8
      vertex 50 -44.5 5
    endloop
  endfacet
  facet normal 0 -0.21693 -0.976187
    outer loop
      vertex 50 -44.5 -5
      vertex 36 -31 -8
      vertex 44 -31 -8
    endloop
  endfacet
  facet normal 0.441742 0.0491964 0.895792
    outer loop
      vertex 52.5 -39.5 4.33013
      vertex 44 -30 8
      vertex 51.9134 -39.5 4.6194
    endloop
  endfacet
  facet normal 0 -1 0
    outer loop
      vertex 50 -44.5 1.5
      vertex 50 -44.5 5
      vertex 49.3474 -44.5 4.95722
    endloop
  endfacet
  facet normal 0 -1 0
    outer loop
      vertex 49.8042 -44.5 1.48717
      vertex 49.3474 -44.5 4.95722
      vertex 48.7059 -44.5 4.82963
    endloop
  endfacet
  facet normal 0 -1 0
    outer loop
      vertex 50 -44.5 5
      vertex 50 -44.5 1.5
      vertex 50.6526 -44.5 4.95722
    endloop
  endfacet
  facet normal 0 -1 0
    outer loop
      vertex 49.6118 -44.5 1.44889
      vertex 48.7059 -44.5 4.82963
      vertex 48.0866 -44.5 4.6194
    endloop
  endfacet
  facet normal 0 -1 0
    outer loop
      vertex 50.1958 -44.5 1.48717
      vertex 50.6526 -44.5 4.95722
      vertex 50 -44.5 1.5
    endloop
  endfacet
  facet normal 0 -1 0
    outer loop
      vertex 49.426 -44.5 1.38582
      vertex 48.0866 -44.5 4.6194
      vertex 47.5 -44.5 4.33013
    endloop
  endfacet
  facet normal 0 -1 -0
    outer loop
      vertex 50.6526 -44.5 4.95722
      vertex 50.1958 -44.5 1.48717
      vertex 51.2941 -44.5 4.82963
    endloop
  endfacet
  facet normal 0 -1 0
    outer loop
      vertex 49.25 -44.5 1.29904
      vertex 47.5 -44.5 4.33013
      vertex 46.9562 -44.5 3.96677
    endloop
  endfacet
  facet normal 0 -1 0
    outer loop
      vertex 50.3882 -44.5 1.44889
      vertex 51.2941 -44.5 4.82963
      vertex 50.1958 -44.5 1.48717
    endloop
  endfacet
  facet normal 0 -1 0
    outer loop
      vertex 49.0869 -44.5 1.19003
      vertex 46.9562 -44.5 3.96677
      vertex 46.4645 -44.5 3.53553
    endloop
  endfacet
  facet normal 0 -1 -0
    outer loop
      vertex 51.2941 -44.5 4.82963
      vertex 50.3882 -44.5 1.44889
      vertex 51.9134 -44.5 4.6194
    endloop
  endfacet
  facet normal 0 -1 0
    outer loop
      vertex 48.9393 -44.5 1.06066
      vertex 46.4645 -44.5 3.53553
      vertex 46.0332 -44.5 3.04381
    endloop
  endfacet
  facet normal 0 -1 0
    outer loop
      vertex 50.574 -44.5 1.38582
      vertex 51.9134 -44.5 4.6194
      vertex 50.3882 -44.5 1.44889
    endloop
  endfacet
  facet normal 0 -1 0
    outer loop
      vertex 48.81 -44.5 0.913141
      vertex 46.0332 -44.5 3.04381
      vertex 45.6699 -44.5 2.5
    endloop
  endfacet
  facet normal 0 -1 -0
    outer loop
      vertex 51.9134 -44.5 4.6194
      vertex 50.574 -44.5 1.38582
      vertex 52.5 -44.5 4.33013
    endloop
  endfacet
  facet normal 0 -1 0
    outer loop
      vertex 48.701 -44.5 0.75
      vertex 45.6699 -44.5 2.5
      vertex 45.3806 -44.5 1.91342
    endloop
  endfacet
  facet normal 0 -1 0
    outer loop
      vertex 50.75 -44.5 1.29904
      vertex 52.5 -44.5 4.33013
      vertex 50.574 -44.5 1.38582
    endloop
  endfacet
  facet normal 0 -1 -0
    outer loop
      vertex 52.5 -44.5 4.33013
      vertex 50.75 -44.5 1.29904
      vertex 53.0438 -44.5 3.96677
    endloop
  endfacet
  facet normal 0 -1 0
    outer loop
      vertex 49.3474 -44.5 4.95722
      vertex 49.8042 -44.5 1.48717
      vertex 50 -44.5 1.5
    endloop
  endfacet
  facet normal 0 -1 0
    outer loop
      vertex 48.7059 -44.5 4.82963
      vertex 49.6118 -44.5 1.44889
      vertex 49.8042 -44.5 1.48717
    endloop
  endfacet
  facet normal 0 -1 0
    outer loop
      vertex 48.0866 -44.5 4.6194
      vertex 49.426 -44.5 1.38582
      vertex 49.6118 -44.5 1.44889
    endloop
  endfacet
  facet normal 0 -1 0
    outer loop
      vertex 47.5 -44.5 4.33013
      vertex 49.25 -44.5 1.29904
      vertex 49.426 -44.5 1.38582
    endloop
  endfacet
  facet normal 0 -1 0
    outer loop
      vertex 48.6142 -44.5 0.574024
      vertex 45.3806 -44.5 1.91342
      vertex 45.1704 -44.5 1.2941
    endloop
  endfacet
  facet normal 0 -1 0
    outer loop
      vertex 46.9562 -44.5 3.96677
      vertex 49.0869 -44.5 1.19003
      vertex 49.25 -44.5 1.29904
    endloop
  endfacet
  facet normal 0 -1 0
    outer loop
      vertex 46.4645 -44.5 3.53553
      vertex 48.9393 -44.5 1.06066
      vertex 49.0869 -44.5 1.19003
    endloop
  endfacet
  facet normal 0 -1 0
    outer loop
      vertex 46.0332 -44.5 3.04381
      vertex 48.81 -44.5 0.913141
      vertex 48.9393 -44.5 1.06066
    endloop
  endfacet
  facet normal 0 -1 0
    outer loop
      vertex 45.6699 -44.5 2.5
      vertex 48.701 -44.5 0.75
      vertex 48.81 -44.5 0.913141
    endloop
  endfacet
  facet normal 0 -1 0
    outer loop
      vertex 48.5511 -44.5 0.388228
      vertex 45.1704 -44.5 1.2941
      vertex 45.0428 -44.5 0.652631
    endloop
  endfacet
  facet normal 0 -1 0
    outer loop
      vertex 45.3806 -44.5 1.91342
      vertex 48.6142 -44.5 0.574024
      vertex 48.701 -44.5 0.75
    endloop
  endfacet
  facet normal 0 -1 0
    outer loop
      vertex 45.1704 -44.5 1.2941
      vertex 48.5511 -44.5 0.388228
      vertex 48.6142 -44.5 0.574024
    endloop
  endfacet
  facet normal 0 -1 0
    outer loop
      vertex 45.0428 -44.5 0.652631
      vertex 48.5128 -44.5 0.195788
      vertex 48.5511 -44.5 0.388228
    endloop
  endfacet
  facet normal 0 -1 0
    outer loop
      vertex 45 -44.5 0
      vertex 48.5128 -44.5 0.195788
      vertex 45.0428 -44.5 0.652631
    endloop
  endfacet
  facet normal 0 -1 0
    outer loop
      vertex 45 -44.5 0
      vertex 48.5 -44.5 0
      vertex 48.5128 -44.5 0.195788
    endloop
  endfacet
  facet normal 0 -1 0
    outer loop
      vertex 45 -44.5 0
      vertex 48.5128 -44.5 -0.195788
      vertex 48.5 -44.5 0
    endloop
  endfacet
  facet normal 0 -1 0
    outer loop
      vertex 45.0428 -44.5 -0.652631
      vertex 48.5128 -44.5 -0.195788
      vertex 45 -44.5 0
    endloop
  endfacet
  facet normal 0 -1 -0
    outer loop
      vertex 48.5128 -44.5 -0.195788
      vertex 45.0428 -44.5 -0.652631
      vertex 48.5511 -44.5 -0.388228
    endloop
  endfacet
  facet normal 0 -1 0
    outer loop
      vertex 45.1704 -44.5 -1.2941
      vertex 48.5511 -44.5 -0.388228
      vertex 45.0428 -44.5 -0.652631
    endloop
  endfacet
  facet normal 0 -1 -0
    outer loop
      vertex 48.5511 -44.5 -0.388228
      vertex 45.1704 -44.5 -1.2941
      vertex 48.6142 -44.5 -0.574024
    endloop
  endfacet
  facet normal 0 -1 0
    outer loop
      vertex 45.3806 -44.5 -1.91342
      vertex 48.6142 -44.5 -0.574024
      vertex 45.1704 -44.5 -1.2941
    endloop
  endfacet
  facet normal 0 -1 -0
    outer loop
      vertex 48.6142 -44.5 -0.574024
      vertex 45.3806 -44.5 -1.91342
      vertex 48.701 -44.5 -0.75
    endloop
  endfacet
  facet normal 0 -1 0
    outer loop
      vertex 45.6699 -44.5 -2.5
      vertex 48.701 -44.5 -0.75
      vertex 45.3806 -44.5 -1.91342
    endloop
  endfacet
  facet normal 0 -1 -0
    outer loop
      vertex 48.701 -44.5 -0.75
      vertex 45.6699 -44.5 -2.5
      vertex 48.81 -44.5 -0.913141
    endloop
  endfacet
  facet normal 0 -1 0
    outer loop
      vertex 46.0332 -44.5 -3.04381
      vertex 48.81 -44.5 -0.913141
      vertex 45.6699 -44.5 -2.5
    endloop
  endfacet
  facet normal 0 -1 -0
    outer loop
      vertex 48.81 -44.5 -0.913141
      vertex 46.0332 -44.5 -3.04381
      vertex 48.9393 -44.5 -1.06066
    endloop
  endfacet
  facet normal 0 -1 0
    outer loop
      vertex 46.4645 -44.5 -3.53553
      vertex 48.9393 -44.5 -1.06066
      vertex 46.0332 -44.5 -3.04381
    endloop
  endfacet
  facet normal 0 -1 -0
    outer loop
      vertex 48.9393 -44.5 -1.06066
      vertex 46.4645 -44.5 -3.53553
      vertex 49.0869 -44.5 -1.19003
    endloop
  endfacet
  facet normal 0 -1 0
    outer loop
      vertex 46.9562 -44.5 -3.96677
      vertex 49.0869 -44.5 -1.19003
      vertex 46.4645 -44.5 -3.53553
    endloop
  endfacet
  facet normal 0 -1 -0
    outer loop
      vertex 49.0869 -44.5 -1.19003
      vertex 46.9562 -44.5 -3.96677
      vertex 49.25 -44.5 -1.29904
    endloop
  endfacet
  facet normal 0 -1 0
    outer loop
      vertex 50.9131 -44.5 1.19003
      vertex 53.0438 -44.5 3.96677
      vertex 50.75 -44.5 1.29904
    endloop
  endfacet
  facet normal 0 -1 -0
    outer loop
      vertex 53.0438 -44.5 3.96677
      vertex 50.9131 -44.5 1.19003
      vertex 53.5355 -44.5 3.53553
    endloop
  endfacet
  facet normal 0 -1 0
    outer loop
      vertex 51.0607 -44.5 1.06066
      vertex 53.5355 -44.5 3.53553
      vertex 50.9131 -44.5 1.19003
    endloop
  endfacet
  facet normal 0 -1 -0
    outer loop
      vertex 53.5355 -44.5 3.53553
      vertex 51.0607 -44.5 1.06066
      vertex 53.9668 -44.5 3.04381
    endloop
  endfacet
  facet normal 0 -1 0
    outer loop
      vertex 51.19 -44.5 0.913141
      vertex 53.9668 -44.5 3.04381
      vertex 51.0607 -44.5 1.06066
    endloop
  endfacet
  facet normal 0 -1 -0
    outer loop
      vertex 53.9668 -44.5 3.04381
      vertex 51.19 -44.5 0.913141
      vertex 54.3301 -44.5 2.5
    endloop
  endfacet
  facet normal 0 -1 0
    outer loop
      vertex 51.299 -44.5 0.75
      vertex 54.3301 -44.5 2.5
      vertex 51.19 -44.5 0.913141
    endloop
  endfacet
  facet normal 0 -1 -0
    outer loop
      vertex 54.3301 -44.5 2.5
      vertex 51.299 -44.5 0.75
      vertex 54.6194 -44.5 1.91342
    endloop
  endfacet
  facet normal 0 -1 0
    outer loop
      vertex 51.3858 -44.5 0.574024
      vertex 54.6194 -44.5 1.91342
      vertex 51.299 -44.5 0.75
    endloop
  endfacet
  facet normal 0 -1 -0
    outer loop
      vertex 54.6194 -44.5 1.91342
      vertex 51.3858 -44.5 0.574024
      vertex 54.8296 -44.5 1.2941
    endloop
  endfacet
  facet normal 0 -1 0
    outer loop
      vertex 51.4489 -44.5 0.388228
      vertex 54.8296 -44.5 1.2941
      vertex 51.3858 -44.5 0.574024
    endloop
  endfacet
  facet normal 0 -1 -0
    outer loop
      vertex 54.8296 -44.5 1.2941
      vertex 51.4489 -44.5 0.388228
      vertex 54.9572 -44.5 0.652631
    endloop
  endfacet
  facet normal 0 -1 0
    outer loop
      vertex 51.4872 -44.5 0.195788
      vertex 54.9572 -44.5 0.652631
      vertex 51.4489 -44.5 0.388228
    endloop
  endfacet
  facet normal 0 -1 0
    outer loop
      vertex 51.5 -44.5 0
      vertex 54.9572 -44.5 0.652631
      vertex 51.4872 -44.5 0.195788
    endloop
  endfacet
  facet normal 0 -1 0
    outer loop
      vertex 51.5 -44.5 0
      vertex 55 -44.5 0
      vertex 54.9572 -44.5 0.652631
    endloop
  endfacet
  facet normal 0 -1 0
    outer loop
      vertex 51.4872 -44.5 -0.195788
      vertex 55 -44.5 0
      vertex 51.5 -44.5 0
    endloop
  endfacet
  facet normal 0 -1 0
    outer loop
      vertex 54.9572 -44.5 -0.652631
      vertex 51.4872 -44.5 -0.195788
      vertex 51.4489 -44.5 -0.388228
    endloop
  endfacet
  facet normal 0 -1 0
    outer loop
      vertex 54.8296 -44.5 -1.2941
      vertex 51.4489 -44.5 -0.388228
      vertex 51.3858 -44.5 -0.574024
    endloop
  endfacet
  facet normal 0 -1 0
    outer loop
      vertex 51.4872 -44.5 -0.195788
      vertex 54.9572 -44.5 -0.652631
      vertex 55 -44.5 0
    endloop
  endfacet
  facet normal 0 -1 0
    outer loop
      vertex 54.6194 -44.5 -1.91342
      vertex 51.3858 -44.5 -0.574024
      vertex 51.299 -44.5 -0.75
    endloop
  endfacet
  facet normal 0 -1 0
    outer loop
      vertex 54.3301 -44.5 -2.5
      vertex 51.299 -44.5 -0.75
      vertex 51.19 -44.5 -0.913141
    endloop
  endfacet
  facet normal 0 -1 0
    outer loop
      vertex 53.9668 -44.5 -3.04381
      vertex 51.19 -44.5 -0.913141
      vertex 51.0607 -44.5 -1.06066
    endloop
  endfacet
  facet normal 0 -1 0
    outer loop
      vertex 53.5355 -44.5 -3.53553
      vertex 51.0607 -44.5 -1.06066
      vertex 50.9131 -44.5 -1.19003
    endloop
  endfacet
  facet normal 0 -1 0
    outer loop
      vertex 51.4489 -44.5 -0.388228
      vertex 54.8296 -44.5 -1.2941
      vertex 54.9572 -44.5 -0.652631
    endloop
  endfacet
  facet normal 0 -1 0
    outer loop
      vertex 53.0438 -44.5 -3.96677
      vertex 50.9131 -44.5 -1.19003
      vertex 50.75 -44.5 -1.29904
    endloop
  endfacet
  facet normal 0 -1 0
    outer loop
      vertex 52.5 -44.5 -4.33013
      vertex 50.75 -44.5 -1.29904
      vertex 50.574 -44.5 -1.38582
    endloop
  endfacet
  facet normal 0 -1 0
    outer loop
      vertex 51.9134 -44.5 -4.6194
      vertex 50.574 -44.5 -1.38582
      vertex 50.3882 -44.5 -1.44889
    endloop
  endfacet
  facet normal 0 -1 0
    outer loop
      vertex 51.2941 -44.5 -4.82963
      vertex 50.3882 -44.5 -1.44889
      vertex 50.1958 -44.5 -1.48717
    endloop
  endfacet
  facet normal 0 -1 0
    outer loop
      vertex 50.6526 -44.5 -4.95722
      vertex 50.1958 -44.5 -1.48717
      vertex 50 -44.5 -1.5
    endloop
  endfacet
  facet normal 0 -1 0
    outer loop
      vertex 47.5 -44.5 -4.33013
      vertex 49.25 -44.5 -1.29904
      vertex 46.9562 -44.5 -3.96677
    endloop
  endfacet
  facet normal 0 -1 0
    outer loop
      vertex 51.3858 -44.5 -0.574024
      vertex 54.6194 -44.5 -1.91342
      vertex 54.8296 -44.5 -1.2941
    endloop
  endfacet
  facet normal 0 -1 -0
    outer loop
      vertex 49.25 -44.5 -1.29904
      vertex 47.5 -44.5 -4.33013
      vertex 49.426 -44.5 -1.38582
    endloop
  endfacet
  facet normal 0 -1 0
    outer loop
      vertex 51.299 -44.5 -0.75
      vertex 54.3301 -44.5 -2.5
      vertex 54.6194 -44.5 -1.91342
    endloop
  endfacet
  facet normal 0 -1 0
    outer loop
      vertex 48.0866 -44.5 -4.6194
      vertex 49.426 -44.5 -1.38582
      vertex 47.5 -44.5 -4.33013
    endloop
  endfacet
  facet normal 0 -1 0
    outer loop
      vertex 51.19 -44.5 -0.913141
      vertex 53.9668 -44.5 -3.04381
      vertex 54.3301 -44.5 -2.5
    endloop
  endfacet
  facet normal 0 -1 -0
    outer loop
      vertex 49.426 -44.5 -1.38582
      vertex 48.0866 -44.5 -4.6194
      vertex 49.6118 -44.5 -1.44889
    endloop
  endfacet
  facet normal 0 -1 0
    outer loop
      vertex 51.0607 -44.5 -1.06066
      vertex 53.5355 -44.5 -3.53553
      vertex 53.9668 -44.5 -3.04381
    endloop
  endfacet
  facet normal 0 -1 0
    outer loop
      vertex 48.7059 -44.5 -4.82963
      vertex 49.6118 -44.5 -1.44889
      vertex 48.0866 -44.5 -4.6194
    endloop
  endfacet
  facet normal 0 -1 0
    outer loop
      vertex 50.9131 -44.5 -1.19003
      vertex 53.0438 -44.5 -3.96677
      vertex 53.5355 -44.5 -3.53553
    endloop
  endfacet
  facet normal 0 -1 -0
    outer loop
      vertex 49.6118 -44.5 -1.44889
      vertex 48.7059 -44.5 -4.82963
      vertex 49.8042 -44.5 -1.48717
    endloop
  endfacet
  facet normal 0 -1 0
    outer loop
      vertex 50.75 -44.5 -1.29904
      vertex 52.5 -44.5 -4.33013
      vertex 53.0438 -44.5 -3.96677
    endloop
  endfacet
  facet normal 0 -1 0
    outer loop
      vertex 49.3474 -44.5 -4.95722
      vertex 49.8042 -44.5 -1.48717
      vertex 48.7059 -44.5 -4.82963
    endloop
  endfacet
  facet normal 0 -1 0
    outer loop
      vertex 50.574 -44.5 -1.38582
      vertex 51.9134 -44.5 -4.6194
      vertex 52.5 -44.5 -4.33013
    endloop
  endfacet
  facet normal 0 -1 -0
    outer loop
      vertex 49.8042 -44.5 -1.48717
      vertex 49.3474 -44.5 -4.95722
      vertex 50 -44.5 -1.5
    endloop
  endfacet
  facet normal 0 -1 0
    outer loop
      vertex 50.3882 -44.5 -1.44889
      vertex 51.2941 -44.5 -4.82963
      vertex 51.9134 -44.5 -4.6194
    endloop
  endfacet
  facet normal 0 -1 0
    outer loop
      vertex 50 -44.5 -5
      vertex 50 -44.5 -1.5
      vertex 49.3474 -44.5 -4.95722
    endloop
  endfacet
  facet normal 0 -1 0
    outer loop
      vertex 50.1958 -44.5 -1.48717
      vertex 50.6526 -44.5 -4.95722
      vertex 51.2941 -44.5 -4.82963
    endloop
  endfacet
  facet normal 0 -1 0
    outer loop
      vertex 50 -44.5 -1.5
      vertex 50 -44.5 -5
      vertex 50.6526 -44.5 -4.95722
    endloop
  endfacet
  facet normal 0.442277 0 0.896878
    outer loop
      vertex 51.9134 -39.5 4.6194
      vertex 52.5 -44.5 4.33013
      vertex 52.5 -39.5 4.33013
    endloop
  endfacet
  facet normal 0.442277 0 0.896878
    outer loop
      vertex 52.5 -44.5 4.33013
      vertex 51.9134 -39.5 4.6194
      vertex 51.9134 -44.5 4.6194
    endloop
  endfacet
  facet normal 0.321067 -0.0486415 -0.945806
    outer loop
      vertex 51.2941 -44.5 -4.82963
      vertex 44 -31 -8
      vertex 51.9134 -44.5 -4.6194
    endloop
  endfacet
  facet normal 0.547175 0.173237 -0.818895
    outer loop
      vertex 52.5 -39.5 -4.33013
      vertex 44 -30 -8
      vertex 53.0438 -39.5 -3.96677
    endloop
  endfacet
  facet normal -0.375798 -0.527286 -0.762067
    outer loop
      vertex 47.5 -44.5 -4.33013
      vertex 36 -31 -8
      vertex 48.0866 -44.5 -4.6194
    endloop
  endfacet
  facet normal -0.738395 -0.626072 -0.250614
    outer loop
      vertex 45.1704 -44.5 -1.2941
      vertex 36 -31 -8
      vertex 45.3806 -44.5 -1.91342
    endloop
  endfacet
  facet normal 0.659372 0 0.751817
    outer loop
      vertex 53.0438 -39.5 3.96677
      vertex 53.5355 -44.5 3.53553
      vertex 53.5355 -39.5 3.53553
    endloop
  endfacet
  facet normal 0.659372 0 0.751817
    outer loop
      vertex 53.5355 -44.5 3.53553
      vertex 53.0438 -39.5 3.96677
      vertex 53.0438 -44.5 3.96677
    endloop
  endfacet
  facet normal 0.997856 -0 0.0654401
    outer loop
      vertex 54.9572 -44.5 0.652631
      vertex 55 -39.5 0
      vertex 54.9572 -39.5 0.652631
    endloop
  endfacet
  facet normal 0.997856 0 0.0654401
    outer loop
      vertex 55 -39.5 0
      vertex 54.9572 -44.5 0.652631
      vertex 55 -44.5 0
    endloop
  endfacet
  facet normal -0.180241 -0.382458 0.906222
    outer loop
      vertex 49.3474 -44.5 4.95722
      vertex 36 -31 8
      vertex 48.7059 -44.5 4.82963
    endloop
  endfacet
  facet normal 0.751784 -0 0.659409
    outer loop
      vertex 53.5355 -44.5 3.53553
      vertex 53.9668 -39.5 3.04381
      vertex 53.5355 -39.5 3.53553
    endloop
  endfacet
  facet normal 0.751784 0 0.659409
    outer loop
      vertex 53.9668 -39.5 3.04381
      vertex 53.5355 -44.5 3.53553
      vertex 53.9668 -44.5 3.04381
    endloop
  endfacet
  facet normal 0.718485 0.503374 0.479994
    outer loop
      vertex 54.3301 -39.5 2.5
      vertex 44 -30 8
      vertex 53.9668 -39.5 3.04381
    endloop
  endfacet
  facet normal 0.321067 -0.0486415 0.945806
    outer loop
      vertex 51.9134 -44.5 4.6194
      vertex 44 -31 8
      vertex 51.2941 -44.5 4.82963
    endloop
  endfacet
  facet normal -0.455295 -0.573075 0.681389
    outer loop
      vertex 47.5 -44.5 4.33013
      vertex 36 -31 8
      vertex 46.9562 -44.5 3.96677
    endloop
  endfacet
  facet normal 0.70037 0.700051 0.139317
    outer loop
      vertex 54.9572 -39.5 0.652631
      vertex 44 -30 8
      vertex 54.8296 -39.5 1.2941
    endloop
  endfacet
  facet normal 0.686922 0.40634 0.602517
    outer loop
      vertex 53.9668 -39.5 3.04381
      vertex 44 -30 8
      vertex 53.5355 -39.5 3.53553
    endloop
  endfacet
  facet normal 0.720586 0.6488 -0.24457
    outer loop
      vertex 54.6194 -39.5 -1.91342
      vertex 44 -30 -8
      vertex 54.8296 -39.5 -1.2941
    endloop
  endfacet
  facet normal 0.193567 -0.123969 -0.973223
    outer loop
      vertex 50.6526 -44.5 -4.95722
      vertex 44 -31 -8
      vertex 51.2941 -44.5 -4.82963
    endloop
  endfacet
  facet normal 0.392853 0 -0.919601
    outer loop
      vertex 44 -31 -8
      vertex 51.9134 -39.5 -4.6194
      vertex 51.9134 -44.5 -4.6194
    endloop
  endfacet
  facet normal 0.392853 0 -0.919601
    outer loop
      vertex 51.9134 -39.5 -4.6194
      vertex 44 -31 -8
      vertex 44 -30 -8
    endloop
  endfacet
  facet normal -0.284619 -0.464777 -0.838436
    outer loop
      vertex 48.0866 -44.5 -4.6194
      vertex 36 -31 -8
      vertex 48.7059 -44.5 -4.82963
    endloop
  endfacet
  facet normal -0.525034 -0.604951 -0.598643
    outer loop
      vertex 46.4645 -44.5 -3.53553
      vertex 36 -31 -8
      vertex 46.9562 -44.5 -3.96677
    endloop
  endfacet
  facet normal 0.0642314 -0.189194 -0.979837
    outer loop
      vertex 50 -44.5 -5
      vertex 44 -31 -8
      vertex 50.6526 -44.5 -4.95722
    endloop
  endfacet
  facet normal -0.69262 -0.635286 -0.341599
    outer loop
      vertex 45.3806 -44.5 -1.91342
      vertex 36 -31 -8
      vertex 45.6699 -44.5 -2.5
    endloop
  endfacet
  facet normal 0.946944 -0 0.321397
    outer loop
      vertex 54.6194 -44.5 1.91342
      vertex 54.8296 -39.5 1.2941
      vertex 54.6194 -39.5 1.91342
    endloop
  endfacet
  facet normal 0.946944 0 0.321397
    outer loop
      vertex 54.8296 -39.5 1.2941
      vertex 54.6194 -44.5 1.91342
      vertex 54.8296 -44.5 1.2941
    endloop
  endfacet
  facet normal -0.77968 -0.606668 -0.155093
    outer loop
      vertex 45.0428 -44.5 -0.652631
      vertex 36 -31 -8
      vertex 45.1704 -44.5 -1.2941
    endloop
  endfacet
  facet normal 0.831514 -0 0.555504
    outer loop
      vertex 53.9668 -44.5 3.04381
      vertex 54.3301 -39.5 2.5
      vertex 53.9668 -39.5 3.04381
    endloop
  endfacet
  facet normal 0.831514 0 0.555504
    outer loop
      vertex 54.3301 -39.5 2.5
      vertex 53.9668 -44.5 3.04381
      vertex 54.3301 -44.5 2.5
    endloop
  endfacet
  facet normal 0.193567 -0.123969 0.973223
    outer loop
      vertex 51.2941 -44.5 4.82963
      vertex 44 -31 8
      vertex 50.6526 -44.5 4.95722
    endloop
  endfacet
  facet normal 0.630067 0.294812 0.718402
    outer loop
      vertex 53.5355 -39.5 3.53553
      vertex 44 -30 8
      vertex 53.0438 -39.5 3.96677
    endloop
  endfacet
  facet normal -0.0628314 -0.278154 0.958479
    outer loop
      vertex 50 -44.5 5
      vertex 36 -31 8
      vertex 49.3474 -44.5 4.95722
    endloop
  endfacet
  facet normal 0.555575 0 -0.831466
    outer loop
      vertex 52.5 -44.5 -4.33013
      vertex 53.0438 -39.5 -3.96677
      vertex 53.0438 -44.5 -3.96677
    endloop
  endfacet
  facet normal 0.555575 0 -0.831466
    outer loop
      vertex 53.0438 -39.5 -3.96677
      vertex 52.5 -44.5 -4.33013
      vertex 52.5 -39.5 -4.33013
    endloop
  endfacet
  facet normal 0.728126 0.583843 0.35911
    outer loop
      vertex 54.6194 -39.5 1.91342
      vertex 44 -30 8
      vertex 54.3301 -39.5 2.5
    endloop
  endfacet
  facet normal 0.896854 -0 0.442327
    outer loop
      vertex 54.3301 -44.5 2.5
      vertex 54.6194 -39.5 1.91342
      vertex 54.3301 -39.5 2.5
    endloop
  endfacet
  facet normal 0.896854 0 0.442327
    outer loop
      vertex 54.6194 -39.5 1.91342
      vertex 54.3301 -44.5 2.5
      vertex 54.6194 -44.5 1.91342
    endloop
  endfacet
  facet normal 0.980784 -0 0.195096
    outer loop
      vertex 54.8296 -44.5 1.2941
      vertex 54.9572 -39.5 0.652631
      vertex 54.8296 -39.5 1.2941
    endloop
  endfacet
  facet normal 0.980784 0 0.195096
    outer loop
      vertex 54.9572 -39.5 0.652631
      vertex 54.8296 -44.5 1.2941
      vertex 54.9572 -44.5 0.652631
    endloop
  endfacet
  facet normal 0.997856 0 -0.0654401
    outer loop
      vertex 55 -44.5 0
      vertex 54.9572 -39.5 -0.652631
      vertex 55 -39.5 0
    endloop
  endfacet
  facet normal 0.997856 0 -0.0654401
    outer loop
      vertex 54.9572 -39.5 -0.652631
      vertex 55 -44.5 0
      vertex 54.9572 -44.5 -0.652631
    endloop
  endfacet
  facet normal -0.455295 -0.573075 -0.681389
    outer loop
      vertex 46.9562 -44.5 -3.96677
      vertex 36 -31 -8
      vertex 47.5 -44.5 -4.33013
    endloop
  endfacet
  facet normal -0.375798 -0.527286 0.762067
    outer loop
      vertex 48.0866 -44.5 4.6194
      vertex 36 -31 8
      vertex 47.5 -44.5 4.33013
    endloop
  endfacet
  facet normal -0.642377 -0.634966 -0.429149
    outer loop
      vertex 45.6699 -44.5 -2.5
      vertex 36 -31 -8
      vertex 46.0332 -44.5 -3.04381
    endloop
  endfacet
  facet normal -0.815933 -0.575665 -0.0535095
    outer loop
      vertex 45 -44.5 0
      vertex 36 -31 -8
      vertex 45.0428 -44.5 -0.652631
    endloop
  endfacet
  facet normal 0.659372 0 -0.751817
    outer loop
      vertex 53.0438 -44.5 -3.96677
      vertex 53.5355 -39.5 -3.53553
      vertex 53.5355 -44.5 -3.53553
    endloop
  endfacet
  facet normal 0.659372 0 -0.751817
    outer loop
      vertex 53.5355 -39.5 -3.53553
      vertex 53.0438 -44.5 -3.96677
      vertex 53.0438 -39.5 -3.96677
    endloop
  endfacet
  facet normal -0.525034 -0.604951 0.598643
    outer loop
      vertex 46.9562 -44.5 3.96677
      vertex 36 -31 8
      vertex 46.4645 -44.5 3.53553
    endloop
  endfacet
  facet normal -0.586813 -0.625081 0.514708
    outer loop
      vertex 46.4645 -44.5 3.53553
      vertex 36 -31 8
      vertex 46.0332 -44.5 3.04381
    endloop
  endfacet
  facet normal -0.642377 -0.634966 0.429149
    outer loop
      vertex 46.0332 -44.5 3.04381
      vertex 36 -31 8
      vertex 45.6699 -44.5 2.5
    endloop
  endfacet
  facet normal 0.720586 0.6488 0.24457
    outer loop
      vertex 54.8296 -39.5 1.2941
      vertex 44 -30 8
      vertex 54.6194 -39.5 1.91342
    endloop
  endfacet
  facet normal 0.946944 0 -0.321397
    outer loop
      vertex 54.8296 -44.5 -1.2941
      vertex 54.6194 -39.5 -1.91342
      vertex 54.8296 -39.5 -1.2941
    endloop
  endfacet
  facet normal 0.946944 0 -0.321397
    outer loop
      vertex 54.6194 -39.5 -1.91342
      vertex 54.8296 -44.5 -1.2941
      vertex 54.6194 -44.5 -1.91342
    endloop
  endfacet
  facet normal -0.0628314 -0.278154 -0.958479
    outer loop
      vertex 49.3474 -44.5 -4.95722
      vertex 36 -31 -8
      vertex 50 -44.5 -5
    endloop
  endfacet
  facet normal 0.630067 0.294812 -0.718402
    outer loop
      vertex 53.0438 -39.5 -3.96677
      vertex 44 -30 -8
      vertex 53.5355 -39.5 -3.53553
    endloop
  endfacet
  facet normal 0.980784 0 -0.195096
    outer loop
      vertex 54.9572 -44.5 -0.652631
      vertex 54.8296 -39.5 -1.2941
      vertex 54.9572 -39.5 -0.652631
    endloop
  endfacet
  facet normal 0.980784 0 -0.195096
    outer loop
      vertex 54.8296 -39.5 -1.2941
      vertex 54.9572 -44.5 -0.652631
      vertex 54.8296 -44.5 -1.2941
    endloop
  endfacet
  facet normal 0.65362 0.756823 0
    outer loop
      vertex 55 -39.5 0
      vertex 44 -30 -8
      vertex 44 -30 8
    endloop
  endfacet
  facet normal 0.728126 0.583843 -0.35911
    outer loop
      vertex 54.3301 -39.5 -2.5
      vertex 44 -30 -8
      vertex 54.6194 -39.5 -1.91342
    endloop
  endfacet
  facet normal 0.671129 0.740033 -0.0440131
    outer loop
      vertex 54.9572 -39.5 -0.652631
      vertex 44 -30 -8
      vertex 55 -39.5 0
    endloop
  endfacet
  facet normal 0.896854 0 -0.442327
    outer loop
      vertex 54.6194 -44.5 -1.91342
      vertex 54.3301 -39.5 -2.5
      vertex 54.6194 -39.5 -1.91342
    endloop
  endfacet
  facet normal 0.896854 0 -0.442327
    outer loop
      vertex 54.3301 -39.5 -2.5
      vertex 54.6194 -44.5 -1.91342
      vertex 54.3301 -44.5 -2.5
    endloop
  endfacet
  facet normal 0.671129 0.740033 0.0440131
    outer loop
      vertex 55 -39.5 0
      vertex 44 -30 8
      vertex 54.9572 -39.5 0.652631
    endloop
  endfacet
  facet normal 0.831514 0 -0.555504
    outer loop
      vertex 54.3301 -44.5 -2.5
      vertex 53.9668 -39.5 -3.04381
      vertex 54.3301 -39.5 -2.5
    endloop
  endfacet
  facet normal 0.831514 0 -0.555504
    outer loop
      vertex 53.9668 -39.5 -3.04381
      vertex 54.3301 -44.5 -2.5
      vertex 53.9668 -44.5 -3.04381
    endloop
  endfacet
  facet normal 0.718485 0.503374 -0.479994
    outer loop
      vertex 53.9668 -39.5 -3.04381
      vertex 44 -30 -8
      vertex 54.3301 -39.5 -2.5
    endloop
  endfacet
  facet normal 0.442277 0 -0.896878
    outer loop
      vertex 51.9134 -44.5 -4.6194
      vertex 52.5 -39.5 -4.33013
      vertex 52.5 -44.5 -4.33013
    endloop
  endfacet
  facet normal 0.442277 0 -0.896878
    outer loop
      vertex 52.5 -39.5 -4.33013
      vertex 51.9134 -44.5 -4.6194
      vertex 51.9134 -39.5 -4.6194
    endloop
  endfacet
  facet normal 0.441742 0.0491964 -0.895792
    outer loop
      vertex 51.9134 -39.5 -4.6194
      vertex 44 -30 -8
      vertex 52.5 -39.5 -4.33013
    endloop
  endfacet
  facet normal 0.70037 0.700051 -0.139317
    outer loop
      vertex 54.8296 -39.5 -1.2941
      vertex 44 -30 -8
      vertex 54.9572 -39.5 -0.652631
    endloop
  endfacet
  facet normal 0.195136 0 -0.980776
    outer loop
      vertex 49.6118 -44.5 1.44889
      vertex 49.8042 -37 1.48717
      vertex 49.8042 -44.5 1.48717
    endloop
  endfacet
  facet normal 0.195136 0 -0.980776
    outer loop
      vertex 49.8042 -37 1.48717
      vertex 49.6118 -44.5 1.44889
      vertex 49.6118 -37 1.44889
    endloop
  endfacet
  facet normal -0.980764 0 -0.195195
    outer loop
      vertex 51.4872 -44.5 0.195788
      vertex 51.4489 -37 0.388228
      vertex 51.4872 -37 0.195788
    endloop
  endfacet
  facet normal -0.980764 -0 -0.195195
    outer loop
      vertex 51.4489 -37 0.388228
      vertex 51.4872 -44.5 0.195788
      vertex 51.4489 -44.5 0.388228
    endloop
  endfacet
  facet normal -0.99787 0 -0.0652376
    outer loop
      vertex 51.5 -44.5 0
      vertex 51.4872 -37 0.195788
      vertex 51.5 -37 0
    endloop
  endfacet
  facet normal -0.99787 -0 -0.0652376
    outer loop
      vertex 51.4872 -37 0.195788
      vertex 51.5 -44.5 0
      vertex 51.4872 -44.5 0.195788
    endloop
  endfacet
  facet normal -0.321437 0 -0.946931
    outer loop
      vertex 50.3882 -44.5 1.44889
      vertex 50.574 -37 1.38582
      vertex 50.574 -44.5 1.38582
    endloop
  endfacet
  facet normal -0.321437 0 -0.946931
    outer loop
      vertex 50.574 -37 1.38582
      vertex 50.3882 -44.5 1.44889
      vertex 50.3882 -37 1.44889
    endloop
  endfacet
  facet normal 0.99787 0 -0.0652376
    outer loop
      vertex 48.5128 -44.5 0.195788
      vertex 48.5 -37 0
      vertex 48.5128 -37 0.195788
    endloop
  endfacet
  facet normal 0.99787 0 -0.0652376
    outer loop
      vertex 48.5 -37 0
      vertex 48.5128 -44.5 0.195788
      vertex 48.5 -44.5 0
    endloop
  endfacet
  facet normal -0.555676 0 -0.831399
    outer loop
      vertex 50.75 -44.5 1.29904
      vertex 50.9131 -37 1.19003
      vertex 50.9131 -44.5 1.19003
    endloop
  endfacet
  facet normal -0.555676 0 -0.831399
    outer loop
      vertex 50.9131 -37 1.19003
      vertex 50.75 -44.5 1.29904
      vertex 50.75 -37 1.29904
    endloop
  endfacet
  facet normal -0.752018 0 -0.659142
    outer loop
      vertex 51.19 -44.5 0.913141
      vertex 51.0607 -37 1.06066
      vertex 51.19 -37 0.913141
    endloop
  endfacet
  facet normal -0.752018 -0 -0.659142
    outer loop
      vertex 51.0607 -37 1.06066
      vertex 51.19 -44.5 0.913141
      vertex 51.0607 -44.5 1.06066
    endloop
  endfacet
  facet normal -0.659139 0 -0.752021
    outer loop
      vertex 50.9131 -44.5 1.19003
      vertex 51.0607 -37 1.06066
      vertex 51.0607 -44.5 1.06066
    endloop
  endfacet
  facet normal -0.659139 0 -0.752021
    outer loop
      vertex 51.0607 -37 1.06066
      vertex 50.9131 -44.5 1.19003
      vertex 50.9131 -37 1.19003
    endloop
  endfacet
  facet normal -0.555676 0 0.831399
    outer loop
      vertex 50.75 -37 -1.29904
      vertex 50.9131 -44.5 -1.19003
      vertex 50.9131 -37 -1.19003
    endloop
  endfacet
  facet normal -0.555676 0 0.831399
    outer loop
      vertex 50.9131 -44.5 -1.19003
      vertex 50.75 -37 -1.29904
      vertex 50.75 -44.5 -1.29904
    endloop
  endfacet
  facet normal 0.980764 -0 0.195195
    outer loop
      vertex 48.5128 -44.5 -0.195788
      vertex 48.5511 -37 -0.388228
      vertex 48.5128 -37 -0.195788
    endloop
  endfacet
  facet normal 0.980764 0 0.195195
    outer loop
      vertex 48.5511 -37 -0.388228
      vertex 48.5128 -44.5 -0.195788
      vertex 48.5511 -44.5 -0.388228
    endloop
  endfacet
  facet normal 0.896836 -0 0.442363
    outer loop
      vertex 48.6142 -44.5 -0.574024
      vertex 48.701 -37 -0.75
      vertex 48.6142 -37 -0.574024
    endloop
  endfacet
  facet normal 0.896836 0 0.442363
    outer loop
      vertex 48.701 -37 -0.75
      vertex 48.6142 -44.5 -0.574024
      vertex 48.701 -44.5 -0.75
    endloop
  endfacet
  facet normal 0.195136 0 0.980776
    outer loop
      vertex 49.6118 -37 -1.44889
      vertex 49.8042 -44.5 -1.48717
      vertex 49.8042 -37 -1.48717
    endloop
  endfacet
  facet normal 0.195136 0 0.980776
    outer loop
      vertex 49.8042 -44.5 -1.48717
      vertex 49.6118 -37 -1.44889
      vertex 49.6118 -44.5 -1.44889
    endloop
  endfacet
  facet normal 0.555676 0 -0.831399
    outer loop
      vertex 49.0869 -44.5 1.19003
      vertex 49.25 -37 1.29904
      vertex 49.25 -44.5 1.29904
    endloop
  endfacet
  facet normal 0.555676 0 -0.831399
    outer loop
      vertex 49.25 -37 1.29904
      vertex 49.0869 -44.5 1.19003
      vertex 49.0869 -37 1.19003
    endloop
  endfacet
  facet normal 0.99787 -0 0.0652376
    outer loop
      vertex 48.5 -44.5 0
      vertex 48.5128 -37 -0.195788
      vertex 48.5 -37 0
    endloop
  endfacet
  facet normal 0.99787 0 0.0652376
    outer loop
      vertex 48.5128 -37 -0.195788
      vertex 48.5 -44.5 0
      vertex 48.5128 -44.5 -0.195788
    endloop
  endfacet
  facet normal -0.195136 0 -0.980776
    outer loop
      vertex 50.1958 -44.5 1.48717
      vertex 50.3882 -37 1.44889
      vertex 50.3882 -44.5 1.44889
    endloop
  endfacet
  facet normal -0.195136 0 -0.980776
    outer loop
      vertex 50.3882 -37 1.44889
      vertex 50.1958 -44.5 1.48717
      vertex 50.1958 -37 1.48717
    endloop
  endfacet
  facet normal 0.752018 -0 0.659142
    outer loop
      vertex 48.81 -44.5 -0.913141
      vertex 48.9393 -37 -1.06066
      vertex 48.81 -37 -0.913141
    endloop
  endfacet
  facet normal 0.752018 0 0.659142
    outer loop
      vertex 48.9393 -37 -1.06066
      vertex 48.81 -44.5 -0.913141
      vertex 48.9393 -44.5 -1.06066
    endloop
  endfacet
  facet normal -0.896836 0 0.442363
    outer loop
      vertex 51.299 -44.5 -0.75
      vertex 51.3858 -37 -0.574024
      vertex 51.299 -37 -0.75
    endloop
  endfacet
  facet normal -0.896836 0 0.442363
    outer loop
      vertex 51.3858 -37 -0.574024
      vertex 51.299 -44.5 -0.75
      vertex 51.3858 -44.5 -0.574024
    endloop
  endfacet
  facet normal -0.896836 0 -0.442363
    outer loop
      vertex 51.3858 -44.5 0.574024
      vertex 51.299 -37 0.75
      vertex 51.3858 -37 0.574024
    endloop
  endfacet
  facet normal -0.896836 -0 -0.442363
    outer loop
      vertex 51.299 -37 0.75
      vertex 51.3858 -44.5 0.574024
      vertex 51.299 -44.5 0.75
    endloop
  endfacet
  facet normal 0 -1 0
    outer loop
      vertex 49.8042 -37 1.48717
      vertex 50.1958 -37 1.48717
      vertex 50 -37 1.5
    endloop
  endfacet
  facet normal 0 -1 0
    outer loop
      vertex 49.6118 -37 1.44889
      vertex 50.1958 -37 1.48717
      vertex 49.8042 -37 1.48717
    endloop
  endfacet
  facet normal 0 -1 0
    outer loop
      vertex 49.6118 -37 1.44889
      vertex 50.3882 -37 1.44889
      vertex 50.1958 -37 1.48717
    endloop
  endfacet
  facet normal 0 -1 0
    outer loop
      vertex 49.426 -37 1.38582
      vertex 50.3882 -37 1.44889
      vertex 49.6118 -37 1.44889
    endloop
  endfacet
  facet normal 0 -1 0
    outer loop
      vertex 49.426 -37 1.38582
      vertex 50.574 -37 1.38582
      vertex 50.3882 -37 1.44889
    endloop
  endfacet
  facet normal 0 -1 0
    outer loop
      vertex 49.25 -37 1.29904
      vertex 50.574 -37 1.38582
      vertex 49.426 -37 1.38582
    endloop
  endfacet
  facet normal 0 -1 0
    outer loop
      vertex 49.25 -37 1.29904
      vertex 50.75 -37 1.29904
      vertex 50.574 -37 1.38582
    endloop
  endfacet
  facet normal 0 -1 0
    outer loop
      vertex 49.0869 -37 1.19003
      vertex 50.75 -37 1.29904
      vertex 49.25 -37 1.29904
    endloop
  endfacet
  facet normal 0 -1 0
    outer loop
      vertex 49.0869 -37 1.19003
      vertex 50.9131 -37 1.19003
      vertex 50.75 -37 1.29904
    endloop
  endfacet
  facet normal 0 -1 0
    outer loop
      vertex 48.9393 -37 1.06066
      vertex 50.9131 -37 1.19003
      vertex 49.0869 -37 1.19003
    endloop
  endfacet
  facet normal 0 -1 0
    outer loop
      vertex 48.9393 -37 1.06066
      vertex 51.0607 -37 1.06066
      vertex 50.9131 -37 1.19003
    endloop
  endfacet
  facet normal 0 -1 0
    outer loop
      vertex 48.81 -37 0.913141
      vertex 51.0607 -37 1.06066
      vertex 48.9393 -37 1.06066
    endloop
  endfacet
  facet normal 0 -1 0
    outer loop
      vertex 48.81 -37 0.913141
      vertex 51.19 -37 0.913141
      vertex 51.0607 -37 1.06066
    endloop
  endfacet
  facet normal 0 -1 0
    outer loop
      vertex 48.701 -37 0.75
      vertex 51.19 -37 0.913141
      vertex 48.81 -37 0.913141
    endloop
  endfacet
  facet normal 0 -1 0
    outer loop
      vertex 48.701 -37 0.75
      vertex 51.299 -37 0.75
      vertex 51.19 -37 0.913141
    endloop
  endfacet
  facet normal 0 -1 0
    outer loop
      vertex 48.6142 -37 0.574024
      vertex 51.299 -37 0.75
      vertex 48.701 -37 0.75
    endloop
  endfacet
  facet normal 0 -1 0
    outer loop
      vertex 48.6142 -37 0.574024
      vertex 51.3858 -37 0.574024
      vertex 51.299 -37 0.75
    endloop
  endfacet
  facet normal 0 -1 0
    outer loop
      vertex 48.5511 -37 0.388228
      vertex 51.3858 -37 0.574024
      vertex 48.6142 -37 0.574024
    endloop
  endfacet
  facet normal 0 -1 0
    outer loop
      vertex 48.5511 -37 0.388228
      vertex 51.4489 -37 0.388228
      vertex 51.3858 -37 0.574024
    endloop
  endfacet
  facet normal 0 -1 0
    outer loop
      vertex 48.5128 -37 0.195788
      vertex 51.4489 -37 0.388228
      vertex 48.5511 -37 0.388228
    endloop
  endfacet
  facet normal 0 -1 0
    outer loop
      vertex 48.5128 -37 0.195788
      vertex 51.4872 -37 0.195788
      vertex 51.4489 -37 0.388228
    endloop
  endfacet
  facet normal 0 -1 0
    outer loop
      vertex 48.5 -37 0
      vertex 51.4872 -37 0.195788
      vertex 48.5128 -37 0.195788
    endloop
  endfacet
  facet normal 0 -1 0
    outer loop
      vertex 48.5 -37 0
      vertex 51.5 -37 0
      vertex 51.4872 -37 0.195788
    endloop
  endfacet
  facet normal 0 -1 0
    outer loop
      vertex 48.5128 -37 -0.195788
      vertex 51.5 -37 0
      vertex 48.5 -37 0
    endloop
  endfacet
  facet normal 0 -1 0
    outer loop
      vertex 48.5128 -37 -0.195788
      vertex 51.4872 -37 -0.195788
      vertex 51.5 -37 0
    endloop
  endfacet
  facet normal 0 -1 0
    outer loop
      vertex 48.5511 -37 -0.388228
      vertex 51.4872 -37 -0.195788
      vertex 48.5128 -37 -0.195788
    endloop
  endfacet
  facet normal 0 -1 0
    outer loop
      vertex 48.5511 -37 -0.388228
      vertex 51.4489 -37 -0.388228
      vertex 51.4872 -37 -0.195788
    endloop
  endfacet
  facet normal 0 -1 0
    outer loop
      vertex 48.6142 -37 -0.574024
      vertex 51.4489 -37 -0.388228
      vertex 48.5511 -37 -0.388228
    endloop
  endfacet
  facet normal 0 -1 0
    outer loop
      vertex 48.6142 -37 -0.574024
      vertex 51.3858 -37 -0.574024
      vertex 51.4489 -37 -0.388228
    endloop
  endfacet
  facet normal 0 -1 0
    outer loop
      vertex 48.701 -37 -0.75
      vertex 51.3858 -37 -0.574024
      vertex 48.6142 -37 -0.574024
    endloop
  endfacet
  facet normal 0 -1 0
    outer loop
      vertex 48.701 -37 -0.75
      vertex 51.299 -37 -0.75
      vertex 51.3858 -37 -0.574024
    endloop
  endfacet
  facet normal 0 -1 0
    outer loop
      vertex 48.81 -37 -0.913141
      vertex 51.299 -37 -0.75
      vertex 48.701 -37 -0.75
    endloop
  endfacet
  facet normal 0 -1 0
    outer loop
      vertex 48.81 -37 -0.913141
      vertex 51.19 -37 -0.913141
      vertex 51.299 -37 -0.75
    endloop
  endfacet
  facet normal 0 -1 0
    outer loop
      vertex 48.9393 -37 -1.06066
      vertex 51.19 -37 -0.913141
      vertex 48.81 -37 -0.913141
    endloop
  endfacet
  facet normal 0 -1 0
    outer loop
      vertex 48.9393 -37 -1.06066
      vertex 51.0607 -37 -1.06066
      vertex 51.19 -37 -0.913141
    endloop
  endfacet
  facet normal 0 -1 0
    outer loop
      vertex 49.0869 -37 -1.19003
      vertex 51.0607 -37 -1.06066
      vertex 48.9393 -37 -1.06066
    endloop
  endfacet
  facet normal 0 -1 0
    outer loop
      vertex 49.0869 -37 -1.19003
      vertex 50.9131 -37 -1.19003
      vertex 51.0607 -37 -1.06066
    endloop
  endfacet
  facet normal 0 -1 0
    outer loop
      vertex 49.25 -37 -1.29904
      vertex 50.9131 -37 -1.19003
      vertex 49.0869 -37 -1.19003
    endloop
  endfacet
  facet normal 0 -1 0
    outer loop
      vertex 49.25 -37 -1.29904
      vertex 50.75 -37 -1.29904
      vertex 50.9131 -37 -1.19003
    endloop
  endfacet
  facet normal 0 -1 0
    outer loop
      vertex 49.426 -37 -1.38582
      vertex 50.75 -37 -1.29904
      vertex 49.25 -37 -1.29904
    endloop
  endfacet
  facet normal 0 -1 0
    outer loop
      vertex 49.426 -37 -1.38582
      vertex 50.574 -37 -1.38582
      vertex 50.75 -37 -1.29904
    endloop
  endfacet
  facet normal 0 -1 0
    outer loop
      vertex 49.6118 -37 -1.44889
      vertex 50.574 -37 -1.38582
      vertex 49.426 -37 -1.38582
    endloop
  endfacet
  facet normal 0 -1 0
    outer loop
      vertex 49.6118 -37 -1.44889
      vertex 50.3882 -37 -1.44889
      vertex 50.574 -37 -1.38582
    endloop
  endfacet
  facet normal 0 -1 0
    outer loop
      vertex 49.8042 -37 -1.48717
      vertex 50.3882 -37 -1.44889
      vertex 49.6118 -37 -1.44889
    endloop
  endfacet
  facet normal 0 -1 0
    outer loop
      vertex 49.8042 -37 -1.48717
      vertex 50.1958 -37 -1.48717
      vertex 50.3882 -37 -1.44889
    endloop
  endfacet
  facet normal -0 -1 0
    outer loop
      vertex 50.1958 -37 -1.48717
      vertex 49.8042 -37 -1.48717
      vertex 50 -37 -1.5
    endloop
  endfacet
  facet normal 0.442233 0 -0.8969
    outer loop
      vertex 49.25 -44.5 1.29904
      vertex 49.426 -37 1.38582
      vertex 49.426 -44.5 1.38582
    endloop
  endfacet
  facet normal 0.442233 0 -0.8969
    outer loop
      vertex 49.426 -37 1.38582
      vertex 49.25 -44.5 1.29904
      vertex 49.25 -37 1.29904
    endloop
  endfacet
  facet normal 0.752018 0 -0.659142
    outer loop
      vertex 48.9393 -44.5 1.06066
      vertex 48.81 -37 0.913141
      vertex 48.9393 -37 1.06066
    endloop
  endfacet
  facet normal 0.752018 0 -0.659142
    outer loop
      vertex 48.81 -37 0.913141
      vertex 48.9393 -44.5 1.06066
      vertex 48.81 -44.5 0.913141
    endloop
  endfacet
  facet normal -0.831487 0 -0.555544
    outer loop
      vertex 51.299 -44.5 0.75
      vertex 51.19 -37 0.913141
      vertex 51.299 -37 0.75
    endloop
  endfacet
  facet normal -0.831487 -0 -0.555544
    outer loop
      vertex 51.19 -37 0.913141
      vertex 51.299 -44.5 0.75
      vertex 51.19 -44.5 0.913141
    endloop
  endfacet
  facet normal -0.946882 0 0.32158
    outer loop
      vertex 51.3858 -44.5 -0.574024
      vertex 51.4489 -37 -0.388228
      vertex 51.3858 -37 -0.574024
    endloop
  endfacet
  facet normal -0.946882 0 0.32158
    outer loop
      vertex 51.4489 -37 -0.388228
      vertex 51.3858 -44.5 -0.574024
      vertex 51.4489 -44.5 -0.388228
    endloop
  endfacet
  facet normal -0.321437 0 0.946931
    outer loop
      vertex 50.3882 -37 -1.44889
      vertex 50.574 -44.5 -1.38582
      vertex 50.574 -37 -1.38582
    endloop
  endfacet
  facet normal -0.321437 0 0.946931
    outer loop
      vertex 50.574 -44.5 -1.38582
      vertex 50.3882 -37 -1.44889
      vertex 50.3882 -44.5 -1.44889
    endloop
  endfacet
  facet normal -0.980764 0 0.195195
    outer loop
      vertex 51.4489 -44.5 -0.388228
      vertex 51.4872 -37 -0.195788
      vertex 51.4489 -37 -0.388228
    endloop
  endfacet
  facet normal -0.980764 0 0.195195
    outer loop
      vertex 51.4872 -37 -0.195788
      vertex 51.4489 -44.5 -0.388228
      vertex 51.4872 -44.5 -0.195788
    endloop
  endfacet
  facet normal -0.442233 0 -0.8969
    outer loop
      vertex 50.574 -44.5 1.38582
      vertex 50.75 -37 1.29904
      vertex 50.75 -44.5 1.29904
    endloop
  endfacet
  facet normal -0.442233 0 -0.8969
    outer loop
      vertex 50.75 -37 1.29904
      vertex 50.574 -44.5 1.38582
      vertex 50.574 -37 1.38582
    endloop
  endfacet
  facet normal -0.831487 0 0.555544
    outer loop
      vertex 51.19 -44.5 -0.913141
      vertex 51.299 -37 -0.75
      vertex 51.19 -37 -0.913141
    endloop
  endfacet
  facet normal -0.831487 0 0.555544
    outer loop
      vertex 51.299 -37 -0.75
      vertex 51.19 -44.5 -0.913141
      vertex 51.299 -44.5 -0.75
    endloop
  endfacet
  facet normal -0.0653858 0 -0.99786
    outer loop
      vertex 50 -44.5 1.5
      vertex 50.1958 -37 1.48717
      vertex 50.1958 -44.5 1.48717
    endloop
  endfacet
  facet normal -0.0653858 0 -0.99786
    outer loop
      vertex 50.1958 -37 1.48717
      vertex 50 -44.5 1.5
      vertex 50 -37 1.5
    endloop
  endfacet
  facet normal 0.946882 -0 0.32158
    outer loop
      vertex 48.5511 -44.5 -0.388228
      vertex 48.6142 -37 -0.574024
      vertex 48.5511 -37 -0.388228
    endloop
  endfacet
  facet normal 0.946882 0 0.32158
    outer loop
      vertex 48.6142 -37 -0.574024
      vertex 48.5511 -44.5 -0.388228
      vertex 48.6142 -44.5 -0.574024
    endloop
  endfacet
  facet normal -0.752018 0 0.659142
    outer loop
      vertex 51.0607 -44.5 -1.06066
      vertex 51.19 -37 -0.913141
      vertex 51.0607 -37 -1.06066
    endloop
  endfacet
  facet normal -0.752018 0 0.659142
    outer loop
      vertex 51.19 -37 -0.913141
      vertex 51.0607 -44.5 -1.06066
      vertex 51.19 -44.5 -0.913141
    endloop
  endfacet
  facet normal -0.0653858 0 0.99786
    outer loop
      vertex 50 -37 -1.5
      vertex 50.1958 -44.5 -1.48717
      vertex 50.1958 -37 -1.48717
    endloop
  endfacet
  facet normal -0.0653858 0 0.99786
    outer loop
      vertex 50.1958 -44.5 -1.48717
      vertex 50 -37 -1.5
      vertex 50 -44.5 -1.5
    endloop
  endfacet
  facet normal -0.442233 0 0.8969
    outer loop
      vertex 50.574 -37 -1.38582
      vertex 50.75 -44.5 -1.29904
      vertex 50.75 -37 -1.29904
    endloop
  endfacet
  facet normal -0.442233 0 0.8969
    outer loop
      vertex 50.75 -44.5 -1.29904
      vertex 50.574 -37 -1.38582
      vertex 50.574 -44.5 -1.38582
    endloop
  endfacet
  facet normal 0.980764 0 -0.195195
    outer loop
      vertex 48.5511 -44.5 0.388228
      vertex 48.5128 -37 0.195788
      vertex 48.5511 -37 0.388228
    endloop
  endfacet
  facet normal 0.980764 0 -0.195195
    outer loop
      vertex 48.5128 -37 0.195788
      vertex 48.5511 -44.5 0.388228
      vertex 48.5128 -44.5 0.195788
    endloop
  endfacet
  facet normal -0.99787 0 0.0652376
    outer loop
      vertex 51.4872 -44.5 -0.195788
      vertex 51.5 -37 0
      vertex 51.4872 -37 -0.195788
    endloop
  endfacet
  facet normal -0.99787 0 0.0652376
    outer loop
      vertex 51.5 -37 0
      vertex 51.4872 -44.5 -0.195788
      vertex 51.5 -44.5 0
    endloop
  endfacet
  facet normal -0.195136 0 0.980776
    outer loop
      vertex 50.1958 -37 -1.48717
      vertex 50.3882 -44.5 -1.44889
      vertex 50.3882 -37 -1.44889
    endloop
  endfacet
  facet normal -0.195136 0 0.980776
    outer loop
      vertex 50.3882 -44.5 -1.44889
      vertex 50.1958 -37 -1.48717
      vertex 50.1958 -44.5 -1.48717
    endloop
  endfacet
  facet normal -0.946882 0 -0.32158
    outer loop
      vertex 51.4489 -44.5 0.388228
      vertex 51.3858 -37 0.574024
      vertex 51.4489 -37 0.388228
    endloop
  endfacet
  facet normal -0.946882 -0 -0.32158
    outer loop
      vertex 51.3858 -37 0.574024
      vertex 51.4489 -44.5 0.388228
      vertex 51.3858 -44.5 0.574024
    endloop
  endfacet
  facet normal -0.659139 0 0.752021
    outer loop
      vertex 50.9131 -37 -1.19003
      vertex 51.0607 -44.5 -1.06066
      vertex 51.0607 -37 -1.06066
    endloop
  endfacet
  facet normal -0.659139 0 0.752021
    outer loop
      vertex 51.0607 -44.5 -1.06066
      vertex 50.9131 -37 -1.19003
      vertex 50.9131 -44.5 -1.19003
    endloop
  endfacet
  facet normal 0.0653858 0 0.99786
    outer loop
      vertex 49.8042 -37 -1.48717
      vertex 50 -44.5 -1.5
      vertex 50 -37 -1.5
    endloop
  endfacet
  facet normal 0.0653858 0 0.99786
    outer loop
      vertex 50 -44.5 -1.5
      vertex 49.8042 -37 -1.48717
      vertex 49.8042 -44.5 -1.48717
    endloop
  endfacet
  facet normal 0.0653858 0 -0.99786
    outer loop
      vertex 49.8042 -44.5 1.48717
      vertex 50 -37 1.5
      vertex 50 -44.5 1.5
    endloop
  endfacet
  facet normal 0.0653858 0 -0.99786
    outer loop
      vertex 50 -37 1.5
      vertex 49.8042 -44.5 1.48717
      vertex 49.8042 -37 1.48717
    endloop
  endfacet
  facet normal 0.555676 0 0.831399
    outer loop
      vertex 49.0869 -37 -1.19003
      vertex 49.25 -44.5 -1.29904
      vertex 49.25 -37 -1.29904
    endloop
  endfacet
  facet normal 0.555676 0 0.831399
    outer loop
      vertex 49.25 -44.5 -1.29904
      vertex 49.0869 -37 -1.19003
      vertex 49.0869 -44.5 -1.19003
    endloop
  endfacet
  facet normal 0.831487 -0 0.555544
    outer loop
      vertex 48.701 -44.5 -0.75
      vertex 48.81 -37 -0.913141
      vertex 48.701 -37 -0.75
    endloop
  endfacet
  facet normal 0.831487 0 0.555544
    outer loop
      vertex 48.81 -37 -0.913141
      vertex 48.701 -44.5 -0.75
      vertex 48.81 -44.5 -0.913141
    endloop
  endfacet
  facet normal 0.321437 0 -0.946931
    outer loop
      vertex 49.426 -44.5 1.38582
      vertex 49.6118 -37 1.44889
      vertex 49.6118 -44.5 1.44889
    endloop
  endfacet
  facet normal 0.321437 0 -0.946931
    outer loop
      vertex 49.6118 -37 1.44889
      vertex 49.426 -44.5 1.38582
      vertex 49.426 -37 1.38582
    endloop
  endfacet
  facet normal 0.946882 0 -0.32158
    outer loop
      vertex 48.6142 -44.5 0.574024
      vertex 48.5511 -37 0.388228
      vertex 48.6142 -37 0.574024
    endloop
  endfacet
  facet normal 0.946882 0 -0.32158
    outer loop
      vertex 48.5511 -37 0.388228
      vertex 48.6142 -44.5 0.574024
      vertex 48.5511 -44.5 0.388228
    endloop
  endfacet
  facet normal 0.442233 0 0.8969
    outer loop
      vertex 49.25 -37 -1.29904
      vertex 49.426 -44.5 -1.38582
      vertex 49.426 -37 -1.38582
    endloop
  endfacet
  facet normal 0.442233 0 0.8969
    outer loop
      vertex 49.426 -44.5 -1.38582
      vertex 49.25 -37 -1.29904
      vertex 49.25 -44.5 -1.29904
    endloop
  endfacet
  facet normal 0.831487 0 -0.555544
    outer loop
      vertex 48.81 -44.5 0.913141
      vertex 48.701 -37 0.75
      vertex 48.81 -37 0.913141
    endloop
  endfacet
  facet normal 0.831487 0 -0.555544
    outer loop
      vertex 48.701 -37 0.75
      vertex 48.81 -44.5 0.913141
      vertex 48.701 -44.5 0.75
    endloop
  endfacet
  facet normal 0.321437 0 0.946931
    outer loop
      vertex 49.426 -37 -1.38582
      vertex 49.6118 -44.5 -1.44889
      vertex 49.6118 -37 -1.44889
    endloop
  endfacet
  facet normal 0.321437 0 0.946931
    outer loop
      vertex 49.6118 -44.5 -1.44889
      vertex 49.426 -37 -1.38582
      vertex 49.426 -44.5 -1.38582
    endloop
  endfacet
  facet normal 0.659139 0 -0.752021
    outer loop
      vertex 48.9393 -44.5 1.06066
      vertex 49.0869 -37 1.19003
      vertex 49.0869 -44.5 1.19003
    endloop
  endfacet
  facet normal 0.659139 0 -0.752021
    outer loop
      vertex 49.0869 -37 1.19003
      vertex 48.9393 -44.5 1.06066
      vertex 48.9393 -37 1.06066
    endloop
  endfacet
  facet normal 0.896836 0 -0.442363
    outer loop
      vertex 48.701 -44.5 0.75
      vertex 48.6142 -37 0.574024
      vertex 48.701 -37 0.75
    endloop
  endfacet
  facet normal 0.896836 0 -0.442363
    outer loop
      vertex 48.6142 -37 0.574024
      vertex 48.701 -44.5 0.75
      vertex 48.6142 -44.5 0.574024
    endloop
  endfacet
  facet normal 0.659139 0 0.752021
    outer loop
      vertex 48.9393 -37 -1.06066
      vertex 49.0869 -44.5 -1.19003
      vertex 49.0869 -37 -1.19003
    endloop
  endfacet
  facet normal 0.659139 0 0.752021
    outer loop
      vertex 49.0869 -44.5 -1.19003
      vertex 48.9393 -37 -1.06066
      vertex 48.9393 -44.5 -1.06066
    endloop
  endfacet
endsolid OpenSCAD_Model
