solid OpenSCAD_Model
  facet normal 0.762293 -0.15164 0.629218
    outer loop
      vertex -49.5487 38.3831 -267.6
      vertex -77.2933 54.9294 -230
      vertex -77.523 53.7747 -230
    endloop
  endfacet
  facet normal -0.904825 0.307155 0.294868
    outer loop
      vertex 41.9149 -56.0441 -230
      vertex 42.2933 -54.9294 -230
      vertex 35.1433 -39.8961 -267.6
    endloop
  endfacet
  facet normal 0.0653797 0.997422 0.0295768
    outer loop
      vertex -69.7747 -61.523 -230
      vertex -71.9969 -62.4152 -195
      vertex -68.6 -61.6 -230
    endloop
  endfacet
  facet normal 0.0653797 0.997422 0.0295768
    outer loop
      vertex -71.9969 -62.4152 -195
      vertex -69.7747 -61.523 -230
      vertex -73.1716 -62.3382 -195
    endloop
  endfacet
  facet normal 0.790946 -0.0518455 0.609685
    outer loop
      vertex -49.5487 38.3831 -267.6
      vertex -77.523 53.7747 -230
      vertex -77.6 52.6 -230
    endloop
  endfacet
  facet normal 0.802043 0 0.597266
    outer loop
      vertex -77.6 52.6 -230
      vertex -49.6 -37.6 -267.6
      vertex -49.6 37.6 -267.6
    endloop
  endfacet
  facet normal 0.802043 0 0.597266
    outer loop
      vertex -49.6 -37.6 -267.6
      vertex -77.6 52.6 -230
      vertex -77.6 -52.6 -230
    endloop
  endfacet
  facet normal -0.976196 0.0639495 0.20725
    outer loop
      vertex 42.6 -52.6 -230
      vertex 35.6 -37.6 -267.6
      vertex 35.5487 -38.3831 -267.6
    endloop
  endfacet
  facet normal -0.97619 0.0639879 0.207264
    outer loop
      vertex 42.523 -53.7747 -230
      vertex 42.6 -52.6 -230
      vertex 35.5487 -38.3831 -267.6
    endloop
  endfacet
  facet normal 0.632255 0.422451 0.649453
    outer loop
      vertex -75.7402 -58.0788 -230
      vertex -48.3601 -41.2526 -267.6
      vertex -76.3942 -57.1 -230
    endloop
  endfacet
  facet normal -0.442184 -0.896681 0.0208875
    outer loop
      vertex 37.0441 60.9149 -230
      vertex 38.1 61.2095 -195
      vertex 37.0441 61.7302 -195
    endloop
  endfacet
  facet normal -0.442184 -0.896681 0.0208875
    outer loop
      vertex 38.1 61.2095 -195
      vertex 37.0441 60.9149 -230
      vertex 38.1 60.3942 -230
    endloop
  endfacet
  facet normal 0.762293 0.15164 0.629218
    outer loop
      vertex -77.2933 -54.9294 -230
      vertex -49.5487 -38.3831 -267.6
      vertex -77.523 -53.7747 -230
    endloop
  endfacet
  facet normal -0.946901 0.321438 0.00748676
    outer loop
      vertex 41.9149 -56.0441 -230
      vertex 42.2933 -55.7446 -195
      vertex 42.2933 -54.9294 -230
    endloop
  endfacet
  facet normal -0.94691 0.321412 0.00748707
    outer loop
      vertex 42.2933 -55.7446 -195
      vertex 41.9149 -56.0441 -230
      vertex 41.9149 -56.8594 -195
    endloop
  endfacet
  facet normal 0.748929 -0.656783 0.0879821
    outer loop
      vertex -79.137 58.8941 -195
      vertex -74.964 58.964 -230
      vertex -78.3608 59.7792 -195
    endloop
  endfacet
  facet normal 0.748966 -0.656741 0.0879865
    outer loop
      vertex -74.964 58.964 -230
      vertex -79.137 58.8941 -195
      vertex -75.7402 58.0788 -230
    endloop
  endfacet
  facet normal -0.751756 -0.659262 0.0153552
    outer loop
      vertex 39.964 58.964 -230
      vertex 40.7402 58.8941 -195
      vertex 39.964 59.7792 -195
    endloop
  endfacet
  facet normal -0.751793 -0.65922 0.0153561
    outer loop
      vertex 40.7402 58.8941 -195
      vertex 39.964 58.964 -230
      vertex 40.7402 58.0788 -230
    endloop
  endfacet
  facet normal -0.288477 0.849802 0.441155
    outer loop
      vertex 35.9294 -61.2933 -230
      vertex 37.0441 -60.9149 -230
      vertex 31.8961 -43.1433 -267.6
    endloop
  endfacet
  facet normal 0.657119 0.749397 0.0812308
    outer loop
      vertex -74.964 -58.964 -230
      vertex -77.4757 -60.5554 -195
      vertex -74.0788 -59.7402 -230
    endloop
  endfacet
  facet normal 0.657161 0.74936 0.0812321
    outer loop
      vertex -77.4757 -60.5554 -195
      vertex -74.964 -58.964 -230
      vertex -78.3608 -59.7792 -195
    endloop
  endfacet
  facet normal 0.726007 0.246366 0.642042
    outer loop
      vertex -49.1433 -39.8961 -267.6
      vertex -49.3955 -39.1529 -267.6
      vertex -77.2933 -54.9294 -230
    endloop
  endfacet
  facet normal 0.51033 0.581995 0.633123
    outer loop
      vertex -74.0788 -59.7402 -230
      vertex -47.8426 -41.8426 -267.6
      vertex -74.964 -58.964 -230
    endloop
  endfacet
  facet normal 0.437911 0.655394 0.61538
    outer loop
      vertex -73.1 -60.3942 -230
      vertex -47.2526 -42.3601 -267.6
      vertex -74.0788 -59.7402 -230
    endloop
  endfacet
  facet normal 0.762271 0.151702 0.629229
    outer loop
      vertex -49.3955 -39.1529 -267.6
      vertex -49.5487 -38.3831 -267.6
      vertex -77.2933 -54.9294 -230
    endloop
  endfacet
  facet normal 0.993066 -0.0650886 0.0978975
    outer loop
      vertex -80.9969 53.4152 -195
      vertex -77.523 53.7747 -230
      vertex -80.9199 54.59 -195
    endloop
  endfacet
  facet normal 0.993065 -0.0650941 0.0978974
    outer loop
      vertex -77.523 53.7747 -230
      vertex -80.9969 53.4152 -195
      vertex -77.6 52.6 -230
    endloop
  endfacet
  facet normal 0.790953 0.0518145 0.609679
    outer loop
      vertex -49.5487 -38.3831 -267.6
      vertex -49.6 -37.6 -267.6
      vertex -77.6 -52.6 -230
    endloop
  endfacet
  facet normal 0.266912 -0.786276 0.55725
    outer loop
      vertex -45.8961 43.1433 -267.6
      vertex -70.9294 61.2933 -230
      vertex -72.0441 60.9149 -230
    endloop
  endfacet
  facet normal 0.437911 -0.655394 0.61538
    outer loop
      vertex -47.2526 42.3601 -267.6
      vertex -73.1 60.3942 -230
      vertex -74.0788 59.7402 -230
    endloop
  endfacet
  facet normal 0.0579687 0.884898 0.462164
    outer loop
      vertex -43.6 -43.6 -267.6
      vertex -44.3831 -43.5487 -267.6
      vertex -68.6 -61.6 -230
    endloop
  endfacet
  facet normal -0.555517 0.83128 0.0193617
    outer loop
      vertex 39.0788 -59.7402 -230
      vertex 38.1 -61.2095 -195
      vertex 39.0788 -60.5554 -195
    endloop
  endfacet
  facet normal -0.555458 0.831319 0.019365
    outer loop
      vertex 38.1 -61.2095 -195
      vertex 39.0788 -59.7402 -230
      vertex 38.1 -60.3942 -230
    endloop
  endfacet
  facet normal 0 0.999729 0.023286
    outer loop
      vertex 33.6 -61.6 -230
      vertex 28.9311 -62.0542 -210.5
      vertex 33.6 -62.0542 -210.5
    endloop
  endfacet
  facet normal 0 0.999729 0.023286
    outer loop
      vertex 28.9311 -62.0542 -210.5
      vertex 33.6 -61.6 -230
      vertex -56.9311 -62.0542 -210.5
    endloop
  endfacet
  facet normal -0 0.999729 0.023286
    outer loop
      vertex -68.6 -61.6 -230
      vertex -56.9311 -62.0542 -210.5
      vertex 33.6 -61.6 -230
    endloop
  endfacet
  facet normal 0 0.999729 0.0232837
    outer loop
      vertex 28.9311 -62.0542 -210.5
      vertex -57.1354 -62.2871 -200.5
      vertex 29.1354 -62.2871 -200.5
    endloop
  endfacet
  facet normal 0 0.999729 0.0232837
    outer loop
      vertex -57.1354 -62.2871 -200.5
      vertex 28.9311 -62.0542 -210.5
      vertex -56.9311 -62.0542 -210.5
    endloop
  endfacet
  facet normal -0 0.999729 0.0232846
    outer loop
      vertex 29.1354 -62.2871 -200.5
      vertex 33.6 -62.4152 -195
      vertex 33.6 -62.2871 -200.5
    endloop
  endfacet
  facet normal -0 0.999729 0.0232846
    outer loop
      vertex -57.1354 -62.2871 -200.5
      vertex 33.6 -62.4152 -195
      vertex 29.1354 -62.2871 -200.5
    endloop
  endfacet
  facet normal 0 0.999729 0.0232846
    outer loop
      vertex 33.6 -62.4152 -195
      vertex -57.1354 -62.2871 -200.5
      vertex -71.9969 -62.4152 -195
    endloop
  endfacet
  facet normal -0 0.999729 0.0232846
    outer loop
      vertex -62.8646 -62.2871 -200.5
      vertex -71.9969 -62.4152 -195
      vertex -57.1354 -62.2871 -200.5
    endloop
  endfacet
  facet normal -5.40706e-07 0.999729 0.0232837
    outer loop
      vertex -63.0689 -62.0542 -210.5
      vertex -71.9969 -62.4152 -195
      vertex -62.8646 -62.2871 -200.5
    endloop
  endfacet
  facet normal 2.30859e-06 0.999729 0.0232853
    outer loop
      vertex -63.0689 -62.0542 -210.5
      vertex -68.6 -61.6 -230
      vertex -71.9969 -62.4152 -195
    endloop
  endfacet
  facet normal 0 0.999729 0.023286
    outer loop
      vertex -56.9311 -62.0542 -210.5
      vertex -68.6 -61.6 -230
      vertex -63.0689 -62.0542 -210.5
    endloop
  endfacet
  facet normal 0.0580031 -0.884887 0.462181
    outer loop
      vertex -44.3831 43.5487 -267.6
      vertex -68.6 61.6 -230
      vertex -69.7747 61.523 -230
    endloop
  endfacet
  facet normal -0.502678 -0.752403 0.425681
    outer loop
      vertex 33.2526 42.3601 -267.6
      vertex 38.1 60.3942 -230
      vertex 32.6 42.7961 -267.6
    endloop
  endfacet
  facet normal -0.997857 0.0654082 0.00152345
    outer loop
      vertex 42.523 -53.7747 -230
      vertex 42.6 -53.4152 -195
      vertex 42.6 -52.6 -230
    endloop
  endfacet
  facet normal -0.997858 0.0654027 0.00152351
    outer loop
      vertex 42.6 -53.4152 -195
      vertex 42.523 -53.7747 -230
      vertex 42.523 -54.59 -195
    endloop
  endfacet
  facet normal 0.827853 0.553143 0.0932302
    outer loop
      vertex -79.7911 -57.9152 -195
      vertex -75.7402 -58.0788 -230
      vertex -76.3942 -57.1 -230
    endloop
  endfacet
  facet normal 0.827841 0.553162 0.0932286
    outer loop
      vertex -75.7402 -58.0788 -230
      vertex -79.7911 -57.9152 -195
      vertex -79.137 -58.8941 -195
    endloop
  endfacet
  facet normal -0.175087 0.880162 0.441202
    outer loop
      vertex 34.7747 -61.523 -230
      vertex 35.9294 -61.2933 -230
      vertex 30.3831 -43.5487 -267.6
    endloop
  endfacet
  facet normal 0.995323 0 0.0966004
    outer loop
      vertex -80.9969 53.4152 -195
      vertex -77.6 -52.6 -230
      vertex -77.6 52.6 -230
    endloop
  endfacet
  facet normal 0.995323 0 0.0966004
    outer loop
      vertex -77.6 -52.6 -230
      vertex -80.9969 53.4152 -195
      vertex -80.9969 -53.4152 -195
    endloop
  endfacet
  facet normal 0.790953 -0.0518145 0.609679
    outer loop
      vertex -49.6 37.6 -267.6
      vertex -49.5487 38.3831 -267.6
      vertex -77.6 52.6 -230
    endloop
  endfacet
  facet normal -0.0588597 0.897955 0.436133
    outer loop
      vertex 33.6 -61.6 -230
      vertex 34.7747 -61.523 -230
      vertex 30.3831 -43.5487 -267.6
    endloop
  endfacet
  facet normal 0.748966 0.656741 0.0879865
    outer loop
      vertex -79.137 -58.8941 -195
      vertex -74.964 -58.964 -230
      vertex -75.7402 -58.0788 -230
    endloop
  endfacet
  facet normal 0.748929 0.656783 0.0879821
    outer loop
      vertex -74.964 -58.964 -230
      vertex -79.137 -58.8941 -195
      vertex -78.3608 -59.7792 -195
    endloop
  endfacet
  facet normal 0.356972 -0.723885 0.590391
    outer loop
      vertex -45.8961 43.1433 -267.6
      vertex -72.0441 60.9149 -230
      vertex -73.1 60.3942 -230
    endloop
  endfacet
  facet normal -0.948786 -0.18882 0.253284
    outer loop
      vertex 35.5487 38.3831 -267.6
      vertex 42.2933 54.9294 -230
      vertex 35.3955 39.1529 -267.6
    endloop
  endfacet
  facet normal -0.442184 0.896681 0.0208875
    outer loop
      vertex 38.1 -60.3942 -230
      vertex 37.0441 -61.7302 -195
      vertex 38.1 -61.2095 -195
    endloop
  endfacet
  facet normal -0.442184 0.896681 0.0208875
    outer loop
      vertex 37.0441 -61.7302 -195
      vertex 38.1 -60.3942 -230
      vertex 37.0441 -60.9149 -230
    endloop
  endfacet
  facet normal 0.975938 -0.194156 0.0992411
    outer loop
      vertex -80.9199 54.59 -195
      vertex -77.2933 54.9294 -230
      vertex -80.6902 55.7446 -195
    endloop
  endfacet
  facet normal 0.975941 -0.19414 0.0992416
    outer loop
      vertex -77.2933 54.9294 -230
      vertex -80.9199 54.59 -195
      vertex -77.523 53.7747 -230
    endloop
  endfacet
  facet normal -0.831431 -0.555477 0.0129394
    outer loop
      vertex 40.7402 58.0788 -230
      vertex 41.3942 57.9152 -195
      vertex 40.7402 58.8941 -195
    endloop
  endfacet
  facet normal -0.831405 -0.555516 0.0129388
    outer loop
      vertex 41.3942 57.9152 -195
      vertex 40.7402 58.0788 -230
      vertex 41.3942 57.1 -230
    endloop
  endfacet
  facet normal 0.827841 -0.553162 0.0932286
    outer loop
      vertex -79.7911 57.9152 -195
      vertex -75.7402 58.0788 -230
      vertex -79.137 58.8941 -195
    endloop
  endfacet
  facet normal 0.827853 -0.553143 0.0932302
    outer loop
      vertex -75.7402 58.0788 -230
      vertex -79.7911 57.9152 -195
      vertex -76.3942 57.1 -230
    endloop
  endfacet
  facet normal 0.725975 -0.246442 0.642049
    outer loop
      vertex -49.1433 39.8961 -267.6
      vertex -76.9149 56.0441 -230
      vertex -77.2933 54.9294 -230
    endloop
  endfacet
  facet normal -0.692571 -0.60729 0.389286
    outer loop
      vertex 40.7402 58.0788 -230
      vertex 39.964 58.964 -230
      vertex 33.8426 41.8426 -267.6
    endloop
  endfacet
  facet normal 0 -0.999729 0.0232837
    outer loop
      vertex -56.9311 62.0542 -210.5
      vertex 29.1354 62.2871 -200.5
      vertex -57.1354 62.2871 -200.5
    endloop
  endfacet
  facet normal 0 -0.999729 0.0232837
    outer loop
      vertex 29.1354 62.2871 -200.5
      vertex -56.9311 62.0542 -210.5
      vertex 28.9311 62.0542 -210.5
    endloop
  endfacet
  facet normal 0 -0.999729 0.0232846
    outer loop
      vertex -57.1354 62.2871 -200.5
      vertex -71.9969 62.4152 -195
      vertex -62.8646 62.2871 -200.5
    endloop
  endfacet
  facet normal -5.40706e-07 -0.999729 0.0232837
    outer loop
      vertex -71.9969 62.4152 -195
      vertex -63.0689 62.0542 -210.5
      vertex -62.8646 62.2871 -200.5
    endloop
  endfacet
  facet normal 0 -0.999729 0.023286
    outer loop
      vertex -68.6 61.6 -230
      vertex -56.9311 62.0542 -210.5
      vertex -63.0689 62.0542 -210.5
    endloop
  endfacet
  facet normal 0 -0.999729 0.023286
    outer loop
      vertex -56.9311 62.0542 -210.5
      vertex 33.6 61.6 -230
      vertex 28.9311 62.0542 -210.5
    endloop
  endfacet
  facet normal 2.30859e-06 -0.999729 0.0232853
    outer loop
      vertex -68.6 61.6 -230
      vertex -63.0689 62.0542 -210.5
      vertex -71.9969 62.4152 -195
    endloop
  endfacet
  facet normal 0 -0.999729 0.023286
    outer loop
      vertex -56.9311 62.0542 -210.5
      vertex -68.6 61.6 -230
      vertex 33.6 61.6 -230
    endloop
  endfacet
  facet normal 0 -0.999729 0.023286
    outer loop
      vertex 28.9311 62.0542 -210.5
      vertex 33.6 61.6 -230
      vertex 33.6 62.0542 -210.5
    endloop
  endfacet
  facet normal 0 -0.999729 0.0232846
    outer loop
      vertex -71.9969 62.4152 -195
      vertex -57.1354 62.2871 -200.5
      vertex 33.6 62.4152 -195
    endloop
  endfacet
  facet normal 0 -0.999729 0.0232846
    outer loop
      vertex 29.1354 62.2871 -200.5
      vertex 33.6 62.4152 -195
      vertex -57.1354 62.2871 -200.5
    endloop
  endfacet
  facet normal 0 -0.999729 0.0232846
    outer loop
      vertex 33.6 62.4152 -195
      vertex 29.1354 62.2871 -200.5
      vertex 33.6 62.2871 -200.5
    endloop
  endfacet
  facet normal -0.502715 0.752382 0.425675
    outer loop
      vertex 38.1 -60.3942 -230
      vertex 39.0788 -59.7402 -230
      vertex 33.2526 -42.3601 -267.6
    endloop
  endfacet
  facet normal 0.574994 -0.504192 0.644338
    outer loop
      vertex -47.8426 41.8426 -267.6
      vertex -74.964 58.964 -230
      vertex -75.7402 58.0788 -230
    endloop
  endfacet
  facet normal -0.0588242 0.897958 0.436132
    outer loop
      vertex 33.6 -61.6 -230
      vertex 30.3831 -43.5487 -267.6
      vertex 29.6 -43.6 -267.6
    endloop
  endfacet
  facet normal 0.725975 0.246442 0.642049
    outer loop
      vertex -76.9149 -56.0441 -230
      vertex -49.1433 -39.8961 -267.6
      vertex -77.2933 -54.9294 -230
    endloop
  endfacet
  facet normal 0.790946 0.0518455 0.609685
    outer loop
      vertex -77.523 -53.7747 -230
      vertex -49.5487 -38.3831 -267.6
      vertex -77.6 -52.6 -230
    endloop
  endfacet
  facet normal 0.574994 0.504192 0.644338
    outer loop
      vertex -74.964 -58.964 -230
      vertex -47.8426 -41.8426 -267.6
      vertex -75.7402 -58.0788 -230
    endloop
  endfacet
  facet normal 0.682562 -0.336594 0.648701
    outer loop
      vertex -49.1433 39.8961 -267.6
      vertex -76.3942 57.1 -230
      vertex -76.9149 56.0441 -230
    endloop
  endfacet
  facet normal -0.39803 0.807145 0.435992
    outer loop
      vertex 37.0441 -60.9149 -230
      vertex 38.1 -60.3942 -230
      vertex 31.8961 -43.1433 -267.6
    endloop
  endfacet
  facet normal 0.993065 0.0650941 0.0978974
    outer loop
      vertex -80.9969 -53.4152 -195
      vertex -77.523 -53.7747 -230
      vertex -77.6 -52.6 -230
    endloop
  endfacet
  facet normal 0.993066 0.0650886 0.0978975
    outer loop
      vertex -77.523 -53.7747 -230
      vertex -80.9969 -53.4152 -195
      vertex -80.9199 -54.59 -195
    endloop
  endfacet
  facet normal -0.39803 -0.807145 0.435992
    outer loop
      vertex 38.1 60.3942 -230
      vertex 37.0441 60.9149 -230
      vertex 31.8961 43.1433 -267.6
    endloop
  endfacet
  facet normal -0.321369 -0.946697 0.0220526
    outer loop
      vertex 35.9294 61.2933 -230
      vertex 37.0441 61.7302 -195
      vertex 35.9294 62.1086 -195
    endloop
  endfacet
  facet normal -0.321369 -0.946697 0.0220526
    outer loop
      vertex 37.0441 61.7302 -195
      vertex 35.9294 61.2933 -230
      vertex 37.0441 60.9149 -230
    endloop
  endfacet
  facet normal 0.682562 0.336594 0.648701
    outer loop
      vertex -76.3942 -57.1 -230
      vertex -49.1433 -39.8961 -267.6
      vertex -76.9149 -56.0441 -230
    endloop
  endfacet
  facet normal 0.892641 -0.440233 0.0968883
    outer loop
      vertex -80.3118 56.8594 -195
      vertex -76.3942 57.1 -230
      vertex -79.7911 57.9152 -195
    endloop
  endfacet
  facet normal 0.892657 -0.440199 0.0968903
    outer loop
      vertex -76.3942 57.1 -230
      vertex -80.3118 56.8594 -195
      vertex -76.9149 56.0441 -230
    endloop
  endfacet
  facet normal 0.554135 -0.829211 0.0730947
    outer loop
      vertex -74.0788 59.7402 -230
      vertex -76.4969 61.2095 -195
      vertex -77.4757 60.5554 -195
    endloop
  endfacet
  facet normal 0.554076 -0.829251 0.0730923
    outer loop
      vertex -76.4969 61.2095 -195
      vertex -74.0788 59.7402 -230
      vertex -73.1 60.3942 -230
    endloop
  endfacet
  facet normal 0.441382 -0.895056 0.0636877
    outer loop
      vertex -73.1 60.3942 -230
      vertex -75.441 61.7302 -195
      vertex -76.4969 61.2095 -195
    endloop
  endfacet
  facet normal 0.441382 -0.895056 0.0636877
    outer loop
      vertex -75.441 61.7302 -195
      vertex -73.1 60.3942 -230
      vertex -72.0441 60.9149 -230
    endloop
  endfacet
  facet normal -0.774725 0.517644 0.363106
    outer loop
      vertex 40.7402 -58.0788 -230
      vertex 41.3942 -57.1 -230
      vertex 34.3601 -41.2526 -267.6
    endloop
  endfacet
  facet normal -0.904825 -0.307155 0.294868
    outer loop
      vertex 42.2933 54.9294 -230
      vertex 41.9149 56.0441 -230
      vertex 35.1433 39.8961 -267.6
    endloop
  endfacet
  facet normal -0.976196 -0.0639495 0.20725
    outer loop
      vertex 35.6 37.6 -267.6
      vertex 42.6 52.6 -230
      vertex 35.5487 38.3831 -267.6
    endloop
  endfacet
  facet normal 0.356972 0.723885 0.590391
    outer loop
      vertex -72.0441 -60.9149 -230
      vertex -45.8961 -43.1433 -267.6
      vertex -73.1 -60.3942 -230
    endloop
  endfacet
  facet normal -0.692571 0.60729 0.389286
    outer loop
      vertex 39.964 -58.964 -230
      vertex 40.7402 -58.0788 -230
      vertex 33.8426 -41.8426 -267.6
    endloop
  endfacet
  facet normal -0.601293 -0.685732 0.410145
    outer loop
      vertex 39.964 58.964 -230
      vertex 39.0788 59.7402 -230
      vertex 33.8426 41.8426 -267.6
    endloop
  endfacet
  facet normal 0.194933 0.979928 0.041743
    outer loop
      vertex -70.9294 -61.2933 -230
      vertex -73.1716 -62.3382 -195
      vertex -69.7747 -61.523 -230
    endloop
  endfacet
  facet normal 0.194868 0.979941 0.0417392
    outer loop
      vertex -73.1716 -62.3382 -195
      vertex -70.9294 -61.2933 -230
      vertex -74.3262 -62.1086 -195
    endloop
  endfacet
  facet normal -0 0.901972 0.431795
    outer loop
      vertex -43.6 -43.6 -267.6
      vertex 33.6 -61.6 -230
      vertex 29.6 -43.6 -267.6
    endloop
  endfacet
  facet normal 0 0.901972 0.431795
    outer loop
      vertex 33.6 -61.6 -230
      vertex -43.6 -43.6 -267.6
      vertex -68.6 -61.6 -230
    endloop
  endfacet
  facet normal 0.682527 0.336658 0.648705
    outer loop
      vertex -48.7961 -40.6 -267.6
      vertex -49.1433 -39.8961 -267.6
      vertex -76.3942 -57.1 -230
    endloop
  endfacet
  facet normal -0.398108 -0.807109 0.435989
    outer loop
      vertex 32.6 42.7961 -267.6
      vertex 38.1 60.3942 -230
      vertex 31.8961 43.1433 -267.6
    endloop
  endfacet
  facet normal 0.942285 0.319871 0.098903
    outer loop
      vertex -80.6902 -55.7446 -195
      vertex -76.9149 -56.0441 -230
      vertex -77.2933 -54.9294 -230
    endloop
  endfacet
  facet normal 0.942293 0.319846 0.0989042
    outer loop
      vertex -76.9149 -56.0441 -230
      vertex -80.6902 -55.7446 -195
      vertex -80.3118 -56.8594 -195
    endloop
  endfacet
  facet normal 0.357034 0.723836 0.590413
    outer loop
      vertex -45.8961 -43.1433 -267.6
      vertex -46.6 -42.7961 -267.6
      vertex -73.1 -60.3942 -230
    endloop
  endfacet
  facet normal 0.266834 0.786324 0.557221
    outer loop
      vertex -45.1529 -43.3955 -267.6
      vertex -45.8961 -43.1433 -267.6
      vertex -70.9294 -61.2933 -230
    endloop
  endfacet
  facet normal 0.51033 -0.581995 0.633123
    outer loop
      vertex -47.8426 41.8426 -267.6
      vertex -74.0788 59.7402 -230
      vertex -74.964 58.964 -230
    endloop
  endfacet
  facet normal 0.0580031 0.884887 0.462181
    outer loop
      vertex -68.6 -61.6 -230
      vertex -44.3831 -43.5487 -267.6
      vertex -69.7747 -61.523 -230
    endloop
  endfacet
  facet normal -0.846136 0.417258 0.331585
    outer loop
      vertex 41.3942 -57.1 -230
      vertex 41.9149 -56.0441 -230
      vertex 35.1433 -39.8961 -267.6
    endloop
  endfacet
  facet normal -0.980773 0.195101 0.00454475
    outer loop
      vertex 42.2933 -54.9294 -230
      vertex 42.523 -54.59 -195
      vertex 42.523 -53.7747 -230
    endloop
  endfacet
  facet normal -0.980769 0.195118 0.00454457
    outer loop
      vertex 42.523 -54.59 -195
      vertex 42.2933 -54.9294 -230
      vertex 42.2933 -55.7446 -195
    endloop
  endfacet
  facet normal -0.948809 0.188743 0.253254
    outer loop
      vertex 42.2933 -54.9294 -230
      vertex 42.523 -53.7747 -230
      vertex 35.5487 -38.3831 -267.6
    endloop
  endfacet
  facet normal -0.555517 -0.83128 0.0193641
    outer loop
      vertex 38.1 60.3942 -230
      vertex 39.0788 60.5554 -195
      vertex 38.1 61.2095 -195
    endloop
  endfacet
  facet normal -0.555458 -0.831319 0.0193626
    outer loop
      vertex 39.0788 60.5554 -195
      vertex 38.1 60.3942 -230
      vertex 39.0788 59.7402 -230
    endloop
  endfacet
  facet normal -0.659197 -0.751766 0.0175097
    outer loop
      vertex 39.0788 59.7402 -230
      vertex 39.964 59.7792 -195
      vertex 39.0788 60.5554 -195
    endloop
  endfacet
  facet normal -0.659197 -0.751766 0.0175097
    outer loop
      vertex 39.964 59.7792 -195
      vertex 39.0788 59.7402 -230
      vertex 39.964 58.964 -230
    endloop
  endfacet
  facet normal 0.0653797 -0.997422 0.0295768
    outer loop
      vertex -69.7747 61.523 -230
      vertex -71.9969 62.4152 -195
      vertex -73.1716 62.3382 -195
    endloop
  endfacet
  facet normal 0.0653797 -0.997422 0.0295768
    outer loop
      vertex -71.9969 62.4152 -195
      vertex -69.7747 61.523 -230
      vertex -68.6 61.6 -230
    endloop
  endfacet
  facet normal 0.194868 -0.979941 0.0417392
    outer loop
      vertex -70.9294 61.2933 -230
      vertex -73.1716 62.3382 -195
      vertex -74.3262 62.1086 -195
    endloop
  endfacet
  facet normal 0.194933 -0.979928 0.041743
    outer loop
      vertex -73.1716 62.3382 -195
      vertex -70.9294 61.2933 -230
      vertex -69.7747 61.523 -230
    endloop
  endfacet
  facet normal 0.320967 -0.945596 0.0531782
    outer loop
      vertex -72.0441 60.9149 -230
      vertex -74.3262 62.1086 -195
      vertex -75.441 61.7302 -195
    endloop
  endfacet
  facet normal 0.320992 -0.945588 0.0531796
    outer loop
      vertex -74.3262 62.1086 -195
      vertex -72.0441 60.9149 -230
      vertex -70.9294 61.2933 -230
    endloop
  endfacet
  facet normal 0.657161 -0.74936 0.0812321
    outer loop
      vertex -74.964 58.964 -230
      vertex -77.4757 60.5554 -195
      vertex -78.3608 59.7792 -195
    endloop
  endfacet
  facet normal 0.657119 -0.749397 0.0812308
    outer loop
      vertex -77.4757 60.5554 -195
      vertex -74.964 58.964 -230
      vertex -74.0788 59.7402 -230
    endloop
  endfacet
  facet normal -0.502678 0.752403 0.425681
    outer loop
      vertex 38.1 -60.3942 -230
      vertex 33.2526 -42.3601 -267.6
      vertex 32.6 -42.7961 -267.6
    endloop
  endfacet
  facet normal -0.997858 -0.0654027 0.00152351
    outer loop
      vertex 42.523 53.7747 -230
      vertex 42.6 53.4152 -195
      vertex 42.523 54.59 -195
    endloop
  endfacet
  facet normal -0.997857 -0.0654082 0.00152345
    outer loop
      vertex 42.6 53.4152 -195
      vertex 42.523 53.7747 -230
      vertex 42.6 52.6 -230
    endloop
  endfacet
  facet normal -0.692476 -0.607384 0.389309
    outer loop
      vertex 34.3601 41.2526 -267.6
      vertex 40.7402 58.0788 -230
      vertex 33.8426 41.8426 -267.6
    endloop
  endfacet
  facet normal 0.510406 -0.581913 0.633137
    outer loop
      vertex -47.8426 41.8426 -267.6
      vertex -47.2526 42.3601 -267.6
      vertex -74.0788 59.7402 -230
    endloop
  endfacet
  facet normal -0.0653906 -0.997589 0.0232362
    outer loop
      vertex 33.6 61.6 -230
      vertex 34.7747 61.9772 -210.5
      vertex 33.6 62.0542 -210.5
    endloop
  endfacet
  facet normal -0.0653906 -0.997589 0.0232362
    outer loop
      vertex 34.7747 61.9772 -210.5
      vertex 33.6 61.6 -230
      vertex 34.7747 61.523 -230
    endloop
  endfacet
  facet normal -0.0653906 -0.997589 0.0232348
    outer loop
      vertex 33.6 62.2871 -200.5
      vertex 34.7747 62.3382 -195
      vertex 33.6 62.4152 -195
    endloop
  endfacet
  facet normal -0.0653906 -0.997589 0.0232348
    outer loop
      vertex 34.7747 62.3382 -195
      vertex 33.6 62.2871 -200.5
      vertex 34.7747 62.2101 -200.5
    endloop
  endfacet
  facet normal -0.19505 -0.980527 0.0228387
    outer loop
      vertex 34.7747 61.9772 -210.5
      vertex 34.7747 61.523 -230
      vertex 35.202 61.8922 -210.5
    endloop
  endfacet
  facet normal -0.194878 -0.980562 0.0228382
    outer loop
      vertex 34.9654 62.1722 -200.5
      vertex 34.7747 62.3382 -195
      vertex 34.7747 62.2101 -200.5
    endloop
  endfacet
  facet normal -0.194971 -0.980543 0.0228344
    outer loop
      vertex 34.7747 62.3382 -195
      vertex 34.9654 62.1722 -200.5
      vertex 35.9294 62.1086 -195
    endloop
  endfacet
  facet normal -0.195032 -0.980531 0.0228453
    outer loop
      vertex 35.1734 61.935 -208.905
      vertex 35.9294 62.1086 -195
      vertex 34.9654 62.1722 -200.5
    endloop
  endfacet
  facet normal -0.194619 -0.980613 0.0228239
    outer loop
      vertex 35.202 61.8922 -210.5
      vertex 35.9294 62.1086 -195
      vertex 35.1734 61.935 -208.905
    endloop
  endfacet
  facet normal -0.195052 -0.980527 0.0228388
    outer loop
      vertex 35.9294 61.2933 -230
      vertex 35.202 61.8922 -210.5
      vertex 34.7747 61.523 -230
    endloop
  endfacet
  facet normal -0.195004 -0.980536 0.0228409
    outer loop
      vertex 35.202 61.8922 -210.5
      vertex 35.9294 61.2933 -230
      vertex 35.9294 62.1086 -195
    endloop
  endfacet
  facet normal -0.831405 0.555516 0.0129388
    outer loop
      vertex 40.7402 -58.0788 -230
      vertex 41.3942 -57.9152 -195
      vertex 41.3942 -57.1 -230
    endloop
  endfacet
  facet normal -0.831431 0.555477 0.0129394
    outer loop
      vertex 41.3942 -57.9152 -195
      vertex 40.7402 -58.0788 -230
      vertex 40.7402 -58.8941 -195
    endloop
  endfacet
  facet normal 0 -0.901972 0.431795
    outer loop
      vertex -43.6 43.6 -267.6
      vertex 33.6 61.6 -230
      vertex -68.6 61.6 -230
    endloop
  endfacet
  facet normal 0 -0.901972 0.431795
    outer loop
      vertex 33.6 61.6 -230
      vertex -43.6 43.6 -267.6
      vertex 29.6 43.6 -267.6
    endloop
  endfacet
  facet normal 0.632274 -0.42242 0.649454
    outer loop
      vertex -48.7961 40.6 -267.6
      vertex -48.3601 41.2526 -267.6
      vertex -76.3942 57.1 -230
    endloop
  endfacet
  facet normal 0.554076 0.829251 0.0730923
    outer loop
      vertex -74.0788 -59.7402 -230
      vertex -76.4969 -61.2095 -195
      vertex -73.1 -60.3942 -230
    endloop
  endfacet
  facet normal 0.554135 0.829211 0.0730947
    outer loop
      vertex -76.4969 -61.2095 -195
      vertex -74.0788 -59.7402 -230
      vertex -77.4757 -60.5554 -195
    endloop
  endfacet
  facet normal 0.975941 0.19414 0.0992416
    outer loop
      vertex -80.9199 -54.59 -195
      vertex -77.2933 -54.9294 -230
      vertex -77.523 -53.7747 -230
    endloop
  endfacet
  facet normal 0.975938 0.194156 0.0992411
    outer loop
      vertex -77.2933 -54.9294 -230
      vertex -80.9199 -54.59 -195
      vertex -80.6902 -55.7446 -195
    endloop
  endfacet
  facet normal -0.17516 -0.880146 0.441205
    outer loop
      vertex 31.1529 43.3955 -267.6
      vertex 35.9294 61.2933 -230
      vertex 30.3831 43.5487 -267.6
    endloop
  endfacet
  facet normal -0.846088 0.417335 0.331612
    outer loop
      vertex 41.3942 -57.1 -230
      vertex 35.1433 -39.8961 -267.6
      vertex 34.7961 -40.6 -267.6
    endloop
  endfacet
  facet normal 0.892657 0.440199 0.0968903
    outer loop
      vertex -80.3118 -56.8594 -195
      vertex -76.3942 -57.1 -230
      vertex -76.9149 -56.0441 -230
    endloop
  endfacet
  facet normal 0.892641 0.440233 0.0968883
    outer loop
      vertex -76.3942 -57.1 -230
      vertex -80.3118 -56.8594 -195
      vertex -79.7911 -57.9152 -195
    endloop
  endfacet
  facet normal -0.194971 0.980543 0.0228344
    outer loop
      vertex 35.9294 -62.1086 -195
      vertex 34.9654 -62.1722 -200.5
      vertex 34.7747 -62.3382 -195
    endloop
  endfacet
  facet normal -0.195032 0.980531 0.0228453
    outer loop
      vertex 35.9294 -62.1086 -195
      vertex 35.1734 -61.935 -208.905
      vertex 34.9654 -62.1722 -200.5
    endloop
  endfacet
  facet normal -0.194619 0.980613 0.0228239
    outer loop
      vertex 35.9294 -62.1086 -195
      vertex 35.202 -61.8922 -210.5
      vertex 35.1734 -61.935 -208.905
    endloop
  endfacet
  facet normal -0.195004 0.980536 0.0228409
    outer loop
      vertex 35.9294 -61.2933 -230
      vertex 35.202 -61.8922 -210.5
      vertex 35.9294 -62.1086 -195
    endloop
  endfacet
  facet normal -0.195052 0.980527 0.0228388
    outer loop
      vertex 34.7747 -61.523 -230
      vertex 35.202 -61.8922 -210.5
      vertex 35.9294 -61.2933 -230
    endloop
  endfacet
  facet normal -0.19505 0.980527 0.0228387
    outer loop
      vertex 35.202 -61.8922 -210.5
      vertex 34.7747 -61.523 -230
      vertex 34.7747 -61.9772 -210.5
    endloop
  endfacet
  facet normal -0.194878 0.980562 0.0228382
    outer loop
      vertex 34.7747 -62.3382 -195
      vertex 34.9654 -62.1722 -200.5
      vertex 34.7747 -62.2101 -200.5
    endloop
  endfacet
  facet normal 0.441382 0.895056 0.0636877
    outer loop
      vertex -73.1 -60.3942 -230
      vertex -75.441 -61.7302 -195
      vertex -72.0441 -60.9149 -230
    endloop
  endfacet
  facet normal 0.441382 0.895056 0.0636877
    outer loop
      vertex -75.441 -61.7302 -195
      vertex -73.1 -60.3942 -230
      vertex -76.4969 -61.2095 -195
    endloop
  endfacet
  facet normal -0.980769 -0.195118 0.00454457
    outer loop
      vertex 42.2933 54.9294 -230
      vertex 42.523 54.59 -195
      vertex 42.2933 55.7446 -195
    endloop
  endfacet
  facet normal -0.980773 -0.195101 0.00454475
    outer loop
      vertex 42.523 54.59 -195
      vertex 42.2933 54.9294 -230
      vertex 42.523 53.7747 -230
    endloop
  endfacet
  facet normal -0.97619 -0.0639879 0.207264
    outer loop
      vertex 42.6 52.6 -230
      vertex 42.523 53.7747 -230
      vertex 35.5487 38.3831 -267.6
    endloop
  endfacet
  facet normal -0.774752 0.517609 0.363097
    outer loop
      vertex 41.3942 -57.1 -230
      vertex 34.7961 -40.6 -267.6
      vertex 34.3601 -41.2526 -267.6
    endloop
  endfacet
  facet normal -0.904867 0.307061 0.294839
    outer loop
      vertex 42.2933 -54.9294 -230
      vertex 35.3955 -39.1529 -267.6
      vertex 35.1433 -39.8961 -267.6
    endloop
  endfacet
  facet normal -0.948786 0.18882 0.253284
    outer loop
      vertex 42.2933 -54.9294 -230
      vertex 35.5487 -38.3831 -267.6
      vertex 35.3955 -39.1529 -267.6
    endloop
  endfacet
  facet normal 0.942293 -0.319846 0.0989042
    outer loop
      vertex -80.6902 55.7446 -195
      vertex -76.9149 56.0441 -230
      vertex -80.3118 56.8594 -195
    endloop
  endfacet
  facet normal 0.942285 -0.319871 0.098903
    outer loop
      vertex -76.9149 56.0441 -230
      vertex -80.6902 55.7446 -195
      vertex -77.2933 54.9294 -230
    endloop
  endfacet
  facet normal -1 0 0
    outer loop
      vertex 42.6 52.6 -230
      vertex 42.6 -46 -212
      vertex 42.6 46 -212
    endloop
  endfacet
  facet normal -1 0 0
    outer loop
      vertex 42.6 -53.4152 -195
      vertex 42.6 -46 -212
      vertex 42.6 -52.6 -230
    endloop
  endfacet
  facet normal -1 0 0
    outer loop
      vertex 42.6 -52.6 -230
      vertex 42.6 -46 -212
      vertex 42.6 52.6 -230
    endloop
  endfacet
  facet normal -1 0 0
    outer loop
      vertex 42.6 46 -212
      vertex 42.6 53.4152 -195
      vertex 42.6 52.6 -230
    endloop
  endfacet
  facet normal -1 0 0
    outer loop
      vertex 42.6 46 -208
      vertex 42.6 53.4152 -195
      vertex 42.6 46 -212
    endloop
  endfacet
  facet normal -1 0 0
    outer loop
      vertex 42.6 -46 -208
      vertex 42.6 53.4152 -195
      vertex 42.6 46 -208
    endloop
  endfacet
  facet normal -1 0 0
    outer loop
      vertex 42.6 -46 -208
      vertex 42.6 -53.4152 -195
      vertex 42.6 53.4152 -195
    endloop
  endfacet
  facet normal -1 0 0
    outer loop
      vertex 42.6 -46 -212
      vertex 42.6 -53.4152 -195
      vertex 42.6 -46 -208
    endloop
  endfacet
  facet normal 0.357034 -0.723836 0.590413
    outer loop
      vertex -46.6 42.7961 -267.6
      vertex -45.8961 43.1433 -267.6
      vertex -73.1 60.3942 -230
    endloop
  endfacet
  facet normal -0.896813 -0.442291 0.0103016
    outer loop
      vertex 41.3942 57.1 -230
      vertex 41.9149 56.8594 -195
      vertex 41.3942 57.9152 -195
    endloop
  endfacet
  facet normal -0.896829 -0.442257 0.0103021
    outer loop
      vertex 41.9149 56.8594 -195
      vertex 41.3942 57.1 -230
      vertex 41.9149 56.0441 -230
    endloop
  endfacet
  facet normal -0.398108 0.807109 0.435989
    outer loop
      vertex 38.1 -60.3942 -230
      vertex 32.6 -42.7961 -267.6
      vertex 31.8961 -43.1433 -267.6
    endloop
  endfacet
  facet normal -0.846136 -0.417258 0.331585
    outer loop
      vertex 41.9149 56.0441 -230
      vertex 41.3942 57.1 -230
      vertex 35.1433 39.8961 -267.6
    endloop
  endfacet
  facet normal -0.948809 -0.188743 0.253254
    outer loop
      vertex 42.523 53.7747 -230
      vertex 42.2933 54.9294 -230
      vertex 35.5487 38.3831 -267.6
    endloop
  endfacet
  facet normal -0.288477 -0.849802 0.441155
    outer loop
      vertex 37.0441 60.9149 -230
      vertex 35.9294 61.2933 -230
      vertex 31.8961 43.1433 -267.6
    endloop
  endfacet
  facet normal 0.574929 0.504281 0.644328
    outer loop
      vertex -47.8426 -41.8426 -267.6
      vertex -48.3601 -41.2526 -267.6
      vertex -75.7402 -58.0788 -230
    endloop
  endfacet
  facet normal -0.846088 -0.417335 0.331612
    outer loop
      vertex 35.1433 39.8961 -267.6
      vertex 41.3942 57.1 -230
      vertex 34.7961 40.6 -267.6
    endloop
  endfacet
  facet normal 0.632274 0.42242 0.649454
    outer loop
      vertex -48.3601 -41.2526 -267.6
      vertex -48.7961 -40.6 -267.6
      vertex -76.3942 -57.1 -230
    endloop
  endfacet
  facet normal -0.0588597 -0.897955 0.436133
    outer loop
      vertex 34.7747 61.523 -230
      vertex 33.6 61.6 -230
      vertex 30.3831 43.5487 -267.6
    endloop
  endfacet
  facet normal 0.437883 -0.655419 0.615373
    outer loop
      vertex -47.2526 42.3601 -267.6
      vertex -46.6 42.7961 -267.6
      vertex -73.1 60.3942 -230
    endloop
  endfacet
  facet normal -0.0588242 -0.897958 0.436132
    outer loop
      vertex 30.3831 43.5487 -267.6
      vertex 33.6 61.6 -230
      vertex 29.6 43.6 -267.6
    endloop
  endfacet
  facet normal -0.175087 -0.880162 0.441202
    outer loop
      vertex 35.9294 61.2933 -230
      vertex 34.7747 61.523 -230
      vertex 30.3831 43.5487 -267.6
    endloop
  endfacet
  facet normal 0.632255 -0.422451 0.649453
    outer loop
      vertex -48.3601 41.2526 -267.6
      vertex -75.7402 58.0788 -230
      vertex -76.3942 57.1 -230
    endloop
  endfacet
  facet normal 0.167255 -0.840789 0.514879
    outer loop
      vertex -44.3831 43.5487 -267.6
      vertex -69.7747 61.523 -230
      vertex -70.9294 61.2933 -230
    endloop
  endfacet
  facet normal 0.682527 -0.336658 0.648705
    outer loop
      vertex -49.1433 39.8961 -267.6
      vertex -48.7961 40.6 -267.6
      vertex -76.3942 57.1 -230
    endloop
  endfacet
  facet normal 0.437883 0.655419 0.615373
    outer loop
      vertex -46.6 -42.7961 -267.6
      vertex -47.2526 -42.3601 -267.6
      vertex -73.1 -60.3942 -230
    endloop
  endfacet
  facet normal 0.510406 0.581913 0.633137
    outer loop
      vertex -47.2526 -42.3601 -267.6
      vertex -47.8426 -41.8426 -267.6
      vertex -74.0788 -59.7402 -230
    endloop
  endfacet
  facet normal 0.574929 -0.504281 0.644328
    outer loop
      vertex -48.3601 41.2526 -267.6
      vertex -47.8426 41.8426 -267.6
      vertex -75.7402 58.0788 -230
    endloop
  endfacet
  facet normal -0.288385 -0.849831 0.441159
    outer loop
      vertex 31.8961 43.1433 -267.6
      vertex 35.9294 61.2933 -230
      vertex 31.1529 43.3955 -267.6
    endloop
  endfacet
  facet normal -0.904867 -0.307061 0.294839
    outer loop
      vertex 35.3955 39.1529 -267.6
      vertex 42.2933 54.9294 -230
      vertex 35.1433 39.8961 -267.6
    endloop
  endfacet
  facet normal -0.94691 -0.321412 0.00748707
    outer loop
      vertex 41.9149 56.0441 -230
      vertex 42.2933 55.7446 -195
      vertex 41.9149 56.8594 -195
    endloop
  endfacet
  facet normal -0.946901 -0.321438 0.00748676
    outer loop
      vertex 42.2933 55.7446 -195
      vertex 41.9149 56.0441 -230
      vertex 42.2933 54.9294 -230
    endloop
  endfacet
  facet normal -0.774752 -0.517609 0.363097
    outer loop
      vertex 34.7961 40.6 -267.6
      vertex 41.3942 57.1 -230
      vertex 34.3601 41.2526 -267.6
    endloop
  endfacet
  facet normal -0.774725 -0.517644 0.363106
    outer loop
      vertex 41.3942 57.1 -230
      vertex 40.7402 58.0788 -230
      vertex 34.3601 41.2526 -267.6
    endloop
  endfacet
  facet normal -0.983108 0 0.183025
    outer loop
      vertex 35.6 -37.6 -267.6
      vertex 42.6 52.6 -230
      vertex 35.6 37.6 -267.6
    endloop
  endfacet
  facet normal -0.983108 0 0.183025
    outer loop
      vertex 42.6 52.6 -230
      vertex 35.6 -37.6 -267.6
      vertex 42.6 -52.6 -230
    endloop
  endfacet
  facet normal 0.167321 0.840756 0.514911
    outer loop
      vertex -44.3831 -43.5487 -267.6
      vertex -45.1529 -43.3955 -267.6
      vertex -70.9294 -61.2933 -230
    endloop
  endfacet
  facet normal 0.167255 0.840789 0.514879
    outer loop
      vertex -69.7747 -61.523 -230
      vertex -44.3831 -43.5487 -267.6
      vertex -70.9294 -61.2933 -230
    endloop
  endfacet
  facet normal -0.502715 -0.752382 0.425675
    outer loop
      vertex 39.0788 59.7402 -230
      vertex 38.1 60.3942 -230
      vertex 33.2526 42.3601 -267.6
    endloop
  endfacet
  facet normal -0.601399 -0.685653 0.410122
    outer loop
      vertex 33.8426 41.8426 -267.6
      vertex 39.0788 59.7402 -230
      vertex 33.2526 42.3601 -267.6
    endloop
  endfacet
  facet normal -0.17516 0.880146 0.441205
    outer loop
      vertex 35.9294 -61.2933 -230
      vertex 31.1529 -43.3955 -267.6
      vertex 30.3831 -43.5487 -267.6
    endloop
  endfacet
  facet normal -0.288385 0.849831 0.441159
    outer loop
      vertex 35.9294 -61.2933 -230
      vertex 31.8961 -43.1433 -267.6
      vertex 31.1529 -43.3955 -267.6
    endloop
  endfacet
  facet normal -0.601399 0.685653 0.410122
    outer loop
      vertex 39.0788 -59.7402 -230
      vertex 33.8426 -41.8426 -267.6
      vertex 33.2526 -42.3601 -267.6
    endloop
  endfacet
  facet normal -0.601293 0.685732 0.410145
    outer loop
      vertex 39.0788 -59.7402 -230
      vertex 39.964 -58.964 -230
      vertex 33.8426 -41.8426 -267.6
    endloop
  endfacet
  facet normal 0.0579687 -0.884898 0.462164
    outer loop
      vertex -44.3831 43.5487 -267.6
      vertex -43.6 43.6 -267.6
      vertex -68.6 61.6 -230
    endloop
  endfacet
  facet normal -0.0653906 0.997589 0.0232362
    outer loop
      vertex 34.7747 -61.523 -230
      vertex 33.6 -62.0542 -210.5
      vertex 34.7747 -61.9772 -210.5
    endloop
  endfacet
  facet normal -0.0653906 0.997589 0.0232362
    outer loop
      vertex 33.6 -62.0542 -210.5
      vertex 34.7747 -61.523 -230
      vertex 33.6 -61.6 -230
    endloop
  endfacet
  facet normal -0.0653906 0.997589 0.0232348
    outer loop
      vertex 34.7747 -62.2101 -200.5
      vertex 33.6 -62.4152 -195
      vertex 34.7747 -62.3382 -195
    endloop
  endfacet
  facet normal -0.0653906 0.997589 0.0232348
    outer loop
      vertex 33.6 -62.4152 -195
      vertex 34.7747 -62.2101 -200.5
      vertex 33.6 -62.2871 -200.5
    endloop
  endfacet
  facet normal -0.692476 0.607384 0.389309
    outer loop
      vertex 40.7402 -58.0788 -230
      vertex 34.3601 -41.2526 -267.6
      vertex 33.8426 -41.8426 -267.6
    endloop
  endfacet
  facet normal 0.167321 -0.840756 0.514911
    outer loop
      vertex -45.1529 43.3955 -267.6
      vertex -44.3831 43.5487 -267.6
      vertex -70.9294 61.2933 -230
    endloop
  endfacet
  facet normal 0.726007 -0.246366 0.642042
    outer loop
      vertex -49.3955 39.1529 -267.6
      vertex -49.1433 39.8961 -267.6
      vertex -77.2933 54.9294 -230
    endloop
  endfacet
  facet normal 0.266834 -0.786324 0.557221
    outer loop
      vertex -45.8961 43.1433 -267.6
      vertex -45.1529 43.3955 -267.6
      vertex -70.9294 61.2933 -230
    endloop
  endfacet
  facet normal 0.266912 0.786276 0.55725
    outer loop
      vertex -70.9294 -61.2933 -230
      vertex -45.8961 -43.1433 -267.6
      vertex -72.0441 -60.9149 -230
    endloop
  endfacet
  facet normal -0.659197 0.751766 0.0175097
    outer loop
      vertex 39.964 -58.964 -230
      vertex 39.0788 -60.5554 -195
      vertex 39.964 -59.7792 -195
    endloop
  endfacet
  facet normal -0.659197 0.751766 0.0175097
    outer loop
      vertex 39.0788 -60.5554 -195
      vertex 39.964 -58.964 -230
      vertex 39.0788 -59.7402 -230
    endloop
  endfacet
  facet normal -0.321369 0.946697 0.0220526
    outer loop
      vertex 37.0441 -60.9149 -230
      vertex 35.9294 -62.1086 -195
      vertex 37.0441 -61.7302 -195
    endloop
  endfacet
  facet normal -0.321369 0.946697 0.0220526
    outer loop
      vertex 35.9294 -62.1086 -195
      vertex 37.0441 -60.9149 -230
      vertex 35.9294 -61.2933 -230
    endloop
  endfacet
  facet normal -0.751793 0.65922 0.0153561
    outer loop
      vertex 39.964 -58.964 -230
      vertex 40.7402 -58.8941 -195
      vertex 40.7402 -58.0788 -230
    endloop
  endfacet
  facet normal -0.751756 0.659262 0.0153552
    outer loop
      vertex 40.7402 -58.8941 -195
      vertex 39.964 -58.964 -230
      vertex 39.964 -59.7792 -195
    endloop
  endfacet
  facet normal -0.896829 0.442257 0.0103021
    outer loop
      vertex 41.3942 -57.1 -230
      vertex 41.9149 -56.8594 -195
      vertex 41.9149 -56.0441 -230
    endloop
  endfacet
  facet normal -0.896813 0.442291 0.0103016
    outer loop
      vertex 41.9149 -56.8594 -195
      vertex 41.3942 -57.1 -230
      vertex 41.3942 -57.9152 -195
    endloop
  endfacet
  facet normal 0 0 1
    outer loop
      vertex 29.6 43.6 -267.6
      vertex 35.6 37.6 -267.6
      vertex 35.5487 38.3831 -267.6
    endloop
  endfacet
  facet normal 0 0 1
    outer loop
      vertex -49.6 37.6 -267.6
      vertex 35.6 37.6 -267.6
      vertex 29.6 43.6 -267.6
    endloop
  endfacet
  facet normal 0 0 1
    outer loop
      vertex 29.6 43.6 -267.6
      vertex 35.5487 38.3831 -267.6
      vertex 35.3955 39.1529 -267.6
    endloop
  endfacet
  facet normal 0 0 1
    outer loop
      vertex 35.6 37.6 -267.6
      vertex -49.6 37.6 -267.6
      vertex 35.6 -37.6 -267.6
    endloop
  endfacet
  facet normal 0 0 1
    outer loop
      vertex 29.6 43.6 -267.6
      vertex 35.3955 39.1529 -267.6
      vertex 35.1433 39.8961 -267.6
    endloop
  endfacet
  facet normal 0 0 1
    outer loop
      vertex 35.6 -37.6 -267.6
      vertex 29.6 -43.6 -267.6
      vertex 35.5487 -38.3831 -267.6
    endloop
  endfacet
  facet normal 0 0 1
    outer loop
      vertex 29.6 43.6 -267.6
      vertex 35.1433 39.8961 -267.6
      vertex 34.7961 40.6 -267.6
    endloop
  endfacet
  facet normal 0 0 1
    outer loop
      vertex 35.5487 -38.3831 -267.6
      vertex 29.6 -43.6 -267.6
      vertex 35.3955 -39.1529 -267.6
    endloop
  endfacet
  facet normal 0 0 1
    outer loop
      vertex 29.6 43.6 -267.6
      vertex 34.7961 40.6 -267.6
      vertex 34.3601 41.2526 -267.6
    endloop
  endfacet
  facet normal 0 0 1
    outer loop
      vertex 35.3955 -39.1529 -267.6
      vertex 29.6 -43.6 -267.6
      vertex 35.1433 -39.8961 -267.6
    endloop
  endfacet
  facet normal 0 0 1
    outer loop
      vertex 29.6 43.6 -267.6
      vertex 34.3601 41.2526 -267.6
      vertex 33.8426 41.8426 -267.6
    endloop
  endfacet
  facet normal 0 0 1
    outer loop
      vertex 35.1433 -39.8961 -267.6
      vertex 29.6 -43.6 -267.6
      vertex 34.7961 -40.6 -267.6
    endloop
  endfacet
  facet normal 0 0 1
    outer loop
      vertex 29.6 43.6 -267.6
      vertex 33.8426 41.8426 -267.6
      vertex 33.2526 42.3601 -267.6
    endloop
  endfacet
  facet normal 0 0 1
    outer loop
      vertex 34.7961 -40.6 -267.6
      vertex 29.6 -43.6 -267.6
      vertex 34.3601 -41.2526 -267.6
    endloop
  endfacet
  facet normal 0 0 1
    outer loop
      vertex 29.6 43.6 -267.6
      vertex 33.2526 42.3601 -267.6
      vertex 32.6 42.7961 -267.6
    endloop
  endfacet
  facet normal 0 0 1
    outer loop
      vertex 34.3601 -41.2526 -267.6
      vertex 29.6 -43.6 -267.6
      vertex 33.8426 -41.8426 -267.6
    endloop
  endfacet
  facet normal 0 0 1
    outer loop
      vertex 29.6 43.6 -267.6
      vertex 32.6 42.7961 -267.6
      vertex 31.8961 43.1433 -267.6
    endloop
  endfacet
  facet normal 0 0 1
    outer loop
      vertex 33.8426 -41.8426 -267.6
      vertex 29.6 -43.6 -267.6
      vertex 33.2526 -42.3601 -267.6
    endloop
  endfacet
  facet normal 0 0 1
    outer loop
      vertex 29.6 43.6 -267.6
      vertex 31.8961 43.1433 -267.6
      vertex 31.1529 43.3955 -267.6
    endloop
  endfacet
  facet normal 0 0 1
    outer loop
      vertex 33.2526 -42.3601 -267.6
      vertex 29.6 -43.6 -267.6
      vertex 32.6 -42.7961 -267.6
    endloop
  endfacet
  facet normal 0 0 1
    outer loop
      vertex 29.6 43.6 -267.6
      vertex 31.1529 43.3955 -267.6
      vertex 30.3831 43.5487 -267.6
    endloop
  endfacet
  facet normal 0 0 1
    outer loop
      vertex 32.6 -42.7961 -267.6
      vertex 29.6 -43.6 -267.6
      vertex 31.8961 -43.1433 -267.6
    endloop
  endfacet
  facet normal 0 0 1
    outer loop
      vertex 31.8961 -43.1433 -267.6
      vertex 29.6 -43.6 -267.6
      vertex 31.1529 -43.3955 -267.6
    endloop
  endfacet
  facet normal 0 0 1
    outer loop
      vertex 31.1529 -43.3955 -267.6
      vertex 29.6 -43.6 -267.6
      vertex 30.3831 -43.5487 -267.6
    endloop
  endfacet
  facet normal 0 0 1
    outer loop
      vertex -49.6 37.6 -267.6
      vertex 29.6 43.6 -267.6
      vertex -43.6 43.6 -267.6
    endloop
  endfacet
  facet normal 0 0 1
    outer loop
      vertex -49.6 -37.6 -267.6
      vertex 35.6 -37.6 -267.6
      vertex -49.6 37.6 -267.6
    endloop
  endfacet
  facet normal 0 0 1
    outer loop
      vertex -49.6 37.6 -267.6
      vertex -43.6 43.6 -267.6
      vertex -44.3831 43.5487 -267.6
    endloop
  endfacet
  facet normal 0 0 1
    outer loop
      vertex 35.6 -37.6 -267.6
      vertex -49.6 -37.6 -267.6
      vertex 29.6 -43.6 -267.6
    endloop
  endfacet
  facet normal 0 0 1
    outer loop
      vertex -49.6 37.6 -267.6
      vertex -44.3831 43.5487 -267.6
      vertex -45.1529 43.3955 -267.6
    endloop
  endfacet
  facet normal 0 0 1
    outer loop
      vertex 29.6 -43.6 -267.6
      vertex -49.6 -37.6 -267.6
      vertex -43.6 -43.6 -267.6
    endloop
  endfacet
  facet normal 0 0 1
    outer loop
      vertex -49.6 37.6 -267.6
      vertex -45.1529 43.3955 -267.6
      vertex -45.8961 43.1433 -267.6
    endloop
  endfacet
  facet normal 0 0 1
    outer loop
      vertex -43.6 -43.6 -267.6
      vertex -49.6 -37.6 -267.6
      vertex -44.3831 -43.5487 -267.6
    endloop
  endfacet
  facet normal 0 0 1
    outer loop
      vertex -49.6 37.6 -267.6
      vertex -45.8961 43.1433 -267.6
      vertex -46.6 42.7961 -267.6
    endloop
  endfacet
  facet normal 0 0 1
    outer loop
      vertex -44.3831 -43.5487 -267.6
      vertex -49.6 -37.6 -267.6
      vertex -45.1529 -43.3955 -267.6
    endloop
  endfacet
  facet normal 0 0 1
    outer loop
      vertex -49.6 37.6 -267.6
      vertex -46.6 42.7961 -267.6
      vertex -47.2526 42.3601 -267.6
    endloop
  endfacet
  facet normal 0 0 1
    outer loop
      vertex -45.1529 -43.3955 -267.6
      vertex -49.6 -37.6 -267.6
      vertex -45.8961 -43.1433 -267.6
    endloop
  endfacet
  facet normal 0 0 1
    outer loop
      vertex -49.6 37.6 -267.6
      vertex -47.2526 42.3601 -267.6
      vertex -47.8426 41.8426 -267.6
    endloop
  endfacet
  facet normal 0 0 1
    outer loop
      vertex -45.8961 -43.1433 -267.6
      vertex -49.6 -37.6 -267.6
      vertex -46.6 -42.7961 -267.6
    endloop
  endfacet
  facet normal 0 0 1
    outer loop
      vertex -49.6 37.6 -267.6
      vertex -47.8426 41.8426 -267.6
      vertex -48.3601 41.2526 -267.6
    endloop
  endfacet
  facet normal 0 0 1
    outer loop
      vertex -46.6 -42.7961 -267.6
      vertex -49.6 -37.6 -267.6
      vertex -47.2526 -42.3601 -267.6
    endloop
  endfacet
  facet normal 0 0 1
    outer loop
      vertex -49.6 37.6 -267.6
      vertex -48.3601 41.2526 -267.6
      vertex -48.7961 40.6 -267.6
    endloop
  endfacet
  facet normal 0 0 1
    outer loop
      vertex -47.2526 -42.3601 -267.6
      vertex -49.6 -37.6 -267.6
      vertex -47.8426 -41.8426 -267.6
    endloop
  endfacet
  facet normal 0 0 1
    outer loop
      vertex -49.6 37.6 -267.6
      vertex -48.7961 40.6 -267.6
      vertex -49.1433 39.8961 -267.6
    endloop
  endfacet
  facet normal 0 0 1
    outer loop
      vertex -47.8426 -41.8426 -267.6
      vertex -49.6 -37.6 -267.6
      vertex -48.3601 -41.2526 -267.6
    endloop
  endfacet
  facet normal 0 0 1
    outer loop
      vertex -49.6 37.6 -267.6
      vertex -49.1433 39.8961 -267.6
      vertex -49.3955 39.1529 -267.6
    endloop
  endfacet
  facet normal 0 0 1
    outer loop
      vertex -48.3601 -41.2526 -267.6
      vertex -49.6 -37.6 -267.6
      vertex -48.7961 -40.6 -267.6
    endloop
  endfacet
  facet normal 0 0 1
    outer loop
      vertex -49.6 37.6 -267.6
      vertex -49.3955 39.1529 -267.6
      vertex -49.5487 38.3831 -267.6
    endloop
  endfacet
  facet normal 0 0 1
    outer loop
      vertex -48.7961 -40.6 -267.6
      vertex -49.6 -37.6 -267.6
      vertex -49.1433 -39.8961 -267.6
    endloop
  endfacet
  facet normal 0 0 1
    outer loop
      vertex -49.1433 -39.8961 -267.6
      vertex -49.6 -37.6 -267.6
      vertex -49.3955 -39.1529 -267.6
    endloop
  endfacet
  facet normal 0 0 1
    outer loop
      vertex -49.3955 -39.1529 -267.6
      vertex -49.6 -37.6 -267.6
      vertex -49.5487 -38.3831 -267.6
    endloop
  endfacet
  facet normal 0.762271 -0.151702 0.629229
    outer loop
      vertex -49.5487 38.3831 -267.6
      vertex -49.3955 39.1529 -267.6
      vertex -77.2933 54.9294 -230
    endloop
  endfacet
  facet normal 0.320992 0.945588 0.0531796
    outer loop
      vertex -72.0441 -60.9149 -230
      vertex -74.3262 -62.1086 -195
      vertex -70.9294 -61.2933 -230
    endloop
  endfacet
  facet normal 0.320967 0.945596 0.0531782
    outer loop
      vertex -74.3262 -62.1086 -195
      vertex -72.0441 -60.9149 -230
      vertex -75.441 -61.7302 -195
    endloop
  endfacet
  facet normal 0 0 -1
    outer loop
      vertex 42.6 -46 -208
      vertex 45 46 -208
      vertex 45 -46 -208
    endloop
  endfacet
  facet normal -0 0 -1
    outer loop
      vertex 45 46 -208
      vertex 42.6 -46 -208
      vertex 42.6 46 -208
    endloop
  endfacet
  facet normal -0 0 1
    outer loop
      vertex 42.6 46 -212
      vertex 45 -46 -212
      vertex 45 46 -212
    endloop
  endfacet
  facet normal 0 0 1
    outer loop
      vertex 45 -46 -212
      vertex 42.6 46 -212
      vertex 42.6 -46 -212
    endloop
  endfacet
  facet normal 0 -1 0
    outer loop
      vertex 42.6 46 -212
      vertex 45 46 -208
      vertex 42.6 46 -208
    endloop
  endfacet
  facet normal 0 -1 -0
    outer loop
      vertex 45 46 -208
      vertex 42.6 46 -212
      vertex 45 46 -212
    endloop
  endfacet
  facet normal 0 1 -0
    outer loop
      vertex 45 -46 -212
      vertex 42.6 -46 -208
      vertex 45 -46 -208
    endloop
  endfacet
  facet normal 0 1 0
    outer loop
      vertex 42.6 -46 -208
      vertex 45 -46 -212
      vertex 42.6 -46 -212
    endloop
  endfacet
  facet normal -0.744053 0.252556 -0.618546
    outer loop
      vertex -51.5433 42.2961 -270
      vertex -79.6933 57.3294 -230
      vertex -79.3149 58.4442 -230
    endloop
  endfacet
  facet normal -0.699905 0.34518 -0.625287
    outer loop
      vertex -51.5433 42.2961 -270
      vertex -79.3149 58.4442 -230
      vertex -78.7942 59.5 -230
    endloop
  endfacet
  facet normal -0.0653802 -0.99743 -0.0293046
    outer loop
      vertex -72.1747 -63.923 -230
      vertex -74.3655 -64.8077 -195
      vertex -75.5402 -64.7307 -195
    endloop
  endfacet
  facet normal -0.0653802 -0.99743 -0.0293046
    outer loop
      vertex -74.3655 -64.8077 -195
      vertex -72.1747 -63.923 -230
      vertex -71 -64 -230
    endloop
  endfacet
  facet normal 0.321421 -0.946684 -0.0218495
    outer loop
      vertex 38.3294 -63.6933 -230
      vertex 39.4442 -64.1226 -195
      vertex 38.3294 -64.5011 -195
    endloop
  endfacet
  facet normal 0.321345 -0.94671 -0.0218474
    outer loop
      vertex 39.4442 -64.1226 -195
      vertex 38.3294 -63.6933 -230
      vertex 39.4442 -63.3149 -230
    endloop
  endfacet
  facet normal -0.808634 -0.0530049 -0.58592
    outer loop
      vertex -79.923 -56.1747 -230
      vertex -80 -55 -230
      vertex -51.9487 -40.7832 -270
    endloop
  endfacet
  facet normal -0.321051 -0.945595 -0.052693
    outer loop
      vertex -74.4442 -63.3149 -230
      vertex -76.6949 -64.5011 -195
      vertex -77.8097 -64.1226 -195
    endloop
  endfacet
  facet normal -0.320975 -0.945621 -0.052689
    outer loop
      vertex -76.6949 -64.5011 -195
      vertex -74.4442 -63.3149 -230
      vertex -73.3294 -63.6933 -230
    endloop
  endfacet
  facet normal 0.321421 0.946684 -0.0218468
    outer loop
      vertex 39.4442 63.3149 -230
      vertex 38.3294 64.5011 -195
      vertex 39.4442 64.1226 -195
    endloop
  endfacet
  facet normal 0.321345 0.94671 -0.0218501
    outer loop
      vertex 38.3294 64.5011 -195
      vertex 39.4442 63.3149 -230
      vertex 38.3294 63.6933 -230
    endloop
  endfacet
  facet normal 0.90948 0.308626 -0.278561
    outer loop
      vertex 37.7955 41.5529 -270
      vertex 37.5433 42.2961 -270
      vertex 44.6933 57.3294 -230
    endloop
  endfacet
  facet normal 0.0594789 -0.908068 -0.414578
    outer loop
      vertex 36 -64 -230
      vertex 32 -46 -270
      vertex 32.7832 -45.9487 -270
    endloop
  endfacet
  facet normal 0.94691 0.321413 -0.00741729
    outer loop
      vertex 44.6933 58.1371 -195
      vertex 44.3149 58.4442 -230
      vertex 44.3149 59.2519 -195
    endloop
  endfacet
  facet normal 0.94691 0.321413 -0.00741729
    outer loop
      vertex 44.3149 58.4442 -230
      vertex 44.6933 58.1371 -195
      vertex 44.6933 57.3294 -230
    endloop
  endfacet
  facet normal 0 -0.999734 -0.023071
    outer loop
      vertex -71 -64 -230
      vertex 36 -64.8077 -195
      vertex -74.3655 -64.8077 -195
    endloop
  endfacet
  facet normal 0 -0.999734 -0.023071
    outer loop
      vertex 36 -64.8077 -195
      vertex -71 -64 -230
      vertex 36 -64 -230
    endloop
  endfacet
  facet normal -0.44793 0.670303 -0.591653
    outer loop
      vertex -49.6526 44.7601 -270
      vertex -75.5 62.7942 -230
      vertex -49 45.1962 -270
    endloop
  endfacet
  facet normal 0.831433 -0.555478 -0.0128188
    outer loop
      vertex 43.7942 -60.3077 -195
      vertex 43.1402 -60.4789 -230
      vertex 43.7942 -59.5 -230
    endloop
  endfacet
  facet normal 0.831433 -0.555478 -0.0128188
    outer loop
      vertex 43.1402 -60.4789 -230
      vertex 43.7942 -60.3077 -195
      vertex 43.1402 -61.2866 -195
    endloop
  endfacet
  facet normal 0.402492 -0.816233 -0.414444
    outer loop
      vertex 40.5 -62.7942 -230
      vertex 34.2961 -45.5433 -270
      vertex 35 -45.1962 -270
    endloop
  endfacet
  facet normal -0.819232 0 -0.573462
    outer loop
      vertex -52 -40 -270
      vertex -80 55 -230
      vertex -52 40 -270
    endloop
  endfacet
  facet normal -0.819232 -0 -0.573462
    outer loop
      vertex -80 55 -230
      vertex -52 -40 -270
      vertex -80 -55 -230
    endloop
  endfacet
  facet normal 0.402539 -0.816211 -0.414442
    outer loop
      vertex 39.4442 -63.3149 -230
      vertex 34.2961 -45.5433 -270
      vertex 40.5 -62.7942 -230
    endloop
  endfacet
  facet normal -0.993153 0.0650943 -0.0970012
    outer loop
      vertex -79.923 56.1747 -230
      vertex -83.3655 55.8077 -195
      vertex -83.2885 56.9825 -195
    endloop
  endfacet
  facet normal -0.993153 0.0650998 -0.0970011
    outer loop
      vertex -83.3655 55.8077 -195
      vertex -79.923 56.1747 -230
      vertex -80 55 -230
    endloop
  endfacet
  facet normal -0.942378 -0.319874 -0.0979982
    outer loop
      vertex -79.3149 -58.4442 -230
      vertex -83.0588 -58.1371 -195
      vertex -79.6933 -57.3294 -230
    endloop
  endfacet
  facet normal -0.942378 -0.319874 -0.0979982
    outer loop
      vertex -83.0588 -58.1371 -195
      vertex -79.3149 -58.4442 -230
      vertex -82.6804 -59.2519 -195
    endloop
  endfacet
  facet normal 0.177105 -0.890306 -0.41951
    outer loop
      vertex 37.1747 -63.923 -230
      vertex 32.7832 -45.9487 -270
      vertex 38.3294 -63.6933 -230
    endloop
  endfacet
  facet normal -0.27185 -0.800895 -0.533539
    outer loop
      vertex -73.3294 -63.6933 -230
      vertex -74.4442 -63.3149 -230
      vertex -48.2961 -45.5433 -270
    endloop
  endfacet
  facet normal 0.0595224 -0.908064 -0.41458
    outer loop
      vertex 36 -64 -230
      vertex 32.7832 -45.9487 -270
      vertex 37.1747 -63.923 -230
    endloop
  endfacet
  facet normal 0.98503 0 -0.17238
    outer loop
      vertex 45 55 -230
      vertex 38 -40 -270
      vertex 38 40 -270
    endloop
  endfacet
  facet normal 0.98503 0 -0.17238
    outer loop
      vertex 38 -40 -270
      vertex 45 55 -230
      vertex 45 -55 -230
    endloop
  endfacet
  facet normal -0.648347 0.433258 -0.626046
    outer loop
      vertex -51.1962 43 -270
      vertex -78.7942 59.5 -230
      vertex -50.7601 43.6526 -270
    endloop
  endfacet
  facet normal 0 -0.911922 -0.410365
    outer loop
      vertex -46 -46 -270
      vertex 36 -64 -230
      vertex -71 -64 -230
    endloop
  endfacet
  facet normal 0 -0.911922 -0.410365
    outer loop
      vertex 36 -64 -230
      vertex -46 -46 -270
      vertex 32 -46 -270
    endloop
  endfacet
  facet normal -0.808642 0.0529665 -0.585912
    outer loop
      vertex -52 40 -270
      vertex -80 55 -230
      vertex -51.9487 40.7832 -270
    endloop
  endfacet
  facet normal -0.169897 -0.854069 -0.491631
    outer loop
      vertex -72.1747 -63.923 -230
      vertex -73.3294 -63.6933 -230
      vertex -46.7832 -45.9487 -270
    endloop
  endfacet
  facet normal -0.744053 -0.252556 -0.618546
    outer loop
      vertex -79.3149 -58.4442 -230
      vertex -79.6933 -57.3294 -230
      vertex -51.5433 -42.2961 -270
    endloop
  endfacet
  facet normal -0.0586956 -0.89611 -0.439934
    outer loop
      vertex -46 -46 -270
      vertex -71 -64 -230
      vertex -46.7832 -45.9487 -270
    endloop
  endfacet
  facet normal 0.851613 0.419939 -0.313698
    outer loop
      vertex 37.5433 42.2961 -270
      vertex 37.1962 43 -270
      vertex 43.7942 59.5 -230
    endloop
  endfacet
  facet normal 0.607309 -0.692514 -0.38936
    outer loop
      vertex 41.4789 -62.1402 -230
      vertex 36.2426 -44.2426 -270
      vertex 42.364 -61.364 -230
    endloop
  endfacet
  facet normal -0.169985 -0.854029 -0.491671
    outer loop
      vertex -46.7832 -45.9487 -270
      vertex -73.3294 -63.6933 -230
      vertex -47.5529 -45.7955 -270
    endloop
  endfacet
  facet normal 0.978646 -0.0641018 -0.195301
    outer loop
      vertex 45 -55 -230
      vertex 37.9487 -40.7832 -270
      vertex 38 -40 -270
    endloop
  endfacet
  facet normal 0.177105 0.890306 -0.41951
    outer loop
      vertex 38.3294 63.6933 -230
      vertex 32.7832 45.9487 -270
      vertex 37.1747 63.923 -230
    endloop
  endfacet
  facet normal -0.808634 0.0530049 -0.58592
    outer loop
      vertex -51.9487 40.7832 -270
      vertex -80 55 -230
      vertex -79.923 56.1747 -230
    endloop
  endfacet
  facet normal 0.751758 0.659264 -0.0152139
    outer loop
      vertex 43.1402 61.2866 -195
      vertex 42.364 61.364 -230
      vertex 42.364 62.1717 -195
    endloop
  endfacet
  facet normal 0.751758 0.659264 -0.0152139
    outer loop
      vertex 42.364 61.364 -230
      vertex 43.1402 61.2866 -195
      vertex 43.1402 60.4789 -230
    endloop
  endfacet
  facet normal 0 0.999734 -0.023071
    outer loop
      vertex -71 64 -230
      vertex 36 64.8077 -195
      vertex 36 64 -230
    endloop
  endfacet
  facet normal 0 0.999734 -0.023071
    outer loop
      vertex 36 64.8077 -195
      vertex -71 64 -230
      vertex -74.3655 64.8077 -195
    endloop
  endfacet
  facet normal 0.0594789 0.908068 -0.414578
    outer loop
      vertex 32.7832 45.9487 -270
      vertex 32 46 -270
      vertex 36 64 -230
    endloop
  endfacet
  facet normal -0.748982 -0.65683 -0.0871778
    outer loop
      vertex -77.364 -61.364 -230
      vertex -81.5057 -61.2866 -195
      vertex -78.1402 -60.4789 -230
    endloop
  endfacet
  facet normal -0.748982 -0.65683 -0.0871778
    outer loop
      vertex -81.5057 -61.2866 -195
      vertex -77.364 -61.364 -230
      vertex -80.7295 -62.1717 -195
    endloop
  endfacet
  facet normal 0.997857 -0.0654082 -0.00150943
    outer loop
      vertex 45 -55.8077 -195
      vertex 44.923 -56.1747 -230
      vertex 45 -55 -230
    endloop
  endfacet
  facet normal 0.997858 -0.0654027 -0.00150949
    outer loop
      vertex 44.923 -56.1747 -230
      vertex 45 -55.8077 -195
      vertex 44.923 -56.9825 -195
    endloop
  endfacet
  facet normal 0.607374 -0.692464 -0.389346
    outer loop
      vertex 41.4789 -62.1402 -230
      vertex 35.6526 -44.7601 -270
      vertex 36.2426 -44.2426 -270
    endloop
  endfacet
  facet normal 0.442151 -0.896702 -0.0206933
    outer loop
      vertex 39.4442 -63.3149 -230
      vertex 40.5 -63.602 -195
      vertex 39.4442 -64.1226 -195
    endloop
  endfacet
  facet normal 0.442219 -0.896668 -0.0206951
    outer loop
      vertex 40.5 -63.602 -195
      vertex 39.4442 -63.3149 -230
      vertex 40.5 -62.7942 -230
    endloop
  endfacet
  facet normal 0 0.911922 -0.410365
    outer loop
      vertex -46 46 -270
      vertex 36 64 -230
      vertex 32 46 -270
    endloop
  endfacet
  facet normal 0 0.911922 -0.410365
    outer loop
      vertex 36 64 -230
      vertex -46 46 -270
      vertex -71 64 -230
    endloop
  endfacet
  facet normal 0.177201 0.890285 -0.419514
    outer loop
      vertex 33.5529 45.7955 -270
      vertex 32.7832 45.9487 -270
      vertex 38.3294 63.6933 -230
    endloop
  endfacet
  facet normal -0.808642 -0.0529665 -0.585912
    outer loop
      vertex -51.9487 -40.7832 -270
      vertex -80 -55 -230
      vertex -52 -40 -270
    endloop
  endfacet
  facet normal 0.698724 -0.612755 -0.36921
    outer loop
      vertex 42.364 -61.364 -230
      vertex 36.2426 -44.2426 -270
      vertex 43.1402 -60.4789 -230
    endloop
  endfacet
  facet normal -0.194855 -0.97996 -0.0413542
    outer loop
      vertex -73.3294 -63.6933 -230
      vertex -75.5402 -64.7307 -195
      vertex -76.6949 -64.5011 -195
    endloop
  endfacet
  facet normal -0.194936 -0.979943 -0.0413588
    outer loop
      vertex -75.5402 -64.7307 -195
      vertex -73.3294 -63.6933 -230
      vertex -72.1747 -63.923 -230
    endloop
  endfacet
  facet normal -0.780489 0.15526 -0.605583
    outer loop
      vertex -51.9487 40.7832 -270
      vertex -79.923 56.1747 -230
      vertex -79.6933 57.3294 -230
    endloop
  endfacet
  facet normal -0.589386 0.51687 -0.620862
    outer loop
      vertex -50.2426 44.2426 -270
      vertex -78.1402 60.4789 -230
      vertex -77.364 61.364 -230
    endloop
  endfacet
  facet normal -0.058738 -0.896097 -0.439954
    outer loop
      vertex -71 -64 -230
      vertex -72.1747 -63.923 -230
      vertex -46.7832 -45.9487 -270
    endloop
  endfacet
  facet normal 0.698724 0.612755 -0.36921
    outer loop
      vertex 43.1402 60.4789 -230
      vertex 36.2426 44.2426 -270
      vertex 42.364 61.364 -230
    endloop
  endfacet
  facet normal -0.447865 -0.67036 -0.591637
    outer loop
      vertex -75.5 -62.7942 -230
      vertex -76.4789 -62.1402 -230
      vertex -49.6526 -44.7601 -270
    endloop
  endfacet
  facet normal -0.058738 0.896097 -0.439954
    outer loop
      vertex -46.7832 45.9487 -270
      vertex -72.1747 63.923 -230
      vertex -71 64 -230
    endloop
  endfacet
  facet normal -0.522748 -0.595983 -0.609541
    outer loop
      vertex -49.6526 -44.7601 -270
      vertex -76.4789 -62.1402 -230
      vertex -50.2426 -44.2426 -270
    endloop
  endfacet
  facet normal 0.607309 0.692514 -0.38936
    outer loop
      vertex 42.364 61.364 -230
      vertex 36.2426 44.2426 -270
      vertex 41.4789 62.1402 -230
    endloop
  endfacet
  facet normal -0.169985 0.854029 -0.491671
    outer loop
      vertex -47.5529 45.7955 -270
      vertex -73.3294 63.6933 -230
      vertex -46.7832 45.9487 -270
    endloop
  endfacet
  facet normal -0.522748 0.595983 -0.609541
    outer loop
      vertex -50.2426 44.2426 -270
      vertex -76.4789 62.1402 -230
      vertex -49.6526 44.7601 -270
    endloop
  endfacet
  facet normal -0.657201 -0.749405 -0.0804887
    outer loop
      vertex -77.364 -61.364 -230
      vertex -79.8444 -62.9479 -195
      vertex -80.7295 -62.1717 -195
    endloop
  endfacet
  facet normal -0.657201 -0.749405 -0.0804887
    outer loop
      vertex -79.8444 -62.9479 -195
      vertex -77.364 -61.364 -230
      vertex -76.4789 -62.1402 -230
    endloop
  endfacet
  facet normal 0.442151 0.896702 -0.0206959
    outer loop
      vertex 40.5 62.7942 -230
      vertex 39.4442 64.1226 -195
      vertex 40.5 63.602 -195
    endloop
  endfacet
  facet normal 0.442219 0.896668 -0.0206925
    outer loop
      vertex 39.4442 64.1226 -195
      vertex 40.5 62.7942 -230
      vertex 39.4442 63.3149 -230
    endloop
  endfacet
  facet normal 0.55548 0.831309 -0.0191842
    outer loop
      vertex 41.4789 62.1402 -230
      vertex 40.5 63.602 -195
      vertex 41.4789 62.9479 -195
    endloop
  endfacet
  facet normal 0.555421 0.831348 -0.0191875
    outer loop
      vertex 40.5 63.602 -195
      vertex 41.4789 62.1402 -230
      vertex 40.5 62.7942 -230
    endloop
  endfacet
  facet normal 0.194972 0.980548 -0.022631
    outer loop
      vertex 38.3294 63.6933 -230
      vertex 37.1747 64.7307 -195
      vertex 38.3294 64.5011 -195
    endloop
  endfacet
  facet normal 0.195053 0.980532 -0.0226279
    outer loop
      vertex 37.1747 64.7307 -195
      vertex 38.3294 63.6933 -230
      vertex 37.1747 63.923 -230
    endloop
  endfacet
  facet normal 0.0653909 0.997594 -0.0230216
    outer loop
      vertex 37.1747 63.923 -230
      vertex 36 64.8077 -195
      vertex 37.1747 64.7307 -195
    endloop
  endfacet
  facet normal 0.0653909 0.997594 -0.0230216
    outer loop
      vertex 36 64.8077 -195
      vertex 37.1747 63.923 -230
      vertex 36 64 -230
    endloop
  endfacet
  facet normal 0.659241 -0.751732 -0.0173478
    outer loop
      vertex 41.4789 -62.1402 -230
      vertex 42.364 -62.1717 -195
      vertex 41.4789 -62.9479 -195
    endloop
  endfacet
  facet normal 0.659241 -0.751732 -0.0173478
    outer loop
      vertex 42.364 -62.1717 -195
      vertex 41.4789 -62.1402 -230
      vertex 42.364 -61.364 -230
    endloop
  endfacet
  facet normal -0.744078 -0.252498 -0.618541
    outer loop
      vertex -51.5433 -42.2961 -270
      vertex -79.6933 -57.3294 -230
      vertex -51.7955 -41.5529 -270
    endloop
  endfacet
  facet normal 0.291708 0.859624 -0.419468
    outer loop
      vertex 34.2961 45.5433 -270
      vertex 33.5529 45.7955 -270
      vertex 38.3294 63.6933 -230
    endloop
  endfacet
  facet normal 0.0595224 0.908064 -0.41458
    outer loop
      vertex 37.1747 63.923 -230
      vertex 32.7832 45.9487 -270
      vertex 36 64 -230
    endloop
  endfacet
  facet normal 0.909449 -0.308697 -0.278582
    outer loop
      vertex 44.3149 -58.4442 -230
      vertex 37.5433 -42.2961 -270
      vertex 44.6933 -57.3294 -230
    endloop
  endfacet
  facet normal 0.508148 -0.760416 -0.404416
    outer loop
      vertex 40.5 -62.7942 -230
      vertex 35 -45.1962 -270
      vertex 35.6526 -44.7601 -270
    endloop
  endfacet
  facet normal 0.55548 -0.831309 -0.0191866
    outer loop
      vertex 40.5 -62.7942 -230
      vertex 41.4789 -62.9479 -195
      vertex 40.5 -63.602 -195
    endloop
  endfacet
  facet normal 0.555421 -0.831348 -0.0191851
    outer loop
      vertex 41.4789 -62.9479 -195
      vertex 40.5 -62.7942 -230
      vertex 41.4789 -62.1402 -230
    endloop
  endfacet
  facet normal -0.699926 0.345141 -0.625285
    outer loop
      vertex -51.5433 42.2961 -270
      vertex -78.7942 59.5 -230
      vertex -51.1962 43 -270
    endloop
  endfacet
  facet normal 0.980773 -0.195101 -0.00450294
    outer loop
      vertex 44.923 -56.9825 -195
      vertex 44.6933 -57.3294 -230
      vertex 44.923 -56.1747 -230
    endloop
  endfacet
  facet normal 0.98077 -0.195118 -0.00450276
    outer loop
      vertex 44.6933 -57.3294 -230
      vertex 44.923 -56.9825 -195
      vertex 44.6933 -58.1371 -195
    endloop
  endfacet
  facet normal -0.364467 -0.739013 -0.566589
    outer loop
      vertex -74.4442 -63.3149 -230
      vertex -75.5 -62.7942 -230
      vertex -48.2961 -45.5433 -270
    endloop
  endfacet
  facet normal -0.892718 -0.440271 -0.0960014
    outer loop
      vertex -78.7942 -59.5 -230
      vertex -82.6804 -59.2519 -195
      vertex -79.3149 -58.4442 -230
    endloop
  endfacet
  facet normal -0.892751 -0.440203 -0.0960056
    outer loop
      vertex -82.6804 -59.2519 -195
      vertex -78.7942 -59.5 -230
      vertex -82.1598 -60.3077 -195
    endloop
  endfacet
  facet normal -0.995409 0 -0.0957157
    outer loop
      vertex -80 -55 -230
      vertex -83.3655 55.8077 -195
      vertex -80 55 -230
    endloop
  endfacet
  facet normal -0.995409 -0 -0.0957157
    outer loop
      vertex -83.3655 55.8077 -195
      vertex -80 -55 -230
      vertex -83.3655 -55.8077 -195
    endloop
  endfacet
  facet normal -0.976026 0.194174 -0.0983329
    outer loop
      vertex -79.6933 57.3294 -230
      vertex -83.2885 56.9825 -195
      vertex -83.0588 58.1371 -195
    endloop
  endfacet
  facet normal -0.976029 0.194158 -0.0983334
    outer loop
      vertex -83.2885 56.9825 -195
      vertex -79.6933 57.3294 -230
      vertex -79.923 56.1747 -230
    endloop
  endfacet
  facet normal -0.780462 0.155342 -0.605598
    outer loop
      vertex -51.9487 40.7832 -270
      vertex -79.6933 57.3294 -230
      vertex -51.7955 41.5529 -270
    endloop
  endfacet
  facet normal -0.744078 0.252498 -0.618541
    outer loop
      vertex -51.7955 41.5529 -270
      vertex -79.6933 57.3294 -230
      vertex -51.5433 42.2961 -270
    endloop
  endfacet
  facet normal -0.554065 0.829318 -0.0724179
    outer loop
      vertex -76.4789 62.1402 -230
      vertex -78.8655 63.602 -195
      vertex -75.5 62.7942 -230
    endloop
  endfacet
  facet normal -0.554123 0.829279 -0.0724203
    outer loop
      vertex -78.8655 63.602 -195
      vertex -76.4789 62.1402 -230
      vertex -79.8444 62.9479 -195
    endloop
  endfacet
  facet normal -0.447865 0.67036 -0.591637
    outer loop
      vertex -49.6526 44.7601 -270
      vertex -76.4789 62.1402 -230
      vertex -75.5 62.7942 -230
    endloop
  endfacet
  facet normal 0.952371 -0.189451 -0.238952
    outer loop
      vertex 44.6933 -57.3294 -230
      vertex 37.9487 -40.7832 -270
      vertex 44.923 -56.1747 -230
    endloop
  endfacet
  facet normal -0.892751 0.440203 -0.0960056
    outer loop
      vertex -78.7942 59.5 -230
      vertex -82.6804 59.2519 -195
      vertex -82.1598 60.3077 -195
    endloop
  endfacet
  facet normal -0.892718 0.440271 -0.0960014
    outer loop
      vertex -82.6804 59.2519 -195
      vertex -78.7942 59.5 -230
      vertex -79.3149 58.4442 -230
    endloop
  endfacet
  facet normal -0.648347 -0.433258 -0.626046
    outer loop
      vertex -50.7601 -43.6526 -270
      vertex -78.7942 -59.5 -230
      vertex -51.1962 -43 -270
    endloop
  endfacet
  facet normal 0.508148 0.760416 -0.404416
    outer loop
      vertex 35.6526 44.7601 -270
      vertex 35 45.1962 -270
      vertex 40.5 62.7942 -230
    endloop
  endfacet
  facet normal 0.177201 -0.890285 -0.419514
    outer loop
      vertex 38.3294 -63.6933 -230
      vertex 32.7832 -45.9487 -270
      vertex 33.5529 -45.7955 -270
    endloop
  endfacet
  facet normal -0.699905 -0.34518 -0.625287
    outer loop
      vertex -78.7942 -59.5 -230
      vertex -79.3149 -58.4442 -230
      vertex -51.5433 -42.2961 -270
    endloop
  endfacet
  facet normal 0.97864 -0.0641485 -0.195317
    outer loop
      vertex 44.923 -56.1747 -230
      vertex 37.9487 -40.7832 -270
      vertex 45 -55 -230
    endloop
  endfacet
  facet normal -0.648391 -0.433188 -0.626049
    outer loop
      vertex -78.1402 -60.4789 -230
      vertex -78.7942 -59.5 -230
      vertex -50.7601 -43.6526 -270
    endloop
  endfacet
  facet normal 0.698666 0.612813 -0.369223
    outer loop
      vertex 36.7601 43.6526 -270
      vertex 36.2426 44.2426 -270
      vertex 43.1402 60.4789 -230
    endloop
  endfacet
  facet normal -0.554123 -0.829279 -0.0724203
    outer loop
      vertex -76.4789 -62.1402 -230
      vertex -78.8655 -63.602 -195
      vertex -79.8444 -62.9479 -195
    endloop
  endfacet
  facet normal -0.554065 -0.829318 -0.0724179
    outer loop
      vertex -78.8655 -63.602 -195
      vertex -76.4789 -62.1402 -230
      vertex -75.5 -62.7942 -230
    endloop
  endfacet
  facet normal -0.589386 -0.51687 -0.620862
    outer loop
      vertex -77.364 -61.364 -230
      vertex -78.1402 -60.4789 -230
      vertex -50.2426 -44.2426 -270
    endloop
  endfacet
  facet normal -0.5227 -0.596034 -0.609532
    outer loop
      vertex -76.4789 -62.1402 -230
      vertex -77.364 -61.364 -230
      vertex -50.2426 -44.2426 -270
    endloop
  endfacet
  facet normal 0.291708 -0.859624 -0.419468
    outer loop
      vertex 38.3294 -63.6933 -230
      vertex 33.5529 -45.7955 -270
      vertex 34.2961 -45.5433 -270
    endloop
  endfacet
  facet normal -0.976029 -0.194158 -0.0983334
    outer loop
      vertex -79.6933 -57.3294 -230
      vertex -83.2885 -56.9825 -195
      vertex -79.923 -56.1747 -230
    endloop
  endfacet
  facet normal -0.976026 -0.194174 -0.0983329
    outer loop
      vertex -83.2885 -56.9825 -195
      vertex -79.6933 -57.3294 -230
      vertex -83.0588 -58.1371 -195
    endloop
  endfacet
  facet normal -0.993153 -0.0650998 -0.0970011
    outer loop
      vertex -79.923 -56.1747 -230
      vertex -83.3655 -55.8077 -195
      vertex -80 -55 -230
    endloop
  endfacet
  facet normal -0.993153 -0.0650943 -0.0970012
    outer loop
      vertex -83.3655 -55.8077 -195
      vertex -79.923 -56.1747 -230
      vertex -83.2885 -56.9825 -195
    endloop
  endfacet
  facet normal -0.827945 -0.553148 -0.0923803
    outer loop
      vertex -78.1402 -60.4789 -230
      vertex -82.1598 -60.3077 -195
      vertex -78.7942 -59.5 -230
    endloop
  endfacet
  facet normal -0.827907 -0.553206 -0.0923756
    outer loop
      vertex -82.1598 -60.3077 -195
      vertex -78.1402 -60.4789 -230
      vertex -81.5057 -61.2866 -195
    endloop
  endfacet
  facet normal -0.827907 0.553206 -0.0923756
    outer loop
      vertex -78.1402 60.4789 -230
      vertex -82.1598 60.3077 -195
      vertex -81.5057 61.2866 -195
    endloop
  endfacet
  facet normal -0.827945 0.553148 -0.0923803
    outer loop
      vertex -82.1598 60.3077 -195
      vertex -78.1402 60.4789 -230
      vertex -78.7942 59.5 -230
    endloop
  endfacet
  facet normal -0.364429 0.739042 -0.566576
    outer loop
      vertex -49 45.1962 -270
      vertex -75.5 62.7942 -230
      vertex -48.2961 45.5433 -270
    endloop
  endfacet
  facet normal -0.0653802 0.99743 -0.0293046
    outer loop
      vertex -72.1747 63.923 -230
      vertex -74.3655 64.8077 -195
      vertex -71 64 -230
    endloop
  endfacet
  facet normal -0.0653802 0.99743 -0.0293046
    outer loop
      vertex -74.3655 64.8077 -195
      vertex -72.1747 63.923 -230
      vertex -75.5402 64.7307 -195
    endloop
  endfacet
  facet normal -0.748982 0.65683 -0.0871778
    outer loop
      vertex -77.364 61.364 -230
      vertex -81.5057 61.2866 -195
      vertex -80.7295 62.1717 -195
    endloop
  endfacet
  facet normal -0.748982 0.65683 -0.0871778
    outer loop
      vertex -81.5057 61.2866 -195
      vertex -77.364 61.364 -230
      vertex -78.1402 60.4789 -230
    endloop
  endfacet
  facet normal -0.699926 -0.345141 -0.625285
    outer loop
      vertex -51.1962 -43 -270
      vertex -78.7942 -59.5 -230
      vertex -51.5433 -42.2961 -270
    endloop
  endfacet
  facet normal 0.508065 -0.760466 -0.404428
    outer loop
      vertex 40.5 -62.7942 -230
      vertex 35.6526 -44.7601 -270
      vertex 41.4789 -62.1402 -230
    endloop
  endfacet
  facet normal 0.698666 -0.612813 -0.369223
    outer loop
      vertex 43.1402 -60.4789 -230
      vertex 36.2426 -44.2426 -270
      vertex 36.7601 -43.6526 -270
    endloop
  endfacet
  facet normal -0.589344 -0.516925 -0.620856
    outer loop
      vertex -50.2426 -44.2426 -270
      vertex -78.1402 -60.4789 -230
      vertex -50.7601 -43.6526 -270
    endloop
  endfacet
  facet normal 1 0 0
    outer loop
      vertex 45 46 -212
      vertex 45 55.8077 -195
      vertex 45 46 -208
    endloop
  endfacet
  facet normal 1 0 0
    outer loop
      vertex 45 55.8077 -195
      vertex 45 -46 -208
      vertex 45 46 -208
    endloop
  endfacet
  facet normal 1 0 0
    outer loop
      vertex 45 -55.8077 -195
      vertex 45 -46 -212
      vertex 45 -46 -208
    endloop
  endfacet
  facet normal 1 0 0
    outer loop
      vertex 45 -46 -212
      vertex 45 -55.8077 -195
      vertex 45 -55 -230
    endloop
  endfacet
  facet normal 1 -0 0
    outer loop
      vertex 45 -55.8077 -195
      vertex 45 -46 -208
      vertex 45 55.8077 -195
    endloop
  endfacet
  facet normal 1 0 0
    outer loop
      vertex 45 55.8077 -195
      vertex 45 46 -212
      vertex 45 55 -230
    endloop
  endfacet
  facet normal 1 -0 0
    outer loop
      vertex 45 -46 -212
      vertex 45 55 -230
      vertex 45 46 -212
    endloop
  endfacet
  facet normal 1 0 0
    outer loop
      vertex 45 55 -230
      vertex 45 -46 -212
      vertex 45 -55 -230
    endloop
  endfacet
  facet normal 0.978646 0.0641018 -0.195301
    outer loop
      vertex 38 40 -270
      vertex 37.9487 40.7832 -270
      vertex 45 55 -230
    endloop
  endfacet
  facet normal -0.169897 0.854069 -0.491631
    outer loop
      vertex -46.7832 45.9487 -270
      vertex -73.3294 63.6933 -230
      vertex -72.1747 63.923 -230
    endloop
  endfacet
  facet normal -0.364467 0.739013 -0.566589
    outer loop
      vertex -48.2961 45.5433 -270
      vertex -75.5 62.7942 -230
      vertex -74.4442 63.3149 -230
    endloop
  endfacet
  facet normal -0.27185 0.800895 -0.533539
    outer loop
      vertex -48.2961 45.5433 -270
      vertex -74.4442 63.3149 -230
      vertex -73.3294 63.6933 -230
    endloop
  endfacet
  facet normal -0.648391 0.433188 -0.626049
    outer loop
      vertex -50.7601 43.6526 -270
      vertex -78.7942 59.5 -230
      vertex -78.1402 60.4789 -230
    endloop
  endfacet
  facet normal -0.364429 -0.739042 -0.566576
    outer loop
      vertex -48.2961 -45.5433 -270
      vertex -75.5 -62.7942 -230
      vertex -49 -45.1962 -270
    endloop
  endfacet
  facet normal -0.780462 -0.155342 -0.605598
    outer loop
      vertex -51.7955 -41.5529 -270
      vertex -79.6933 -57.3294 -230
      vertex -51.9487 -40.7832 -270
    endloop
  endfacet
  facet normal -0.0586956 0.89611 -0.439934
    outer loop
      vertex -46.7832 45.9487 -270
      vertex -71 64 -230
      vertex -46 46 -270
    endloop
  endfacet
  facet normal -0.27179 -0.80093 -0.533517
    outer loop
      vertex -47.5529 -45.7955 -270
      vertex -73.3294 -63.6933 -230
      vertex -48.2961 -45.5433 -270
    endloop
  endfacet
  facet normal 0.402492 0.816233 -0.414444
    outer loop
      vertex 35 45.1962 -270
      vertex 34.2961 45.5433 -270
      vertex 40.5 62.7942 -230
    endloop
  endfacet
  facet normal -0.320975 0.945621 -0.052689
    outer loop
      vertex -74.4442 63.3149 -230
      vertex -76.6949 64.5011 -195
      vertex -73.3294 63.6933 -230
    endloop
  endfacet
  facet normal -0.321051 0.945595 -0.052693
    outer loop
      vertex -76.6949 64.5011 -195
      vertex -74.4442 63.3149 -230
      vertex -77.8097 64.1226 -195
    endloop
  endfacet
  facet normal 0.909449 0.308697 -0.278582
    outer loop
      vertex 44.6933 57.3294 -230
      vertex 37.5433 42.2961 -270
      vertex 44.3149 58.4442 -230
    endloop
  endfacet
  facet normal -0.44793 -0.670303 -0.591653
    outer loop
      vertex -49 -45.1962 -270
      vertex -75.5 -62.7942 -230
      vertex -49.6526 -44.7601 -270
    endloop
  endfacet
  facet normal -0.780489 -0.15526 -0.605583
    outer loop
      vertex -79.6933 -57.3294 -230
      vertex -79.923 -56.1747 -230
      vertex -51.9487 -40.7832 -270
    endloop
  endfacet
  facet normal 0.0653909 -0.997594 -0.0230216
    outer loop
      vertex 36 -64 -230
      vertex 37.1747 -64.7307 -195
      vertex 36 -64.8077 -195
    endloop
  endfacet
  facet normal 0.0653909 -0.997594 -0.0230216
    outer loop
      vertex 37.1747 -64.7307 -195
      vertex 36 -64 -230
      vertex 37.1747 -63.923 -230
    endloop
  endfacet
  facet normal 0.780766 -0.521627 -0.343961
    outer loop
      vertex 43.1402 -60.4789 -230
      vertex 36.7601 -43.6526 -270
      vertex 43.7942 -59.5 -230
    endloop
  endfacet
  facet normal 0.291777 -0.859602 -0.419465
    outer loop
      vertex 38.3294 -63.6933 -230
      vertex 34.2961 -45.5433 -270
      vertex 39.4442 -63.3149 -230
    endloop
  endfacet
  facet normal -0.657201 0.749405 -0.0804887
    outer loop
      vertex -77.364 61.364 -230
      vertex -79.8444 62.9479 -195
      vertex -76.4789 62.1402 -230
    endloop
  endfacet
  facet normal -0.657201 0.749405 -0.0804887
    outer loop
      vertex -79.8444 62.9479 -195
      vertex -77.364 61.364 -230
      vertex -80.7295 62.1717 -195
    endloop
  endfacet
  facet normal 0.90948 -0.308626 -0.278561
    outer loop
      vertex 44.6933 -57.3294 -230
      vertex 37.5433 -42.2961 -270
      vertex 37.7955 -41.5529 -270
    endloop
  endfacet
  facet normal 0.952341 0.189553 -0.238988
    outer loop
      vertex 37.9487 40.7832 -270
      vertex 37.7955 41.5529 -270
      vertex 44.6933 57.3294 -230
    endloop
  endfacet
  facet normal -0.441364 -0.895107 -0.0630994
    outer loop
      vertex -75.5 -62.7942 -230
      vertex -77.8097 -64.1226 -195
      vertex -78.8655 -63.602 -195
    endloop
  endfacet
  facet normal -0.441432 -0.895073 -0.0631026
    outer loop
      vertex -77.8097 -64.1226 -195
      vertex -75.5 -62.7942 -230
      vertex -74.4442 -63.3149 -230
    endloop
  endfacet
  facet normal -0.942378 0.319874 -0.0979982
    outer loop
      vertex -79.3149 58.4442 -230
      vertex -83.0588 58.1371 -195
      vertex -82.6804 59.2519 -195
    endloop
  endfacet
  facet normal -0.942378 0.319874 -0.0979982
    outer loop
      vertex -83.0588 58.1371 -195
      vertex -79.3149 58.4442 -230
      vertex -79.6933 57.3294 -230
    endloop
  endfacet
  facet normal -0.27179 0.80093 -0.533517
    outer loop
      vertex -48.2961 45.5433 -270
      vertex -73.3294 63.6933 -230
      vertex -47.5529 45.7955 -270
    endloop
  endfacet
  facet normal -0.441432 0.895073 -0.0631026
    outer loop
      vertex -75.5 62.7942 -230
      vertex -77.8097 64.1226 -195
      vertex -74.4442 63.3149 -230
    endloop
  endfacet
  facet normal -0.441364 0.895107 -0.0630994
    outer loop
      vertex -77.8097 64.1226 -195
      vertex -75.5 62.7942 -230
      vertex -78.8655 63.602 -195
    endloop
  endfacet
  facet normal 0.997858 0.0654027 -0.00150949
    outer loop
      vertex 45 55.8077 -195
      vertex 44.923 56.1747 -230
      vertex 44.923 56.9825 -195
    endloop
  endfacet
  facet normal 0.997857 0.0654082 -0.00150943
    outer loop
      vertex 44.923 56.1747 -230
      vertex 45 55.8077 -195
      vertex 45 55 -230
    endloop
  endfacet
  facet normal 0.851585 -0.419985 -0.313714
    outer loop
      vertex 43.7942 -59.5 -230
      vertex 37.5433 -42.2961 -270
      vertex 44.3149 -58.4442 -230
    endloop
  endfacet
  facet normal 0.607374 0.692464 -0.389346
    outer loop
      vertex 36.2426 44.2426 -270
      vertex 35.6526 44.7601 -270
      vertex 41.4789 62.1402 -230
    endloop
  endfacet
  facet normal 0.952341 -0.189553 -0.238988
    outer loop
      vertex 44.6933 -57.3294 -230
      vertex 37.7955 -41.5529 -270
      vertex 37.9487 -40.7832 -270
    endloop
  endfacet
  facet normal 0.402539 0.816211 -0.414442
    outer loop
      vertex 40.5 62.7942 -230
      vertex 34.2961 45.5433 -270
      vertex 39.4442 63.3149 -230
    endloop
  endfacet
  facet normal 0.291777 0.859602 -0.419465
    outer loop
      vertex 39.4442 63.3149 -230
      vertex 34.2961 45.5433 -270
      vertex 38.3294 63.6933 -230
    endloop
  endfacet
  facet normal -0.589344 0.516925 -0.620856
    outer loop
      vertex -50.7601 43.6526 -270
      vertex -78.1402 60.4789 -230
      vertex -50.2426 44.2426 -270
    endloop
  endfacet
  facet normal 0.659241 0.751732 -0.0173478
    outer loop
      vertex 42.364 61.364 -230
      vertex 41.4789 62.9479 -195
      vertex 42.364 62.1717 -195
    endloop
  endfacet
  facet normal 0.659241 0.751732 -0.0173478
    outer loop
      vertex 41.4789 62.9479 -195
      vertex 42.364 61.364 -230
      vertex 41.4789 62.1402 -230
    endloop
  endfacet
  facet normal 0.97864 0.0641485 -0.195317
    outer loop
      vertex 45 55 -230
      vertex 37.9487 40.7832 -270
      vertex 44.923 56.1747 -230
    endloop
  endfacet
  facet normal 0.952371 0.189451 -0.238952
    outer loop
      vertex 44.923 56.1747 -230
      vertex 37.9487 40.7832 -270
      vertex 44.6933 57.3294 -230
    endloop
  endfacet
  facet normal 0.780705 0.521706 -0.343981
    outer loop
      vertex 37.1962 43 -270
      vertex 36.7601 43.6526 -270
      vertex 43.7942 59.5 -230
    endloop
  endfacet
  facet normal 0.780766 0.521627 -0.343961
    outer loop
      vertex 43.7942 59.5 -230
      vertex 36.7601 43.6526 -270
      vertex 43.1402 60.4789 -230
    endloop
  endfacet
  facet normal 0.94691 -0.321413 -0.00741729
    outer loop
      vertex 44.6933 -58.1371 -195
      vertex 44.3149 -58.4442 -230
      vertex 44.6933 -57.3294 -230
    endloop
  endfacet
  facet normal 0.94691 -0.321413 -0.00741729
    outer loop
      vertex 44.3149 -58.4442 -230
      vertex 44.6933 -58.1371 -195
      vertex 44.3149 -59.2519 -195
    endloop
  endfacet
  facet normal -0.5227 0.596034 -0.609532
    outer loop
      vertex -50.2426 44.2426 -270
      vertex -77.364 61.364 -230
      vertex -76.4789 62.1402 -230
    endloop
  endfacet
  facet normal 0 0 -1
    outer loop
      vertex 32 -46 -270
      vertex 38 -40 -270
      vertex 37.9487 -40.7832 -270
    endloop
  endfacet
  facet normal 0 0 -1
    outer loop
      vertex -52 -40 -270
      vertex 38 -40 -270
      vertex 32 -46 -270
    endloop
  endfacet
  facet normal 0 0 -1
    outer loop
      vertex 32 -46 -270
      vertex 37.9487 -40.7832 -270
      vertex 37.7955 -41.5529 -270
    endloop
  endfacet
  facet normal 0 0 -1
    outer loop
      vertex 38 -40 -270
      vertex -52 -40 -270
      vertex 38 40 -270
    endloop
  endfacet
  facet normal 0 0 -1
    outer loop
      vertex 32 -46 -270
      vertex 37.7955 -41.5529 -270
      vertex 37.5433 -42.2961 -270
    endloop
  endfacet
  facet normal 0 0 -1
    outer loop
      vertex 38 40 -270
      vertex 32 46 -270
      vertex 37.9487 40.7832 -270
    endloop
  endfacet
  facet normal 0 0 -1
    outer loop
      vertex 32 -46 -270
      vertex 37.5433 -42.2961 -270
      vertex 37.1962 -43 -270
    endloop
  endfacet
  facet normal 0 0 -1
    outer loop
      vertex 37.9487 40.7832 -270
      vertex 32 46 -270
      vertex 37.7955 41.5529 -270
    endloop
  endfacet
  facet normal 0 0 -1
    outer loop
      vertex 32 -46 -270
      vertex 37.1962 -43 -270
      vertex 36.7601 -43.6526 -270
    endloop
  endfacet
  facet normal 0 0 -1
    outer loop
      vertex 37.7955 41.5529 -270
      vertex 32 46 -270
      vertex 37.5433 42.2961 -270
    endloop
  endfacet
  facet normal 0 0 -1
    outer loop
      vertex 32 -46 -270
      vertex 36.7601 -43.6526 -270
      vertex 36.2426 -44.2426 -270
    endloop
  endfacet
  facet normal 0 0 -1
    outer loop
      vertex 37.5433 42.2961 -270
      vertex 32 46 -270
      vertex 37.1962 43 -270
    endloop
  endfacet
  facet normal 0 0 -1
    outer loop
      vertex 32 -46 -270
      vertex 36.2426 -44.2426 -270
      vertex 35.6526 -44.7601 -270
    endloop
  endfacet
  facet normal 0 0 -1
    outer loop
      vertex 37.1962 43 -270
      vertex 32 46 -270
      vertex 36.7601 43.6526 -270
    endloop
  endfacet
  facet normal 0 0 -1
    outer loop
      vertex 32 -46 -270
      vertex 35.6526 -44.7601 -270
      vertex 35 -45.1962 -270
    endloop
  endfacet
  facet normal 0 0 -1
    outer loop
      vertex 36.7601 43.6526 -270
      vertex 32 46 -270
      vertex 36.2426 44.2426 -270
    endloop
  endfacet
  facet normal 0 0 -1
    outer loop
      vertex 32 -46 -270
      vertex 35 -45.1962 -270
      vertex 34.2961 -45.5433 -270
    endloop
  endfacet
  facet normal 0 0 -1
    outer loop
      vertex 36.2426 44.2426 -270
      vertex 32 46 -270
      vertex 35.6526 44.7601 -270
    endloop
  endfacet
  facet normal 0 0 -1
    outer loop
      vertex 32 -46 -270
      vertex 34.2961 -45.5433 -270
      vertex 33.5529 -45.7955 -270
    endloop
  endfacet
  facet normal 0 0 -1
    outer loop
      vertex 35.6526 44.7601 -270
      vertex 32 46 -270
      vertex 35 45.1962 -270
    endloop
  endfacet
  facet normal 0 0 -1
    outer loop
      vertex 32 -46 -270
      vertex 33.5529 -45.7955 -270
      vertex 32.7832 -45.9487 -270
    endloop
  endfacet
  facet normal 0 0 -1
    outer loop
      vertex 35 45.1962 -270
      vertex 32 46 -270
      vertex 34.2961 45.5433 -270
    endloop
  endfacet
  facet normal 0 0 -1
    outer loop
      vertex 34.2961 45.5433 -270
      vertex 32 46 -270
      vertex 33.5529 45.7955 -270
    endloop
  endfacet
  facet normal 0 0 -1
    outer loop
      vertex 33.5529 45.7955 -270
      vertex 32 46 -270
      vertex 32.7832 45.9487 -270
    endloop
  endfacet
  facet normal 0 0 -1
    outer loop
      vertex -52 -40 -270
      vertex 32 -46 -270
      vertex -46 -46 -270
    endloop
  endfacet
  facet normal 0 0 -1
    outer loop
      vertex -52 40 -270
      vertex 38 40 -270
      vertex -52 -40 -270
    endloop
  endfacet
  facet normal 0 0 -1
    outer loop
      vertex -52 -40 -270
      vertex -46 -46 -270
      vertex -46.7832 -45.9487 -270
    endloop
  endfacet
  facet normal 0 0 -1
    outer loop
      vertex 38 40 -270
      vertex -52 40 -270
      vertex 32 46 -270
    endloop
  endfacet
  facet normal 0 0 -1
    outer loop
      vertex -52 -40 -270
      vertex -46.7832 -45.9487 -270
      vertex -47.5529 -45.7955 -270
    endloop
  endfacet
  facet normal -0 0 -1
    outer loop
      vertex 32 46 -270
      vertex -52 40 -270
      vertex -46 46 -270
    endloop
  endfacet
  facet normal 0 0 -1
    outer loop
      vertex -52 -40 -270
      vertex -47.5529 -45.7955 -270
      vertex -48.2961 -45.5433 -270
    endloop
  endfacet
  facet normal 0 0 -1
    outer loop
      vertex -46 46 -270
      vertex -52 40 -270
      vertex -46.7832 45.9487 -270
    endloop
  endfacet
  facet normal 0 0 -1
    outer loop
      vertex -52 -40 -270
      vertex -48.2961 -45.5433 -270
      vertex -49 -45.1962 -270
    endloop
  endfacet
  facet normal 0 0 -1
    outer loop
      vertex -46.7832 45.9487 -270
      vertex -52 40 -270
      vertex -47.5529 45.7955 -270
    endloop
  endfacet
  facet normal 0 0 -1
    outer loop
      vertex -52 -40 -270
      vertex -49 -45.1962 -270
      vertex -49.6526 -44.7601 -270
    endloop
  endfacet
  facet normal 0 0 -1
    outer loop
      vertex -47.5529 45.7955 -270
      vertex -52 40 -270
      vertex -48.2961 45.5433 -270
    endloop
  endfacet
  facet normal 0 0 -1
    outer loop
      vertex -52 -40 -270
      vertex -49.6526 -44.7601 -270
      vertex -50.2426 -44.2426 -270
    endloop
  endfacet
  facet normal 0 0 -1
    outer loop
      vertex -48.2961 45.5433 -270
      vertex -52 40 -270
      vertex -49 45.1962 -270
    endloop
  endfacet
  facet normal 0 0 -1
    outer loop
      vertex -52 -40 -270
      vertex -50.2426 -44.2426 -270
      vertex -50.7601 -43.6526 -270
    endloop
  endfacet
  facet normal 0 0 -1
    outer loop
      vertex -49 45.1962 -270
      vertex -52 40 -270
      vertex -49.6526 44.7601 -270
    endloop
  endfacet
  facet normal 0 0 -1
    outer loop
      vertex -52 -40 -270
      vertex -50.7601 -43.6526 -270
      vertex -51.1962 -43 -270
    endloop
  endfacet
  facet normal 0 0 -1
    outer loop
      vertex -49.6526 44.7601 -270
      vertex -52 40 -270
      vertex -50.2426 44.2426 -270
    endloop
  endfacet
  facet normal 0 0 -1
    outer loop
      vertex -52 -40 -270
      vertex -51.1962 -43 -270
      vertex -51.5433 -42.2961 -270
    endloop
  endfacet
  facet normal 0 0 -1
    outer loop
      vertex -50.2426 44.2426 -270
      vertex -52 40 -270
      vertex -50.7601 43.6526 -270
    endloop
  endfacet
  facet normal 0 0 -1
    outer loop
      vertex -52 -40 -270
      vertex -51.5433 -42.2961 -270
      vertex -51.7955 -41.5529 -270
    endloop
  endfacet
  facet normal 0 0 -1
    outer loop
      vertex -50.7601 43.6526 -270
      vertex -52 40 -270
      vertex -51.1962 43 -270
    endloop
  endfacet
  facet normal 0 0 -1
    outer loop
      vertex -52 -40 -270
      vertex -51.7955 -41.5529 -270
      vertex -51.9487 -40.7832 -270
    endloop
  endfacet
  facet normal 0 0 -1
    outer loop
      vertex -51.1962 43 -270
      vertex -52 40 -270
      vertex -51.5433 42.2961 -270
    endloop
  endfacet
  facet normal 0 0 -1
    outer loop
      vertex -51.5433 42.2961 -270
      vertex -52 40 -270
      vertex -51.7955 41.5529 -270
    endloop
  endfacet
  facet normal 0 0 -1
    outer loop
      vertex -51.7955 41.5529 -270
      vertex -52 40 -270
      vertex -51.9487 40.7832 -270
    endloop
  endfacet
  facet normal 0.508065 0.760466 -0.404428
    outer loop
      vertex 41.4789 62.1402 -230
      vertex 35.6526 44.7601 -270
      vertex 40.5 62.7942 -230
    endloop
  endfacet
  facet normal 0.194972 -0.980548 -0.0226282
    outer loop
      vertex 37.1747 -63.923 -230
      vertex 38.3294 -64.5011 -195
      vertex 37.1747 -64.7307 -195
    endloop
  endfacet
  facet normal 0.195053 -0.980532 -0.0226307
    outer loop
      vertex 38.3294 -64.5011 -195
      vertex 37.1747 -63.923 -230
      vertex 38.3294 -63.6933 -230
    endloop
  endfacet
  facet normal -0.194936 0.979943 -0.0413588
    outer loop
      vertex -73.3294 63.6933 -230
      vertex -75.5402 64.7307 -195
      vertex -72.1747 63.923 -230
    endloop
  endfacet
  facet normal -0.194855 0.97996 -0.0413542
    outer loop
      vertex -75.5402 64.7307 -195
      vertex -73.3294 63.6933 -230
      vertex -76.6949 64.5011 -195
    endloop
  endfacet
  facet normal 0.851585 0.419985 -0.313714
    outer loop
      vertex 44.3149 58.4442 -230
      vertex 37.5433 42.2961 -270
      vertex 43.7942 59.5 -230
    endloop
  endfacet
  facet normal 0.896814 0.442291 -0.0102068
    outer loop
      vertex 44.3149 59.2519 -195
      vertex 43.7942 59.5 -230
      vertex 43.7942 60.3077 -195
    endloop
  endfacet
  facet normal 0.896814 0.442291 -0.0102068
    outer loop
      vertex 43.7942 59.5 -230
      vertex 44.3149 59.2519 -195
      vertex 44.3149 58.4442 -230
    endloop
  endfacet
  facet normal 0.831433 0.555478 -0.0128188
    outer loop
      vertex 43.7942 60.3077 -195
      vertex 43.1402 60.4789 -230
      vertex 43.1402 61.2866 -195
    endloop
  endfacet
  facet normal 0.831433 0.555478 -0.0128188
    outer loop
      vertex 43.1402 60.4789 -230
      vertex 43.7942 60.3077 -195
      vertex 43.7942 59.5 -230
    endloop
  endfacet
  facet normal 0.780705 -0.521706 -0.343981
    outer loop
      vertex 43.7942 -59.5 -230
      vertex 36.7601 -43.6526 -270
      vertex 37.1962 -43 -270
    endloop
  endfacet
  facet normal 0.851613 -0.419939 -0.313698
    outer loop
      vertex 43.7942 -59.5 -230
      vertex 37.1962 -43 -270
      vertex 37.5433 -42.2961 -270
    endloop
  endfacet
  facet normal 0.98077 0.195118 -0.00450276
    outer loop
      vertex 44.923 56.9825 -195
      vertex 44.6933 57.3294 -230
      vertex 44.6933 58.1371 -195
    endloop
  endfacet
  facet normal 0.980773 0.195101 -0.00450294
    outer loop
      vertex 44.6933 57.3294 -230
      vertex 44.923 56.9825 -195
      vertex 44.923 56.1747 -230
    endloop
  endfacet
  facet normal 0.896814 -0.442291 -0.0102068
    outer loop
      vertex 44.3149 -59.2519 -195
      vertex 43.7942 -59.5 -230
      vertex 44.3149 -58.4442 -230
    endloop
  endfacet
  facet normal 0.896814 -0.442291 -0.0102068
    outer loop
      vertex 43.7942 -59.5 -230
      vertex 44.3149 -59.2519 -195
      vertex 43.7942 -60.3077 -195
    endloop
  endfacet
  facet normal 0.751758 -0.659264 -0.0152139
    outer loop
      vertex 43.1402 -61.2866 -195
      vertex 42.364 -61.364 -230
      vertex 43.1402 -60.4789 -230
    endloop
  endfacet
  facet normal 0.751758 -0.659264 -0.0152139
    outer loop
      vertex 42.364 -61.364 -230
      vertex 43.1402 -61.2866 -195
      vertex 42.364 -62.1717 -195
    endloop
  endfacet
  facet normal 0 0 1
    outer loop
      vertex 42.2933 55.7446 -195
      vertex 45 55.8077 -195
      vertex 44.923 56.9825 -195
    endloop
  endfacet
  facet normal 0 0 1
    outer loop
      vertex 45 55.8077 -195
      vertex 42.6 53.4152 -195
      vertex 45 -55.8077 -195
    endloop
  endfacet
  facet normal 0 0 1
    outer loop
      vertex 41.9149 56.8594 -195
      vertex 44.923 56.9825 -195
      vertex 44.6933 58.1371 -195
    endloop
  endfacet
  facet normal -0 0 1
    outer loop
      vertex 42.6 -53.4152 -195
      vertex 45 -55.8077 -195
      vertex 42.6 53.4152 -195
    endloop
  endfacet
  facet normal 0 0 1
    outer loop
      vertex 41.3942 57.9152 -195
      vertex 44.6933 58.1371 -195
      vertex 44.3149 59.2519 -195
    endloop
  endfacet
  facet normal -0 0 1
    outer loop
      vertex 42.523 -54.59 -195
      vertex 45 -55.8077 -195
      vertex 42.6 -53.4152 -195
    endloop
  endfacet
  facet normal 0 0 1
    outer loop
      vertex 41.3942 57.9152 -195
      vertex 44.3149 59.2519 -195
      vertex 43.7942 60.3077 -195
    endloop
  endfacet
  facet normal -0 0 1
    outer loop
      vertex 42.2933 -55.7446 -195
      vertex 45 -55.8077 -195
      vertex 42.523 -54.59 -195
    endloop
  endfacet
  facet normal 0 0 1
    outer loop
      vertex 40.7402 58.8941 -195
      vertex 43.7942 60.3077 -195
      vertex 43.1402 61.2866 -195
    endloop
  endfacet
  facet normal 0 0 1
    outer loop
      vertex 45 -55.8077 -195
      vertex 42.2933 -55.7446 -195
      vertex 44.923 -56.9825 -195
    endloop
  endfacet
  facet normal -0 0 1
    outer loop
      vertex 41.9149 -56.8594 -195
      vertex 44.923 -56.9825 -195
      vertex 42.2933 -55.7446 -195
    endloop
  endfacet
  facet normal 0 0 1
    outer loop
      vertex 45 55.8077 -195
      vertex 42.523 54.59 -195
      vertex 42.6 53.4152 -195
    endloop
  endfacet
  facet normal 0 0 1
    outer loop
      vertex 39.964 59.7792 -195
      vertex 43.1402 61.2866 -195
      vertex 42.364 62.1717 -195
    endloop
  endfacet
  facet normal 0 0 1
    outer loop
      vertex 45 55.8077 -195
      vertex 42.2933 55.7446 -195
      vertex 42.523 54.59 -195
    endloop
  endfacet
  facet normal 0 0 1
    outer loop
      vertex 44.923 56.9825 -195
      vertex 41.9149 56.8594 -195
      vertex 42.2933 55.7446 -195
    endloop
  endfacet
  facet normal 0 0 1
    outer loop
      vertex 39.964 59.7792 -195
      vertex 42.364 62.1717 -195
      vertex 41.4789 62.9479 -195
    endloop
  endfacet
  facet normal 0 0 1
    outer loop
      vertex 44.6933 58.1371 -195
      vertex 41.3942 57.9152 -195
      vertex 41.9149 56.8594 -195
    endloop
  endfacet
  facet normal 0 0 1
    outer loop
      vertex 43.7942 60.3077 -195
      vertex 40.7402 58.8941 -195
      vertex 41.3942 57.9152 -195
    endloop
  endfacet
  facet normal 0 0 1
    outer loop
      vertex 39.0788 60.5554 -195
      vertex 41.4789 62.9479 -195
      vertex 40.5 63.602 -195
    endloop
  endfacet
  facet normal 0 0 1
    outer loop
      vertex 43.1402 61.2866 -195
      vertex 39.964 59.7792 -195
      vertex 40.7402 58.8941 -195
    endloop
  endfacet
  facet normal 0 0 1
    outer loop
      vertex 38.1 61.2095 -195
      vertex 40.5 63.602 -195
      vertex 39.4442 64.1226 -195
    endloop
  endfacet
  facet normal 0 0 1
    outer loop
      vertex 41.4789 62.9479 -195
      vertex 39.0788 60.5554 -195
      vertex 39.964 59.7792 -195
    endloop
  endfacet
  facet normal 0 0 1
    outer loop
      vertex 38.1 61.2095 -195
      vertex 39.4442 64.1226 -195
      vertex 38.3294 64.5011 -195
    endloop
  endfacet
  facet normal 0 0 1
    outer loop
      vertex 40.5 63.602 -195
      vertex 38.1 61.2095 -195
      vertex 39.0788 60.5554 -195
    endloop
  endfacet
  facet normal 0 0 1
    outer loop
      vertex 37.0441 61.7302 -195
      vertex 38.3294 64.5011 -195
      vertex 37.1747 64.7307 -195
    endloop
  endfacet
  facet normal 0 0 1
    outer loop
      vertex 38.3294 64.5011 -195
      vertex 37.0441 61.7302 -195
      vertex 38.1 61.2095 -195
    endloop
  endfacet
  facet normal 0 0 1
    outer loop
      vertex 35.9294 62.1086 -195
      vertex 37.1747 64.7307 -195
      vertex 36 64.8077 -195
    endloop
  endfacet
  facet normal 0 0 1
    outer loop
      vertex 37.1747 64.7307 -195
      vertex 35.9294 62.1086 -195
      vertex 37.0441 61.7302 -195
    endloop
  endfacet
  facet normal 0 0 1
    outer loop
      vertex 36 64.8077 -195
      vertex 34.7747 62.3382 -195
      vertex 35.9294 62.1086 -195
    endloop
  endfacet
  facet normal 0 0 1
    outer loop
      vertex 36 64.8077 -195
      vertex 33.6 62.4152 -195
      vertex 34.7747 62.3382 -195
    endloop
  endfacet
  facet normal 0 0 1
    outer loop
      vertex 36 64.8077 -195
      vertex -71.9969 62.4152 -195
      vertex 33.6 62.4152 -195
    endloop
  endfacet
  facet normal -0 0 1
    outer loop
      vertex -74.3655 64.8077 -195
      vertex -71.9969 62.4152 -195
      vertex 36 64.8077 -195
    endloop
  endfacet
  facet normal 0 0 1
    outer loop
      vertex -74.3655 64.8077 -195
      vertex -73.1716 62.3382 -195
      vertex -71.9969 62.4152 -195
    endloop
  endfacet
  facet normal 0 0 1
    outer loop
      vertex -74.3655 64.8077 -195
      vertex -74.3262 62.1086 -195
      vertex -73.1716 62.3382 -195
    endloop
  endfacet
  facet normal -0 0 1
    outer loop
      vertex -75.5402 64.7307 -195
      vertex -74.3262 62.1086 -195
      vertex -74.3655 64.8077 -195
    endloop
  endfacet
  facet normal 0 0 1
    outer loop
      vertex -74.3262 62.1086 -195
      vertex -75.5402 64.7307 -195
      vertex -75.441 61.7302 -195
    endloop
  endfacet
  facet normal -0 0 1
    outer loop
      vertex -76.6949 64.5011 -195
      vertex -75.441 61.7302 -195
      vertex -75.5402 64.7307 -195
    endloop
  endfacet
  facet normal 0 0 1
    outer loop
      vertex -75.441 61.7302 -195
      vertex -76.6949 64.5011 -195
      vertex -76.4969 61.2095 -195
    endloop
  endfacet
  facet normal -0 0 1
    outer loop
      vertex -77.8097 64.1226 -195
      vertex -76.4969 61.2095 -195
      vertex -76.6949 64.5011 -195
    endloop
  endfacet
  facet normal -0 0 1
    outer loop
      vertex -78.8655 63.602 -195
      vertex -76.4969 61.2095 -195
      vertex -77.8097 64.1226 -195
    endloop
  endfacet
  facet normal 0 0 1
    outer loop
      vertex -76.4969 61.2095 -195
      vertex -78.8655 63.602 -195
      vertex -77.4757 60.5554 -195
    endloop
  endfacet
  facet normal -0 0 1
    outer loop
      vertex -79.8444 62.9479 -195
      vertex -77.4757 60.5554 -195
      vertex -78.8655 63.602 -195
    endloop
  endfacet
  facet normal 0 0 1
    outer loop
      vertex -77.4757 60.5554 -195
      vertex -79.8444 62.9479 -195
      vertex -78.3608 59.7792 -195
    endloop
  endfacet
  facet normal -0 0 1
    outer loop
      vertex -80.7295 62.1717 -195
      vertex -78.3608 59.7792 -195
      vertex -79.8444 62.9479 -195
    endloop
  endfacet
  facet normal -0 0 1
    outer loop
      vertex -81.5057 61.2866 -195
      vertex -78.3608 59.7792 -195
      vertex -80.7295 62.1717 -195
    endloop
  endfacet
  facet normal 0 0 1
    outer loop
      vertex -78.3608 59.7792 -195
      vertex -81.5057 61.2866 -195
      vertex -79.137 58.8941 -195
    endloop
  endfacet
  facet normal -0 0 1
    outer loop
      vertex -82.1598 60.3077 -195
      vertex -79.137 58.8941 -195
      vertex -81.5057 61.2866 -195
    endloop
  endfacet
  facet normal 0 0 1
    outer loop
      vertex -79.137 58.8941 -195
      vertex -82.1598 60.3077 -195
      vertex -79.7911 57.9152 -195
    endloop
  endfacet
  facet normal -0 0 1
    outer loop
      vertex -82.6804 59.2519 -195
      vertex -79.7911 57.9152 -195
      vertex -82.1598 60.3077 -195
    endloop
  endfacet
  facet normal -0 0 1
    outer loop
      vertex -83.0588 58.1371 -195
      vertex -79.7911 57.9152 -195
      vertex -82.6804 59.2519 -195
    endloop
  endfacet
  facet normal -0 0 1
    outer loop
      vertex -83.2885 56.9825 -195
      vertex -80.3118 56.8594 -195
      vertex -83.0588 58.1371 -195
    endloop
  endfacet
  facet normal 0 0 1
    outer loop
      vertex -79.7911 57.9152 -195
      vertex -83.0588 58.1371 -195
      vertex -80.3118 56.8594 -195
    endloop
  endfacet
  facet normal 0 0 1
    outer loop
      vertex 44.923 -56.9825 -195
      vertex 41.9149 -56.8594 -195
      vertex 44.6933 -58.1371 -195
    endloop
  endfacet
  facet normal -0 0 1
    outer loop
      vertex 41.3942 -57.9152 -195
      vertex 44.6933 -58.1371 -195
      vertex 41.9149 -56.8594 -195
    endloop
  endfacet
  facet normal 0 0 1
    outer loop
      vertex 44.6933 -58.1371 -195
      vertex 41.3942 -57.9152 -195
      vertex 44.3149 -59.2519 -195
    endloop
  endfacet
  facet normal 0 0 1
    outer loop
      vertex 44.3149 -59.2519 -195
      vertex 41.3942 -57.9152 -195
      vertex 43.7942 -60.3077 -195
    endloop
  endfacet
  facet normal -0 0 1
    outer loop
      vertex 40.7402 -58.8941 -195
      vertex 43.7942 -60.3077 -195
      vertex 41.3942 -57.9152 -195
    endloop
  endfacet
  facet normal 0 0 1
    outer loop
      vertex 43.7942 -60.3077 -195
      vertex 40.7402 -58.8941 -195
      vertex 43.1402 -61.2866 -195
    endloop
  endfacet
  facet normal -0 0 1
    outer loop
      vertex 39.964 -59.7792 -195
      vertex 43.1402 -61.2866 -195
      vertex 40.7402 -58.8941 -195
    endloop
  endfacet
  facet normal 0 0 1
    outer loop
      vertex 43.1402 -61.2866 -195
      vertex 39.964 -59.7792 -195
      vertex 42.364 -62.1717 -195
    endloop
  endfacet
  facet normal 0 0 1
    outer loop
      vertex 42.364 -62.1717 -195
      vertex 39.964 -59.7792 -195
      vertex 41.4789 -62.9479 -195
    endloop
  endfacet
  facet normal -0 0 1
    outer loop
      vertex 39.0788 -60.5554 -195
      vertex 41.4789 -62.9479 -195
      vertex 39.964 -59.7792 -195
    endloop
  endfacet
  facet normal 0 0 1
    outer loop
      vertex 41.4789 -62.9479 -195
      vertex 39.0788 -60.5554 -195
      vertex 40.5 -63.602 -195
    endloop
  endfacet
  facet normal -0 0 1
    outer loop
      vertex 38.1 -61.2095 -195
      vertex 40.5 -63.602 -195
      vertex 39.0788 -60.5554 -195
    endloop
  endfacet
  facet normal 0 0 1
    outer loop
      vertex 40.5 -63.602 -195
      vertex 38.1 -61.2095 -195
      vertex 39.4442 -64.1226 -195
    endloop
  endfacet
  facet normal 0 0 1
    outer loop
      vertex 39.4442 -64.1226 -195
      vertex 38.1 -61.2095 -195
      vertex 38.3294 -64.5011 -195
    endloop
  endfacet
  facet normal -0 0 1
    outer loop
      vertex 37.0441 -61.7302 -195
      vertex 38.3294 -64.5011 -195
      vertex 38.1 -61.2095 -195
    endloop
  endfacet
  facet normal 0 0 1
    outer loop
      vertex 38.3294 -64.5011 -195
      vertex 37.0441 -61.7302 -195
      vertex 37.1747 -64.7307 -195
    endloop
  endfacet
  facet normal -0 0 1
    outer loop
      vertex 35.9294 -62.1086 -195
      vertex 37.1747 -64.7307 -195
      vertex 37.0441 -61.7302 -195
    endloop
  endfacet
  facet normal 0 0 1
    outer loop
      vertex 37.1747 -64.7307 -195
      vertex 35.9294 -62.1086 -195
      vertex 36 -64.8077 -195
    endloop
  endfacet
  facet normal -0 0 1
    outer loop
      vertex 34.7747 -62.3382 -195
      vertex 36 -64.8077 -195
      vertex 35.9294 -62.1086 -195
    endloop
  endfacet
  facet normal -0 0 1
    outer loop
      vertex 33.6 -62.4152 -195
      vertex 36 -64.8077 -195
      vertex 34.7747 -62.3382 -195
    endloop
  endfacet
  facet normal -0 0 1
    outer loop
      vertex -71.9969 -62.4152 -195
      vertex 36 -64.8077 -195
      vertex 33.6 -62.4152 -195
    endloop
  endfacet
  facet normal 0 0 1
    outer loop
      vertex -71.9969 -62.4152 -195
      vertex -74.3655 -64.8077 -195
      vertex 36 -64.8077 -195
    endloop
  endfacet
  facet normal 0 0 1
    outer loop
      vertex -73.1716 -62.3382 -195
      vertex -74.3655 -64.8077 -195
      vertex -71.9969 -62.4152 -195
    endloop
  endfacet
  facet normal 0 0 1
    outer loop
      vertex -74.3262 -62.1086 -195
      vertex -74.3655 -64.8077 -195
      vertex -73.1716 -62.3382 -195
    endloop
  endfacet
  facet normal 0 0 1
    outer loop
      vertex -75.5402 -64.7307 -195
      vertex -74.3262 -62.1086 -195
      vertex -75.441 -61.7302 -195
    endloop
  endfacet
  facet normal 0 0 1
    outer loop
      vertex -74.3262 -62.1086 -195
      vertex -75.5402 -64.7307 -195
      vertex -74.3655 -64.8077 -195
    endloop
  endfacet
  facet normal 0 0 1
    outer loop
      vertex -76.6949 -64.5011 -195
      vertex -75.441 -61.7302 -195
      vertex -76.4969 -61.2095 -195
    endloop
  endfacet
  facet normal 0 0 1
    outer loop
      vertex -75.441 -61.7302 -195
      vertex -76.6949 -64.5011 -195
      vertex -75.5402 -64.7307 -195
    endloop
  endfacet
  facet normal 0 0 1
    outer loop
      vertex -78.8655 -63.602 -195
      vertex -76.4969 -61.2095 -195
      vertex -77.4757 -60.5554 -195
    endloop
  endfacet
  facet normal 0 0 1
    outer loop
      vertex -76.4969 -61.2095 -195
      vertex -77.8097 -64.1226 -195
      vertex -76.6949 -64.5011 -195
    endloop
  endfacet
  facet normal 0 0 1
    outer loop
      vertex -79.8444 -62.9479 -195
      vertex -77.4757 -60.5554 -195
      vertex -78.3608 -59.7792 -195
    endloop
  endfacet
  facet normal 0 0 1
    outer loop
      vertex -76.4969 -61.2095 -195
      vertex -78.8655 -63.602 -195
      vertex -77.8097 -64.1226 -195
    endloop
  endfacet
  facet normal 0 0 1
    outer loop
      vertex -81.5057 -61.2866 -195
      vertex -78.3608 -59.7792 -195
      vertex -79.137 -58.8941 -195
    endloop
  endfacet
  facet normal 0 0 1
    outer loop
      vertex -82.1598 -60.3077 -195
      vertex -79.137 -58.8941 -195
      vertex -79.7911 -57.9152 -195
    endloop
  endfacet
  facet normal 0 0 1
    outer loop
      vertex -77.4757 -60.5554 -195
      vertex -79.8444 -62.9479 -195
      vertex -78.8655 -63.602 -195
    endloop
  endfacet
  facet normal 0 0 1
    outer loop
      vertex -83.0588 -58.1371 -195
      vertex -79.7911 -57.9152 -195
      vertex -80.3118 -56.8594 -195
    endloop
  endfacet
  facet normal 0 0 1
    outer loop
      vertex -83.2885 -56.9825 -195
      vertex -80.3118 -56.8594 -195
      vertex -80.6902 -55.7446 -195
    endloop
  endfacet
  facet normal 0 0 1
    outer loop
      vertex -78.3608 -59.7792 -195
      vertex -80.7295 -62.1717 -195
      vertex -79.8444 -62.9479 -195
    endloop
  endfacet
  facet normal 0 0 1
    outer loop
      vertex -83.3655 -55.8077 -195
      vertex -80.6902 -55.7446 -195
      vertex -80.9199 -54.59 -195
    endloop
  endfacet
  facet normal 0 0 1
    outer loop
      vertex -83.3655 -55.8077 -195
      vertex -80.9199 -54.59 -195
      vertex -80.9969 -53.4152 -195
    endloop
  endfacet
  facet normal 0 0 1
    outer loop
      vertex -78.3608 -59.7792 -195
      vertex -81.5057 -61.2866 -195
      vertex -80.7295 -62.1717 -195
    endloop
  endfacet
  facet normal 0 0 1
    outer loop
      vertex -80.9969 53.4152 -195
      vertex -83.3655 55.8077 -195
      vertex -80.9969 -53.4152 -195
    endloop
  endfacet
  facet normal 0 0 1
    outer loop
      vertex -80.3118 56.8594 -195
      vertex -83.2885 56.9825 -195
      vertex -80.6902 55.7446 -195
    endloop
  endfacet
  facet normal 0 0 1
    outer loop
      vertex -83.3655 -55.8077 -195
      vertex -80.9969 -53.4152 -195
      vertex -83.3655 55.8077 -195
    endloop
  endfacet
  facet normal -0 0 1
    outer loop
      vertex -83.3655 55.8077 -195
      vertex -80.6902 55.7446 -195
      vertex -83.2885 56.9825 -195
    endloop
  endfacet
  facet normal 0 0 1
    outer loop
      vertex -80.6902 -55.7446 -195
      vertex -83.3655 -55.8077 -195
      vertex -83.2885 -56.9825 -195
    endloop
  endfacet
  facet normal 0 0 1
    outer loop
      vertex -80.6902 55.7446 -195
      vertex -83.3655 55.8077 -195
      vertex -80.9199 54.59 -195
    endloop
  endfacet
  facet normal 0 0 1
    outer loop
      vertex -79.137 -58.8941 -195
      vertex -82.1598 -60.3077 -195
      vertex -81.5057 -61.2866 -195
    endloop
  endfacet
  facet normal 0 0 1
    outer loop
      vertex -80.9199 54.59 -195
      vertex -83.3655 55.8077 -195
      vertex -80.9969 53.4152 -195
    endloop
  endfacet
  facet normal 0 0 1
    outer loop
      vertex -79.7911 -57.9152 -195
      vertex -82.6804 -59.2519 -195
      vertex -82.1598 -60.3077 -195
    endloop
  endfacet
  facet normal 0 0 1
    outer loop
      vertex -79.7911 -57.9152 -195
      vertex -83.0588 -58.1371 -195
      vertex -82.6804 -59.2519 -195
    endloop
  endfacet
  facet normal 0 0 1
    outer loop
      vertex -80.3118 -56.8594 -195
      vertex -83.2885 -56.9825 -195
      vertex -83.0588 -58.1371 -195
    endloop
  endfacet
  facet normal 0.321498 0.94691 -0
    outer loop
      vertex -58.4693 -55.8045 -210.5
      vertex -58.9647 -55.6363 -200.5
      vertex -58.4693 -55.8045 -200.5
    endloop
  endfacet
  facet normal 0.321498 0.94691 0
    outer loop
      vertex -58.9647 -55.6363 -200.5
      vertex -58.4693 -55.8045 -210.5
      vertex -58.9647 -55.6363 -210.5
    endloop
  endfacet
  facet normal 0.980779 0.195124 0
    outer loop
      vertex -56.0342 -58.9779 -200.5
      vertex -56.1363 -58.4647 -210.5
      vertex -56.1363 -58.4647 -200.5
    endloop
  endfacet
  facet normal 0.980779 0.195124 0
    outer loop
      vertex -56.1363 -58.4647 -210.5
      vertex -56.0342 -58.9779 -200.5
      vertex -56.0342 -58.9779 -210.5
    endloop
  endfacet
  facet normal 0.997861 0.0653646 0
    outer loop
      vertex -56 -59.5 -200.5
      vertex -56.0342 -58.9779 -210.5
      vertex -56.0342 -58.9779 -200.5
    endloop
  endfacet
  facet normal 0.997861 0.0653646 0
    outer loop
      vertex -56.0342 -58.9779 -210.5
      vertex -56 -59.5 -200.5
      vertex -56 -59.5 -210.5
    endloop
  endfacet
  facet normal 0.94691 0.321498 0
    outer loop
      vertex -56.1363 -58.4647 -200.5
      vertex -56.3045 -57.9693 -210.5
      vertex -56.3045 -57.9693 -200.5
    endloop
  endfacet
  facet normal 0.94691 0.321498 0
    outer loop
      vertex -56.3045 -57.9693 -210.5
      vertex -56.1363 -58.4647 -200.5
      vertex -56.1363 -58.4647 -210.5
    endloop
  endfacet
  facet normal 0.442238 0.896898 -0
    outer loop
      vertex -58 -56.0359 -210.5
      vertex -58.4693 -55.8045 -200.5
      vertex -58 -56.0359 -200.5
    endloop
  endfacet
  facet normal 0.442238 0.896898 0
    outer loop
      vertex -58.4693 -55.8045 -200.5
      vertex -58 -56.0359 -210.5
      vertex -58.4693 -55.8045 -210.5
    endloop
  endfacet
  facet normal -0.997861 -0.0653646 0
    outer loop
      vertex -63.9658 -60.0221 -210.5
      vertex -64 -59.5 -200.5
      vertex -64 -59.5 -210.5
    endloop
  endfacet
  facet normal -0.997861 -0.0653646 0
    outer loop
      vertex -64 -59.5 -200.5
      vertex -63.9658 -60.0221 -210.5
      vertex -63.9658 -60.0221 -200.5
    endloop
  endfacet
  facet normal 0.896898 0.442238 0
    outer loop
      vertex -56.3045 -57.9693 -200.5
      vertex -56.5359 -57.5 -210.5
      vertex -56.5359 -57.5 -200.5
    endloop
  endfacet
  facet normal 0.896898 0.442238 0
    outer loop
      vertex -56.5359 -57.5 -210.5
      vertex -56.3045 -57.9693 -200.5
      vertex -56.3045 -57.9693 -210.5
    endloop
  endfacet
  facet normal 0.831432 0.555626 0
    outer loop
      vertex -56.5359 -57.5 -200.5
      vertex -56.8266 -57.065 -210.5
      vertex -56.8266 -57.065 -200.5
    endloop
  endfacet
  facet normal 0.831432 0.555626 0
    outer loop
      vertex -56.8266 -57.065 -210.5
      vertex -56.5359 -57.5 -200.5
      vertex -56.5359 -57.5 -210.5
    endloop
  endfacet
  facet normal 0.659343 0.751842 -0
    outer loop
      vertex -57.1716 -56.6716 -210.5
      vertex -57.565 -56.3266 -200.5
      vertex -57.1716 -56.6716 -200.5
    endloop
  endfacet
  facet normal 0.659343 0.751842 0
    outer loop
      vertex -57.565 -56.3266 -200.5
      vertex -57.1716 -56.6716 -210.5
      vertex -57.565 -56.3266 -210.5
    endloop
  endfacet
  facet normal -0.659343 0.751842 0
    outer loop
      vertex -62.435 -56.3266 -210.5
      vertex -62.8284 -56.6716 -200.5
      vertex -62.435 -56.3266 -200.5
    endloop
  endfacet
  facet normal -0.659343 0.751842 0
    outer loop
      vertex -62.8284 -56.6716 -200.5
      vertex -62.435 -56.3266 -210.5
      vertex -62.8284 -56.6716 -210.5
    endloop
  endfacet
  facet normal 0.751842 0.659343 0
    outer loop
      vertex -56.8266 -57.065 -200.5
      vertex -57.1716 -56.6716 -210.5
      vertex -57.1716 -56.6716 -200.5
    endloop
  endfacet
  facet normal 0.751842 0.659343 0
    outer loop
      vertex -57.1716 -56.6716 -210.5
      vertex -56.8266 -57.065 -200.5
      vertex -56.8266 -57.065 -210.5
    endloop
  endfacet
  facet normal -0.980779 0.195124 0
    outer loop
      vertex -63.9658 -58.9779 -210.5
      vertex -63.8637 -58.4647 -200.5
      vertex -63.8637 -58.4647 -210.5
    endloop
  endfacet
  facet normal -0.980779 0.195124 0
    outer loop
      vertex -63.8637 -58.4647 -200.5
      vertex -63.9658 -58.9779 -210.5
      vertex -63.9658 -58.9779 -200.5
    endloop
  endfacet
  facet normal -0.997861 0.0653646 0
    outer loop
      vertex -64 -59.5 -210.5
      vertex -63.9658 -58.9779 -200.5
      vertex -63.9658 -58.9779 -210.5
    endloop
  endfacet
  facet normal -0.997861 0.0653646 0
    outer loop
      vertex -63.9658 -58.9779 -200.5
      vertex -64 -59.5 -210.5
      vertex -64 -59.5 -200.5
    endloop
  endfacet
  facet normal -0.751951 -0.659219 0
    outer loop
      vertex -63.0689 -62.0542 -210.5
      vertex -63.1734 -61.935 -200.5
      vertex -63.1734 -61.935 -210.5
    endloop
  endfacet
  facet normal -0.751822 -0.659366 3.09825e-06
    outer loop
      vertex -63.1734 -61.935 -200.5
      vertex -63.0689 -62.0542 -210.5
      vertex -62.8646 -62.2871 -200.5
    endloop
  endfacet
  facet normal 0.555626 0.831432 -0
    outer loop
      vertex -57.565 -56.3266 -210.5
      vertex -58 -56.0359 -200.5
      vertex -57.565 -56.3266 -200.5
    endloop
  endfacet
  facet normal 0.555626 0.831432 0
    outer loop
      vertex -58 -56.0359 -200.5
      vertex -57.565 -56.3266 -210.5
      vertex -58 -56.0359 -210.5
    endloop
  endfacet
  facet normal -0.442238 0.896898 0
    outer loop
      vertex -61.5307 -55.8045 -210.5
      vertex -62 -56.0359 -200.5
      vertex -61.5307 -55.8045 -200.5
    endloop
  endfacet
  facet normal -0.442238 0.896898 0
    outer loop
      vertex -62 -56.0359 -200.5
      vertex -61.5307 -55.8045 -210.5
      vertex -62 -56.0359 -210.5
    endloop
  endfacet
  facet normal 0.980779 -0.195124 0
    outer loop
      vertex -56.1363 -60.5353 -200.5
      vertex -56.0342 -60.0221 -210.5
      vertex -56.0342 -60.0221 -200.5
    endloop
  endfacet
  facet normal 0.980779 -0.195124 0
    outer loop
      vertex -56.0342 -60.0221 -210.5
      vertex -56.1363 -60.5353 -200.5
      vertex -56.1363 -60.5353 -210.5
    endloop
  endfacet
  facet normal -0.751842 0.659343 0
    outer loop
      vertex -63.1734 -57.065 -210.5
      vertex -62.8284 -56.6716 -200.5
      vertex -62.8284 -56.6716 -210.5
    endloop
  endfacet
  facet normal -0.751842 0.659343 0
    outer loop
      vertex -62.8284 -56.6716 -200.5
      vertex -63.1734 -57.065 -210.5
      vertex -63.1734 -57.065 -200.5
    endloop
  endfacet
  facet normal 0.831432 -0.555626 0
    outer loop
      vertex -56.8266 -61.935 -200.5
      vertex -56.5359 -61.5 -210.5
      vertex -56.5359 -61.5 -200.5
    endloop
  endfacet
  facet normal 0.831432 -0.555626 0
    outer loop
      vertex -56.5359 -61.5 -210.5
      vertex -56.8266 -61.935 -200.5
      vertex -56.8266 -61.935 -210.5
    endloop
  endfacet
  facet normal -0.321498 0.94691 0
    outer loop
      vertex -61.0353 -55.6363 -210.5
      vertex -61.5307 -55.8045 -200.5
      vertex -61.0353 -55.6363 -200.5
    endloop
  endfacet
  facet normal -0.321498 0.94691 0
    outer loop
      vertex -61.5307 -55.8045 -200.5
      vertex -61.0353 -55.6363 -210.5
      vertex -61.5307 -55.8045 -210.5
    endloop
  endfacet
  facet normal -0.980779 -0.195124 0
    outer loop
      vertex -63.8637 -60.5353 -210.5
      vertex -63.9658 -60.0221 -200.5
      vertex -63.9658 -60.0221 -210.5
    endloop
  endfacet
  facet normal -0.980779 -0.195124 0
    outer loop
      vertex -63.9658 -60.0221 -200.5
      vertex -63.8637 -60.5353 -210.5
      vertex -63.8637 -60.5353 -200.5
    endloop
  endfacet
  facet normal 0.94691 -0.321498 0
    outer loop
      vertex -56.3045 -61.0307 -200.5
      vertex -56.1363 -60.5353 -210.5
      vertex -56.1363 -60.5353 -200.5
    endloop
  endfacet
  facet normal 0.94691 -0.321498 0
    outer loop
      vertex -56.1363 -60.5353 -210.5
      vertex -56.3045 -61.0307 -200.5
      vertex -56.3045 -61.0307 -210.5
    endloop
  endfacet
  facet normal 0.751951 -0.659219 0
    outer loop
      vertex -56.8266 -61.935 -200.5
      vertex -56.9311 -62.0542 -210.5
      vertex -56.8266 -61.935 -210.5
    endloop
  endfacet
  facet normal 0.751822 -0.659366 3.09825e-06
    outer loop
      vertex -56.9311 -62.0542 -210.5
      vertex -56.8266 -61.935 -200.5
      vertex -57.1354 -62.2871 -200.5
    endloop
  endfacet
  facet normal -0.0653646 0.997861 0
    outer loop
      vertex -60 -55.5 -210.5
      vertex -60.5221 -55.5342 -200.5
      vertex -60 -55.5 -200.5
    endloop
  endfacet
  facet normal -0.0653646 0.997861 0
    outer loop
      vertex -60.5221 -55.5342 -200.5
      vertex -60 -55.5 -210.5
      vertex -60.5221 -55.5342 -210.5
    endloop
  endfacet
  facet normal -0.896898 0.442238 0
    outer loop
      vertex -63.6955 -57.9693 -210.5
      vertex -63.4641 -57.5 -200.5
      vertex -63.4641 -57.5 -210.5
    endloop
  endfacet
  facet normal -0.896898 0.442238 0
    outer loop
      vertex -63.4641 -57.5 -200.5
      vertex -63.6955 -57.9693 -210.5
      vertex -63.6955 -57.9693 -200.5
    endloop
  endfacet
  facet normal 0.0653646 0.997861 -0
    outer loop
      vertex -59.4779 -55.5342 -210.5
      vertex -60 -55.5 -200.5
      vertex -59.4779 -55.5342 -200.5
    endloop
  endfacet
  facet normal 0.0653646 0.997861 0
    outer loop
      vertex -60 -55.5 -200.5
      vertex -59.4779 -55.5342 -210.5
      vertex -60 -55.5 -210.5
    endloop
  endfacet
  facet normal 0.997861 -0.0653646 0
    outer loop
      vertex -56.0342 -60.0221 -200.5
      vertex -56 -59.5 -210.5
      vertex -56 -59.5 -200.5
    endloop
  endfacet
  facet normal 0.997861 -0.0653646 0
    outer loop
      vertex -56 -59.5 -210.5
      vertex -56.0342 -60.0221 -200.5
      vertex -56.0342 -60.0221 -210.5
    endloop
  endfacet
  facet normal -0.195124 0.980779 0
    outer loop
      vertex -60.5221 -55.5342 -210.5
      vertex -61.0353 -55.6363 -200.5
      vertex -60.5221 -55.5342 -200.5
    endloop
  endfacet
  facet normal -0.195124 0.980779 0
    outer loop
      vertex -61.0353 -55.6363 -200.5
      vertex -60.5221 -55.5342 -210.5
      vertex -61.0353 -55.6363 -210.5
    endloop
  endfacet
  facet normal -0.555626 0.831432 0
    outer loop
      vertex -62 -56.0359 -210.5
      vertex -62.435 -56.3266 -200.5
      vertex -62 -56.0359 -200.5
    endloop
  endfacet
  facet normal -0.555626 0.831432 0
    outer loop
      vertex -62.435 -56.3266 -200.5
      vertex -62 -56.0359 -210.5
      vertex -62.435 -56.3266 -210.5
    endloop
  endfacet
  facet normal 0.896898 -0.442238 0
    outer loop
      vertex -56.5359 -61.5 -200.5
      vertex -56.3045 -61.0307 -210.5
      vertex -56.3045 -61.0307 -200.5
    endloop
  endfacet
  facet normal 0.896898 -0.442238 0
    outer loop
      vertex -56.3045 -61.0307 -210.5
      vertex -56.5359 -61.5 -200.5
      vertex -56.5359 -61.5 -210.5
    endloop
  endfacet
  facet normal -0.94691 0.321498 0
    outer loop
      vertex -63.8637 -58.4647 -210.5
      vertex -63.6955 -57.9693 -200.5
      vertex -63.6955 -57.9693 -210.5
    endloop
  endfacet
  facet normal -0.94691 0.321498 0
    outer loop
      vertex -63.6955 -57.9693 -200.5
      vertex -63.8637 -58.4647 -210.5
      vertex -63.8637 -58.4647 -200.5
    endloop
  endfacet
  facet normal -0.94691 -0.321498 0
    outer loop
      vertex -63.6955 -61.0307 -210.5
      vertex -63.8637 -60.5353 -200.5
      vertex -63.8637 -60.5353 -210.5
    endloop
  endfacet
  facet normal -0.94691 -0.321498 0
    outer loop
      vertex -63.8637 -60.5353 -200.5
      vertex -63.6955 -61.0307 -210.5
      vertex -63.6955 -61.0307 -200.5
    endloop
  endfacet
  facet normal 0 0 -1
    outer loop
      vertex -58.3 -59.5 -210.5
      vertex -56 -59.5 -210.5
      vertex -56.0342 -60.0221 -210.5
    endloop
  endfacet
  facet normal 0 0 -1
    outer loop
      vertex -58.3145 -59.7219 -210.5
      vertex -56.0342 -60.0221 -210.5
      vertex -56.1363 -60.5353 -210.5
    endloop
  endfacet
  facet normal 0 0 -1
    outer loop
      vertex -56 -59.5 -210.5
      vertex -58.3 -59.5 -210.5
      vertex -56.0342 -58.9779 -210.5
    endloop
  endfacet
  facet normal 0 0 -1
    outer loop
      vertex -58.3579 -59.94 -210.5
      vertex -56.1363 -60.5353 -210.5
      vertex -56.3045 -61.0307 -210.5
    endloop
  endfacet
  facet normal 0 0 -1
    outer loop
      vertex -58.3145 -59.2781 -210.5
      vertex -56.0342 -58.9779 -210.5
      vertex -58.3 -59.5 -210.5
    endloop
  endfacet
  facet normal 0 0 -1
    outer loop
      vertex -58.4294 -60.1506 -210.5
      vertex -56.3045 -61.0307 -210.5
      vertex -56.5359 -61.5 -210.5
    endloop
  endfacet
  facet normal -0 0 -1
    outer loop
      vertex -56.0342 -58.9779 -210.5
      vertex -58.3145 -59.2781 -210.5
      vertex -56.1363 -58.4647 -210.5
    endloop
  endfacet
  facet normal 0 0 -1
    outer loop
      vertex -58.5278 -60.35 -210.5
      vertex -56.5359 -61.5 -210.5
      vertex -56.8266 -61.935 -210.5
    endloop
  endfacet
  facet normal 0 0 -1
    outer loop
      vertex -58.3579 -59.06 -210.5
      vertex -56.1363 -58.4647 -210.5
      vertex -58.3145 -59.2781 -210.5
    endloop
  endfacet
  facet normal 0 0 -1
    outer loop
      vertex -58.6513 -60.5349 -210.5
      vertex -56.8266 -61.935 -210.5
      vertex -56.9311 -62.0542 -210.5
    endloop
  endfacet
  facet normal -0 0 -1
    outer loop
      vertex -56.1363 -58.4647 -210.5
      vertex -58.3579 -59.06 -210.5
      vertex -56.3045 -57.9693 -210.5
    endloop
  endfacet
  facet normal 0 0 -1
    outer loop
      vertex -58.4294 -58.8494 -210.5
      vertex -56.3045 -57.9693 -210.5
      vertex -58.3579 -59.06 -210.5
    endloop
  endfacet
  facet normal 0 0 -1
    outer loop
      vertex -58.5278 -58.65 -210.5
      vertex -56.5359 -57.5 -210.5
      vertex -58.4294 -58.8494 -210.5
    endloop
  endfacet
  facet normal -0 0 -1
    outer loop
      vertex -56.3045 -57.9693 -210.5
      vertex -58.4294 -58.8494 -210.5
      vertex -56.5359 -57.5 -210.5
    endloop
  endfacet
  facet normal 0 0 -1
    outer loop
      vertex -56.0342 -60.0221 -210.5
      vertex -58.3145 -59.7219 -210.5
      vertex -58.3 -59.5 -210.5
    endloop
  endfacet
  facet normal 0 0 -1
    outer loop
      vertex -56.1363 -60.5353 -210.5
      vertex -58.3579 -59.94 -210.5
      vertex -58.3145 -59.7219 -210.5
    endloop
  endfacet
  facet normal 0 0 -1
    outer loop
      vertex -56.3045 -61.0307 -210.5
      vertex -58.4294 -60.1506 -210.5
      vertex -58.3579 -59.94 -210.5
    endloop
  endfacet
  facet normal 0 0 -1
    outer loop
      vertex -56.5359 -61.5 -210.5
      vertex -58.5278 -60.35 -210.5
      vertex -58.4294 -60.1506 -210.5
    endloop
  endfacet
  facet normal 0 0 -1
    outer loop
      vertex -56.8266 -61.935 -210.5
      vertex -58.6513 -60.5349 -210.5
      vertex -58.5278 -60.35 -210.5
    endloop
  endfacet
  facet normal 0 0 -1
    outer loop
      vertex -56.9311 -62.0542 -210.5
      vertex -58.7979 -60.7021 -210.5
      vertex -58.6513 -60.5349 -210.5
    endloop
  endfacet
  facet normal 0 0 -1
    outer loop
      vertex -56.9311 -62.0542 -210.5
      vertex -58.9651 -60.8487 -210.5
      vertex -58.7979 -60.7021 -210.5
    endloop
  endfacet
  facet normal 0 0 -1
    outer loop
      vertex -56.9311 -62.0542 -210.5
      vertex -59.15 -60.9722 -210.5
      vertex -58.9651 -60.8487 -210.5
    endloop
  endfacet
  facet normal 0 0 -1
    outer loop
      vertex -56.9311 -62.0542 -210.5
      vertex -59.3494 -61.0706 -210.5
      vertex -59.15 -60.9722 -210.5
    endloop
  endfacet
  facet normal 0 0 -1
    outer loop
      vertex -56.9311 -62.0542 -210.5
      vertex -59.56 -61.1421 -210.5
      vertex -59.3494 -61.0706 -210.5
    endloop
  endfacet
  facet normal 0 0 -1
    outer loop
      vertex -56.9311 -62.0542 -210.5
      vertex -59.7781 -61.1855 -210.5
      vertex -59.56 -61.1421 -210.5
    endloop
  endfacet
  facet normal 0 0 -1
    outer loop
      vertex -56.9311 -62.0542 -210.5
      vertex -60 -61.2 -210.5
      vertex -59.7781 -61.1855 -210.5
    endloop
  endfacet
  facet normal 0 0 -1
    outer loop
      vertex -63.0689 -62.0542 -210.5
      vertex -60 -61.2 -210.5
      vertex -56.9311 -62.0542 -210.5
    endloop
  endfacet
  facet normal -0 0 -1
    outer loop
      vertex -60 -61.2 -210.5
      vertex -63.0689 -62.0542 -210.5
      vertex -60.2219 -61.1855 -210.5
    endloop
  endfacet
  facet normal 0 0 -1
    outer loop
      vertex -64 -59.5 -210.5
      vertex -61.7 -59.5 -210.5
      vertex -61.6855 -59.7219 -210.5
    endloop
  endfacet
  facet normal 0 0 -1
    outer loop
      vertex -61.7 -59.5 -210.5
      vertex -62.435 -56.3266 -210.5
      vertex -62 -56.0359 -210.5
    endloop
  endfacet
  facet normal 0 0 -1
    outer loop
      vertex -63.9658 -60.0221 -210.5
      vertex -61.6855 -59.7219 -210.5
      vertex -61.6421 -59.94 -210.5
    endloop
  endfacet
  facet normal 0 0 -1
    outer loop
      vertex -61.7 -59.5 -210.5
      vertex -62.8284 -56.6716 -210.5
      vertex -62.435 -56.3266 -210.5
    endloop
  endfacet
  facet normal 0 0 -1
    outer loop
      vertex -63.8637 -60.5353 -210.5
      vertex -61.6421 -59.94 -210.5
      vertex -61.5706 -60.1506 -210.5
    endloop
  endfacet
  facet normal -0 0 -1
    outer loop
      vertex -60.2219 -61.1855 -210.5
      vertex -63.0689 -62.0542 -210.5
      vertex -60.44 -61.1421 -210.5
    endloop
  endfacet
  facet normal 0 0 -1
    outer loop
      vertex -63.0689 -62.0542 -210.5
      vertex -60.6506 -61.0706 -210.5
      vertex -60.44 -61.1421 -210.5
    endloop
  endfacet
  facet normal 0 0 -1
    outer loop
      vertex -63.0689 -62.0542 -210.5
      vertex -60.85 -60.9722 -210.5
      vertex -60.6506 -61.0706 -210.5
    endloop
  endfacet
  facet normal 0 0 -1
    outer loop
      vertex -63.0689 -62.0542 -210.5
      vertex -61.0349 -60.8487 -210.5
      vertex -60.85 -60.9722 -210.5
    endloop
  endfacet
  facet normal 0 0 -1
    outer loop
      vertex -63.0689 -62.0542 -210.5
      vertex -61.2021 -60.7021 -210.5
      vertex -61.0349 -60.8487 -210.5
    endloop
  endfacet
  facet normal 0 0 -1
    outer loop
      vertex -63.0689 -62.0542 -210.5
      vertex -61.3487 -60.5349 -210.5
      vertex -61.2021 -60.7021 -210.5
    endloop
  endfacet
  facet normal 0 0 -1
    outer loop
      vertex -63.1734 -61.935 -210.5
      vertex -61.3487 -60.5349 -210.5
      vertex -63.0689 -62.0542 -210.5
    endloop
  endfacet
  facet normal -0 0 -1
    outer loop
      vertex -61.3487 -60.5349 -210.5
      vertex -63.1734 -61.935 -210.5
      vertex -61.4722 -60.35 -210.5
    endloop
  endfacet
  facet normal 0 0 -1
    outer loop
      vertex -63.4641 -61.5 -210.5
      vertex -61.4722 -60.35 -210.5
      vertex -63.1734 -61.935 -210.5
    endloop
  endfacet
  facet normal -0 0 -1
    outer loop
      vertex -61.4722 -60.35 -210.5
      vertex -63.4641 -61.5 -210.5
      vertex -61.5706 -60.1506 -210.5
    endloop
  endfacet
  facet normal 0 0 -1
    outer loop
      vertex -61.7 -59.5 -210.5
      vertex -63.1734 -57.065 -210.5
      vertex -62.8284 -56.6716 -210.5
    endloop
  endfacet
  facet normal 0 0 -1
    outer loop
      vertex -63.6955 -61.0307 -210.5
      vertex -61.5706 -60.1506 -210.5
      vertex -63.4641 -61.5 -210.5
    endloop
  endfacet
  facet normal 0 0 -1
    outer loop
      vertex -61.7 -59.5 -210.5
      vertex -63.4641 -57.5 -210.5
      vertex -63.1734 -57.065 -210.5
    endloop
  endfacet
  facet normal 0 0 -1
    outer loop
      vertex -63.8637 -60.5353 -210.5
      vertex -61.5706 -60.1506 -210.5
      vertex -63.6955 -61.0307 -210.5
    endloop
  endfacet
  facet normal 0 0 -1
    outer loop
      vertex -61.7 -59.5 -210.5
      vertex -63.6955 -57.9693 -210.5
      vertex -63.4641 -57.5 -210.5
    endloop
  endfacet
  facet normal 0 0 -1
    outer loop
      vertex -61.6421 -59.94 -210.5
      vertex -63.8637 -60.5353 -210.5
      vertex -63.9658 -60.0221 -210.5
    endloop
  endfacet
  facet normal 0 0 -1
    outer loop
      vertex -61.7 -59.5 -210.5
      vertex -63.8637 -58.4647 -210.5
      vertex -63.6955 -57.9693 -210.5
    endloop
  endfacet
  facet normal -0 0 -1
    outer loop
      vertex -61.6855 -59.7219 -210.5
      vertex -63.9658 -60.0221 -210.5
      vertex -64 -59.5 -210.5
    endloop
  endfacet
  facet normal 0 0 -1
    outer loop
      vertex -61.7 -59.5 -210.5
      vertex -63.9658 -58.9779 -210.5
      vertex -63.8637 -58.4647 -210.5
    endloop
  endfacet
  facet normal 0 0 -1
    outer loop
      vertex -61.7 -59.5 -210.5
      vertex -64 -59.5 -210.5
      vertex -63.9658 -58.9779 -210.5
    endloop
  endfacet
  facet normal -0 0 -1
    outer loop
      vertex -56.5359 -57.5 -210.5
      vertex -58.5278 -58.65 -210.5
      vertex -56.8266 -57.065 -210.5
    endloop
  endfacet
  facet normal 0 0 -1
    outer loop
      vertex -58.6513 -58.4651 -210.5
      vertex -56.8266 -57.065 -210.5
      vertex -58.5278 -58.65 -210.5
    endloop
  endfacet
  facet normal -0 0 -1
    outer loop
      vertex -56.8266 -57.065 -210.5
      vertex -58.6513 -58.4651 -210.5
      vertex -57.1716 -56.6716 -210.5
    endloop
  endfacet
  facet normal 0 0 -1
    outer loop
      vertex -58.7979 -58.2979 -210.5
      vertex -57.1716 -56.6716 -210.5
      vertex -58.6513 -58.4651 -210.5
    endloop
  endfacet
  facet normal -0 0 -1
    outer loop
      vertex -57.1716 -56.6716 -210.5
      vertex -58.7979 -58.2979 -210.5
      vertex -57.565 -56.3266 -210.5
    endloop
  endfacet
  facet normal 0 0 -1
    outer loop
      vertex -58.9651 -58.1513 -210.5
      vertex -57.565 -56.3266 -210.5
      vertex -58.7979 -58.2979 -210.5
    endloop
  endfacet
  facet normal -0 0 -1
    outer loop
      vertex -57.565 -56.3266 -210.5
      vertex -58.9651 -58.1513 -210.5
      vertex -58 -56.0359 -210.5
    endloop
  endfacet
  facet normal 0 0 -1
    outer loop
      vertex -59.15 -58.0278 -210.5
      vertex -58 -56.0359 -210.5
      vertex -58.9651 -58.1513 -210.5
    endloop
  endfacet
  facet normal -0 0 -1
    outer loop
      vertex -58 -56.0359 -210.5
      vertex -59.15 -58.0278 -210.5
      vertex -58.4693 -55.8045 -210.5
    endloop
  endfacet
  facet normal 0 0 -1
    outer loop
      vertex -59.3494 -57.9294 -210.5
      vertex -58.4693 -55.8045 -210.5
      vertex -59.15 -58.0278 -210.5
    endloop
  endfacet
  facet normal -0 0 -1
    outer loop
      vertex -58.4693 -55.8045 -210.5
      vertex -59.3494 -57.9294 -210.5
      vertex -58.9647 -55.6363 -210.5
    endloop
  endfacet
  facet normal 0 0 -1
    outer loop
      vertex -59.56 -57.8579 -210.5
      vertex -58.9647 -55.6363 -210.5
      vertex -59.3494 -57.9294 -210.5
    endloop
  endfacet
  facet normal -0 0 -1
    outer loop
      vertex -58.9647 -55.6363 -210.5
      vertex -59.56 -57.8579 -210.5
      vertex -59.4779 -55.5342 -210.5
    endloop
  endfacet
  facet normal 0 0 -1
    outer loop
      vertex -59.7781 -57.8145 -210.5
      vertex -59.4779 -55.5342 -210.5
      vertex -59.56 -57.8579 -210.5
    endloop
  endfacet
  facet normal 0 0 -1
    outer loop
      vertex -60 -57.8 -210.5
      vertex -59.4779 -55.5342 -210.5
      vertex -59.7781 -57.8145 -210.5
    endloop
  endfacet
  facet normal 0 0 -1
    outer loop
      vertex -60 -57.8 -210.5
      vertex -60 -55.5 -210.5
      vertex -59.4779 -55.5342 -210.5
    endloop
  endfacet
  facet normal 0 0 -1
    outer loop
      vertex -60.2219 -57.8145 -210.5
      vertex -60 -55.5 -210.5
      vertex -60 -57.8 -210.5
    endloop
  endfacet
  facet normal 0 0 -1
    outer loop
      vertex -60.5221 -55.5342 -210.5
      vertex -60.2219 -57.8145 -210.5
      vertex -60.44 -57.8579 -210.5
    endloop
  endfacet
  facet normal 0 0 -1
    outer loop
      vertex -60.2219 -57.8145 -210.5
      vertex -60.5221 -55.5342 -210.5
      vertex -60 -55.5 -210.5
    endloop
  endfacet
  facet normal 0 0 -1
    outer loop
      vertex -61.0353 -55.6363 -210.5
      vertex -60.44 -57.8579 -210.5
      vertex -60.6506 -57.9294 -210.5
    endloop
  endfacet
  facet normal 0 0 -1
    outer loop
      vertex -61.5307 -55.8045 -210.5
      vertex -60.6506 -57.9294 -210.5
      vertex -60.85 -58.0278 -210.5
    endloop
  endfacet
  facet normal 0 0 -1
    outer loop
      vertex -62 -56.0359 -210.5
      vertex -60.85 -58.0278 -210.5
      vertex -61.0349 -58.1513 -210.5
    endloop
  endfacet
  facet normal 0 0 -1
    outer loop
      vertex -60.44 -57.8579 -210.5
      vertex -61.0353 -55.6363 -210.5
      vertex -60.5221 -55.5342 -210.5
    endloop
  endfacet
  facet normal 0 0 -1
    outer loop
      vertex -62 -56.0359 -210.5
      vertex -61.0349 -58.1513 -210.5
      vertex -61.2021 -58.2979 -210.5
    endloop
  endfacet
  facet normal 0 0 -1
    outer loop
      vertex -62 -56.0359 -210.5
      vertex -61.2021 -58.2979 -210.5
      vertex -61.3487 -58.4651 -210.5
    endloop
  endfacet
  facet normal 0 0 -1
    outer loop
      vertex -62 -56.0359 -210.5
      vertex -61.3487 -58.4651 -210.5
      vertex -61.4722 -58.65 -210.5
    endloop
  endfacet
  facet normal 0 0 -1
    outer loop
      vertex -60.6506 -57.9294 -210.5
      vertex -61.5307 -55.8045 -210.5
      vertex -61.0353 -55.6363 -210.5
    endloop
  endfacet
  facet normal 0 0 -1
    outer loop
      vertex -62 -56.0359 -210.5
      vertex -61.4722 -58.65 -210.5
      vertex -61.5706 -58.8494 -210.5
    endloop
  endfacet
  facet normal 0 0 -1
    outer loop
      vertex -62 -56.0359 -210.5
      vertex -61.5706 -58.8494 -210.5
      vertex -61.6421 -59.06 -210.5
    endloop
  endfacet
  facet normal 0 0 -1
    outer loop
      vertex -62 -56.0359 -210.5
      vertex -61.6421 -59.06 -210.5
      vertex -61.6855 -59.2781 -210.5
    endloop
  endfacet
  facet normal 0 0 -1
    outer loop
      vertex -62 -56.0359 -210.5
      vertex -61.6855 -59.2781 -210.5
      vertex -61.7 -59.5 -210.5
    endloop
  endfacet
  facet normal 0 0 -1
    outer loop
      vertex -60.85 -58.0278 -210.5
      vertex -62 -56.0359 -210.5
      vertex -61.5307 -55.8045 -210.5
    endloop
  endfacet
  facet normal -0.831432 0.555626 0
    outer loop
      vertex -63.4641 -57.5 -210.5
      vertex -63.1734 -57.065 -200.5
      vertex -63.1734 -57.065 -210.5
    endloop
  endfacet
  facet normal -0.831432 0.555626 0
    outer loop
      vertex -63.1734 -57.065 -200.5
      vertex -63.4641 -57.5 -210.5
      vertex -63.4641 -57.5 -200.5
    endloop
  endfacet
  facet normal -0.896898 -0.442238 0
    outer loop
      vertex -63.4641 -61.5 -210.5
      vertex -63.6955 -61.0307 -200.5
      vertex -63.6955 -61.0307 -210.5
    endloop
  endfacet
  facet normal -0.896898 -0.442238 0
    outer loop
      vertex -63.6955 -61.0307 -200.5
      vertex -63.4641 -61.5 -210.5
      vertex -63.4641 -61.5 -200.5
    endloop
  endfacet
  facet normal 0.195124 0.980779 -0
    outer loop
      vertex -58.9647 -55.6363 -210.5
      vertex -59.4779 -55.5342 -200.5
      vertex -58.9647 -55.6363 -200.5
    endloop
  endfacet
  facet normal 0.195124 0.980779 0
    outer loop
      vertex -59.4779 -55.5342 -200.5
      vertex -58.9647 -55.6363 -210.5
      vertex -59.4779 -55.5342 -210.5
    endloop
  endfacet
  facet normal -0.831432 -0.555626 0
    outer loop
      vertex -63.1734 -61.935 -210.5
      vertex -63.4641 -61.5 -200.5
      vertex -63.4641 -61.5 -210.5
    endloop
  endfacet
  facet normal -0.831432 -0.555626 0
    outer loop
      vertex -63.4641 -61.5 -200.5
      vertex -63.1734 -61.935 -210.5
      vertex -63.1734 -61.935 -200.5
    endloop
  endfacet
  facet normal 0 0 1
    outer loop
      vertex -56.0342 -58.9779 -200.5
      vertex -58.3145 -59.2781 -200.5
      vertex -58.3 -59.5 -200.5
    endloop
  endfacet
  facet normal 0 0 1
    outer loop
      vertex -57.565 -56.3266 -200.5
      vertex -58.3579 -59.06 -200.5
      vertex -58.3145 -59.2781 -200.5
    endloop
  endfacet
  facet normal 0 0 1
    outer loop
      vertex -57.565 -56.3266 -200.5
      vertex -58.4294 -58.8494 -200.5
      vertex -58.3579 -59.06 -200.5
    endloop
  endfacet
  facet normal 0 0 1
    outer loop
      vertex -59.15 -58.0278 -200.5
      vertex -58 -56.0359 -200.5
      vertex -58.4693 -55.8045 -200.5
    endloop
  endfacet
  facet normal 0 0 1
    outer loop
      vertex -57.565 -56.3266 -200.5
      vertex -58.5278 -58.65 -200.5
      vertex -58.4294 -58.8494 -200.5
    endloop
  endfacet
  facet normal 0 0 1
    outer loop
      vertex -57.565 -56.3266 -200.5
      vertex -58.6513 -58.4651 -200.5
      vertex -58.5278 -58.65 -200.5
    endloop
  endfacet
  facet normal 0 0 1
    outer loop
      vertex -57.565 -56.3266 -200.5
      vertex -58.7979 -58.2979 -200.5
      vertex -58.6513 -58.4651 -200.5
    endloop
  endfacet
  facet normal 0 0 1
    outer loop
      vertex -59.3494 -57.9294 -200.5
      vertex -58.4693 -55.8045 -200.5
      vertex -58.9647 -55.6363 -200.5
    endloop
  endfacet
  facet normal 0 0 1
    outer loop
      vertex -57.565 -56.3266 -200.5
      vertex -58.9651 -58.1513 -200.5
      vertex -58.7979 -58.2979 -200.5
    endloop
  endfacet
  facet normal 0 0 1
    outer loop
      vertex -58 -56.0359 -200.5
      vertex -59.15 -58.0278 -200.5
      vertex -58.9651 -58.1513 -200.5
    endloop
  endfacet
  facet normal 0 0 1
    outer loop
      vertex -58.4693 -55.8045 -200.5
      vertex -59.3494 -57.9294 -200.5
      vertex -59.15 -58.0278 -200.5
    endloop
  endfacet
  facet normal 0 0 1
    outer loop
      vertex -59.56 -57.8579 -200.5
      vertex -58.9647 -55.6363 -200.5
      vertex -59.4779 -55.5342 -200.5
    endloop
  endfacet
  facet normal 0 0 1
    outer loop
      vertex -58.9647 -55.6363 -200.5
      vertex -59.56 -57.8579 -200.5
      vertex -59.3494 -57.9294 -200.5
    endloop
  endfacet
  facet normal 0 0 1
    outer loop
      vertex -59.4779 -55.5342 -200.5
      vertex -59.7781 -57.8145 -200.5
      vertex -59.56 -57.8579 -200.5
    endloop
  endfacet
  facet normal 0 0 1
    outer loop
      vertex -60 -55.5 -200.5
      vertex -59.7781 -57.8145 -200.5
      vertex -59.4779 -55.5342 -200.5
    endloop
  endfacet
  facet normal 0 0 1
    outer loop
      vertex -60 -55.5 -200.5
      vertex -60 -57.8 -200.5
      vertex -59.7781 -57.8145 -200.5
    endloop
  endfacet
  facet normal 0 0 1
    outer loop
      vertex -60 -55.5 -200.5
      vertex -60.2219 -57.8145 -200.5
      vertex -60 -57.8 -200.5
    endloop
  endfacet
  facet normal -0 0 1
    outer loop
      vertex -60.5221 -55.5342 -200.5
      vertex -60.2219 -57.8145 -200.5
      vertex -60 -55.5 -200.5
    endloop
  endfacet
  facet normal 0 0 1
    outer loop
      vertex -60.2219 -57.8145 -200.5
      vertex -60.5221 -55.5342 -200.5
      vertex -60.44 -57.8579 -200.5
    endloop
  endfacet
  facet normal -0 0 1
    outer loop
      vertex -61.0353 -55.6363 -200.5
      vertex -60.44 -57.8579 -200.5
      vertex -60.5221 -55.5342 -200.5
    endloop
  endfacet
  facet normal 0 0 1
    outer loop
      vertex -60.44 -57.8579 -200.5
      vertex -61.0353 -55.6363 -200.5
      vertex -60.6506 -57.9294 -200.5
    endloop
  endfacet
  facet normal -0 0 1
    outer loop
      vertex -61.5307 -55.8045 -200.5
      vertex -60.6506 -57.9294 -200.5
      vertex -61.0353 -55.6363 -200.5
    endloop
  endfacet
  facet normal 0 0 1
    outer loop
      vertex -60.6506 -57.9294 -200.5
      vertex -61.5307 -55.8045 -200.5
      vertex -60.85 -58.0278 -200.5
    endloop
  endfacet
  facet normal -0 0 1
    outer loop
      vertex -62 -56.0359 -200.5
      vertex -60.85 -58.0278 -200.5
      vertex -61.5307 -55.8045 -200.5
    endloop
  endfacet
  facet normal 0 0 1
    outer loop
      vertex -60.85 -58.0278 -200.5
      vertex -62 -56.0359 -200.5
      vertex -61.0349 -58.1513 -200.5
    endloop
  endfacet
  facet normal -0 0 1
    outer loop
      vertex -62.435 -56.3266 -200.5
      vertex -61.0349 -58.1513 -200.5
      vertex -62 -56.0359 -200.5
    endloop
  endfacet
  facet normal 0 0 1
    outer loop
      vertex -61.0349 -58.1513 -200.5
      vertex -62.435 -56.3266 -200.5
      vertex -61.2021 -58.2979 -200.5
    endloop
  endfacet
  facet normal -0 0 1
    outer loop
      vertex -62.8284 -56.6716 -200.5
      vertex -61.2021 -58.2979 -200.5
      vertex -62.435 -56.3266 -200.5
    endloop
  endfacet
  facet normal 0 0 1
    outer loop
      vertex -61.2021 -58.2979 -200.5
      vertex -62.8284 -56.6716 -200.5
      vertex -61.3487 -58.4651 -200.5
    endloop
  endfacet
  facet normal -0 0 1
    outer loop
      vertex -63.1734 -57.065 -200.5
      vertex -61.3487 -58.4651 -200.5
      vertex -62.8284 -56.6716 -200.5
    endloop
  endfacet
  facet normal 0 0 1
    outer loop
      vertex -61.3487 -58.4651 -200.5
      vertex -63.1734 -57.065 -200.5
      vertex -61.4722 -58.65 -200.5
    endloop
  endfacet
  facet normal -0 0 1
    outer loop
      vertex -63.4641 -57.5 -200.5
      vertex -61.4722 -58.65 -200.5
      vertex -63.1734 -57.065 -200.5
    endloop
  endfacet
  facet normal 0 0 1
    outer loop
      vertex -58.3 -59.5 -200.5
      vertex -56 -59.5 -200.5
      vertex -56.0342 -58.9779 -200.5
    endloop
  endfacet
  facet normal 0 0 1
    outer loop
      vertex -58.3145 -59.2781 -200.5
      vertex -56.0342 -58.9779 -200.5
      vertex -56.1363 -58.4647 -200.5
    endloop
  endfacet
  facet normal 0 0 1
    outer loop
      vertex -56 -59.5 -200.5
      vertex -58.3 -59.5 -200.5
      vertex -56.0342 -60.0221 -200.5
    endloop
  endfacet
  facet normal 0 0 1
    outer loop
      vertex -58.3145 -59.2781 -200.5
      vertex -56.1363 -58.4647 -200.5
      vertex -56.3045 -57.9693 -200.5
    endloop
  endfacet
  facet normal -0 0 1
    outer loop
      vertex -58.3145 -59.7219 -200.5
      vertex -56.0342 -60.0221 -200.5
      vertex -58.3 -59.5 -200.5
    endloop
  endfacet
  facet normal 0 0 1
    outer loop
      vertex -58.3145 -59.2781 -200.5
      vertex -56.3045 -57.9693 -200.5
      vertex -56.5359 -57.5 -200.5
    endloop
  endfacet
  facet normal 0 0 1
    outer loop
      vertex -56.0342 -60.0221 -200.5
      vertex -58.3145 -59.7219 -200.5
      vertex -56.1363 -60.5353 -200.5
    endloop
  endfacet
  facet normal 0 0 1
    outer loop
      vertex -58.3145 -59.2781 -200.5
      vertex -56.5359 -57.5 -200.5
      vertex -56.8266 -57.065 -200.5
    endloop
  endfacet
  facet normal -0 0 1
    outer loop
      vertex -58.3579 -59.94 -200.5
      vertex -56.1363 -60.5353 -200.5
      vertex -58.3145 -59.7219 -200.5
    endloop
  endfacet
  facet normal 0 0 1
    outer loop
      vertex -56.1363 -60.5353 -200.5
      vertex -58.3579 -59.94 -200.5
      vertex -56.3045 -61.0307 -200.5
    endloop
  endfacet
  facet normal 0 0 1
    outer loop
      vertex -58.3145 -59.2781 -200.5
      vertex -56.8266 -57.065 -200.5
      vertex -57.1716 -56.6716 -200.5
    endloop
  endfacet
  facet normal 0 0 1
    outer loop
      vertex -58.3145 -59.2781 -200.5
      vertex -57.1716 -56.6716 -200.5
      vertex -57.565 -56.3266 -200.5
    endloop
  endfacet
  facet normal 0 0 1
    outer loop
      vertex -58.9651 -58.1513 -200.5
      vertex -57.565 -56.3266 -200.5
      vertex -58 -56.0359 -200.5
    endloop
  endfacet
  facet normal -0 0 1
    outer loop
      vertex -58.4294 -60.1506 -200.5
      vertex -56.3045 -61.0307 -200.5
      vertex -58.3579 -59.94 -200.5
    endloop
  endfacet
  facet normal 0 0 1
    outer loop
      vertex -56.3045 -61.0307 -200.5
      vertex -58.4294 -60.1506 -200.5
      vertex -56.5359 -61.5 -200.5
    endloop
  endfacet
  facet normal -0 0 1
    outer loop
      vertex -58.5278 -60.35 -200.5
      vertex -56.5359 -61.5 -200.5
      vertex -58.4294 -60.1506 -200.5
    endloop
  endfacet
  facet normal 0 0 1
    outer loop
      vertex -56.5359 -61.5 -200.5
      vertex -58.5278 -60.35 -200.5
      vertex -56.8266 -61.935 -200.5
    endloop
  endfacet
  facet normal -0 0 1
    outer loop
      vertex -58.6513 -60.5349 -200.5
      vertex -56.8266 -61.935 -200.5
      vertex -58.5278 -60.35 -200.5
    endloop
  endfacet
  facet normal 0 0 1
    outer loop
      vertex -56.8266 -61.935 -200.5
      vertex -58.6513 -60.5349 -200.5
      vertex -57.1354 -62.2871 -200.5
    endloop
  endfacet
  facet normal -0 0 1
    outer loop
      vertex -58.7979 -60.7021 -200.5
      vertex -57.1354 -62.2871 -200.5
      vertex -58.6513 -60.5349 -200.5
    endloop
  endfacet
  facet normal -0 0 1
    outer loop
      vertex -58.9651 -60.8487 -200.5
      vertex -57.1354 -62.2871 -200.5
      vertex -58.7979 -60.7021 -200.5
    endloop
  endfacet
  facet normal -0 0 1
    outer loop
      vertex -59.15 -60.9722 -200.5
      vertex -57.1354 -62.2871 -200.5
      vertex -58.9651 -60.8487 -200.5
    endloop
  endfacet
  facet normal -0 0 1
    outer loop
      vertex -59.3494 -61.0706 -200.5
      vertex -57.1354 -62.2871 -200.5
      vertex -59.15 -60.9722 -200.5
    endloop
  endfacet
  facet normal -0 0 1
    outer loop
      vertex -59.56 -61.1421 -200.5
      vertex -57.1354 -62.2871 -200.5
      vertex -59.3494 -61.0706 -200.5
    endloop
  endfacet
  facet normal -0 0 1
    outer loop
      vertex -59.7781 -61.1855 -200.5
      vertex -57.1354 -62.2871 -200.5
      vertex -59.56 -61.1421 -200.5
    endloop
  endfacet
  facet normal -0 0 1
    outer loop
      vertex -60 -61.2 -200.5
      vertex -57.1354 -62.2871 -200.5
      vertex -59.7781 -61.1855 -200.5
    endloop
  endfacet
  facet normal 0 0 1
    outer loop
      vertex -62.8646 -62.2871 -200.5
      vertex -60 -61.2 -200.5
      vertex -60.2219 -61.1855 -200.5
    endloop
  endfacet
  facet normal 0 0 1
    outer loop
      vertex -62.8646 -62.2871 -200.5
      vertex -60.2219 -61.1855 -200.5
      vertex -60.44 -61.1421 -200.5
    endloop
  endfacet
  facet normal 0 0 1
    outer loop
      vertex -62.8646 -62.2871 -200.5
      vertex -60.44 -61.1421 -200.5
      vertex -60.6506 -61.0706 -200.5
    endloop
  endfacet
  facet normal 0 0 1
    outer loop
      vertex -61.4722 -58.65 -200.5
      vertex -63.4641 -57.5 -200.5
      vertex -61.5706 -58.8494 -200.5
    endloop
  endfacet
  facet normal -0 0 1
    outer loop
      vertex -63.6955 -57.9693 -200.5
      vertex -61.5706 -58.8494 -200.5
      vertex -63.4641 -57.5 -200.5
    endloop
  endfacet
  facet normal 0 0 1
    outer loop
      vertex -61.5706 -58.8494 -200.5
      vertex -63.6955 -57.9693 -200.5
      vertex -61.6421 -59.06 -200.5
    endloop
  endfacet
  facet normal -0 0 1
    outer loop
      vertex -63.8637 -58.4647 -200.5
      vertex -61.6421 -59.06 -200.5
      vertex -63.6955 -57.9693 -200.5
    endloop
  endfacet
  facet normal 0 0 1
    outer loop
      vertex -61.6421 -59.06 -200.5
      vertex -63.8637 -58.4647 -200.5
      vertex -61.6855 -59.2781 -200.5
    endloop
  endfacet
  facet normal 0 0 1
    outer loop
      vertex -60 -61.2 -200.5
      vertex -62.8646 -62.2871 -200.5
      vertex -57.1354 -62.2871 -200.5
    endloop
  endfacet
  facet normal 0 0 1
    outer loop
      vertex -60.85 -60.9722 -200.5
      vertex -62.8646 -62.2871 -200.5
      vertex -60.6506 -61.0706 -200.5
    endloop
  endfacet
  facet normal 0 0 1
    outer loop
      vertex -61.0349 -60.8487 -200.5
      vertex -62.8646 -62.2871 -200.5
      vertex -60.85 -60.9722 -200.5
    endloop
  endfacet
  facet normal 0 0 1
    outer loop
      vertex -61.2021 -60.7021 -200.5
      vertex -62.8646 -62.2871 -200.5
      vertex -61.0349 -60.8487 -200.5
    endloop
  endfacet
  facet normal 0 0 1
    outer loop
      vertex -61.3487 -60.5349 -200.5
      vertex -62.8646 -62.2871 -200.5
      vertex -61.2021 -60.7021 -200.5
    endloop
  endfacet
  facet normal 0 0 1
    outer loop
      vertex -63.1734 -61.935 -200.5
      vertex -61.3487 -60.5349 -200.5
      vertex -61.4722 -60.35 -200.5
    endloop
  endfacet
  facet normal 0 0 1
    outer loop
      vertex -63.4641 -61.5 -200.5
      vertex -61.4722 -60.35 -200.5
      vertex -61.5706 -60.1506 -200.5
    endloop
  endfacet
  facet normal -0 0 1
    outer loop
      vertex -63.9658 -58.9779 -200.5
      vertex -61.6855 -59.2781 -200.5
      vertex -63.8637 -58.4647 -200.5
    endloop
  endfacet
  facet normal 0 0 1
    outer loop
      vertex -61.6855 -59.2781 -200.5
      vertex -63.9658 -58.9779 -200.5
      vertex -61.7 -59.5 -200.5
    endloop
  endfacet
  facet normal 0 0 1
    outer loop
      vertex -61.3487 -60.5349 -200.5
      vertex -63.1734 -61.935 -200.5
      vertex -62.8646 -62.2871 -200.5
    endloop
  endfacet
  facet normal 0 0 1
    outer loop
      vertex -64 -59.5 -200.5
      vertex -61.7 -59.5 -200.5
      vertex -63.9658 -58.9779 -200.5
    endloop
  endfacet
  facet normal 0 0 1
    outer loop
      vertex -61.4722 -60.35 -200.5
      vertex -63.4641 -61.5 -200.5
      vertex -63.1734 -61.935 -200.5
    endloop
  endfacet
  facet normal 0 0 1
    outer loop
      vertex -61.7 -59.5 -200.5
      vertex -64 -59.5 -200.5
      vertex -61.6855 -59.7219 -200.5
    endloop
  endfacet
  facet normal 0 0 1
    outer loop
      vertex -61.5706 -60.1506 -200.5
      vertex -63.6955 -61.0307 -200.5
      vertex -63.4641 -61.5 -200.5
    endloop
  endfacet
  facet normal 0 -0 1
    outer loop
      vertex -63.9658 -60.0221 -200.5
      vertex -61.6855 -59.7219 -200.5
      vertex -64 -59.5 -200.5
    endloop
  endfacet
  facet normal 0 0 1
    outer loop
      vertex -61.5706 -60.1506 -200.5
      vertex -63.8637 -60.5353 -200.5
      vertex -63.6955 -61.0307 -200.5
    endloop
  endfacet
  facet normal 0 0 1
    outer loop
      vertex -61.6855 -59.7219 -200.5
      vertex -63.9658 -60.0221 -200.5
      vertex -61.6421 -59.94 -200.5
    endloop
  endfacet
  facet normal 0 0 1
    outer loop
      vertex -61.6421 -59.94 -200.5
      vertex -63.8637 -60.5353 -200.5
      vertex -61.5706 -60.1506 -200.5
    endloop
  endfacet
  facet normal 0 -0 1
    outer loop
      vertex -63.8637 -60.5353 -200.5
      vertex -61.6421 -59.94 -200.5
      vertex -63.9658 -60.0221 -200.5
    endloop
  endfacet
  facet normal -0.98077 -0.195165 0
    outer loop
      vertex -58.3145 -59.2781 -210.5
      vertex -58.3579 -59.06 -200.5
      vertex -58.3579 -59.06 -210.5
    endloop
  endfacet
  facet normal -0.98077 -0.195165 0
    outer loop
      vertex -58.3579 -59.06 -200.5
      vertex -58.3145 -59.2781 -210.5
      vertex -58.3145 -59.2781 -200.5
    endloop
  endfacet
  facet normal -0.997872 -0.0652057 0
    outer loop
      vertex -58.3 -59.5 -210.5
      vertex -58.3145 -59.2781 -200.5
      vertex -58.3145 -59.2781 -210.5
    endloop
  endfacet
  facet normal -0.997872 -0.0652057 0
    outer loop
      vertex -58.3145 -59.2781 -200.5
      vertex -58.3 -59.5 -210.5
      vertex -58.3 -59.5 -200.5
    endloop
  endfacet
  facet normal -0.0652057 0.997872 0
    outer loop
      vertex -59.7781 -61.1855 -210.5
      vertex -60 -61.2 -200.5
      vertex -59.7781 -61.1855 -200.5
    endloop
  endfacet
  facet normal -0.0652057 0.997872 0
    outer loop
      vertex -60 -61.2 -200.5
      vertex -59.7781 -61.1855 -210.5
      vertex -60 -61.2 -210.5
    endloop
  endfacet
  facet normal 0.659268 -0.751908 0
    outer loop
      vertex -61.2021 -58.2979 -210.5
      vertex -61.0349 -58.1513 -200.5
      vertex -61.2021 -58.2979 -200.5
    endloop
  endfacet
  facet normal 0.659268 -0.751908 0
    outer loop
      vertex -61.0349 -58.1513 -200.5
      vertex -61.2021 -58.2979 -210.5
      vertex -61.0349 -58.1513 -210.5
    endloop
  endfacet
  facet normal 0.831566 0.555426 0
    outer loop
      vertex -61.3487 -60.5349 -200.5
      vertex -61.4722 -60.35 -210.5
      vertex -61.4722 -60.35 -200.5
    endloop
  endfacet
  facet normal 0.831566 0.555426 0
    outer loop
      vertex -61.4722 -60.35 -210.5
      vertex -61.3487 -60.5349 -200.5
      vertex -61.3487 -60.5349 -210.5
    endloop
  endfacet
  facet normal 0.195165 0.98077 -0
    outer loop
      vertex -60.2219 -61.1855 -210.5
      vertex -60.44 -61.1421 -200.5
      vertex -60.2219 -61.1855 -200.5
    endloop
  endfacet
  facet normal 0.195165 0.98077 0
    outer loop
      vertex -60.44 -61.1421 -200.5
      vertex -60.2219 -61.1855 -210.5
      vertex -60.44 -61.1421 -210.5
    endloop
  endfacet
  facet normal -0.659268 -0.751908 0
    outer loop
      vertex -58.9651 -58.1513 -210.5
      vertex -58.7979 -58.2979 -200.5
      vertex -58.9651 -58.1513 -200.5
    endloop
  endfacet
  facet normal -0.659268 -0.751908 -0
    outer loop
      vertex -58.7979 -58.2979 -200.5
      vertex -58.9651 -58.1513 -210.5
      vertex -58.7979 -58.2979 -210.5
    endloop
  endfacet
  facet normal -0.946915 0.321484 0
    outer loop
      vertex -58.4294 -60.1506 -210.5
      vertex -58.3579 -59.94 -200.5
      vertex -58.3579 -59.94 -210.5
    endloop
  endfacet
  facet normal -0.946915 0.321484 0
    outer loop
      vertex -58.3579 -59.94 -200.5
      vertex -58.4294 -60.1506 -210.5
      vertex -58.4294 -60.1506 -200.5
    endloop
  endfacet
  facet normal -0.751908 0.659268 0
    outer loop
      vertex -58.7979 -60.7021 -210.5
      vertex -58.6513 -60.5349 -200.5
      vertex -58.6513 -60.5349 -210.5
    endloop
  endfacet
  facet normal -0.751908 0.659268 0
    outer loop
      vertex -58.6513 -60.5349 -200.5
      vertex -58.7979 -60.7021 -210.5
      vertex -58.7979 -60.7021 -200.5
    endloop
  endfacet
  facet normal -0.751908 -0.659268 0
    outer loop
      vertex -58.6513 -58.4651 -210.5
      vertex -58.7979 -58.2979 -200.5
      vertex -58.7979 -58.2979 -210.5
    endloop
  endfacet
  facet normal -0.751908 -0.659268 0
    outer loop
      vertex -58.7979 -58.2979 -200.5
      vertex -58.6513 -58.4651 -210.5
      vertex -58.6513 -58.4651 -200.5
    endloop
  endfacet
  facet normal 0.946915 0.321484 0
    outer loop
      vertex -61.5706 -60.1506 -200.5
      vertex -61.6421 -59.94 -210.5
      vertex -61.6421 -59.94 -200.5
    endloop
  endfacet
  facet normal 0.946915 0.321484 0
    outer loop
      vertex -61.6421 -59.94 -210.5
      vertex -61.5706 -60.1506 -200.5
      vertex -61.5706 -60.1506 -210.5
    endloop
  endfacet
  facet normal -0.321484 0.946915 0
    outer loop
      vertex -59.3494 -61.0706 -210.5
      vertex -59.56 -61.1421 -200.5
      vertex -59.3494 -61.0706 -200.5
    endloop
  endfacet
  facet normal -0.321484 0.946915 0
    outer loop
      vertex -59.56 -61.1421 -200.5
      vertex -59.3494 -61.0706 -210.5
      vertex -59.56 -61.1421 -210.5
    endloop
  endfacet
  facet normal 0.0652057 0.997872 -0
    outer loop
      vertex -60 -61.2 -210.5
      vertex -60.2219 -61.1855 -200.5
      vertex -60 -61.2 -200.5
    endloop
  endfacet
  facet normal 0.0652057 0.997872 0
    outer loop
      vertex -60.2219 -61.1855 -200.5
      vertex -60 -61.2 -210.5
      vertex -60.2219 -61.1855 -210.5
    endloop
  endfacet
  facet normal 0.321484 -0.946915 0
    outer loop
      vertex -60.6506 -57.9294 -210.5
      vertex -60.44 -57.8579 -200.5
      vertex -60.6506 -57.9294 -200.5
    endloop
  endfacet
  facet normal 0.321484 -0.946915 0
    outer loop
      vertex -60.44 -57.8579 -200.5
      vertex -60.6506 -57.9294 -210.5
      vertex -60.44 -57.8579 -210.5
    endloop
  endfacet
  facet normal 0.751908 -0.659268 0
    outer loop
      vertex -61.3487 -58.4651 -200.5
      vertex -61.2021 -58.2979 -210.5
      vertex -61.2021 -58.2979 -200.5
    endloop
  endfacet
  facet normal 0.751908 -0.659268 0
    outer loop
      vertex -61.2021 -58.2979 -210.5
      vertex -61.3487 -58.4651 -200.5
      vertex -61.3487 -58.4651 -210.5
    endloop
  endfacet
  facet normal 0.44253 0.896754 -0
    outer loop
      vertex -60.6506 -61.0706 -210.5
      vertex -60.85 -60.9722 -200.5
      vertex -60.6506 -61.0706 -200.5
    endloop
  endfacet
  facet normal 0.44253 0.896754 0
    outer loop
      vertex -60.85 -60.9722 -200.5
      vertex -60.6506 -61.0706 -210.5
      vertex -60.85 -60.9722 -210.5
    endloop
  endfacet
  facet normal 0.0652057 -0.997872 0
    outer loop
      vertex -60.2219 -57.8145 -210.5
      vertex -60 -57.8 -200.5
      vertex -60.2219 -57.8145 -200.5
    endloop
  endfacet
  facet normal 0.0652057 -0.997872 0
    outer loop
      vertex -60 -57.8 -200.5
      vertex -60.2219 -57.8145 -210.5
      vertex -60 -57.8 -210.5
    endloop
  endfacet
  facet normal -0.896754 0.44253 0
    outer loop
      vertex -58.5278 -60.35 -210.5
      vertex -58.4294 -60.1506 -200.5
      vertex -58.4294 -60.1506 -210.5
    endloop
  endfacet
  facet normal -0.896754 0.44253 0
    outer loop
      vertex -58.4294 -60.1506 -200.5
      vertex -58.5278 -60.35 -210.5
      vertex -58.5278 -60.35 -200.5
    endloop
  endfacet
  facet normal -0.555426 0.831566 0
    outer loop
      vertex -58.9651 -60.8487 -210.5
      vertex -59.15 -60.9722 -200.5
      vertex -58.9651 -60.8487 -200.5
    endloop
  endfacet
  facet normal -0.555426 0.831566 0
    outer loop
      vertex -59.15 -60.9722 -200.5
      vertex -58.9651 -60.8487 -210.5
      vertex -59.15 -60.9722 -210.5
    endloop
  endfacet
  facet normal 0.98077 0.195165 0
    outer loop
      vertex -61.6421 -59.94 -200.5
      vertex -61.6855 -59.7219 -210.5
      vertex -61.6855 -59.7219 -200.5
    endloop
  endfacet
  facet normal 0.98077 0.195165 0
    outer loop
      vertex -61.6855 -59.7219 -210.5
      vertex -61.6421 -59.94 -200.5
      vertex -61.6421 -59.94 -210.5
    endloop
  endfacet
  facet normal -0.195165 -0.98077 0
    outer loop
      vertex -59.7781 -57.8145 -210.5
      vertex -59.56 -57.8579 -200.5
      vertex -59.7781 -57.8145 -200.5
    endloop
  endfacet
  facet normal -0.195165 -0.98077 -0
    outer loop
      vertex -59.56 -57.8579 -200.5
      vertex -59.7781 -57.8145 -210.5
      vertex -59.56 -57.8579 -210.5
    endloop
  endfacet
  facet normal -0.831566 -0.555426 0
    outer loop
      vertex -58.5278 -58.65 -210.5
      vertex -58.6513 -58.4651 -200.5
      vertex -58.6513 -58.4651 -210.5
    endloop
  endfacet
  facet normal -0.831566 -0.555426 0
    outer loop
      vertex -58.6513 -58.4651 -200.5
      vertex -58.5278 -58.65 -210.5
      vertex -58.5278 -58.65 -200.5
    endloop
  endfacet
  facet normal -0.997872 0.0652057 0
    outer loop
      vertex -58.3145 -59.7219 -210.5
      vertex -58.3 -59.5 -200.5
      vertex -58.3 -59.5 -210.5
    endloop
  endfacet
  facet normal -0.997872 0.0652057 0
    outer loop
      vertex -58.3 -59.5 -200.5
      vertex -58.3145 -59.7219 -210.5
      vertex -58.3145 -59.7219 -200.5
    endloop
  endfacet
  facet normal -0.321484 -0.946915 0
    outer loop
      vertex -59.56 -57.8579 -210.5
      vertex -59.3494 -57.9294 -200.5
      vertex -59.56 -57.8579 -200.5
    endloop
  endfacet
  facet normal -0.321484 -0.946915 -0
    outer loop
      vertex -59.3494 -57.9294 -200.5
      vertex -59.56 -57.8579 -210.5
      vertex -59.3494 -57.9294 -210.5
    endloop
  endfacet
  facet normal -0.555426 -0.831566 0
    outer loop
      vertex -59.15 -58.0278 -210.5
      vertex -58.9651 -58.1513 -200.5
      vertex -59.15 -58.0278 -200.5
    endloop
  endfacet
  facet normal -0.555426 -0.831566 -0
    outer loop
      vertex -58.9651 -58.1513 -200.5
      vertex -59.15 -58.0278 -210.5
      vertex -58.9651 -58.1513 -210.5
    endloop
  endfacet
  facet normal 0.195165 -0.98077 0
    outer loop
      vertex -60.44 -57.8579 -210.5
      vertex -60.2219 -57.8145 -200.5
      vertex -60.44 -57.8579 -200.5
    endloop
  endfacet
  facet normal 0.195165 -0.98077 0
    outer loop
      vertex -60.2219 -57.8145 -200.5
      vertex -60.44 -57.8579 -210.5
      vertex -60.2219 -57.8145 -210.5
    endloop
  endfacet
  facet normal -0.659268 0.751908 0
    outer loop
      vertex -58.7979 -60.7021 -210.5
      vertex -58.9651 -60.8487 -200.5
      vertex -58.7979 -60.7021 -200.5
    endloop
  endfacet
  facet normal -0.659268 0.751908 0
    outer loop
      vertex -58.9651 -60.8487 -200.5
      vertex -58.7979 -60.7021 -210.5
      vertex -58.9651 -60.8487 -210.5
    endloop
  endfacet
  facet normal 0.896754 -0.44253 0
    outer loop
      vertex -61.5706 -58.8494 -200.5
      vertex -61.4722 -58.65 -210.5
      vertex -61.4722 -58.65 -200.5
    endloop
  endfacet
  facet normal 0.896754 -0.44253 0
    outer loop
      vertex -61.4722 -58.65 -210.5
      vertex -61.5706 -58.8494 -200.5
      vertex -61.5706 -58.8494 -210.5
    endloop
  endfacet
  facet normal -0.98077 0.195165 0
    outer loop
      vertex -58.3579 -59.94 -210.5
      vertex -58.3145 -59.7219 -200.5
      vertex -58.3145 -59.7219 -210.5
    endloop
  endfacet
  facet normal -0.98077 0.195165 0
    outer loop
      vertex -58.3145 -59.7219 -200.5
      vertex -58.3579 -59.94 -210.5
      vertex -58.3579 -59.94 -200.5
    endloop
  endfacet
  facet normal -0.195165 0.98077 0
    outer loop
      vertex -59.56 -61.1421 -210.5
      vertex -59.7781 -61.1855 -200.5
      vertex -59.56 -61.1421 -200.5
    endloop
  endfacet
  facet normal -0.195165 0.98077 0
    outer loop
      vertex -59.7781 -61.1855 -200.5
      vertex -59.56 -61.1421 -210.5
      vertex -59.7781 -61.1855 -210.5
    endloop
  endfacet
  facet normal 0.659268 0.751908 -0
    outer loop
      vertex -61.0349 -60.8487 -210.5
      vertex -61.2021 -60.7021 -200.5
      vertex -61.0349 -60.8487 -200.5
    endloop
  endfacet
  facet normal 0.659268 0.751908 0
    outer loop
      vertex -61.2021 -60.7021 -200.5
      vertex -61.0349 -60.8487 -210.5
      vertex -61.2021 -60.7021 -210.5
    endloop
  endfacet
  facet normal 0.751908 0.659268 0
    outer loop
      vertex -61.2021 -60.7021 -200.5
      vertex -61.3487 -60.5349 -210.5
      vertex -61.3487 -60.5349 -200.5
    endloop
  endfacet
  facet normal 0.751908 0.659268 0
    outer loop
      vertex -61.3487 -60.5349 -210.5
      vertex -61.2021 -60.7021 -200.5
      vertex -61.2021 -60.7021 -210.5
    endloop
  endfacet
  facet normal -0.0652057 -0.997872 0
    outer loop
      vertex -60 -57.8 -210.5
      vertex -59.7781 -57.8145 -200.5
      vertex -60 -57.8 -200.5
    endloop
  endfacet
  facet normal -0.0652057 -0.997872 -0
    outer loop
      vertex -59.7781 -57.8145 -200.5
      vertex -60 -57.8 -210.5
      vertex -59.7781 -57.8145 -210.5
    endloop
  endfacet
  facet normal -0.44253 -0.896754 0
    outer loop
      vertex -59.3494 -57.9294 -210.5
      vertex -59.15 -58.0278 -200.5
      vertex -59.3494 -57.9294 -200.5
    endloop
  endfacet
  facet normal -0.44253 -0.896754 -0
    outer loop
      vertex -59.15 -58.0278 -200.5
      vertex -59.3494 -57.9294 -210.5
      vertex -59.15 -58.0278 -210.5
    endloop
  endfacet
  facet normal -0.831566 0.555426 0
    outer loop
      vertex -58.6513 -60.5349 -210.5
      vertex -58.5278 -60.35 -200.5
      vertex -58.5278 -60.35 -210.5
    endloop
  endfacet
  facet normal -0.831566 0.555426 0
    outer loop
      vertex -58.5278 -60.35 -200.5
      vertex -58.6513 -60.5349 -210.5
      vertex -58.6513 -60.5349 -200.5
    endloop
  endfacet
  facet normal 0.997872 0.0652057 0
    outer loop
      vertex -61.6855 -59.7219 -200.5
      vertex -61.7 -59.5 -210.5
      vertex -61.7 -59.5 -200.5
    endloop
  endfacet
  facet normal 0.997872 0.0652057 0
    outer loop
      vertex -61.7 -59.5 -210.5
      vertex -61.6855 -59.7219 -200.5
      vertex -61.6855 -59.7219 -210.5
    endloop
  endfacet
  facet normal -0.44253 0.896754 0
    outer loop
      vertex -59.15 -60.9722 -210.5
      vertex -59.3494 -61.0706 -200.5
      vertex -59.15 -60.9722 -200.5
    endloop
  endfacet
  facet normal -0.44253 0.896754 0
    outer loop
      vertex -59.3494 -61.0706 -200.5
      vertex -59.15 -60.9722 -210.5
      vertex -59.3494 -61.0706 -210.5
    endloop
  endfacet
  facet normal 0.98077 -0.195165 0
    outer loop
      vertex -61.6855 -59.2781 -200.5
      vertex -61.6421 -59.06 -210.5
      vertex -61.6421 -59.06 -200.5
    endloop
  endfacet
  facet normal 0.98077 -0.195165 0
    outer loop
      vertex -61.6421 -59.06 -210.5
      vertex -61.6855 -59.2781 -200.5
      vertex -61.6855 -59.2781 -210.5
    endloop
  endfacet
  facet normal 0.896754 0.44253 0
    outer loop
      vertex -61.4722 -60.35 -200.5
      vertex -61.5706 -60.1506 -210.5
      vertex -61.5706 -60.1506 -200.5
    endloop
  endfacet
  facet normal 0.896754 0.44253 0
    outer loop
      vertex -61.5706 -60.1506 -210.5
      vertex -61.4722 -60.35 -200.5
      vertex -61.4722 -60.35 -210.5
    endloop
  endfacet
  facet normal 0.946915 -0.321484 0
    outer loop
      vertex -61.6421 -59.06 -200.5
      vertex -61.5706 -58.8494 -210.5
      vertex -61.5706 -58.8494 -200.5
    endloop
  endfacet
  facet normal 0.946915 -0.321484 0
    outer loop
      vertex -61.5706 -58.8494 -210.5
      vertex -61.6421 -59.06 -200.5
      vertex -61.6421 -59.06 -210.5
    endloop
  endfacet
  facet normal 0.555426 -0.831566 0
    outer loop
      vertex -61.0349 -58.1513 -210.5
      vertex -60.85 -58.0278 -200.5
      vertex -61.0349 -58.1513 -200.5
    endloop
  endfacet
  facet normal 0.555426 -0.831566 0
    outer loop
      vertex -60.85 -58.0278 -200.5
      vertex -61.0349 -58.1513 -210.5
      vertex -60.85 -58.0278 -210.5
    endloop
  endfacet
  facet normal -0.896754 -0.44253 0
    outer loop
      vertex -58.4294 -58.8494 -210.5
      vertex -58.5278 -58.65 -200.5
      vertex -58.5278 -58.65 -210.5
    endloop
  endfacet
  facet normal -0.896754 -0.44253 0
    outer loop
      vertex -58.5278 -58.65 -200.5
      vertex -58.4294 -58.8494 -210.5
      vertex -58.4294 -58.8494 -200.5
    endloop
  endfacet
  facet normal -0.946915 -0.321484 0
    outer loop
      vertex -58.3579 -59.06 -210.5
      vertex -58.4294 -58.8494 -200.5
      vertex -58.4294 -58.8494 -210.5
    endloop
  endfacet
  facet normal -0.946915 -0.321484 0
    outer loop
      vertex -58.4294 -58.8494 -200.5
      vertex -58.3579 -59.06 -210.5
      vertex -58.3579 -59.06 -200.5
    endloop
  endfacet
  facet normal 0.997872 -0.0652057 0
    outer loop
      vertex -61.7 -59.5 -200.5
      vertex -61.6855 -59.2781 -210.5
      vertex -61.6855 -59.2781 -200.5
    endloop
  endfacet
  facet normal 0.997872 -0.0652057 0
    outer loop
      vertex -61.6855 -59.2781 -210.5
      vertex -61.7 -59.5 -200.5
      vertex -61.7 -59.5 -210.5
    endloop
  endfacet
  facet normal 0.321484 0.946915 -0
    outer loop
      vertex -60.44 -61.1421 -210.5
      vertex -60.6506 -61.0706 -200.5
      vertex -60.44 -61.1421 -200.5
    endloop
  endfacet
  facet normal 0.321484 0.946915 0
    outer loop
      vertex -60.6506 -61.0706 -200.5
      vertex -60.44 -61.1421 -210.5
      vertex -60.6506 -61.0706 -210.5
    endloop
  endfacet
  facet normal 0.44253 -0.896754 0
    outer loop
      vertex -60.85 -58.0278 -210.5
      vertex -60.6506 -57.9294 -200.5
      vertex -60.85 -58.0278 -200.5
    endloop
  endfacet
  facet normal 0.44253 -0.896754 0
    outer loop
      vertex -60.6506 -57.9294 -200.5
      vertex -60.85 -58.0278 -210.5
      vertex -60.6506 -57.9294 -210.5
    endloop
  endfacet
  facet normal 0.831566 -0.555426 0
    outer loop
      vertex -61.4722 -58.65 -200.5
      vertex -61.3487 -58.4651 -210.5
      vertex -61.3487 -58.4651 -200.5
    endloop
  endfacet
  facet normal 0.831566 -0.555426 0
    outer loop
      vertex -61.3487 -58.4651 -210.5
      vertex -61.4722 -58.65 -200.5
      vertex -61.4722 -58.65 -210.5
    endloop
  endfacet
  facet normal 0.555426 0.831566 -0
    outer loop
      vertex -60.85 -60.9722 -210.5
      vertex -61.0349 -60.8487 -200.5
      vertex -60.85 -60.9722 -200.5
    endloop
  endfacet
  facet normal 0.555426 0.831566 0
    outer loop
      vertex -61.0349 -60.8487 -200.5
      vertex -60.85 -60.9722 -210.5
      vertex -61.0349 -60.8487 -210.5
    endloop
  endfacet
  facet normal 0.980779 0.195124 0
    outer loop
      vertex -56.0342 60.0221 -200.5
      vertex -56.1363 60.5353 -210.5
      vertex -56.1363 60.5353 -200.5
    endloop
  endfacet
  facet normal 0.980779 0.195124 0
    outer loop
      vertex -56.1363 60.5353 -210.5
      vertex -56.0342 60.0221 -200.5
      vertex -56.0342 60.0221 -210.5
    endloop
  endfacet
  facet normal 0.997861 0.0653646 0
    outer loop
      vertex -56 59.5 -200.5
      vertex -56.0342 60.0221 -210.5
      vertex -56.0342 60.0221 -200.5
    endloop
  endfacet
  facet normal 0.997861 0.0653646 0
    outer loop
      vertex -56.0342 60.0221 -210.5
      vertex -56 59.5 -200.5
      vertex -56 59.5 -210.5
    endloop
  endfacet
  facet normal 0.94691 0.321498 0
    outer loop
      vertex -56.1363 60.5353 -200.5
      vertex -56.3045 61.0307 -210.5
      vertex -56.3045 61.0307 -200.5
    endloop
  endfacet
  facet normal 0.94691 0.321498 0
    outer loop
      vertex -56.3045 61.0307 -210.5
      vertex -56.1363 60.5353 -200.5
      vertex -56.1363 60.5353 -210.5
    endloop
  endfacet
  facet normal -0.997861 -0.0653646 0
    outer loop
      vertex -63.9658 58.9779 -210.5
      vertex -64 59.5 -200.5
      vertex -64 59.5 -210.5
    endloop
  endfacet
  facet normal -0.997861 -0.0653646 0
    outer loop
      vertex -64 59.5 -200.5
      vertex -63.9658 58.9779 -210.5
      vertex -63.9658 58.9779 -200.5
    endloop
  endfacet
  facet normal 0.896898 0.442238 0
    outer loop
      vertex -56.3045 61.0307 -200.5
      vertex -56.5359 61.5 -210.5
      vertex -56.5359 61.5 -200.5
    endloop
  endfacet
  facet normal 0.896898 0.442238 0
    outer loop
      vertex -56.5359 61.5 -210.5
      vertex -56.3045 61.0307 -200.5
      vertex -56.3045 61.0307 -210.5
    endloop
  endfacet
  facet normal 0.831432 0.555626 0
    outer loop
      vertex -56.5359 61.5 -200.5
      vertex -56.8266 61.935 -210.5
      vertex -56.8266 61.935 -200.5
    endloop
  endfacet
  facet normal 0.831432 0.555626 0
    outer loop
      vertex -56.8266 61.935 -210.5
      vertex -56.5359 61.5 -200.5
      vertex -56.5359 61.5 -210.5
    endloop
  endfacet
  facet normal 0.751822 0.659366 3.09825e-06
    outer loop
      vertex -56.8266 61.935 -200.5
      vertex -56.9311 62.0542 -210.5
      vertex -57.1354 62.2871 -200.5
    endloop
  endfacet
  facet normal 0.751951 0.659219 0
    outer loop
      vertex -56.9311 62.0542 -210.5
      vertex -56.8266 61.935 -200.5
      vertex -56.8266 61.935 -210.5
    endloop
  endfacet
  facet normal -0.980779 0.195124 0
    outer loop
      vertex -63.9658 60.0221 -210.5
      vertex -63.8637 60.5353 -200.5
      vertex -63.8637 60.5353 -210.5
    endloop
  endfacet
  facet normal -0.980779 0.195124 0
    outer loop
      vertex -63.8637 60.5353 -200.5
      vertex -63.9658 60.0221 -210.5
      vertex -63.9658 60.0221 -200.5
    endloop
  endfacet
  facet normal -0.555626 -0.831432 0
    outer loop
      vertex -62.435 56.3266 -210.5
      vertex -62 56.0359 -200.5
      vertex -62.435 56.3266 -200.5
    endloop
  endfacet
  facet normal -0.555626 -0.831432 -0
    outer loop
      vertex -62 56.0359 -200.5
      vertex -62.435 56.3266 -210.5
      vertex -62 56.0359 -210.5
    endloop
  endfacet
  facet normal -0.997861 0.0653646 0
    outer loop
      vertex -64 59.5 -210.5
      vertex -63.9658 60.0221 -200.5
      vertex -63.9658 60.0221 -210.5
    endloop
  endfacet
  facet normal -0.997861 0.0653646 0
    outer loop
      vertex -63.9658 60.0221 -200.5
      vertex -64 59.5 -210.5
      vertex -64 59.5 -200.5
    endloop
  endfacet
  facet normal -0.751842 -0.659343 0
    outer loop
      vertex -62.8284 56.6716 -210.5
      vertex -63.1734 57.065 -200.5
      vertex -63.1734 57.065 -210.5
    endloop
  endfacet
  facet normal -0.751842 -0.659343 0
    outer loop
      vertex -63.1734 57.065 -200.5
      vertex -62.8284 56.6716 -210.5
      vertex -62.8284 56.6716 -200.5
    endloop
  endfacet
  facet normal 0.195124 -0.980779 0
    outer loop
      vertex -59.4779 55.5342 -210.5
      vertex -58.9647 55.6363 -200.5
      vertex -59.4779 55.5342 -200.5
    endloop
  endfacet
  facet normal 0.195124 -0.980779 0
    outer loop
      vertex -58.9647 55.6363 -200.5
      vertex -59.4779 55.5342 -210.5
      vertex -58.9647 55.6363 -210.5
    endloop
  endfacet
  facet normal -0.321498 -0.94691 0
    outer loop
      vertex -61.5307 55.8045 -210.5
      vertex -61.0353 55.6363 -200.5
      vertex -61.5307 55.8045 -200.5
    endloop
  endfacet
  facet normal -0.321498 -0.94691 -0
    outer loop
      vertex -61.0353 55.6363 -200.5
      vertex -61.5307 55.8045 -210.5
      vertex -61.0353 55.6363 -210.5
    endloop
  endfacet
  facet normal 0.980779 -0.195124 0
    outer loop
      vertex -56.1363 58.4647 -200.5
      vertex -56.0342 58.9779 -210.5
      vertex -56.0342 58.9779 -200.5
    endloop
  endfacet
  facet normal 0.980779 -0.195124 0
    outer loop
      vertex -56.0342 58.9779 -210.5
      vertex -56.1363 58.4647 -200.5
      vertex -56.1363 58.4647 -210.5
    endloop
  endfacet
  facet normal -0.751951 0.659219 0
    outer loop
      vertex -63.1734 61.935 -200.5
      vertex -63.0689 62.0542 -210.5
      vertex -63.1734 61.935 -210.5
    endloop
  endfacet
  facet normal -0.751822 0.659366 3.09825e-06
    outer loop
      vertex -63.0689 62.0542 -210.5
      vertex -63.1734 61.935 -200.5
      vertex -62.8646 62.2871 -200.5
    endloop
  endfacet
  facet normal 0.831432 -0.555626 0
    outer loop
      vertex -56.8266 57.065 -200.5
      vertex -56.5359 57.5 -210.5
      vertex -56.5359 57.5 -200.5
    endloop
  endfacet
  facet normal 0.831432 -0.555626 0
    outer loop
      vertex -56.5359 57.5 -210.5
      vertex -56.8266 57.065 -200.5
      vertex -56.8266 57.065 -210.5
    endloop
  endfacet
  facet normal -0.980779 -0.195124 0
    outer loop
      vertex -63.8637 58.4647 -210.5
      vertex -63.9658 58.9779 -200.5
      vertex -63.9658 58.9779 -210.5
    endloop
  endfacet
  facet normal -0.980779 -0.195124 0
    outer loop
      vertex -63.9658 58.9779 -200.5
      vertex -63.8637 58.4647 -210.5
      vertex -63.8637 58.4647 -200.5
    endloop
  endfacet
  facet normal -0.195124 -0.980779 0
    outer loop
      vertex -61.0353 55.6363 -210.5
      vertex -60.5221 55.5342 -200.5
      vertex -61.0353 55.6363 -200.5
    endloop
  endfacet
  facet normal -0.195124 -0.980779 -0
    outer loop
      vertex -60.5221 55.5342 -200.5
      vertex -61.0353 55.6363 -210.5
      vertex -60.5221 55.5342 -210.5
    endloop
  endfacet
  facet normal 0.94691 -0.321498 0
    outer loop
      vertex -56.3045 57.9693 -200.5
      vertex -56.1363 58.4647 -210.5
      vertex -56.1363 58.4647 -200.5
    endloop
  endfacet
  facet normal 0.94691 -0.321498 0
    outer loop
      vertex -56.1363 58.4647 -210.5
      vertex -56.3045 57.9693 -200.5
      vertex -56.3045 57.9693 -210.5
    endloop
  endfacet
  facet normal 0.0653646 -0.997861 0
    outer loop
      vertex -60 55.5 -210.5
      vertex -59.4779 55.5342 -200.5
      vertex -60 55.5 -200.5
    endloop
  endfacet
  facet normal 0.0653646 -0.997861 0
    outer loop
      vertex -59.4779 55.5342 -200.5
      vertex -60 55.5 -210.5
      vertex -59.4779 55.5342 -210.5
    endloop
  endfacet
  facet normal 0.751842 -0.659343 0
    outer loop
      vertex -57.1716 56.6716 -200.5
      vertex -56.8266 57.065 -210.5
      vertex -56.8266 57.065 -200.5
    endloop
  endfacet
  facet normal 0.751842 -0.659343 0
    outer loop
      vertex -56.8266 57.065 -210.5
      vertex -57.1716 56.6716 -200.5
      vertex -57.1716 56.6716 -210.5
    endloop
  endfacet
  facet normal 0.555626 -0.831432 0
    outer loop
      vertex -58 56.0359 -210.5
      vertex -57.565 56.3266 -200.5
      vertex -58 56.0359 -200.5
    endloop
  endfacet
  facet normal 0.555626 -0.831432 0
    outer loop
      vertex -57.565 56.3266 -200.5
      vertex -58 56.0359 -210.5
      vertex -57.565 56.3266 -210.5
    endloop
  endfacet
  facet normal -0.659343 -0.751842 0
    outer loop
      vertex -62.8284 56.6716 -210.5
      vertex -62.435 56.3266 -200.5
      vertex -62.8284 56.6716 -200.5
    endloop
  endfacet
  facet normal -0.659343 -0.751842 -0
    outer loop
      vertex -62.435 56.3266 -200.5
      vertex -62.8284 56.6716 -210.5
      vertex -62.435 56.3266 -210.5
    endloop
  endfacet
  facet normal -0.896898 0.442238 0
    outer loop
      vertex -63.6955 61.0307 -210.5
      vertex -63.4641 61.5 -200.5
      vertex -63.4641 61.5 -210.5
    endloop
  endfacet
  facet normal -0.896898 0.442238 0
    outer loop
      vertex -63.4641 61.5 -200.5
      vertex -63.6955 61.0307 -210.5
      vertex -63.6955 61.0307 -200.5
    endloop
  endfacet
  facet normal 0.997861 -0.0653646 0
    outer loop
      vertex -56.0342 58.9779 -200.5
      vertex -56 59.5 -210.5
      vertex -56 59.5 -200.5
    endloop
  endfacet
  facet normal 0.997861 -0.0653646 0
    outer loop
      vertex -56 59.5 -210.5
      vertex -56.0342 58.9779 -200.5
      vertex -56.0342 58.9779 -210.5
    endloop
  endfacet
  facet normal -0.0653646 -0.997861 0
    outer loop
      vertex -60.5221 55.5342 -210.5
      vertex -60 55.5 -200.5
      vertex -60.5221 55.5342 -200.5
    endloop
  endfacet
  facet normal -0.0653646 -0.997861 -0
    outer loop
      vertex -60 55.5 -200.5
      vertex -60.5221 55.5342 -210.5
      vertex -60 55.5 -210.5
    endloop
  endfacet
  facet normal 0.896898 -0.442238 0
    outer loop
      vertex -56.5359 57.5 -200.5
      vertex -56.3045 57.9693 -210.5
      vertex -56.3045 57.9693 -200.5
    endloop
  endfacet
  facet normal 0.896898 -0.442238 0
    outer loop
      vertex -56.3045 57.9693 -210.5
      vertex -56.5359 57.5 -200.5
      vertex -56.5359 57.5 -210.5
    endloop
  endfacet
  facet normal -0.94691 0.321498 0
    outer loop
      vertex -63.8637 60.5353 -210.5
      vertex -63.6955 61.0307 -200.5
      vertex -63.6955 61.0307 -210.5
    endloop
  endfacet
  facet normal -0.94691 0.321498 0
    outer loop
      vertex -63.6955 61.0307 -200.5
      vertex -63.8637 60.5353 -210.5
      vertex -63.8637 60.5353 -200.5
    endloop
  endfacet
  facet normal -0.94691 -0.321498 0
    outer loop
      vertex -63.6955 57.9693 -210.5
      vertex -63.8637 58.4647 -200.5
      vertex -63.8637 58.4647 -210.5
    endloop
  endfacet
  facet normal -0.94691 -0.321498 0
    outer loop
      vertex -63.8637 58.4647 -200.5
      vertex -63.6955 57.9693 -210.5
      vertex -63.6955 57.9693 -200.5
    endloop
  endfacet
  facet normal 0 0 -1
    outer loop
      vertex -56.0342 58.9779 -210.5
      vertex -58.3145 59.2781 -210.5
      vertex -58.3 59.5 -210.5
    endloop
  endfacet
  facet normal 0 0 -1
    outer loop
      vertex -57.565 56.3266 -210.5
      vertex -58.3579 59.06 -210.5
      vertex -58.3145 59.2781 -210.5
    endloop
  endfacet
  facet normal 0 0 -1
    outer loop
      vertex -57.565 56.3266 -210.5
      vertex -58.4294 58.8494 -210.5
      vertex -58.3579 59.06 -210.5
    endloop
  endfacet
  facet normal 0 0 -1
    outer loop
      vertex -59.15 58.0278 -210.5
      vertex -58 56.0359 -210.5
      vertex -58.4693 55.8045 -210.5
    endloop
  endfacet
  facet normal 0 0 -1
    outer loop
      vertex -57.565 56.3266 -210.5
      vertex -58.5278 58.65 -210.5
      vertex -58.4294 58.8494 -210.5
    endloop
  endfacet
  facet normal 0 0 -1
    outer loop
      vertex -57.565 56.3266 -210.5
      vertex -58.6513 58.4651 -210.5
      vertex -58.5278 58.65 -210.5
    endloop
  endfacet
  facet normal 0 0 -1
    outer loop
      vertex -57.565 56.3266 -210.5
      vertex -58.7979 58.2979 -210.5
      vertex -58.6513 58.4651 -210.5
    endloop
  endfacet
  facet normal 0 0 -1
    outer loop
      vertex -59.3494 57.9294 -210.5
      vertex -58.4693 55.8045 -210.5
      vertex -58.9647 55.6363 -210.5
    endloop
  endfacet
  facet normal 0 0 -1
    outer loop
      vertex -57.565 56.3266 -210.5
      vertex -58.9651 58.1513 -210.5
      vertex -58.7979 58.2979 -210.5
    endloop
  endfacet
  facet normal 0 0 -1
    outer loop
      vertex -58 56.0359 -210.5
      vertex -59.15 58.0278 -210.5
      vertex -58.9651 58.1513 -210.5
    endloop
  endfacet
  facet normal 0 0 -1
    outer loop
      vertex -58.4693 55.8045 -210.5
      vertex -59.3494 57.9294 -210.5
      vertex -59.15 58.0278 -210.5
    endloop
  endfacet
  facet normal 0 0 -1
    outer loop
      vertex -59.56 57.8579 -210.5
      vertex -58.9647 55.6363 -210.5
      vertex -59.4779 55.5342 -210.5
    endloop
  endfacet
  facet normal 0 0 -1
    outer loop
      vertex -58.9647 55.6363 -210.5
      vertex -59.56 57.8579 -210.5
      vertex -59.3494 57.9294 -210.5
    endloop
  endfacet
  facet normal 0 0 -1
    outer loop
      vertex -59.4779 55.5342 -210.5
      vertex -59.7781 57.8145 -210.5
      vertex -59.56 57.8579 -210.5
    endloop
  endfacet
  facet normal 0 0 -1
    outer loop
      vertex -60 55.5 -210.5
      vertex -59.7781 57.8145 -210.5
      vertex -59.4779 55.5342 -210.5
    endloop
  endfacet
  facet normal 0 0 -1
    outer loop
      vertex -60 55.5 -210.5
      vertex -60 57.8 -210.5
      vertex -59.7781 57.8145 -210.5
    endloop
  endfacet
  facet normal 0 0 -1
    outer loop
      vertex -60 55.5 -210.5
      vertex -60.2219 57.8145 -210.5
      vertex -60 57.8 -210.5
    endloop
  endfacet
  facet normal 0 0 -1
    outer loop
      vertex -60.5221 55.5342 -210.5
      vertex -60.2219 57.8145 -210.5
      vertex -60 55.5 -210.5
    endloop
  endfacet
  facet normal -0 0 -1
    outer loop
      vertex -60.2219 57.8145 -210.5
      vertex -60.5221 55.5342 -210.5
      vertex -60.44 57.8579 -210.5
    endloop
  endfacet
  facet normal 0 0 -1
    outer loop
      vertex -61.0353 55.6363 -210.5
      vertex -60.44 57.8579 -210.5
      vertex -60.5221 55.5342 -210.5
    endloop
  endfacet
  facet normal -0 0 -1
    outer loop
      vertex -60.44 57.8579 -210.5
      vertex -61.0353 55.6363 -210.5
      vertex -60.6506 57.9294 -210.5
    endloop
  endfacet
  facet normal 0 0 -1
    outer loop
      vertex -61.5307 55.8045 -210.5
      vertex -60.6506 57.9294 -210.5
      vertex -61.0353 55.6363 -210.5
    endloop
  endfacet
  facet normal -0 0 -1
    outer loop
      vertex -60.6506 57.9294 -210.5
      vertex -61.5307 55.8045 -210.5
      vertex -60.85 58.0278 -210.5
    endloop
  endfacet
  facet normal 0 0 -1
    outer loop
      vertex -62 56.0359 -210.5
      vertex -60.85 58.0278 -210.5
      vertex -61.5307 55.8045 -210.5
    endloop
  endfacet
  facet normal -0 0 -1
    outer loop
      vertex -60.85 58.0278 -210.5
      vertex -62 56.0359 -210.5
      vertex -61.0349 58.1513 -210.5
    endloop
  endfacet
  facet normal 0 0 -1
    outer loop
      vertex -62.435 56.3266 -210.5
      vertex -61.0349 58.1513 -210.5
      vertex -62 56.0359 -210.5
    endloop
  endfacet
  facet normal -0 0 -1
    outer loop
      vertex -61.0349 58.1513 -210.5
      vertex -62.435 56.3266 -210.5
      vertex -61.2021 58.2979 -210.5
    endloop
  endfacet
  facet normal 0 0 -1
    outer loop
      vertex -62.8284 56.6716 -210.5
      vertex -61.2021 58.2979 -210.5
      vertex -62.435 56.3266 -210.5
    endloop
  endfacet
  facet normal -0 0 -1
    outer loop
      vertex -61.2021 58.2979 -210.5
      vertex -62.8284 56.6716 -210.5
      vertex -61.3487 58.4651 -210.5
    endloop
  endfacet
  facet normal 0 0 -1
    outer loop
      vertex -63.1734 57.065 -210.5
      vertex -61.3487 58.4651 -210.5
      vertex -62.8284 56.6716 -210.5
    endloop
  endfacet
  facet normal -0 0 -1
    outer loop
      vertex -61.3487 58.4651 -210.5
      vertex -63.1734 57.065 -210.5
      vertex -61.4722 58.65 -210.5
    endloop
  endfacet
  facet normal 0 0 -1
    outer loop
      vertex -63.4641 57.5 -210.5
      vertex -61.4722 58.65 -210.5
      vertex -63.1734 57.065 -210.5
    endloop
  endfacet
  facet normal 0 0 -1
    outer loop
      vertex -58.3 59.5 -210.5
      vertex -56 59.5 -210.5
      vertex -56.0342 58.9779 -210.5
    endloop
  endfacet
  facet normal 0 0 -1
    outer loop
      vertex -58.3145 59.2781 -210.5
      vertex -56.0342 58.9779 -210.5
      vertex -56.1363 58.4647 -210.5
    endloop
  endfacet
  facet normal 0 0 -1
    outer loop
      vertex -56 59.5 -210.5
      vertex -58.3 59.5 -210.5
      vertex -56.0342 60.0221 -210.5
    endloop
  endfacet
  facet normal 0 0 -1
    outer loop
      vertex -58.3145 59.2781 -210.5
      vertex -56.1363 58.4647 -210.5
      vertex -56.3045 57.9693 -210.5
    endloop
  endfacet
  facet normal 0 0 -1
    outer loop
      vertex -58.3145 59.7219 -210.5
      vertex -56.0342 60.0221 -210.5
      vertex -58.3 59.5 -210.5
    endloop
  endfacet
  facet normal 0 0 -1
    outer loop
      vertex -58.3145 59.2781 -210.5
      vertex -56.3045 57.9693 -210.5
      vertex -56.5359 57.5 -210.5
    endloop
  endfacet
  facet normal -0 0 -1
    outer loop
      vertex -56.0342 60.0221 -210.5
      vertex -58.3145 59.7219 -210.5
      vertex -56.1363 60.5353 -210.5
    endloop
  endfacet
  facet normal 0 0 -1
    outer loop
      vertex -58.3145 59.2781 -210.5
      vertex -56.5359 57.5 -210.5
      vertex -56.8266 57.065 -210.5
    endloop
  endfacet
  facet normal 0 0 -1
    outer loop
      vertex -58.3579 59.94 -210.5
      vertex -56.1363 60.5353 -210.5
      vertex -58.3145 59.7219 -210.5
    endloop
  endfacet
  facet normal -0 0 -1
    outer loop
      vertex -56.1363 60.5353 -210.5
      vertex -58.3579 59.94 -210.5
      vertex -56.3045 61.0307 -210.5
    endloop
  endfacet
  facet normal 0 0 -1
    outer loop
      vertex -58.3145 59.2781 -210.5
      vertex -56.8266 57.065 -210.5
      vertex -57.1716 56.6716 -210.5
    endloop
  endfacet
  facet normal 0 0 -1
    outer loop
      vertex -58.3145 59.2781 -210.5
      vertex -57.1716 56.6716 -210.5
      vertex -57.565 56.3266 -210.5
    endloop
  endfacet
  facet normal 0 0 -1
    outer loop
      vertex -58.9651 58.1513 -210.5
      vertex -57.565 56.3266 -210.5
      vertex -58 56.0359 -210.5
    endloop
  endfacet
  facet normal 0 0 -1
    outer loop
      vertex -58.4294 60.1506 -210.5
      vertex -56.3045 61.0307 -210.5
      vertex -58.3579 59.94 -210.5
    endloop
  endfacet
  facet normal -0 0 -1
    outer loop
      vertex -56.3045 61.0307 -210.5
      vertex -58.4294 60.1506 -210.5
      vertex -56.5359 61.5 -210.5
    endloop
  endfacet
  facet normal 0 0 -1
    outer loop
      vertex -58.5278 60.35 -210.5
      vertex -56.5359 61.5 -210.5
      vertex -58.4294 60.1506 -210.5
    endloop
  endfacet
  facet normal -0 0 -1
    outer loop
      vertex -56.5359 61.5 -210.5
      vertex -58.5278 60.35 -210.5
      vertex -56.8266 61.935 -210.5
    endloop
  endfacet
  facet normal 0 0 -1
    outer loop
      vertex -58.6513 60.5349 -210.5
      vertex -56.8266 61.935 -210.5
      vertex -58.5278 60.35 -210.5
    endloop
  endfacet
  facet normal -0 0 -1
    outer loop
      vertex -56.8266 61.935 -210.5
      vertex -58.6513 60.5349 -210.5
      vertex -56.9311 62.0542 -210.5
    endloop
  endfacet
  facet normal 0 0 -1
    outer loop
      vertex -58.7979 60.7021 -210.5
      vertex -56.9311 62.0542 -210.5
      vertex -58.6513 60.5349 -210.5
    endloop
  endfacet
  facet normal 0 0 -1
    outer loop
      vertex -58.9651 60.8487 -210.5
      vertex -56.9311 62.0542 -210.5
      vertex -58.7979 60.7021 -210.5
    endloop
  endfacet
  facet normal 0 0 -1
    outer loop
      vertex -59.15 60.9722 -210.5
      vertex -56.9311 62.0542 -210.5
      vertex -58.9651 60.8487 -210.5
    endloop
  endfacet
  facet normal 0 0 -1
    outer loop
      vertex -59.3494 61.0706 -210.5
      vertex -56.9311 62.0542 -210.5
      vertex -59.15 60.9722 -210.5
    endloop
  endfacet
  facet normal 0 0 -1
    outer loop
      vertex -59.56 61.1421 -210.5
      vertex -56.9311 62.0542 -210.5
      vertex -59.3494 61.0706 -210.5
    endloop
  endfacet
  facet normal 0 0 -1
    outer loop
      vertex -59.7781 61.1855 -210.5
      vertex -56.9311 62.0542 -210.5
      vertex -59.56 61.1421 -210.5
    endloop
  endfacet
  facet normal 0 0 -1
    outer loop
      vertex -60 61.2 -210.5
      vertex -56.9311 62.0542 -210.5
      vertex -59.7781 61.1855 -210.5
    endloop
  endfacet
  facet normal 0 0 -1
    outer loop
      vertex -63.0689 62.0542 -210.5
      vertex -60 61.2 -210.5
      vertex -60.2219 61.1855 -210.5
    endloop
  endfacet
  facet normal 0 0 -1
    outer loop
      vertex -63.0689 62.0542 -210.5
      vertex -60.2219 61.1855 -210.5
      vertex -60.44 61.1421 -210.5
    endloop
  endfacet
  facet normal -0 0 -1
    outer loop
      vertex -61.4722 58.65 -210.5
      vertex -63.4641 57.5 -210.5
      vertex -61.5706 58.8494 -210.5
    endloop
  endfacet
  facet normal 0 0 -1
    outer loop
      vertex -63.6955 57.9693 -210.5
      vertex -61.5706 58.8494 -210.5
      vertex -63.4641 57.5 -210.5
    endloop
  endfacet
  facet normal -0 0 -1
    outer loop
      vertex -61.5706 58.8494 -210.5
      vertex -63.6955 57.9693 -210.5
      vertex -61.6421 59.06 -210.5
    endloop
  endfacet
  facet normal 0 0 -1
    outer loop
      vertex -63.8637 58.4647 -210.5
      vertex -61.6421 59.06 -210.5
      vertex -63.6955 57.9693 -210.5
    endloop
  endfacet
  facet normal -0 0 -1
    outer loop
      vertex -61.6421 59.06 -210.5
      vertex -63.8637 58.4647 -210.5
      vertex -61.6855 59.2781 -210.5
    endloop
  endfacet
  facet normal 0 0 -1
    outer loop
      vertex -60 61.2 -210.5
      vertex -63.0689 62.0542 -210.5
      vertex -56.9311 62.0542 -210.5
    endloop
  endfacet
  facet normal 0 0 -1
    outer loop
      vertex -60.6506 61.0706 -210.5
      vertex -63.0689 62.0542 -210.5
      vertex -60.44 61.1421 -210.5
    endloop
  endfacet
  facet normal 0 0 -1
    outer loop
      vertex -60.85 60.9722 -210.5
      vertex -63.0689 62.0542 -210.5
      vertex -60.6506 61.0706 -210.5
    endloop
  endfacet
  facet normal 0 0 -1
    outer loop
      vertex -61.0349 60.8487 -210.5
      vertex -63.0689 62.0542 -210.5
      vertex -60.85 60.9722 -210.5
    endloop
  endfacet
  facet normal 0 0 -1
    outer loop
      vertex -61.2021 60.7021 -210.5
      vertex -63.0689 62.0542 -210.5
      vertex -61.0349 60.8487 -210.5
    endloop
  endfacet
  facet normal 0 0 -1
    outer loop
      vertex -61.3487 60.5349 -210.5
      vertex -63.0689 62.0542 -210.5
      vertex -61.2021 60.7021 -210.5
    endloop
  endfacet
  facet normal 0 0 -1
    outer loop
      vertex -63.1734 61.935 -210.5
      vertex -61.3487 60.5349 -210.5
      vertex -61.4722 60.35 -210.5
    endloop
  endfacet
  facet normal 0 0 -1
    outer loop
      vertex -63.4641 61.5 -210.5
      vertex -61.4722 60.35 -210.5
      vertex -61.5706 60.1506 -210.5
    endloop
  endfacet
  facet normal 0 0 -1
    outer loop
      vertex -63.9658 58.9779 -210.5
      vertex -61.6855 59.2781 -210.5
      vertex -63.8637 58.4647 -210.5
    endloop
  endfacet
  facet normal -0 0 -1
    outer loop
      vertex -61.6855 59.2781 -210.5
      vertex -63.9658 58.9779 -210.5
      vertex -61.7 59.5 -210.5
    endloop
  endfacet
  facet normal 0 0 -1
    outer loop
      vertex -64 59.5 -210.5
      vertex -61.7 59.5 -210.5
      vertex -63.9658 58.9779 -210.5
    endloop
  endfacet
  facet normal 0 0 -1
    outer loop
      vertex -61.4722 60.35 -210.5
      vertex -63.4641 61.5 -210.5
      vertex -63.1734 61.935 -210.5
    endloop
  endfacet
  facet normal 0 0 -1
    outer loop
      vertex -61.3487 60.5349 -210.5
      vertex -63.1734 61.935 -210.5
      vertex -63.0689 62.0542 -210.5
    endloop
  endfacet
  facet normal 0 0 -1
    outer loop
      vertex -61.7 59.5 -210.5
      vertex -64 59.5 -210.5
      vertex -61.6855 59.7219 -210.5
    endloop
  endfacet
  facet normal 0 0 -1
    outer loop
      vertex -61.5706 60.1506 -210.5
      vertex -63.6955 61.0307 -210.5
      vertex -63.4641 61.5 -210.5
    endloop
  endfacet
  facet normal 0 -0 -1
    outer loop
      vertex -63.9658 60.0221 -210.5
      vertex -61.6855 59.7219 -210.5
      vertex -64 59.5 -210.5
    endloop
  endfacet
  facet normal 0 0 -1
    outer loop
      vertex -61.5706 60.1506 -210.5
      vertex -63.8637 60.5353 -210.5
      vertex -63.6955 61.0307 -210.5
    endloop
  endfacet
  facet normal 0 0 -1
    outer loop
      vertex -61.6855 59.7219 -210.5
      vertex -63.9658 60.0221 -210.5
      vertex -61.6421 59.94 -210.5
    endloop
  endfacet
  facet normal 0 0 -1
    outer loop
      vertex -61.6421 59.94 -210.5
      vertex -63.8637 60.5353 -210.5
      vertex -61.5706 60.1506 -210.5
    endloop
  endfacet
  facet normal 0 -0 -1
    outer loop
      vertex -63.8637 60.5353 -210.5
      vertex -61.6421 59.94 -210.5
      vertex -63.9658 60.0221 -210.5
    endloop
  endfacet
  facet normal -0.831432 0.555626 0
    outer loop
      vertex -63.4641 61.5 -210.5
      vertex -63.1734 61.935 -200.5
      vertex -63.1734 61.935 -210.5
    endloop
  endfacet
  facet normal -0.831432 0.555626 0
    outer loop
      vertex -63.1734 61.935 -200.5
      vertex -63.4641 61.5 -210.5
      vertex -63.4641 61.5 -200.5
    endloop
  endfacet
  facet normal 0.442238 -0.896898 0
    outer loop
      vertex -58.4693 55.8045 -210.5
      vertex -58 56.0359 -200.5
      vertex -58.4693 55.8045 -200.5
    endloop
  endfacet
  facet normal 0.442238 -0.896898 0
    outer loop
      vertex -58 56.0359 -200.5
      vertex -58.4693 55.8045 -210.5
      vertex -58 56.0359 -210.5
    endloop
  endfacet
  facet normal 0.321498 -0.94691 0
    outer loop
      vertex -58.9647 55.6363 -210.5
      vertex -58.4693 55.8045 -200.5
      vertex -58.9647 55.6363 -200.5
    endloop
  endfacet
  facet normal 0.321498 -0.94691 0
    outer loop
      vertex -58.4693 55.8045 -200.5
      vertex -58.9647 55.6363 -210.5
      vertex -58.4693 55.8045 -210.5
    endloop
  endfacet
  facet normal -0.896898 -0.442238 0
    outer loop
      vertex -63.4641 57.5 -210.5
      vertex -63.6955 57.9693 -200.5
      vertex -63.6955 57.9693 -210.5
    endloop
  endfacet
  facet normal -0.896898 -0.442238 0
    outer loop
      vertex -63.6955 57.9693 -200.5
      vertex -63.4641 57.5 -210.5
      vertex -63.4641 57.5 -200.5
    endloop
  endfacet
  facet normal -0.442238 -0.896898 0
    outer loop
      vertex -62 56.0359 -210.5
      vertex -61.5307 55.8045 -200.5
      vertex -62 56.0359 -200.5
    endloop
  endfacet
  facet normal -0.442238 -0.896898 -0
    outer loop
      vertex -61.5307 55.8045 -200.5
      vertex -62 56.0359 -210.5
      vertex -61.5307 55.8045 -210.5
    endloop
  endfacet
  facet normal 0.659343 -0.751842 0
    outer loop
      vertex -57.565 56.3266 -210.5
      vertex -57.1716 56.6716 -200.5
      vertex -57.565 56.3266 -200.5
    endloop
  endfacet
  facet normal 0.659343 -0.751842 0
    outer loop
      vertex -57.1716 56.6716 -200.5
      vertex -57.565 56.3266 -210.5
      vertex -57.1716 56.6716 -210.5
    endloop
  endfacet
  facet normal -0.831432 -0.555626 0
    outer loop
      vertex -63.1734 57.065 -210.5
      vertex -63.4641 57.5 -200.5
      vertex -63.4641 57.5 -210.5
    endloop
  endfacet
  facet normal -0.831432 -0.555626 0
    outer loop
      vertex -63.4641 57.5 -200.5
      vertex -63.1734 57.065 -210.5
      vertex -63.1734 57.065 -200.5
    endloop
  endfacet
  facet normal 0 0 1
    outer loop
      vertex -58.3 59.5 -200.5
      vertex -56 59.5 -200.5
      vertex -56.0342 60.0221 -200.5
    endloop
  endfacet
  facet normal 0 0 1
    outer loop
      vertex -58.3145 59.7219 -200.5
      vertex -56.0342 60.0221 -200.5
      vertex -56.1363 60.5353 -200.5
    endloop
  endfacet
  facet normal 0 0 1
    outer loop
      vertex -56 59.5 -200.5
      vertex -58.3 59.5 -200.5
      vertex -56.0342 58.9779 -200.5
    endloop
  endfacet
  facet normal 0 0 1
    outer loop
      vertex -58.3579 59.94 -200.5
      vertex -56.1363 60.5353 -200.5
      vertex -56.3045 61.0307 -200.5
    endloop
  endfacet
  facet normal -0 0 1
    outer loop
      vertex -58.3145 59.2781 -200.5
      vertex -56.0342 58.9779 -200.5
      vertex -58.3 59.5 -200.5
    endloop
  endfacet
  facet normal 0 0 1
    outer loop
      vertex -58.4294 60.1506 -200.5
      vertex -56.3045 61.0307 -200.5
      vertex -56.5359 61.5 -200.5
    endloop
  endfacet
  facet normal 0 0 1
    outer loop
      vertex -56.0342 58.9779 -200.5
      vertex -58.3145 59.2781 -200.5
      vertex -56.1363 58.4647 -200.5
    endloop
  endfacet
  facet normal 0 0 1
    outer loop
      vertex -58.5278 60.35 -200.5
      vertex -56.5359 61.5 -200.5
      vertex -56.8266 61.935 -200.5
    endloop
  endfacet
  facet normal -0 0 1
    outer loop
      vertex -58.3579 59.06 -200.5
      vertex -56.1363 58.4647 -200.5
      vertex -58.3145 59.2781 -200.5
    endloop
  endfacet
  facet normal 0 0 1
    outer loop
      vertex -58.6513 60.5349 -200.5
      vertex -56.8266 61.935 -200.5
      vertex -57.1354 62.2871 -200.5
    endloop
  endfacet
  facet normal 0 0 1
    outer loop
      vertex -56.1363 58.4647 -200.5
      vertex -58.3579 59.06 -200.5
      vertex -56.3045 57.9693 -200.5
    endloop
  endfacet
  facet normal -0 0 1
    outer loop
      vertex -58.4294 58.8494 -200.5
      vertex -56.3045 57.9693 -200.5
      vertex -58.3579 59.06 -200.5
    endloop
  endfacet
  facet normal -0 0 1
    outer loop
      vertex -58.5278 58.65 -200.5
      vertex -56.5359 57.5 -200.5
      vertex -58.4294 58.8494 -200.5
    endloop
  endfacet
  facet normal 0 0 1
    outer loop
      vertex -56.3045 57.9693 -200.5
      vertex -58.4294 58.8494 -200.5
      vertex -56.5359 57.5 -200.5
    endloop
  endfacet
  facet normal 0 0 1
    outer loop
      vertex -56.0342 60.0221 -200.5
      vertex -58.3145 59.7219 -200.5
      vertex -58.3 59.5 -200.5
    endloop
  endfacet
  facet normal 0 0 1
    outer loop
      vertex -56.1363 60.5353 -200.5
      vertex -58.3579 59.94 -200.5
      vertex -58.3145 59.7219 -200.5
    endloop
  endfacet
  facet normal 0 0 1
    outer loop
      vertex -56.3045 61.0307 -200.5
      vertex -58.4294 60.1506 -200.5
      vertex -58.3579 59.94 -200.5
    endloop
  endfacet
  facet normal 0 0 1
    outer loop
      vertex -56.5359 61.5 -200.5
      vertex -58.5278 60.35 -200.5
      vertex -58.4294 60.1506 -200.5
    endloop
  endfacet
  facet normal 0 0 1
    outer loop
      vertex -56.8266 61.935 -200.5
      vertex -58.6513 60.5349 -200.5
      vertex -58.5278 60.35 -200.5
    endloop
  endfacet
  facet normal 0 0 1
    outer loop
      vertex -57.1354 62.2871 -200.5
      vertex -58.7979 60.7021 -200.5
      vertex -58.6513 60.5349 -200.5
    endloop
  endfacet
  facet normal 0 0 1
    outer loop
      vertex -57.1354 62.2871 -200.5
      vertex -58.9651 60.8487 -200.5
      vertex -58.7979 60.7021 -200.5
    endloop
  endfacet
  facet normal 0 0 1
    outer loop
      vertex -57.1354 62.2871 -200.5
      vertex -59.15 60.9722 -200.5
      vertex -58.9651 60.8487 -200.5
    endloop
  endfacet
  facet normal 0 0 1
    outer loop
      vertex -57.1354 62.2871 -200.5
      vertex -59.3494 61.0706 -200.5
      vertex -59.15 60.9722 -200.5
    endloop
  endfacet
  facet normal 0 0 1
    outer loop
      vertex -57.1354 62.2871 -200.5
      vertex -59.56 61.1421 -200.5
      vertex -59.3494 61.0706 -200.5
    endloop
  endfacet
  facet normal 0 0 1
    outer loop
      vertex -57.1354 62.2871 -200.5
      vertex -59.7781 61.1855 -200.5
      vertex -59.56 61.1421 -200.5
    endloop
  endfacet
  facet normal 0 0 1
    outer loop
      vertex -57.1354 62.2871 -200.5
      vertex -60 61.2 -200.5
      vertex -59.7781 61.1855 -200.5
    endloop
  endfacet
  facet normal -0 0 1
    outer loop
      vertex -62.8646 62.2871 -200.5
      vertex -60 61.2 -200.5
      vertex -57.1354 62.2871 -200.5
    endloop
  endfacet
  facet normal 0 0 1
    outer loop
      vertex -60 61.2 -200.5
      vertex -62.8646 62.2871 -200.5
      vertex -60.2219 61.1855 -200.5
    endloop
  endfacet
  facet normal 0 0 1
    outer loop
      vertex -60.2219 61.1855 -200.5
      vertex -62.8646 62.2871 -200.5
      vertex -60.44 61.1421 -200.5
    endloop
  endfacet
  facet normal 0 0 1
    outer loop
      vertex -64 59.5 -200.5
      vertex -61.7 59.5 -200.5
      vertex -61.6855 59.7219 -200.5
    endloop
  endfacet
  facet normal 0 0 1
    outer loop
      vertex -61.7 59.5 -200.5
      vertex -62.435 56.3266 -200.5
      vertex -62 56.0359 -200.5
    endloop
  endfacet
  facet normal 0 0 1
    outer loop
      vertex -63.9658 60.0221 -200.5
      vertex -61.6855 59.7219 -200.5
      vertex -61.6421 59.94 -200.5
    endloop
  endfacet
  facet normal 0 0 1
    outer loop
      vertex -61.7 59.5 -200.5
      vertex -62.8284 56.6716 -200.5
      vertex -62.435 56.3266 -200.5
    endloop
  endfacet
  facet normal 0 0 1
    outer loop
      vertex -63.8637 60.5353 -200.5
      vertex -61.6421 59.94 -200.5
      vertex -61.5706 60.1506 -200.5
    endloop
  endfacet
  facet normal 0 0 1
    outer loop
      vertex -60.44 61.1421 -200.5
      vertex -62.8646 62.2871 -200.5
      vertex -60.6506 61.0706 -200.5
    endloop
  endfacet
  facet normal 0 0 1
    outer loop
      vertex -62.8646 62.2871 -200.5
      vertex -60.85 60.9722 -200.5
      vertex -60.6506 61.0706 -200.5
    endloop
  endfacet
  facet normal 0 0 1
    outer loop
      vertex -62.8646 62.2871 -200.5
      vertex -61.0349 60.8487 -200.5
      vertex -60.85 60.9722 -200.5
    endloop
  endfacet
  facet normal 0 0 1
    outer loop
      vertex -62.8646 62.2871 -200.5
      vertex -61.2021 60.7021 -200.5
      vertex -61.0349 60.8487 -200.5
    endloop
  endfacet
  facet normal 0 0 1
    outer loop
      vertex -62.8646 62.2871 -200.5
      vertex -61.3487 60.5349 -200.5
      vertex -61.2021 60.7021 -200.5
    endloop
  endfacet
  facet normal -0 0 1
    outer loop
      vertex -63.1734 61.935 -200.5
      vertex -61.3487 60.5349 -200.5
      vertex -62.8646 62.2871 -200.5
    endloop
  endfacet
  facet normal 0 0 1
    outer loop
      vertex -61.3487 60.5349 -200.5
      vertex -63.1734 61.935 -200.5
      vertex -61.4722 60.35 -200.5
    endloop
  endfacet
  facet normal -0 0 1
    outer loop
      vertex -63.4641 61.5 -200.5
      vertex -61.4722 60.35 -200.5
      vertex -63.1734 61.935 -200.5
    endloop
  endfacet
  facet normal 0 0 1
    outer loop
      vertex -61.4722 60.35 -200.5
      vertex -63.4641 61.5 -200.5
      vertex -61.5706 60.1506 -200.5
    endloop
  endfacet
  facet normal 0 0 1
    outer loop
      vertex -61.7 59.5 -200.5
      vertex -63.1734 57.065 -200.5
      vertex -62.8284 56.6716 -200.5
    endloop
  endfacet
  facet normal -0 0 1
    outer loop
      vertex -63.6955 61.0307 -200.5
      vertex -61.5706 60.1506 -200.5
      vertex -63.4641 61.5 -200.5
    endloop
  endfacet
  facet normal 0 0 1
    outer loop
      vertex -61.7 59.5 -200.5
      vertex -63.4641 57.5 -200.5
      vertex -63.1734 57.065 -200.5
    endloop
  endfacet
  facet normal -0 0 1
    outer loop
      vertex -63.8637 60.5353 -200.5
      vertex -61.5706 60.1506 -200.5
      vertex -63.6955 61.0307 -200.5
    endloop
  endfacet
  facet normal 0 0 1
    outer loop
      vertex -61.7 59.5 -200.5
      vertex -63.6955 57.9693 -200.5
      vertex -63.4641 57.5 -200.5
    endloop
  endfacet
  facet normal 0 0 1
    outer loop
      vertex -61.6421 59.94 -200.5
      vertex -63.8637 60.5353 -200.5
      vertex -63.9658 60.0221 -200.5
    endloop
  endfacet
  facet normal 0 0 1
    outer loop
      vertex -61.7 59.5 -200.5
      vertex -63.8637 58.4647 -200.5
      vertex -63.6955 57.9693 -200.5
    endloop
  endfacet
  facet normal 0 0 1
    outer loop
      vertex -61.6855 59.7219 -200.5
      vertex -63.9658 60.0221 -200.5
      vertex -64 59.5 -200.5
    endloop
  endfacet
  facet normal 0 0 1
    outer loop
      vertex -61.7 59.5 -200.5
      vertex -63.9658 58.9779 -200.5
      vertex -63.8637 58.4647 -200.5
    endloop
  endfacet
  facet normal 0 0 1
    outer loop
      vertex -61.7 59.5 -200.5
      vertex -64 59.5 -200.5
      vertex -63.9658 58.9779 -200.5
    endloop
  endfacet
  facet normal 0 0 1
    outer loop
      vertex -56.5359 57.5 -200.5
      vertex -58.5278 58.65 -200.5
      vertex -56.8266 57.065 -200.5
    endloop
  endfacet
  facet normal -0 0 1
    outer loop
      vertex -58.6513 58.4651 -200.5
      vertex -56.8266 57.065 -200.5
      vertex -58.5278 58.65 -200.5
    endloop
  endfacet
  facet normal 0 0 1
    outer loop
      vertex -56.8266 57.065 -200.5
      vertex -58.6513 58.4651 -200.5
      vertex -57.1716 56.6716 -200.5
    endloop
  endfacet
  facet normal -0 0 1
    outer loop
      vertex -58.7979 58.2979 -200.5
      vertex -57.1716 56.6716 -200.5
      vertex -58.6513 58.4651 -200.5
    endloop
  endfacet
  facet normal 0 0 1
    outer loop
      vertex -57.1716 56.6716 -200.5
      vertex -58.7979 58.2979 -200.5
      vertex -57.565 56.3266 -200.5
    endloop
  endfacet
  facet normal -0 0 1
    outer loop
      vertex -58.9651 58.1513 -200.5
      vertex -57.565 56.3266 -200.5
      vertex -58.7979 58.2979 -200.5
    endloop
  endfacet
  facet normal 0 0 1
    outer loop
      vertex -57.565 56.3266 -200.5
      vertex -58.9651 58.1513 -200.5
      vertex -58 56.0359 -200.5
    endloop
  endfacet
  facet normal -0 0 1
    outer loop
      vertex -59.15 58.0278 -200.5
      vertex -58 56.0359 -200.5
      vertex -58.9651 58.1513 -200.5
    endloop
  endfacet
  facet normal 0 0 1
    outer loop
      vertex -58 56.0359 -200.5
      vertex -59.15 58.0278 -200.5
      vertex -58.4693 55.8045 -200.5
    endloop
  endfacet
  facet normal -0 0 1
    outer loop
      vertex -59.3494 57.9294 -200.5
      vertex -58.4693 55.8045 -200.5
      vertex -59.15 58.0278 -200.5
    endloop
  endfacet
  facet normal 0 0 1
    outer loop
      vertex -58.4693 55.8045 -200.5
      vertex -59.3494 57.9294 -200.5
      vertex -58.9647 55.6363 -200.5
    endloop
  endfacet
  facet normal -0 0 1
    outer loop
      vertex -59.56 57.8579 -200.5
      vertex -58.9647 55.6363 -200.5
      vertex -59.3494 57.9294 -200.5
    endloop
  endfacet
  facet normal 0 0 1
    outer loop
      vertex -58.9647 55.6363 -200.5
      vertex -59.56 57.8579 -200.5
      vertex -59.4779 55.5342 -200.5
    endloop
  endfacet
  facet normal -0 0 1
    outer loop
      vertex -59.7781 57.8145 -200.5
      vertex -59.4779 55.5342 -200.5
      vertex -59.56 57.8579 -200.5
    endloop
  endfacet
  facet normal -0 0 1
    outer loop
      vertex -60 57.8 -200.5
      vertex -59.4779 55.5342 -200.5
      vertex -59.7781 57.8145 -200.5
    endloop
  endfacet
  facet normal 0 0 1
    outer loop
      vertex -60 57.8 -200.5
      vertex -60 55.5 -200.5
      vertex -59.4779 55.5342 -200.5
    endloop
  endfacet
  facet normal 0 0 1
    outer loop
      vertex -60.2219 57.8145 -200.5
      vertex -60 55.5 -200.5
      vertex -60 57.8 -200.5
    endloop
  endfacet
  facet normal 0 0 1
    outer loop
      vertex -60.5221 55.5342 -200.5
      vertex -60.2219 57.8145 -200.5
      vertex -60.44 57.8579 -200.5
    endloop
  endfacet
  facet normal 0 0 1
    outer loop
      vertex -60.2219 57.8145 -200.5
      vertex -60.5221 55.5342 -200.5
      vertex -60 55.5 -200.5
    endloop
  endfacet
  facet normal 0 0 1
    outer loop
      vertex -61.0353 55.6363 -200.5
      vertex -60.44 57.8579 -200.5
      vertex -60.6506 57.9294 -200.5
    endloop
  endfacet
  facet normal 0 0 1
    outer loop
      vertex -61.5307 55.8045 -200.5
      vertex -60.6506 57.9294 -200.5
      vertex -60.85 58.0278 -200.5
    endloop
  endfacet
  facet normal 0 0 1
    outer loop
      vertex -62 56.0359 -200.5
      vertex -60.85 58.0278 -200.5
      vertex -61.0349 58.1513 -200.5
    endloop
  endfacet
  facet normal 0 0 1
    outer loop
      vertex -60.44 57.8579 -200.5
      vertex -61.0353 55.6363 -200.5
      vertex -60.5221 55.5342 -200.5
    endloop
  endfacet
  facet normal 0 0 1
    outer loop
      vertex -62 56.0359 -200.5
      vertex -61.0349 58.1513 -200.5
      vertex -61.2021 58.2979 -200.5
    endloop
  endfacet
  facet normal 0 0 1
    outer loop
      vertex -62 56.0359 -200.5
      vertex -61.2021 58.2979 -200.5
      vertex -61.3487 58.4651 -200.5
    endloop
  endfacet
  facet normal 0 0 1
    outer loop
      vertex -62 56.0359 -200.5
      vertex -61.3487 58.4651 -200.5
      vertex -61.4722 58.65 -200.5
    endloop
  endfacet
  facet normal 0 0 1
    outer loop
      vertex -60.6506 57.9294 -200.5
      vertex -61.5307 55.8045 -200.5
      vertex -61.0353 55.6363 -200.5
    endloop
  endfacet
  facet normal 0 0 1
    outer loop
      vertex -62 56.0359 -200.5
      vertex -61.4722 58.65 -200.5
      vertex -61.5706 58.8494 -200.5
    endloop
  endfacet
  facet normal 0 0 1
    outer loop
      vertex -62 56.0359 -200.5
      vertex -61.5706 58.8494 -200.5
      vertex -61.6421 59.06 -200.5
    endloop
  endfacet
  facet normal 0 0 1
    outer loop
      vertex -62 56.0359 -200.5
      vertex -61.6421 59.06 -200.5
      vertex -61.6855 59.2781 -200.5
    endloop
  endfacet
  facet normal 0 0 1
    outer loop
      vertex -62 56.0359 -200.5
      vertex -61.6855 59.2781 -200.5
      vertex -61.7 59.5 -200.5
    endloop
  endfacet
  facet normal 0 0 1
    outer loop
      vertex -60.85 58.0278 -200.5
      vertex -62 56.0359 -200.5
      vertex -61.5307 55.8045 -200.5
    endloop
  endfacet
  facet normal -0.98077 -0.195165 0
    outer loop
      vertex -58.3145 59.7219 -210.5
      vertex -58.3579 59.94 -200.5
      vertex -58.3579 59.94 -210.5
    endloop
  endfacet
  facet normal -0.98077 -0.195165 0
    outer loop
      vertex -58.3579 59.94 -200.5
      vertex -58.3145 59.7219 -210.5
      vertex -58.3145 59.7219 -200.5
    endloop
  endfacet
  facet normal -0.997872 -0.0652057 0
    outer loop
      vertex -58.3 59.5 -210.5
      vertex -58.3145 59.7219 -200.5
      vertex -58.3145 59.7219 -210.5
    endloop
  endfacet
  facet normal -0.997872 -0.0652057 0
    outer loop
      vertex -58.3145 59.7219 -200.5
      vertex -58.3 59.5 -210.5
      vertex -58.3 59.5 -200.5
    endloop
  endfacet
  facet normal -0.0652057 0.997872 0
    outer loop
      vertex -59.7781 57.8145 -210.5
      vertex -60 57.8 -200.5
      vertex -59.7781 57.8145 -200.5
    endloop
  endfacet
  facet normal -0.0652057 0.997872 0
    outer loop
      vertex -60 57.8 -200.5
      vertex -59.7781 57.8145 -210.5
      vertex -60 57.8 -210.5
    endloop
  endfacet
  facet normal 0.659268 -0.751908 0
    outer loop
      vertex -61.2021 60.7021 -210.5
      vertex -61.0349 60.8487 -200.5
      vertex -61.2021 60.7021 -200.5
    endloop
  endfacet
  facet normal 0.659268 -0.751908 0
    outer loop
      vertex -61.0349 60.8487 -200.5
      vertex -61.2021 60.7021 -210.5
      vertex -61.0349 60.8487 -210.5
    endloop
  endfacet
  facet normal 0.831566 0.555426 0
    outer loop
      vertex -61.3487 58.4651 -200.5
      vertex -61.4722 58.65 -210.5
      vertex -61.4722 58.65 -200.5
    endloop
  endfacet
  facet normal 0.831566 0.555426 0
    outer loop
      vertex -61.4722 58.65 -210.5
      vertex -61.3487 58.4651 -200.5
      vertex -61.3487 58.4651 -210.5
    endloop
  endfacet
  facet normal 0.195165 0.98077 -0
    outer loop
      vertex -60.2219 57.8145 -210.5
      vertex -60.44 57.8579 -200.5
      vertex -60.2219 57.8145 -200.5
    endloop
  endfacet
  facet normal 0.195165 0.98077 0
    outer loop
      vertex -60.44 57.8579 -200.5
      vertex -60.2219 57.8145 -210.5
      vertex -60.44 57.8579 -210.5
    endloop
  endfacet
  facet normal -0.659268 -0.751908 0
    outer loop
      vertex -58.9651 60.8487 -210.5
      vertex -58.7979 60.7021 -200.5
      vertex -58.9651 60.8487 -200.5
    endloop
  endfacet
  facet normal -0.659268 -0.751908 -0
    outer loop
      vertex -58.7979 60.7021 -200.5
      vertex -58.9651 60.8487 -210.5
      vertex -58.7979 60.7021 -210.5
    endloop
  endfacet
  facet normal -0.946915 0.321484 0
    outer loop
      vertex -58.4294 58.8494 -210.5
      vertex -58.3579 59.06 -200.5
      vertex -58.3579 59.06 -210.5
    endloop
  endfacet
  facet normal -0.946915 0.321484 0
    outer loop
      vertex -58.3579 59.06 -200.5
      vertex -58.4294 58.8494 -210.5
      vertex -58.4294 58.8494 -200.5
    endloop
  endfacet
  facet normal -0.751908 0.659268 0
    outer loop
      vertex -58.7979 58.2979 -210.5
      vertex -58.6513 58.4651 -200.5
      vertex -58.6513 58.4651 -210.5
    endloop
  endfacet
  facet normal -0.751908 0.659268 0
    outer loop
      vertex -58.6513 58.4651 -200.5
      vertex -58.7979 58.2979 -210.5
      vertex -58.7979 58.2979 -200.5
    endloop
  endfacet
  facet normal -0.751908 -0.659268 0
    outer loop
      vertex -58.6513 60.5349 -210.5
      vertex -58.7979 60.7021 -200.5
      vertex -58.7979 60.7021 -210.5
    endloop
  endfacet
  facet normal -0.751908 -0.659268 0
    outer loop
      vertex -58.7979 60.7021 -200.5
      vertex -58.6513 60.5349 -210.5
      vertex -58.6513 60.5349 -200.5
    endloop
  endfacet
  facet normal 0.946915 0.321484 0
    outer loop
      vertex -61.5706 58.8494 -200.5
      vertex -61.6421 59.06 -210.5
      vertex -61.6421 59.06 -200.5
    endloop
  endfacet
  facet normal 0.946915 0.321484 0
    outer loop
      vertex -61.6421 59.06 -210.5
      vertex -61.5706 58.8494 -200.5
      vertex -61.5706 58.8494 -210.5
    endloop
  endfacet
  facet normal -0.321484 0.946915 0
    outer loop
      vertex -59.3494 57.9294 -210.5
      vertex -59.56 57.8579 -200.5
      vertex -59.3494 57.9294 -200.5
    endloop
  endfacet
  facet normal -0.321484 0.946915 0
    outer loop
      vertex -59.56 57.8579 -200.5
      vertex -59.3494 57.9294 -210.5
      vertex -59.56 57.8579 -210.5
    endloop
  endfacet
  facet normal 0.0652057 0.997872 -0
    outer loop
      vertex -60 57.8 -210.5
      vertex -60.2219 57.8145 -200.5
      vertex -60 57.8 -200.5
    endloop
  endfacet
  facet normal 0.0652057 0.997872 0
    outer loop
      vertex -60.2219 57.8145 -200.5
      vertex -60 57.8 -210.5
      vertex -60.2219 57.8145 -210.5
    endloop
  endfacet
  facet normal 0.321484 -0.946915 0
    outer loop
      vertex -60.6506 61.0706 -210.5
      vertex -60.44 61.1421 -200.5
      vertex -60.6506 61.0706 -200.5
    endloop
  endfacet
  facet normal 0.321484 -0.946915 0
    outer loop
      vertex -60.44 61.1421 -200.5
      vertex -60.6506 61.0706 -210.5
      vertex -60.44 61.1421 -210.5
    endloop
  endfacet
  facet normal 0.751908 -0.659268 0
    outer loop
      vertex -61.3487 60.5349 -200.5
      vertex -61.2021 60.7021 -210.5
      vertex -61.2021 60.7021 -200.5
    endloop
  endfacet
  facet normal 0.751908 -0.659268 0
    outer loop
      vertex -61.2021 60.7021 -210.5
      vertex -61.3487 60.5349 -200.5
      vertex -61.3487 60.5349 -210.5
    endloop
  endfacet
  facet normal 0.44253 0.896754 -0
    outer loop
      vertex -60.6506 57.9294 -210.5
      vertex -60.85 58.0278 -200.5
      vertex -60.6506 57.9294 -200.5
    endloop
  endfacet
  facet normal 0.44253 0.896754 0
    outer loop
      vertex -60.85 58.0278 -200.5
      vertex -60.6506 57.9294 -210.5
      vertex -60.85 58.0278 -210.5
    endloop
  endfacet
  facet normal 0.0652057 -0.997872 0
    outer loop
      vertex -60.2219 61.1855 -210.5
      vertex -60 61.2 -200.5
      vertex -60.2219 61.1855 -200.5
    endloop
  endfacet
  facet normal 0.0652057 -0.997872 0
    outer loop
      vertex -60 61.2 -200.5
      vertex -60.2219 61.1855 -210.5
      vertex -60 61.2 -210.5
    endloop
  endfacet
  facet normal -0.896754 0.44253 0
    outer loop
      vertex -58.5278 58.65 -210.5
      vertex -58.4294 58.8494 -200.5
      vertex -58.4294 58.8494 -210.5
    endloop
  endfacet
  facet normal -0.896754 0.44253 0
    outer loop
      vertex -58.4294 58.8494 -200.5
      vertex -58.5278 58.65 -210.5
      vertex -58.5278 58.65 -200.5
    endloop
  endfacet
  facet normal -0.555426 0.831566 0
    outer loop
      vertex -58.9651 58.1513 -210.5
      vertex -59.15 58.0278 -200.5
      vertex -58.9651 58.1513 -200.5
    endloop
  endfacet
  facet normal -0.555426 0.831566 0
    outer loop
      vertex -59.15 58.0278 -200.5
      vertex -58.9651 58.1513 -210.5
      vertex -59.15 58.0278 -210.5
    endloop
  endfacet
  facet normal 0.98077 0.195165 0
    outer loop
      vertex -61.6421 59.06 -200.5
      vertex -61.6855 59.2781 -210.5
      vertex -61.6855 59.2781 -200.5
    endloop
  endfacet
  facet normal 0.98077 0.195165 0
    outer loop
      vertex -61.6855 59.2781 -210.5
      vertex -61.6421 59.06 -200.5
      vertex -61.6421 59.06 -210.5
    endloop
  endfacet
  facet normal -0.195165 -0.98077 0
    outer loop
      vertex -59.7781 61.1855 -210.5
      vertex -59.56 61.1421 -200.5
      vertex -59.7781 61.1855 -200.5
    endloop
  endfacet
  facet normal -0.195165 -0.98077 -0
    outer loop
      vertex -59.56 61.1421 -200.5
      vertex -59.7781 61.1855 -210.5
      vertex -59.56 61.1421 -210.5
    endloop
  endfacet
  facet normal -0.831566 -0.555426 0
    outer loop
      vertex -58.5278 60.35 -210.5
      vertex -58.6513 60.5349 -200.5
      vertex -58.6513 60.5349 -210.5
    endloop
  endfacet
  facet normal -0.831566 -0.555426 0
    outer loop
      vertex -58.6513 60.5349 -200.5
      vertex -58.5278 60.35 -210.5
      vertex -58.5278 60.35 -200.5
    endloop
  endfacet
  facet normal -0.997872 0.0652057 0
    outer loop
      vertex -58.3145 59.2781 -210.5
      vertex -58.3 59.5 -200.5
      vertex -58.3 59.5 -210.5
    endloop
  endfacet
  facet normal -0.997872 0.0652057 0
    outer loop
      vertex -58.3 59.5 -200.5
      vertex -58.3145 59.2781 -210.5
      vertex -58.3145 59.2781 -200.5
    endloop
  endfacet
  facet normal -0.321484 -0.946915 0
    outer loop
      vertex -59.56 61.1421 -210.5
      vertex -59.3494 61.0706 -200.5
      vertex -59.56 61.1421 -200.5
    endloop
  endfacet
  facet normal -0.321484 -0.946915 -0
    outer loop
      vertex -59.3494 61.0706 -200.5
      vertex -59.56 61.1421 -210.5
      vertex -59.3494 61.0706 -210.5
    endloop
  endfacet
  facet normal -0.555426 -0.831566 0
    outer loop
      vertex -59.15 60.9722 -210.5
      vertex -58.9651 60.8487 -200.5
      vertex -59.15 60.9722 -200.5
    endloop
  endfacet
  facet normal -0.555426 -0.831566 -0
    outer loop
      vertex -58.9651 60.8487 -200.5
      vertex -59.15 60.9722 -210.5
      vertex -58.9651 60.8487 -210.5
    endloop
  endfacet
  facet normal 0.195165 -0.98077 0
    outer loop
      vertex -60.44 61.1421 -210.5
      vertex -60.2219 61.1855 -200.5
      vertex -60.44 61.1421 -200.5
    endloop
  endfacet
  facet normal 0.195165 -0.98077 0
    outer loop
      vertex -60.2219 61.1855 -200.5
      vertex -60.44 61.1421 -210.5
      vertex -60.2219 61.1855 -210.5
    endloop
  endfacet
  facet normal -0.659268 0.751908 0
    outer loop
      vertex -58.7979 58.2979 -210.5
      vertex -58.9651 58.1513 -200.5
      vertex -58.7979 58.2979 -200.5
    endloop
  endfacet
  facet normal -0.659268 0.751908 0
    outer loop
      vertex -58.9651 58.1513 -200.5
      vertex -58.7979 58.2979 -210.5
      vertex -58.9651 58.1513 -210.5
    endloop
  endfacet
  facet normal 0.896754 -0.44253 0
    outer loop
      vertex -61.5706 60.1506 -200.5
      vertex -61.4722 60.35 -210.5
      vertex -61.4722 60.35 -200.5
    endloop
  endfacet
  facet normal 0.896754 -0.44253 0
    outer loop
      vertex -61.4722 60.35 -210.5
      vertex -61.5706 60.1506 -200.5
      vertex -61.5706 60.1506 -210.5
    endloop
  endfacet
  facet normal -0.98077 0.195165 0
    outer loop
      vertex -58.3579 59.06 -210.5
      vertex -58.3145 59.2781 -200.5
      vertex -58.3145 59.2781 -210.5
    endloop
  endfacet
  facet normal -0.98077 0.195165 0
    outer loop
      vertex -58.3145 59.2781 -200.5
      vertex -58.3579 59.06 -210.5
      vertex -58.3579 59.06 -200.5
    endloop
  endfacet
  facet normal -0.195165 0.98077 0
    outer loop
      vertex -59.56 57.8579 -210.5
      vertex -59.7781 57.8145 -200.5
      vertex -59.56 57.8579 -200.5
    endloop
  endfacet
  facet normal -0.195165 0.98077 0
    outer loop
      vertex -59.7781 57.8145 -200.5
      vertex -59.56 57.8579 -210.5
      vertex -59.7781 57.8145 -210.5
    endloop
  endfacet
  facet normal 0.659268 0.751908 -0
    outer loop
      vertex -61.0349 58.1513 -210.5
      vertex -61.2021 58.2979 -200.5
      vertex -61.0349 58.1513 -200.5
    endloop
  endfacet
  facet normal 0.659268 0.751908 0
    outer loop
      vertex -61.2021 58.2979 -200.5
      vertex -61.0349 58.1513 -210.5
      vertex -61.2021 58.2979 -210.5
    endloop
  endfacet
  facet normal 0.751908 0.659268 0
    outer loop
      vertex -61.2021 58.2979 -200.5
      vertex -61.3487 58.4651 -210.5
      vertex -61.3487 58.4651 -200.5
    endloop
  endfacet
  facet normal 0.751908 0.659268 0
    outer loop
      vertex -61.3487 58.4651 -210.5
      vertex -61.2021 58.2979 -200.5
      vertex -61.2021 58.2979 -210.5
    endloop
  endfacet
  facet normal -0.0652057 -0.997872 0
    outer loop
      vertex -60 61.2 -210.5
      vertex -59.7781 61.1855 -200.5
      vertex -60 61.2 -200.5
    endloop
  endfacet
  facet normal -0.0652057 -0.997872 -0
    outer loop
      vertex -59.7781 61.1855 -200.5
      vertex -60 61.2 -210.5
      vertex -59.7781 61.1855 -210.5
    endloop
  endfacet
  facet normal -0.44253 -0.896754 0
    outer loop
      vertex -59.3494 61.0706 -210.5
      vertex -59.15 60.9722 -200.5
      vertex -59.3494 61.0706 -200.5
    endloop
  endfacet
  facet normal -0.44253 -0.896754 -0
    outer loop
      vertex -59.15 60.9722 -200.5
      vertex -59.3494 61.0706 -210.5
      vertex -59.15 60.9722 -210.5
    endloop
  endfacet
  facet normal -0.831566 0.555426 0
    outer loop
      vertex -58.6513 58.4651 -210.5
      vertex -58.5278 58.65 -200.5
      vertex -58.5278 58.65 -210.5
    endloop
  endfacet
  facet normal -0.831566 0.555426 0
    outer loop
      vertex -58.5278 58.65 -200.5
      vertex -58.6513 58.4651 -210.5
      vertex -58.6513 58.4651 -200.5
    endloop
  endfacet
  facet normal 0.997872 0.0652057 0
    outer loop
      vertex -61.6855 59.2781 -200.5
      vertex -61.7 59.5 -210.5
      vertex -61.7 59.5 -200.5
    endloop
  endfacet
  facet normal 0.997872 0.0652057 0
    outer loop
      vertex -61.7 59.5 -210.5
      vertex -61.6855 59.2781 -200.5
      vertex -61.6855 59.2781 -210.5
    endloop
  endfacet
  facet normal -0.44253 0.896754 0
    outer loop
      vertex -59.15 58.0278 -210.5
      vertex -59.3494 57.9294 -200.5
      vertex -59.15 58.0278 -200.5
    endloop
  endfacet
  facet normal -0.44253 0.896754 0
    outer loop
      vertex -59.3494 57.9294 -200.5
      vertex -59.15 58.0278 -210.5
      vertex -59.3494 57.9294 -210.5
    endloop
  endfacet
  facet normal 0.98077 -0.195165 0
    outer loop
      vertex -61.6855 59.7219 -200.5
      vertex -61.6421 59.94 -210.5
      vertex -61.6421 59.94 -200.5
    endloop
  endfacet
  facet normal 0.98077 -0.195165 0
    outer loop
      vertex -61.6421 59.94 -210.5
      vertex -61.6855 59.7219 -200.5
      vertex -61.6855 59.7219 -210.5
    endloop
  endfacet
  facet normal 0.896754 0.44253 0
    outer loop
      vertex -61.4722 58.65 -200.5
      vertex -61.5706 58.8494 -210.5
      vertex -61.5706 58.8494 -200.5
    endloop
  endfacet
  facet normal 0.896754 0.44253 0
    outer loop
      vertex -61.5706 58.8494 -210.5
      vertex -61.4722 58.65 -200.5
      vertex -61.4722 58.65 -210.5
    endloop
  endfacet
  facet normal 0.946915 -0.321484 0
    outer loop
      vertex -61.6421 59.94 -200.5
      vertex -61.5706 60.1506 -210.5
      vertex -61.5706 60.1506 -200.5
    endloop
  endfacet
  facet normal 0.946915 -0.321484 0
    outer loop
      vertex -61.5706 60.1506 -210.5
      vertex -61.6421 59.94 -200.5
      vertex -61.6421 59.94 -210.5
    endloop
  endfacet
  facet normal 0.555426 -0.831566 0
    outer loop
      vertex -61.0349 60.8487 -210.5
      vertex -60.85 60.9722 -200.5
      vertex -61.0349 60.8487 -200.5
    endloop
  endfacet
  facet normal 0.555426 -0.831566 0
    outer loop
      vertex -60.85 60.9722 -200.5
      vertex -61.0349 60.8487 -210.5
      vertex -60.85 60.9722 -210.5
    endloop
  endfacet
  facet normal -0.896754 -0.44253 0
    outer loop
      vertex -58.4294 60.1506 -210.5
      vertex -58.5278 60.35 -200.5
      vertex -58.5278 60.35 -210.5
    endloop
  endfacet
  facet normal -0.896754 -0.44253 0
    outer loop
      vertex -58.5278 60.35 -200.5
      vertex -58.4294 60.1506 -210.5
      vertex -58.4294 60.1506 -200.5
    endloop
  endfacet
  facet normal -0.946915 -0.321484 0
    outer loop
      vertex -58.3579 59.94 -210.5
      vertex -58.4294 60.1506 -200.5
      vertex -58.4294 60.1506 -210.5
    endloop
  endfacet
  facet normal -0.946915 -0.321484 0
    outer loop
      vertex -58.4294 60.1506 -200.5
      vertex -58.3579 59.94 -210.5
      vertex -58.3579 59.94 -200.5
    endloop
  endfacet
  facet normal 0.997872 -0.0652057 0
    outer loop
      vertex -61.7 59.5 -200.5
      vertex -61.6855 59.7219 -210.5
      vertex -61.6855 59.7219 -200.5
    endloop
  endfacet
  facet normal 0.997872 -0.0652057 0
    outer loop
      vertex -61.6855 59.7219 -210.5
      vertex -61.7 59.5 -200.5
      vertex -61.7 59.5 -210.5
    endloop
  endfacet
  facet normal 0.321484 0.946915 -0
    outer loop
      vertex -60.44 57.8579 -210.5
      vertex -60.6506 57.9294 -200.5
      vertex -60.44 57.8579 -200.5
    endloop
  endfacet
  facet normal 0.321484 0.946915 0
    outer loop
      vertex -60.6506 57.9294 -200.5
      vertex -60.44 57.8579 -210.5
      vertex -60.6506 57.9294 -210.5
    endloop
  endfacet
  facet normal 0.44253 -0.896754 0
    outer loop
      vertex -60.85 60.9722 -210.5
      vertex -60.6506 61.0706 -200.5
      vertex -60.85 60.9722 -200.5
    endloop
  endfacet
  facet normal 0.44253 -0.896754 0
    outer loop
      vertex -60.6506 61.0706 -200.5
      vertex -60.85 60.9722 -210.5
      vertex -60.6506 61.0706 -210.5
    endloop
  endfacet
  facet normal 0.831566 -0.555426 0
    outer loop
      vertex -61.4722 60.35 -200.5
      vertex -61.3487 60.5349 -210.5
      vertex -61.3487 60.5349 -200.5
    endloop
  endfacet
  facet normal 0.831566 -0.555426 0
    outer loop
      vertex -61.3487 60.5349 -210.5
      vertex -61.4722 60.35 -200.5
      vertex -61.4722 60.35 -210.5
    endloop
  endfacet
  facet normal 0.555426 0.831566 -0
    outer loop
      vertex -60.85 58.0278 -210.5
      vertex -61.0349 58.1513 -200.5
      vertex -60.85 58.0278 -200.5
    endloop
  endfacet
  facet normal 0.555426 0.831566 0
    outer loop
      vertex -61.0349 58.1513 -200.5
      vertex -60.85 58.0278 -210.5
      vertex -61.0349 58.1513 -210.5
    endloop
  endfacet
  facet normal 0.321498 0.94691 -0
    outer loop
      vertex 33.5307 -55.8045 -210.5
      vertex 33.0353 -55.6363 -200.5
      vertex 33.5307 -55.8045 -200.5
    endloop
  endfacet
  facet normal 0.321498 0.94691 0
    outer loop
      vertex 33.0353 -55.6363 -200.5
      vertex 33.5307 -55.8045 -210.5
      vertex 33.0353 -55.6363 -210.5
    endloop
  endfacet
  facet normal 0.980779 0.195124 0
    outer loop
      vertex 35.9658 -58.9779 -200.5
      vertex 35.8637 -58.4647 -210.5
      vertex 35.8637 -58.4647 -200.5
    endloop
  endfacet
  facet normal 0.980779 0.195124 0
    outer loop
      vertex 35.8637 -58.4647 -210.5
      vertex 35.9658 -58.9779 -200.5
      vertex 35.9658 -58.9779 -210.5
    endloop
  endfacet
  facet normal 0.997861 0.0653646 0
    outer loop
      vertex 36 -59.5 -200.5
      vertex 35.9658 -58.9779 -210.5
      vertex 35.9658 -58.9779 -200.5
    endloop
  endfacet
  facet normal 0.997861 0.0653646 0
    outer loop
      vertex 35.9658 -58.9779 -210.5
      vertex 36 -59.5 -200.5
      vertex 36 -59.5 -210.5
    endloop
  endfacet
  facet normal 0.94691 0.321498 0
    outer loop
      vertex 35.8637 -58.4647 -200.5
      vertex 35.6955 -57.9693 -210.5
      vertex 35.6955 -57.9693 -200.5
    endloop
  endfacet
  facet normal 0.94691 0.321498 0
    outer loop
      vertex 35.6955 -57.9693 -210.5
      vertex 35.8637 -58.4647 -200.5
      vertex 35.8637 -58.4647 -210.5
    endloop
  endfacet
  facet normal 0.442238 0.896898 -0
    outer loop
      vertex 34 -56.0359 -210.5
      vertex 33.5307 -55.8045 -200.5
      vertex 34 -56.0359 -200.5
    endloop
  endfacet
  facet normal 0.442238 0.896898 0
    outer loop
      vertex 33.5307 -55.8045 -200.5
      vertex 34 -56.0359 -210.5
      vertex 33.5307 -55.8045 -210.5
    endloop
  endfacet
  facet normal -0.997861 -0.0653646 0
    outer loop
      vertex 28.0342 -60.0221 -210.5
      vertex 28 -59.5 -200.5
      vertex 28 -59.5 -210.5
    endloop
  endfacet
  facet normal -0.997861 -0.0653646 0
    outer loop
      vertex 28 -59.5 -200.5
      vertex 28.0342 -60.0221 -210.5
      vertex 28.0342 -60.0221 -200.5
    endloop
  endfacet
  facet normal 0.896898 0.442238 0
    outer loop
      vertex 35.6955 -57.9693 -200.5
      vertex 35.4641 -57.5 -210.5
      vertex 35.4641 -57.5 -200.5
    endloop
  endfacet
  facet normal 0.896898 0.442238 0
    outer loop
      vertex 35.4641 -57.5 -210.5
      vertex 35.6955 -57.9693 -200.5
      vertex 35.6955 -57.9693 -210.5
    endloop
  endfacet
  facet normal 0.831432 0.555626 0
    outer loop
      vertex 35.4641 -57.5 -200.5
      vertex 35.1734 -57.065 -210.5
      vertex 35.1734 -57.065 -200.5
    endloop
  endfacet
  facet normal 0.831432 0.555626 0
    outer loop
      vertex 35.1734 -57.065 -210.5
      vertex 35.4641 -57.5 -200.5
      vertex 35.4641 -57.5 -210.5
    endloop
  endfacet
  facet normal 0.659343 0.751842 -0
    outer loop
      vertex 34.8284 -56.6716 -210.5
      vertex 34.435 -56.3266 -200.5
      vertex 34.8284 -56.6716 -200.5
    endloop
  endfacet
  facet normal 0.659343 0.751842 0
    outer loop
      vertex 34.435 -56.3266 -200.5
      vertex 34.8284 -56.6716 -210.5
      vertex 34.435 -56.3266 -210.5
    endloop
  endfacet
  facet normal -0.659343 0.751842 0
    outer loop
      vertex 29.565 -56.3266 -210.5
      vertex 29.1716 -56.6716 -200.5
      vertex 29.565 -56.3266 -200.5
    endloop
  endfacet
  facet normal -0.659343 0.751842 0
    outer loop
      vertex 29.1716 -56.6716 -200.5
      vertex 29.565 -56.3266 -210.5
      vertex 29.1716 -56.6716 -210.5
    endloop
  endfacet
  facet normal 0.751842 0.659343 0
    outer loop
      vertex 35.1734 -57.065 -200.5
      vertex 34.8284 -56.6716 -210.5
      vertex 34.8284 -56.6716 -200.5
    endloop
  endfacet
  facet normal 0.751842 0.659343 0
    outer loop
      vertex 34.8284 -56.6716 -210.5
      vertex 35.1734 -57.065 -200.5
      vertex 35.1734 -57.065 -210.5
    endloop
  endfacet
  facet normal -0.980779 0.195124 0
    outer loop
      vertex 28.0342 -58.9779 -210.5
      vertex 28.1363 -58.4647 -200.5
      vertex 28.1363 -58.4647 -210.5
    endloop
  endfacet
  facet normal -0.980779 0.195124 0
    outer loop
      vertex 28.1363 -58.4647 -200.5
      vertex 28.0342 -58.9779 -210.5
      vertex 28.0342 -58.9779 -200.5
    endloop
  endfacet
  facet normal -0.997861 0.0653646 0
    outer loop
      vertex 28 -59.5 -210.5
      vertex 28.0342 -58.9779 -200.5
      vertex 28.0342 -58.9779 -210.5
    endloop
  endfacet
  facet normal -0.997861 0.0653646 0
    outer loop
      vertex 28.0342 -58.9779 -200.5
      vertex 28 -59.5 -210.5
      vertex 28 -59.5 -200.5
    endloop
  endfacet
  facet normal -0.751951 -0.659219 0
    outer loop
      vertex 28.9311 -62.0542 -210.5
      vertex 28.8266 -61.935 -200.5
      vertex 28.8266 -61.935 -210.5
    endloop
  endfacet
  facet normal -0.751822 -0.659366 3.09825e-06
    outer loop
      vertex 28.8266 -61.935 -200.5
      vertex 28.9311 -62.0542 -210.5
      vertex 29.1354 -62.2871 -200.5
    endloop
  endfacet
  facet normal 0.555626 0.831432 -0
    outer loop
      vertex 34.435 -56.3266 -210.5
      vertex 34 -56.0359 -200.5
      vertex 34.435 -56.3266 -200.5
    endloop
  endfacet
  facet normal 0.555626 0.831432 0
    outer loop
      vertex 34 -56.0359 -200.5
      vertex 34.435 -56.3266 -210.5
      vertex 34 -56.0359 -210.5
    endloop
  endfacet
  facet normal -0.442238 0.896898 0
    outer loop
      vertex 30.4693 -55.8045 -210.5
      vertex 30 -56.0359 -200.5
      vertex 30.4693 -55.8045 -200.5
    endloop
  endfacet
  facet normal -0.442238 0.896898 0
    outer loop
      vertex 30 -56.0359 -200.5
      vertex 30.4693 -55.8045 -210.5
      vertex 30 -56.0359 -210.5
    endloop
  endfacet
  facet normal 0.980779 -0.195124 0
    outer loop
      vertex 35.8637 -60.5353 -200.5
      vertex 35.9658 -60.0221 -210.5
      vertex 35.9658 -60.0221 -200.5
    endloop
  endfacet
  facet normal 0.980779 -0.195124 0
    outer loop
      vertex 35.9658 -60.0221 -210.5
      vertex 35.8637 -60.5353 -200.5
      vertex 35.8637 -60.5353 -210.5
    endloop
  endfacet
  facet normal -0.751842 0.659343 0
    outer loop
      vertex 28.8266 -57.065 -210.5
      vertex 29.1716 -56.6716 -200.5
      vertex 29.1716 -56.6716 -210.5
    endloop
  endfacet
  facet normal -0.751842 0.659343 0
    outer loop
      vertex 29.1716 -56.6716 -200.5
      vertex 28.8266 -57.065 -210.5
      vertex 28.8266 -57.065 -200.5
    endloop
  endfacet
  facet normal 0.831432 -0.555626 0
    outer loop
      vertex 35.1734 -61.935 -208.905
      vertex 35.4641 -61.5 -210.5
      vertex 35.4641 -61.5 -200.5
    endloop
  endfacet
  facet normal 0.831432 -0.555626 0
    outer loop
      vertex 35.1734 -61.935 -208.905
      vertex 35.4641 -61.5 -200.5
      vertex 35.1734 -61.935 -200.5
    endloop
  endfacet
  facet normal 0.83143 -0.555629 -1.27594e-06
    outer loop
      vertex 35.4641 -61.5 -210.5
      vertex 35.1734 -61.935 -208.905
      vertex 35.202 -61.8922 -210.5
    endloop
  endfacet
  facet normal -0.321498 0.94691 0
    outer loop
      vertex 30.9647 -55.6363 -210.5
      vertex 30.4693 -55.8045 -200.5
      vertex 30.9647 -55.6363 -200.5
    endloop
  endfacet
  facet normal -0.321498 0.94691 0
    outer loop
      vertex 30.4693 -55.8045 -200.5
      vertex 30.9647 -55.6363 -210.5
      vertex 30.4693 -55.8045 -210.5
    endloop
  endfacet
  facet normal -0.980779 -0.195124 0
    outer loop
      vertex 28.1363 -60.5353 -210.5
      vertex 28.0342 -60.0221 -200.5
      vertex 28.0342 -60.0221 -210.5
    endloop
  endfacet
  facet normal -0.980779 -0.195124 0
    outer loop
      vertex 28.0342 -60.0221 -200.5
      vertex 28.1363 -60.5353 -210.5
      vertex 28.1363 -60.5353 -200.5
    endloop
  endfacet
  facet normal 0.94691 -0.321498 0
    outer loop
      vertex 35.6955 -61.0307 -200.5
      vertex 35.8637 -60.5353 -210.5
      vertex 35.8637 -60.5353 -200.5
    endloop
  endfacet
  facet normal 0.94691 -0.321498 0
    outer loop
      vertex 35.8637 -60.5353 -210.5
      vertex 35.6955 -61.0307 -200.5
      vertex 35.6955 -61.0307 -210.5
    endloop
  endfacet
  facet normal 0.751869 -0.659312 0
    outer loop
      vertex 35.1734 -61.935 -200.5
      vertex 34.9654 -62.1722 -200.5
      vertex 35.1734 -61.935 -208.905
    endloop
  endfacet
  facet normal -0.0653646 0.997861 0
    outer loop
      vertex 32 -55.5 -210.5
      vertex 31.4779 -55.5342 -200.5
      vertex 32 -55.5 -200.5
    endloop
  endfacet
  facet normal -0.0653646 0.997861 0
    outer loop
      vertex 31.4779 -55.5342 -200.5
      vertex 32 -55.5 -210.5
      vertex 31.4779 -55.5342 -210.5
    endloop
  endfacet
  facet normal -0.896898 0.442238 0
    outer loop
      vertex 28.3045 -57.9693 -210.5
      vertex 28.5359 -57.5 -200.5
      vertex 28.5359 -57.5 -210.5
    endloop
  endfacet
  facet normal -0.896898 0.442238 0
    outer loop
      vertex 28.5359 -57.5 -200.5
      vertex 28.3045 -57.9693 -210.5
      vertex 28.3045 -57.9693 -200.5
    endloop
  endfacet
  facet normal 0.0653646 0.997861 -0
    outer loop
      vertex 32.5221 -55.5342 -210.5
      vertex 32 -55.5 -200.5
      vertex 32.5221 -55.5342 -200.5
    endloop
  endfacet
  facet normal 0.0653646 0.997861 0
    outer loop
      vertex 32 -55.5 -200.5
      vertex 32.5221 -55.5342 -210.5
      vertex 32 -55.5 -210.5
    endloop
  endfacet
  facet normal 0.997861 -0.0653646 0
    outer loop
      vertex 35.9658 -60.0221 -200.5
      vertex 36 -59.5 -210.5
      vertex 36 -59.5 -200.5
    endloop
  endfacet
  facet normal 0.997861 -0.0653646 0
    outer loop
      vertex 36 -59.5 -210.5
      vertex 35.9658 -60.0221 -200.5
      vertex 35.9658 -60.0221 -210.5
    endloop
  endfacet
  facet normal -0.195124 0.980779 0
    outer loop
      vertex 31.4779 -55.5342 -210.5
      vertex 30.9647 -55.6363 -200.5
      vertex 31.4779 -55.5342 -200.5
    endloop
  endfacet
  facet normal -0.195124 0.980779 0
    outer loop
      vertex 30.9647 -55.6363 -200.5
      vertex 31.4779 -55.5342 -210.5
      vertex 30.9647 -55.6363 -210.5
    endloop
  endfacet
  facet normal -0.555626 0.831432 0
    outer loop
      vertex 30 -56.0359 -210.5
      vertex 29.565 -56.3266 -200.5
      vertex 30 -56.0359 -200.5
    endloop
  endfacet
  facet normal -0.555626 0.831432 0
    outer loop
      vertex 29.565 -56.3266 -200.5
      vertex 30 -56.0359 -210.5
      vertex 29.565 -56.3266 -210.5
    endloop
  endfacet
  facet normal 0.896898 -0.442238 0
    outer loop
      vertex 35.4641 -61.5 -200.5
      vertex 35.6955 -61.0307 -210.5
      vertex 35.6955 -61.0307 -200.5
    endloop
  endfacet
  facet normal 0.896898 -0.442238 0
    outer loop
      vertex 35.6955 -61.0307 -210.5
      vertex 35.4641 -61.5 -200.5
      vertex 35.4641 -61.5 -210.5
    endloop
  endfacet
  facet normal -0.94691 0.321498 0
    outer loop
      vertex 28.1363 -58.4647 -210.5
      vertex 28.3045 -57.9693 -200.5
      vertex 28.3045 -57.9693 -210.5
    endloop
  endfacet
  facet normal -0.94691 0.321498 0
    outer loop
      vertex 28.3045 -57.9693 -200.5
      vertex 28.1363 -58.4647 -210.5
      vertex 28.1363 -58.4647 -200.5
    endloop
  endfacet
  facet normal -0.94691 -0.321498 0
    outer loop
      vertex 28.3045 -61.0307 -210.5
      vertex 28.1363 -60.5353 -200.5
      vertex 28.1363 -60.5353 -210.5
    endloop
  endfacet
  facet normal -0.94691 -0.321498 0
    outer loop
      vertex 28.1363 -60.5353 -200.5
      vertex 28.3045 -61.0307 -210.5
      vertex 28.3045 -61.0307 -200.5
    endloop
  endfacet
  facet normal 0 0 -1
    outer loop
      vertex 33.7 -59.5 -210.5
      vertex 36 -59.5 -210.5
      vertex 35.9658 -60.0221 -210.5
    endloop
  endfacet
  facet normal 0 0 -1
    outer loop
      vertex 33.6855 -59.7219 -210.5
      vertex 35.9658 -60.0221 -210.5
      vertex 35.8637 -60.5353 -210.5
    endloop
  endfacet
  facet normal 0 0 -1
    outer loop
      vertex 36 -59.5 -210.5
      vertex 33.7 -59.5 -210.5
      vertex 35.9658 -58.9779 -210.5
    endloop
  endfacet
  facet normal 0 0 -1
    outer loop
      vertex 33.6421 -59.94 -210.5
      vertex 35.8637 -60.5353 -210.5
      vertex 35.6955 -61.0307 -210.5
    endloop
  endfacet
  facet normal 0 0 -1
    outer loop
      vertex 33.6855 -59.2781 -210.5
      vertex 35.9658 -58.9779 -210.5
      vertex 33.7 -59.5 -210.5
    endloop
  endfacet
  facet normal 0 0 -1
    outer loop
      vertex 33.5706 -60.1506 -210.5
      vertex 35.6955 -61.0307 -210.5
      vertex 35.4641 -61.5 -210.5
    endloop
  endfacet
  facet normal -0 0 -1
    outer loop
      vertex 35.9658 -58.9779 -210.5
      vertex 33.6855 -59.2781 -210.5
      vertex 35.8637 -58.4647 -210.5
    endloop
  endfacet
  facet normal 0 0 -1
    outer loop
      vertex 34.7747 -61.9772 -210.5
      vertex 35.4641 -61.5 -210.5
      vertex 35.202 -61.8922 -210.5
    endloop
  endfacet
  facet normal 0 0 -1
    outer loop
      vertex 33.6421 -59.06 -210.5
      vertex 35.8637 -58.4647 -210.5
      vertex 33.6855 -59.2781 -210.5
    endloop
  endfacet
  facet normal -0 0 -1
    outer loop
      vertex 35.8637 -58.4647 -210.5
      vertex 33.6421 -59.06 -210.5
      vertex 35.6955 -57.9693 -210.5
    endloop
  endfacet
  facet normal 0 0 -1
    outer loop
      vertex 33.4722 -60.35 -210.5
      vertex 35.4641 -61.5 -210.5
      vertex 34.7747 -61.9772 -210.5
    endloop
  endfacet
  facet normal 0 0 -1
    outer loop
      vertex 33.5706 -58.8494 -210.5
      vertex 35.6955 -57.9693 -210.5
      vertex 33.6421 -59.06 -210.5
    endloop
  endfacet
  facet normal 0 0 -1
    outer loop
      vertex 33.4722 -58.65 -210.5
      vertex 35.4641 -57.5 -210.5
      vertex 33.5706 -58.8494 -210.5
    endloop
  endfacet
  facet normal -0 0 -1
    outer loop
      vertex 35.6955 -57.9693 -210.5
      vertex 33.5706 -58.8494 -210.5
      vertex 35.4641 -57.5 -210.5
    endloop
  endfacet
  facet normal 0 0 -1
    outer loop
      vertex 35.9658 -60.0221 -210.5
      vertex 33.6855 -59.7219 -210.5
      vertex 33.7 -59.5 -210.5
    endloop
  endfacet
  facet normal 0 0 -1
    outer loop
      vertex 35.8637 -60.5353 -210.5
      vertex 33.6421 -59.94 -210.5
      vertex 33.6855 -59.7219 -210.5
    endloop
  endfacet
  facet normal 0 0 -1
    outer loop
      vertex 33.3487 -60.5349 -210.5
      vertex 34.7747 -61.9772 -210.5
      vertex 33.6 -62.0542 -210.5
    endloop
  endfacet
  facet normal 0 0 -1
    outer loop
      vertex 35.6955 -61.0307 -210.5
      vertex 33.5706 -60.1506 -210.5
      vertex 33.6421 -59.94 -210.5
    endloop
  endfacet
  facet normal 0 0 -1
    outer loop
      vertex 35.4641 -61.5 -210.5
      vertex 33.4722 -60.35 -210.5
      vertex 33.5706 -60.1506 -210.5
    endloop
  endfacet
  facet normal 0 0 -1
    outer loop
      vertex 34.7747 -61.9772 -210.5
      vertex 33.3487 -60.5349 -210.5
      vertex 33.4722 -60.35 -210.5
    endloop
  endfacet
  facet normal 0 0 -1
    outer loop
      vertex 33.6 -62.0542 -210.5
      vertex 33.2021 -60.7021 -210.5
      vertex 33.3487 -60.5349 -210.5
    endloop
  endfacet
  facet normal 0 0 -1
    outer loop
      vertex 33.6 -62.0542 -210.5
      vertex 33.0349 -60.8487 -210.5
      vertex 33.2021 -60.7021 -210.5
    endloop
  endfacet
  facet normal 0 0 -1
    outer loop
      vertex 33.6 -62.0542 -210.5
      vertex 32.85 -60.9722 -210.5
      vertex 33.0349 -60.8487 -210.5
    endloop
  endfacet
  facet normal 0 0 -1
    outer loop
      vertex 33.6 -62.0542 -210.5
      vertex 32.6506 -61.0706 -210.5
      vertex 32.85 -60.9722 -210.5
    endloop
  endfacet
  facet normal 0 0 -1
    outer loop
      vertex 33.6 -62.0542 -210.5
      vertex 32.44 -61.1421 -210.5
      vertex 32.6506 -61.0706 -210.5
    endloop
  endfacet
  facet normal 0 0 -1
    outer loop
      vertex 33.6 -62.0542 -210.5
      vertex 32.2219 -61.1855 -210.5
      vertex 32.44 -61.1421 -210.5
    endloop
  endfacet
  facet normal 0 0 -1
    outer loop
      vertex 33.6 -62.0542 -210.5
      vertex 32 -61.2 -210.5
      vertex 32.2219 -61.1855 -210.5
    endloop
  endfacet
  facet normal 0 0 -1
    outer loop
      vertex 33.6 -62.0542 -210.5
      vertex 31.7781 -61.1855 -210.5
      vertex 32 -61.2 -210.5
    endloop
  endfacet
  facet normal 0 0 -1
    outer loop
      vertex 28.9311 -62.0542 -210.5
      vertex 31.7781 -61.1855 -210.5
      vertex 33.6 -62.0542 -210.5
    endloop
  endfacet
  facet normal -0 0 -1
    outer loop
      vertex 31.7781 -61.1855 -210.5
      vertex 28.9311 -62.0542 -210.5
      vertex 31.56 -61.1421 -210.5
    endloop
  endfacet
  facet normal 0 0 -1
    outer loop
      vertex 28 -59.5 -210.5
      vertex 30.3 -59.5 -210.5
      vertex 30.3145 -59.7219 -210.5
    endloop
  endfacet
  facet normal 0 0 -1
    outer loop
      vertex 30.3 -59.5 -210.5
      vertex 29.565 -56.3266 -210.5
      vertex 30 -56.0359 -210.5
    endloop
  endfacet
  facet normal 0 0 -1
    outer loop
      vertex 28.0342 -60.0221 -210.5
      vertex 30.3145 -59.7219 -210.5
      vertex 30.3579 -59.94 -210.5
    endloop
  endfacet
  facet normal 0 0 -1
    outer loop
      vertex 30.3 -59.5 -210.5
      vertex 29.1716 -56.6716 -210.5
      vertex 29.565 -56.3266 -210.5
    endloop
  endfacet
  facet normal 0 0 -1
    outer loop
      vertex 28.1363 -60.5353 -210.5
      vertex 30.3579 -59.94 -210.5
      vertex 30.4294 -60.1506 -210.5
    endloop
  endfacet
  facet normal -0 0 -1
    outer loop
      vertex 31.56 -61.1421 -210.5
      vertex 28.9311 -62.0542 -210.5
      vertex 31.3494 -61.0706 -210.5
    endloop
  endfacet
  facet normal 0 0 -1
    outer loop
      vertex 28.9311 -62.0542 -210.5
      vertex 31.15 -60.9722 -210.5
      vertex 31.3494 -61.0706 -210.5
    endloop
  endfacet
  facet normal 0 0 -1
    outer loop
      vertex 28.9311 -62.0542 -210.5
      vertex 30.9651 -60.8487 -210.5
      vertex 31.15 -60.9722 -210.5
    endloop
  endfacet
  facet normal 0 0 -1
    outer loop
      vertex 28.9311 -62.0542 -210.5
      vertex 30.7979 -60.7021 -210.5
      vertex 30.9651 -60.8487 -210.5
    endloop
  endfacet
  facet normal 0 0 -1
    outer loop
      vertex 28.9311 -62.0542 -210.5
      vertex 30.6513 -60.5349 -210.5
      vertex 30.7979 -60.7021 -210.5
    endloop
  endfacet
  facet normal 0 0 -1
    outer loop
      vertex 28.8266 -61.935 -210.5
      vertex 30.6513 -60.5349 -210.5
      vertex 28.9311 -62.0542 -210.5
    endloop
  endfacet
  facet normal -0 0 -1
    outer loop
      vertex 30.6513 -60.5349 -210.5
      vertex 28.8266 -61.935 -210.5
      vertex 30.5278 -60.35 -210.5
    endloop
  endfacet
  facet normal 0 0 -1
    outer loop
      vertex 28.5359 -61.5 -210.5
      vertex 30.5278 -60.35 -210.5
      vertex 28.8266 -61.935 -210.5
    endloop
  endfacet
  facet normal -0 0 -1
    outer loop
      vertex 30.5278 -60.35 -210.5
      vertex 28.5359 -61.5 -210.5
      vertex 30.4294 -60.1506 -210.5
    endloop
  endfacet
  facet normal 0 0 -1
    outer loop
      vertex 30.3 -59.5 -210.5
      vertex 28.8266 -57.065 -210.5
      vertex 29.1716 -56.6716 -210.5
    endloop
  endfacet
  facet normal 0 0 -1
    outer loop
      vertex 28.3045 -61.0307 -210.5
      vertex 30.4294 -60.1506 -210.5
      vertex 28.5359 -61.5 -210.5
    endloop
  endfacet
  facet normal 0 0 -1
    outer loop
      vertex 30.3 -59.5 -210.5
      vertex 28.5359 -57.5 -210.5
      vertex 28.8266 -57.065 -210.5
    endloop
  endfacet
  facet normal 0 0 -1
    outer loop
      vertex 28.1363 -60.5353 -210.5
      vertex 30.4294 -60.1506 -210.5
      vertex 28.3045 -61.0307 -210.5
    endloop
  endfacet
  facet normal 0 0 -1
    outer loop
      vertex 30.3 -59.5 -210.5
      vertex 28.3045 -57.9693 -210.5
      vertex 28.5359 -57.5 -210.5
    endloop
  endfacet
  facet normal 0 0 -1
    outer loop
      vertex 30.3579 -59.94 -210.5
      vertex 28.1363 -60.5353 -210.5
      vertex 28.0342 -60.0221 -210.5
    endloop
  endfacet
  facet normal 0 0 -1
    outer loop
      vertex 30.3 -59.5 -210.5
      vertex 28.1363 -58.4647 -210.5
      vertex 28.3045 -57.9693 -210.5
    endloop
  endfacet
  facet normal -0 0 -1
    outer loop
      vertex 30.3145 -59.7219 -210.5
      vertex 28.0342 -60.0221 -210.5
      vertex 28 -59.5 -210.5
    endloop
  endfacet
  facet normal 0 0 -1
    outer loop
      vertex 30.3 -59.5 -210.5
      vertex 28.0342 -58.9779 -210.5
      vertex 28.1363 -58.4647 -210.5
    endloop
  endfacet
  facet normal 0 0 -1
    outer loop
      vertex 30.3 -59.5 -210.5
      vertex 28 -59.5 -210.5
      vertex 28.0342 -58.9779 -210.5
    endloop
  endfacet
  facet normal -0 0 -1
    outer loop
      vertex 35.4641 -57.5 -210.5
      vertex 33.4722 -58.65 -210.5
      vertex 35.1734 -57.065 -210.5
    endloop
  endfacet
  facet normal 0 0 -1
    outer loop
      vertex 33.3487 -58.4651 -210.5
      vertex 35.1734 -57.065 -210.5
      vertex 33.4722 -58.65 -210.5
    endloop
  endfacet
  facet normal -0 0 -1
    outer loop
      vertex 35.1734 -57.065 -210.5
      vertex 33.3487 -58.4651 -210.5
      vertex 34.8284 -56.6716 -210.5
    endloop
  endfacet
  facet normal 0 0 -1
    outer loop
      vertex 33.2021 -58.2979 -210.5
      vertex 34.8284 -56.6716 -210.5
      vertex 33.3487 -58.4651 -210.5
    endloop
  endfacet
  facet normal -0 0 -1
    outer loop
      vertex 34.8284 -56.6716 -210.5
      vertex 33.2021 -58.2979 -210.5
      vertex 34.435 -56.3266 -210.5
    endloop
  endfacet
  facet normal 0 0 -1
    outer loop
      vertex 33.0349 -58.1513 -210.5
      vertex 34.435 -56.3266 -210.5
      vertex 33.2021 -58.2979 -210.5
    endloop
  endfacet
  facet normal -0 0 -1
    outer loop
      vertex 34.435 -56.3266 -210.5
      vertex 33.0349 -58.1513 -210.5
      vertex 34 -56.0359 -210.5
    endloop
  endfacet
  facet normal 0 0 -1
    outer loop
      vertex 32.85 -58.0278 -210.5
      vertex 34 -56.0359 -210.5
      vertex 33.0349 -58.1513 -210.5
    endloop
  endfacet
  facet normal -0 0 -1
    outer loop
      vertex 34 -56.0359 -210.5
      vertex 32.85 -58.0278 -210.5
      vertex 33.5307 -55.8045 -210.5
    endloop
  endfacet
  facet normal 0 0 -1
    outer loop
      vertex 32.6506 -57.9294 -210.5
      vertex 33.5307 -55.8045 -210.5
      vertex 32.85 -58.0278 -210.5
    endloop
  endfacet
  facet normal -0 0 -1
    outer loop
      vertex 33.5307 -55.8045 -210.5
      vertex 32.6506 -57.9294 -210.5
      vertex 33.0353 -55.6363 -210.5
    endloop
  endfacet
  facet normal 0 0 -1
    outer loop
      vertex 32.44 -57.8579 -210.5
      vertex 33.0353 -55.6363 -210.5
      vertex 32.6506 -57.9294 -210.5
    endloop
  endfacet
  facet normal -0 0 -1
    outer loop
      vertex 33.0353 -55.6363 -210.5
      vertex 32.44 -57.8579 -210.5
      vertex 32.5221 -55.5342 -210.5
    endloop
  endfacet
  facet normal 0 0 -1
    outer loop
      vertex 32.2219 -57.8145 -210.5
      vertex 32.5221 -55.5342 -210.5
      vertex 32.44 -57.8579 -210.5
    endloop
  endfacet
  facet normal 0 0 -1
    outer loop
      vertex 32 -57.8 -210.5
      vertex 32.5221 -55.5342 -210.5
      vertex 32.2219 -57.8145 -210.5
    endloop
  endfacet
  facet normal 0 0 -1
    outer loop
      vertex 32 -57.8 -210.5
      vertex 32 -55.5 -210.5
      vertex 32.5221 -55.5342 -210.5
    endloop
  endfacet
  facet normal 0 0 -1
    outer loop
      vertex 31.7781 -57.8145 -210.5
      vertex 32 -55.5 -210.5
      vertex 32 -57.8 -210.5
    endloop
  endfacet
  facet normal 0 0 -1
    outer loop
      vertex 31.4779 -55.5342 -210.5
      vertex 31.7781 -57.8145 -210.5
      vertex 31.56 -57.8579 -210.5
    endloop
  endfacet
  facet normal 0 0 -1
    outer loop
      vertex 31.7781 -57.8145 -210.5
      vertex 31.4779 -55.5342 -210.5
      vertex 32 -55.5 -210.5
    endloop
  endfacet
  facet normal 0 0 -1
    outer loop
      vertex 30.9647 -55.6363 -210.5
      vertex 31.56 -57.8579 -210.5
      vertex 31.3494 -57.9294 -210.5
    endloop
  endfacet
  facet normal 0 0 -1
    outer loop
      vertex 30.4693 -55.8045 -210.5
      vertex 31.3494 -57.9294 -210.5
      vertex 31.15 -58.0278 -210.5
    endloop
  endfacet
  facet normal 0 0 -1
    outer loop
      vertex 30 -56.0359 -210.5
      vertex 31.15 -58.0278 -210.5
      vertex 30.9651 -58.1513 -210.5
    endloop
  endfacet
  facet normal 0 0 -1
    outer loop
      vertex 31.56 -57.8579 -210.5
      vertex 30.9647 -55.6363 -210.5
      vertex 31.4779 -55.5342 -210.5
    endloop
  endfacet
  facet normal 0 0 -1
    outer loop
      vertex 30 -56.0359 -210.5
      vertex 30.9651 -58.1513 -210.5
      vertex 30.7979 -58.2979 -210.5
    endloop
  endfacet
  facet normal 0 0 -1
    outer loop
      vertex 30 -56.0359 -210.5
      vertex 30.7979 -58.2979 -210.5
      vertex 30.6513 -58.4651 -210.5
    endloop
  endfacet
  facet normal 0 0 -1
    outer loop
      vertex 30 -56.0359 -210.5
      vertex 30.6513 -58.4651 -210.5
      vertex 30.5278 -58.65 -210.5
    endloop
  endfacet
  facet normal 0 0 -1
    outer loop
      vertex 31.3494 -57.9294 -210.5
      vertex 30.4693 -55.8045 -210.5
      vertex 30.9647 -55.6363 -210.5
    endloop
  endfacet
  facet normal 0 0 -1
    outer loop
      vertex 30 -56.0359 -210.5
      vertex 30.5278 -58.65 -210.5
      vertex 30.4294 -58.8494 -210.5
    endloop
  endfacet
  facet normal 0 0 -1
    outer loop
      vertex 30 -56.0359 -210.5
      vertex 30.4294 -58.8494 -210.5
      vertex 30.3579 -59.06 -210.5
    endloop
  endfacet
  facet normal 0 0 -1
    outer loop
      vertex 30 -56.0359 -210.5
      vertex 30.3579 -59.06 -210.5
      vertex 30.3145 -59.2781 -210.5
    endloop
  endfacet
  facet normal 0 0 -1
    outer loop
      vertex 30 -56.0359 -210.5
      vertex 30.3145 -59.2781 -210.5
      vertex 30.3 -59.5 -210.5
    endloop
  endfacet
  facet normal 0 0 -1
    outer loop
      vertex 31.15 -58.0278 -210.5
      vertex 30 -56.0359 -210.5
      vertex 30.4693 -55.8045 -210.5
    endloop
  endfacet
  facet normal -0.831432 0.555626 0
    outer loop
      vertex 28.5359 -57.5 -210.5
      vertex 28.8266 -57.065 -200.5
      vertex 28.8266 -57.065 -210.5
    endloop
  endfacet
  facet normal -0.831432 0.555626 0
    outer loop
      vertex 28.8266 -57.065 -200.5
      vertex 28.5359 -57.5 -210.5
      vertex 28.5359 -57.5 -200.5
    endloop
  endfacet
  facet normal -0.896898 -0.442238 0
    outer loop
      vertex 28.5359 -61.5 -210.5
      vertex 28.3045 -61.0307 -200.5
      vertex 28.3045 -61.0307 -210.5
    endloop
  endfacet
  facet normal -0.896898 -0.442238 0
    outer loop
      vertex 28.3045 -61.0307 -200.5
      vertex 28.5359 -61.5 -210.5
      vertex 28.5359 -61.5 -200.5
    endloop
  endfacet
  facet normal 0.195124 0.980779 -0
    outer loop
      vertex 33.0353 -55.6363 -210.5
      vertex 32.5221 -55.5342 -200.5
      vertex 33.0353 -55.6363 -200.5
    endloop
  endfacet
  facet normal 0.195124 0.980779 0
    outer loop
      vertex 32.5221 -55.5342 -200.5
      vertex 33.0353 -55.6363 -210.5
      vertex 32.5221 -55.5342 -210.5
    endloop
  endfacet
  facet normal -0.831432 -0.555626 0
    outer loop
      vertex 28.8266 -61.935 -210.5
      vertex 28.5359 -61.5 -200.5
      vertex 28.5359 -61.5 -210.5
    endloop
  endfacet
  facet normal -0.831432 -0.555626 0
    outer loop
      vertex 28.5359 -61.5 -200.5
      vertex 28.8266 -61.935 -210.5
      vertex 28.8266 -61.935 -200.5
    endloop
  endfacet
  facet normal 0 0 1
    outer loop
      vertex 35.9658 -58.9779 -200.5
      vertex 33.6855 -59.2781 -200.5
      vertex 33.7 -59.5 -200.5
    endloop
  endfacet
  facet normal 0 0 1
    outer loop
      vertex 34.435 -56.3266 -200.5
      vertex 33.6421 -59.06 -200.5
      vertex 33.6855 -59.2781 -200.5
    endloop
  endfacet
  facet normal 0 0 1
    outer loop
      vertex 34.435 -56.3266 -200.5
      vertex 33.5706 -58.8494 -200.5
      vertex 33.6421 -59.06 -200.5
    endloop
  endfacet
  facet normal 0 0 1
    outer loop
      vertex 32.85 -58.0278 -200.5
      vertex 34 -56.0359 -200.5
      vertex 33.5307 -55.8045 -200.5
    endloop
  endfacet
  facet normal 0 0 1
    outer loop
      vertex 34.435 -56.3266 -200.5
      vertex 33.4722 -58.65 -200.5
      vertex 33.5706 -58.8494 -200.5
    endloop
  endfacet
  facet normal 0 0 1
    outer loop
      vertex 34.435 -56.3266 -200.5
      vertex 33.3487 -58.4651 -200.5
      vertex 33.4722 -58.65 -200.5
    endloop
  endfacet
  facet normal 0 0 1
    outer loop
      vertex 34.435 -56.3266 -200.5
      vertex 33.2021 -58.2979 -200.5
      vertex 33.3487 -58.4651 -200.5
    endloop
  endfacet
  facet normal 0 0 1
    outer loop
      vertex 32.6506 -57.9294 -200.5
      vertex 33.5307 -55.8045 -200.5
      vertex 33.0353 -55.6363 -200.5
    endloop
  endfacet
  facet normal 0 0 1
    outer loop
      vertex 34.435 -56.3266 -200.5
      vertex 33.0349 -58.1513 -200.5
      vertex 33.2021 -58.2979 -200.5
    endloop
  endfacet
  facet normal 0 0 1
    outer loop
      vertex 34 -56.0359 -200.5
      vertex 32.85 -58.0278 -200.5
      vertex 33.0349 -58.1513 -200.5
    endloop
  endfacet
  facet normal 0 0 1
    outer loop
      vertex 33.5307 -55.8045 -200.5
      vertex 32.6506 -57.9294 -200.5
      vertex 32.85 -58.0278 -200.5
    endloop
  endfacet
  facet normal 0 0 1
    outer loop
      vertex 32.44 -57.8579 -200.5
      vertex 33.0353 -55.6363 -200.5
      vertex 32.5221 -55.5342 -200.5
    endloop
  endfacet
  facet normal 0 0 1
    outer loop
      vertex 33.0353 -55.6363 -200.5
      vertex 32.44 -57.8579 -200.5
      vertex 32.6506 -57.9294 -200.5
    endloop
  endfacet
  facet normal 0 0 1
    outer loop
      vertex 32.5221 -55.5342 -200.5
      vertex 32.2219 -57.8145 -200.5
      vertex 32.44 -57.8579 -200.5
    endloop
  endfacet
  facet normal 0 0 1
    outer loop
      vertex 32 -55.5 -200.5
      vertex 32.2219 -57.8145 -200.5
      vertex 32.5221 -55.5342 -200.5
    endloop
  endfacet
  facet normal 0 0 1
    outer loop
      vertex 32 -55.5 -200.5
      vertex 32 -57.8 -200.5
      vertex 32.2219 -57.8145 -200.5
    endloop
  endfacet
  facet normal 0 0 1
    outer loop
      vertex 32 -55.5 -200.5
      vertex 31.7781 -57.8145 -200.5
      vertex 32 -57.8 -200.5
    endloop
  endfacet
  facet normal -0 0 1
    outer loop
      vertex 31.4779 -55.5342 -200.5
      vertex 31.7781 -57.8145 -200.5
      vertex 32 -55.5 -200.5
    endloop
  endfacet
  facet normal 0 0 1
    outer loop
      vertex 31.7781 -57.8145 -200.5
      vertex 31.4779 -55.5342 -200.5
      vertex 31.56 -57.8579 -200.5
    endloop
  endfacet
  facet normal -0 0 1
    outer loop
      vertex 30.9647 -55.6363 -200.5
      vertex 31.56 -57.8579 -200.5
      vertex 31.4779 -55.5342 -200.5
    endloop
  endfacet
  facet normal 0 0 1
    outer loop
      vertex 31.56 -57.8579 -200.5
      vertex 30.9647 -55.6363 -200.5
      vertex 31.3494 -57.9294 -200.5
    endloop
  endfacet
  facet normal -0 0 1
    outer loop
      vertex 30.4693 -55.8045 -200.5
      vertex 31.3494 -57.9294 -200.5
      vertex 30.9647 -55.6363 -200.5
    endloop
  endfacet
  facet normal 0 0 1
    outer loop
      vertex 31.3494 -57.9294 -200.5
      vertex 30.4693 -55.8045 -200.5
      vertex 31.15 -58.0278 -200.5
    endloop
  endfacet
  facet normal -0 0 1
    outer loop
      vertex 30 -56.0359 -200.5
      vertex 31.15 -58.0278 -200.5
      vertex 30.4693 -55.8045 -200.5
    endloop
  endfacet
  facet normal 0 0 1
    outer loop
      vertex 31.15 -58.0278 -200.5
      vertex 30 -56.0359 -200.5
      vertex 30.9651 -58.1513 -200.5
    endloop
  endfacet
  facet normal -0 0 1
    outer loop
      vertex 29.565 -56.3266 -200.5
      vertex 30.9651 -58.1513 -200.5
      vertex 30 -56.0359 -200.5
    endloop
  endfacet
  facet normal 0 0 1
    outer loop
      vertex 30.9651 -58.1513 -200.5
      vertex 29.565 -56.3266 -200.5
      vertex 30.7979 -58.2979 -200.5
    endloop
  endfacet
  facet normal -0 0 1
    outer loop
      vertex 29.1716 -56.6716 -200.5
      vertex 30.7979 -58.2979 -200.5
      vertex 29.565 -56.3266 -200.5
    endloop
  endfacet
  facet normal 0 0 1
    outer loop
      vertex 30.7979 -58.2979 -200.5
      vertex 29.1716 -56.6716 -200.5
      vertex 30.6513 -58.4651 -200.5
    endloop
  endfacet
  facet normal -0 0 1
    outer loop
      vertex 28.8266 -57.065 -200.5
      vertex 30.6513 -58.4651 -200.5
      vertex 29.1716 -56.6716 -200.5
    endloop
  endfacet
  facet normal 0 0 1
    outer loop
      vertex 30.6513 -58.4651 -200.5
      vertex 28.8266 -57.065 -200.5
      vertex 30.5278 -58.65 -200.5
    endloop
  endfacet
  facet normal -0 0 1
    outer loop
      vertex 28.5359 -57.5 -200.5
      vertex 30.5278 -58.65 -200.5
      vertex 28.8266 -57.065 -200.5
    endloop
  endfacet
  facet normal 0 0 1
    outer loop
      vertex 33.7 -59.5 -200.5
      vertex 36 -59.5 -200.5
      vertex 35.9658 -58.9779 -200.5
    endloop
  endfacet
  facet normal 0 0 1
    outer loop
      vertex 33.6855 -59.2781 -200.5
      vertex 35.9658 -58.9779 -200.5
      vertex 35.8637 -58.4647 -200.5
    endloop
  endfacet
  facet normal 0 0 1
    outer loop
      vertex 36 -59.5 -200.5
      vertex 33.7 -59.5 -200.5
      vertex 35.9658 -60.0221 -200.5
    endloop
  endfacet
  facet normal 0 0 1
    outer loop
      vertex 33.6855 -59.2781 -200.5
      vertex 35.8637 -58.4647 -200.5
      vertex 35.6955 -57.9693 -200.5
    endloop
  endfacet
  facet normal -0 0 1
    outer loop
      vertex 33.6855 -59.7219 -200.5
      vertex 35.9658 -60.0221 -200.5
      vertex 33.7 -59.5 -200.5
    endloop
  endfacet
  facet normal 0 0 1
    outer loop
      vertex 33.6855 -59.2781 -200.5
      vertex 35.6955 -57.9693 -200.5
      vertex 35.4641 -57.5 -200.5
    endloop
  endfacet
  facet normal 0 0 1
    outer loop
      vertex 35.9658 -60.0221 -200.5
      vertex 33.6855 -59.7219 -200.5
      vertex 35.8637 -60.5353 -200.5
    endloop
  endfacet
  facet normal 0 0 1
    outer loop
      vertex 33.6855 -59.2781 -200.5
      vertex 35.4641 -57.5 -200.5
      vertex 35.1734 -57.065 -200.5
    endloop
  endfacet
  facet normal -0 0 1
    outer loop
      vertex 33.6421 -59.94 -200.5
      vertex 35.8637 -60.5353 -200.5
      vertex 33.6855 -59.7219 -200.5
    endloop
  endfacet
  facet normal 0 0 1
    outer loop
      vertex 35.8637 -60.5353 -200.5
      vertex 33.6421 -59.94 -200.5
      vertex 35.6955 -61.0307 -200.5
    endloop
  endfacet
  facet normal 0 0 1
    outer loop
      vertex 33.6855 -59.2781 -200.5
      vertex 35.1734 -57.065 -200.5
      vertex 34.8284 -56.6716 -200.5
    endloop
  endfacet
  facet normal -0 0 1
    outer loop
      vertex 33.5706 -60.1506 -200.5
      vertex 35.6955 -61.0307 -200.5
      vertex 33.6421 -59.94 -200.5
    endloop
  endfacet
  facet normal 0 0 1
    outer loop
      vertex 33.6855 -59.2781 -200.5
      vertex 34.8284 -56.6716 -200.5
      vertex 34.435 -56.3266 -200.5
    endloop
  endfacet
  facet normal 0 0 1
    outer loop
      vertex 33.0349 -58.1513 -200.5
      vertex 34.435 -56.3266 -200.5
      vertex 34 -56.0359 -200.5
    endloop
  endfacet
  facet normal 0 0 1
    outer loop
      vertex 35.6955 -61.0307 -200.5
      vertex 33.5706 -60.1506 -200.5
      vertex 35.4641 -61.5 -200.5
    endloop
  endfacet
  facet normal -0 0 1
    outer loop
      vertex 33.4722 -60.35 -200.5
      vertex 35.4641 -61.5 -200.5
      vertex 33.5706 -60.1506 -200.5
    endloop
  endfacet
  facet normal 0 0 1
    outer loop
      vertex 35.4641 -61.5 -200.5
      vertex 33.4722 -60.35 -200.5
      vertex 35.1734 -61.935 -200.5
    endloop
  endfacet
  facet normal -0 0 1
    outer loop
      vertex 33.3487 -60.5349 -200.5
      vertex 35.1734 -61.935 -200.5
      vertex 33.4722 -60.35 -200.5
    endloop
  endfacet
  facet normal 0 0 1
    outer loop
      vertex 35.1734 -61.935 -200.5
      vertex 34.7747 -62.2101 -200.5
      vertex 34.9654 -62.1722 -200.5
    endloop
  endfacet
  facet normal 0 0 1
    outer loop
      vertex 35.1734 -61.935 -200.5
      vertex 33.3487 -60.5349 -200.5
      vertex 34.7747 -62.2101 -200.5
    endloop
  endfacet
  facet normal 0 0 1
    outer loop
      vertex 34.7747 -62.2101 -200.5
      vertex 33.3487 -60.5349 -200.5
      vertex 33.6 -62.2871 -200.5
    endloop
  endfacet
  facet normal -0 0 1
    outer loop
      vertex 33.2021 -60.7021 -200.5
      vertex 33.6 -62.2871 -200.5
      vertex 33.3487 -60.5349 -200.5
    endloop
  endfacet
  facet normal -0 0 1
    outer loop
      vertex 33.0349 -60.8487 -200.5
      vertex 33.6 -62.2871 -200.5
      vertex 33.2021 -60.7021 -200.5
    endloop
  endfacet
  facet normal -0 0 1
    outer loop
      vertex 32.85 -60.9722 -200.5
      vertex 33.6 -62.2871 -200.5
      vertex 33.0349 -60.8487 -200.5
    endloop
  endfacet
  facet normal -0 0 1
    outer loop
      vertex 32.6506 -61.0706 -200.5
      vertex 33.6 -62.2871 -200.5
      vertex 32.85 -60.9722 -200.5
    endloop
  endfacet
  facet normal -0 0 1
    outer loop
      vertex 32.44 -61.1421 -200.5
      vertex 33.6 -62.2871 -200.5
      vertex 32.6506 -61.0706 -200.5
    endloop
  endfacet
  facet normal -0 0 1
    outer loop
      vertex 32.2219 -61.1855 -200.5
      vertex 33.6 -62.2871 -200.5
      vertex 32.44 -61.1421 -200.5
    endloop
  endfacet
  facet normal -0 0 1
    outer loop
      vertex 32 -61.2 -200.5
      vertex 33.6 -62.2871 -200.5
      vertex 32.2219 -61.1855 -200.5
    endloop
  endfacet
  facet normal 0 0 1
    outer loop
      vertex 31.7781 -61.1855 -200.5
      vertex 33.6 -62.2871 -200.5
      vertex 32 -61.2 -200.5
    endloop
  endfacet
  facet normal 0 0 1
    outer loop
      vertex 29.1354 -62.2871 -200.5
      vertex 31.7781 -61.1855 -200.5
      vertex 31.56 -61.1421 -200.5
    endloop
  endfacet
  facet normal 0 0 1
    outer loop
      vertex 29.1354 -62.2871 -200.5
      vertex 31.56 -61.1421 -200.5
      vertex 31.3494 -61.0706 -200.5
    endloop
  endfacet
  facet normal 0 0 1
    outer loop
      vertex 29.1354 -62.2871 -200.5
      vertex 31.3494 -61.0706 -200.5
      vertex 31.15 -60.9722 -200.5
    endloop
  endfacet
  facet normal 0 0 1
    outer loop
      vertex 30.5278 -58.65 -200.5
      vertex 28.5359 -57.5 -200.5
      vertex 30.4294 -58.8494 -200.5
    endloop
  endfacet
  facet normal -0 0 1
    outer loop
      vertex 28.3045 -57.9693 -200.5
      vertex 30.4294 -58.8494 -200.5
      vertex 28.5359 -57.5 -200.5
    endloop
  endfacet
  facet normal 0 0 1
    outer loop
      vertex 30.4294 -58.8494 -200.5
      vertex 28.3045 -57.9693 -200.5
      vertex 30.3579 -59.06 -200.5
    endloop
  endfacet
  facet normal -0 0 1
    outer loop
      vertex 28.1363 -58.4647 -200.5
      vertex 30.3579 -59.06 -200.5
      vertex 28.3045 -57.9693 -200.5
    endloop
  endfacet
  facet normal 0 0 1
    outer loop
      vertex 30.3579 -59.06 -200.5
      vertex 28.1363 -58.4647 -200.5
      vertex 30.3145 -59.2781 -200.5
    endloop
  endfacet
  facet normal 0 0 1
    outer loop
      vertex 31.7781 -61.1855 -200.5
      vertex 29.1354 -62.2871 -200.5
      vertex 33.6 -62.2871 -200.5
    endloop
  endfacet
  facet normal 0 0 1
    outer loop
      vertex 30.9651 -60.8487 -200.5
      vertex 29.1354 -62.2871 -200.5
      vertex 31.15 -60.9722 -200.5
    endloop
  endfacet
  facet normal 0 0 1
    outer loop
      vertex 30.7979 -60.7021 -200.5
      vertex 29.1354 -62.2871 -200.5
      vertex 30.9651 -60.8487 -200.5
    endloop
  endfacet
  facet normal 0 0 1
    outer loop
      vertex 30.6513 -60.5349 -200.5
      vertex 29.1354 -62.2871 -200.5
      vertex 30.7979 -60.7021 -200.5
    endloop
  endfacet
  facet normal 0 0 1
    outer loop
      vertex 28.8266 -61.935 -200.5
      vertex 30.6513 -60.5349 -200.5
      vertex 30.5278 -60.35 -200.5
    endloop
  endfacet
  facet normal 0 0 1
    outer loop
      vertex 28.5359 -61.5 -200.5
      vertex 30.5278 -60.35 -200.5
      vertex 30.4294 -60.1506 -200.5
    endloop
  endfacet
  facet normal -0 0 1
    outer loop
      vertex 28.0342 -58.9779 -200.5
      vertex 30.3145 -59.2781 -200.5
      vertex 28.1363 -58.4647 -200.5
    endloop
  endfacet
  facet normal 0 0 1
    outer loop
      vertex 30.3145 -59.2781 -200.5
      vertex 28.0342 -58.9779 -200.5
      vertex 30.3 -59.5 -200.5
    endloop
  endfacet
  facet normal 0 0 1
    outer loop
      vertex 30.6513 -60.5349 -200.5
      vertex 28.8266 -61.935 -200.5
      vertex 29.1354 -62.2871 -200.5
    endloop
  endfacet
  facet normal 0 0 1
    outer loop
      vertex 28 -59.5 -200.5
      vertex 30.3 -59.5 -200.5
      vertex 28.0342 -58.9779 -200.5
    endloop
  endfacet
  facet normal 0 0 1
    outer loop
      vertex 30.5278 -60.35 -200.5
      vertex 28.5359 -61.5 -200.5
      vertex 28.8266 -61.935 -200.5
    endloop
  endfacet
  facet normal 0 0 1
    outer loop
      vertex 30.3 -59.5 -200.5
      vertex 28 -59.5 -200.5
      vertex 30.3145 -59.7219 -200.5
    endloop
  endfacet
  facet normal 0 0 1
    outer loop
      vertex 30.4294 -60.1506 -200.5
      vertex 28.3045 -61.0307 -200.5
      vertex 28.5359 -61.5 -200.5
    endloop
  endfacet
  facet normal 0 -0 1
    outer loop
      vertex 28.0342 -60.0221 -200.5
      vertex 30.3145 -59.7219 -200.5
      vertex 28 -59.5 -200.5
    endloop
  endfacet
  facet normal 0 0 1
    outer loop
      vertex 30.4294 -60.1506 -200.5
      vertex 28.1363 -60.5353 -200.5
      vertex 28.3045 -61.0307 -200.5
    endloop
  endfacet
  facet normal 0 0 1
    outer loop
      vertex 30.3145 -59.7219 -200.5
      vertex 28.0342 -60.0221 -200.5
      vertex 30.3579 -59.94 -200.5
    endloop
  endfacet
  facet normal 0 0 1
    outer loop
      vertex 30.3579 -59.94 -200.5
      vertex 28.1363 -60.5353 -200.5
      vertex 30.4294 -60.1506 -200.5
    endloop
  endfacet
  facet normal 0 -0 1
    outer loop
      vertex 28.1363 -60.5353 -200.5
      vertex 30.3579 -59.94 -200.5
      vertex 28.0342 -60.0221 -200.5
    endloop
  endfacet
  facet normal -0.98077 -0.195165 0
    outer loop
      vertex 33.6855 -59.2781 -210.5
      vertex 33.6421 -59.06 -200.5
      vertex 33.6421 -59.06 -210.5
    endloop
  endfacet
  facet normal -0.98077 -0.195165 0
    outer loop
      vertex 33.6421 -59.06 -200.5
      vertex 33.6855 -59.2781 -210.5
      vertex 33.6855 -59.2781 -200.5
    endloop
  endfacet
  facet normal -0.997872 -0.0652057 0
    outer loop
      vertex 33.7 -59.5 -210.5
      vertex 33.6855 -59.2781 -200.5
      vertex 33.6855 -59.2781 -210.5
    endloop
  endfacet
  facet normal -0.997872 -0.0652057 0
    outer loop
      vertex 33.6855 -59.2781 -200.5
      vertex 33.7 -59.5 -210.5
      vertex 33.7 -59.5 -200.5
    endloop
  endfacet
  facet normal -0.0652057 0.997872 0
    outer loop
      vertex 32.2219 -61.1855 -210.5
      vertex 32 -61.2 -200.5
      vertex 32.2219 -61.1855 -200.5
    endloop
  endfacet
  facet normal -0.0652057 0.997872 0
    outer loop
      vertex 32 -61.2 -200.5
      vertex 32.2219 -61.1855 -210.5
      vertex 32 -61.2 -210.5
    endloop
  endfacet
  facet normal 0.659268 -0.751908 0
    outer loop
      vertex 30.7979 -58.2979 -210.5
      vertex 30.9651 -58.1513 -200.5
      vertex 30.7979 -58.2979 -200.5
    endloop
  endfacet
  facet normal 0.659268 -0.751908 0
    outer loop
      vertex 30.9651 -58.1513 -200.5
      vertex 30.7979 -58.2979 -210.5
      vertex 30.9651 -58.1513 -210.5
    endloop
  endfacet
  facet normal 0.831566 0.555426 0
    outer loop
      vertex 30.6513 -60.5349 -200.5
      vertex 30.5278 -60.35 -210.5
      vertex 30.5278 -60.35 -200.5
    endloop
  endfacet
  facet normal 0.831566 0.555426 0
    outer loop
      vertex 30.5278 -60.35 -210.5
      vertex 30.6513 -60.5349 -200.5
      vertex 30.6513 -60.5349 -210.5
    endloop
  endfacet
  facet normal 0.195165 0.98077 -0
    outer loop
      vertex 31.7781 -61.1855 -210.5
      vertex 31.56 -61.1421 -200.5
      vertex 31.7781 -61.1855 -200.5
    endloop
  endfacet
  facet normal 0.195165 0.98077 0
    outer loop
      vertex 31.56 -61.1421 -200.5
      vertex 31.7781 -61.1855 -210.5
      vertex 31.56 -61.1421 -210.5
    endloop
  endfacet
  facet normal -0.659268 -0.751908 0
    outer loop
      vertex 33.0349 -58.1513 -210.5
      vertex 33.2021 -58.2979 -200.5
      vertex 33.0349 -58.1513 -200.5
    endloop
  endfacet
  facet normal -0.659268 -0.751908 -0
    outer loop
      vertex 33.2021 -58.2979 -200.5
      vertex 33.0349 -58.1513 -210.5
      vertex 33.2021 -58.2979 -210.5
    endloop
  endfacet
  facet normal -0.946915 0.321484 0
    outer loop
      vertex 33.5706 -60.1506 -210.5
      vertex 33.6421 -59.94 -200.5
      vertex 33.6421 -59.94 -210.5
    endloop
  endfacet
  facet normal -0.946915 0.321484 0
    outer loop
      vertex 33.6421 -59.94 -200.5
      vertex 33.5706 -60.1506 -210.5
      vertex 33.5706 -60.1506 -200.5
    endloop
  endfacet
  facet normal -0.751908 0.659268 0
    outer loop
      vertex 33.2021 -60.7021 -210.5
      vertex 33.3487 -60.5349 -200.5
      vertex 33.3487 -60.5349 -210.5
    endloop
  endfacet
  facet normal -0.751908 0.659268 0
    outer loop
      vertex 33.3487 -60.5349 -200.5
      vertex 33.2021 -60.7021 -210.5
      vertex 33.2021 -60.7021 -200.5
    endloop
  endfacet
  facet normal -0.751908 -0.659268 0
    outer loop
      vertex 33.3487 -58.4651 -210.5
      vertex 33.2021 -58.2979 -200.5
      vertex 33.2021 -58.2979 -210.5
    endloop
  endfacet
  facet normal -0.751908 -0.659268 0
    outer loop
      vertex 33.2021 -58.2979 -200.5
      vertex 33.3487 -58.4651 -210.5
      vertex 33.3487 -58.4651 -200.5
    endloop
  endfacet
  facet normal 0.946915 0.321484 0
    outer loop
      vertex 30.4294 -60.1506 -200.5
      vertex 30.3579 -59.94 -210.5
      vertex 30.3579 -59.94 -200.5
    endloop
  endfacet
  facet normal 0.946915 0.321484 0
    outer loop
      vertex 30.3579 -59.94 -210.5
      vertex 30.4294 -60.1506 -200.5
      vertex 30.4294 -60.1506 -210.5
    endloop
  endfacet
  facet normal -0.321484 0.946915 0
    outer loop
      vertex 32.6506 -61.0706 -210.5
      vertex 32.44 -61.1421 -200.5
      vertex 32.6506 -61.0706 -200.5
    endloop
  endfacet
  facet normal -0.321484 0.946915 0
    outer loop
      vertex 32.44 -61.1421 -200.5
      vertex 32.6506 -61.0706 -210.5
      vertex 32.44 -61.1421 -210.5
    endloop
  endfacet
  facet normal 0.0652057 0.997872 -0
    outer loop
      vertex 32 -61.2 -210.5
      vertex 31.7781 -61.1855 -200.5
      vertex 32 -61.2 -200.5
    endloop
  endfacet
  facet normal 0.0652057 0.997872 0
    outer loop
      vertex 31.7781 -61.1855 -200.5
      vertex 32 -61.2 -210.5
      vertex 31.7781 -61.1855 -210.5
    endloop
  endfacet
  facet normal 0.321484 -0.946915 0
    outer loop
      vertex 31.3494 -57.9294 -210.5
      vertex 31.56 -57.8579 -200.5
      vertex 31.3494 -57.9294 -200.5
    endloop
  endfacet
  facet normal 0.321484 -0.946915 0
    outer loop
      vertex 31.56 -57.8579 -200.5
      vertex 31.3494 -57.9294 -210.5
      vertex 31.56 -57.8579 -210.5
    endloop
  endfacet
  facet normal 0.751908 -0.659268 0
    outer loop
      vertex 30.6513 -58.4651 -200.5
      vertex 30.7979 -58.2979 -210.5
      vertex 30.7979 -58.2979 -200.5
    endloop
  endfacet
  facet normal 0.751908 -0.659268 0
    outer loop
      vertex 30.7979 -58.2979 -210.5
      vertex 30.6513 -58.4651 -200.5
      vertex 30.6513 -58.4651 -210.5
    endloop
  endfacet
  facet normal 0.44253 0.896754 -0
    outer loop
      vertex 31.3494 -61.0706 -210.5
      vertex 31.15 -60.9722 -200.5
      vertex 31.3494 -61.0706 -200.5
    endloop
  endfacet
  facet normal 0.44253 0.896754 0
    outer loop
      vertex 31.15 -60.9722 -200.5
      vertex 31.3494 -61.0706 -210.5
      vertex 31.15 -60.9722 -210.5
    endloop
  endfacet
  facet normal 0.0652057 -0.997872 0
    outer loop
      vertex 31.7781 -57.8145 -210.5
      vertex 32 -57.8 -200.5
      vertex 31.7781 -57.8145 -200.5
    endloop
  endfacet
  facet normal 0.0652057 -0.997872 0
    outer loop
      vertex 32 -57.8 -200.5
      vertex 31.7781 -57.8145 -210.5
      vertex 32 -57.8 -210.5
    endloop
  endfacet
  facet normal -0.896754 0.44253 0
    outer loop
      vertex 33.4722 -60.35 -210.5
      vertex 33.5706 -60.1506 -200.5
      vertex 33.5706 -60.1506 -210.5
    endloop
  endfacet
  facet normal -0.896754 0.44253 0
    outer loop
      vertex 33.5706 -60.1506 -200.5
      vertex 33.4722 -60.35 -210.5
      vertex 33.4722 -60.35 -200.5
    endloop
  endfacet
  facet normal -0.555426 0.831566 0
    outer loop
      vertex 33.0349 -60.8487 -210.5
      vertex 32.85 -60.9722 -200.5
      vertex 33.0349 -60.8487 -200.5
    endloop
  endfacet
  facet normal -0.555426 0.831566 0
    outer loop
      vertex 32.85 -60.9722 -200.5
      vertex 33.0349 -60.8487 -210.5
      vertex 32.85 -60.9722 -210.5
    endloop
  endfacet
  facet normal 0.98077 0.195165 0
    outer loop
      vertex 30.3579 -59.94 -200.5
      vertex 30.3145 -59.7219 -210.5
      vertex 30.3145 -59.7219 -200.5
    endloop
  endfacet
  facet normal 0.98077 0.195165 0
    outer loop
      vertex 30.3145 -59.7219 -210.5
      vertex 30.3579 -59.94 -200.5
      vertex 30.3579 -59.94 -210.5
    endloop
  endfacet
  facet normal -0.195165 -0.98077 0
    outer loop
      vertex 32.2219 -57.8145 -210.5
      vertex 32.44 -57.8579 -200.5
      vertex 32.2219 -57.8145 -200.5
    endloop
  endfacet
  facet normal -0.195165 -0.98077 -0
    outer loop
      vertex 32.44 -57.8579 -200.5
      vertex 32.2219 -57.8145 -210.5
      vertex 32.44 -57.8579 -210.5
    endloop
  endfacet
  facet normal -0.831566 -0.555426 0
    outer loop
      vertex 33.4722 -58.65 -210.5
      vertex 33.3487 -58.4651 -200.5
      vertex 33.3487 -58.4651 -210.5
    endloop
  endfacet
  facet normal -0.831566 -0.555426 0
    outer loop
      vertex 33.3487 -58.4651 -200.5
      vertex 33.4722 -58.65 -210.5
      vertex 33.4722 -58.65 -200.5
    endloop
  endfacet
  facet normal -0.997872 0.0652057 0
    outer loop
      vertex 33.6855 -59.7219 -210.5
      vertex 33.7 -59.5 -200.5
      vertex 33.7 -59.5 -210.5
    endloop
  endfacet
  facet normal -0.997872 0.0652057 0
    outer loop
      vertex 33.7 -59.5 -200.5
      vertex 33.6855 -59.7219 -210.5
      vertex 33.6855 -59.7219 -200.5
    endloop
  endfacet
  facet normal -0.321484 -0.946915 0
    outer loop
      vertex 32.44 -57.8579 -210.5
      vertex 32.6506 -57.9294 -200.5
      vertex 32.44 -57.8579 -200.5
    endloop
  endfacet
  facet normal -0.321484 -0.946915 -0
    outer loop
      vertex 32.6506 -57.9294 -200.5
      vertex 32.44 -57.8579 -210.5
      vertex 32.6506 -57.9294 -210.5
    endloop
  endfacet
  facet normal -0.555426 -0.831566 0
    outer loop
      vertex 32.85 -58.0278 -210.5
      vertex 33.0349 -58.1513 -200.5
      vertex 32.85 -58.0278 -200.5
    endloop
  endfacet
  facet normal -0.555426 -0.831566 -0
    outer loop
      vertex 33.0349 -58.1513 -200.5
      vertex 32.85 -58.0278 -210.5
      vertex 33.0349 -58.1513 -210.5
    endloop
  endfacet
  facet normal 0.195165 -0.98077 0
    outer loop
      vertex 31.56 -57.8579 -210.5
      vertex 31.7781 -57.8145 -200.5
      vertex 31.56 -57.8579 -200.5
    endloop
  endfacet
  facet normal 0.195165 -0.98077 0
    outer loop
      vertex 31.7781 -57.8145 -200.5
      vertex 31.56 -57.8579 -210.5
      vertex 31.7781 -57.8145 -210.5
    endloop
  endfacet
  facet normal -0.659268 0.751908 0
    outer loop
      vertex 33.2021 -60.7021 -210.5
      vertex 33.0349 -60.8487 -200.5
      vertex 33.2021 -60.7021 -200.5
    endloop
  endfacet
  facet normal -0.659268 0.751908 0
    outer loop
      vertex 33.0349 -60.8487 -200.5
      vertex 33.2021 -60.7021 -210.5
      vertex 33.0349 -60.8487 -210.5
    endloop
  endfacet
  facet normal 0.896754 -0.44253 0
    outer loop
      vertex 30.4294 -58.8494 -200.5
      vertex 30.5278 -58.65 -210.5
      vertex 30.5278 -58.65 -200.5
    endloop
  endfacet
  facet normal 0.896754 -0.44253 0
    outer loop
      vertex 30.5278 -58.65 -210.5
      vertex 30.4294 -58.8494 -200.5
      vertex 30.4294 -58.8494 -210.5
    endloop
  endfacet
  facet normal -0.98077 0.195165 0
    outer loop
      vertex 33.6421 -59.94 -210.5
      vertex 33.6855 -59.7219 -200.5
      vertex 33.6855 -59.7219 -210.5
    endloop
  endfacet
  facet normal -0.98077 0.195165 0
    outer loop
      vertex 33.6855 -59.7219 -200.5
      vertex 33.6421 -59.94 -210.5
      vertex 33.6421 -59.94 -200.5
    endloop
  endfacet
  facet normal -0.195165 0.98077 0
    outer loop
      vertex 32.44 -61.1421 -210.5
      vertex 32.2219 -61.1855 -200.5
      vertex 32.44 -61.1421 -200.5
    endloop
  endfacet
  facet normal -0.195165 0.98077 0
    outer loop
      vertex 32.2219 -61.1855 -200.5
      vertex 32.44 -61.1421 -210.5
      vertex 32.2219 -61.1855 -210.5
    endloop
  endfacet
  facet normal 0.659268 0.751908 -0
    outer loop
      vertex 30.9651 -60.8487 -210.5
      vertex 30.7979 -60.7021 -200.5
      vertex 30.9651 -60.8487 -200.5
    endloop
  endfacet
  facet normal 0.659268 0.751908 0
    outer loop
      vertex 30.7979 -60.7021 -200.5
      vertex 30.9651 -60.8487 -210.5
      vertex 30.7979 -60.7021 -210.5
    endloop
  endfacet
  facet normal 0.751908 0.659268 0
    outer loop
      vertex 30.7979 -60.7021 -200.5
      vertex 30.6513 -60.5349 -210.5
      vertex 30.6513 -60.5349 -200.5
    endloop
  endfacet
  facet normal 0.751908 0.659268 0
    outer loop
      vertex 30.6513 -60.5349 -210.5
      vertex 30.7979 -60.7021 -200.5
      vertex 30.7979 -60.7021 -210.5
    endloop
  endfacet
  facet normal -0.0652057 -0.997872 0
    outer loop
      vertex 32 -57.8 -210.5
      vertex 32.2219 -57.8145 -200.5
      vertex 32 -57.8 -200.5
    endloop
  endfacet
  facet normal -0.0652057 -0.997872 -0
    outer loop
      vertex 32.2219 -57.8145 -200.5
      vertex 32 -57.8 -210.5
      vertex 32.2219 -57.8145 -210.5
    endloop
  endfacet
  facet normal -0.44253 -0.896754 0
    outer loop
      vertex 32.6506 -57.9294 -210.5
      vertex 32.85 -58.0278 -200.5
      vertex 32.6506 -57.9294 -200.5
    endloop
  endfacet
  facet normal -0.44253 -0.896754 -0
    outer loop
      vertex 32.85 -58.0278 -200.5
      vertex 32.6506 -57.9294 -210.5
      vertex 32.85 -58.0278 -210.5
    endloop
  endfacet
  facet normal -0.831566 0.555426 0
    outer loop
      vertex 33.3487 -60.5349 -210.5
      vertex 33.4722 -60.35 -200.5
      vertex 33.4722 -60.35 -210.5
    endloop
  endfacet
  facet normal -0.831566 0.555426 0
    outer loop
      vertex 33.4722 -60.35 -200.5
      vertex 33.3487 -60.5349 -210.5
      vertex 33.3487 -60.5349 -200.5
    endloop
  endfacet
  facet normal 0.997872 0.0652057 0
    outer loop
      vertex 30.3145 -59.7219 -200.5
      vertex 30.3 -59.5 -210.5
      vertex 30.3 -59.5 -200.5
    endloop
  endfacet
  facet normal 0.997872 0.0652057 0
    outer loop
      vertex 30.3 -59.5 -210.5
      vertex 30.3145 -59.7219 -200.5
      vertex 30.3145 -59.7219 -210.5
    endloop
  endfacet
  facet normal -0.44253 0.896754 0
    outer loop
      vertex 32.85 -60.9722 -210.5
      vertex 32.6506 -61.0706 -200.5
      vertex 32.85 -60.9722 -200.5
    endloop
  endfacet
  facet normal -0.44253 0.896754 0
    outer loop
      vertex 32.6506 -61.0706 -200.5
      vertex 32.85 -60.9722 -210.5
      vertex 32.6506 -61.0706 -210.5
    endloop
  endfacet
  facet normal 0.98077 -0.195165 0
    outer loop
      vertex 30.3145 -59.2781 -200.5
      vertex 30.3579 -59.06 -210.5
      vertex 30.3579 -59.06 -200.5
    endloop
  endfacet
  facet normal 0.98077 -0.195165 0
    outer loop
      vertex 30.3579 -59.06 -210.5
      vertex 30.3145 -59.2781 -200.5
      vertex 30.3145 -59.2781 -210.5
    endloop
  endfacet
  facet normal 0.896754 0.44253 0
    outer loop
      vertex 30.5278 -60.35 -200.5
      vertex 30.4294 -60.1506 -210.5
      vertex 30.4294 -60.1506 -200.5
    endloop
  endfacet
  facet normal 0.896754 0.44253 0
    outer loop
      vertex 30.4294 -60.1506 -210.5
      vertex 30.5278 -60.35 -200.5
      vertex 30.5278 -60.35 -210.5
    endloop
  endfacet
  facet normal 0.946915 -0.321484 0
    outer loop
      vertex 30.3579 -59.06 -200.5
      vertex 30.4294 -58.8494 -210.5
      vertex 30.4294 -58.8494 -200.5
    endloop
  endfacet
  facet normal 0.946915 -0.321484 0
    outer loop
      vertex 30.4294 -58.8494 -210.5
      vertex 30.3579 -59.06 -200.5
      vertex 30.3579 -59.06 -210.5
    endloop
  endfacet
  facet normal 0.555426 -0.831566 0
    outer loop
      vertex 30.9651 -58.1513 -210.5
      vertex 31.15 -58.0278 -200.5
      vertex 30.9651 -58.1513 -200.5
    endloop
  endfacet
  facet normal 0.555426 -0.831566 0
    outer loop
      vertex 31.15 -58.0278 -200.5
      vertex 30.9651 -58.1513 -210.5
      vertex 31.15 -58.0278 -210.5
    endloop
  endfacet
  facet normal -0.896754 -0.44253 0
    outer loop
      vertex 33.5706 -58.8494 -210.5
      vertex 33.4722 -58.65 -200.5
      vertex 33.4722 -58.65 -210.5
    endloop
  endfacet
  facet normal -0.896754 -0.44253 0
    outer loop
      vertex 33.4722 -58.65 -200.5
      vertex 33.5706 -58.8494 -210.5
      vertex 33.5706 -58.8494 -200.5
    endloop
  endfacet
  facet normal -0.946915 -0.321484 0
    outer loop
      vertex 33.6421 -59.06 -210.5
      vertex 33.5706 -58.8494 -200.5
      vertex 33.5706 -58.8494 -210.5
    endloop
  endfacet
  facet normal -0.946915 -0.321484 0
    outer loop
      vertex 33.5706 -58.8494 -200.5
      vertex 33.6421 -59.06 -210.5
      vertex 33.6421 -59.06 -200.5
    endloop
  endfacet
  facet normal 0.997872 -0.0652057 0
    outer loop
      vertex 30.3 -59.5 -200.5
      vertex 30.3145 -59.2781 -210.5
      vertex 30.3145 -59.2781 -200.5
    endloop
  endfacet
  facet normal 0.997872 -0.0652057 0
    outer loop
      vertex 30.3145 -59.2781 -210.5
      vertex 30.3 -59.5 -200.5
      vertex 30.3 -59.5 -210.5
    endloop
  endfacet
  facet normal 0.321484 0.946915 -0
    outer loop
      vertex 31.56 -61.1421 -210.5
      vertex 31.3494 -61.0706 -200.5
      vertex 31.56 -61.1421 -200.5
    endloop
  endfacet
  facet normal 0.321484 0.946915 0
    outer loop
      vertex 31.3494 -61.0706 -200.5
      vertex 31.56 -61.1421 -210.5
      vertex 31.3494 -61.0706 -210.5
    endloop
  endfacet
  facet normal 0.44253 -0.896754 0
    outer loop
      vertex 31.15 -58.0278 -210.5
      vertex 31.3494 -57.9294 -200.5
      vertex 31.15 -58.0278 -200.5
    endloop
  endfacet
  facet normal 0.44253 -0.896754 0
    outer loop
      vertex 31.3494 -57.9294 -200.5
      vertex 31.15 -58.0278 -210.5
      vertex 31.3494 -57.9294 -210.5
    endloop
  endfacet
  facet normal 0.831566 -0.555426 0
    outer loop
      vertex 30.5278 -58.65 -200.5
      vertex 30.6513 -58.4651 -210.5
      vertex 30.6513 -58.4651 -200.5
    endloop
  endfacet
  facet normal 0.831566 -0.555426 0
    outer loop
      vertex 30.6513 -58.4651 -210.5
      vertex 30.5278 -58.65 -200.5
      vertex 30.5278 -58.65 -210.5
    endloop
  endfacet
  facet normal 0.555426 0.831566 -0
    outer loop
      vertex 31.15 -60.9722 -210.5
      vertex 30.9651 -60.8487 -200.5
      vertex 31.15 -60.9722 -200.5
    endloop
  endfacet
  facet normal 0.555426 0.831566 0
    outer loop
      vertex 30.9651 -60.8487 -200.5
      vertex 31.15 -60.9722 -210.5
      vertex 30.9651 -60.8487 -210.5
    endloop
  endfacet
  facet normal 0.980779 0.195124 0
    outer loop
      vertex 35.9658 60.0221 -200.5
      vertex 35.8637 60.5353 -210.5
      vertex 35.8637 60.5353 -200.5
    endloop
  endfacet
  facet normal 0.980779 0.195124 0
    outer loop
      vertex 35.8637 60.5353 -210.5
      vertex 35.9658 60.0221 -200.5
      vertex 35.9658 60.0221 -210.5
    endloop
  endfacet
  facet normal 0.997861 0.0653646 0
    outer loop
      vertex 36 59.5 -200.5
      vertex 35.9658 60.0221 -210.5
      vertex 35.9658 60.0221 -200.5
    endloop
  endfacet
  facet normal 0.997861 0.0653646 0
    outer loop
      vertex 35.9658 60.0221 -210.5
      vertex 36 59.5 -200.5
      vertex 36 59.5 -210.5
    endloop
  endfacet
  facet normal 0.94691 0.321498 0
    outer loop
      vertex 35.8637 60.5353 -200.5
      vertex 35.6955 61.0307 -210.5
      vertex 35.6955 61.0307 -200.5
    endloop
  endfacet
  facet normal 0.94691 0.321498 0
    outer loop
      vertex 35.6955 61.0307 -210.5
      vertex 35.8637 60.5353 -200.5
      vertex 35.8637 60.5353 -210.5
    endloop
  endfacet
  facet normal -0.997861 -0.0653646 0
    outer loop
      vertex 28.0342 58.9779 -210.5
      vertex 28 59.5 -200.5
      vertex 28 59.5 -210.5
    endloop
  endfacet
  facet normal -0.997861 -0.0653646 0
    outer loop
      vertex 28 59.5 -200.5
      vertex 28.0342 58.9779 -210.5
      vertex 28.0342 58.9779 -200.5
    endloop
  endfacet
  facet normal 0.896898 0.442238 0
    outer loop
      vertex 35.6955 61.0307 -200.5
      vertex 35.4641 61.5 -210.5
      vertex 35.4641 61.5 -200.5
    endloop
  endfacet
  facet normal 0.896898 0.442238 0
    outer loop
      vertex 35.4641 61.5 -210.5
      vertex 35.6955 61.0307 -200.5
      vertex 35.6955 61.0307 -210.5
    endloop
  endfacet
  facet normal 0.831432 0.555626 0
    outer loop
      vertex 35.4641 61.5 -200.5
      vertex 35.1734 61.935 -208.905
      vertex 35.1734 61.935 -200.5
    endloop
  endfacet
  facet normal 0.831432 0.555626 -0
    outer loop
      vertex 35.4641 61.5 -210.5
      vertex 35.1734 61.935 -208.905
      vertex 35.4641 61.5 -200.5
    endloop
  endfacet
  facet normal 0.83143 0.555629 -1.27594e-06
    outer loop
      vertex 35.1734 61.935 -208.905
      vertex 35.4641 61.5 -210.5
      vertex 35.202 61.8922 -210.5
    endloop
  endfacet
  facet normal 0.751869 0.659312 -0
    outer loop
      vertex 35.1734 61.935 -208.905
      vertex 34.9654 62.1722 -200.5
      vertex 35.1734 61.935 -200.5
    endloop
  endfacet
  facet normal -0.980779 0.195124 0
    outer loop
      vertex 28.0342 60.0221 -210.5
      vertex 28.1363 60.5353 -200.5
      vertex 28.1363 60.5353 -210.5
    endloop
  endfacet
  facet normal -0.980779 0.195124 0
    outer loop
      vertex 28.1363 60.5353 -200.5
      vertex 28.0342 60.0221 -210.5
      vertex 28.0342 60.0221 -200.5
    endloop
  endfacet
  facet normal -0.555626 -0.831432 0
    outer loop
      vertex 29.565 56.3266 -210.5
      vertex 30 56.0359 -200.5
      vertex 29.565 56.3266 -200.5
    endloop
  endfacet
  facet normal -0.555626 -0.831432 -0
    outer loop
      vertex 30 56.0359 -200.5
      vertex 29.565 56.3266 -210.5
      vertex 30 56.0359 -210.5
    endloop
  endfacet
  facet normal -0.997861 0.0653646 0
    outer loop
      vertex 28 59.5 -210.5
      vertex 28.0342 60.0221 -200.5
      vertex 28.0342 60.0221 -210.5
    endloop
  endfacet
  facet normal -0.997861 0.0653646 0
    outer loop
      vertex 28.0342 60.0221 -200.5
      vertex 28 59.5 -210.5
      vertex 28 59.5 -200.5
    endloop
  endfacet
  facet normal -0.751842 -0.659343 0
    outer loop
      vertex 29.1716 56.6716 -210.5
      vertex 28.8266 57.065 -200.5
      vertex 28.8266 57.065 -210.5
    endloop
  endfacet
  facet normal -0.751842 -0.659343 0
    outer loop
      vertex 28.8266 57.065 -200.5
      vertex 29.1716 56.6716 -210.5
      vertex 29.1716 56.6716 -200.5
    endloop
  endfacet
  facet normal 0.195124 -0.980779 0
    outer loop
      vertex 32.5221 55.5342 -210.5
      vertex 33.0353 55.6363 -200.5
      vertex 32.5221 55.5342 -200.5
    endloop
  endfacet
  facet normal 0.195124 -0.980779 0
    outer loop
      vertex 33.0353 55.6363 -200.5
      vertex 32.5221 55.5342 -210.5
      vertex 33.0353 55.6363 -210.5
    endloop
  endfacet
  facet normal -0.321498 -0.94691 0
    outer loop
      vertex 30.4693 55.8045 -210.5
      vertex 30.9647 55.6363 -200.5
      vertex 30.4693 55.8045 -200.5
    endloop
  endfacet
  facet normal -0.321498 -0.94691 -0
    outer loop
      vertex 30.9647 55.6363 -200.5
      vertex 30.4693 55.8045 -210.5
      vertex 30.9647 55.6363 -210.5
    endloop
  endfacet
  facet normal 0.980779 -0.195124 0
    outer loop
      vertex 35.8637 58.4647 -200.5
      vertex 35.9658 58.9779 -210.5
      vertex 35.9658 58.9779 -200.5
    endloop
  endfacet
  facet normal 0.980779 -0.195124 0
    outer loop
      vertex 35.9658 58.9779 -210.5
      vertex 35.8637 58.4647 -200.5
      vertex 35.8637 58.4647 -210.5
    endloop
  endfacet
  facet normal -0.751951 0.659219 0
    outer loop
      vertex 28.8266 61.935 -200.5
      vertex 28.9311 62.0542 -210.5
      vertex 28.8266 61.935 -210.5
    endloop
  endfacet
  facet normal -0.751822 0.659366 3.09825e-06
    outer loop
      vertex 28.9311 62.0542 -210.5
      vertex 28.8266 61.935 -200.5
      vertex 29.1354 62.2871 -200.5
    endloop
  endfacet
  facet normal 0.831432 -0.555626 0
    outer loop
      vertex 35.1734 57.065 -200.5
      vertex 35.4641 57.5 -210.5
      vertex 35.4641 57.5 -200.5
    endloop
  endfacet
  facet normal 0.831432 -0.555626 0
    outer loop
      vertex 35.4641 57.5 -210.5
      vertex 35.1734 57.065 -200.5
      vertex 35.1734 57.065 -210.5
    endloop
  endfacet
  facet normal -0.980779 -0.195124 0
    outer loop
      vertex 28.1363 58.4647 -210.5
      vertex 28.0342 58.9779 -200.5
      vertex 28.0342 58.9779 -210.5
    endloop
  endfacet
  facet normal -0.980779 -0.195124 0
    outer loop
      vertex 28.0342 58.9779 -200.5
      vertex 28.1363 58.4647 -210.5
      vertex 28.1363 58.4647 -200.5
    endloop
  endfacet
  facet normal -0.195124 -0.980779 0
    outer loop
      vertex 30.9647 55.6363 -210.5
      vertex 31.4779 55.5342 -200.5
      vertex 30.9647 55.6363 -200.5
    endloop
  endfacet
  facet normal -0.195124 -0.980779 -0
    outer loop
      vertex 31.4779 55.5342 -200.5
      vertex 30.9647 55.6363 -210.5
      vertex 31.4779 55.5342 -210.5
    endloop
  endfacet
  facet normal 0.94691 -0.321498 0
    outer loop
      vertex 35.6955 57.9693 -200.5
      vertex 35.8637 58.4647 -210.5
      vertex 35.8637 58.4647 -200.5
    endloop
  endfacet
  facet normal 0.94691 -0.321498 0
    outer loop
      vertex 35.8637 58.4647 -210.5
      vertex 35.6955 57.9693 -200.5
      vertex 35.6955 57.9693 -210.5
    endloop
  endfacet
  facet normal 0.0653646 -0.997861 0
    outer loop
      vertex 32 55.5 -210.5
      vertex 32.5221 55.5342 -200.5
      vertex 32 55.5 -200.5
    endloop
  endfacet
  facet normal 0.0653646 -0.997861 0
    outer loop
      vertex 32.5221 55.5342 -200.5
      vertex 32 55.5 -210.5
      vertex 32.5221 55.5342 -210.5
    endloop
  endfacet
  facet normal 0.751842 -0.659343 0
    outer loop
      vertex 34.8284 56.6716 -200.5
      vertex 35.1734 57.065 -210.5
      vertex 35.1734 57.065 -200.5
    endloop
  endfacet
  facet normal 0.751842 -0.659343 0
    outer loop
      vertex 35.1734 57.065 -210.5
      vertex 34.8284 56.6716 -200.5
      vertex 34.8284 56.6716 -210.5
    endloop
  endfacet
  facet normal 0.555626 -0.831432 0
    outer loop
      vertex 34 56.0359 -210.5
      vertex 34.435 56.3266 -200.5
      vertex 34 56.0359 -200.5
    endloop
  endfacet
  facet normal 0.555626 -0.831432 0
    outer loop
      vertex 34.435 56.3266 -200.5
      vertex 34 56.0359 -210.5
      vertex 34.435 56.3266 -210.5
    endloop
  endfacet
  facet normal -0.659343 -0.751842 0
    outer loop
      vertex 29.1716 56.6716 -210.5
      vertex 29.565 56.3266 -200.5
      vertex 29.1716 56.6716 -200.5
    endloop
  endfacet
  facet normal -0.659343 -0.751842 -0
    outer loop
      vertex 29.565 56.3266 -200.5
      vertex 29.1716 56.6716 -210.5
      vertex 29.565 56.3266 -210.5
    endloop
  endfacet
  facet normal -0.896898 0.442238 0
    outer loop
      vertex 28.3045 61.0307 -210.5
      vertex 28.5359 61.5 -200.5
      vertex 28.5359 61.5 -210.5
    endloop
  endfacet
  facet normal -0.896898 0.442238 0
    outer loop
      vertex 28.5359 61.5 -200.5
      vertex 28.3045 61.0307 -210.5
      vertex 28.3045 61.0307 -200.5
    endloop
  endfacet
  facet normal 0.997861 -0.0653646 0
    outer loop
      vertex 35.9658 58.9779 -200.5
      vertex 36 59.5 -210.5
      vertex 36 59.5 -200.5
    endloop
  endfacet
  facet normal 0.997861 -0.0653646 0
    outer loop
      vertex 36 59.5 -210.5
      vertex 35.9658 58.9779 -200.5
      vertex 35.9658 58.9779 -210.5
    endloop
  endfacet
  facet normal -0.0653646 -0.997861 0
    outer loop
      vertex 31.4779 55.5342 -210.5
      vertex 32 55.5 -200.5
      vertex 31.4779 55.5342 -200.5
    endloop
  endfacet
  facet normal -0.0653646 -0.997861 -0
    outer loop
      vertex 32 55.5 -200.5
      vertex 31.4779 55.5342 -210.5
      vertex 32 55.5 -210.5
    endloop
  endfacet
  facet normal 0.896898 -0.442238 0
    outer loop
      vertex 35.4641 57.5 -200.5
      vertex 35.6955 57.9693 -210.5
      vertex 35.6955 57.9693 -200.5
    endloop
  endfacet
  facet normal 0.896898 -0.442238 0
    outer loop
      vertex 35.6955 57.9693 -210.5
      vertex 35.4641 57.5 -200.5
      vertex 35.4641 57.5 -210.5
    endloop
  endfacet
  facet normal -0.94691 0.321498 0
    outer loop
      vertex 28.1363 60.5353 -210.5
      vertex 28.3045 61.0307 -200.5
      vertex 28.3045 61.0307 -210.5
    endloop
  endfacet
  facet normal -0.94691 0.321498 0
    outer loop
      vertex 28.3045 61.0307 -200.5
      vertex 28.1363 60.5353 -210.5
      vertex 28.1363 60.5353 -200.5
    endloop
  endfacet
  facet normal -0.94691 -0.321498 0
    outer loop
      vertex 28.3045 57.9693 -210.5
      vertex 28.1363 58.4647 -200.5
      vertex 28.1363 58.4647 -210.5
    endloop
  endfacet
  facet normal -0.94691 -0.321498 0
    outer loop
      vertex 28.1363 58.4647 -200.5
      vertex 28.3045 57.9693 -210.5
      vertex 28.3045 57.9693 -200.5
    endloop
  endfacet
  facet normal 0 0 -1
    outer loop
      vertex 35.9658 58.9779 -210.5
      vertex 33.6855 59.2781 -210.5
      vertex 33.7 59.5 -210.5
    endloop
  endfacet
  facet normal 0 0 -1
    outer loop
      vertex 34.435 56.3266 -210.5
      vertex 33.6421 59.06 -210.5
      vertex 33.6855 59.2781 -210.5
    endloop
  endfacet
  facet normal 0 0 -1
    outer loop
      vertex 34.435 56.3266 -210.5
      vertex 33.5706 58.8494 -210.5
      vertex 33.6421 59.06 -210.5
    endloop
  endfacet
  facet normal 0 0 -1
    outer loop
      vertex 32.85 58.0278 -210.5
      vertex 34 56.0359 -210.5
      vertex 33.5307 55.8045 -210.5
    endloop
  endfacet
  facet normal 0 0 -1
    outer loop
      vertex 34.435 56.3266 -210.5
      vertex 33.4722 58.65 -210.5
      vertex 33.5706 58.8494 -210.5
    endloop
  endfacet
  facet normal 0 0 -1
    outer loop
      vertex 34.435 56.3266 -210.5
      vertex 33.3487 58.4651 -210.5
      vertex 33.4722 58.65 -210.5
    endloop
  endfacet
  facet normal 0 0 -1
    outer loop
      vertex 34.435 56.3266 -210.5
      vertex 33.2021 58.2979 -210.5
      vertex 33.3487 58.4651 -210.5
    endloop
  endfacet
  facet normal 0 0 -1
    outer loop
      vertex 32.6506 57.9294 -210.5
      vertex 33.5307 55.8045 -210.5
      vertex 33.0353 55.6363 -210.5
    endloop
  endfacet
  facet normal 0 0 -1
    outer loop
      vertex 34.435 56.3266 -210.5
      vertex 33.0349 58.1513 -210.5
      vertex 33.2021 58.2979 -210.5
    endloop
  endfacet
  facet normal 0 0 -1
    outer loop
      vertex 34 56.0359 -210.5
      vertex 32.85 58.0278 -210.5
      vertex 33.0349 58.1513 -210.5
    endloop
  endfacet
  facet normal 0 0 -1
    outer loop
      vertex 33.5307 55.8045 -210.5
      vertex 32.6506 57.9294 -210.5
      vertex 32.85 58.0278 -210.5
    endloop
  endfacet
  facet normal 0 0 -1
    outer loop
      vertex 32.44 57.8579 -210.5
      vertex 33.0353 55.6363 -210.5
      vertex 32.5221 55.5342 -210.5
    endloop
  endfacet
  facet normal 0 0 -1
    outer loop
      vertex 33.0353 55.6363 -210.5
      vertex 32.44 57.8579 -210.5
      vertex 32.6506 57.9294 -210.5
    endloop
  endfacet
  facet normal 0 0 -1
    outer loop
      vertex 32.5221 55.5342 -210.5
      vertex 32.2219 57.8145 -210.5
      vertex 32.44 57.8579 -210.5
    endloop
  endfacet
  facet normal 0 0 -1
    outer loop
      vertex 32 55.5 -210.5
      vertex 32.2219 57.8145 -210.5
      vertex 32.5221 55.5342 -210.5
    endloop
  endfacet
  facet normal 0 0 -1
    outer loop
      vertex 32 55.5 -210.5
      vertex 32 57.8 -210.5
      vertex 32.2219 57.8145 -210.5
    endloop
  endfacet
  facet normal 0 0 -1
    outer loop
      vertex 32 55.5 -210.5
      vertex 31.7781 57.8145 -210.5
      vertex 32 57.8 -210.5
    endloop
  endfacet
  facet normal 0 0 -1
    outer loop
      vertex 31.4779 55.5342 -210.5
      vertex 31.7781 57.8145 -210.5
      vertex 32 55.5 -210.5
    endloop
  endfacet
  facet normal -0 0 -1
    outer loop
      vertex 31.7781 57.8145 -210.5
      vertex 31.4779 55.5342 -210.5
      vertex 31.56 57.8579 -210.5
    endloop
  endfacet
  facet normal 0 0 -1
    outer loop
      vertex 30.9647 55.6363 -210.5
      vertex 31.56 57.8579 -210.5
      vertex 31.4779 55.5342 -210.5
    endloop
  endfacet
  facet normal -0 0 -1
    outer loop
      vertex 31.56 57.8579 -210.5
      vertex 30.9647 55.6363 -210.5
      vertex 31.3494 57.9294 -210.5
    endloop
  endfacet
  facet normal 0 0 -1
    outer loop
      vertex 30.4693 55.8045 -210.5
      vertex 31.3494 57.9294 -210.5
      vertex 30.9647 55.6363 -210.5
    endloop
  endfacet
  facet normal -0 0 -1
    outer loop
      vertex 31.3494 57.9294 -210.5
      vertex 30.4693 55.8045 -210.5
      vertex 31.15 58.0278 -210.5
    endloop
  endfacet
  facet normal 0 0 -1
    outer loop
      vertex 30 56.0359 -210.5
      vertex 31.15 58.0278 -210.5
      vertex 30.4693 55.8045 -210.5
    endloop
  endfacet
  facet normal -0 0 -1
    outer loop
      vertex 31.15 58.0278 -210.5
      vertex 30 56.0359 -210.5
      vertex 30.9651 58.1513 -210.5
    endloop
  endfacet
  facet normal 0 0 -1
    outer loop
      vertex 29.565 56.3266 -210.5
      vertex 30.9651 58.1513 -210.5
      vertex 30 56.0359 -210.5
    endloop
  endfacet
  facet normal -0 0 -1
    outer loop
      vertex 30.9651 58.1513 -210.5
      vertex 29.565 56.3266 -210.5
      vertex 30.7979 58.2979 -210.5
    endloop
  endfacet
  facet normal 0 0 -1
    outer loop
      vertex 29.1716 56.6716 -210.5
      vertex 30.7979 58.2979 -210.5
      vertex 29.565 56.3266 -210.5
    endloop
  endfacet
  facet normal -0 0 -1
    outer loop
      vertex 30.7979 58.2979 -210.5
      vertex 29.1716 56.6716 -210.5
      vertex 30.6513 58.4651 -210.5
    endloop
  endfacet
  facet normal 0 0 -1
    outer loop
      vertex 28.8266 57.065 -210.5
      vertex 30.6513 58.4651 -210.5
      vertex 29.1716 56.6716 -210.5
    endloop
  endfacet
  facet normal -0 0 -1
    outer loop
      vertex 30.6513 58.4651 -210.5
      vertex 28.8266 57.065 -210.5
      vertex 30.5278 58.65 -210.5
    endloop
  endfacet
  facet normal 0 0 -1
    outer loop
      vertex 28.5359 57.5 -210.5
      vertex 30.5278 58.65 -210.5
      vertex 28.8266 57.065 -210.5
    endloop
  endfacet
  facet normal 0 0 -1
    outer loop
      vertex 33.7 59.5 -210.5
      vertex 36 59.5 -210.5
      vertex 35.9658 58.9779 -210.5
    endloop
  endfacet
  facet normal 0 0 -1
    outer loop
      vertex 33.6855 59.2781 -210.5
      vertex 35.9658 58.9779 -210.5
      vertex 35.8637 58.4647 -210.5
    endloop
  endfacet
  facet normal 0 0 -1
    outer loop
      vertex 36 59.5 -210.5
      vertex 33.7 59.5 -210.5
      vertex 35.9658 60.0221 -210.5
    endloop
  endfacet
  facet normal 0 0 -1
    outer loop
      vertex 33.6855 59.2781 -210.5
      vertex 35.8637 58.4647 -210.5
      vertex 35.6955 57.9693 -210.5
    endloop
  endfacet
  facet normal 0 0 -1
    outer loop
      vertex 33.6855 59.7219 -210.5
      vertex 35.9658 60.0221 -210.5
      vertex 33.7 59.5 -210.5
    endloop
  endfacet
  facet normal 0 0 -1
    outer loop
      vertex 33.6855 59.2781 -210.5
      vertex 35.6955 57.9693 -210.5
      vertex 35.4641 57.5 -210.5
    endloop
  endfacet
  facet normal -0 0 -1
    outer loop
      vertex 35.9658 60.0221 -210.5
      vertex 33.6855 59.7219 -210.5
      vertex 35.8637 60.5353 -210.5
    endloop
  endfacet
  facet normal 0 0 -1
    outer loop
      vertex 33.6421 59.94 -210.5
      vertex 35.8637 60.5353 -210.5
      vertex 33.6855 59.7219 -210.5
    endloop
  endfacet
  facet normal 0 0 -1
    outer loop
      vertex 33.6855 59.2781 -210.5
      vertex 35.4641 57.5 -210.5
      vertex 35.1734 57.065 -210.5
    endloop
  endfacet
  facet normal 0 0 -1
    outer loop
      vertex 33.6855 59.2781 -210.5
      vertex 35.1734 57.065 -210.5
      vertex 34.8284 56.6716 -210.5
    endloop
  endfacet
  facet normal -0 0 -1
    outer loop
      vertex 35.8637 60.5353 -210.5
      vertex 33.6421 59.94 -210.5
      vertex 35.6955 61.0307 -210.5
    endloop
  endfacet
  facet normal 0 0 -1
    outer loop
      vertex 33.6855 59.2781 -210.5
      vertex 34.8284 56.6716 -210.5
      vertex 34.435 56.3266 -210.5
    endloop
  endfacet
  facet normal 0 0 -1
    outer loop
      vertex 33.0349 58.1513 -210.5
      vertex 34.435 56.3266 -210.5
      vertex 34 56.0359 -210.5
    endloop
  endfacet
  facet normal 0 0 -1
    outer loop
      vertex 33.5706 60.1506 -210.5
      vertex 35.6955 61.0307 -210.5
      vertex 33.6421 59.94 -210.5
    endloop
  endfacet
  facet normal -0 0 -1
    outer loop
      vertex 35.6955 61.0307 -210.5
      vertex 33.5706 60.1506 -210.5
      vertex 35.4641 61.5 -210.5
    endloop
  endfacet
  facet normal 0 0 -1
    outer loop
      vertex 33.4722 60.35 -210.5
      vertex 35.4641 61.5 -210.5
      vertex 33.5706 60.1506 -210.5
    endloop
  endfacet
  facet normal 0 0 -1
    outer loop
      vertex 35.4641 61.5 -210.5
      vertex 34.7747 61.9772 -210.5
      vertex 35.202 61.8922 -210.5
    endloop
  endfacet
  facet normal -0 0 -1
    outer loop
      vertex 35.4641 61.5 -210.5
      vertex 33.4722 60.35 -210.5
      vertex 34.7747 61.9772 -210.5
    endloop
  endfacet
  facet normal 0 0 -1
    outer loop
      vertex 33.3487 60.5349 -210.5
      vertex 34.7747 61.9772 -210.5
      vertex 33.4722 60.35 -210.5
    endloop
  endfacet
  facet normal -0 0 -1
    outer loop
      vertex 34.7747 61.9772 -210.5
      vertex 33.3487 60.5349 -210.5
      vertex 33.6 62.0542 -210.5
    endloop
  endfacet
  facet normal 0 0 -1
    outer loop
      vertex 33.2021 60.7021 -210.5
      vertex 33.6 62.0542 -210.5
      vertex 33.3487 60.5349 -210.5
    endloop
  endfacet
  facet normal 0 0 -1
    outer loop
      vertex 33.0349 60.8487 -210.5
      vertex 33.6 62.0542 -210.5
      vertex 33.2021 60.7021 -210.5
    endloop
  endfacet
  facet normal 0 0 -1
    outer loop
      vertex 32.85 60.9722 -210.5
      vertex 33.6 62.0542 -210.5
      vertex 33.0349 60.8487 -210.5
    endloop
  endfacet
  facet normal 0 0 -1
    outer loop
      vertex 32.6506 61.0706 -210.5
      vertex 33.6 62.0542 -210.5
      vertex 32.85 60.9722 -210.5
    endloop
  endfacet
  facet normal 0 0 -1
    outer loop
      vertex 32.44 61.1421 -210.5
      vertex 33.6 62.0542 -210.5
      vertex 32.6506 61.0706 -210.5
    endloop
  endfacet
  facet normal 0 0 -1
    outer loop
      vertex 32.2219 61.1855 -210.5
      vertex 33.6 62.0542 -210.5
      vertex 32.44 61.1421 -210.5
    endloop
  endfacet
  facet normal 0 0 -1
    outer loop
      vertex 32 61.2 -210.5
      vertex 33.6 62.0542 -210.5
      vertex 32.2219 61.1855 -210.5
    endloop
  endfacet
  facet normal 0 0 -1
    outer loop
      vertex 31.7781 61.1855 -210.5
      vertex 33.6 62.0542 -210.5
      vertex 32 61.2 -210.5
    endloop
  endfacet
  facet normal 0 0 -1
    outer loop
      vertex 28.9311 62.0542 -210.5
      vertex 31.7781 61.1855 -210.5
      vertex 31.56 61.1421 -210.5
    endloop
  endfacet
  facet normal 0 0 -1
    outer loop
      vertex 28.9311 62.0542 -210.5
      vertex 31.56 61.1421 -210.5
      vertex 31.3494 61.0706 -210.5
    endloop
  endfacet
  facet normal -0 0 -1
    outer loop
      vertex 30.5278 58.65 -210.5
      vertex 28.5359 57.5 -210.5
      vertex 30.4294 58.8494 -210.5
    endloop
  endfacet
  facet normal 0 0 -1
    outer loop
      vertex 28.3045 57.9693 -210.5
      vertex 30.4294 58.8494 -210.5
      vertex 28.5359 57.5 -210.5
    endloop
  endfacet
  facet normal -0 0 -1
    outer loop
      vertex 30.4294 58.8494 -210.5
      vertex 28.3045 57.9693 -210.5
      vertex 30.3579 59.06 -210.5
    endloop
  endfacet
  facet normal 0 0 -1
    outer loop
      vertex 28.1363 58.4647 -210.5
      vertex 30.3579 59.06 -210.5
      vertex 28.3045 57.9693 -210.5
    endloop
  endfacet
  facet normal -0 0 -1
    outer loop
      vertex 30.3579 59.06 -210.5
      vertex 28.1363 58.4647 -210.5
      vertex 30.3145 59.2781 -210.5
    endloop
  endfacet
  facet normal 0 0 -1
    outer loop
      vertex 31.7781 61.1855 -210.5
      vertex 28.9311 62.0542 -210.5
      vertex 33.6 62.0542 -210.5
    endloop
  endfacet
  facet normal 0 0 -1
    outer loop
      vertex 31.15 60.9722 -210.5
      vertex 28.9311 62.0542 -210.5
      vertex 31.3494 61.0706 -210.5
    endloop
  endfacet
  facet normal 0 0 -1
    outer loop
      vertex 30.9651 60.8487 -210.5
      vertex 28.9311 62.0542 -210.5
      vertex 31.15 60.9722 -210.5
    endloop
  endfacet
  facet normal 0 0 -1
    outer loop
      vertex 30.7979 60.7021 -210.5
      vertex 28.9311 62.0542 -210.5
      vertex 30.9651 60.8487 -210.5
    endloop
  endfacet
  facet normal 0 0 -1
    outer loop
      vertex 30.6513 60.5349 -210.5
      vertex 28.9311 62.0542 -210.5
      vertex 30.7979 60.7021 -210.5
    endloop
  endfacet
  facet normal 0 0 -1
    outer loop
      vertex 28.8266 61.935 -210.5
      vertex 30.6513 60.5349 -210.5
      vertex 30.5278 60.35 -210.5
    endloop
  endfacet
  facet normal 0 0 -1
    outer loop
      vertex 28.5359 61.5 -210.5
      vertex 30.5278 60.35 -210.5
      vertex 30.4294 60.1506 -210.5
    endloop
  endfacet
  facet normal 0 0 -1
    outer loop
      vertex 28.0342 58.9779 -210.5
      vertex 30.3145 59.2781 -210.5
      vertex 28.1363 58.4647 -210.5
    endloop
  endfacet
  facet normal -0 0 -1
    outer loop
      vertex 30.3145 59.2781 -210.5
      vertex 28.0342 58.9779 -210.5
      vertex 30.3 59.5 -210.5
    endloop
  endfacet
  facet normal 0 0 -1
    outer loop
      vertex 28 59.5 -210.5
      vertex 30.3 59.5 -210.5
      vertex 28.0342 58.9779 -210.5
    endloop
  endfacet
  facet normal 0 0 -1
    outer loop
      vertex 30.5278 60.35 -210.5
      vertex 28.5359 61.5 -210.5
      vertex 28.8266 61.935 -210.5
    endloop
  endfacet
  facet normal 0 0 -1
    outer loop
      vertex 30.6513 60.5349 -210.5
      vertex 28.8266 61.935 -210.5
      vertex 28.9311 62.0542 -210.5
    endloop
  endfacet
  facet normal 0 0 -1
    outer loop
      vertex 30.3 59.5 -210.5
      vertex 28 59.5 -210.5
      vertex 30.3145 59.7219 -210.5
    endloop
  endfacet
  facet normal 0 0 -1
    outer loop
      vertex 30.4294 60.1506 -210.5
      vertex 28.3045 61.0307 -210.5
      vertex 28.5359 61.5 -210.5
    endloop
  endfacet
  facet normal 0 -0 -1
    outer loop
      vertex 28.0342 60.0221 -210.5
      vertex 30.3145 59.7219 -210.5
      vertex 28 59.5 -210.5
    endloop
  endfacet
  facet normal 0 0 -1
    outer loop
      vertex 30.4294 60.1506 -210.5
      vertex 28.1363 60.5353 -210.5
      vertex 28.3045 61.0307 -210.5
    endloop
  endfacet
  facet normal 0 0 -1
    outer loop
      vertex 30.3145 59.7219 -210.5
      vertex 28.0342 60.0221 -210.5
      vertex 30.3579 59.94 -210.5
    endloop
  endfacet
  facet normal 0 0 -1
    outer loop
      vertex 30.3579 59.94 -210.5
      vertex 28.1363 60.5353 -210.5
      vertex 30.4294 60.1506 -210.5
    endloop
  endfacet
  facet normal 0 -0 -1
    outer loop
      vertex 28.1363 60.5353 -210.5
      vertex 30.3579 59.94 -210.5
      vertex 28.0342 60.0221 -210.5
    endloop
  endfacet
  facet normal -0.831432 0.555626 0
    outer loop
      vertex 28.5359 61.5 -210.5
      vertex 28.8266 61.935 -200.5
      vertex 28.8266 61.935 -210.5
    endloop
  endfacet
  facet normal -0.831432 0.555626 0
    outer loop
      vertex 28.8266 61.935 -200.5
      vertex 28.5359 61.5 -210.5
      vertex 28.5359 61.5 -200.5
    endloop
  endfacet
  facet normal 0.442238 -0.896898 0
    outer loop
      vertex 33.5307 55.8045 -210.5
      vertex 34 56.0359 -200.5
      vertex 33.5307 55.8045 -200.5
    endloop
  endfacet
  facet normal 0.442238 -0.896898 0
    outer loop
      vertex 34 56.0359 -200.5
      vertex 33.5307 55.8045 -210.5
      vertex 34 56.0359 -210.5
    endloop
  endfacet
  facet normal 0.321498 -0.94691 0
    outer loop
      vertex 33.0353 55.6363 -210.5
      vertex 33.5307 55.8045 -200.5
      vertex 33.0353 55.6363 -200.5
    endloop
  endfacet
  facet normal 0.321498 -0.94691 0
    outer loop
      vertex 33.5307 55.8045 -200.5
      vertex 33.0353 55.6363 -210.5
      vertex 33.5307 55.8045 -210.5
    endloop
  endfacet
  facet normal -0.896898 -0.442238 0
    outer loop
      vertex 28.5359 57.5 -210.5
      vertex 28.3045 57.9693 -200.5
      vertex 28.3045 57.9693 -210.5
    endloop
  endfacet
  facet normal -0.896898 -0.442238 0
    outer loop
      vertex 28.3045 57.9693 -200.5
      vertex 28.5359 57.5 -210.5
      vertex 28.5359 57.5 -200.5
    endloop
  endfacet
  facet normal -0.442238 -0.896898 0
    outer loop
      vertex 30 56.0359 -210.5
      vertex 30.4693 55.8045 -200.5
      vertex 30 56.0359 -200.5
    endloop
  endfacet
  facet normal -0.442238 -0.896898 -0
    outer loop
      vertex 30.4693 55.8045 -200.5
      vertex 30 56.0359 -210.5
      vertex 30.4693 55.8045 -210.5
    endloop
  endfacet
  facet normal 0.659343 -0.751842 0
    outer loop
      vertex 34.435 56.3266 -210.5
      vertex 34.8284 56.6716 -200.5
      vertex 34.435 56.3266 -200.5
    endloop
  endfacet
  facet normal 0.659343 -0.751842 0
    outer loop
      vertex 34.8284 56.6716 -200.5
      vertex 34.435 56.3266 -210.5
      vertex 34.8284 56.6716 -210.5
    endloop
  endfacet
  facet normal -0.831432 -0.555626 0
    outer loop
      vertex 28.8266 57.065 -210.5
      vertex 28.5359 57.5 -200.5
      vertex 28.5359 57.5 -210.5
    endloop
  endfacet
  facet normal -0.831432 -0.555626 0
    outer loop
      vertex 28.5359 57.5 -200.5
      vertex 28.8266 57.065 -210.5
      vertex 28.8266 57.065 -200.5
    endloop
  endfacet
  facet normal 0 0 1
    outer loop
      vertex 33.7 59.5 -200.5
      vertex 36 59.5 -200.5
      vertex 35.9658 60.0221 -200.5
    endloop
  endfacet
  facet normal 0 0 1
    outer loop
      vertex 33.6855 59.7219 -200.5
      vertex 35.9658 60.0221 -200.5
      vertex 35.8637 60.5353 -200.5
    endloop
  endfacet
  facet normal 0 0 1
    outer loop
      vertex 36 59.5 -200.5
      vertex 33.7 59.5 -200.5
      vertex 35.9658 58.9779 -200.5
    endloop
  endfacet
  facet normal 0 0 1
    outer loop
      vertex 33.6421 59.94 -200.5
      vertex 35.8637 60.5353 -200.5
      vertex 35.6955 61.0307 -200.5
    endloop
  endfacet
  facet normal -0 0 1
    outer loop
      vertex 33.6855 59.2781 -200.5
      vertex 35.9658 58.9779 -200.5
      vertex 33.7 59.5 -200.5
    endloop
  endfacet
  facet normal 0 0 1
    outer loop
      vertex 33.5706 60.1506 -200.5
      vertex 35.6955 61.0307 -200.5
      vertex 35.4641 61.5 -200.5
    endloop
  endfacet
  facet normal 0 0 1
    outer loop
      vertex 35.9658 58.9779 -200.5
      vertex 33.6855 59.2781 -200.5
      vertex 35.8637 58.4647 -200.5
    endloop
  endfacet
  facet normal 0 0 1
    outer loop
      vertex 33.4722 60.35 -200.5
      vertex 35.4641 61.5 -200.5
      vertex 35.1734 61.935 -200.5
    endloop
  endfacet
  facet normal -0 0 1
    outer loop
      vertex 33.6421 59.06 -200.5
      vertex 35.8637 58.4647 -200.5
      vertex 33.6855 59.2781 -200.5
    endloop
  endfacet
  facet normal 0 0 1
    outer loop
      vertex 34.7747 62.2101 -200.5
      vertex 35.1734 61.935 -200.5
      vertex 34.9654 62.1722 -200.5
    endloop
  endfacet
  facet normal 0 0 1
    outer loop
      vertex 35.8637 58.4647 -200.5
      vertex 33.6421 59.06 -200.5
      vertex 35.6955 57.9693 -200.5
    endloop
  endfacet
  facet normal 0 0 1
    outer loop
      vertex 33.3487 60.5349 -200.5
      vertex 35.1734 61.935 -200.5
      vertex 34.7747 62.2101 -200.5
    endloop
  endfacet
  facet normal -0 0 1
    outer loop
      vertex 33.5706 58.8494 -200.5
      vertex 35.6955 57.9693 -200.5
      vertex 33.6421 59.06 -200.5
    endloop
  endfacet
  facet normal -0 0 1
    outer loop
      vertex 33.4722 58.65 -200.5
      vertex 35.4641 57.5 -200.5
      vertex 33.5706 58.8494 -200.5
    endloop
  endfacet
  facet normal 0 0 1
    outer loop
      vertex 35.6955 57.9693 -200.5
      vertex 33.5706 58.8494 -200.5
      vertex 35.4641 57.5 -200.5
    endloop
  endfacet
  facet normal 0 0 1
    outer loop
      vertex 35.9658 60.0221 -200.5
      vertex 33.6855 59.7219 -200.5
      vertex 33.7 59.5 -200.5
    endloop
  endfacet
  facet normal 0 0 1
    outer loop
      vertex 35.8637 60.5353 -200.5
      vertex 33.6421 59.94 -200.5
      vertex 33.6855 59.7219 -200.5
    endloop
  endfacet
  facet normal 0 0 1
    outer loop
      vertex 33.3487 60.5349 -200.5
      vertex 34.7747 62.2101 -200.5
      vertex 33.6 62.2871 -200.5
    endloop
  endfacet
  facet normal 0 0 1
    outer loop
      vertex 35.6955 61.0307 -200.5
      vertex 33.5706 60.1506 -200.5
      vertex 33.6421 59.94 -200.5
    endloop
  endfacet
  facet normal 0 0 1
    outer loop
      vertex 35.4641 61.5 -200.5
      vertex 33.4722 60.35 -200.5
      vertex 33.5706 60.1506 -200.5
    endloop
  endfacet
  facet normal 0 0 1
    outer loop
      vertex 35.1734 61.935 -200.5
      vertex 33.3487 60.5349 -200.5
      vertex 33.4722 60.35 -200.5
    endloop
  endfacet
  facet normal 0 0 1
    outer loop
      vertex 33.6 62.2871 -200.5
      vertex 33.2021 60.7021 -200.5
      vertex 33.3487 60.5349 -200.5
    endloop
  endfacet
  facet normal 0 0 1
    outer loop
      vertex 33.6 62.2871 -200.5
      vertex 33.0349 60.8487 -200.5
      vertex 33.2021 60.7021 -200.5
    endloop
  endfacet
  facet normal 0 0 1
    outer loop
      vertex 33.6 62.2871 -200.5
      vertex 32.85 60.9722 -200.5
      vertex 33.0349 60.8487 -200.5
    endloop
  endfacet
  facet normal 0 0 1
    outer loop
      vertex 33.6 62.2871 -200.5
      vertex 32.6506 61.0706 -200.5
      vertex 32.85 60.9722 -200.5
    endloop
  endfacet
  facet normal 0 0 1
    outer loop
      vertex 33.6 62.2871 -200.5
      vertex 32.44 61.1421 -200.5
      vertex 32.6506 61.0706 -200.5
    endloop
  endfacet
  facet normal 0 0 1
    outer loop
      vertex 33.6 62.2871 -200.5
      vertex 32.2219 61.1855 -200.5
      vertex 32.44 61.1421 -200.5
    endloop
  endfacet
  facet normal 0 0 1
    outer loop
      vertex 33.6 62.2871 -200.5
      vertex 32 61.2 -200.5
      vertex 32.2219 61.1855 -200.5
    endloop
  endfacet
  facet normal 0 0 1
    outer loop
      vertex 33.6 62.2871 -200.5
      vertex 31.7781 61.1855 -200.5
      vertex 32 61.2 -200.5
    endloop
  endfacet
  facet normal -0 0 1
    outer loop
      vertex 29.1354 62.2871 -200.5
      vertex 31.7781 61.1855 -200.5
      vertex 33.6 62.2871 -200.5
    endloop
  endfacet
  facet normal 0 0 1
    outer loop
      vertex 31.7781 61.1855 -200.5
      vertex 29.1354 62.2871 -200.5
      vertex 31.56 61.1421 -200.5
    endloop
  endfacet
  facet normal 0 0 1
    outer loop
      vertex 31.56 61.1421 -200.5
      vertex 29.1354 62.2871 -200.5
      vertex 31.3494 61.0706 -200.5
    endloop
  endfacet
  facet normal 0 0 1
    outer loop
      vertex 28 59.5 -200.5
      vertex 30.3 59.5 -200.5
      vertex 30.3145 59.7219 -200.5
    endloop
  endfacet
  facet normal 0 0 1
    outer loop
      vertex 30.3 59.5 -200.5
      vertex 29.565 56.3266 -200.5
      vertex 30 56.0359 -200.5
    endloop
  endfacet
  facet normal 0 0 1
    outer loop
      vertex 28.0342 60.0221 -200.5
      vertex 30.3145 59.7219 -200.5
      vertex 30.3579 59.94 -200.5
    endloop
  endfacet
  facet normal 0 0 1
    outer loop
      vertex 30.3 59.5 -200.5
      vertex 29.1716 56.6716 -200.5
      vertex 29.565 56.3266 -200.5
    endloop
  endfacet
  facet normal 0 0 1
    outer loop
      vertex 28.1363 60.5353 -200.5
      vertex 30.3579 59.94 -200.5
      vertex 30.4294 60.1506 -200.5
    endloop
  endfacet
  facet normal 0 0 1
    outer loop
      vertex 31.3494 61.0706 -200.5
      vertex 29.1354 62.2871 -200.5
      vertex 31.15 60.9722 -200.5
    endloop
  endfacet
  facet normal 0 0 1
    outer loop
      vertex 29.1354 62.2871 -200.5
      vertex 30.9651 60.8487 -200.5
      vertex 31.15 60.9722 -200.5
    endloop
  endfacet
  facet normal 0 0 1
    outer loop
      vertex 29.1354 62.2871 -200.5
      vertex 30.7979 60.7021 -200.5
      vertex 30.9651 60.8487 -200.5
    endloop
  endfacet
  facet normal 0 0 1
    outer loop
      vertex 29.1354 62.2871 -200.5
      vertex 30.6513 60.5349 -200.5
      vertex 30.7979 60.7021 -200.5
    endloop
  endfacet
  facet normal -0 0 1
    outer loop
      vertex 28.8266 61.935 -200.5
      vertex 30.6513 60.5349 -200.5
      vertex 29.1354 62.2871 -200.5
    endloop
  endfacet
  facet normal 0 0 1
    outer loop
      vertex 30.6513 60.5349 -200.5
      vertex 28.8266 61.935 -200.5
      vertex 30.5278 60.35 -200.5
    endloop
  endfacet
  facet normal -0 0 1
    outer loop
      vertex 28.5359 61.5 -200.5
      vertex 30.5278 60.35 -200.5
      vertex 28.8266 61.935 -200.5
    endloop
  endfacet
  facet normal 0 0 1
    outer loop
      vertex 30.5278 60.35 -200.5
      vertex 28.5359 61.5 -200.5
      vertex 30.4294 60.1506 -200.5
    endloop
  endfacet
  facet normal 0 0 1
    outer loop
      vertex 30.3 59.5 -200.5
      vertex 28.8266 57.065 -200.5
      vertex 29.1716 56.6716 -200.5
    endloop
  endfacet
  facet normal -0 0 1
    outer loop
      vertex 28.3045 61.0307 -200.5
      vertex 30.4294 60.1506 -200.5
      vertex 28.5359 61.5 -200.5
    endloop
  endfacet
  facet normal 0 0 1
    outer loop
      vertex 30.3 59.5 -200.5
      vertex 28.5359 57.5 -200.5
      vertex 28.8266 57.065 -200.5
    endloop
  endfacet
  facet normal -0 0 1
    outer loop
      vertex 28.1363 60.5353 -200.5
      vertex 30.4294 60.1506 -200.5
      vertex 28.3045 61.0307 -200.5
    endloop
  endfacet
  facet normal 0 0 1
    outer loop
      vertex 30.3 59.5 -200.5
      vertex 28.3045 57.9693 -200.5
      vertex 28.5359 57.5 -200.5
    endloop
  endfacet
  facet normal 0 0 1
    outer loop
      vertex 30.3579 59.94 -200.5
      vertex 28.1363 60.5353 -200.5
      vertex 28.0342 60.0221 -200.5
    endloop
  endfacet
  facet normal 0 0 1
    outer loop
      vertex 30.3 59.5 -200.5
      vertex 28.1363 58.4647 -200.5
      vertex 28.3045 57.9693 -200.5
    endloop
  endfacet
  facet normal 0 0 1
    outer loop
      vertex 30.3145 59.7219 -200.5
      vertex 28.0342 60.0221 -200.5
      vertex 28 59.5 -200.5
    endloop
  endfacet
  facet normal 0 0 1
    outer loop
      vertex 30.3 59.5 -200.5
      vertex 28.0342 58.9779 -200.5
      vertex 28.1363 58.4647 -200.5
    endloop
  endfacet
  facet normal 0 0 1
    outer loop
      vertex 30.3 59.5 -200.5
      vertex 28 59.5 -200.5
      vertex 28.0342 58.9779 -200.5
    endloop
  endfacet
  facet normal 0 0 1
    outer loop
      vertex 35.4641 57.5 -200.5
      vertex 33.4722 58.65 -200.5
      vertex 35.1734 57.065 -200.5
    endloop
  endfacet
  facet normal -0 0 1
    outer loop
      vertex 33.3487 58.4651 -200.5
      vertex 35.1734 57.065 -200.5
      vertex 33.4722 58.65 -200.5
    endloop
  endfacet
  facet normal 0 0 1
    outer loop
      vertex 35.1734 57.065 -200.5
      vertex 33.3487 58.4651 -200.5
      vertex 34.8284 56.6716 -200.5
    endloop
  endfacet
  facet normal -0 0 1
    outer loop
      vertex 33.2021 58.2979 -200.5
      vertex 34.8284 56.6716 -200.5
      vertex 33.3487 58.4651 -200.5
    endloop
  endfacet
  facet normal 0 0 1
    outer loop
      vertex 34.8284 56.6716 -200.5
      vertex 33.2021 58.2979 -200.5
      vertex 34.435 56.3266 -200.5
    endloop
  endfacet
  facet normal -0 0 1
    outer loop
      vertex 33.0349 58.1513 -200.5
      vertex 34.435 56.3266 -200.5
      vertex 33.2021 58.2979 -200.5
    endloop
  endfacet
  facet normal 0 0 1
    outer loop
      vertex 34.435 56.3266 -200.5
      vertex 33.0349 58.1513 -200.5
      vertex 34 56.0359 -200.5
    endloop
  endfacet
  facet normal -0 0 1
    outer loop
      vertex 32.85 58.0278 -200.5
      vertex 34 56.0359 -200.5
      vertex 33.0349 58.1513 -200.5
    endloop
  endfacet
  facet normal 0 0 1
    outer loop
      vertex 34 56.0359 -200.5
      vertex 32.85 58.0278 -200.5
      vertex 33.5307 55.8045 -200.5
    endloop
  endfacet
  facet normal -0 0 1
    outer loop
      vertex 32.6506 57.9294 -200.5
      vertex 33.5307 55.8045 -200.5
      vertex 32.85 58.0278 -200.5
    endloop
  endfacet
  facet normal 0 0 1
    outer loop
      vertex 33.5307 55.8045 -200.5
      vertex 32.6506 57.9294 -200.5
      vertex 33.0353 55.6363 -200.5
    endloop
  endfacet
  facet normal -0 0 1
    outer loop
      vertex 32.44 57.8579 -200.5
      vertex 33.0353 55.6363 -200.5
      vertex 32.6506 57.9294 -200.5
    endloop
  endfacet
  facet normal 0 0 1
    outer loop
      vertex 33.0353 55.6363 -200.5
      vertex 32.44 57.8579 -200.5
      vertex 32.5221 55.5342 -200.5
    endloop
  endfacet
  facet normal -0 0 1
    outer loop
      vertex 32.2219 57.8145 -200.5
      vertex 32.5221 55.5342 -200.5
      vertex 32.44 57.8579 -200.5
    endloop
  endfacet
  facet normal -0 0 1
    outer loop
      vertex 32 57.8 -200.5
      vertex 32.5221 55.5342 -200.5
      vertex 32.2219 57.8145 -200.5
    endloop
  endfacet
  facet normal 0 0 1
    outer loop
      vertex 32 57.8 -200.5
      vertex 32 55.5 -200.5
      vertex 32.5221 55.5342 -200.5
    endloop
  endfacet
  facet normal 0 0 1
    outer loop
      vertex 31.7781 57.8145 -200.5
      vertex 32 55.5 -200.5
      vertex 32 57.8 -200.5
    endloop
  endfacet
  facet normal 0 0 1
    outer loop
      vertex 31.4779 55.5342 -200.5
      vertex 31.7781 57.8145 -200.5
      vertex 31.56 57.8579 -200.5
    endloop
  endfacet
  facet normal 0 0 1
    outer loop
      vertex 31.7781 57.8145 -200.5
      vertex 31.4779 55.5342 -200.5
      vertex 32 55.5 -200.5
    endloop
  endfacet
  facet normal 0 0 1
    outer loop
      vertex 30.9647 55.6363 -200.5
      vertex 31.56 57.8579 -200.5
      vertex 31.3494 57.9294 -200.5
    endloop
  endfacet
  facet normal 0 0 1
    outer loop
      vertex 30.4693 55.8045 -200.5
      vertex 31.3494 57.9294 -200.5
      vertex 31.15 58.0278 -200.5
    endloop
  endfacet
  facet normal 0 0 1
    outer loop
      vertex 30 56.0359 -200.5
      vertex 31.15 58.0278 -200.5
      vertex 30.9651 58.1513 -200.5
    endloop
  endfacet
  facet normal 0 0 1
    outer loop
      vertex 31.56 57.8579 -200.5
      vertex 30.9647 55.6363 -200.5
      vertex 31.4779 55.5342 -200.5
    endloop
  endfacet
  facet normal 0 0 1
    outer loop
      vertex 30 56.0359 -200.5
      vertex 30.9651 58.1513 -200.5
      vertex 30.7979 58.2979 -200.5
    endloop
  endfacet
  facet normal 0 0 1
    outer loop
      vertex 30 56.0359 -200.5
      vertex 30.7979 58.2979 -200.5
      vertex 30.6513 58.4651 -200.5
    endloop
  endfacet
  facet normal 0 0 1
    outer loop
      vertex 30 56.0359 -200.5
      vertex 30.6513 58.4651 -200.5
      vertex 30.5278 58.65 -200.5
    endloop
  endfacet
  facet normal 0 0 1
    outer loop
      vertex 31.3494 57.9294 -200.5
      vertex 30.4693 55.8045 -200.5
      vertex 30.9647 55.6363 -200.5
    endloop
  endfacet
  facet normal 0 0 1
    outer loop
      vertex 30 56.0359 -200.5
      vertex 30.5278 58.65 -200.5
      vertex 30.4294 58.8494 -200.5
    endloop
  endfacet
  facet normal 0 0 1
    outer loop
      vertex 30 56.0359 -200.5
      vertex 30.4294 58.8494 -200.5
      vertex 30.3579 59.06 -200.5
    endloop
  endfacet
  facet normal 0 0 1
    outer loop
      vertex 30 56.0359 -200.5
      vertex 30.3579 59.06 -200.5
      vertex 30.3145 59.2781 -200.5
    endloop
  endfacet
  facet normal 0 0 1
    outer loop
      vertex 30 56.0359 -200.5
      vertex 30.3145 59.2781 -200.5
      vertex 30.3 59.5 -200.5
    endloop
  endfacet
  facet normal 0 0 1
    outer loop
      vertex 31.15 58.0278 -200.5
      vertex 30 56.0359 -200.5
      vertex 30.4693 55.8045 -200.5
    endloop
  endfacet
  facet normal -0.98077 -0.195165 0
    outer loop
      vertex 33.6855 59.7219 -210.5
      vertex 33.6421 59.94 -200.5
      vertex 33.6421 59.94 -210.5
    endloop
  endfacet
  facet normal -0.98077 -0.195165 0
    outer loop
      vertex 33.6421 59.94 -200.5
      vertex 33.6855 59.7219 -210.5
      vertex 33.6855 59.7219 -200.5
    endloop
  endfacet
  facet normal -0.997872 -0.0652057 0
    outer loop
      vertex 33.7 59.5 -210.5
      vertex 33.6855 59.7219 -200.5
      vertex 33.6855 59.7219 -210.5
    endloop
  endfacet
  facet normal -0.997872 -0.0652057 0
    outer loop
      vertex 33.6855 59.7219 -200.5
      vertex 33.7 59.5 -210.5
      vertex 33.7 59.5 -200.5
    endloop
  endfacet
  facet normal -0.0652057 0.997872 0
    outer loop
      vertex 32.2219 57.8145 -210.5
      vertex 32 57.8 -200.5
      vertex 32.2219 57.8145 -200.5
    endloop
  endfacet
  facet normal -0.0652057 0.997872 0
    outer loop
      vertex 32 57.8 -200.5
      vertex 32.2219 57.8145 -210.5
      vertex 32 57.8 -210.5
    endloop
  endfacet
  facet normal 0.659268 -0.751908 0
    outer loop
      vertex 30.7979 60.7021 -210.5
      vertex 30.9651 60.8487 -200.5
      vertex 30.7979 60.7021 -200.5
    endloop
  endfacet
  facet normal 0.659268 -0.751908 0
    outer loop
      vertex 30.9651 60.8487 -200.5
      vertex 30.7979 60.7021 -210.5
      vertex 30.9651 60.8487 -210.5
    endloop
  endfacet
  facet normal 0.831566 0.555426 0
    outer loop
      vertex 30.6513 58.4651 -200.5
      vertex 30.5278 58.65 -210.5
      vertex 30.5278 58.65 -200.5
    endloop
  endfacet
  facet normal 0.831566 0.555426 0
    outer loop
      vertex 30.5278 58.65 -210.5
      vertex 30.6513 58.4651 -200.5
      vertex 30.6513 58.4651 -210.5
    endloop
  endfacet
  facet normal 0.195165 0.98077 -0
    outer loop
      vertex 31.7781 57.8145 -210.5
      vertex 31.56 57.8579 -200.5
      vertex 31.7781 57.8145 -200.5
    endloop
  endfacet
  facet normal 0.195165 0.98077 0
    outer loop
      vertex 31.56 57.8579 -200.5
      vertex 31.7781 57.8145 -210.5
      vertex 31.56 57.8579 -210.5
    endloop
  endfacet
  facet normal -0.659268 -0.751908 0
    outer loop
      vertex 33.0349 60.8487 -210.5
      vertex 33.2021 60.7021 -200.5
      vertex 33.0349 60.8487 -200.5
    endloop
  endfacet
  facet normal -0.659268 -0.751908 -0
    outer loop
      vertex 33.2021 60.7021 -200.5
      vertex 33.0349 60.8487 -210.5
      vertex 33.2021 60.7021 -210.5
    endloop
  endfacet
  facet normal -0.946915 0.321484 0
    outer loop
      vertex 33.5706 58.8494 -210.5
      vertex 33.6421 59.06 -200.5
      vertex 33.6421 59.06 -210.5
    endloop
  endfacet
  facet normal -0.946915 0.321484 0
    outer loop
      vertex 33.6421 59.06 -200.5
      vertex 33.5706 58.8494 -210.5
      vertex 33.5706 58.8494 -200.5
    endloop
  endfacet
  facet normal -0.751908 0.659268 0
    outer loop
      vertex 33.2021 58.2979 -210.5
      vertex 33.3487 58.4651 -200.5
      vertex 33.3487 58.4651 -210.5
    endloop
  endfacet
  facet normal -0.751908 0.659268 0
    outer loop
      vertex 33.3487 58.4651 -200.5
      vertex 33.2021 58.2979 -210.5
      vertex 33.2021 58.2979 -200.5
    endloop
  endfacet
  facet normal -0.751908 -0.659268 0
    outer loop
      vertex 33.3487 60.5349 -210.5
      vertex 33.2021 60.7021 -200.5
      vertex 33.2021 60.7021 -210.5
    endloop
  endfacet
  facet normal -0.751908 -0.659268 0
    outer loop
      vertex 33.2021 60.7021 -200.5
      vertex 33.3487 60.5349 -210.5
      vertex 33.3487 60.5349 -200.5
    endloop
  endfacet
  facet normal 0.946915 0.321484 0
    outer loop
      vertex 30.4294 58.8494 -200.5
      vertex 30.3579 59.06 -210.5
      vertex 30.3579 59.06 -200.5
    endloop
  endfacet
  facet normal 0.946915 0.321484 0
    outer loop
      vertex 30.3579 59.06 -210.5
      vertex 30.4294 58.8494 -200.5
      vertex 30.4294 58.8494 -210.5
    endloop
  endfacet
  facet normal -0.321484 0.946915 0
    outer loop
      vertex 32.6506 57.9294 -210.5
      vertex 32.44 57.8579 -200.5
      vertex 32.6506 57.9294 -200.5
    endloop
  endfacet
  facet normal -0.321484 0.946915 0
    outer loop
      vertex 32.44 57.8579 -200.5
      vertex 32.6506 57.9294 -210.5
      vertex 32.44 57.8579 -210.5
    endloop
  endfacet
  facet normal 0.0652057 0.997872 -0
    outer loop
      vertex 32 57.8 -210.5
      vertex 31.7781 57.8145 -200.5
      vertex 32 57.8 -200.5
    endloop
  endfacet
  facet normal 0.0652057 0.997872 0
    outer loop
      vertex 31.7781 57.8145 -200.5
      vertex 32 57.8 -210.5
      vertex 31.7781 57.8145 -210.5
    endloop
  endfacet
  facet normal 0.321484 -0.946915 0
    outer loop
      vertex 31.3494 61.0706 -210.5
      vertex 31.56 61.1421 -200.5
      vertex 31.3494 61.0706 -200.5
    endloop
  endfacet
  facet normal 0.321484 -0.946915 0
    outer loop
      vertex 31.56 61.1421 -200.5
      vertex 31.3494 61.0706 -210.5
      vertex 31.56 61.1421 -210.5
    endloop
  endfacet
  facet normal 0.751908 -0.659268 0
    outer loop
      vertex 30.6513 60.5349 -200.5
      vertex 30.7979 60.7021 -210.5
      vertex 30.7979 60.7021 -200.5
    endloop
  endfacet
  facet normal 0.751908 -0.659268 0
    outer loop
      vertex 30.7979 60.7021 -210.5
      vertex 30.6513 60.5349 -200.5
      vertex 30.6513 60.5349 -210.5
    endloop
  endfacet
  facet normal 0.44253 0.896754 -0
    outer loop
      vertex 31.3494 57.9294 -210.5
      vertex 31.15 58.0278 -200.5
      vertex 31.3494 57.9294 -200.5
    endloop
  endfacet
  facet normal 0.44253 0.896754 0
    outer loop
      vertex 31.15 58.0278 -200.5
      vertex 31.3494 57.9294 -210.5
      vertex 31.15 58.0278 -210.5
    endloop
  endfacet
  facet normal 0.0652057 -0.997872 0
    outer loop
      vertex 31.7781 61.1855 -210.5
      vertex 32 61.2 -200.5
      vertex 31.7781 61.1855 -200.5
    endloop
  endfacet
  facet normal 0.0652057 -0.997872 0
    outer loop
      vertex 32 61.2 -200.5
      vertex 31.7781 61.1855 -210.5
      vertex 32 61.2 -210.5
    endloop
  endfacet
  facet normal -0.896754 0.44253 0
    outer loop
      vertex 33.4722 58.65 -210.5
      vertex 33.5706 58.8494 -200.5
      vertex 33.5706 58.8494 -210.5
    endloop
  endfacet
  facet normal -0.896754 0.44253 0
    outer loop
      vertex 33.5706 58.8494 -200.5
      vertex 33.4722 58.65 -210.5
      vertex 33.4722 58.65 -200.5
    endloop
  endfacet
  facet normal -0.555426 0.831566 0
    outer loop
      vertex 33.0349 58.1513 -210.5
      vertex 32.85 58.0278 -200.5
      vertex 33.0349 58.1513 -200.5
    endloop
  endfacet
  facet normal -0.555426 0.831566 0
    outer loop
      vertex 32.85 58.0278 -200.5
      vertex 33.0349 58.1513 -210.5
      vertex 32.85 58.0278 -210.5
    endloop
  endfacet
  facet normal 0.98077 0.195165 0
    outer loop
      vertex 30.3579 59.06 -200.5
      vertex 30.3145 59.2781 -210.5
      vertex 30.3145 59.2781 -200.5
    endloop
  endfacet
  facet normal 0.98077 0.195165 0
    outer loop
      vertex 30.3145 59.2781 -210.5
      vertex 30.3579 59.06 -200.5
      vertex 30.3579 59.06 -210.5
    endloop
  endfacet
  facet normal -0.195165 -0.98077 0
    outer loop
      vertex 32.2219 61.1855 -210.5
      vertex 32.44 61.1421 -200.5
      vertex 32.2219 61.1855 -200.5
    endloop
  endfacet
  facet normal -0.195165 -0.98077 -0
    outer loop
      vertex 32.44 61.1421 -200.5
      vertex 32.2219 61.1855 -210.5
      vertex 32.44 61.1421 -210.5
    endloop
  endfacet
  facet normal -0.831566 -0.555426 0
    outer loop
      vertex 33.4722 60.35 -210.5
      vertex 33.3487 60.5349 -200.5
      vertex 33.3487 60.5349 -210.5
    endloop
  endfacet
  facet normal -0.831566 -0.555426 0
    outer loop
      vertex 33.3487 60.5349 -200.5
      vertex 33.4722 60.35 -210.5
      vertex 33.4722 60.35 -200.5
    endloop
  endfacet
  facet normal -0.997872 0.0652057 0
    outer loop
      vertex 33.6855 59.2781 -210.5
      vertex 33.7 59.5 -200.5
      vertex 33.7 59.5 -210.5
    endloop
  endfacet
  facet normal -0.997872 0.0652057 0
    outer loop
      vertex 33.7 59.5 -200.5
      vertex 33.6855 59.2781 -210.5
      vertex 33.6855 59.2781 -200.5
    endloop
  endfacet
  facet normal -0.321484 -0.946915 0
    outer loop
      vertex 32.44 61.1421 -210.5
      vertex 32.6506 61.0706 -200.5
      vertex 32.44 61.1421 -200.5
    endloop
  endfacet
  facet normal -0.321484 -0.946915 -0
    outer loop
      vertex 32.6506 61.0706 -200.5
      vertex 32.44 61.1421 -210.5
      vertex 32.6506 61.0706 -210.5
    endloop
  endfacet
  facet normal -0.555426 -0.831566 0
    outer loop
      vertex 32.85 60.9722 -210.5
      vertex 33.0349 60.8487 -200.5
      vertex 32.85 60.9722 -200.5
    endloop
  endfacet
  facet normal -0.555426 -0.831566 -0
    outer loop
      vertex 33.0349 60.8487 -200.5
      vertex 32.85 60.9722 -210.5
      vertex 33.0349 60.8487 -210.5
    endloop
  endfacet
  facet normal 0.195165 -0.98077 0
    outer loop
      vertex 31.56 61.1421 -210.5
      vertex 31.7781 61.1855 -200.5
      vertex 31.56 61.1421 -200.5
    endloop
  endfacet
  facet normal 0.195165 -0.98077 0
    outer loop
      vertex 31.7781 61.1855 -200.5
      vertex 31.56 61.1421 -210.5
      vertex 31.7781 61.1855 -210.5
    endloop
  endfacet
  facet normal -0.659268 0.751908 0
    outer loop
      vertex 33.2021 58.2979 -210.5
      vertex 33.0349 58.1513 -200.5
      vertex 33.2021 58.2979 -200.5
    endloop
  endfacet
  facet normal -0.659268 0.751908 0
    outer loop
      vertex 33.0349 58.1513 -200.5
      vertex 33.2021 58.2979 -210.5
      vertex 33.0349 58.1513 -210.5
    endloop
  endfacet
  facet normal 0.896754 -0.44253 0
    outer loop
      vertex 30.4294 60.1506 -200.5
      vertex 30.5278 60.35 -210.5
      vertex 30.5278 60.35 -200.5
    endloop
  endfacet
  facet normal 0.896754 -0.44253 0
    outer loop
      vertex 30.5278 60.35 -210.5
      vertex 30.4294 60.1506 -200.5
      vertex 30.4294 60.1506 -210.5
    endloop
  endfacet
  facet normal -0.98077 0.195165 0
    outer loop
      vertex 33.6421 59.06 -210.5
      vertex 33.6855 59.2781 -200.5
      vertex 33.6855 59.2781 -210.5
    endloop
  endfacet
  facet normal -0.98077 0.195165 0
    outer loop
      vertex 33.6855 59.2781 -200.5
      vertex 33.6421 59.06 -210.5
      vertex 33.6421 59.06 -200.5
    endloop
  endfacet
  facet normal -0.195165 0.98077 0
    outer loop
      vertex 32.44 57.8579 -210.5
      vertex 32.2219 57.8145 -200.5
      vertex 32.44 57.8579 -200.5
    endloop
  endfacet
  facet normal -0.195165 0.98077 0
    outer loop
      vertex 32.2219 57.8145 -200.5
      vertex 32.44 57.8579 -210.5
      vertex 32.2219 57.8145 -210.5
    endloop
  endfacet
  facet normal 0.659268 0.751908 -0
    outer loop
      vertex 30.9651 58.1513 -210.5
      vertex 30.7979 58.2979 -200.5
      vertex 30.9651 58.1513 -200.5
    endloop
  endfacet
  facet normal 0.659268 0.751908 0
    outer loop
      vertex 30.7979 58.2979 -200.5
      vertex 30.9651 58.1513 -210.5
      vertex 30.7979 58.2979 -210.5
    endloop
  endfacet
  facet normal 0.751908 0.659268 0
    outer loop
      vertex 30.7979 58.2979 -200.5
      vertex 30.6513 58.4651 -210.5
      vertex 30.6513 58.4651 -200.5
    endloop
  endfacet
  facet normal 0.751908 0.659268 0
    outer loop
      vertex 30.6513 58.4651 -210.5
      vertex 30.7979 58.2979 -200.5
      vertex 30.7979 58.2979 -210.5
    endloop
  endfacet
  facet normal -0.0652057 -0.997872 0
    outer loop
      vertex 32 61.2 -210.5
      vertex 32.2219 61.1855 -200.5
      vertex 32 61.2 -200.5
    endloop
  endfacet
  facet normal -0.0652057 -0.997872 -0
    outer loop
      vertex 32.2219 61.1855 -200.5
      vertex 32 61.2 -210.5
      vertex 32.2219 61.1855 -210.5
    endloop
  endfacet
  facet normal -0.44253 -0.896754 0
    outer loop
      vertex 32.6506 61.0706 -210.5
      vertex 32.85 60.9722 -200.5
      vertex 32.6506 61.0706 -200.5
    endloop
  endfacet
  facet normal -0.44253 -0.896754 -0
    outer loop
      vertex 32.85 60.9722 -200.5
      vertex 32.6506 61.0706 -210.5
      vertex 32.85 60.9722 -210.5
    endloop
  endfacet
  facet normal -0.831566 0.555426 0
    outer loop
      vertex 33.3487 58.4651 -210.5
      vertex 33.4722 58.65 -200.5
      vertex 33.4722 58.65 -210.5
    endloop
  endfacet
  facet normal -0.831566 0.555426 0
    outer loop
      vertex 33.4722 58.65 -200.5
      vertex 33.3487 58.4651 -210.5
      vertex 33.3487 58.4651 -200.5
    endloop
  endfacet
  facet normal 0.997872 0.0652057 0
    outer loop
      vertex 30.3145 59.2781 -200.5
      vertex 30.3 59.5 -210.5
      vertex 30.3 59.5 -200.5
    endloop
  endfacet
  facet normal 0.997872 0.0652057 0
    outer loop
      vertex 30.3 59.5 -210.5
      vertex 30.3145 59.2781 -200.5
      vertex 30.3145 59.2781 -210.5
    endloop
  endfacet
  facet normal -0.44253 0.896754 0
    outer loop
      vertex 32.85 58.0278 -210.5
      vertex 32.6506 57.9294 -200.5
      vertex 32.85 58.0278 -200.5
    endloop
  endfacet
  facet normal -0.44253 0.896754 0
    outer loop
      vertex 32.6506 57.9294 -200.5
      vertex 32.85 58.0278 -210.5
      vertex 32.6506 57.9294 -210.5
    endloop
  endfacet
  facet normal 0.98077 -0.195165 0
    outer loop
      vertex 30.3145 59.7219 -200.5
      vertex 30.3579 59.94 -210.5
      vertex 30.3579 59.94 -200.5
    endloop
  endfacet
  facet normal 0.98077 -0.195165 0
    outer loop
      vertex 30.3579 59.94 -210.5
      vertex 30.3145 59.7219 -200.5
      vertex 30.3145 59.7219 -210.5
    endloop
  endfacet
  facet normal 0.896754 0.44253 0
    outer loop
      vertex 30.5278 58.65 -200.5
      vertex 30.4294 58.8494 -210.5
      vertex 30.4294 58.8494 -200.5
    endloop
  endfacet
  facet normal 0.896754 0.44253 0
    outer loop
      vertex 30.4294 58.8494 -210.5
      vertex 30.5278 58.65 -200.5
      vertex 30.5278 58.65 -210.5
    endloop
  endfacet
  facet normal 0.946915 -0.321484 0
    outer loop
      vertex 30.3579 59.94 -200.5
      vertex 30.4294 60.1506 -210.5
      vertex 30.4294 60.1506 -200.5
    endloop
  endfacet
  facet normal 0.946915 -0.321484 0
    outer loop
      vertex 30.4294 60.1506 -210.5
      vertex 30.3579 59.94 -200.5
      vertex 30.3579 59.94 -210.5
    endloop
  endfacet
  facet normal 0.555426 -0.831566 0
    outer loop
      vertex 30.9651 60.8487 -210.5
      vertex 31.15 60.9722 -200.5
      vertex 30.9651 60.8487 -200.5
    endloop
  endfacet
  facet normal 0.555426 -0.831566 0
    outer loop
      vertex 31.15 60.9722 -200.5
      vertex 30.9651 60.8487 -210.5
      vertex 31.15 60.9722 -210.5
    endloop
  endfacet
  facet normal -0.896754 -0.44253 0
    outer loop
      vertex 33.5706 60.1506 -210.5
      vertex 33.4722 60.35 -200.5
      vertex 33.4722 60.35 -210.5
    endloop
  endfacet
  facet normal -0.896754 -0.44253 0
    outer loop
      vertex 33.4722 60.35 -200.5
      vertex 33.5706 60.1506 -210.5
      vertex 33.5706 60.1506 -200.5
    endloop
  endfacet
  facet normal -0.946915 -0.321484 0
    outer loop
      vertex 33.6421 59.94 -210.5
      vertex 33.5706 60.1506 -200.5
      vertex 33.5706 60.1506 -210.5
    endloop
  endfacet
  facet normal -0.946915 -0.321484 0
    outer loop
      vertex 33.5706 60.1506 -200.5
      vertex 33.6421 59.94 -210.5
      vertex 33.6421 59.94 -200.5
    endloop
  endfacet
  facet normal 0.997872 -0.0652057 0
    outer loop
      vertex 30.3 59.5 -200.5
      vertex 30.3145 59.7219 -210.5
      vertex 30.3145 59.7219 -200.5
    endloop
  endfacet
  facet normal 0.997872 -0.0652057 0
    outer loop
      vertex 30.3145 59.7219 -210.5
      vertex 30.3 59.5 -200.5
      vertex 30.3 59.5 -210.5
    endloop
  endfacet
  facet normal 0.321484 0.946915 -0
    outer loop
      vertex 31.56 57.8579 -210.5
      vertex 31.3494 57.9294 -200.5
      vertex 31.56 57.8579 -200.5
    endloop
  endfacet
  facet normal 0.321484 0.946915 0
    outer loop
      vertex 31.3494 57.9294 -200.5
      vertex 31.56 57.8579 -210.5
      vertex 31.3494 57.9294 -210.5
    endloop
  endfacet
  facet normal 0.44253 -0.896754 0
    outer loop
      vertex 31.15 60.9722 -210.5
      vertex 31.3494 61.0706 -200.5
      vertex 31.15 60.9722 -200.5
    endloop
  endfacet
  facet normal 0.44253 -0.896754 0
    outer loop
      vertex 31.3494 61.0706 -200.5
      vertex 31.15 60.9722 -210.5
      vertex 31.3494 61.0706 -210.5
    endloop
  endfacet
  facet normal 0.831566 -0.555426 0
    outer loop
      vertex 30.5278 60.35 -200.5
      vertex 30.6513 60.5349 -210.5
      vertex 30.6513 60.5349 -200.5
    endloop
  endfacet
  facet normal 0.831566 -0.555426 0
    outer loop
      vertex 30.6513 60.5349 -210.5
      vertex 30.5278 60.35 -200.5
      vertex 30.5278 60.35 -210.5
    endloop
  endfacet
  facet normal 0.555426 0.831566 -0
    outer loop
      vertex 31.15 58.0278 -210.5
      vertex 30.9651 58.1513 -200.5
      vertex 31.15 58.0278 -200.5
    endloop
  endfacet
  facet normal 0.555426 0.831566 0
    outer loop
      vertex 30.9651 58.1513 -200.5
      vertex 31.15 58.0278 -210.5
      vertex 30.9651 58.1513 -210.5
    endloop
  endfacet
endsolid OpenSCAD_Model
