solid OpenSCAD_Model
  facet normal -1 0 0
    outer loop
      vertex 34 41.2542 -84.618
      vertex 34 40.9282 -85.3233
      vertex 34 40.8442 -85.0147
    endloop
  endfacet
  facet normal -1 0 0
    outer loop
      vertex 34 43.6382 -83.3072
      vertex 34 43.6649 -82.9885
      vertex 34 44.4408 -82.9489
    endloop
  endfacet
  facet normal -1 0 0
    outer loop
      vertex 34 45.1867 -83.7437
      vertex 34 43.7661 -84.5059
      vertex 34 43.7319 -84.3932
    endloop
  endfacet
  facet normal -1 0 0
    outer loop
      vertex 34 44.8383 -83.312
      vertex 34 43.6431 -83.8456
      vertex 34 43.6323 -83.5933
    endloop
  endfacet
  facet normal -1 0 -0
    outer loop
      vertex 34 45.2478 -83.8445
      vertex 34 45.2869 -83.919
      vertex 34 43.7661 -84.5059
    endloop
  endfacet
  facet normal -1 0 0
    outer loop
      vertex 34 43.7661 -84.5059
      vertex 34 45.2869 -83.919
      vertex 34 43.7954 -84.5848
    endloop
  endfacet
  facet normal -1 0 0
    outer loop
      vertex 34 43.7954 -84.5848
      vertex 34 45.2869 -83.919
      vertex 34 43.8237 -84.6459
    endloop
  endfacet
  facet normal -1 0 0
    outer loop
      vertex 34 43.816 -84.6309
      vertex 34 43.7954 -84.5848
      vertex 34 43.8237 -84.6459
    endloop
  endfacet
  facet normal -1 0 0
    outer loop
      vertex 34 43.8237 -84.6459
      vertex 34 45.2869 -83.919
      vertex 34 45.3136 -83.9808
    endloop
  endfacet
  facet normal -1 0 0
    outer loop
      vertex 34 43.956 -85.3914
      vertex 34 43.8237 -84.6459
      vertex 34 45.3136 -83.9808
    endloop
  endfacet
  facet normal -1 0 0
    outer loop
      vertex 34 45.3136 -83.9808
      vertex 34 45.2869 -83.919
      vertex 34 45.3076 -83.9651
    endloop
  endfacet
  facet normal -1 0 0
    outer loop
      vertex 34 43.8237 -84.6459
      vertex 34 43.956 -85.3914
      vertex 34 43.9401 -85.3986
    endloop
  endfacet
  facet normal -1 0 0
    outer loop
      vertex 34 51.1655 -83.7161
      vertex 34 49.6882 -83.2941
      vertex 34 51.1704 -83.531
    endloop
  endfacet
  facet normal -1 -0 0
    outer loop
      vertex 34 43.6269 -99.4137
      vertex 34 43.5463 -99.4997
      vertex 34 42.3132 -98.4612
    endloop
  endfacet
  facet normal -1 0 0
    outer loop
      vertex 34 46.2964 -90.2393
      vertex 34 41.9395 -87.1732
      vertex 34 43.3754 -85.7839
    endloop
  endfacet
  facet normal -1 -0 0
    outer loop
      vertex 34 45.8531 -90.8197
      vertex 34 45.6005 -91.5049
      vertex 34 40.6542 -89.537
    endloop
  endfacet
  facet normal -1 0 0
    outer loop
      vertex 34 43.3754 -85.7839
      vertex 34 42.7329 -85.3832
      vertex 34 43.3879 -85.7718
    endloop
  endfacet
  facet normal -1 0 0
    outer loop
      vertex 34 42.7329 -85.3832
      vertex 34 42.6867 -85.3343
      vertex 34 42.7219 -85.3705
    endloop
  endfacet
  facet normal -1 0 0
    outer loop
      vertex 34 45.7386 -92.9426
      vertex 34 40.9231 -95.1592
      vertex 34 40.7896 -94.835
    endloop
  endfacet
  facet normal -1 -0 0
    outer loop
      vertex 34 42.5325 -85.2039
      vertex 34 41.3045 -86.185
      vertex 34 42.4087 -85.1167
    endloop
  endfacet
  facet normal -1 0 0
    outer loop
      vertex 34 41.2129 -86.0241
      vertex 34 42.0576 -84.9173
      vertex 34 42.2509 -85.0198
    endloop
  endfacet
  facet normal -1 0 0
    outer loop
      vertex 34 41.1168 -85.8275
      vertex 34 41.0205 -85.5941
      vertex 34 42.0576 -84.9173
    endloop
  endfacet
  facet normal -1 -0 0
    outer loop
      vertex 34 42.0576 -84.9173
      vertex 34 41.0205 -85.5941
      vertex 34 41.8275 -84.8133
    endloop
  endfacet
  facet normal -1 0 0
    outer loop
      vertex 34 41.8275 -84.8133
      vertex 34 41.0205 -85.5941
      vertex 34 40.9282 -85.3233
    endloop
  endfacet
  facet normal -1 0 -0
    outer loop
      vertex 34 41.5598 -84.7121
      vertex 34 41.8275 -84.8133
      vertex 34 40.9282 -85.3233
    endloop
  endfacet
  facet normal -1 0 -0
    outer loop
      vertex 34 41.2542 -84.618
      vertex 34 41.5598 -84.7121
      vertex 34 40.9282 -85.3233
    endloop
  endfacet
  facet normal -1 0 0
    outer loop
      vertex 34 41.1168 -85.8275
      vertex 34 42.0576 -84.9173
      vertex 34 41.2129 -86.0241
    endloop
  endfacet
  facet normal -1 0 0
    outer loop
      vertex 34 41.2129 -86.0241
      vertex 34 42.2509 -85.0198
      vertex 34 42.4087 -85.1167
    endloop
  endfacet
  facet normal -1 0 0
    outer loop
      vertex 34 41.3045 -86.185
      vertex 34 41.2129 -86.0241
      vertex 34 42.4087 -85.1167
    endloop
  endfacet
  facet normal -1 0 -0
    outer loop
      vertex 34 39.1362 -87.3704
      vertex 34 39.4556 -87.3543
      vertex 34 38.8867 -87.8834
    endloop
  endfacet
  facet normal -1 0 0
    outer loop
      vertex 34 41.3876 -86.3117
      vertex 34 41.3045 -86.185
      vertex 34 42.5325 -85.2039
    endloop
  endfacet
  facet normal -1 0 0
    outer loop
      vertex 34 41.4583 -86.406
      vertex 34 41.3876 -86.3117
      vertex 34 42.5325 -85.2039
    endloop
  endfacet
  facet normal -1 -0 0
    outer loop
      vertex 34 42.6244 -85.2776
      vertex 34 41.4583 -86.406
      vertex 34 42.5325 -85.2039
    endloop
  endfacet
  facet normal -1 0 0
    outer loop
      vertex 34 42.6244 -85.2776
      vertex 34 41.5129 -86.47
      vertex 34 41.4583 -86.406
    endloop
  endfacet
  facet normal -1 0 -0
    outer loop
      vertex 34 42.6244 -85.2776
      vertex 34 42.6867 -85.3343
      vertex 34 41.5129 -86.47
    endloop
  endfacet
  facet normal -1 0 0
    outer loop
      vertex 34 41.5129 -86.47
      vertex 34 42.6867 -85.3343
      vertex 34 42.7329 -85.3832
    endloop
  endfacet
  facet normal -1 0 0
    outer loop
      vertex 34 41.5479 -86.5064
      vertex 34 41.5129 -86.47
      vertex 34 41.5603 -86.5178
    endloop
  endfacet
  facet normal -1 0 0
    outer loop
      vertex 34 41.5603 -86.5178
      vertex 34 41.5129 -86.47
      vertex 34 42.7329 -85.3832
    endloop
  endfacet
  facet normal -1 -0 0
    outer loop
      vertex 34 43.3754 -85.7839
      vertex 34 41.5603 -86.5178
      vertex 34 42.7329 -85.3832
    endloop
  endfacet
  facet normal -1 0 0
    outer loop
      vertex 34 43.3754 -85.7839
      vertex 34 41.9395 -87.1732
      vertex 34 41.5603 -86.5178
    endloop
  endfacet
  facet normal -1 -0 0
    outer loop
      vertex 34 41.9395 -87.1732
      vertex 34 41.9271 -87.1853
      vertex 34 41.5603 -86.5178
    endloop
  endfacet
  facet normal -1 0 0
    outer loop
      vertex 34 45.6005 -91.5049
      vertex 34 40.5481 -89.8711
      vertex 34 40.6542 -89.537
    endloop
  endfacet
  facet normal -1 0 0
    outer loop
      vertex 34 41.7256 -87.4508
      vertex 34 41.9395 -87.1732
      vertex 34 45.8531 -90.8197
    endloop
  endfacet
  facet normal -1 0 0
    outer loop
      vertex 34 41.5282 -87.7405
      vertex 34 40.7874 -87.5837
      vertex 34 41.5359 -87.7248
    endloop
  endfacet
  facet normal -1 0 0
    outer loop
      vertex 34 40.7874 -87.5837
      vertex 34 40.7273 -87.5535
      vertex 34 40.7727 -87.5755
    endloop
  endfacet
  facet normal -1 0 0
    outer loop
      vertex 34 39.6451 -90.3091
      vertex 34 39.543 -91.9398
      vertex 34 39.476 -91.9336
    endloop
  endfacet
  facet normal -1 -0 0
    outer loop
      vertex 34 40.5379 -87.4837
      vertex 34 39.7195 -88.8257
      vertex 34 40.3916 -87.4441
    endloop
  endfacet
  facet normal -1 0 0
    outer loop
      vertex 34 39.5784 -88.7058
      vertex 34 39.9935 -87.3769
      vertex 34 40.2102 -87.4071
    endloop
  endfacet
  facet normal -1 0 0
    outer loop
      vertex 34 39.4208 -88.5539
      vertex 34 39.2505 -88.3676
      vertex 34 39.9935 -87.3769
    endloop
  endfacet
  facet normal -1 -0 0
    outer loop
      vertex 34 39.9935 -87.3769
      vertex 34 39.2505 -88.3676
      vertex 34 39.7417 -87.3578
    endloop
  endfacet
  facet normal -1 0 0
    outer loop
      vertex 34 39.7417 -87.3578
      vertex 34 39.2505 -88.3676
      vertex 34 39.0711 -88.1447
    endloop
  endfacet
  facet normal -1 0 -0
    outer loop
      vertex 34 39.4556 -87.3543
      vertex 34 39.7417 -87.3578
      vertex 34 39.0711 -88.1447
    endloop
  endfacet
  facet normal -1 0 0
    outer loop
      vertex 34 38.8867 -87.8834
      vertex 34 39.4556 -87.3543
      vertex 34 39.0711 -88.1447
    endloop
  endfacet
  facet normal -1 0 0
    outer loop
      vertex 34 39.4208 -88.5539
      vertex 34 39.9935 -87.3769
      vertex 34 39.5784 -88.7058
    endloop
  endfacet
  facet normal -1 0 0
    outer loop
      vertex 34 39.5784 -88.7058
      vertex 34 40.2102 -87.4071
      vertex 34 40.3916 -87.4441
    endloop
  endfacet
  facet normal -1 0 0
    outer loop
      vertex 34 39.7195 -88.8257
      vertex 34 39.5784 -88.7058
      vertex 34 40.3916 -87.4441
    endloop
  endfacet
  facet normal -1 0 -0
    outer loop
      vertex 34 38.0874 -90.6812
      vertex 34 38.291 -91.4311
      vertex 34 38.0283 -91.2486
    endloop
  endfacet
  facet normal -1 0 0
    outer loop
      vertex 34 39.8409 -88.9163
      vertex 34 39.7195 -88.8257
      vertex 34 40.5379 -87.4837
    endloop
  endfacet
  facet normal -1 0 0
    outer loop
      vertex 34 39.9395 -88.9807
      vertex 34 39.8409 -88.9163
      vertex 34 40.5379 -87.4837
    endloop
  endfacet
  facet normal -1 -0 0
    outer loop
      vertex 34 40.6494 -87.5216
      vertex 34 39.9395 -88.9807
      vertex 34 40.5379 -87.4837
    endloop
  endfacet
  facet normal -1 0 0
    outer loop
      vertex 34 40.6494 -87.5216
      vertex 34 40.0127 -89.0222
      vertex 34 39.9395 -88.9807
    endloop
  endfacet
  facet normal -1 0 -0
    outer loop
      vertex 34 40.6494 -87.5216
      vertex 34 40.7273 -87.5535
      vertex 34 40.0127 -89.0222
    endloop
  endfacet
  facet normal -1 0 0
    outer loop
      vertex 34 40.0127 -89.0222
      vertex 34 40.7273 -87.5535
      vertex 34 40.7874 -87.5837
    endloop
  endfacet
  facet normal -1 0 0
    outer loop
      vertex 34 40.0581 -89.0444
      vertex 34 40.0127 -89.0222
      vertex 34 40.0736 -89.0509
    endloop
  endfacet
  facet normal -1 0 0
    outer loop
      vertex 34 40.0736 -89.0509
      vertex 34 40.0127 -89.0222
      vertex 34 40.7874 -87.5837
    endloop
  endfacet
  facet normal -1 -0 0
    outer loop
      vertex 34 41.5282 -87.7405
      vertex 34 40.0736 -89.0509
      vertex 34 40.7874 -87.5837
    endloop
  endfacet
  facet normal -1 0 0
    outer loop
      vertex 34 41.5282 -87.7405
      vertex 34 40.6542 -89.537
      vertex 34 40.0736 -89.0509
    endloop
  endfacet
  facet normal -1 -0 0
    outer loop
      vertex 34 40.6542 -89.537
      vertex 34 40.6466 -89.5527
      vertex 34 40.0736 -89.0509
    endloop
  endfacet
  facet normal -1 0 0
    outer loop
      vertex 34 40.3044 -92.897
      vertex 34 40.2694 -92.5482
      vertex 34 45.5612 -92.2342
    endloop
  endfacet
  facet normal -1 -0 0
    outer loop
      vertex 34 40.4617 -90.2108
      vertex 34 39.712 -90.3169
      vertex 34 40.4635 -90.1935
    endloop
  endfacet
  facet normal -1 0 0
    outer loop
      vertex 34 39.712 -90.3169
      vertex 34 39.6451 -90.3091
      vertex 34 39.6953 -90.3142
    endloop
  endfacet
  facet normal -1 -0 0
    outer loop
      vertex 34 39.9673 -94.853
      vertex 34 39.8846 -94.8683
      vertex 34 39.4904 -93.2942
    endloop
  endfacet
  facet normal -1 0 0
    outer loop
      vertex 34 39.4432 -90.3083
      vertex 34 39.1332 -91.8492
      vertex 34 39.2923 -90.3211
    endloop
  endfacet
  facet normal -1 0 0
    outer loop
      vertex 34 38.9596 -91.7848
      vertex 34 38.8951 -90.3941
      vertex 34 39.1091 -90.3483
    endloop
  endfacet
  facet normal -1 0 0
    outer loop
      vertex 34 38.7596 -91.696
      vertex 34 38.6521 -90.4623
      vertex 34 38.8951 -90.3941
    endloop
  endfacet
  facet normal -1 0 0
    outer loop
      vertex 34 38.7596 -91.696
      vertex 34 38.5358 -91.5792
      vertex 34 38.6521 -90.4623
    endloop
  endfacet
  facet normal -1 0 0
    outer loop
      vertex 34 38.6521 -90.4623
      vertex 34 38.5358 -91.5792
      vertex 34 38.291 -91.4311
    endloop
  endfacet
  facet normal -1 0 -0
    outer loop
      vertex 34 38.382 -90.5568
      vertex 34 38.6521 -90.4623
      vertex 34 38.291 -91.4311
    endloop
  endfacet
  facet normal -1 0 0
    outer loop
      vertex 34 38.0874 -90.6812
      vertex 34 38.382 -90.5568
      vertex 34 38.291 -91.4311
    endloop
  endfacet
  facet normal -1 0 0
    outer loop
      vertex 34 38.7596 -91.696
      vertex 34 38.8951 -90.3941
      vertex 34 38.9596 -91.7848
    endloop
  endfacet
  facet normal -1 0 0
    outer loop
      vertex 34 38.9596 -91.7848
      vertex 34 39.1091 -90.3483
      vertex 34 39.2923 -90.3211
    endloop
  endfacet
  facet normal -1 0 0
    outer loop
      vertex 34 39.1332 -91.8492
      vertex 34 38.9596 -91.7848
      vertex 34 39.2923 -90.3211
    endloop
  endfacet
  facet normal -1 0 0
    outer loop
      vertex 34 38.2341 -94.1511
      vertex 34 38.6819 -94.7861
      vertex 34 38.3727 -94.7045
    endloop
  endfacet
  facet normal -1 0 0
    outer loop
      vertex 34 39.2782 -91.8929
      vertex 34 39.1332 -91.8492
      vertex 34 39.4432 -90.3083
    endloop
  endfacet
  facet normal -1 0 0
    outer loop
      vertex 34 39.393 -91.9196
      vertex 34 39.2782 -91.8929
      vertex 34 39.4432 -90.3083
    endloop
  endfacet
  facet normal -1 0 0
    outer loop
      vertex 34 39.561 -90.3057
      vertex 34 39.393 -91.9196
      vertex 34 39.4432 -90.3083
    endloop
  endfacet
  facet normal -1 0 -0
    outer loop
      vertex 34 39.561 -90.3057
      vertex 34 39.6451 -90.3091
      vertex 34 39.393 -91.9196
    endloop
  endfacet
  facet normal -1 0 0
    outer loop
      vertex 34 39.393 -91.9196
      vertex 34 39.6451 -90.3091
      vertex 34 39.476 -91.9336
    endloop
  endfacet
  facet normal -1 0 0
    outer loop
      vertex 34 39.476 -91.9336
      vertex 34 39.543 -91.9398
      vertex 34 39.5262 -91.9389
    endloop
  endfacet
  facet normal -1 0 -0
    outer loop
      vertex 34 39.6451 -90.3091
      vertex 34 39.712 -90.3169
      vertex 34 39.543 -91.9398
    endloop
  endfacet
  facet normal -1 0 0
    outer loop
      vertex 34 39.543 -91.9398
      vertex 34 39.712 -90.3169
      vertex 34 40.4617 -90.2108
    endloop
  endfacet
  facet normal -1 0 0
    outer loop
      vertex 34 40.253 -92.2153
      vertex 34 39.543 -91.9398
      vertex 34 40.2548 -92.198
    endloop
  endfacet
  facet normal -1 0 0
    outer loop
      vertex 34 42.6814 -97.6338
      vertex 34 42.4304 -97.3891
      vertex 34 46.1169 -93.5673
    endloop
  endfacet
  facet normal -1 0 0
    outer loop
      vertex 34 40.2548 -92.198
      vertex 34 39.543 -91.9398
      vertex 34 40.4617 -90.2108
    endloop
  endfacet
  facet normal -1 0 0
    outer loop
      vertex 34 47.327 -94.3557
      vertex 34 46.6625 -94.0527
      vertex 34 47.0871 -94.0017
    endloop
  endfacet
  facet normal -1 -0 0
    outer loop
      vertex 34 40.3044 -92.897
      vertex 34 39.6361 -93.2531
      vertex 34 40.3001 -92.8801
    endloop
  endfacet
  facet normal -1 0 0
    outer loop
      vertex 34 39.6361 -93.2531
      vertex 34 39.5706 -93.2686
      vertex 34 39.6196 -93.2563
    endloop
  endfacet
  facet normal -1 0 0
    outer loop
      vertex 34 41.2499 -97.5241
      vertex 34 40.3577 -96.2043
      vertex 34 40.4463 -96.1266
    endloop
  endfacet
  facet normal -1 -0 0
    outer loop
      vertex 34 39.7676 -94.8823
      vertex 34 39.6163 -94.8909
      vertex 34 39.2432 -93.4006
    endloop
  endfacet
  facet normal -1 0 0
    outer loop
      vertex 34 39.4312 -94.8898
      vertex 34 38.895 -93.605
      vertex 34 39.0804 -93.4888
    endloop
  endfacet
  facet normal -1 0 0
    outer loop
      vertex 34 39.2129 -94.8747
      vertex 34 38.6899 -93.7522
      vertex 34 38.895 -93.605
    endloop
  endfacet
  facet normal -1 0 0
    outer loop
      vertex 34 39.2129 -94.8747
      vertex 34 38.9626 -94.8415
      vertex 34 38.6899 -93.7522
    endloop
  endfacet
  facet normal -1 0 -0
    outer loop
      vertex 34 38.6899 -93.7522
      vertex 34 38.9626 -94.8415
      vertex 34 38.4684 -93.9334
    endloop
  endfacet
  facet normal -1 0 0
    outer loop
      vertex 34 38.4684 -93.9334
      vertex 34 38.9626 -94.8415
      vertex 34 38.6819 -94.7861
    endloop
  endfacet
  facet normal -1 0 0
    outer loop
      vertex 34 38.2341 -94.1511
      vertex 34 38.4684 -93.9334
      vertex 34 38.6819 -94.7861
    endloop
  endfacet
  facet normal -1 0 0
    outer loop
      vertex 34 39.2129 -94.8747
      vertex 34 38.895 -93.605
      vertex 34 39.4312 -94.8898
    endloop
  endfacet
  facet normal -1 0 0
    outer loop
      vertex 34 39.4312 -94.8898
      vertex 34 39.0804 -93.4888
      vertex 34 39.6163 -94.8909
    endloop
  endfacet
  facet normal -1 0 0
    outer loop
      vertex 34 39.6163 -94.8909
      vertex 34 39.0804 -93.4888
      vertex 34 39.2432 -93.4006
    endloop
  endfacet
  facet normal -1 0 0
    outer loop
      vertex 34 39.5588 -97.3615
      vertex 34 39.7045 -97.0768
      vertex 34 39.8782 -97.8341
    endloop
  endfacet
  facet normal -1 0 0
    outer loop
      vertex 34 39.7676 -94.8823
      vertex 34 39.2432 -93.4006
      vertex 34 39.3806 -93.3369
    endloop
  endfacet
  facet normal -1 -0 0
    outer loop
      vertex 34 39.8846 -94.8683
      vertex 34 39.7676 -94.8823
      vertex 34 39.3806 -93.3369
    endloop
  endfacet
  facet normal -1 0 -0
    outer loop
      vertex 34 39.4904 -93.2942
      vertex 34 39.8846 -94.8683
      vertex 34 39.3806 -93.3369
    endloop
  endfacet
  facet normal -1 0 -0
    outer loop
      vertex 34 39.5706 -93.2686
      vertex 34 39.9673 -94.853
      vertex 34 39.4904 -93.2942
    endloop
  endfacet
  facet normal -1 0 0
    outer loop
      vertex 34 39.5706 -93.2686
      vertex 34 40.0324 -94.8359
      vertex 34 39.9673 -94.853
    endloop
  endfacet
  facet normal -1 0 0
    outer loop
      vertex 34 39.9673 -94.853
      vertex 34 40.0324 -94.8359
      vertex 34 40.0163 -94.8408
    endloop
  endfacet
  facet normal -1 0 0
    outer loop
      vertex 34 39.5706 -93.2686
      vertex 34 39.6361 -93.2531
      vertex 34 40.0324 -94.8359
    endloop
  endfacet
  facet normal -1 0 0
    outer loop
      vertex 34 40.0324 -94.8359
      vertex 34 39.6361 -93.2531
      vertex 34 40.7896 -94.835
    endloop
  endfacet
  facet normal -1 0 0
    outer loop
      vertex 34 40.7938 -94.852
      vertex 34 40.0324 -94.8359
      vertex 34 40.7896 -94.835
    endloop
  endfacet
  facet normal -1 0 0
    outer loop
      vertex 34 40.7896 -94.835
      vertex 34 39.6361 -93.2531
      vertex 34 40.3044 -92.897
    endloop
  endfacet
  facet normal -1 0 0
    outer loop
      vertex 34 46.6625 -94.0527
      vertex 34 44.6095 -98.969
      vertex 34 44.2988 -98.8065
    endloop
  endfacet
  facet normal -1 -0 0
    outer loop
      vertex 34 41.0753 -95.4749
      vertex 34 40.5691 -96.0381
      vertex 34 41.0655 -95.4605
    endloop
  endfacet
  facet normal -1 0 0
    outer loop
      vertex 34 40.5691 -96.0381
      vertex 34 40.5129 -96.0751
      vertex 34 40.5547 -96.0468
    endloop
  endfacet
  facet normal -1 0 0
    outer loop
      vertex 34 42.1922 -98.7017
      vertex 34 42.2565 -98.5645
      vertex 34 43.5463 -99.4997
    endloop
  endfacet
  facet normal -1 -0 0
    outer loop
      vertex 34 41.2499 -97.5241
      vertex 34 41.1107 -97.584
      vertex 34 40.2503 -96.3111
    endloop
  endfacet
  facet normal -1 -0 0
    outer loop
      vertex 34 40.9363 -97.6462
      vertex 34 40.726 -97.7067
      vertex 34 40.1275 -96.4497
    endloop
  endfacet
  facet normal -1 -0 0
    outer loop
      vertex 34 40.726 -97.7067
      vertex 34 40.4795 -97.7611
      vertex 34 39.993 -96.6223
    endloop
  endfacet
  facet normal -1 0 -0
    outer loop
      vertex 34 39.993 -96.6223
      vertex 34 40.4795 -97.7611
      vertex 34 39.8506 -96.8308
    endloop
  endfacet
  facet normal -1 0 -0
    outer loop
      vertex 34 39.8506 -96.8308
      vertex 34 40.4795 -97.7611
      vertex 34 39.7045 -97.0768
    endloop
  endfacet
  facet normal -1 0 0
    outer loop
      vertex 34 39.7045 -97.0768
      vertex 34 40.4795 -97.7611
      vertex 34 40.1967 -97.805
    endloop
  endfacet
  facet normal -1 0 0
    outer loop
      vertex 34 39.8782 -97.8341
      vertex 34 39.7045 -97.0768
      vertex 34 40.1967 -97.805
    endloop
  endfacet
  facet normal -1 0 0
    outer loop
      vertex 34 40.726 -97.7067
      vertex 34 39.993 -96.6223
      vertex 34 40.1275 -96.4497
    endloop
  endfacet
  facet normal -1 0 0
    outer loop
      vertex 34 40.9363 -97.6462
      vertex 34 40.1275 -96.4497
      vertex 34 41.1107 -97.584
    endloop
  endfacet
  facet normal -1 0 0
    outer loop
      vertex 34 41.1107 -97.584
      vertex 34 40.1275 -96.4497
      vertex 34 40.2503 -96.3111
    endloop
  endfacet
  facet normal -1 0 0
    outer loop
      vertex 34 41.9016 -99.9252
      vertex 34 42.6528 -100.124
      vertex 34 42.3634 -100.26
    endloop
  endfacet
  facet normal -1 0 0
    outer loop
      vertex 34 41.2499 -97.5241
      vertex 34 40.2503 -96.3111
      vertex 34 40.3577 -96.2043
    endloop
  endfacet
  facet normal -1 -0 0
    outer loop
      vertex 34 41.355 -97.4709
      vertex 34 41.2499 -97.5241
      vertex 34 40.4463 -96.1266
    endloop
  endfacet
  facet normal -1 -0 0
    outer loop
      vertex 34 41.4275 -97.4283
      vertex 34 41.355 -97.4709
      vertex 34 40.4463 -96.1266
    endloop
  endfacet
  facet normal -1 0 -0
    outer loop
      vertex 34 40.5129 -96.0751
      vertex 34 41.4275 -97.4283
      vertex 34 40.4463 -96.1266
    endloop
  endfacet
  facet normal -1 0 0
    outer loop
      vertex 34 40.5129 -96.0751
      vertex 34 40.5691 -96.0381
      vertex 34 41.4275 -97.4283
    endloop
  endfacet
  facet normal -1 0 0
    outer loop
      vertex 34 41.4275 -97.4283
      vertex 34 41.4829 -97.3899
      vertex 34 41.4694 -97.4001
    endloop
  endfacet
  facet normal -1 0 0
    outer loop
      vertex 34 41.4275 -97.4283
      vertex 34 40.5691 -96.0381
      vertex 34 41.4829 -97.3899
    endloop
  endfacet
  facet normal -1 0 0
    outer loop
      vertex 34 41.4829 -97.3899
      vertex 34 40.5691 -96.0381
      vertex 34 42.1941 -97.1302
    endloop
  endfacet
  facet normal -1 -0 0
    outer loop
      vertex 34 42.2039 -97.1446
      vertex 34 41.4829 -97.3899
      vertex 34 42.1941 -97.1302
    endloop
  endfacet
  facet normal -1 0 -0
    outer loop
      vertex 34 47.7177 -94.1818
      vertex 34 48.0513 -94.4495
      vertex 34 47.327 -94.3557
    endloop
  endfacet
  facet normal -1 0 0
    outer loop
      vertex 34 42.1941 -97.1302
      vertex 34 40.5691 -96.0381
      vertex 34 41.0753 -95.4749
    endloop
  endfacet
  facet normal -1 0 -0
    outer loop
      vertex 34 47.327 -94.3557
      vertex 34 48.0513 -94.4495
      vertex 34 46.85 -99.6619
    endloop
  endfacet
  facet normal -1 0 0
    outer loop
      vertex 34 40.9231 -95.1592
      vertex 34 45.7386 -92.9426
      vertex 34 41.0753 -95.4749
    endloop
  endfacet
  facet normal -1 -0 0
    outer loop
      vertex 34 42.6814 -97.6338
      vertex 34 42.3984 -98.3361
      vertex 34 42.6673 -97.6236
    endloop
  endfacet
  facet normal -1 0 0
    outer loop
      vertex 34 42.3984 -98.3361
      vertex 34 42.3582 -98.3901
      vertex 34 42.3878 -98.3492
    endloop
  endfacet
  facet normal -1 0 -0
    outer loop
      vertex 34 44.8481 -100.133
      vertex 34 46.38 -100.571
      vertex 34 44.8345 -100.284
    endloop
  endfacet
  facet normal -1 -0 0
    outer loop
      vertex 34 43.5463 -99.4997
      vertex 34 43.436 -99.6035
      vertex 34 42.1922 -98.7017
    endloop
  endfacet
  facet normal -1 -0 0
    outer loop
      vertex 34 43.2934 -99.7216
      vertex 34 43.1165 -99.8504
      vertex 34 42.1242 -98.8739
    endloop
  endfacet
  facet normal -1 0 0
    outer loop
      vertex 34 43.1165 -99.8504
      vertex 34 41.9943 -99.3267
      vertex 34 42.0568 -99.0821
    endloop
  endfacet
  facet normal -1 -0 0
    outer loop
      vertex 34 43.1165 -99.8504
      vertex 34 42.9035 -99.9858
      vertex 34 41.9943 -99.3267
    endloop
  endfacet
  facet normal -1 0 -0
    outer loop
      vertex 34 41.9943 -99.3267
      vertex 34 42.9035 -99.9858
      vertex 34 41.9411 -99.6078
    endloop
  endfacet
  facet normal -1 0 0
    outer loop
      vertex 34 41.9411 -99.6078
      vertex 34 42.9035 -99.9858
      vertex 34 42.6528 -100.124
    endloop
  endfacet
  facet normal -1 0 0
    outer loop
      vertex 34 41.9016 -99.9252
      vertex 34 41.9411 -99.6078
      vertex 34 42.6528 -100.124
    endloop
  endfacet
  facet normal -1 0 0
    outer loop
      vertex 34 43.1165 -99.8504
      vertex 34 42.0568 -99.0821
      vertex 34 42.1242 -98.8739
    endloop
  endfacet
  facet normal -1 0 0
    outer loop
      vertex 34 43.2934 -99.7216
      vertex 34 42.1242 -98.8739
      vertex 34 43.436 -99.6035
    endloop
  endfacet
  facet normal -1 0 0
    outer loop
      vertex 34 43.436 -99.6035
      vertex 34 42.1242 -98.8739
      vertex 34 42.1922 -98.7017
    endloop
  endfacet
  facet normal -1 0 0
    outer loop
      vertex 34 44.9799 -101.533
      vertex 34 44.9086 -101.221
      vertex 34 45.5285 -101.69
    endloop
  endfacet
  facet normal -1 0 0
    outer loop
      vertex 34 43.5463 -99.4997
      vertex 34 42.2565 -98.5645
      vertex 34 42.3132 -98.4612
    endloop
  endfacet
  facet normal -1 0 0
    outer loop
      vertex 34 43.6269 -99.4137
      vertex 34 42.3132 -98.4612
      vertex 34 42.3582 -98.3901
    endloop
  endfacet
  facet normal -1 -0 0
    outer loop
      vertex 34 43.6805 -99.3489
      vertex 34 43.6269 -99.4137
      vertex 34 42.3582 -98.3901
    endloop
  endfacet
  facet normal -1 -0 0
    outer loop
      vertex 34 43.7193 -99.2939
      vertex 34 43.6805 -99.3489
      vertex 34 42.3582 -98.3901
    endloop
  endfacet
  facet normal -1 0 0
    outer loop
      vertex 34 43.7193 -99.2939
      vertex 34 43.7102 -99.308
      vertex 34 43.6805 -99.3489
    endloop
  endfacet
  facet normal -1 0 -0
    outer loop
      vertex 34 42.3984 -98.3361
      vertex 34 43.7193 -99.2939
      vertex 34 42.3582 -98.3901
    endloop
  endfacet
  facet normal -1 0 0
    outer loop
      vertex 34 42.3984 -98.3361
      vertex 34 44.2988 -98.8065
      vertex 34 43.7193 -99.2939
    endloop
  endfacet
  facet normal -1 0 0
    outer loop
      vertex 34 43.7193 -99.2939
      vertex 34 44.2988 -98.8065
      vertex 34 44.313 -98.8167
    endloop
  endfacet
  facet normal -1 0 0
    outer loop
      vertex 34 42.3984 -98.3361
      vertex 34 42.6814 -97.6338
      vertex 34 44.2988 -98.8065
    endloop
  endfacet
  facet normal -1 -0 0
    outer loop
      vertex 34 49.8823 -99.5179
      vertex 34 49.54 -99.5931
      vertex 34 48.771 -94.3255
    endloop
  endfacet
  facet normal -1 0 0
    outer loop
      vertex 34 50.1546 -92.4446
      vertex 34 50.4464 -92.1319
      vertex 34 50.2989 -92.8472
    endloop
  endfacet
  facet normal -1 0 -0
    outer loop
      vertex 34 44.8345 -100.284
      vertex 34 46.3118 -100.706
      vertex 34 44.8296 -100.469
    endloop
  endfacet
  facet normal -1 -0 0
    outer loop
      vertex 34 44.929 -99.1131
      vertex 34 44.9033 -99.8699
      vertex 34 44.9123 -99.1083
    endloop
  endfacet
  facet normal -1 0 0
    outer loop
      vertex 34 44.9033 -99.8699
      vertex 34 44.884 -99.9344
      vertex 34 44.8978 -99.8858
    endloop
  endfacet
  facet normal -1 0 0
    outer loop
      vertex 34 49.229 -101.394
      vertex 34 49.1257 -101.66
      vertex 34 48.1089 -101.473
    endloop
  endfacet
  facet normal -1 -0 0
    outer loop
      vertex 34 46.38 -100.571
      vertex 34 46.3118 -100.706
      vertex 34 44.8345 -100.284
    endloop
  endfacet
  facet normal -1 -0 0
    outer loop
      vertex 34 46.2183 -100.866
      vertex 34 46.096 -101.047
      vertex 34 44.8296 -100.469
    endloop
  endfacet
  facet normal -1 0 0
    outer loop
      vertex 34 46.096 -101.047
      vertex 34 44.8624 -100.939
      vertex 34 44.8374 -100.688
    endloop
  endfacet
  facet normal -1 -0 0
    outer loop
      vertex 34 46.096 -101.047
      vertex 34 45.9421 -101.247
      vertex 34 44.8624 -100.939
    endloop
  endfacet
  facet normal -1 0 0
    outer loop
      vertex 34 44.8624 -100.939
      vertex 34 45.9421 -101.247
      vertex 34 44.9086 -101.221
    endloop
  endfacet
  facet normal -1 0 0
    outer loop
      vertex 34 44.9086 -101.221
      vertex 34 45.9421 -101.247
      vertex 34 45.7537 -101.463
    endloop
  endfacet
  facet normal -1 0 0
    outer loop
      vertex 34 45.5285 -101.69
      vertex 34 44.9086 -101.221
      vertex 34 45.7537 -101.463
    endloop
  endfacet
  facet normal -1 0 0
    outer loop
      vertex 34 46.096 -101.047
      vertex 34 44.8374 -100.688
      vertex 34 44.8296 -100.469
    endloop
  endfacet
  facet normal -1 0 0
    outer loop
      vertex 34 46.2183 -100.866
      vertex 34 44.8296 -100.469
      vertex 34 46.3118 -100.706
    endloop
  endfacet
  facet normal -1 0 0
    outer loop
      vertex 34 44.8481 -100.133
      vertex 34 44.866 -100.017
      vertex 34 46.38 -100.571
    endloop
  endfacet
  facet normal -1 0 0
    outer loop
      vertex 34 47.7817 -100.454
      vertex 34 47.7856 -100.522
      vertex 34 47.7819 -100.471
    endloop
  endfacet
  facet normal -1 0 0
    outer loop
      vertex 34 46.38 -100.571
      vertex 34 44.866 -100.017
      vertex 34 46.4263 -100.462
    endloop
  endfacet
  facet normal -1 0 0
    outer loop
      vertex 34 46.4263 -100.462
      vertex 34 44.866 -100.017
      vertex 34 44.884 -99.9344
    endloop
  endfacet
  facet normal -1 -0 0
    outer loop
      vertex 34 46.4545 -100.383
      vertex 34 46.4263 -100.462
      vertex 34 44.884 -99.9344
    endloop
  endfacet
  facet normal -1 -0 0
    outer loop
      vertex 34 46.4721 -100.318
      vertex 34 46.4545 -100.383
      vertex 34 44.884 -99.9344
    endloop
  endfacet
  facet normal -1 0 0
    outer loop
      vertex 34 46.4721 -100.318
      vertex 34 46.4684 -100.334
      vertex 34 46.4545 -100.383
    endloop
  endfacet
  facet normal -1 0 -0
    outer loop
      vertex 34 44.9033 -99.8699
      vertex 34 46.4721 -100.318
      vertex 34 44.884 -99.9344
    endloop
  endfacet
  facet normal -1 0 0
    outer loop
      vertex 34 44.9033 -99.8699
      vertex 34 46.85 -99.6619
      vertex 34 46.4721 -100.318
    endloop
  endfacet
  facet normal -1 0 0
    outer loop
      vertex 34 44.9033 -99.8699
      vertex 34 44.929 -99.1131
      vertex 34 46.85 -99.6619
    endloop
  endfacet
  facet normal -1 0 0
    outer loop
      vertex 34 52.044 -98.6086
      vertex 34 48.771 -94.3255
      vertex 34 49.4222 -93.995
    endloop
  endfacet
  facet normal -1 0 0
    outer loop
      vertex 34 46.4721 -100.318
      vertex 34 46.85 -99.6619
      vertex 34 46.8668 -99.6667
    endloop
  endfacet
  facet normal -1 0 0
    outer loop
      vertex 34 52.34 -98.4208
      vertex 34 49.4222 -93.995
      vertex 34 52.6246 -98.2161
    endloop
  endfacet
  facet normal -1 0 0
    outer loop
      vertex 34 47.8587 -100.867
      vertex 34 49.3912 -100.758
      vertex 34 47.9173 -101.043
    endloop
  endfacet
  facet normal -1 0 0
    outer loop
      vertex 34 49.1257 -101.66
      vertex 34 48.9916 -101.951
      vertex 34 48.4226 -101.991
    endloop
  endfacet
  facet normal -1 0 0
    outer loop
      vertex 34 47.7817 -100.454
      vertex 34 47.5297 -99.7357
      vertex 34 47.5471 -99.7345
    endloop
  endfacet
  facet normal -1 0 0
    outer loop
      vertex 34 50.7131 -100.081
      vertex 34 50.6924 -100.035
      vertex 34 50.6864 -100.019
    endloop
  endfacet
  facet normal -1 0 0
    outer loop
      vertex 34 49.409 -100.608
      vertex 34 49.3912 -100.758
      vertex 34 47.8587 -100.867
    endloop
  endfacet
  facet normal -1 0 0
    outer loop
      vertex 34 49.358 -100.94
      vertex 34 49.3052 -101.153
      vertex 34 47.9173 -101.043
    endloop
  endfacet
  facet normal -1 0 0
    outer loop
      vertex 34 49.3052 -101.153
      vertex 34 48.1089 -101.473
      vertex 34 47.9995 -101.245
    endloop
  endfacet
  facet normal -1 0 0
    outer loop
      vertex 34 49.3052 -101.153
      vertex 34 49.229 -101.394
      vertex 34 48.1089 -101.473
    endloop
  endfacet
  facet normal -1 0 0
    outer loop
      vertex 34 48.1089 -101.473
      vertex 34 49.1257 -101.66
      vertex 34 48.2489 -101.723
    endloop
  endfacet
  facet normal -1 0 0
    outer loop
      vertex 34 48.2489 -101.723
      vertex 34 49.1257 -101.66
      vertex 34 48.4226 -101.991
    endloop
  endfacet
  facet normal -1 0 0
    outer loop
      vertex 34 47.9995 -101.245
      vertex 34 47.9173 -101.043
      vertex 34 49.3052 -101.153
    endloop
  endfacet
  facet normal -1 0 0
    outer loop
      vertex 34 47.9173 -101.043
      vertex 34 49.3912 -100.758
      vertex 34 49.358 -100.94
    endloop
  endfacet
  facet normal -1 0 0
    outer loop
      vertex 34 47.8198 -100.721
      vertex 34 49.409 -100.608
      vertex 34 47.8587 -100.867
    endloop
  endfacet
  facet normal -1 0 0
    outer loop
      vertex 34 47.8198 -100.721
      vertex 34 47.7968 -100.605
      vertex 34 49.409 -100.608
    endloop
  endfacet
  facet normal -1 0 0
    outer loop
      vertex 34 53.3133 -98.6657
      vertex 34 53.2781 -98.6295
      vertex 34 53.2671 -98.6168
    endloop
  endfacet
  facet normal -1 0 0
    outer loop
      vertex 34 49.409 -100.608
      vertex 34 47.7968 -100.605
      vertex 34 49.4155 -100.49
    endloop
  endfacet
  facet normal -1 -0 0
    outer loop
      vertex 34 49.4155 -100.49
      vertex 34 47.7968 -100.605
      vertex 34 49.4148 -100.406
    endloop
  endfacet
  facet normal -1 0 0
    outer loop
      vertex 34 49.4148 -100.406
      vertex 34 47.7968 -100.605
      vertex 34 47.7856 -100.522
    endloop
  endfacet
  facet normal -1 0 0
    outer loop
      vertex 34 47.7817 -100.454
      vertex 34 49.4148 -100.406
      vertex 34 47.7856 -100.522
    endloop
  endfacet
  facet normal -1 0 0
    outer loop
      vertex 34 49.4092 -100.339
      vertex 34 49.4113 -100.356
      vertex 34 49.4148 -100.406
    endloop
  endfacet
  facet normal -1 0 0
    outer loop
      vertex 34 47.7817 -100.454
      vertex 34 49.4092 -100.339
      vertex 34 49.4148 -100.406
    endloop
  endfacet
  facet normal -1 0 0
    outer loop
      vertex 34 47.7817 -100.454
      vertex 34 47.5471 -99.7345
      vertex 34 49.4092 -100.339
    endloop
  endfacet
  facet normal -1 0 0
    outer loop
      vertex 34 49.4092 -100.339
      vertex 34 49.54 -99.5931
      vertex 34 49.5573 -99.5919
    endloop
  endfacet
  facet normal -1 0 0
    outer loop
      vertex 34 49.4092 -100.339
      vertex 34 47.5471 -99.7345
      vertex 34 49.54 -99.5931
    endloop
  endfacet
  facet normal -1 0 0
    outer loop
      vertex 34 50.2989 -92.8472
      vertex 34 49.947 -93.4871
      vertex 34 49.9278 -93.0599
    endloop
  endfacet
  facet normal -1 0 0
    outer loop
      vertex 34 54.2744 -96.5492
      vertex 34 49.947 -93.4871
      vertex 34 54.4718 -96.2595
    endloop
  endfacet
  facet normal -1 0 0
    outer loop
      vertex 34 50.8999 -100.381
      vertex 34 52.3028 -99.7543
      vertex 34 52.3339 -99.9368
    endloop
  endfacet
  facet normal -1 0 0
    outer loop
      vertex 34 51.5592 -101.051
      vertex 34 52.3351 -101.011
      vertex 34 51.8142 -101.244
    endloop
  endfacet
  facet normal -1 0 0
    outer loop
      vertex 34 50.6864 -100.019
      vertex 34 50.2038 -99.43
      vertex 34 50.2196 -99.423
    endloop
  endfacet
  facet normal -1 0 0
    outer loop
      vertex 34 52.3028 -99.7543
      vertex 34 50.8999 -100.381
      vertex 34 50.8133 -100.256
    endloop
  endfacet
  facet normal -1 0 0
    outer loop
      vertex 34 51.1617 -100.688
      vertex 34 51.0151 -100.526
      vertex 34 52.3339 -99.9368
    endloop
  endfacet
  facet normal -1 -0 0
    outer loop
      vertex 34 52.3677 -100.407
      vertex 34 51.1617 -100.688
      vertex 34 52.3569 -100.154
    endloop
  endfacet
  facet normal -1 0 0
    outer loop
      vertex 34 52.3677 -100.407
      vertex 34 51.3423 -100.864
      vertex 34 51.1617 -100.688
    endloop
  endfacet
  facet normal -1 0 0
    outer loop
      vertex 34 52.3677 -100.407
      vertex 34 51.5592 -101.051
      vertex 34 51.3423 -100.864
    endloop
  endfacet
  facet normal -1 0 0
    outer loop
      vertex 34 52.3677 -100.407
      vertex 34 52.3618 -100.693
      vertex 34 51.5592 -101.051
    endloop
  endfacet
  facet normal -1 0 0
    outer loop
      vertex 34 51.5592 -101.051
      vertex 34 52.3618 -100.693
      vertex 34 52.3351 -101.011
    endloop
  endfacet
  facet normal -1 0 0
    outer loop
      vertex 34 51.1617 -100.688
      vertex 34 52.3339 -99.9368
      vertex 34 52.3569 -100.154
    endloop
  endfacet
  facet normal -1 0 0
    outer loop
      vertex 34 51.0151 -100.526
      vertex 34 50.8999 -100.381
      vertex 34 52.3339 -99.9368
    endloop
  endfacet
  facet normal -1 0 0
    outer loop
      vertex 34 50.8133 -100.256
      vertex 34 52.2681 -99.6068
      vertex 34 52.3028 -99.7543
    endloop
  endfacet
  facet normal -1 0 0
    outer loop
      vertex 34 50.8133 -100.256
      vertex 34 52.2339 -99.4941
      vertex 34 52.2681 -99.6068
    endloop
  endfacet
  facet normal -1 0 0
    outer loop
      vertex 34 55.2727 -96.4465
      vertex 34 55.2273 -96.4245
      vertex 34 55.2126 -96.4163
    endloop
  endfacet
  facet normal -1 0 0
    outer loop
      vertex 34 50.8133 -100.256
      vertex 34 50.7522 -100.156
      vertex 34 52.2339 -99.4941
    endloop
  endfacet
  facet normal -1 0 0
    outer loop
      vertex 34 52.2339 -99.4941
      vertex 34 50.7522 -100.156
      vertex 34 50.7131 -100.081
    endloop
  endfacet
  facet normal -1 0 -0
    outer loop
      vertex 34 52.2046 -99.4152
      vertex 34 52.2339 -99.4941
      vertex 34 50.7131 -100.081
    endloop
  endfacet
  facet normal -1 0 -0
    outer loop
      vertex 34 52.1763 -99.3541
      vertex 34 52.2046 -99.4152
      vertex 34 50.7131 -100.081
    endloop
  endfacet
  facet normal -1 0 0
    outer loop
      vertex 34 52.1763 -99.3541
      vertex 34 52.184 -99.3691
      vertex 34 52.2046 -99.4152
    endloop
  endfacet
  facet normal -1 0 0
    outer loop
      vertex 34 50.6864 -100.019
      vertex 34 52.1763 -99.3541
      vertex 34 50.7131 -100.081
    endloop
  endfacet
  facet normal -1 0 0
    outer loop
      vertex 34 50.6864 -100.019
      vertex 34 52.044 -98.6086
      vertex 34 52.1763 -99.3541
    endloop
  endfacet
  facet normal -1 0 0
    outer loop
      vertex 34 50.6864 -100.019
      vertex 34 50.2196 -99.423
      vertex 34 52.044 -98.6086
    endloop
  endfacet
  facet normal -1 0 0
    outer loop
      vertex 34 52.1763 -99.3541
      vertex 34 52.044 -98.6086
      vertex 34 52.0599 -98.6014
    endloop
  endfacet
  facet normal -1 -0 0
    outer loop
      vertex 34 55.4519 -94.1289
      vertex 34 55.3458 -94.463
      vertex 34 50.2989 -92.8472
    endloop
  endfacet
  facet normal -1 0 0
    outer loop
      vertex 34 49.54 -99.5931
      vertex 34 48.0513 -94.4495
      vertex 34 48.771 -94.3255
    endloop
  endfacet
  facet normal -1 0 0
    outer loop
      vertex 34 50.4464 -92.1319
      vertex 34 50.1899 -91.7897
      vertex 34 50.3766 -91.405
    endloop
  endfacet
  facet normal -1 0 0
    outer loop
      vertex 34 53.5913 -98.8833
      vertex 34 54.6955 -97.815
      vertex 34 54.7871 -97.9759
    endloop
  endfacet
  facet normal -1 0 0
    outer loop
      vertex 34 53.9424 -99.0827
      vertex 34 54.7871 -97.9759
      vertex 34 54.8832 -98.1725
    endloop
  endfacet
  facet normal -1 0 0
    outer loop
      vertex 34 53.2671 -98.6168
      vertex 34 52.6121 -98.2282
      vertex 34 52.6246 -98.2161
    endloop
  endfacet
  facet normal -1 0 0
    outer loop
      vertex 34 54.6955 -97.815
      vertex 34 53.5913 -98.8833
      vertex 34 53.4675 -98.7961
    endloop
  endfacet
  facet normal -1 0 0
    outer loop
      vertex 34 53.9424 -99.0827
      vertex 34 53.7491 -98.9802
      vertex 34 54.7871 -97.9759
    endloop
  endfacet
  facet normal -1 -0 0
    outer loop
      vertex 34 54.9795 -98.4059
      vertex 34 53.9424 -99.0827
      vertex 34 54.8832 -98.1725
    endloop
  endfacet
  facet normal -1 0 0
    outer loop
      vertex 34 54.9795 -98.4059
      vertex 34 54.1725 -99.1867
      vertex 34 53.9424 -99.0827
    endloop
  endfacet
  facet normal -1 0 -0
    outer loop
      vertex 34 54.9795 -98.4059
      vertex 34 55.0718 -98.6767
      vertex 34 54.1725 -99.1867
    endloop
  endfacet
  facet normal -1 0 0
    outer loop
      vertex 34 54.1725 -99.1867
      vertex 34 55.0718 -98.6767
      vertex 34 54.4402 -99.2879
    endloop
  endfacet
  facet normal -1 0 0
    outer loop
      vertex 34 54.4402 -99.2879
      vertex 34 55.0718 -98.6767
      vertex 34 54.7458 -99.382
    endloop
  endfacet
  facet normal -1 0 0
    outer loop
      vertex 34 54.7458 -99.382
      vertex 34 55.0718 -98.6767
      vertex 34 55.1558 -98.9853
    endloop
  endfacet
  facet normal -1 0 0
    outer loop
      vertex 34 53.7491 -98.9802
      vertex 34 53.5913 -98.8833
      vertex 34 54.7871 -97.9759
    endloop
  endfacet
  facet normal -1 0 0
    outer loop
      vertex 34 53.4675 -98.7961
      vertex 34 54.6124 -97.6883
      vertex 34 54.6955 -97.815
    endloop
  endfacet
  facet normal -1 0 0
    outer loop
      vertex 34 53.4675 -98.7961
      vertex 34 54.5417 -97.594
      vertex 34 54.6124 -97.6883
    endloop
  endfacet
  facet normal -1 0 0
    outer loop
      vertex 34 56.3549 -93.6909
      vertex 34 56.3047 -93.6858
      vertex 34 56.288 -93.6831
    endloop
  endfacet
  facet normal -1 0 0
    outer loop
      vertex 34 53.4675 -98.7961
      vertex 34 53.3756 -98.7224
      vertex 34 54.5417 -97.594
    endloop
  endfacet
  facet normal -1 -0 0
    outer loop
      vertex 34 54.5417 -97.594
      vertex 34 53.3756 -98.7224
      vertex 34 54.4871 -97.53
    endloop
  endfacet
  facet normal -1 0 0
    outer loop
      vertex 34 54.4871 -97.53
      vertex 34 53.3756 -98.7224
      vertex 34 53.3133 -98.6657
    endloop
  endfacet
  facet normal -1 0 0
    outer loop
      vertex 34 53.2671 -98.6168
      vertex 34 54.4871 -97.53
      vertex 34 53.3133 -98.6657
    endloop
  endfacet
  facet normal -1 0 0
    outer loop
      vertex 34 54.4397 -97.4822
      vertex 34 54.4521 -97.4936
      vertex 34 54.4871 -97.53
    endloop
  endfacet
  facet normal -1 0 0
    outer loop
      vertex 34 53.2671 -98.6168
      vertex 34 54.4397 -97.4822
      vertex 34 54.4871 -97.53
    endloop
  endfacet
  facet normal -1 0 0
    outer loop
      vertex 34 53.2671 -98.6168
      vertex 34 52.6246 -98.2161
      vertex 34 54.4397 -97.4822
    endloop
  endfacet
  facet normal -1 -0 0
    outer loop
      vertex 34 54.4397 -97.4822
      vertex 34 52.6246 -98.2161
      vertex 34 54.0605 -96.8268
    endloop
  endfacet
  facet normal -1 0 -0
    outer loop
      vertex 34 55.7306 -91.4518
      vertex 34 55.7452 -91.802
      vertex 34 50.4464 -92.1319
    endloop
  endfacet
  facet normal -1 0 0
    outer loop
      vertex 34 54.4397 -97.4822
      vertex 34 54.0605 -96.8268
      vertex 34 54.0729 -96.8147
    endloop
  endfacet
  facet normal -1 0 0
    outer loop
      vertex 34 40.2548 -92.198
      vertex 34 40.4617 -90.2108
      vertex 34 45.6005 -91.5049
    endloop
  endfacet
  facet normal -1 0 0
    outer loop
      vertex 34 55.4621 -96.5163
      vertex 34 56.1591 -95.0837
      vertex 34 56.2805 -95.1743
    endloop
  endfacet
  facet normal -1 0 0
    outer loop
      vertex 34 55.7898 -96.5929
      vertex 34 55.6084 -96.5559
      vertex 34 56.4216 -95.2942
    endloop
  endfacet
  facet normal -1 0 0
    outer loop
      vertex 34 55.2126 -96.4163
      vertex 34 54.4641 -96.2752
      vertex 34 54.4718 -96.2595
    endloop
  endfacet
  facet normal -1 0 0
    outer loop
      vertex 34 56.2805 -95.1743
      vertex 34 55.6084 -96.5559
      vertex 34 55.4621 -96.5163
    endloop
  endfacet
  facet normal -1 0 0
    outer loop
      vertex 34 56.0065 -96.6231
      vertex 34 55.7898 -96.5929
      vertex 34 56.4216 -95.2942
    endloop
  endfacet
  facet normal -1 -0 0
    outer loop
      vertex 34 56.7495 -95.6324
      vertex 34 56.0065 -96.6231
      vertex 34 56.5792 -95.4461
    endloop
  endfacet
  facet normal -1 0 0
    outer loop
      vertex 34 56.7495 -95.6324
      vertex 34 56.2583 -96.6422
      vertex 34 56.0065 -96.6231
    endloop
  endfacet
  facet normal -1 0 -0
    outer loop
      vertex 34 56.7495 -95.6324
      vertex 34 56.9289 -95.8553
      vertex 34 56.2583 -96.6422
    endloop
  endfacet
  facet normal -1 0 0
    outer loop
      vertex 34 56.2583 -96.6422
      vertex 34 56.9289 -95.8553
      vertex 34 56.5444 -96.6457
    endloop
  endfacet
  facet normal -1 0 0
    outer loop
      vertex 34 56.5444 -96.6457
      vertex 34 56.9289 -95.8553
      vertex 34 57.1133 -96.1166
    endloop
  endfacet
  facet normal -1 -0 0
    outer loop
      vertex 34 56.8638 -96.6296
      vertex 34 56.5444 -96.6457
      vertex 34 57.1133 -96.1166
    endloop
  endfacet
  facet normal -1 -0 0
    outer loop
      vertex 34 56.5792 -95.4461
      vertex 34 56.0065 -96.6231
      vertex 34 56.4216 -95.2942
    endloop
  endfacet
  facet normal -1 -0 0
    outer loop
      vertex 34 56.4216 -95.2942
      vertex 34 55.6084 -96.5559
      vertex 34 56.2805 -95.1743
    endloop
  endfacet
  facet normal -1 0 0
    outer loop
      vertex 34 55.4621 -96.5163
      vertex 34 56.0605 -95.0193
      vertex 34 56.1591 -95.0837
    endloop
  endfacet
  facet normal -1 0 0
    outer loop
      vertex 34 56.4294 -90.7314
      vertex 34 56.3804 -90.7437
      vertex 34 56.3639 -90.7469
    endloop
  endfacet
  facet normal -1 0 0
    outer loop
      vertex 34 55.4621 -96.5163
      vertex 34 55.3506 -96.4784
      vertex 34 56.0605 -95.0193
    endloop
  endfacet
  facet normal -1 -0 0
    outer loop
      vertex 34 56.0605 -95.0193
      vertex 34 55.3506 -96.4784
      vertex 34 55.9873 -94.9778
    endloop
  endfacet
  facet normal -1 0 0
    outer loop
      vertex 34 55.9873 -94.9778
      vertex 34 55.3506 -96.4784
      vertex 34 55.2727 -96.4465
    endloop
  endfacet
  facet normal -1 0 0
    outer loop
      vertex 34 55.2126 -96.4163
      vertex 34 55.9873 -94.9778
      vertex 34 55.2727 -96.4465
    endloop
  endfacet
  facet normal -1 0 0
    outer loop
      vertex 34 55.9264 -94.9491
      vertex 34 55.9419 -94.9556
      vertex 34 55.9873 -94.9778
    endloop
  endfacet
  facet normal -1 0 0
    outer loop
      vertex 34 55.2126 -96.4163
      vertex 34 55.9264 -94.9491
      vertex 34 55.9873 -94.9778
    endloop
  endfacet
  facet normal -1 0 0
    outer loop
      vertex 34 55.2126 -96.4163
      vertex 34 54.4718 -96.2595
      vertex 34 55.9264 -94.9491
    endloop
  endfacet
  facet normal -1 -0 0
    outer loop
      vertex 34 55.9264 -94.9491
      vertex 34 54.4718 -96.2595
      vertex 34 55.3458 -94.463
    endloop
  endfacet
  facet normal -1 0 -0
    outer loop
      vertex 34 55.0769 -88.8408
      vertex 34 55.2104 -89.165
      vertex 34 50.0956 -90.7309
    endloop
  endfacet
  facet normal -1 0 0
    outer loop
      vertex 34 50.0956 -90.7309
      vertex 34 49.6909 -90.5926
      vertex 34 49.6285 -90.1695
    endloop
  endfacet
  facet normal -1 0 0
    outer loop
      vertex 34 55.9264 -94.9491
      vertex 34 55.3458 -94.463
      vertex 34 55.3534 -94.4473
    endloop
  endfacet
  facet normal -1 0 0
    outer loop
      vertex 34 45.8531 -90.8197
      vertex 34 41.5282 -87.7405
      vertex 34 41.7256 -87.4508
    endloop
  endfacet
  facet normal -1 0 0
    outer loop
      vertex 34 56.7077 -93.6789
      vertex 34 56.8668 -92.1508
      vertex 34 57.0404 -92.2152
    endloop
  endfacet
  facet normal -1 -0 0
    outer loop
      vertex 34 56.8909 -93.6517
      vertex 34 56.7077 -93.6789
      vertex 34 57.0404 -92.2152
    endloop
  endfacet
  facet normal -1 0 0
    outer loop
      vertex 34 56.288 -93.6831
      vertex 34 55.5365 -93.8065
      vertex 34 55.5383 -93.7892
    endloop
  endfacet
  facet normal -1 0 0
    outer loop
      vertex 34 56.8668 -92.1508
      vertex 34 56.7077 -93.6789
      vertex 34 56.5568 -93.6917
    endloop
  endfacet
  facet normal -1 -0 0
    outer loop
      vertex 34 57.1049 -93.6059
      vertex 34 56.8909 -93.6517
      vertex 34 57.0404 -92.2152
    endloop
  endfacet
  facet normal -1 -0 0
    outer loop
      vertex 34 57.3479 -93.5377
      vertex 34 57.1049 -93.6059
      vertex 34 57.2404 -92.304
    endloop
  endfacet
  facet normal -1 -0 0
    outer loop
      vertex 34 57.4642 -92.4208
      vertex 34 57.3479 -93.5377
      vertex 34 57.2404 -92.304
    endloop
  endfacet
  facet normal -1 0 -0
    outer loop
      vertex 34 57.4642 -92.4208
      vertex 34 57.709 -92.5689
      vertex 34 57.3479 -93.5377
    endloop
  endfacet
  facet normal -1 0 0
    outer loop
      vertex 34 57.3479 -93.5377
      vertex 34 57.709 -92.5689
      vertex 34 57.618 -93.4432
    endloop
  endfacet
  facet normal -1 0 0
    outer loop
      vertex 34 57.618 -93.4432
      vertex 34 57.709 -92.5689
      vertex 34 57.9126 -93.3188
    endloop
  endfacet
  facet normal -1 0 0
    outer loop
      vertex 34 57.9126 -93.3188
      vertex 34 57.709 -92.5689
      vertex 34 57.9717 -92.7514
    endloop
  endfacet
  facet normal -1 -0 0
    outer loop
      vertex 34 57.2404 -92.304
      vertex 34 57.1049 -93.6059
      vertex 34 57.0404 -92.2152
    endloop
  endfacet
  facet normal -1 0 0
    outer loop
      vertex 34 56.3639 -90.7469
      vertex 34 55.6999 -91.1199
      vertex 34 55.6956 -91.103
    endloop
  endfacet
  facet normal -1 0 0
    outer loop
      vertex 34 56.5568 -93.6917
      vertex 34 56.7218 -92.1071
      vertex 34 56.8668 -92.1508
    endloop
  endfacet
  facet normal -1 0 0
    outer loop
      vertex 34 56.5568 -93.6917
      vertex 34 56.607 -92.0804
      vertex 34 56.7218 -92.1071
    endloop
  endfacet
  facet normal -1 0 0
    outer loop
      vertex 34 49.6285 -90.1695
      vertex 34 53.8059 -86.8698
      vertex 34 50.0956 -90.7309
    endloop
  endfacet
  facet normal -1 -0 0
    outer loop
      vertex 34 56.5568 -93.6917
      vertex 34 56.439 -93.6943
      vertex 34 56.607 -92.0804
    endloop
  endfacet
  facet normal -1 0 0
    outer loop
      vertex 34 56.607 -92.0804
      vertex 34 56.439 -93.6943
      vertex 34 56.3549 -93.6909
    endloop
  endfacet
  facet normal -1 0 -0
    outer loop
      vertex 34 56.524 -92.0664
      vertex 34 56.607 -92.0804
      vertex 34 56.3549 -93.6909
    endloop
  endfacet
  facet normal -1 0 -0
    outer loop
      vertex 34 56.457 -92.0602
      vertex 34 56.524 -92.0664
      vertex 34 56.3549 -93.6909
    endloop
  endfacet
  facet normal -1 0 0
    outer loop
      vertex 34 56.457 -92.0602
      vertex 34 56.4738 -92.0611
      vertex 34 56.524 -92.0664
    endloop
  endfacet
  facet normal -1 0 0
    outer loop
      vertex 34 56.288 -93.6831
      vertex 34 56.457 -92.0602
      vertex 34 56.3549 -93.6909
    endloop
  endfacet
  facet normal -1 -0 0
    outer loop
      vertex 34 56.288 -93.6831
      vertex 34 55.5383 -93.7892
      vertex 34 56.457 -92.0602
    endloop
  endfacet
  facet normal -1 0 0
    outer loop
      vertex 34 56.457 -92.0602
      vertex 34 55.7452 -91.802
      vertex 34 55.747 -91.7847
    endloop
  endfacet
  facet normal -1 -0 0
    outer loop
      vertex 34 56.457 -92.0602
      vertex 34 55.5383 -93.7892
      vertex 34 55.7452 -91.802
    endloop
  endfacet
  facet normal -1 0 0
    outer loop
      vertex 34 49.0166 -89.7709
      vertex 34 51.7012 -85.1935
      vertex 34 49.6285 -90.1695
    endloop
  endfacet
  facet normal -1 -0 0
    outer loop
      vertex 34 53.5696 -86.6109
      vertex 34 49.6285 -90.1695
      vertex 34 53.3186 -86.3662
    endloop
  endfacet
  facet normal -1 0 0
    outer loop
      vertex 34 56.6194 -90.6631
      vertex 34 56.2324 -89.1177
      vertex 34 56.7568 -90.5994
    endloop
  endfacet
  facet normal -1 0 0
    outer loop
      vertex 34 56.9196 -90.5112
      vertex 34 56.3837 -89.1091
      vertex 34 56.5688 -89.1102
    endloop
  endfacet
  facet normal -1 0 0
    outer loop
      vertex 34 55.4871 -87.9249
      vertex 34 55.4453 -87.9532
      vertex 34 55.4309 -87.9619
    endloop
  endfacet
  facet normal -1 0 -0
    outer loop
      vertex 34 56.3837 -89.1091
      vertex 34 56.7568 -90.5994
      vertex 34 56.2324 -89.1177
    endloop
  endfacet
  facet normal -1 -0 0
    outer loop
      vertex 34 57.105 -90.395
      vertex 34 56.9196 -90.5112
      vertex 34 56.5688 -89.1102
    endloop
  endfacet
  facet normal -1 -0 0
    outer loop
      vertex 34 57.3101 -90.2478
      vertex 34 57.105 -90.395
      vertex 34 56.7871 -89.1253
    endloop
  endfacet
  facet normal -1 -0 -0
    outer loop
      vertex 34 57.0374 -89.1585
      vertex 34 57.3101 -90.2478
      vertex 34 56.7871 -89.1253
    endloop
  endfacet
  facet normal -1 0 0
    outer loop
      vertex 34 57.0374 -89.1585
      vertex 34 57.5316 -90.0666
      vertex 34 57.3101 -90.2478
    endloop
  endfacet
  facet normal -1 0 0
    outer loop
      vertex 34 57.0374 -89.1585
      vertex 34 57.3181 -89.2139
      vertex 34 57.5316 -90.0666
    endloop
  endfacet
  facet normal -1 0 0
    outer loop
      vertex 34 57.5316 -90.0666
      vertex 34 57.3181 -89.2139
      vertex 34 57.7659 -89.8489
    endloop
  endfacet
  facet normal -1 0 0
    outer loop
      vertex 34 57.7659 -89.8489
      vertex 34 57.3181 -89.2139
      vertex 34 57.6273 -89.2955
    endloop
  endfacet
  facet normal -1 -0 -0
    outer loop
      vertex 34 56.7871 -89.1253
      vertex 34 57.105 -90.395
      vertex 34 56.5688 -89.1102
    endloop
  endfacet
  facet normal -1 0 0
    outer loop
      vertex 34 49.6285 -90.1695
      vertex 34 51.7012 -85.1935
      vertex 34 53.3186 -86.3662
    endloop
  endfacet
  facet normal -1 -0 0
    outer loop
      vertex 34 56.9196 -90.5112
      vertex 34 56.7568 -90.5994
      vertex 34 56.3837 -89.1091
    endloop
  endfacet
  facet normal -1 0 0
    outer loop
      vertex 34 54.9345 -88.5395
      vertex 34 54.9247 -88.5251
      vertex 34 55.4309 -87.9619
    endloop
  endfacet
  facet normal -1 0 0
    outer loop
      vertex 34 56.6194 -90.6631
      vertex 34 56.1154 -89.1317
      vertex 34 56.2324 -89.1177
    endloop
  endfacet
  facet normal -1 -0 0
    outer loop
      vertex 34 56.6194 -90.6631
      vertex 34 56.5096 -90.7058
      vertex 34 56.1154 -89.1317
    endloop
  endfacet
  facet normal -1 0 -0
    outer loop
      vertex 34 56.1154 -89.1317
      vertex 34 56.5096 -90.7058
      vertex 34 56.0327 -89.147
    endloop
  endfacet
  facet normal -1 0 0
    outer loop
      vertex 34 56.0327 -89.147
      vertex 34 56.5096 -90.7058
      vertex 34 56.4294 -90.7314
    endloop
  endfacet
  facet normal -1 0 0
    outer loop
      vertex 34 55.9676 -89.1641
      vertex 34 56.0327 -89.147
      vertex 34 56.4294 -90.7314
    endloop
  endfacet
  facet normal -1 0 0
    outer loop
      vertex 34 55.9676 -89.1641
      vertex 34 55.9837 -89.1592
      vertex 34 56.0327 -89.147
    endloop
  endfacet
  facet normal -1 0 0
    outer loop
      vertex 34 56.3639 -90.7469
      vertex 34 55.9676 -89.1641
      vertex 34 56.4294 -90.7314
    endloop
  endfacet
  facet normal -1 0 0
    outer loop
      vertex 34 56.3639 -90.7469
      vertex 34 55.2104 -89.165
      vertex 34 55.9676 -89.1641
    endloop
  endfacet
  facet normal -1 -0 0
    outer loop
      vertex 34 56.3639 -90.7469
      vertex 34 55.6956 -91.103
      vertex 34 55.2104 -89.165
    endloop
  endfacet
  facet normal -1 0 0
    outer loop
      vertex 34 49.6285 -90.1695
      vertex 34 53.5696 -86.6109
      vertex 34 53.8059 -86.8698
    endloop
  endfacet
  facet normal -1 -0 0
    outer loop
      vertex 34 55.9676 -89.1641
      vertex 34 55.2104 -89.165
      vertex 34 55.2062 -89.148
    endloop
  endfacet
  facet normal -1 -0 0
    outer loop
      vertex 34 54.9247 -88.5251
      vertex 34 50.0956 -90.7309
      vertex 34 53.8059 -86.8698
    endloop
  endfacet
  facet normal -1 0 0
    outer loop
      vertex 34 49.0166 -89.7709
      vertex 34 51.3905 -85.031
      vertex 34 51.7012 -85.1935
    endloop
  endfacet
  facet normal -1 0 0
    outer loop
      vertex 34 55.8725 -87.5503
      vertex 34 54.8893 -86.416
      vertex 34 55.0637 -86.3538
    endloop
  endfacet
  facet normal -1 0 -0
    outer loop
      vertex 34 54.8893 -86.416
      vertex 34 55.7497 -87.6889
      vertex 34 54.7501 -86.4759
    endloop
  endfacet
  facet normal -1 0 -0
    outer loop
      vertex 34 55.274 -86.2933
      vertex 34 55.8725 -87.5503
      vertex 34 55.0637 -86.3538
    endloop
  endfacet
  facet normal -1 0 -0
    outer loop
      vertex 34 55.5205 -86.2389
      vertex 34 56.007 -87.3777
      vertex 34 55.274 -86.2933
    endloop
  endfacet
  facet normal -1 0 0
    outer loop
      vertex 34 55.5205 -86.2389
      vertex 34 56.1494 -87.1692
      vertex 34 56.007 -87.3777
    endloop
  endfacet
  facet normal -1 0 0
    outer loop
      vertex 34 55.5205 -86.2389
      vertex 34 56.2955 -86.9232
      vertex 34 56.1494 -87.1692
    endloop
  endfacet
  facet normal -1 0 0
    outer loop
      vertex 34 55.5205 -86.2389
      vertex 34 55.8033 -86.195
      vertex 34 56.2955 -86.9232
    endloop
  endfacet
  facet normal -1 0 0
    outer loop
      vertex 34 56.2955 -86.9232
      vertex 34 55.8033 -86.195
      vertex 34 56.1218 -86.1659
    endloop
  endfacet
  facet normal -1 -0 0
    outer loop
      vertex 34 56.4412 -86.6385
      vertex 34 56.2955 -86.9232
      vertex 34 56.1218 -86.1659
    endloop
  endfacet
  facet normal -1 0 0
    outer loop
      vertex 34 55.274 -86.2933
      vertex 34 56.007 -87.3777
      vertex 34 55.8725 -87.5503
    endloop
  endfacet
  facet normal -1 -0 0
    outer loop
      vertex 34 51.3905 -85.031
      vertex 34 49.0166 -89.7709
      vertex 34 51.071 -84.8869
    endloop
  endfacet
  facet normal -1 0 0
    outer loop
      vertex 34 54.8893 -86.416
      vertex 34 55.8725 -87.5503
      vertex 34 55.7497 -87.6889
    endloop
  endfacet
  facet normal -1 0 0
    outer loop
      vertex 34 53.6016 -85.6639
      vertex 34 53.6418 -85.6099
      vertex 34 53.6122 -85.6508
    endloop
  endfacet
  facet normal -1 0 0
    outer loop
      vertex 34 54.7501 -86.4759
      vertex 34 55.7497 -87.6889
      vertex 34 55.6423 -87.7957
    endloop
  endfacet
  facet normal -1 0 -0
    outer loop
      vertex 34 52.7066 -84.2784
      vertex 34 53.8758 -85.1261
      vertex 34 52.564 -84.3965
    endloop
  endfacet
  facet normal -1 0 0
    outer loop
      vertex 34 55.5537 -87.8734
      vertex 34 54.7501 -86.4759
      vertex 34 55.6423 -87.7957
    endloop
  endfacet
  facet normal -1 0 0
    outer loop
      vertex 34 55.5537 -87.8734
      vertex 34 54.645 -86.5291
      vertex 34 54.7501 -86.4759
    endloop
  endfacet
  facet normal -1 0 0
    outer loop
      vertex 34 55.5537 -87.8734
      vertex 34 54.5725 -86.5717
      vertex 34 54.645 -86.5291
    endloop
  endfacet
  facet normal -1 -0 0
    outer loop
      vertex 34 55.5537 -87.8734
      vertex 34 55.4871 -87.9249
      vertex 34 54.5725 -86.5717
    endloop
  endfacet
  facet normal -1 0 0
    outer loop
      vertex 34 54.5725 -86.5717
      vertex 34 55.4871 -87.9249
      vertex 34 55.4309 -87.9619
    endloop
  endfacet
  facet normal -1 0 0
    outer loop
      vertex 34 48.3144 -89.5703
      vertex 34 51.071 -84.8869
      vertex 34 49.0166 -89.7709
    endloop
  endfacet
  facet normal -1 0 -0
    outer loop
      vertex 34 54.5306 -86.5999
      vertex 34 54.5725 -86.5717
      vertex 34 54.5171 -86.6101
    endloop
  endfacet
  facet normal -1 0 0
    outer loop
      vertex 34 54.5171 -86.6101
      vertex 34 54.5725 -86.5717
      vertex 34 55.4309 -87.9619
    endloop
  endfacet
  facet normal -1 0 0
    outer loop
      vertex 34 53.8059 -86.8698
      vertex 34 54.5171 -86.6101
      vertex 34 55.4309 -87.9619
    endloop
  endfacet
  facet normal -1 0 0
    outer loop
      vertex 34 54.9247 -88.5251
      vertex 34 53.8059 -86.8698
      vertex 34 55.4309 -87.9619
    endloop
  endfacet
  facet normal -1 0 0
    outer loop
      vertex 34 53.8059 -86.8698
      vertex 34 53.7961 -86.8554
      vertex 34 54.5171 -86.6101
    endloop
  endfacet
  facet normal -1 0 0
    outer loop
      vertex 34 53.3186 -86.3662
      vertex 34 53.6016 -85.6639
      vertex 34 53.3327 -86.3764
    endloop
  endfacet
  facet normal -1 0 0
    outer loop
      vertex 34 52.4537 -84.5003
      vertex 34 52.564 -84.3965
      vertex 34 53.8078 -85.2983
    endloop
  endfacet
  facet normal -1 0 0
    outer loop
      vertex 34 52.7066 -84.2784
      vertex 34 52.8835 -84.1496
      vertex 34 53.8758 -85.1261
    endloop
  endfacet
  facet normal -1 -0 0
    outer loop
      vertex 34 54.0057 -84.6733
      vertex 34 53.9432 -84.9179
      vertex 34 52.8835 -84.1496
    endloop
  endfacet
  facet normal -1 0 -0
    outer loop
      vertex 34 53.0965 -84.0142
      vertex 34 54.0057 -84.6733
      vertex 34 52.8835 -84.1496
    endloop
  endfacet
  facet normal -1 0 0
    outer loop
      vertex 34 53.0965 -84.0142
      vertex 34 54.0589 -84.3922
      vertex 34 54.0057 -84.6733
    endloop
  endfacet
  facet normal -1 0 0
    outer loop
      vertex 34 53.0965 -84.0142
      vertex 34 53.3472 -83.8762
      vertex 34 54.0589 -84.3922
    endloop
  endfacet
  facet normal -1 0 0
    outer loop
      vertex 34 54.0589 -84.3922
      vertex 34 53.3472 -83.8762
      vertex 34 54.0984 -84.0748
    endloop
  endfacet
  facet normal -1 0 0
    outer loop
      vertex 34 54.0984 -84.0748
      vertex 34 53.3472 -83.8762
      vertex 34 53.6366 -83.7399
    endloop
  endfacet
  facet normal -1 0 0
    outer loop
      vertex 34 52.8835 -84.1496
      vertex 34 53.9432 -84.9179
      vertex 34 53.8758 -85.1261
    endloop
  endfacet
  facet normal -1 0 -0
    outer loop
      vertex 34 48.8025 -84.2917
      vertex 34 49.15 -84.3381
      vertex 34 48.3144 -89.5703
    endloop
  endfacet
  facet normal -1 -0 0
    outer loop
      vertex 34 53.8758 -85.1261
      vertex 34 53.8078 -85.2983
      vertex 34 52.564 -84.3965
    endloop
  endfacet
  facet normal -1 -0 0
    outer loop
      vertex 34 53.8078 -85.2983
      vertex 34 53.7435 -85.4355
      vertex 34 52.4537 -84.5003
    endloop
  endfacet
  facet normal -1 0 0
    outer loop
      vertex 34 52.4537 -84.5003
      vertex 34 53.7435 -85.4355
      vertex 34 53.6868 -85.5388
    endloop
  endfacet
  facet normal -1 0 0
    outer loop
      vertex 34 52.3731 -84.5863
      vertex 34 52.4537 -84.5003
      vertex 34 53.6868 -85.5388
    endloop
  endfacet
  facet normal -1 0 0
    outer loop
      vertex 34 53.6418 -85.6099
      vertex 34 52.3731 -84.5863
      vertex 34 53.6868 -85.5388
    endloop
  endfacet
  facet normal -1 0 0
    outer loop
      vertex 34 53.6418 -85.6099
      vertex 34 52.3195 -84.6511
      vertex 34 52.3731 -84.5863
    endloop
  endfacet
  facet normal -1 0 0
    outer loop
      vertex 34 53.6418 -85.6099
      vertex 34 52.2807 -84.7061
      vertex 34 52.3195 -84.6511
    endloop
  endfacet
  facet normal -1 0 0
    outer loop
      vertex 34 52.3195 -84.6511
      vertex 34 52.2807 -84.7061
      vertex 34 52.2898 -84.692
    endloop
  endfacet
  facet normal -1 -0 0
    outer loop
      vertex 34 53.6418 -85.6099
      vertex 34 53.6016 -85.6639
      vertex 34 52.2807 -84.7061
    endloop
  endfacet
  facet normal -1 0 -0
    outer loop
      vertex 34 52.2807 -84.7061
      vertex 34 53.6016 -85.6639
      vertex 34 51.7012 -85.1935
    endloop
  endfacet
  facet normal -1 0 0
    outer loop
      vertex 34 51.687 -85.1833
      vertex 34 52.2807 -84.7061
      vertex 34 51.7012 -85.1935
    endloop
  endfacet
  facet normal -1 0 0
    outer loop
      vertex 34 46.891 -89.8154
      vertex 34 43.3754 -85.7839
      vertex 34 43.66 -85.5792
    endloop
  endfacet
  facet normal -1 0 0
    outer loop
      vertex 34 51.7012 -85.1935
      vertex 34 53.6016 -85.6639
      vertex 34 53.3186 -86.3662
    endloop
  endfacet
  facet normal -1 0 0
    outer loop
      vertex 34 47.9539 -89.8005
      vertex 34 47.5842 -89.5855
      vertex 34 48.3144 -89.5703
    endloop
  endfacet
  facet normal -1 0 -0
    outer loop
      vertex 34 48.4529 -84.2655
      vertex 34 48.8025 -84.2917
      vertex 34 48.3144 -89.5703
    endloop
  endfacet
  facet normal -1 0 0
    outer loop
      vertex 34 51.1704 -83.531
      vertex 34 49.6882 -83.2941
      vertex 34 49.7817 -83.1343
    endloop
  endfacet
  facet normal -1 0 0
    outer loop
      vertex 34 51.0967 -84.1301
      vertex 34 51.0877 -84.8917
      vertex 34 51.071 -84.8869
    endloop
  endfacet
  facet normal -1 0 0
    outer loop
      vertex 34 51.116 -84.0656
      vertex 34 51.1022 -84.1142
      vertex 34 51.0967 -84.1301
    endloop
  endfacet
  facet normal -1 0 -0
    outer loop
      vertex 34 49.6882 -83.2941
      vertex 34 51.1655 -83.7161
      vertex 34 49.62 -83.4294
    endloop
  endfacet
  facet normal -1 0 -0
    outer loop
      vertex 34 49.904 -82.9528
      vertex 34 51.1704 -83.531
      vertex 34 49.7817 -83.1343
    endloop
  endfacet
  facet normal -1 -0 -0
    outer loop
      vertex 34 51.1376 -83.0611
      vertex 34 51.1626 -83.3123
      vertex 34 49.904 -82.9528
    endloop
  endfacet
  facet normal -1 0 -0
    outer loop
      vertex 34 50.0579 -82.7526
      vertex 34 51.1376 -83.0611
      vertex 34 49.904 -82.9528
    endloop
  endfacet
  facet normal -1 0 0
    outer loop
      vertex 34 50.0579 -82.7526
      vertex 34 51.0914 -82.7787
      vertex 34 51.1376 -83.0611
    endloop
  endfacet
  facet normal -1 0 0
    outer loop
      vertex 34 50.0579 -82.7526
      vertex 34 50.2463 -82.5373
      vertex 34 51.0914 -82.7787
    endloop
  endfacet
  facet normal -1 0 0
    outer loop
      vertex 34 51.0914 -82.7787
      vertex 34 50.2463 -82.5373
      vertex 34 50.4715 -82.3103
    endloop
  endfacet
  facet normal -1 0 0
    outer loop
      vertex 34 49.904 -82.9528
      vertex 34 51.1626 -83.3123
      vertex 34 51.1704 -83.531
    endloop
  endfacet
  facet normal -1 0 0
    outer loop
      vertex 34 50.4715 -82.3103
      vertex 34 51.0201 -82.467
      vertex 34 51.0914 -82.7787
    endloop
  endfacet
  facet normal -1 0 0
    outer loop
      vertex 34 47.5842 -89.5855
      vertex 34 48.4529 -84.2655
      vertex 34 48.3144 -89.5703
    endloop
  endfacet
  facet normal -1 0 0
    outer loop
      vertex 34 49.62 -83.4294
      vertex 34 51.1655 -83.7161
      vertex 34 51.1519 -83.867
    endloop
  endfacet
  facet normal -1 0 0
    outer loop
      vertex 34 51.134 -83.9834
      vertex 34 49.62 -83.4294
      vertex 34 51.1519 -83.867
    endloop
  endfacet
  facet normal -1 0 0
    outer loop
      vertex 34 51.134 -83.9834
      vertex 34 49.5737 -83.5377
      vertex 34 49.62 -83.4294
    endloop
  endfacet
  facet normal -1 -0 0
    outer loop
      vertex 34 51.134 -83.9834
      vertex 34 51.116 -84.0656
      vertex 34 49.5737 -83.5377
    endloop
  endfacet
  facet normal -1 0 -0
    outer loop
      vertex 34 49.5737 -83.5377
      vertex 34 51.116 -84.0656
      vertex 34 49.5455 -83.617
    endloop
  endfacet
  facet normal -1 0 -0
    outer loop
      vertex 34 49.5455 -83.617
      vertex 34 51.116 -84.0656
      vertex 34 49.5279 -83.6819
    endloop
  endfacet
  facet normal -1 0 -0
    outer loop
      vertex 34 49.5316 -83.6655
      vertex 34 49.5455 -83.617
      vertex 34 49.5279 -83.6819
    endloop
  endfacet
  facet normal -1 0 0
    outer loop
      vertex 34 49.5279 -83.6819
      vertex 34 51.116 -84.0656
      vertex 34 51.0967 -84.1301
    endloop
  endfacet
  facet normal -1 0 0
    outer loop
      vertex 34 49.15 -84.3381
      vertex 34 49.5279 -83.6819
      vertex 34 51.0967 -84.1301
    endloop
  endfacet
  facet normal -1 0 0
    outer loop
      vertex 34 51.071 -84.8869
      vertex 34 49.15 -84.3381
      vertex 34 51.0967 -84.1301
    endloop
  endfacet
  facet normal -1 0 0
    outer loop
      vertex 34 49.15 -84.3381
      vertex 34 49.1332 -84.3333
      vertex 34 49.5279 -83.6819
    endloop
  endfacet
  facet normal -1 0 0
    outer loop
      vertex 34 47.5842 -89.5855
      vertex 34 46.46 -84.4069
      vertex 34 48.4529 -84.2655
    endloop
  endfacet
  facet normal -1 -0 0
    outer loop
      vertex 34 48.1802 -83.2794
      vertex 34 46.591 -83.3921
      vertex 34 48.1413 -83.133
    endloop
  endfacet
  facet normal -1 0 0
    outer loop
      vertex 34 47.5842 -89.5855
      vertex 34 46.1177 -84.4821
      vertex 34 46.46 -84.4069
    endloop
  endfacet
  facet normal -1 0 0
    outer loop
      vertex 34 48.4529 -84.2655
      vertex 34 48.2183 -83.5456
      vertex 34 48.4703 -84.2643
    endloop
  endfacet
  facet normal -1 -0 -0
    outer loop
      vertex 34 48.2181 -83.5288
      vertex 34 48.2183 -83.5456
      vertex 34 48.2144 -83.4784
    endloop
  endfacet
  facet normal -1 0 0
    outer loop
      vertex 34 48.1413 -83.133
      vertex 34 46.591 -83.3921
      vertex 34 46.6088 -83.2417
    endloop
  endfacet
  facet normal -1 -0 0
    outer loop
      vertex 34 48.0827 -82.9574
      vertex 34 46.642 -83.0595
      vertex 34 46.6948 -82.8472
    endloop
  endfacet
  facet normal -1 -0 0
    outer loop
      vertex 34 48.0005 -82.7546
      vertex 34 46.6948 -82.8472
      vertex 34 47.8911 -82.5271
    endloop
  endfacet
  facet normal -1 0 -0
    outer loop
      vertex 34 48.0005 -82.7546
      vertex 34 48.0827 -82.9574
      vertex 34 46.6948 -82.8472
    endloop
  endfacet
  facet normal -1 0 -0
    outer loop
      vertex 34 46.771 -82.6065
      vertex 34 47.8911 -82.5271
      vertex 34 46.6948 -82.8472
    endloop
  endfacet
  facet normal -1 0 0
    outer loop
      vertex 34 46.771 -82.6065
      vertex 34 46.8743 -82.3397
      vertex 34 47.8911 -82.5271
    endloop
  endfacet
  facet normal -1 0 0
    outer loop
      vertex 34 47.8911 -82.5271
      vertex 34 46.8743 -82.3397
      vertex 34 47.7511 -82.2775
    endloop
  endfacet
  facet normal -1 0 -0
    outer loop
      vertex 34 47.5774 -82.0089
      vertex 34 47.7511 -82.2775
      vertex 34 46.8743 -82.3397
    endloop
  endfacet
  facet normal -1 0 -0
    outer loop
      vertex 34 47.0084 -82.0493
      vertex 34 47.5774 -82.0089
      vertex 34 46.8743 -82.3397
    endloop
  endfacet
  facet normal -1 -0 0
    outer loop
      vertex 34 45.2478 -83.8445
      vertex 34 43.7661 -84.5059
      vertex 34 45.1867 -83.7437
    endloop
  endfacet
  facet normal -1 0 -0
    outer loop
      vertex 34 46.642 -83.0595
      vertex 34 48.0827 -82.9574
      vertex 34 46.6088 -83.2417
    endloop
  endfacet
  facet normal -1 0 0
    outer loop
      vertex 34 46.6088 -83.2417
      vertex 34 48.0827 -82.9574
      vertex 34 48.1413 -83.133
    endloop
  endfacet
  facet normal -1 0 0
    outer loop
      vertex 34 48.2032 -83.395
      vertex 34 46.591 -83.3921
      vertex 34 48.1802 -83.2794
    endloop
  endfacet
  facet normal -1 0 -0
    outer loop
      vertex 34 44.4408 -82.9489
      vertex 34 44.6577 -83.1356
      vertex 34 43.6323 -83.5933
    endloop
  endfacet
  facet normal -1 -0 0
    outer loop
      vertex 34 48.2032 -83.395
      vertex 34 46.5845 -83.5098
      vertex 34 46.591 -83.3921
    endloop
  endfacet
  facet normal -1 -0 0
    outer loop
      vertex 34 44.9849 -83.4744
      vertex 34 43.6661 -84.0632
      vertex 34 44.8383 -83.312
    endloop
  endfacet
  facet normal -1 0 0
    outer loop
      vertex 34 48.2032 -83.395
      vertex 34 46.5852 -83.5939
      vertex 34 46.5845 -83.5098
    endloop
  endfacet
  facet normal -1 0 0
    outer loop
      vertex 34 43.6972 -84.2457
      vertex 34 45.1001 -83.6194
      vertex 34 45.1867 -83.7437
    endloop
  endfacet
  facet normal -1 0 -0
    outer loop
      vertex 34 48.2032 -83.395
      vertex 34 48.2144 -83.4784
      vertex 34 46.5852 -83.5939
    endloop
  endfacet
  facet normal -1 0 0
    outer loop
      vertex 34 46.5852 -83.5939
      vertex 34 48.2144 -83.4784
      vertex 34 48.2183 -83.5456
    endloop
  endfacet
  facet normal -1 0 0
    outer loop
      vertex 34 46.5887 -83.6443
      vertex 34 46.5852 -83.5939
      vertex 34 46.5908 -83.661
    endloop
  endfacet
  facet normal -1 0 0
    outer loop
      vertex 34 45.7804 -84.577
      vertex 34 45.3136 -83.9808
      vertex 34 45.7962 -84.57
    endloop
  endfacet
  facet normal -1 0 0
    outer loop
      vertex 34 46.5908 -83.661
      vertex 34 46.5852 -83.5939
      vertex 34 48.2183 -83.5456
    endloop
  endfacet
  facet normal -1 0 0
    outer loop
      vertex 34 48.4529 -84.2655
      vertex 34 46.5908 -83.661
      vertex 34 48.2183 -83.5456
    endloop
  endfacet
  facet normal -1 -0 0
    outer loop
      vertex 34 46.46 -84.4069
      vertex 34 46.4427 -84.4081
      vertex 34 46.5908 -83.661
    endloop
  endfacet
  facet normal -1 -0 0
    outer loop
      vertex 34 48.4529 -84.2655
      vertex 34 46.46 -84.4069
      vertex 34 46.5908 -83.661
    endloop
  endfacet
  facet normal -1 0 -0
    outer loop
      vertex 34 46.1177 -84.4821
      vertex 34 47.5842 -89.5855
      vertex 34 45.7804 -84.577
    endloop
  endfacet
  facet normal -1 0 -0
    outer loop
      vertex 34 45.3136 -83.9808
      vertex 34 45.7804 -84.577
      vertex 34 43.956 -85.3914
    endloop
  endfacet
  facet normal -1 0 -0
    outer loop
      vertex 34 45.7804 -84.577
      vertex 34 46.891 -89.8154
      vertex 34 43.956 -85.3914
    endloop
  endfacet
  facet normal -1 0 0
    outer loop
      vertex 34 45.1867 -83.7437
      vertex 34 43.7319 -84.3932
      vertex 34 43.6972 -84.2457
    endloop
  endfacet
  facet normal -1 0 0
    outer loop
      vertex 34 43.6972 -84.2457
      vertex 34 43.6661 -84.0632
      vertex 34 45.1001 -83.6194
    endloop
  endfacet
  facet normal -1 -0 0
    outer loop
      vertex 34 45.1001 -83.6194
      vertex 34 43.6661 -84.0632
      vertex 34 44.9849 -83.4744
    endloop
  endfacet
  facet normal -1 0 0
    outer loop
      vertex 34 44.8383 -83.312
      vertex 34 43.6661 -84.0632
      vertex 34 43.6431 -83.8456
    endloop
  endfacet
  facet normal -1 0 -0
    outer loop
      vertex 34 44.6577 -83.1356
      vertex 34 44.8383 -83.312
      vertex 34 43.6323 -83.5933
    endloop
  endfacet
  facet normal -1 0 -0
    outer loop
      vertex 34 43.6382 -83.3072
      vertex 34 44.4408 -82.9489
      vertex 34 43.6323 -83.5933
    endloop
  endfacet
  facet normal -1 0 -0
    outer loop
      vertex 34 44.1858 -82.756
      vertex 34 44.4408 -82.9489
      vertex 34 43.6649 -82.9885
    endloop
  endfacet
  facet normal -1 -0 0
    outer loop
      vertex 34 51.071 -84.8869
      vertex 34 48.3144 -89.5703
      vertex 34 49.15 -84.3381
    endloop
  endfacet
  facet normal -1 0 -0
    outer loop
      vertex 34 50.0956 -90.7309
      vertex 34 50.3766 -91.405
      vertex 34 50.0306 -91.1536
    endloop
  endfacet
  facet normal -1 0 0
    outer loop
      vertex 34 55.2104 -89.165
      vertex 34 50.3766 -91.405
      vertex 34 50.0956 -90.7309
    endloop
  endfacet
  facet normal -1 0 0
    outer loop
      vertex 34 48.6043 -89.8846
      vertex 34 48.3144 -89.5703
      vertex 34 49.0166 -89.7709
    endloop
  endfacet
  facet normal -1 0 0
    outer loop
      vertex 34 46.2964 -90.2393
      vertex 34 46.2516 -90.6646
      vertex 34 45.8531 -90.8197
    endloop
  endfacet
  facet normal -1 0 -0
    outer loop
      vertex 34 55.6956 -91.103
      vertex 34 55.7306 -91.4518
      vertex 34 50.4464 -92.1319
    endloop
  endfacet
  facet normal -1 0 0
    outer loop
      vertex 34 49.0166 -89.7709
      vertex 34 49.6285 -90.1695
      vertex 34 49.201 -90.1568
    endloop
  endfacet
  facet normal -1 -0 0
    outer loop
      vertex 34 55.5383 -93.7892
      vertex 34 55.4519 -94.1289
      vertex 34 50.2989 -92.8472
    endloop
  endfacet
  facet normal -1 -0 0
    outer loop
      vertex 34 55.0769 -88.8408
      vertex 34 50.0956 -90.7309
      vertex 34 54.9247 -88.5251
    endloop
  endfacet
  facet normal -1 0 0
    outer loop
      vertex 34 55.6956 -91.103
      vertex 34 50.4464 -92.1319
      vertex 34 50.3766 -91.405
    endloop
  endfacet
  facet normal -1 -0 0
    outer loop
      vertex 34 55.6956 -91.103
      vertex 34 50.3766 -91.405
      vertex 34 55.2104 -89.165
    endloop
  endfacet
  facet normal -1 -0 0
    outer loop
      vertex 34 54.0605 -96.8268
      vertex 34 52.6246 -98.2161
      vertex 34 49.4222 -93.995
    endloop
  endfacet
  facet normal -1 0 0
    outer loop
      vertex 34 55.5383 -93.7892
      vertex 34 50.2989 -92.8472
      vertex 34 50.4464 -92.1319
    endloop
  endfacet
  facet normal -1 0 0
    outer loop
      vertex 34 55.5383 -93.7892
      vertex 34 50.4464 -92.1319
      vertex 34 55.7452 -91.802
    endloop
  endfacet
  facet normal -1 -0 0
    outer loop
      vertex 34 52.044 -98.6086
      vertex 34 50.2196 -99.423
      vertex 34 48.771 -94.3255
    endloop
  endfacet
  facet normal -1 0 0
    outer loop
      vertex 34 54.4718 -96.2595
      vertex 34 49.947 -93.4871
      vertex 34 50.2989 -92.8472
    endloop
  endfacet
  facet normal -1 0 0
    outer loop
      vertex 34 54.4718 -96.2595
      vertex 34 50.2989 -92.8472
      vertex 34 55.3458 -94.463
    endloop
  endfacet
  facet normal -1 -0 0
    outer loop
      vertex 34 49.54 -99.5931
      vertex 34 47.5471 -99.7345
      vertex 34 48.0513 -94.4495
    endloop
  endfacet
  facet normal -1 0 0
    outer loop
      vertex 34 54.0605 -96.8268
      vertex 34 49.4222 -93.995
      vertex 34 49.947 -93.4871
    endloop
  endfacet
  facet normal -1 0 0
    outer loop
      vertex 34 54.0605 -96.8268
      vertex 34 49.947 -93.4871
      vertex 34 54.2744 -96.5492
    endloop
  endfacet
  facet normal -1 0 0
    outer loop
      vertex 34 48.0513 -94.4495
      vertex 34 47.1975 -99.7083
      vertex 34 46.85 -99.6619
    endloop
  endfacet
  facet normal -1 -0 0
    outer loop
      vertex 34 52.34 -98.4208
      vertex 34 52.044 -98.6086
      vertex 34 49.4222 -93.995
    endloop
  endfacet
  facet normal -1 0 0
    outer loop
      vertex 34 49.947 -93.4871
      vertex 34 49.4222 -93.995
      vertex 34 49.5298 -93.581
    endloop
  endfacet
  facet normal -1 0 0
    outer loop
      vertex 34 44.929 -99.1131
      vertex 34 44.6095 -98.969
      vertex 34 46.6625 -94.0527
    endloop
  endfacet
  facet normal -1 0 -0
    outer loop
      vertex 34 48.9958 -93.9617
      vertex 34 49.4222 -93.995
      vertex 34 48.771 -94.3255
    endloop
  endfacet
  facet normal -1 -0 0
    outer loop
      vertex 34 50.2196 -99.423
      vertex 34 49.8823 -99.5179
      vertex 34 48.771 -94.3255
    endloop
  endfacet
  facet normal -1 -0 0
    outer loop
      vertex 34 46.6625 -94.0527
      vertex 34 42.6814 -97.6338
      vertex 34 46.1169 -93.5673
    endloop
  endfacet
  facet normal -1 0 0
    outer loop
      vertex 34 47.5471 -99.7345
      vertex 34 47.1975 -99.7083
      vertex 34 48.0513 -94.4495
    endloop
  endfacet
  facet normal -1 -0 0
    outer loop
      vertex 34 48.771 -94.3255
      vertex 34 48.0513 -94.4495
      vertex 34 48.3734 -94.1681
    endloop
  endfacet
  facet normal -1 0 0
    outer loop
      vertex 34 46.1169 -93.5673
      vertex 34 42.4304 -97.3891
      vertex 34 42.1941 -97.1302
    endloop
  endfacet
  facet normal -1 0 0
    outer loop
      vertex 34 44.929 -99.1131
      vertex 34 46.6625 -94.0527
      vertex 34 47.327 -94.3557
    endloop
  endfacet
  facet normal -1 0 0
    outer loop
      vertex 34 44.929 -99.1131
      vertex 34 47.327 -94.3557
      vertex 34 46.85 -99.6619
    endloop
  endfacet
  facet normal -1 0 0
    outer loop
      vertex 34 46.1169 -93.5673
      vertex 34 46.5377 -93.6437
      vertex 34 46.6625 -94.0527
    endloop
  endfacet
  facet normal -1 0 0
    outer loop
      vertex 34 44.2988 -98.8065
      vertex 34 42.6814 -97.6338
      vertex 34 46.6625 -94.0527
    endloop
  endfacet
  facet normal -1 0 0
    outer loop
      vertex 34 45.7386 -92.9426
      vertex 34 46.1182 -93.1396
      vertex 34 46.1169 -93.5673
    endloop
  endfacet
  facet normal -1 0 0
    outer loop
      vertex 34 41.0753 -95.4749
      vertex 34 45.7386 -92.9426
      vertex 34 46.1169 -93.5673
    endloop
  endfacet
  facet normal -1 0 0
    outer loop
      vertex 34 41.0753 -95.4749
      vertex 34 46.1169 -93.5673
      vertex 34 42.1941 -97.1302
    endloop
  endfacet
  facet normal -1 0 0
    outer loop
      vertex 34 40.3044 -92.897
      vertex 34 45.5612 -92.2342
      vertex 34 45.7386 -92.9426
    endloop
  endfacet
  facet normal -1 0 0
    outer loop
      vertex 34 40.3044 -92.897
      vertex 34 45.7386 -92.9426
      vertex 34 40.7896 -94.835
    endloop
  endfacet
  facet normal -1 0 0
    outer loop
      vertex 34 40.2548 -92.198
      vertex 34 45.6005 -91.5049
      vertex 34 45.5612 -92.2342
    endloop
  endfacet
  facet normal -1 0 0
    outer loop
      vertex 34 40.2694 -92.5482
      vertex 34 40.2548 -92.198
      vertex 34 45.5612 -92.2342
    endloop
  endfacet
  facet normal -1 0 0
    outer loop
      vertex 34 45.7386 -92.9426
      vertex 34 45.5612 -92.2342
      vertex 34 45.8659 -92.5343
    endloop
  endfacet
  facet normal -1 -0 0
    outer loop
      vertex 34 45.8032 -91.8815
      vertex 34 45.5612 -92.2342
      vertex 34 45.6005 -91.5049
    endloop
  endfacet
  facet normal -1 0 0
    outer loop
      vertex 34 40.4617 -90.2108
      vertex 34 40.5481 -89.8711
      vertex 34 45.6005 -91.5049
    endloop
  endfacet
  facet normal -1 0 0
    outer loop
      vertex 34 40.6542 -89.537
      vertex 34 41.5282 -87.7405
      vertex 34 45.8531 -90.8197
    endloop
  endfacet
  facet normal -1 -0 0
    outer loop
      vertex 34 45.9357 -91.2393
      vertex 34 45.6005 -91.5049
      vertex 34 45.8531 -90.8197
    endloop
  endfacet
  facet normal -1 0 0
    outer loop
      vertex 34 45.7804 -84.577
      vertex 34 47.5842 -89.5855
      vertex 34 46.891 -89.8154
    endloop
  endfacet
  facet normal -1 -0 0
    outer loop
      vertex 34 46.2964 -90.2393
      vertex 34 45.8531 -90.8197
      vertex 34 41.9395 -87.1732
    endloop
  endfacet
  facet normal -1 -0 0
    outer loop
      vertex 34 46.891 -89.8154
      vertex 34 46.2964 -90.2393
      vertex 34 43.3754 -85.7839
    endloop
  endfacet
  facet normal -1 0 0
    outer loop
      vertex 34 47.5842 -89.5855
      vertex 34 47.3077 -89.9118
      vertex 34 46.891 -89.8154
    endloop
  endfacet
  facet normal -1 0 -0
    outer loop
      vertex 34 43.956 -85.3914
      vertex 34 46.891 -89.8154
      vertex 34 43.66 -85.5792
    endloop
  endfacet
  facet normal -1 0 0
    outer loop
      vertex 34 46.891 -89.8154
      vertex 34 46.7229 -90.2086
      vertex 34 46.2964 -90.2393
    endloop
  endfacet
  facet normal 1 -0 0
    outer loop
      vertex 37.2 40.8442 -85.0147
      vertex 37.2 40.9282 -85.3233
      vertex 37.2 41.2542 -84.618
    endloop
  endfacet
  facet normal 1 0 0
    outer loop
      vertex 37.2 44.4408 -82.9489
      vertex 37.2 43.6649 -82.9885
      vertex 37.2 43.6382 -83.3072
    endloop
  endfacet
  facet normal 1 -0 0
    outer loop
      vertex 37.2 43.7319 -84.3932
      vertex 37.2 43.7661 -84.5059
      vertex 37.2 45.1867 -83.7437
    endloop
  endfacet
  facet normal 1 -0 0
    outer loop
      vertex 37.2 43.6323 -83.5933
      vertex 37.2 43.6431 -83.8456
      vertex 37.2 44.8383 -83.312
    endloop
  endfacet
  facet normal 1 0 0
    outer loop
      vertex 37.2 43.7661 -84.5059
      vertex 37.2 45.2869 -83.919
      vertex 37.2 45.2478 -83.8445
    endloop
  endfacet
  facet normal 1 0 -0
    outer loop
      vertex 37.2 43.7954 -84.5848
      vertex 37.2 45.2869 -83.919
      vertex 37.2 43.7661 -84.5059
    endloop
  endfacet
  facet normal 1 0 -0
    outer loop
      vertex 37.2 43.8237 -84.6459
      vertex 37.2 45.2869 -83.919
      vertex 37.2 43.7954 -84.5848
    endloop
  endfacet
  facet normal 1 0 0
    outer loop
      vertex 37.2 43.8237 -84.6459
      vertex 37.2 43.7954 -84.5848
      vertex 37.2 43.816 -84.6309
    endloop
  endfacet
  facet normal 1 0 0
    outer loop
      vertex 37.2 45.3136 -83.9808
      vertex 37.2 45.2869 -83.919
      vertex 37.2 43.8237 -84.6459
    endloop
  endfacet
  facet normal 1 0 0
    outer loop
      vertex 37.2 45.3136 -83.9808
      vertex 37.2 43.8237 -84.6459
      vertex 37.2 43.956 -85.3914
    endloop
  endfacet
  facet normal 1 0 0
    outer loop
      vertex 37.2 45.3076 -83.9651
      vertex 37.2 45.2869 -83.919
      vertex 37.2 45.3136 -83.9808
    endloop
  endfacet
  facet normal 1 0 -0
    outer loop
      vertex 37.2 43.9401 -85.3986
      vertex 37.2 43.956 -85.3914
      vertex 37.2 43.8237 -84.6459
    endloop
  endfacet
  facet normal 1 0 0
    outer loop
      vertex 37.2 51.1704 -83.531
      vertex 37.2 49.6882 -83.2941
      vertex 37.2 51.1655 -83.7161
    endloop
  endfacet
  facet normal 1 0 0
    outer loop
      vertex 37.2 42.3132 -98.4612
      vertex 37.2 43.5463 -99.4997
      vertex 37.2 43.6269 -99.4137
    endloop
  endfacet
  facet normal 1 0 0
    outer loop
      vertex 37.2 43.3754 -85.7839
      vertex 37.2 41.9395 -87.1732
      vertex 37.2 46.2964 -90.2393
    endloop
  endfacet
  facet normal 1 0 0
    outer loop
      vertex 37.2 40.6542 -89.537
      vertex 37.2 45.6005 -91.5049
      vertex 37.2 45.8531 -90.8197
    endloop
  endfacet
  facet normal 1 0 0
    outer loop
      vertex 37.2 43.3879 -85.7718
      vertex 37.2 42.7329 -85.3832
      vertex 37.2 43.3754 -85.7839
    endloop
  endfacet
  facet normal 1 0 0
    outer loop
      vertex 37.2 42.7219 -85.3705
      vertex 37.2 42.6867 -85.3343
      vertex 37.2 42.7329 -85.3832
    endloop
  endfacet
  facet normal 1 -0 0
    outer loop
      vertex 37.2 40.7896 -94.835
      vertex 37.2 40.9231 -95.1592
      vertex 37.2 45.7386 -92.9426
    endloop
  endfacet
  facet normal 1 0 0
    outer loop
      vertex 37.2 42.4087 -85.1167
      vertex 37.2 41.3045 -86.185
      vertex 37.2 42.5325 -85.2039
    endloop
  endfacet
  facet normal 1 0 0
    outer loop
      vertex 37.2 42.2509 -85.0198
      vertex 37.2 42.0576 -84.9173
      vertex 37.2 41.2129 -86.0241
    endloop
  endfacet
  facet normal 1 0 0
    outer loop
      vertex 37.2 42.0576 -84.9173
      vertex 37.2 41.0205 -85.5941
      vertex 37.2 41.1168 -85.8275
    endloop
  endfacet
  facet normal 1 0 0
    outer loop
      vertex 37.2 41.8275 -84.8133
      vertex 37.2 41.0205 -85.5941
      vertex 37.2 42.0576 -84.9173
    endloop
  endfacet
  facet normal 1 -0 0
    outer loop
      vertex 37.2 40.9282 -85.3233
      vertex 37.2 41.0205 -85.5941
      vertex 37.2 41.8275 -84.8133
    endloop
  endfacet
  facet normal 1 0 0
    outer loop
      vertex 37.2 40.9282 -85.3233
      vertex 37.2 41.8275 -84.8133
      vertex 37.2 41.5598 -84.7121
    endloop
  endfacet
  facet normal 1 0 0
    outer loop
      vertex 37.2 40.9282 -85.3233
      vertex 37.2 41.5598 -84.7121
      vertex 37.2 41.2542 -84.618
    endloop
  endfacet
  facet normal 1 0 -0
    outer loop
      vertex 37.2 41.2129 -86.0241
      vertex 37.2 42.0576 -84.9173
      vertex 37.2 41.1168 -85.8275
    endloop
  endfacet
  facet normal 1 0 0
    outer loop
      vertex 37.2 42.4087 -85.1167
      vertex 37.2 42.2509 -85.0198
      vertex 37.2 41.2129 -86.0241
    endloop
  endfacet
  facet normal 1 0 0
    outer loop
      vertex 37.2 42.4087 -85.1167
      vertex 37.2 41.2129 -86.0241
      vertex 37.2 41.3045 -86.185
    endloop
  endfacet
  facet normal 1 0 0
    outer loop
      vertex 37.2 38.8867 -87.8834
      vertex 37.2 39.4556 -87.3543
      vertex 37.2 39.1362 -87.3704
    endloop
  endfacet
  facet normal 1 0 0
    outer loop
      vertex 37.2 42.5325 -85.2039
      vertex 37.2 41.3045 -86.185
      vertex 37.2 41.3876 -86.3117
    endloop
  endfacet
  facet normal 1 0 0
    outer loop
      vertex 37.2 42.5325 -85.2039
      vertex 37.2 41.3876 -86.3117
      vertex 37.2 41.4583 -86.406
    endloop
  endfacet
  facet normal 1 0 0
    outer loop
      vertex 37.2 42.5325 -85.2039
      vertex 37.2 41.4583 -86.406
      vertex 37.2 42.6244 -85.2776
    endloop
  endfacet
  facet normal 1 -0 0
    outer loop
      vertex 37.2 41.4583 -86.406
      vertex 37.2 41.5129 -86.47
      vertex 37.2 42.6244 -85.2776
    endloop
  endfacet
  facet normal 1 0 0
    outer loop
      vertex 37.2 41.5129 -86.47
      vertex 37.2 42.6867 -85.3343
      vertex 37.2 42.6244 -85.2776
    endloop
  endfacet
  facet normal 1 0 0
    outer loop
      vertex 37.2 42.7329 -85.3832
      vertex 37.2 42.6867 -85.3343
      vertex 37.2 41.5129 -86.47
    endloop
  endfacet
  facet normal 1 0 0
    outer loop
      vertex 37.2 41.5603 -86.5178
      vertex 37.2 41.5129 -86.47
      vertex 37.2 41.5479 -86.5064
    endloop
  endfacet
  facet normal 1 0 0
    outer loop
      vertex 37.2 42.7329 -85.3832
      vertex 37.2 41.5129 -86.47
      vertex 37.2 41.5603 -86.5178
    endloop
  endfacet
  facet normal 1 0 0
    outer loop
      vertex 37.2 42.7329 -85.3832
      vertex 37.2 41.5603 -86.5178
      vertex 37.2 43.3754 -85.7839
    endloop
  endfacet
  facet normal 1 -0 0
    outer loop
      vertex 37.2 41.5603 -86.5178
      vertex 37.2 41.9395 -87.1732
      vertex 37.2 43.3754 -85.7839
    endloop
  endfacet
  facet normal 1 0 0
    outer loop
      vertex 37.2 41.5603 -86.5178
      vertex 37.2 41.9271 -87.1853
      vertex 37.2 41.9395 -87.1732
    endloop
  endfacet
  facet normal 1 0 0
    outer loop
      vertex 37.2 40.6542 -89.537
      vertex 37.2 40.5481 -89.8711
      vertex 37.2 45.6005 -91.5049
    endloop
  endfacet
  facet normal 1 0 0
    outer loop
      vertex 37.2 45.8531 -90.8197
      vertex 37.2 41.9395 -87.1732
      vertex 37.2 41.7256 -87.4508
    endloop
  endfacet
  facet normal 1 0 0
    outer loop
      vertex 37.2 41.5359 -87.7248
      vertex 37.2 40.7874 -87.5837
      vertex 37.2 41.5282 -87.7405
    endloop
  endfacet
  facet normal 1 0 0
    outer loop
      vertex 37.2 40.7727 -87.5755
      vertex 37.2 40.7273 -87.5535
      vertex 37.2 40.7874 -87.5837
    endloop
  endfacet
  facet normal 1 -0 0
    outer loop
      vertex 37.2 39.476 -91.9336
      vertex 37.2 39.543 -91.9398
      vertex 37.2 39.6451 -90.3091
    endloop
  endfacet
  facet normal 1 0 0
    outer loop
      vertex 37.2 40.3916 -87.4441
      vertex 37.2 39.7195 -88.8257
      vertex 37.2 40.5379 -87.4837
    endloop
  endfacet
  facet normal 1 0 0
    outer loop
      vertex 37.2 40.2102 -87.4071
      vertex 37.2 39.9935 -87.3769
      vertex 37.2 39.5784 -88.7058
    endloop
  endfacet
  facet normal 1 0 0
    outer loop
      vertex 37.2 39.9935 -87.3769
      vertex 37.2 39.2505 -88.3676
      vertex 37.2 39.4208 -88.5539
    endloop
  endfacet
  facet normal 1 0 0
    outer loop
      vertex 37.2 39.7417 -87.3578
      vertex 37.2 39.2505 -88.3676
      vertex 37.2 39.9935 -87.3769
    endloop
  endfacet
  facet normal 1 -0 0
    outer loop
      vertex 37.2 39.0711 -88.1447
      vertex 37.2 39.2505 -88.3676
      vertex 37.2 39.7417 -87.3578
    endloop
  endfacet
  facet normal 1 0 0
    outer loop
      vertex 37.2 39.0711 -88.1447
      vertex 37.2 39.7417 -87.3578
      vertex 37.2 39.4556 -87.3543
    endloop
  endfacet
  facet normal 1 0 -0
    outer loop
      vertex 37.2 39.0711 -88.1447
      vertex 37.2 39.4556 -87.3543
      vertex 37.2 38.8867 -87.8834
    endloop
  endfacet
  facet normal 1 0 -0
    outer loop
      vertex 37.2 39.5784 -88.7058
      vertex 37.2 39.9935 -87.3769
      vertex 37.2 39.4208 -88.5539
    endloop
  endfacet
  facet normal 1 0 0
    outer loop
      vertex 37.2 40.3916 -87.4441
      vertex 37.2 40.2102 -87.4071
      vertex 37.2 39.5784 -88.7058
    endloop
  endfacet
  facet normal 1 0 0
    outer loop
      vertex 37.2 40.3916 -87.4441
      vertex 37.2 39.5784 -88.7058
      vertex 37.2 39.7195 -88.8257
    endloop
  endfacet
  facet normal 1 -0 0
    outer loop
      vertex 37.2 38.0283 -91.2486
      vertex 37.2 38.291 -91.4311
      vertex 37.2 38.0874 -90.6812
    endloop
  endfacet
  facet normal 1 0 0
    outer loop
      vertex 37.2 40.5379 -87.4837
      vertex 37.2 39.7195 -88.8257
      vertex 37.2 39.8409 -88.9163
    endloop
  endfacet
  facet normal 1 0 0
    outer loop
      vertex 37.2 40.5379 -87.4837
      vertex 37.2 39.8409 -88.9163
      vertex 37.2 39.9395 -88.9807
    endloop
  endfacet
  facet normal 1 0 0
    outer loop
      vertex 37.2 40.5379 -87.4837
      vertex 37.2 39.9395 -88.9807
      vertex 37.2 40.6494 -87.5216
    endloop
  endfacet
  facet normal 1 -0 0
    outer loop
      vertex 37.2 39.9395 -88.9807
      vertex 37.2 40.0127 -89.0222
      vertex 37.2 40.6494 -87.5216
    endloop
  endfacet
  facet normal 1 0 0
    outer loop
      vertex 37.2 40.0127 -89.0222
      vertex 37.2 40.7273 -87.5535
      vertex 37.2 40.6494 -87.5216
    endloop
  endfacet
  facet normal 1 0 0
    outer loop
      vertex 37.2 40.7874 -87.5837
      vertex 37.2 40.7273 -87.5535
      vertex 37.2 40.0127 -89.0222
    endloop
  endfacet
  facet normal 1 0 0
    outer loop
      vertex 37.2 40.0736 -89.0509
      vertex 37.2 40.0127 -89.0222
      vertex 37.2 40.0581 -89.0444
    endloop
  endfacet
  facet normal 1 0 0
    outer loop
      vertex 37.2 40.7874 -87.5837
      vertex 37.2 40.0127 -89.0222
      vertex 37.2 40.0736 -89.0509
    endloop
  endfacet
  facet normal 1 0 0
    outer loop
      vertex 37.2 40.7874 -87.5837
      vertex 37.2 40.0736 -89.0509
      vertex 37.2 41.5282 -87.7405
    endloop
  endfacet
  facet normal 1 -0 0
    outer loop
      vertex 37.2 40.0736 -89.0509
      vertex 37.2 40.6542 -89.537
      vertex 37.2 41.5282 -87.7405
    endloop
  endfacet
  facet normal 1 0 0
    outer loop
      vertex 37.2 40.0736 -89.0509
      vertex 37.2 40.6466 -89.5527
      vertex 37.2 40.6542 -89.537
    endloop
  endfacet
  facet normal 1 0 0
    outer loop
      vertex 37.2 45.5612 -92.2342
      vertex 37.2 40.2694 -92.5482
      vertex 37.2 40.3044 -92.897
    endloop
  endfacet
  facet normal 1 0 0
    outer loop
      vertex 37.2 40.4635 -90.1935
      vertex 37.2 39.712 -90.3169
      vertex 37.2 40.4617 -90.2108
    endloop
  endfacet
  facet normal 1 0 0
    outer loop
      vertex 37.2 39.6953 -90.3142
      vertex 37.2 39.6451 -90.3091
      vertex 37.2 39.712 -90.3169
    endloop
  endfacet
  facet normal 1 0 0
    outer loop
      vertex 37.2 39.4904 -93.2942
      vertex 37.2 39.8846 -94.8683
      vertex 37.2 39.9673 -94.853
    endloop
  endfacet
  facet normal 1 -0 0
    outer loop
      vertex 37.2 39.2923 -90.3211
      vertex 37.2 39.1332 -91.8492
      vertex 37.2 39.4432 -90.3083
    endloop
  endfacet
  facet normal 1 0 0
    outer loop
      vertex 37.2 39.1091 -90.3483
      vertex 37.2 38.8951 -90.3941
      vertex 37.2 38.9596 -91.7848
    endloop
  endfacet
  facet normal 1 0 0
    outer loop
      vertex 37.2 38.8951 -90.3941
      vertex 37.2 38.6521 -90.4623
      vertex 37.2 38.7596 -91.696
    endloop
  endfacet
  facet normal 1 0 0
    outer loop
      vertex 37.2 38.6521 -90.4623
      vertex 37.2 38.5358 -91.5792
      vertex 37.2 38.7596 -91.696
    endloop
  endfacet
  facet normal 1 -0 0
    outer loop
      vertex 37.2 38.291 -91.4311
      vertex 37.2 38.5358 -91.5792
      vertex 37.2 38.6521 -90.4623
    endloop
  endfacet
  facet normal 1 0 0
    outer loop
      vertex 37.2 38.291 -91.4311
      vertex 37.2 38.6521 -90.4623
      vertex 37.2 38.382 -90.5568
    endloop
  endfacet
  facet normal 1 0 -0
    outer loop
      vertex 37.2 38.291 -91.4311
      vertex 37.2 38.382 -90.5568
      vertex 37.2 38.0874 -90.6812
    endloop
  endfacet
  facet normal 1 0 0
    outer loop
      vertex 37.2 38.9596 -91.7848
      vertex 37.2 38.8951 -90.3941
      vertex 37.2 38.7596 -91.696
    endloop
  endfacet
  facet normal 1 0 0
    outer loop
      vertex 37.2 39.2923 -90.3211
      vertex 37.2 39.1091 -90.3483
      vertex 37.2 38.9596 -91.7848
    endloop
  endfacet
  facet normal 1 0 0
    outer loop
      vertex 37.2 39.2923 -90.3211
      vertex 37.2 38.9596 -91.7848
      vertex 37.2 39.1332 -91.8492
    endloop
  endfacet
  facet normal 1 -0 -0
    outer loop
      vertex 37.2 38.3727 -94.7045
      vertex 37.2 38.6819 -94.7861
      vertex 37.2 38.2341 -94.1511
    endloop
  endfacet
  facet normal 1 0 0
    outer loop
      vertex 37.2 39.4432 -90.3083
      vertex 37.2 39.1332 -91.8492
      vertex 37.2 39.2782 -91.8929
    endloop
  endfacet
  facet normal 1 0 0
    outer loop
      vertex 37.2 39.4432 -90.3083
      vertex 37.2 39.2782 -91.8929
      vertex 37.2 39.393 -91.9196
    endloop
  endfacet
  facet normal 1 -0 0
    outer loop
      vertex 37.2 39.4432 -90.3083
      vertex 37.2 39.393 -91.9196
      vertex 37.2 39.561 -90.3057
    endloop
  endfacet
  facet normal 1 0 0
    outer loop
      vertex 37.2 39.393 -91.9196
      vertex 37.2 39.6451 -90.3091
      vertex 37.2 39.561 -90.3057
    endloop
  endfacet
  facet normal 1 0 -0
    outer loop
      vertex 37.2 39.476 -91.9336
      vertex 37.2 39.6451 -90.3091
      vertex 37.2 39.393 -91.9196
    endloop
  endfacet
  facet normal 1 -0 -0
    outer loop
      vertex 37.2 39.5262 -91.9389
      vertex 37.2 39.543 -91.9398
      vertex 37.2 39.476 -91.9336
    endloop
  endfacet
  facet normal 1 0 0
    outer loop
      vertex 37.2 39.543 -91.9398
      vertex 37.2 39.712 -90.3169
      vertex 37.2 39.6451 -90.3091
    endloop
  endfacet
  facet normal 1 0 0
    outer loop
      vertex 37.2 40.4617 -90.2108
      vertex 37.2 39.712 -90.3169
      vertex 37.2 39.543 -91.9398
    endloop
  endfacet
  facet normal 1 0 0
    outer loop
      vertex 37.2 40.2548 -92.198
      vertex 37.2 39.543 -91.9398
      vertex 37.2 40.253 -92.2153
    endloop
  endfacet
  facet normal 1 0 0
    outer loop
      vertex 37.2 46.1169 -93.5673
      vertex 37.2 42.4304 -97.3891
      vertex 37.2 42.6814 -97.6338
    endloop
  endfacet
  facet normal 1 0 0
    outer loop
      vertex 37.2 40.4617 -90.2108
      vertex 37.2 39.543 -91.9398
      vertex 37.2 40.2548 -92.198
    endloop
  endfacet
  facet normal 1 0 0
    outer loop
      vertex 37.2 47.0871 -94.0017
      vertex 37.2 46.6625 -94.0527
      vertex 37.2 47.327 -94.3557
    endloop
  endfacet
  facet normal 1 0 0
    outer loop
      vertex 37.2 40.3001 -92.8801
      vertex 37.2 39.6361 -93.2531
      vertex 37.2 40.3044 -92.897
    endloop
  endfacet
  facet normal 1 -0 0
    outer loop
      vertex 37.2 39.6196 -93.2563
      vertex 37.2 39.5706 -93.2686
      vertex 37.2 39.6361 -93.2531
    endloop
  endfacet
  facet normal 1 0 0
    outer loop
      vertex 37.2 40.4463 -96.1266
      vertex 37.2 40.3577 -96.2043
      vertex 37.2 41.2499 -97.5241
    endloop
  endfacet
  facet normal 1 0 0
    outer loop
      vertex 37.2 39.2432 -93.4006
      vertex 37.2 39.6163 -94.8909
      vertex 37.2 39.7676 -94.8823
    endloop
  endfacet
  facet normal 1 0 0
    outer loop
      vertex 37.2 39.0804 -93.4888
      vertex 37.2 38.895 -93.605
      vertex 37.2 39.4312 -94.8898
    endloop
  endfacet
  facet normal 1 0 0
    outer loop
      vertex 37.2 38.895 -93.605
      vertex 37.2 38.6899 -93.7522
      vertex 37.2 39.2129 -94.8747
    endloop
  endfacet
  facet normal 1 0 0
    outer loop
      vertex 37.2 38.6899 -93.7522
      vertex 37.2 38.9626 -94.8415
      vertex 37.2 39.2129 -94.8747
    endloop
  endfacet
  facet normal 1 -0 0
    outer loop
      vertex 37.2 38.4684 -93.9334
      vertex 37.2 38.9626 -94.8415
      vertex 37.2 38.6899 -93.7522
    endloop
  endfacet
  facet normal 1 -0 -0
    outer loop
      vertex 37.2 38.6819 -94.7861
      vertex 37.2 38.9626 -94.8415
      vertex 37.2 38.4684 -93.9334
    endloop
  endfacet
  facet normal 1 0 0
    outer loop
      vertex 37.2 38.6819 -94.7861
      vertex 37.2 38.4684 -93.9334
      vertex 37.2 38.2341 -94.1511
    endloop
  endfacet
  facet normal 1 0 0
    outer loop
      vertex 37.2 39.4312 -94.8898
      vertex 37.2 38.895 -93.605
      vertex 37.2 39.2129 -94.8747
    endloop
  endfacet
  facet normal 1 0 0
    outer loop
      vertex 37.2 39.6163 -94.8909
      vertex 37.2 39.0804 -93.4888
      vertex 37.2 39.4312 -94.8898
    endloop
  endfacet
  facet normal 1 0 0
    outer loop
      vertex 37.2 39.2432 -93.4006
      vertex 37.2 39.0804 -93.4888
      vertex 37.2 39.6163 -94.8909
    endloop
  endfacet
  facet normal 1 0 0
    outer loop
      vertex 37.2 39.8782 -97.8341
      vertex 37.2 39.7045 -97.0768
      vertex 37.2 39.5588 -97.3615
    endloop
  endfacet
  facet normal 1 0 0
    outer loop
      vertex 37.2 39.3806 -93.3369
      vertex 37.2 39.2432 -93.4006
      vertex 37.2 39.7676 -94.8823
    endloop
  endfacet
  facet normal 1 0 0
    outer loop
      vertex 37.2 39.3806 -93.3369
      vertex 37.2 39.7676 -94.8823
      vertex 37.2 39.8846 -94.8683
    endloop
  endfacet
  facet normal 1 -0 0
    outer loop
      vertex 37.2 39.3806 -93.3369
      vertex 37.2 39.8846 -94.8683
      vertex 37.2 39.4904 -93.2942
    endloop
  endfacet
  facet normal 1 -0 0
    outer loop
      vertex 37.2 39.4904 -93.2942
      vertex 37.2 39.9673 -94.853
      vertex 37.2 39.5706 -93.2686
    endloop
  endfacet
  facet normal 1 0 -0
    outer loop
      vertex 37.2 39.9673 -94.853
      vertex 37.2 40.0324 -94.8359
      vertex 37.2 39.5706 -93.2686
    endloop
  endfacet
  facet normal 1 0 -0
    outer loop
      vertex 37.2 40.0163 -94.8408
      vertex 37.2 40.0324 -94.8359
      vertex 37.2 39.9673 -94.853
    endloop
  endfacet
  facet normal 1 0 0
    outer loop
      vertex 37.2 40.0324 -94.8359
      vertex 37.2 39.6361 -93.2531
      vertex 37.2 39.5706 -93.2686
    endloop
  endfacet
  facet normal 1 0 0
    outer loop
      vertex 37.2 40.7896 -94.835
      vertex 37.2 39.6361 -93.2531
      vertex 37.2 40.0324 -94.8359
    endloop
  endfacet
  facet normal 1 0 0
    outer loop
      vertex 37.2 40.7896 -94.835
      vertex 37.2 40.0324 -94.8359
      vertex 37.2 40.7938 -94.852
    endloop
  endfacet
  facet normal 1 0 0
    outer loop
      vertex 37.2 40.3044 -92.897
      vertex 37.2 39.6361 -93.2531
      vertex 37.2 40.7896 -94.835
    endloop
  endfacet
  facet normal 1 -0 0
    outer loop
      vertex 37.2 44.2988 -98.8065
      vertex 37.2 44.6095 -98.969
      vertex 37.2 46.6625 -94.0527
    endloop
  endfacet
  facet normal 1 0 0
    outer loop
      vertex 37.2 41.0655 -95.4605
      vertex 37.2 40.5691 -96.0381
      vertex 37.2 41.0753 -95.4749
    endloop
  endfacet
  facet normal 1 -0 0
    outer loop
      vertex 37.2 40.5547 -96.0468
      vertex 37.2 40.5129 -96.0751
      vertex 37.2 40.5691 -96.0381
    endloop
  endfacet
  facet normal 1 0 0
    outer loop
      vertex 37.2 43.5463 -99.4997
      vertex 37.2 42.2565 -98.5645
      vertex 37.2 42.1922 -98.7017
    endloop
  endfacet
  facet normal 1 0 0
    outer loop
      vertex 37.2 40.2503 -96.3111
      vertex 37.2 41.1107 -97.584
      vertex 37.2 41.2499 -97.5241
    endloop
  endfacet
  facet normal 1 0 0
    outer loop
      vertex 37.2 40.1275 -96.4497
      vertex 37.2 40.726 -97.7067
      vertex 37.2 40.9363 -97.6462
    endloop
  endfacet
  facet normal 1 0 0
    outer loop
      vertex 37.2 39.993 -96.6223
      vertex 37.2 40.4795 -97.7611
      vertex 37.2 40.726 -97.7067
    endloop
  endfacet
  facet normal 1 -0 0
    outer loop
      vertex 37.2 39.8506 -96.8308
      vertex 37.2 40.4795 -97.7611
      vertex 37.2 39.993 -96.6223
    endloop
  endfacet
  facet normal 1 -0 0
    outer loop
      vertex 37.2 39.7045 -97.0768
      vertex 37.2 40.4795 -97.7611
      vertex 37.2 39.8506 -96.8308
    endloop
  endfacet
  facet normal 1 0 -0
    outer loop
      vertex 37.2 40.1967 -97.805
      vertex 37.2 40.4795 -97.7611
      vertex 37.2 39.7045 -97.0768
    endloop
  endfacet
  facet normal 1 0 0
    outer loop
      vertex 37.2 40.1967 -97.805
      vertex 37.2 39.7045 -97.0768
      vertex 37.2 39.8782 -97.8341
    endloop
  endfacet
  facet normal 1 0 0
    outer loop
      vertex 37.2 40.1275 -96.4497
      vertex 37.2 39.993 -96.6223
      vertex 37.2 40.726 -97.7067
    endloop
  endfacet
  facet normal 1 0 0
    outer loop
      vertex 37.2 41.1107 -97.584
      vertex 37.2 40.1275 -96.4497
      vertex 37.2 40.9363 -97.6462
    endloop
  endfacet
  facet normal 1 0 0
    outer loop
      vertex 37.2 40.2503 -96.3111
      vertex 37.2 40.1275 -96.4497
      vertex 37.2 41.1107 -97.584
    endloop
  endfacet
  facet normal 1 0 -0
    outer loop
      vertex 37.2 42.3634 -100.26
      vertex 37.2 42.6528 -100.124
      vertex 37.2 41.9016 -99.9252
    endloop
  endfacet
  facet normal 1 0 0
    outer loop
      vertex 37.2 40.3577 -96.2043
      vertex 37.2 40.2503 -96.3111
      vertex 37.2 41.2499 -97.5241
    endloop
  endfacet
  facet normal 1 0 0
    outer loop
      vertex 37.2 40.4463 -96.1266
      vertex 37.2 41.2499 -97.5241
      vertex 37.2 41.355 -97.4709
    endloop
  endfacet
  facet normal 1 0 0
    outer loop
      vertex 37.2 40.4463 -96.1266
      vertex 37.2 41.355 -97.4709
      vertex 37.2 41.4275 -97.4283
    endloop
  endfacet
  facet normal 1 -0 0
    outer loop
      vertex 37.2 40.4463 -96.1266
      vertex 37.2 41.4275 -97.4283
      vertex 37.2 40.5129 -96.0751
    endloop
  endfacet
  facet normal 1 0 0
    outer loop
      vertex 37.2 41.4275 -97.4283
      vertex 37.2 40.5691 -96.0381
      vertex 37.2 40.5129 -96.0751
    endloop
  endfacet
  facet normal 1 0 -0
    outer loop
      vertex 37.2 41.4694 -97.4001
      vertex 37.2 41.4829 -97.3899
      vertex 37.2 41.4275 -97.4283
    endloop
  endfacet
  facet normal 1 0 0
    outer loop
      vertex 37.2 41.4829 -97.3899
      vertex 37.2 40.5691 -96.0381
      vertex 37.2 41.4275 -97.4283
    endloop
  endfacet
  facet normal 1 0 0
    outer loop
      vertex 37.2 42.1941 -97.1302
      vertex 37.2 40.5691 -96.0381
      vertex 37.2 41.4829 -97.3899
    endloop
  endfacet
  facet normal 1 0 0
    outer loop
      vertex 37.2 42.1941 -97.1302
      vertex 37.2 41.4829 -97.3899
      vertex 37.2 42.2039 -97.1446
    endloop
  endfacet
  facet normal 1 -0 0
    outer loop
      vertex 37.2 47.327 -94.3557
      vertex 37.2 48.0513 -94.4495
      vertex 37.2 47.7177 -94.1818
    endloop
  endfacet
  facet normal 1 0 0
    outer loop
      vertex 37.2 41.0753 -95.4749
      vertex 37.2 40.5691 -96.0381
      vertex 37.2 42.1941 -97.1302
    endloop
  endfacet
  facet normal 1 0 0
    outer loop
      vertex 37.2 46.85 -99.6619
      vertex 37.2 48.0513 -94.4495
      vertex 37.2 47.327 -94.3557
    endloop
  endfacet
  facet normal 1 0 -0
    outer loop
      vertex 37.2 41.0753 -95.4749
      vertex 37.2 45.7386 -92.9426
      vertex 37.2 40.9231 -95.1592
    endloop
  endfacet
  facet normal 1 0 0
    outer loop
      vertex 37.2 42.6673 -97.6236
      vertex 37.2 42.3984 -98.3361
      vertex 37.2 42.6814 -97.6338
    endloop
  endfacet
  facet normal 1 -0 0
    outer loop
      vertex 37.2 42.3878 -98.3492
      vertex 37.2 42.3582 -98.3901
      vertex 37.2 42.3984 -98.3361
    endloop
  endfacet
  facet normal 1 -0 0
    outer loop
      vertex 37.2 44.8345 -100.284
      vertex 37.2 46.38 -100.571
      vertex 37.2 44.8481 -100.133
    endloop
  endfacet
  facet normal 1 0 0
    outer loop
      vertex 37.2 42.1922 -98.7017
      vertex 37.2 43.436 -99.6035
      vertex 37.2 43.5463 -99.4997
    endloop
  endfacet
  facet normal 1 0 0
    outer loop
      vertex 37.2 42.1242 -98.8739
      vertex 37.2 43.1165 -99.8504
      vertex 37.2 43.2934 -99.7216
    endloop
  endfacet
  facet normal 1 0 0
    outer loop
      vertex 37.2 42.0568 -99.0821
      vertex 37.2 41.9943 -99.3267
      vertex 37.2 43.1165 -99.8504
    endloop
  endfacet
  facet normal 1 0 0
    outer loop
      vertex 37.2 41.9943 -99.3267
      vertex 37.2 42.9035 -99.9858
      vertex 37.2 43.1165 -99.8504
    endloop
  endfacet
  facet normal 1 -0 0
    outer loop
      vertex 37.2 41.9411 -99.6078
      vertex 37.2 42.9035 -99.9858
      vertex 37.2 41.9943 -99.3267
    endloop
  endfacet
  facet normal 1 0 -0
    outer loop
      vertex 37.2 42.6528 -100.124
      vertex 37.2 42.9035 -99.9858
      vertex 37.2 41.9411 -99.6078
    endloop
  endfacet
  facet normal 1 0 0
    outer loop
      vertex 37.2 42.6528 -100.124
      vertex 37.2 41.9411 -99.6078
      vertex 37.2 41.9016 -99.9252
    endloop
  endfacet
  facet normal 1 0 0
    outer loop
      vertex 37.2 42.1242 -98.8739
      vertex 37.2 42.0568 -99.0821
      vertex 37.2 43.1165 -99.8504
    endloop
  endfacet
  facet normal 1 0 0
    outer loop
      vertex 37.2 43.436 -99.6035
      vertex 37.2 42.1242 -98.8739
      vertex 37.2 43.2934 -99.7216
    endloop
  endfacet
  facet normal 1 0 0
    outer loop
      vertex 37.2 42.1922 -98.7017
      vertex 37.2 42.1242 -98.8739
      vertex 37.2 43.436 -99.6035
    endloop
  endfacet
  facet normal 1 0 0
    outer loop
      vertex 37.2 45.5285 -101.69
      vertex 37.2 44.9086 -101.221
      vertex 37.2 44.9799 -101.533
    endloop
  endfacet
  facet normal 1 0 0
    outer loop
      vertex 37.2 42.3132 -98.4612
      vertex 37.2 42.2565 -98.5645
      vertex 37.2 43.5463 -99.4997
    endloop
  endfacet
  facet normal 1 0 0
    outer loop
      vertex 37.2 42.3582 -98.3901
      vertex 37.2 42.3132 -98.4612
      vertex 37.2 43.6269 -99.4137
    endloop
  endfacet
  facet normal 1 0 0
    outer loop
      vertex 37.2 42.3582 -98.3901
      vertex 37.2 43.6269 -99.4137
      vertex 37.2 43.6805 -99.3489
    endloop
  endfacet
  facet normal 1 0 0
    outer loop
      vertex 37.2 42.3582 -98.3901
      vertex 37.2 43.6805 -99.3489
      vertex 37.2 43.7193 -99.2939
    endloop
  endfacet
  facet normal 1 0 0
    outer loop
      vertex 37.2 43.6805 -99.3489
      vertex 37.2 43.7102 -99.308
      vertex 37.2 43.7193 -99.2939
    endloop
  endfacet
  facet normal 1 -0 0
    outer loop
      vertex 37.2 42.3582 -98.3901
      vertex 37.2 43.7193 -99.2939
      vertex 37.2 42.3984 -98.3361
    endloop
  endfacet
  facet normal 1 0 -0
    outer loop
      vertex 37.2 43.7193 -99.2939
      vertex 37.2 44.2988 -98.8065
      vertex 37.2 42.3984 -98.3361
    endloop
  endfacet
  facet normal 1 0 0
    outer loop
      vertex 37.2 44.313 -98.8167
      vertex 37.2 44.2988 -98.8065
      vertex 37.2 43.7193 -99.2939
    endloop
  endfacet
  facet normal 1 0 0
    outer loop
      vertex 37.2 44.2988 -98.8065
      vertex 37.2 42.6814 -97.6338
      vertex 37.2 42.3984 -98.3361
    endloop
  endfacet
  facet normal 1 0 0
    outer loop
      vertex 37.2 48.771 -94.3255
      vertex 37.2 49.54 -99.5931
      vertex 37.2 49.8823 -99.5179
    endloop
  endfacet
  facet normal 1 0 -0
    outer loop
      vertex 37.2 50.2989 -92.8472
      vertex 37.2 50.4464 -92.1319
      vertex 37.2 50.1546 -92.4446
    endloop
  endfacet
  facet normal 1 -0 0
    outer loop
      vertex 37.2 44.8296 -100.469
      vertex 37.2 46.3118 -100.706
      vertex 37.2 44.8345 -100.284
    endloop
  endfacet
  facet normal 1 0 0
    outer loop
      vertex 37.2 44.9123 -99.1083
      vertex 37.2 44.9033 -99.8699
      vertex 37.2 44.929 -99.1131
    endloop
  endfacet
  facet normal 1 -0 0
    outer loop
      vertex 37.2 44.8978 -99.8858
      vertex 37.2 44.884 -99.9344
      vertex 37.2 44.9033 -99.8699
    endloop
  endfacet
  facet normal 1 -0 0
    outer loop
      vertex 37.2 48.1089 -101.473
      vertex 37.2 49.1257 -101.66
      vertex 37.2 49.229 -101.394
    endloop
  endfacet
  facet normal 1 0 0
    outer loop
      vertex 37.2 44.8345 -100.284
      vertex 37.2 46.3118 -100.706
      vertex 37.2 46.38 -100.571
    endloop
  endfacet
  facet normal 1 0 0
    outer loop
      vertex 37.2 44.8296 -100.469
      vertex 37.2 46.096 -101.047
      vertex 37.2 46.2183 -100.866
    endloop
  endfacet
  facet normal 1 0 0
    outer loop
      vertex 37.2 44.8374 -100.688
      vertex 37.2 44.8624 -100.939
      vertex 37.2 46.096 -101.047
    endloop
  endfacet
  facet normal 1 0 0
    outer loop
      vertex 37.2 44.8624 -100.939
      vertex 37.2 45.9421 -101.247
      vertex 37.2 46.096 -101.047
    endloop
  endfacet
  facet normal 1 -0 -0
    outer loop
      vertex 37.2 44.9086 -101.221
      vertex 37.2 45.9421 -101.247
      vertex 37.2 44.8624 -100.939
    endloop
  endfacet
  facet normal 1 0 -0
    outer loop
      vertex 37.2 45.7537 -101.463
      vertex 37.2 45.9421 -101.247
      vertex 37.2 44.9086 -101.221
    endloop
  endfacet
  facet normal 1 0 0
    outer loop
      vertex 37.2 45.7537 -101.463
      vertex 37.2 44.9086 -101.221
      vertex 37.2 45.5285 -101.69
    endloop
  endfacet
  facet normal 1 0 0
    outer loop
      vertex 37.2 44.8296 -100.469
      vertex 37.2 44.8374 -100.688
      vertex 37.2 46.096 -101.047
    endloop
  endfacet
  facet normal 1 0 0
    outer loop
      vertex 37.2 46.3118 -100.706
      vertex 37.2 44.8296 -100.469
      vertex 37.2 46.2183 -100.866
    endloop
  endfacet
  facet normal 1 0 0
    outer loop
      vertex 37.2 46.38 -100.571
      vertex 37.2 44.866 -100.017
      vertex 37.2 44.8481 -100.133
    endloop
  endfacet
  facet normal 1 -0 -0
    outer loop
      vertex 37.2 47.7819 -100.471
      vertex 37.2 47.7856 -100.522
      vertex 37.2 47.7817 -100.454
    endloop
  endfacet
  facet normal 1 0 0
    outer loop
      vertex 37.2 46.4263 -100.462
      vertex 37.2 44.866 -100.017
      vertex 37.2 46.38 -100.571
    endloop
  endfacet
  facet normal 1 0 0
    outer loop
      vertex 37.2 44.884 -99.9344
      vertex 37.2 44.866 -100.017
      vertex 37.2 46.4263 -100.462
    endloop
  endfacet
  facet normal 1 0 0
    outer loop
      vertex 37.2 44.884 -99.9344
      vertex 37.2 46.4263 -100.462
      vertex 37.2 46.4545 -100.383
    endloop
  endfacet
  facet normal 1 0 0
    outer loop
      vertex 37.2 44.884 -99.9344
      vertex 37.2 46.4545 -100.383
      vertex 37.2 46.4721 -100.318
    endloop
  endfacet
  facet normal 1 0 0
    outer loop
      vertex 37.2 46.4545 -100.383
      vertex 37.2 46.4684 -100.334
      vertex 37.2 46.4721 -100.318
    endloop
  endfacet
  facet normal 1 -0 0
    outer loop
      vertex 37.2 44.884 -99.9344
      vertex 37.2 46.4721 -100.318
      vertex 37.2 44.9033 -99.8699
    endloop
  endfacet
  facet normal 1 0 -0
    outer loop
      vertex 37.2 46.4721 -100.318
      vertex 37.2 46.85 -99.6619
      vertex 37.2 44.9033 -99.8699
    endloop
  endfacet
  facet normal 1 0 0
    outer loop
      vertex 37.2 46.85 -99.6619
      vertex 37.2 44.929 -99.1131
      vertex 37.2 44.9033 -99.8699
    endloop
  endfacet
  facet normal 1 0 0
    outer loop
      vertex 37.2 49.4222 -93.995
      vertex 37.2 48.771 -94.3255
      vertex 37.2 52.044 -98.6086
    endloop
  endfacet
  facet normal 1 0 0
    outer loop
      vertex 37.2 46.8668 -99.6667
      vertex 37.2 46.85 -99.6619
      vertex 37.2 46.4721 -100.318
    endloop
  endfacet
  facet normal 1 0 0
    outer loop
      vertex 37.2 52.6246 -98.2161
      vertex 37.2 49.4222 -93.995
      vertex 37.2 52.34 -98.4208
    endloop
  endfacet
  facet normal 1 0 -0
    outer loop
      vertex 37.2 47.9173 -101.043
      vertex 37.2 49.3912 -100.758
      vertex 37.2 47.8587 -100.867
    endloop
  endfacet
  facet normal 1 0 0
    outer loop
      vertex 37.2 48.4226 -101.991
      vertex 37.2 48.9916 -101.951
      vertex 37.2 49.1257 -101.66
    endloop
  endfacet
  facet normal 1 0 0
    outer loop
      vertex 37.2 47.5471 -99.7345
      vertex 37.2 47.5297 -99.7357
      vertex 37.2 47.7817 -100.454
    endloop
  endfacet
  facet normal 1 0 0
    outer loop
      vertex 37.2 50.6864 -100.019
      vertex 37.2 50.6924 -100.035
      vertex 37.2 50.7131 -100.081
    endloop
  endfacet
  facet normal 1 0 0
    outer loop
      vertex 37.2 47.8587 -100.867
      vertex 37.2 49.3912 -100.758
      vertex 37.2 49.409 -100.608
    endloop
  endfacet
  facet normal 1 -0 0
    outer loop
      vertex 37.2 47.9173 -101.043
      vertex 37.2 49.3052 -101.153
      vertex 37.2 49.358 -100.94
    endloop
  endfacet
  facet normal 1 -0 0
    outer loop
      vertex 37.2 47.9995 -101.245
      vertex 37.2 48.1089 -101.473
      vertex 37.2 49.3052 -101.153
    endloop
  endfacet
  facet normal 1 0 0
    outer loop
      vertex 37.2 48.1089 -101.473
      vertex 37.2 49.229 -101.394
      vertex 37.2 49.3052 -101.153
    endloop
  endfacet
  facet normal 1 0 -0
    outer loop
      vertex 37.2 48.2489 -101.723
      vertex 37.2 49.1257 -101.66
      vertex 37.2 48.1089 -101.473
    endloop
  endfacet
  facet normal 1 0 -0
    outer loop
      vertex 37.2 48.4226 -101.991
      vertex 37.2 49.1257 -101.66
      vertex 37.2 48.2489 -101.723
    endloop
  endfacet
  facet normal 1 0 0
    outer loop
      vertex 37.2 49.3052 -101.153
      vertex 37.2 47.9173 -101.043
      vertex 37.2 47.9995 -101.245
    endloop
  endfacet
  facet normal 1 0 -0
    outer loop
      vertex 37.2 49.358 -100.94
      vertex 37.2 49.3912 -100.758
      vertex 37.2 47.9173 -101.043
    endloop
  endfacet
  facet normal 1 0 -0
    outer loop
      vertex 37.2 47.8587 -100.867
      vertex 37.2 49.409 -100.608
      vertex 37.2 47.8198 -100.721
    endloop
  endfacet
  facet normal 1 0 0
    outer loop
      vertex 37.2 49.409 -100.608
      vertex 37.2 47.7968 -100.605
      vertex 37.2 47.8198 -100.721
    endloop
  endfacet
  facet normal 1 0 0
    outer loop
      vertex 37.2 53.2671 -98.6168
      vertex 37.2 53.2781 -98.6295
      vertex 37.2 53.3133 -98.6657
    endloop
  endfacet
  facet normal 1 0 0
    outer loop
      vertex 37.2 49.4155 -100.49
      vertex 37.2 47.7968 -100.605
      vertex 37.2 49.409 -100.608
    endloop
  endfacet
  facet normal 1 0 0
    outer loop
      vertex 37.2 49.4148 -100.406
      vertex 37.2 47.7968 -100.605
      vertex 37.2 49.4155 -100.49
    endloop
  endfacet
  facet normal 1 -0 0
    outer loop
      vertex 37.2 47.7856 -100.522
      vertex 37.2 47.7968 -100.605
      vertex 37.2 49.4148 -100.406
    endloop
  endfacet
  facet normal 1 0 -0
    outer loop
      vertex 37.2 47.7856 -100.522
      vertex 37.2 49.4148 -100.406
      vertex 37.2 47.7817 -100.454
    endloop
  endfacet
  facet normal 1 0 0
    outer loop
      vertex 37.2 49.4148 -100.406
      vertex 37.2 49.4113 -100.356
      vertex 37.2 49.4092 -100.339
    endloop
  endfacet
  facet normal 1 0 0
    outer loop
      vertex 37.2 49.4148 -100.406
      vertex 37.2 49.4092 -100.339
      vertex 37.2 47.7817 -100.454
    endloop
  endfacet
  facet normal 1 0 0
    outer loop
      vertex 37.2 49.4092 -100.339
      vertex 37.2 47.5471 -99.7345
      vertex 37.2 47.7817 -100.454
    endloop
  endfacet
  facet normal 1 0 0
    outer loop
      vertex 37.2 49.5573 -99.5919
      vertex 37.2 49.54 -99.5931
      vertex 37.2 49.4092 -100.339
    endloop
  endfacet
  facet normal 1 0 0
    outer loop
      vertex 37.2 49.54 -99.5931
      vertex 37.2 47.5471 -99.7345
      vertex 37.2 49.4092 -100.339
    endloop
  endfacet
  facet normal 1 -0 0
    outer loop
      vertex 37.2 49.9278 -93.0599
      vertex 37.2 49.947 -93.4871
      vertex 37.2 50.2989 -92.8472
    endloop
  endfacet
  facet normal 1 0 0
    outer loop
      vertex 37.2 54.4718 -96.2595
      vertex 37.2 49.947 -93.4871
      vertex 37.2 54.2744 -96.5492
    endloop
  endfacet
  facet normal 1 0 0
    outer loop
      vertex 37.2 52.3339 -99.9368
      vertex 37.2 52.3028 -99.7543
      vertex 37.2 50.8999 -100.381
    endloop
  endfacet
  facet normal 1 0 -0
    outer loop
      vertex 37.2 51.8142 -101.244
      vertex 37.2 52.3351 -101.011
      vertex 37.2 51.5592 -101.051
    endloop
  endfacet
  facet normal 1 0 0
    outer loop
      vertex 37.2 50.2196 -99.423
      vertex 37.2 50.2038 -99.43
      vertex 37.2 50.6864 -100.019
    endloop
  endfacet
  facet normal 1 -0 0
    outer loop
      vertex 37.2 50.8133 -100.256
      vertex 37.2 50.8999 -100.381
      vertex 37.2 52.3028 -99.7543
    endloop
  endfacet
  facet normal 1 0 0
    outer loop
      vertex 37.2 52.3339 -99.9368
      vertex 37.2 51.0151 -100.526
      vertex 37.2 51.1617 -100.688
    endloop
  endfacet
  facet normal 1 0 0
    outer loop
      vertex 37.2 52.3569 -100.154
      vertex 37.2 51.1617 -100.688
      vertex 37.2 52.3677 -100.407
    endloop
  endfacet
  facet normal 1 -0 0
    outer loop
      vertex 37.2 51.1617 -100.688
      vertex 37.2 51.3423 -100.864
      vertex 37.2 52.3677 -100.407
    endloop
  endfacet
  facet normal 1 -0 0
    outer loop
      vertex 37.2 51.3423 -100.864
      vertex 37.2 51.5592 -101.051
      vertex 37.2 52.3677 -100.407
    endloop
  endfacet
  facet normal 1 0 0
    outer loop
      vertex 37.2 51.5592 -101.051
      vertex 37.2 52.3618 -100.693
      vertex 37.2 52.3677 -100.407
    endloop
  endfacet
  facet normal 1 0 -0
    outer loop
      vertex 37.2 52.3351 -101.011
      vertex 37.2 52.3618 -100.693
      vertex 37.2 51.5592 -101.051
    endloop
  endfacet
  facet normal 1 0 0
    outer loop
      vertex 37.2 52.3569 -100.154
      vertex 37.2 52.3339 -99.9368
      vertex 37.2 51.1617 -100.688
    endloop
  endfacet
  facet normal 1 0 0
    outer loop
      vertex 37.2 52.3339 -99.9368
      vertex 37.2 50.8999 -100.381
      vertex 37.2 51.0151 -100.526
    endloop
  endfacet
  facet normal 1 0 0
    outer loop
      vertex 37.2 52.3028 -99.7543
      vertex 37.2 52.2681 -99.6068
      vertex 37.2 50.8133 -100.256
    endloop
  endfacet
  facet normal 1 0 0
    outer loop
      vertex 37.2 52.2681 -99.6068
      vertex 37.2 52.2339 -99.4941
      vertex 37.2 50.8133 -100.256
    endloop
  endfacet
  facet normal 1 0 0
    outer loop
      vertex 37.2 55.2126 -96.4163
      vertex 37.2 55.2273 -96.4245
      vertex 37.2 55.2727 -96.4465
    endloop
  endfacet
  facet normal 1 0 0
    outer loop
      vertex 37.2 52.2339 -99.4941
      vertex 37.2 50.7522 -100.156
      vertex 37.2 50.8133 -100.256
    endloop
  endfacet
  facet normal 1 -0 0
    outer loop
      vertex 37.2 50.7131 -100.081
      vertex 37.2 50.7522 -100.156
      vertex 37.2 52.2339 -99.4941
    endloop
  endfacet
  facet normal 1 0 0
    outer loop
      vertex 37.2 50.7131 -100.081
      vertex 37.2 52.2339 -99.4941
      vertex 37.2 52.2046 -99.4152
    endloop
  endfacet
  facet normal 1 0 0
    outer loop
      vertex 37.2 50.7131 -100.081
      vertex 37.2 52.2046 -99.4152
      vertex 37.2 52.1763 -99.3541
    endloop
  endfacet
  facet normal 1 0 0
    outer loop
      vertex 37.2 52.2046 -99.4152
      vertex 37.2 52.184 -99.3691
      vertex 37.2 52.1763 -99.3541
    endloop
  endfacet
  facet normal 1 0 -0
    outer loop
      vertex 37.2 50.7131 -100.081
      vertex 37.2 52.1763 -99.3541
      vertex 37.2 50.6864 -100.019
    endloop
  endfacet
  facet normal 1 0 0
    outer loop
      vertex 37.2 52.1763 -99.3541
      vertex 37.2 52.044 -98.6086
      vertex 37.2 50.6864 -100.019
    endloop
  endfacet
  facet normal 1 0 0
    outer loop
      vertex 37.2 52.044 -98.6086
      vertex 37.2 50.2196 -99.423
      vertex 37.2 50.6864 -100.019
    endloop
  endfacet
  facet normal 1 0 0
    outer loop
      vertex 37.2 52.0599 -98.6014
      vertex 37.2 52.044 -98.6086
      vertex 37.2 52.1763 -99.3541
    endloop
  endfacet
  facet normal 1 0 0
    outer loop
      vertex 37.2 50.2989 -92.8472
      vertex 37.2 55.3458 -94.463
      vertex 37.2 55.4519 -94.1289
    endloop
  endfacet
  facet normal 1 0 0
    outer loop
      vertex 37.2 48.771 -94.3255
      vertex 37.2 48.0513 -94.4495
      vertex 37.2 49.54 -99.5931
    endloop
  endfacet
  facet normal 1 0 0
    outer loop
      vertex 37.2 50.3766 -91.405
      vertex 37.2 50.1899 -91.7897
      vertex 37.2 50.4464 -92.1319
    endloop
  endfacet
  facet normal 1 0 0
    outer loop
      vertex 37.2 54.7871 -97.9759
      vertex 37.2 54.6955 -97.815
      vertex 37.2 53.5913 -98.8833
    endloop
  endfacet
  facet normal 1 0 0
    outer loop
      vertex 37.2 54.8832 -98.1725
      vertex 37.2 54.7871 -97.9759
      vertex 37.2 53.9424 -99.0827
    endloop
  endfacet
  facet normal 1 0 0
    outer loop
      vertex 37.2 52.6246 -98.2161
      vertex 37.2 52.6121 -98.2282
      vertex 37.2 53.2671 -98.6168
    endloop
  endfacet
  facet normal 1 -0 0
    outer loop
      vertex 37.2 53.4675 -98.7961
      vertex 37.2 53.5913 -98.8833
      vertex 37.2 54.6955 -97.815
    endloop
  endfacet
  facet normal 1 0 0
    outer loop
      vertex 37.2 54.7871 -97.9759
      vertex 37.2 53.7491 -98.9802
      vertex 37.2 53.9424 -99.0827
    endloop
  endfacet
  facet normal 1 0 0
    outer loop
      vertex 37.2 54.8832 -98.1725
      vertex 37.2 53.9424 -99.0827
      vertex 37.2 54.9795 -98.4059
    endloop
  endfacet
  facet normal 1 -0 0
    outer loop
      vertex 37.2 53.9424 -99.0827
      vertex 37.2 54.1725 -99.1867
      vertex 37.2 54.9795 -98.4059
    endloop
  endfacet
  facet normal 1 0 0
    outer loop
      vertex 37.2 54.1725 -99.1867
      vertex 37.2 55.0718 -98.6767
      vertex 37.2 54.9795 -98.4059
    endloop
  endfacet
  facet normal 1 0 -0
    outer loop
      vertex 37.2 54.4402 -99.2879
      vertex 37.2 55.0718 -98.6767
      vertex 37.2 54.1725 -99.1867
    endloop
  endfacet
  facet normal 1 0 -0
    outer loop
      vertex 37.2 54.7458 -99.382
      vertex 37.2 55.0718 -98.6767
      vertex 37.2 54.4402 -99.2879
    endloop
  endfacet
  facet normal 1 0 0
    outer loop
      vertex 37.2 55.1558 -98.9853
      vertex 37.2 55.0718 -98.6767
      vertex 37.2 54.7458 -99.382
    endloop
  endfacet
  facet normal 1 0 0
    outer loop
      vertex 37.2 54.7871 -97.9759
      vertex 37.2 53.5913 -98.8833
      vertex 37.2 53.7491 -98.9802
    endloop
  endfacet
  facet normal 1 0 0
    outer loop
      vertex 37.2 54.6955 -97.815
      vertex 37.2 54.6124 -97.6883
      vertex 37.2 53.4675 -98.7961
    endloop
  endfacet
  facet normal 1 0 0
    outer loop
      vertex 37.2 54.6124 -97.6883
      vertex 37.2 54.5417 -97.594
      vertex 37.2 53.4675 -98.7961
    endloop
  endfacet
  facet normal 1 0 0
    outer loop
      vertex 37.2 56.288 -93.6831
      vertex 37.2 56.3047 -93.6858
      vertex 37.2 56.3549 -93.6909
    endloop
  endfacet
  facet normal 1 0 0
    outer loop
      vertex 37.2 54.5417 -97.594
      vertex 37.2 53.3756 -98.7224
      vertex 37.2 53.4675 -98.7961
    endloop
  endfacet
  facet normal 1 0 0
    outer loop
      vertex 37.2 54.4871 -97.53
      vertex 37.2 53.3756 -98.7224
      vertex 37.2 54.5417 -97.594
    endloop
  endfacet
  facet normal 1 -0 0
    outer loop
      vertex 37.2 53.3133 -98.6657
      vertex 37.2 53.3756 -98.7224
      vertex 37.2 54.4871 -97.53
    endloop
  endfacet
  facet normal 1 0 -0
    outer loop
      vertex 37.2 53.3133 -98.6657
      vertex 37.2 54.4871 -97.53
      vertex 37.2 53.2671 -98.6168
    endloop
  endfacet
  facet normal 1 0 0
    outer loop
      vertex 37.2 54.4871 -97.53
      vertex 37.2 54.4521 -97.4936
      vertex 37.2 54.4397 -97.4822
    endloop
  endfacet
  facet normal 1 0 0
    outer loop
      vertex 37.2 54.4871 -97.53
      vertex 37.2 54.4397 -97.4822
      vertex 37.2 53.2671 -98.6168
    endloop
  endfacet
  facet normal 1 0 0
    outer loop
      vertex 37.2 54.4397 -97.4822
      vertex 37.2 52.6246 -98.2161
      vertex 37.2 53.2671 -98.6168
    endloop
  endfacet
  facet normal 1 0 0
    outer loop
      vertex 37.2 54.0605 -96.8268
      vertex 37.2 52.6246 -98.2161
      vertex 37.2 54.4397 -97.4822
    endloop
  endfacet
  facet normal 1 0 0
    outer loop
      vertex 37.2 50.4464 -92.1319
      vertex 37.2 55.7452 -91.802
      vertex 37.2 55.7306 -91.4518
    endloop
  endfacet
  facet normal 1 0 0
    outer loop
      vertex 37.2 54.0729 -96.8147
      vertex 37.2 54.0605 -96.8268
      vertex 37.2 54.4397 -97.4822
    endloop
  endfacet
  facet normal 1 0 0
    outer loop
      vertex 37.2 45.6005 -91.5049
      vertex 37.2 40.4617 -90.2108
      vertex 37.2 40.2548 -92.198
    endloop
  endfacet
  facet normal 1 0 0
    outer loop
      vertex 37.2 56.2805 -95.1743
      vertex 37.2 56.1591 -95.0837
      vertex 37.2 55.4621 -96.5163
    endloop
  endfacet
  facet normal 1 0 0
    outer loop
      vertex 37.2 56.4216 -95.2942
      vertex 37.2 55.6084 -96.5559
      vertex 37.2 55.7898 -96.5929
    endloop
  endfacet
  facet normal 1 0 0
    outer loop
      vertex 37.2 54.4718 -96.2595
      vertex 37.2 54.4641 -96.2752
      vertex 37.2 55.2126 -96.4163
    endloop
  endfacet
  facet normal 1 -0 0
    outer loop
      vertex 37.2 55.4621 -96.5163
      vertex 37.2 55.6084 -96.5559
      vertex 37.2 56.2805 -95.1743
    endloop
  endfacet
  facet normal 1 0 0
    outer loop
      vertex 37.2 56.4216 -95.2942
      vertex 37.2 55.7898 -96.5929
      vertex 37.2 56.0065 -96.6231
    endloop
  endfacet
  facet normal 1 0 0
    outer loop
      vertex 37.2 56.5792 -95.4461
      vertex 37.2 56.0065 -96.6231
      vertex 37.2 56.7495 -95.6324
    endloop
  endfacet
  facet normal 1 -0 0
    outer loop
      vertex 37.2 56.0065 -96.6231
      vertex 37.2 56.2583 -96.6422
      vertex 37.2 56.7495 -95.6324
    endloop
  endfacet
  facet normal 1 0 0
    outer loop
      vertex 37.2 56.2583 -96.6422
      vertex 37.2 56.9289 -95.8553
      vertex 37.2 56.7495 -95.6324
    endloop
  endfacet
  facet normal 1 0 -0
    outer loop
      vertex 37.2 56.5444 -96.6457
      vertex 37.2 56.9289 -95.8553
      vertex 37.2 56.2583 -96.6422
    endloop
  endfacet
  facet normal 1 0 0
    outer loop
      vertex 37.2 57.1133 -96.1166
      vertex 37.2 56.9289 -95.8553
      vertex 37.2 56.5444 -96.6457
    endloop
  endfacet
  facet normal 1 0 0
    outer loop
      vertex 37.2 57.1133 -96.1166
      vertex 37.2 56.5444 -96.6457
      vertex 37.2 56.8638 -96.6296
    endloop
  endfacet
  facet normal 1 0 0
    outer loop
      vertex 37.2 56.4216 -95.2942
      vertex 37.2 56.0065 -96.6231
      vertex 37.2 56.5792 -95.4461
    endloop
  endfacet
  facet normal 1 0 0
    outer loop
      vertex 37.2 56.2805 -95.1743
      vertex 37.2 55.6084 -96.5559
      vertex 37.2 56.4216 -95.2942
    endloop
  endfacet
  facet normal 1 0 0
    outer loop
      vertex 37.2 56.1591 -95.0837
      vertex 37.2 56.0605 -95.0193
      vertex 37.2 55.4621 -96.5163
    endloop
  endfacet
  facet normal 1 0 0
    outer loop
      vertex 37.2 56.3639 -90.7469
      vertex 37.2 56.3804 -90.7437
      vertex 37.2 56.4294 -90.7314
    endloop
  endfacet
  facet normal 1 0 0
    outer loop
      vertex 37.2 56.0605 -95.0193
      vertex 37.2 55.3506 -96.4784
      vertex 37.2 55.4621 -96.5163
    endloop
  endfacet
  facet normal 1 0 0
    outer loop
      vertex 37.2 55.9873 -94.9778
      vertex 37.2 55.3506 -96.4784
      vertex 37.2 56.0605 -95.0193
    endloop
  endfacet
  facet normal 1 -0 0
    outer loop
      vertex 37.2 55.2727 -96.4465
      vertex 37.2 55.3506 -96.4784
      vertex 37.2 55.9873 -94.9778
    endloop
  endfacet
  facet normal 1 0 -0
    outer loop
      vertex 37.2 55.2727 -96.4465
      vertex 37.2 55.9873 -94.9778
      vertex 37.2 55.2126 -96.4163
    endloop
  endfacet
  facet normal 1 0 0
    outer loop
      vertex 37.2 55.9873 -94.9778
      vertex 37.2 55.9419 -94.9556
      vertex 37.2 55.9264 -94.9491
    endloop
  endfacet
  facet normal 1 0 0
    outer loop
      vertex 37.2 55.9873 -94.9778
      vertex 37.2 55.9264 -94.9491
      vertex 37.2 55.2126 -96.4163
    endloop
  endfacet
  facet normal 1 0 0
    outer loop
      vertex 37.2 55.9264 -94.9491
      vertex 37.2 54.4718 -96.2595
      vertex 37.2 55.2126 -96.4163
    endloop
  endfacet
  facet normal 1 0 0
    outer loop
      vertex 37.2 55.3458 -94.463
      vertex 37.2 54.4718 -96.2595
      vertex 37.2 55.9264 -94.9491
    endloop
  endfacet
  facet normal 1 0 0
    outer loop
      vertex 37.2 50.0956 -90.7309
      vertex 37.2 55.2104 -89.165
      vertex 37.2 55.0769 -88.8408
    endloop
  endfacet
  facet normal 1 0 0
    outer loop
      vertex 37.2 49.6285 -90.1695
      vertex 37.2 49.6909 -90.5926
      vertex 37.2 50.0956 -90.7309
    endloop
  endfacet
  facet normal 1 0 0
    outer loop
      vertex 37.2 55.3534 -94.4473
      vertex 37.2 55.3458 -94.463
      vertex 37.2 55.9264 -94.9491
    endloop
  endfacet
  facet normal 1 0 0
    outer loop
      vertex 37.2 41.7256 -87.4508
      vertex 37.2 41.5282 -87.7405
      vertex 37.2 45.8531 -90.8197
    endloop
  endfacet
  facet normal 1 0 0
    outer loop
      vertex 37.2 57.0404 -92.2152
      vertex 37.2 56.8668 -92.1508
      vertex 37.2 56.7077 -93.6789
    endloop
  endfacet
  facet normal 1 0 0
    outer loop
      vertex 37.2 57.0404 -92.2152
      vertex 37.2 56.7077 -93.6789
      vertex 37.2 56.8909 -93.6517
    endloop
  endfacet
  facet normal 1 -0 0
    outer loop
      vertex 37.2 55.5383 -93.7892
      vertex 37.2 55.5365 -93.8065
      vertex 37.2 56.288 -93.6831
    endloop
  endfacet
  facet normal 1 0 0
    outer loop
      vertex 37.2 56.5568 -93.6917
      vertex 37.2 56.7077 -93.6789
      vertex 37.2 56.8668 -92.1508
    endloop
  endfacet
  facet normal 1 0 0
    outer loop
      vertex 37.2 57.0404 -92.2152
      vertex 37.2 56.8909 -93.6517
      vertex 37.2 57.1049 -93.6059
    endloop
  endfacet
  facet normal 1 0 0
    outer loop
      vertex 37.2 57.2404 -92.304
      vertex 37.2 57.1049 -93.6059
      vertex 37.2 57.3479 -93.5377
    endloop
  endfacet
  facet normal 1 0 0
    outer loop
      vertex 37.2 57.2404 -92.304
      vertex 37.2 57.3479 -93.5377
      vertex 37.2 57.4642 -92.4208
    endloop
  endfacet
  facet normal 1 0 0
    outer loop
      vertex 37.2 57.3479 -93.5377
      vertex 37.2 57.709 -92.5689
      vertex 37.2 57.4642 -92.4208
    endloop
  endfacet
  facet normal 1 0 -0
    outer loop
      vertex 37.2 57.618 -93.4432
      vertex 37.2 57.709 -92.5689
      vertex 37.2 57.3479 -93.5377
    endloop
  endfacet
  facet normal 1 0 0
    outer loop
      vertex 37.2 57.9126 -93.3188
      vertex 37.2 57.709 -92.5689
      vertex 37.2 57.618 -93.4432
    endloop
  endfacet
  facet normal 1 0 0
    outer loop
      vertex 37.2 57.9717 -92.7514
      vertex 37.2 57.709 -92.5689
      vertex 37.2 57.9126 -93.3188
    endloop
  endfacet
  facet normal 1 0 0
    outer loop
      vertex 37.2 57.0404 -92.2152
      vertex 37.2 57.1049 -93.6059
      vertex 37.2 57.2404 -92.304
    endloop
  endfacet
  facet normal 1 -0 0
    outer loop
      vertex 37.2 55.6956 -91.103
      vertex 37.2 55.6999 -91.1199
      vertex 37.2 56.3639 -90.7469
    endloop
  endfacet
  facet normal 1 0 0
    outer loop
      vertex 37.2 56.8668 -92.1508
      vertex 37.2 56.7218 -92.1071
      vertex 37.2 56.5568 -93.6917
    endloop
  endfacet
  facet normal 1 0 0
    outer loop
      vertex 37.2 56.7218 -92.1071
      vertex 37.2 56.607 -92.0804
      vertex 37.2 56.5568 -93.6917
    endloop
  endfacet
  facet normal 1 0 -0
    outer loop
      vertex 37.2 50.0956 -90.7309
      vertex 37.2 53.8059 -86.8698
      vertex 37.2 49.6285 -90.1695
    endloop
  endfacet
  facet normal 1 0 0
    outer loop
      vertex 37.2 56.607 -92.0804
      vertex 37.2 56.439 -93.6943
      vertex 37.2 56.5568 -93.6917
    endloop
  endfacet
  facet normal 1 -0 0
    outer loop
      vertex 37.2 56.3549 -93.6909
      vertex 37.2 56.439 -93.6943
      vertex 37.2 56.607 -92.0804
    endloop
  endfacet
  facet normal 1 0 0
    outer loop
      vertex 37.2 56.3549 -93.6909
      vertex 37.2 56.607 -92.0804
      vertex 37.2 56.524 -92.0664
    endloop
  endfacet
  facet normal 1 0 0
    outer loop
      vertex 37.2 56.3549 -93.6909
      vertex 37.2 56.524 -92.0664
      vertex 37.2 56.457 -92.0602
    endloop
  endfacet
  facet normal 1 0 0
    outer loop
      vertex 37.2 56.524 -92.0664
      vertex 37.2 56.4738 -92.0611
      vertex 37.2 56.457 -92.0602
    endloop
  endfacet
  facet normal 1 0 -0
    outer loop
      vertex 37.2 56.3549 -93.6909
      vertex 37.2 56.457 -92.0602
      vertex 37.2 56.288 -93.6831
    endloop
  endfacet
  facet normal 1 0 0
    outer loop
      vertex 37.2 56.457 -92.0602
      vertex 37.2 55.5383 -93.7892
      vertex 37.2 56.288 -93.6831
    endloop
  endfacet
  facet normal 1 0 0
    outer loop
      vertex 37.2 55.747 -91.7847
      vertex 37.2 55.7452 -91.802
      vertex 37.2 56.457 -92.0602
    endloop
  endfacet
  facet normal 1 0 0
    outer loop
      vertex 37.2 55.7452 -91.802
      vertex 37.2 55.5383 -93.7892
      vertex 37.2 56.457 -92.0602
    endloop
  endfacet
  facet normal 1 0 -0
    outer loop
      vertex 37.2 49.6285 -90.1695
      vertex 37.2 51.7012 -85.1935
      vertex 37.2 49.0166 -89.7709
    endloop
  endfacet
  facet normal 1 0 0
    outer loop
      vertex 37.2 53.3186 -86.3662
      vertex 37.2 49.6285 -90.1695
      vertex 37.2 53.5696 -86.6109
    endloop
  endfacet
  facet normal 1 0 0
    outer loop
      vertex 37.2 56.7568 -90.5994
      vertex 37.2 56.2324 -89.1177
      vertex 37.2 56.6194 -90.6631
    endloop
  endfacet
  facet normal 1 0 0
    outer loop
      vertex 37.2 56.5688 -89.1102
      vertex 37.2 56.3837 -89.1091
      vertex 37.2 56.9196 -90.5112
    endloop
  endfacet
  facet normal 1 0 0
    outer loop
      vertex 37.2 55.4309 -87.9619
      vertex 37.2 55.4453 -87.9532
      vertex 37.2 55.4871 -87.9249
    endloop
  endfacet
  facet normal 1 -0 0
    outer loop
      vertex 37.2 56.2324 -89.1177
      vertex 37.2 56.7568 -90.5994
      vertex 37.2 56.3837 -89.1091
    endloop
  endfacet
  facet normal 1 0 0
    outer loop
      vertex 37.2 56.5688 -89.1102
      vertex 37.2 56.9196 -90.5112
      vertex 37.2 57.105 -90.395
    endloop
  endfacet
  facet normal 1 0 0
    outer loop
      vertex 37.2 56.7871 -89.1253
      vertex 37.2 57.105 -90.395
      vertex 37.2 57.3101 -90.2478
    endloop
  endfacet
  facet normal 1 0 0
    outer loop
      vertex 37.2 56.7871 -89.1253
      vertex 37.2 57.3101 -90.2478
      vertex 37.2 57.0374 -89.1585
    endloop
  endfacet
  facet normal 1 0 -0
    outer loop
      vertex 37.2 57.3101 -90.2478
      vertex 37.2 57.5316 -90.0666
      vertex 37.2 57.0374 -89.1585
    endloop
  endfacet
  facet normal 1 0 0
    outer loop
      vertex 37.2 57.5316 -90.0666
      vertex 37.2 57.3181 -89.2139
      vertex 37.2 57.0374 -89.1585
    endloop
  endfacet
  facet normal 1 0 0
    outer loop
      vertex 37.2 57.7659 -89.8489
      vertex 37.2 57.3181 -89.2139
      vertex 37.2 57.5316 -90.0666
    endloop
  endfacet
  facet normal 1 0 0
    outer loop
      vertex 37.2 57.6273 -89.2955
      vertex 37.2 57.3181 -89.2139
      vertex 37.2 57.7659 -89.8489
    endloop
  endfacet
  facet normal 1 0 0
    outer loop
      vertex 37.2 56.5688 -89.1102
      vertex 37.2 57.105 -90.395
      vertex 37.2 56.7871 -89.1253
    endloop
  endfacet
  facet normal 1 0 0
    outer loop
      vertex 37.2 53.3186 -86.3662
      vertex 37.2 51.7012 -85.1935
      vertex 37.2 49.6285 -90.1695
    endloop
  endfacet
  facet normal 1 0 0
    outer loop
      vertex 37.2 56.3837 -89.1091
      vertex 37.2 56.7568 -90.5994
      vertex 37.2 56.9196 -90.5112
    endloop
  endfacet
  facet normal 1 0 0
    outer loop
      vertex 37.2 55.4309 -87.9619
      vertex 37.2 54.9247 -88.5251
      vertex 37.2 54.9345 -88.5395
    endloop
  endfacet
  facet normal 1 0 0
    outer loop
      vertex 37.2 56.2324 -89.1177
      vertex 37.2 56.1154 -89.1317
      vertex 37.2 56.6194 -90.6631
    endloop
  endfacet
  facet normal 1 0 0
    outer loop
      vertex 37.2 56.1154 -89.1317
      vertex 37.2 56.5096 -90.7058
      vertex 37.2 56.6194 -90.6631
    endloop
  endfacet
  facet normal 1 -0 0
    outer loop
      vertex 37.2 56.0327 -89.147
      vertex 37.2 56.5096 -90.7058
      vertex 37.2 56.1154 -89.1317
    endloop
  endfacet
  facet normal 1 0 -0
    outer loop
      vertex 37.2 56.4294 -90.7314
      vertex 37.2 56.5096 -90.7058
      vertex 37.2 56.0327 -89.147
    endloop
  endfacet
  facet normal 1 0 0
    outer loop
      vertex 37.2 56.4294 -90.7314
      vertex 37.2 56.0327 -89.147
      vertex 37.2 55.9676 -89.1641
    endloop
  endfacet
  facet normal 1 0 0
    outer loop
      vertex 37.2 56.0327 -89.147
      vertex 37.2 55.9837 -89.1592
      vertex 37.2 55.9676 -89.1641
    endloop
  endfacet
  facet normal 1 0 0
    outer loop
      vertex 37.2 56.4294 -90.7314
      vertex 37.2 55.9676 -89.1641
      vertex 37.2 56.3639 -90.7469
    endloop
  endfacet
  facet normal 1 0 0
    outer loop
      vertex 37.2 55.9676 -89.1641
      vertex 37.2 55.2104 -89.165
      vertex 37.2 56.3639 -90.7469
    endloop
  endfacet
  facet normal 1 0 0
    outer loop
      vertex 37.2 55.2104 -89.165
      vertex 37.2 55.6956 -91.103
      vertex 37.2 56.3639 -90.7469
    endloop
  endfacet
  facet normal 1 0 0
    outer loop
      vertex 37.2 53.8059 -86.8698
      vertex 37.2 53.5696 -86.6109
      vertex 37.2 49.6285 -90.1695
    endloop
  endfacet
  facet normal 1 0 0
    outer loop
      vertex 37.2 55.2062 -89.148
      vertex 37.2 55.2104 -89.165
      vertex 37.2 55.9676 -89.1641
    endloop
  endfacet
  facet normal 1 0 0
    outer loop
      vertex 37.2 53.8059 -86.8698
      vertex 37.2 50.0956 -90.7309
      vertex 37.2 54.9247 -88.5251
    endloop
  endfacet
  facet normal 1 0 0
    outer loop
      vertex 37.2 51.7012 -85.1935
      vertex 37.2 51.3905 -85.031
      vertex 37.2 49.0166 -89.7709
    endloop
  endfacet
  facet normal 1 0 0
    outer loop
      vertex 37.2 55.0637 -86.3538
      vertex 37.2 54.8893 -86.416
      vertex 37.2 55.8725 -87.5503
    endloop
  endfacet
  facet normal 1 -0 0
    outer loop
      vertex 37.2 54.7501 -86.4759
      vertex 37.2 55.7497 -87.6889
      vertex 37.2 54.8893 -86.416
    endloop
  endfacet
  facet normal 1 -0 0
    outer loop
      vertex 37.2 55.0637 -86.3538
      vertex 37.2 55.8725 -87.5503
      vertex 37.2 55.274 -86.2933
    endloop
  endfacet
  facet normal 1 -0 0
    outer loop
      vertex 37.2 55.274 -86.2933
      vertex 37.2 56.007 -87.3777
      vertex 37.2 55.5205 -86.2389
    endloop
  endfacet
  facet normal 1 0 -0
    outer loop
      vertex 37.2 56.007 -87.3777
      vertex 37.2 56.1494 -87.1692
      vertex 37.2 55.5205 -86.2389
    endloop
  endfacet
  facet normal 1 0 -0
    outer loop
      vertex 37.2 56.1494 -87.1692
      vertex 37.2 56.2955 -86.9232
      vertex 37.2 55.5205 -86.2389
    endloop
  endfacet
  facet normal 1 0 0
    outer loop
      vertex 37.2 56.2955 -86.9232
      vertex 37.2 55.8033 -86.195
      vertex 37.2 55.5205 -86.2389
    endloop
  endfacet
  facet normal 1 0 0
    outer loop
      vertex 37.2 56.1218 -86.1659
      vertex 37.2 55.8033 -86.195
      vertex 37.2 56.2955 -86.9232
    endloop
  endfacet
  facet normal 1 0 0
    outer loop
      vertex 37.2 56.1218 -86.1659
      vertex 37.2 56.2955 -86.9232
      vertex 37.2 56.4412 -86.6385
    endloop
  endfacet
  facet normal 1 0 -0
    outer loop
      vertex 37.2 55.8725 -87.5503
      vertex 37.2 56.007 -87.3777
      vertex 37.2 55.274 -86.2933
    endloop
  endfacet
  facet normal 1 0 0
    outer loop
      vertex 37.2 51.071 -84.8869
      vertex 37.2 49.0166 -89.7709
      vertex 37.2 51.3905 -85.031
    endloop
  endfacet
  facet normal 1 0 -0
    outer loop
      vertex 37.2 55.7497 -87.6889
      vertex 37.2 55.8725 -87.5503
      vertex 37.2 54.8893 -86.416
    endloop
  endfacet
  facet normal 1 0 -0
    outer loop
      vertex 37.2 53.6122 -85.6508
      vertex 37.2 53.6418 -85.6099
      vertex 37.2 53.6016 -85.6639
    endloop
  endfacet
  facet normal 1 0 -0
    outer loop
      vertex 37.2 55.6423 -87.7957
      vertex 37.2 55.7497 -87.6889
      vertex 37.2 54.7501 -86.4759
    endloop
  endfacet
  facet normal 1 -0 0
    outer loop
      vertex 37.2 52.564 -84.3965
      vertex 37.2 53.8758 -85.1261
      vertex 37.2 52.7066 -84.2784
    endloop
  endfacet
  facet normal 1 0 0
    outer loop
      vertex 37.2 55.6423 -87.7957
      vertex 37.2 54.7501 -86.4759
      vertex 37.2 55.5537 -87.8734
    endloop
  endfacet
  facet normal 1 0 0
    outer loop
      vertex 37.2 54.7501 -86.4759
      vertex 37.2 54.645 -86.5291
      vertex 37.2 55.5537 -87.8734
    endloop
  endfacet
  facet normal 1 0 0
    outer loop
      vertex 37.2 54.645 -86.5291
      vertex 37.2 54.5725 -86.5717
      vertex 37.2 55.5537 -87.8734
    endloop
  endfacet
  facet normal 1 0 0
    outer loop
      vertex 37.2 54.5725 -86.5717
      vertex 37.2 55.4871 -87.9249
      vertex 37.2 55.5537 -87.8734
    endloop
  endfacet
  facet normal 1 0 -0
    outer loop
      vertex 37.2 55.4309 -87.9619
      vertex 37.2 55.4871 -87.9249
      vertex 37.2 54.5725 -86.5717
    endloop
  endfacet
  facet normal 1 0 -0
    outer loop
      vertex 37.2 49.0166 -89.7709
      vertex 37.2 51.071 -84.8869
      vertex 37.2 48.3144 -89.5703
    endloop
  endfacet
  facet normal 1 0 0
    outer loop
      vertex 37.2 54.5171 -86.6101
      vertex 37.2 54.5725 -86.5717
      vertex 37.2 54.5306 -86.5999
    endloop
  endfacet
  facet normal 1 0 0
    outer loop
      vertex 37.2 55.4309 -87.9619
      vertex 37.2 54.5725 -86.5717
      vertex 37.2 54.5171 -86.6101
    endloop
  endfacet
  facet normal 1 0 0
    outer loop
      vertex 37.2 55.4309 -87.9619
      vertex 37.2 54.5171 -86.6101
      vertex 37.2 53.8059 -86.8698
    endloop
  endfacet
  facet normal 1 0 0
    outer loop
      vertex 37.2 55.4309 -87.9619
      vertex 37.2 53.8059 -86.8698
      vertex 37.2 54.9247 -88.5251
    endloop
  endfacet
  facet normal 1 0 0
    outer loop
      vertex 37.2 54.5171 -86.6101
      vertex 37.2 53.7961 -86.8554
      vertex 37.2 53.8059 -86.8698
    endloop
  endfacet
  facet normal 1 0 -0
    outer loop
      vertex 37.2 53.3327 -86.3764
      vertex 37.2 53.6016 -85.6639
      vertex 37.2 53.3186 -86.3662
    endloop
  endfacet
  facet normal 1 0 0
    outer loop
      vertex 37.2 53.8078 -85.2983
      vertex 37.2 52.564 -84.3965
      vertex 37.2 52.4537 -84.5003
    endloop
  endfacet
  facet normal 1 0 0
    outer loop
      vertex 37.2 53.8758 -85.1261
      vertex 37.2 52.8835 -84.1496
      vertex 37.2 52.7066 -84.2784
    endloop
  endfacet
  facet normal 1 0 0
    outer loop
      vertex 37.2 52.8835 -84.1496
      vertex 37.2 53.9432 -84.9179
      vertex 37.2 54.0057 -84.6733
    endloop
  endfacet
  facet normal 1 -0 0
    outer loop
      vertex 37.2 52.8835 -84.1496
      vertex 37.2 54.0057 -84.6733
      vertex 37.2 53.0965 -84.0142
    endloop
  endfacet
  facet normal 1 0 -0
    outer loop
      vertex 37.2 54.0057 -84.6733
      vertex 37.2 54.0589 -84.3922
      vertex 37.2 53.0965 -84.0142
    endloop
  endfacet
  facet normal 1 0 0
    outer loop
      vertex 37.2 54.0589 -84.3922
      vertex 37.2 53.3472 -83.8762
      vertex 37.2 53.0965 -84.0142
    endloop
  endfacet
  facet normal 1 0 0
    outer loop
      vertex 37.2 54.0984 -84.0748
      vertex 37.2 53.3472 -83.8762
      vertex 37.2 54.0589 -84.3922
    endloop
  endfacet
  facet normal 1 0 0
    outer loop
      vertex 37.2 53.6366 -83.7399
      vertex 37.2 53.3472 -83.8762
      vertex 37.2 54.0984 -84.0748
    endloop
  endfacet
  facet normal 1 0 -0
    outer loop
      vertex 37.2 53.8758 -85.1261
      vertex 37.2 53.9432 -84.9179
      vertex 37.2 52.8835 -84.1496
    endloop
  endfacet
  facet normal 1 0 0
    outer loop
      vertex 37.2 48.3144 -89.5703
      vertex 37.2 49.15 -84.3381
      vertex 37.2 48.8025 -84.2917
    endloop
  endfacet
  facet normal 1 0 0
    outer loop
      vertex 37.2 52.564 -84.3965
      vertex 37.2 53.8078 -85.2983
      vertex 37.2 53.8758 -85.1261
    endloop
  endfacet
  facet normal 1 0 0
    outer loop
      vertex 37.2 52.4537 -84.5003
      vertex 37.2 53.7435 -85.4355
      vertex 37.2 53.8078 -85.2983
    endloop
  endfacet
  facet normal 1 0 -0
    outer loop
      vertex 37.2 53.6868 -85.5388
      vertex 37.2 53.7435 -85.4355
      vertex 37.2 52.4537 -84.5003
    endloop
  endfacet
  facet normal 1 0 0
    outer loop
      vertex 37.2 53.6868 -85.5388
      vertex 37.2 52.4537 -84.5003
      vertex 37.2 52.3731 -84.5863
    endloop
  endfacet
  facet normal 1 0 0
    outer loop
      vertex 37.2 53.6868 -85.5388
      vertex 37.2 52.3731 -84.5863
      vertex 37.2 53.6418 -85.6099
    endloop
  endfacet
  facet normal 1 0 0
    outer loop
      vertex 37.2 52.3731 -84.5863
      vertex 37.2 52.3195 -84.6511
      vertex 37.2 53.6418 -85.6099
    endloop
  endfacet
  facet normal 1 0 0
    outer loop
      vertex 37.2 52.3195 -84.6511
      vertex 37.2 52.2807 -84.7061
      vertex 37.2 53.6418 -85.6099
    endloop
  endfacet
  facet normal 1 -0 0
    outer loop
      vertex 37.2 52.2898 -84.692
      vertex 37.2 52.2807 -84.7061
      vertex 37.2 52.3195 -84.6511
    endloop
  endfacet
  facet normal 1 0 0
    outer loop
      vertex 37.2 52.2807 -84.7061
      vertex 37.2 53.6016 -85.6639
      vertex 37.2 53.6418 -85.6099
    endloop
  endfacet
  facet normal 1 -0 0
    outer loop
      vertex 37.2 51.7012 -85.1935
      vertex 37.2 53.6016 -85.6639
      vertex 37.2 52.2807 -84.7061
    endloop
  endfacet
  facet normal 1 0 -0
    outer loop
      vertex 37.2 51.7012 -85.1935
      vertex 37.2 52.2807 -84.7061
      vertex 37.2 51.687 -85.1833
    endloop
  endfacet
  facet normal 1 0 0
    outer loop
      vertex 37.2 43.66 -85.5792
      vertex 37.2 43.3754 -85.7839
      vertex 37.2 46.891 -89.8154
    endloop
  endfacet
  facet normal 1 0 -0
    outer loop
      vertex 37.2 53.3186 -86.3662
      vertex 37.2 53.6016 -85.6639
      vertex 37.2 51.7012 -85.1935
    endloop
  endfacet
  facet normal 1 0 0
    outer loop
      vertex 37.2 48.3144 -89.5703
      vertex 37.2 47.5842 -89.5855
      vertex 37.2 47.9539 -89.8005
    endloop
  endfacet
  facet normal 1 0 0
    outer loop
      vertex 37.2 48.3144 -89.5703
      vertex 37.2 48.8025 -84.2917
      vertex 37.2 48.4529 -84.2655
    endloop
  endfacet
  facet normal 1 0 0
    outer loop
      vertex 37.2 49.7817 -83.1343
      vertex 37.2 49.6882 -83.2941
      vertex 37.2 51.1704 -83.531
    endloop
  endfacet
  facet normal 1 -0 0
    outer loop
      vertex 37.2 51.071 -84.8869
      vertex 37.2 51.0877 -84.8917
      vertex 37.2 51.0967 -84.1301
    endloop
  endfacet
  facet normal 1 0 0
    outer loop
      vertex 37.2 51.0967 -84.1301
      vertex 37.2 51.1022 -84.1142
      vertex 37.2 51.116 -84.0656
    endloop
  endfacet
  facet normal 1 -0 0
    outer loop
      vertex 37.2 49.62 -83.4294
      vertex 37.2 51.1655 -83.7161
      vertex 37.2 49.6882 -83.2941
    endloop
  endfacet
  facet normal 1 -0 0
    outer loop
      vertex 37.2 49.7817 -83.1343
      vertex 37.2 51.1704 -83.531
      vertex 37.2 49.904 -82.9528
    endloop
  endfacet
  facet normal 1 0 0
    outer loop
      vertex 37.2 49.904 -82.9528
      vertex 37.2 51.1626 -83.3123
      vertex 37.2 51.1376 -83.0611
    endloop
  endfacet
  facet normal 1 -0 0
    outer loop
      vertex 37.2 49.904 -82.9528
      vertex 37.2 51.1376 -83.0611
      vertex 37.2 50.0579 -82.7526
    endloop
  endfacet
  facet normal 1 0 0
    outer loop
      vertex 37.2 51.1376 -83.0611
      vertex 37.2 51.0914 -82.7787
      vertex 37.2 50.0579 -82.7526
    endloop
  endfacet
  facet normal 1 0 0
    outer loop
      vertex 37.2 51.0914 -82.7787
      vertex 37.2 50.2463 -82.5373
      vertex 37.2 50.0579 -82.7526
    endloop
  endfacet
  facet normal 1 0 0
    outer loop
      vertex 37.2 50.4715 -82.3103
      vertex 37.2 50.2463 -82.5373
      vertex 37.2 51.0914 -82.7787
    endloop
  endfacet
  facet normal 1 0 0
    outer loop
      vertex 37.2 51.1704 -83.531
      vertex 37.2 51.1626 -83.3123
      vertex 37.2 49.904 -82.9528
    endloop
  endfacet
  facet normal 1 0 0
    outer loop
      vertex 37.2 51.0914 -82.7787
      vertex 37.2 51.0201 -82.467
      vertex 37.2 50.4715 -82.3103
    endloop
  endfacet
  facet normal 1 0 -0
    outer loop
      vertex 37.2 48.3144 -89.5703
      vertex 37.2 48.4529 -84.2655
      vertex 37.2 47.5842 -89.5855
    endloop
  endfacet
  facet normal 1 0 -0
    outer loop
      vertex 37.2 51.1519 -83.867
      vertex 37.2 51.1655 -83.7161
      vertex 37.2 49.62 -83.4294
    endloop
  endfacet
  facet normal 1 0 0
    outer loop
      vertex 37.2 51.1519 -83.867
      vertex 37.2 49.62 -83.4294
      vertex 37.2 51.134 -83.9834
    endloop
  endfacet
  facet normal 1 0 0
    outer loop
      vertex 37.2 49.62 -83.4294
      vertex 37.2 49.5737 -83.5377
      vertex 37.2 51.134 -83.9834
    endloop
  endfacet
  facet normal 1 0 0
    outer loop
      vertex 37.2 49.5737 -83.5377
      vertex 37.2 51.116 -84.0656
      vertex 37.2 51.134 -83.9834
    endloop
  endfacet
  facet normal 1 -0 0
    outer loop
      vertex 37.2 49.5455 -83.617
      vertex 37.2 51.116 -84.0656
      vertex 37.2 49.5737 -83.5377
    endloop
  endfacet
  facet normal 1 -0 0
    outer loop
      vertex 37.2 49.5279 -83.6819
      vertex 37.2 51.116 -84.0656
      vertex 37.2 49.5455 -83.617
    endloop
  endfacet
  facet normal 1 0 0
    outer loop
      vertex 37.2 49.5279 -83.6819
      vertex 37.2 49.5455 -83.617
      vertex 37.2 49.5316 -83.6655
    endloop
  endfacet
  facet normal 1 0 -0
    outer loop
      vertex 37.2 51.0967 -84.1301
      vertex 37.2 51.116 -84.0656
      vertex 37.2 49.5279 -83.6819
    endloop
  endfacet
  facet normal 1 0 0
    outer loop
      vertex 37.2 51.0967 -84.1301
      vertex 37.2 49.5279 -83.6819
      vertex 37.2 49.15 -84.3381
    endloop
  endfacet
  facet normal 1 0 0
    outer loop
      vertex 37.2 51.0967 -84.1301
      vertex 37.2 49.15 -84.3381
      vertex 37.2 51.071 -84.8869
    endloop
  endfacet
  facet normal 1 0 0
    outer loop
      vertex 37.2 49.5279 -83.6819
      vertex 37.2 49.1332 -84.3333
      vertex 37.2 49.15 -84.3381
    endloop
  endfacet
  facet normal 1 0 0
    outer loop
      vertex 37.2 48.4529 -84.2655
      vertex 37.2 46.46 -84.4069
      vertex 37.2 47.5842 -89.5855
    endloop
  endfacet
  facet normal 1 0 0
    outer loop
      vertex 37.2 48.1413 -83.133
      vertex 37.2 46.591 -83.3921
      vertex 37.2 48.1802 -83.2794
    endloop
  endfacet
  facet normal 1 0 0
    outer loop
      vertex 37.2 46.46 -84.4069
      vertex 37.2 46.1177 -84.4821
      vertex 37.2 47.5842 -89.5855
    endloop
  endfacet
  facet normal 1 0 0
    outer loop
      vertex 37.2 48.4703 -84.2643
      vertex 37.2 48.2183 -83.5456
      vertex 37.2 48.4529 -84.2655
    endloop
  endfacet
  facet normal 1 0 0
    outer loop
      vertex 37.2 48.2144 -83.4784
      vertex 37.2 48.2183 -83.5456
      vertex 37.2 48.2181 -83.5288
    endloop
  endfacet
  facet normal 1 -0 0
    outer loop
      vertex 37.2 46.6088 -83.2417
      vertex 37.2 46.591 -83.3921
      vertex 37.2 48.1413 -83.133
    endloop
  endfacet
  facet normal 1 0 0
    outer loop
      vertex 37.2 46.6948 -82.8472
      vertex 37.2 46.642 -83.0595
      vertex 37.2 48.0827 -82.9574
    endloop
  endfacet
  facet normal 1 0 0
    outer loop
      vertex 37.2 47.8911 -82.5271
      vertex 37.2 46.6948 -82.8472
      vertex 37.2 48.0005 -82.7546
    endloop
  endfacet
  facet normal 1 -0 0
    outer loop
      vertex 37.2 46.6948 -82.8472
      vertex 37.2 48.0827 -82.9574
      vertex 37.2 48.0005 -82.7546
    endloop
  endfacet
  facet normal 1 0 0
    outer loop
      vertex 37.2 46.6948 -82.8472
      vertex 37.2 47.8911 -82.5271
      vertex 37.2 46.771 -82.6065
    endloop
  endfacet
  facet normal 1 0 0
    outer loop
      vertex 37.2 47.8911 -82.5271
      vertex 37.2 46.8743 -82.3397
      vertex 37.2 46.771 -82.6065
    endloop
  endfacet
  facet normal 1 0 0
    outer loop
      vertex 37.2 47.7511 -82.2775
      vertex 37.2 46.8743 -82.3397
      vertex 37.2 47.8911 -82.5271
    endloop
  endfacet
  facet normal 1 0 0
    outer loop
      vertex 37.2 46.8743 -82.3397
      vertex 37.2 47.7511 -82.2775
      vertex 37.2 47.5774 -82.0089
    endloop
  endfacet
  facet normal 1 0 0
    outer loop
      vertex 37.2 46.8743 -82.3397
      vertex 37.2 47.5774 -82.0089
      vertex 37.2 47.0084 -82.0493
    endloop
  endfacet
  facet normal 1 0 0
    outer loop
      vertex 37.2 45.1867 -83.7437
      vertex 37.2 43.7661 -84.5059
      vertex 37.2 45.2478 -83.8445
    endloop
  endfacet
  facet normal 1 0 0
    outer loop
      vertex 37.2 46.6088 -83.2417
      vertex 37.2 48.0827 -82.9574
      vertex 37.2 46.642 -83.0595
    endloop
  endfacet
  facet normal 1 0 0
    outer loop
      vertex 37.2 48.1413 -83.133
      vertex 37.2 48.0827 -82.9574
      vertex 37.2 46.6088 -83.2417
    endloop
  endfacet
  facet normal 1 0 0
    outer loop
      vertex 37.2 48.1802 -83.2794
      vertex 37.2 46.591 -83.3921
      vertex 37.2 48.2032 -83.395
    endloop
  endfacet
  facet normal 1 0 0
    outer loop
      vertex 37.2 43.6323 -83.5933
      vertex 37.2 44.6577 -83.1356
      vertex 37.2 44.4408 -82.9489
    endloop
  endfacet
  facet normal 1 0 0
    outer loop
      vertex 37.2 46.591 -83.3921
      vertex 37.2 46.5845 -83.5098
      vertex 37.2 48.2032 -83.395
    endloop
  endfacet
  facet normal 1 0 0
    outer loop
      vertex 37.2 44.8383 -83.312
      vertex 37.2 43.6661 -84.0632
      vertex 37.2 44.9849 -83.4744
    endloop
  endfacet
  facet normal 1 -0 0
    outer loop
      vertex 37.2 46.5845 -83.5098
      vertex 37.2 46.5852 -83.5939
      vertex 37.2 48.2032 -83.395
    endloop
  endfacet
  facet normal 1 0 0
    outer loop
      vertex 37.2 45.1867 -83.7437
      vertex 37.2 45.1001 -83.6194
      vertex 37.2 43.6972 -84.2457
    endloop
  endfacet
  facet normal 1 0 0
    outer loop
      vertex 37.2 46.5852 -83.5939
      vertex 37.2 48.2144 -83.4784
      vertex 37.2 48.2032 -83.395
    endloop
  endfacet
  facet normal 1 0 0
    outer loop
      vertex 37.2 48.2183 -83.5456
      vertex 37.2 48.2144 -83.4784
      vertex 37.2 46.5852 -83.5939
    endloop
  endfacet
  facet normal 1 0 0
    outer loop
      vertex 37.2 46.5908 -83.661
      vertex 37.2 46.5852 -83.5939
      vertex 37.2 46.5887 -83.6443
    endloop
  endfacet
  facet normal 1 0 0
    outer loop
      vertex 37.2 45.7962 -84.57
      vertex 37.2 45.3136 -83.9808
      vertex 37.2 45.7804 -84.577
    endloop
  endfacet
  facet normal 1 0 0
    outer loop
      vertex 37.2 48.2183 -83.5456
      vertex 37.2 46.5852 -83.5939
      vertex 37.2 46.5908 -83.661
    endloop
  endfacet
  facet normal 1 0 0
    outer loop
      vertex 37.2 48.2183 -83.5456
      vertex 37.2 46.5908 -83.661
      vertex 37.2 48.4529 -84.2655
    endloop
  endfacet
  facet normal 1 0 0
    outer loop
      vertex 37.2 46.5908 -83.661
      vertex 37.2 46.4427 -84.4081
      vertex 37.2 46.46 -84.4069
    endloop
  endfacet
  facet normal 1 0 0
    outer loop
      vertex 37.2 46.5908 -83.661
      vertex 37.2 46.46 -84.4069
      vertex 37.2 48.4529 -84.2655
    endloop
  endfacet
  facet normal 1 -0 0
    outer loop
      vertex 37.2 45.7804 -84.577
      vertex 37.2 47.5842 -89.5855
      vertex 37.2 46.1177 -84.4821
    endloop
  endfacet
  facet normal 1 0 0
    outer loop
      vertex 37.2 43.956 -85.3914
      vertex 37.2 45.7804 -84.577
      vertex 37.2 45.3136 -83.9808
    endloop
  endfacet
  facet normal 1 -0 0
    outer loop
      vertex 37.2 43.956 -85.3914
      vertex 37.2 46.891 -89.8154
      vertex 37.2 45.7804 -84.577
    endloop
  endfacet
  facet normal 1 -0 0
    outer loop
      vertex 37.2 43.6972 -84.2457
      vertex 37.2 43.7319 -84.3932
      vertex 37.2 45.1867 -83.7437
    endloop
  endfacet
  facet normal 1 0 0
    outer loop
      vertex 37.2 45.1001 -83.6194
      vertex 37.2 43.6661 -84.0632
      vertex 37.2 43.6972 -84.2457
    endloop
  endfacet
  facet normal 1 0 0
    outer loop
      vertex 37.2 44.9849 -83.4744
      vertex 37.2 43.6661 -84.0632
      vertex 37.2 45.1001 -83.6194
    endloop
  endfacet
  facet normal 1 -0 0
    outer loop
      vertex 37.2 43.6431 -83.8456
      vertex 37.2 43.6661 -84.0632
      vertex 37.2 44.8383 -83.312
    endloop
  endfacet
  facet normal 1 0 0
    outer loop
      vertex 37.2 43.6323 -83.5933
      vertex 37.2 44.8383 -83.312
      vertex 37.2 44.6577 -83.1356
    endloop
  endfacet
  facet normal 1 0 0
    outer loop
      vertex 37.2 43.6323 -83.5933
      vertex 37.2 44.4408 -82.9489
      vertex 37.2 43.6382 -83.3072
    endloop
  endfacet
  facet normal 1 0 0
    outer loop
      vertex 37.2 43.6649 -82.9885
      vertex 37.2 44.4408 -82.9489
      vertex 37.2 44.1858 -82.756
    endloop
  endfacet
  facet normal 1 0 0
    outer loop
      vertex 37.2 49.15 -84.3381
      vertex 37.2 48.3144 -89.5703
      vertex 37.2 51.071 -84.8869
    endloop
  endfacet
  facet normal 1 -0 0
    outer loop
      vertex 37.2 50.0306 -91.1536
      vertex 37.2 50.3766 -91.405
      vertex 37.2 50.0956 -90.7309
    endloop
  endfacet
  facet normal 1 -0 0
    outer loop
      vertex 37.2 50.0956 -90.7309
      vertex 37.2 50.3766 -91.405
      vertex 37.2 55.2104 -89.165
    endloop
  endfacet
  facet normal 1 0 0
    outer loop
      vertex 37.2 49.0166 -89.7709
      vertex 37.2 48.3144 -89.5703
      vertex 37.2 48.6043 -89.8846
    endloop
  endfacet
  facet normal 1 0 0
    outer loop
      vertex 37.2 45.8531 -90.8197
      vertex 37.2 46.2516 -90.6646
      vertex 37.2 46.2964 -90.2393
    endloop
  endfacet
  facet normal 1 0 0
    outer loop
      vertex 37.2 50.4464 -92.1319
      vertex 37.2 55.7306 -91.4518
      vertex 37.2 55.6956 -91.103
    endloop
  endfacet
  facet normal 1 -0 -0
    outer loop
      vertex 37.2 49.201 -90.1568
      vertex 37.2 49.6285 -90.1695
      vertex 37.2 49.0166 -89.7709
    endloop
  endfacet
  facet normal 1 0 0
    outer loop
      vertex 37.2 50.2989 -92.8472
      vertex 37.2 55.4519 -94.1289
      vertex 37.2 55.5383 -93.7892
    endloop
  endfacet
  facet normal 1 0 0
    outer loop
      vertex 37.2 54.9247 -88.5251
      vertex 37.2 50.0956 -90.7309
      vertex 37.2 55.0769 -88.8408
    endloop
  endfacet
  facet normal 1 -0 0
    outer loop
      vertex 37.2 50.3766 -91.405
      vertex 37.2 50.4464 -92.1319
      vertex 37.2 55.6956 -91.103
    endloop
  endfacet
  facet normal 1 0 0
    outer loop
      vertex 37.2 55.2104 -89.165
      vertex 37.2 50.3766 -91.405
      vertex 37.2 55.6956 -91.103
    endloop
  endfacet
  facet normal 1 0 0
    outer loop
      vertex 37.2 49.4222 -93.995
      vertex 37.2 52.6246 -98.2161
      vertex 37.2 54.0605 -96.8268
    endloop
  endfacet
  facet normal 1 0 0
    outer loop
      vertex 37.2 50.4464 -92.1319
      vertex 37.2 50.2989 -92.8472
      vertex 37.2 55.5383 -93.7892
    endloop
  endfacet
  facet normal 1 0 0
    outer loop
      vertex 37.2 55.7452 -91.802
      vertex 37.2 50.4464 -92.1319
      vertex 37.2 55.5383 -93.7892
    endloop
  endfacet
  facet normal 1 0 0
    outer loop
      vertex 37.2 48.771 -94.3255
      vertex 37.2 50.2196 -99.423
      vertex 37.2 52.044 -98.6086
    endloop
  endfacet
  facet normal 1 0 0
    outer loop
      vertex 37.2 50.2989 -92.8472
      vertex 37.2 49.947 -93.4871
      vertex 37.2 54.4718 -96.2595
    endloop
  endfacet
  facet normal 1 0 0
    outer loop
      vertex 37.2 55.3458 -94.463
      vertex 37.2 50.2989 -92.8472
      vertex 37.2 54.4718 -96.2595
    endloop
  endfacet
  facet normal 1 0 0
    outer loop
      vertex 37.2 48.0513 -94.4495
      vertex 37.2 47.5471 -99.7345
      vertex 37.2 49.54 -99.5931
    endloop
  endfacet
  facet normal 1 0 0
    outer loop
      vertex 37.2 49.947 -93.4871
      vertex 37.2 49.4222 -93.995
      vertex 37.2 54.0605 -96.8268
    endloop
  endfacet
  facet normal 1 0 0
    outer loop
      vertex 37.2 54.2744 -96.5492
      vertex 37.2 49.947 -93.4871
      vertex 37.2 54.0605 -96.8268
    endloop
  endfacet
  facet normal 1 -0 0
    outer loop
      vertex 37.2 46.85 -99.6619
      vertex 37.2 47.1975 -99.7083
      vertex 37.2 48.0513 -94.4495
    endloop
  endfacet
  facet normal 1 0 0
    outer loop
      vertex 37.2 49.4222 -93.995
      vertex 37.2 52.044 -98.6086
      vertex 37.2 52.34 -98.4208
    endloop
  endfacet
  facet normal 1 -0 0
    outer loop
      vertex 37.2 49.5298 -93.581
      vertex 37.2 49.4222 -93.995
      vertex 37.2 49.947 -93.4871
    endloop
  endfacet
  facet normal 1 0 0
    outer loop
      vertex 37.2 46.6625 -94.0527
      vertex 37.2 44.6095 -98.969
      vertex 37.2 44.929 -99.1131
    endloop
  endfacet
  facet normal 1 0 0
    outer loop
      vertex 37.2 48.771 -94.3255
      vertex 37.2 49.4222 -93.995
      vertex 37.2 48.9958 -93.9617
    endloop
  endfacet
  facet normal 1 0 0
    outer loop
      vertex 37.2 48.771 -94.3255
      vertex 37.2 49.8823 -99.5179
      vertex 37.2 50.2196 -99.423
    endloop
  endfacet
  facet normal 1 0 0
    outer loop
      vertex 37.2 46.1169 -93.5673
      vertex 37.2 42.6814 -97.6338
      vertex 37.2 46.6625 -94.0527
    endloop
  endfacet
  facet normal 1 0 0
    outer loop
      vertex 37.2 48.0513 -94.4495
      vertex 37.2 47.1975 -99.7083
      vertex 37.2 47.5471 -99.7345
    endloop
  endfacet
  facet normal 1 0 0
    outer loop
      vertex 37.2 48.3734 -94.1681
      vertex 37.2 48.0513 -94.4495
      vertex 37.2 48.771 -94.3255
    endloop
  endfacet
  facet normal 1 -0 0
    outer loop
      vertex 37.2 42.1941 -97.1302
      vertex 37.2 42.4304 -97.3891
      vertex 37.2 46.1169 -93.5673
    endloop
  endfacet
  facet normal 1 0 0
    outer loop
      vertex 37.2 47.327 -94.3557
      vertex 37.2 46.6625 -94.0527
      vertex 37.2 44.929 -99.1131
    endloop
  endfacet
  facet normal 1 0 -0
    outer loop
      vertex 37.2 46.85 -99.6619
      vertex 37.2 47.327 -94.3557
      vertex 37.2 44.929 -99.1131
    endloop
  endfacet
  facet normal 1 0 0
    outer loop
      vertex 37.2 46.6625 -94.0527
      vertex 37.2 46.5377 -93.6437
      vertex 37.2 46.1169 -93.5673
    endloop
  endfacet
  facet normal 1 0 0
    outer loop
      vertex 37.2 46.6625 -94.0527
      vertex 37.2 42.6814 -97.6338
      vertex 37.2 44.2988 -98.8065
    endloop
  endfacet
  facet normal 1 0 -0
    outer loop
      vertex 37.2 46.1169 -93.5673
      vertex 37.2 46.1182 -93.1396
      vertex 37.2 45.7386 -92.9426
    endloop
  endfacet
  facet normal 1 0 0
    outer loop
      vertex 37.2 46.1169 -93.5673
      vertex 37.2 45.7386 -92.9426
      vertex 37.2 41.0753 -95.4749
    endloop
  endfacet
  facet normal 1 0 -0
    outer loop
      vertex 37.2 42.1941 -97.1302
      vertex 37.2 46.1169 -93.5673
      vertex 37.2 41.0753 -95.4749
    endloop
  endfacet
  facet normal 1 0 0
    outer loop
      vertex 37.2 45.7386 -92.9426
      vertex 37.2 45.5612 -92.2342
      vertex 37.2 40.3044 -92.897
    endloop
  endfacet
  facet normal 1 0 -0
    outer loop
      vertex 37.2 40.7896 -94.835
      vertex 37.2 45.7386 -92.9426
      vertex 37.2 40.3044 -92.897
    endloop
  endfacet
  facet normal 1 0 -0
    outer loop
      vertex 37.2 45.5612 -92.2342
      vertex 37.2 45.6005 -91.5049
      vertex 37.2 40.2548 -92.198
    endloop
  endfacet
  facet normal 1 0 0
    outer loop
      vertex 37.2 45.5612 -92.2342
      vertex 37.2 40.2548 -92.198
      vertex 37.2 40.2694 -92.5482
    endloop
  endfacet
  facet normal 1 0 0
    outer loop
      vertex 37.2 45.8659 -92.5343
      vertex 37.2 45.5612 -92.2342
      vertex 37.2 45.7386 -92.9426
    endloop
  endfacet
  facet normal 1 0 0
    outer loop
      vertex 37.2 45.6005 -91.5049
      vertex 37.2 45.5612 -92.2342
      vertex 37.2 45.8032 -91.8815
    endloop
  endfacet
  facet normal 1 0 0
    outer loop
      vertex 37.2 45.6005 -91.5049
      vertex 37.2 40.5481 -89.8711
      vertex 37.2 40.4617 -90.2108
    endloop
  endfacet
  facet normal 1 0 0
    outer loop
      vertex 37.2 45.8531 -90.8197
      vertex 37.2 41.5282 -87.7405
      vertex 37.2 40.6542 -89.537
    endloop
  endfacet
  facet normal 1 0 0
    outer loop
      vertex 37.2 45.8531 -90.8197
      vertex 37.2 45.6005 -91.5049
      vertex 37.2 45.9357 -91.2393
    endloop
  endfacet
  facet normal 1 0 -0
    outer loop
      vertex 37.2 46.891 -89.8154
      vertex 37.2 47.5842 -89.5855
      vertex 37.2 45.7804 -84.577
    endloop
  endfacet
  facet normal 1 0 0
    outer loop
      vertex 37.2 41.9395 -87.1732
      vertex 37.2 45.8531 -90.8197
      vertex 37.2 46.2964 -90.2393
    endloop
  endfacet
  facet normal 1 0 0
    outer loop
      vertex 37.2 43.3754 -85.7839
      vertex 37.2 46.2964 -90.2393
      vertex 37.2 46.891 -89.8154
    endloop
  endfacet
  facet normal 1 -0 0
    outer loop
      vertex 37.2 46.891 -89.8154
      vertex 37.2 47.3077 -89.9118
      vertex 37.2 47.5842 -89.5855
    endloop
  endfacet
  facet normal 1 -0 0
    outer loop
      vertex 37.2 43.66 -85.5792
      vertex 37.2 46.891 -89.8154
      vertex 37.2 43.956 -85.3914
    endloop
  endfacet
  facet normal 1 0 0
    outer loop
      vertex 37.2 46.2964 -90.2393
      vertex 37.2 46.7229 -90.2086
      vertex 37.2 46.891 -89.8154
    endloop
  endfacet
  facet normal 0 -0.996509 0.0834854
    outer loop
      vertex 34 43.6382 -83.3072
      vertex 37.2 43.6649 -82.9885
      vertex 34 43.6649 -82.9885
    endloop
  endfacet
  facet normal 0 -0.996509 0.0834854
    outer loop
      vertex 34 43.6382 -83.3072
      vertex 37.2 43.6382 -83.3072
      vertex 37.2 43.6649 -82.9885
    endloop
  endfacet
  facet normal 0 -0.999787 0.0206178
    outer loop
      vertex 34 43.6323 -83.5933
      vertex 37.2 43.6382 -83.3072
      vertex 34 43.6382 -83.3072
    endloop
  endfacet
  facet normal 0 -0.999787 0.0206178
    outer loop
      vertex 34 43.6323 -83.5933
      vertex 37.2 43.6323 -83.5933
      vertex 37.2 43.6382 -83.3072
    endloop
  endfacet
  facet normal 0 -0.999085 -0.042767
    outer loop
      vertex 34 43.6431 -83.8456
      vertex 37.2 43.6323 -83.5933
      vertex 34 43.6323 -83.5933
    endloop
  endfacet
  facet normal 0 -0.999085 -0.042767
    outer loop
      vertex 34 43.6431 -83.8456
      vertex 37.2 43.6431 -83.8456
      vertex 37.2 43.6323 -83.5933
    endloop
  endfacet
  facet normal 0 -0.99446 -0.105113
    outer loop
      vertex 34 43.6661 -84.0632
      vertex 37.2 43.6431 -83.8456
      vertex 34 43.6431 -83.8456
    endloop
  endfacet
  facet normal 0 -0.99446 -0.105113
    outer loop
      vertex 34 43.6661 -84.0632
      vertex 37.2 43.6661 -84.0632
      vertex 37.2 43.6431 -83.8456
    endloop
  endfacet
  facet normal 0 -0.985789 -0.167989
    outer loop
      vertex 34 43.6972 -84.2457
      vertex 37.2 43.6661 -84.0632
      vertex 34 43.6661 -84.0632
    endloop
  endfacet
  facet normal 0 -0.985789 -0.167989
    outer loop
      vertex 34 43.6972 -84.2457
      vertex 37.2 43.6972 -84.2457
      vertex 37.2 43.6661 -84.0632
    endloop
  endfacet
  facet normal 0 -0.973426 -0.229003
    outer loop
      vertex 34 43.7319 -84.3932
      vertex 37.2 43.6972 -84.2457
      vertex 34 43.6972 -84.2457
    endloop
  endfacet
  facet normal 0 -0.973426 -0.229003
    outer loop
      vertex 34 43.7319 -84.3932
      vertex 37.2 43.7319 -84.3932
      vertex 37.2 43.6972 -84.2457
    endloop
  endfacet
  facet normal 0 -0.95691 -0.290384
    outer loop
      vertex 34 43.7661 -84.5059
      vertex 37.2 43.7319 -84.3932
      vertex 34 43.7319 -84.3932
    endloop
  endfacet
  facet normal 0 -0.95691 -0.290384
    outer loop
      vertex 34 43.7661 -84.5059
      vertex 37.2 43.7661 -84.5059
      vertex 37.2 43.7319 -84.3932
    endloop
  endfacet
  facet normal 0 -0.937447 -0.348127
    outer loop
      vertex 34 43.7954 -84.5848
      vertex 37.2 43.7661 -84.5059
      vertex 34 43.7661 -84.5059
    endloop
  endfacet
  facet normal 0 -0.937447 -0.348127
    outer loop
      vertex 34 43.7954 -84.5848
      vertex 37.2 43.7954 -84.5848
      vertex 37.2 43.7661 -84.5059
    endloop
  endfacet
  facet normal 0 -0.912993 -0.407975
    outer loop
      vertex 34 43.816 -84.6309
      vertex 37.2 43.7954 -84.5848
      vertex 34 43.7954 -84.5848
    endloop
  endfacet
  facet normal 0 -0.912993 -0.407975
    outer loop
      vertex 34 43.816 -84.6309
      vertex 37.2 43.816 -84.6309
      vertex 37.2 43.7954 -84.5848
    endloop
  endfacet
  facet normal 0 -0.889632 -0.456678
    outer loop
      vertex 34 43.8237 -84.6459
      vertex 37.2 43.816 -84.6309
      vertex 34 43.816 -84.6309
    endloop
  endfacet
  facet normal 0 -0.889632 -0.456678
    outer loop
      vertex 34 43.8237 -84.6459
      vertex 37.2 43.8237 -84.6459
      vertex 37.2 43.816 -84.6309
    endloop
  endfacet
  facet normal 0 -0.988253 -0.152827
    outer loop
      vertex 34 43.9401 -85.3986
      vertex 37.2 43.8237 -84.6459
      vertex 34 43.8237 -84.6459
    endloop
  endfacet
  facet normal 0 -0.988253 -0.152827
    outer loop
      vertex 34 43.9401 -85.3986
      vertex 37.2 43.9401 -85.3986
      vertex 37.2 43.8237 -84.6459
    endloop
  endfacet
  facet normal 0 0.412508 -0.910954
    outer loop
      vertex 34 43.956 -85.3914
      vertex 37.2 43.9401 -85.3986
      vertex 34 43.9401 -85.3986
    endloop
  endfacet
  facet normal 0 0.412508 -0.910954
    outer loop
      vertex 34 43.956 -85.3914
      vertex 37.2 43.956 -85.3914
      vertex 37.2 43.9401 -85.3986
    endloop
  endfacet
  facet normal 0 -0.535731 0.844389
    outer loop
      vertex 34 43.66 -85.5792
      vertex 37.2 43.956 -85.3914
      vertex 34 43.956 -85.3914
    endloop
  endfacet
  facet normal 0 -0.535731 0.844389
    outer loop
      vertex 34 43.66 -85.5792
      vertex 37.2 43.66 -85.5792
      vertex 37.2 43.956 -85.3914
    endloop
  endfacet
  facet normal 0 -0.583906 0.811821
    outer loop
      vertex 34 43.3754 -85.7839
      vertex 37.2 43.66 -85.5792
      vertex 34 43.66 -85.5792
    endloop
  endfacet
  facet normal 0 -0.583906 0.811821
    outer loop
      vertex 34 43.3754 -85.7839
      vertex 37.2 43.3754 -85.7839
      vertex 37.2 43.66 -85.5792
    endloop
  endfacet
  facet normal 0 0.695517 -0.718509
    outer loop
      vertex 34 43.3879 -85.7718
      vertex 37.2 43.3754 -85.7839
      vertex 34 43.3754 -85.7839
    endloop
  endfacet
  facet normal 0 0.695517 -0.718509
    outer loop
      vertex 34 43.3879 -85.7718
      vertex 37.2 43.3879 -85.7718
      vertex 37.2 43.3754 -85.7839
    endloop
  endfacet
  facet normal 0 0.510241 0.860031
    outer loop
      vertex 34 42.7329 -85.3832
      vertex 37.2 43.3879 -85.7718
      vertex 34 43.3879 -85.7718
    endloop
  endfacet
  facet normal -0 0.510241 0.860031
    outer loop
      vertex 34 42.7329 -85.3832
      vertex 37.2 42.7329 -85.3832
      vertex 37.2 43.3879 -85.7718
    endloop
  endfacet
  facet normal 0 0.755885 0.654704
    outer loop
      vertex 34 42.7219 -85.3705
      vertex 37.2 42.7329 -85.3832
      vertex 34 42.7329 -85.3832
    endloop
  endfacet
  facet normal -0 0.755885 0.654704
    outer loop
      vertex 34 42.7219 -85.3705
      vertex 37.2 42.7219 -85.3705
      vertex 37.2 42.7329 -85.3832
    endloop
  endfacet
  facet normal 0 0.71694 0.697135
    outer loop
      vertex 34 42.6867 -85.3343
      vertex 37.2 42.7219 -85.3705
      vertex 34 42.7219 -85.3705
    endloop
  endfacet
  facet normal -0 0.71694 0.697135
    outer loop
      vertex 34 42.6867 -85.3343
      vertex 37.2 42.6867 -85.3343
      vertex 37.2 42.7219 -85.3705
    endloop
  endfacet
  facet normal 0 0.673086 0.739564
    outer loop
      vertex 34 42.6244 -85.2776
      vertex 37.2 42.6867 -85.3343
      vertex 34 42.6867 -85.3343
    endloop
  endfacet
  facet normal -0 0.673086 0.739564
    outer loop
      vertex 34 42.6244 -85.2776
      vertex 37.2 42.6244 -85.2776
      vertex 37.2 42.6867 -85.3343
    endloop
  endfacet
  facet normal 0 0.625626 0.780123
    outer loop
      vertex 34 42.5325 -85.2039
      vertex 37.2 42.6244 -85.2776
      vertex 34 42.6244 -85.2776
    endloop
  endfacet
  facet normal -0 0.625626 0.780123
    outer loop
      vertex 34 42.5325 -85.2039
      vertex 37.2 42.5325 -85.2039
      vertex 37.2 42.6244 -85.2776
    endloop
  endfacet
  facet normal 0 0.575853 0.817553
    outer loop
      vertex 34 42.4087 -85.1167
      vertex 37.2 42.5325 -85.2039
      vertex 34 42.5325 -85.2039
    endloop
  endfacet
  facet normal -0 0.575853 0.817553
    outer loop
      vertex 34 42.4087 -85.1167
      vertex 37.2 42.4087 -85.1167
      vertex 37.2 42.5325 -85.2039
    endloop
  endfacet
  facet normal 0 0.523284 0.852159
    outer loop
      vertex 34 42.2509 -85.0198
      vertex 37.2 42.4087 -85.1167
      vertex 34 42.4087 -85.1167
    endloop
  endfacet
  facet normal -0 0.523284 0.852159
    outer loop
      vertex 34 42.2509 -85.0198
      vertex 37.2 42.2509 -85.0198
      vertex 37.2 42.4087 -85.1167
    endloop
  endfacet
  facet normal 0 0.468476 0.883476
    outer loop
      vertex 34 42.0576 -84.9173
      vertex 37.2 42.2509 -85.0198
      vertex 34 42.2509 -85.0198
    endloop
  endfacet
  facet normal -0 0.468476 0.883476
    outer loop
      vertex 34 42.0576 -84.9173
      vertex 37.2 42.0576 -84.9173
      vertex 37.2 42.2509 -85.0198
    endloop
  endfacet
  facet normal 0 0.411863 0.911246
    outer loop
      vertex 34 41.8275 -84.8133
      vertex 37.2 42.0576 -84.9173
      vertex 34 42.0576 -84.9173
    endloop
  endfacet
  facet normal -0 0.411863 0.911246
    outer loop
      vertex 34 41.8275 -84.8133
      vertex 37.2 41.8275 -84.8133
      vertex 37.2 42.0576 -84.9173
    endloop
  endfacet
  facet normal 0 0.353611 0.935392
    outer loop
      vertex 34 41.5598 -84.7121
      vertex 37.2 41.8275 -84.8133
      vertex 34 41.8275 -84.8133
    endloop
  endfacet
  facet normal -0 0.353611 0.935392
    outer loop
      vertex 34 41.5598 -84.7121
      vertex 37.2 41.5598 -84.7121
      vertex 37.2 41.8275 -84.8133
    endloop
  endfacet
  facet normal 0 0.294284 0.955718
    outer loop
      vertex 34 41.2542 -84.618
      vertex 37.2 41.5598 -84.7121
      vertex 34 41.5598 -84.7121
    endloop
  endfacet
  facet normal -0 0.294284 0.955718
    outer loop
      vertex 34 41.2542 -84.618
      vertex 37.2 41.2542 -84.618
      vertex 37.2 41.5598 -84.7121
    endloop
  endfacet
  facet normal 0 -0.695354 0.718667
    outer loop
      vertex 34 40.8442 -85.0147
      vertex 37.2 41.2542 -84.618
      vertex 34 41.2542 -84.618
    endloop
  endfacet
  facet normal 0 -0.695354 0.718667
    outer loop
      vertex 34 40.8442 -85.0147
      vertex 37.2 40.8442 -85.0147
      vertex 37.2 41.2542 -84.618
    endloop
  endfacet
  facet normal 0 -0.964894 -0.262641
    outer loop
      vertex 34 40.9282 -85.3233
      vertex 37.2 40.8442 -85.0147
      vertex 34 40.8442 -85.0147
    endloop
  endfacet
  facet normal 0 -0.964894 -0.262641
    outer loop
      vertex 34 40.9282 -85.3233
      vertex 37.2 40.9282 -85.3233
      vertex 37.2 40.8442 -85.0147
    endloop
  endfacet
  facet normal 0 -0.94653 -0.322617
    outer loop
      vertex 34 41.0205 -85.5941
      vertex 37.2 40.9282 -85.3233
      vertex 34 40.9282 -85.3233
    endloop
  endfacet
  facet normal 0 -0.94653 -0.322617
    outer loop
      vertex 34 41.0205 -85.5941
      vertex 37.2 41.0205 -85.5941
      vertex 37.2 40.9282 -85.3233
    endloop
  endfacet
  facet normal 0 -0.924407 -0.381407
    outer loop
      vertex 34 41.1168 -85.8275
      vertex 37.2 41.0205 -85.5941
      vertex 34 41.0205 -85.5941
    endloop
  endfacet
  facet normal 0 -0.924407 -0.381407
    outer loop
      vertex 34 41.1168 -85.8275
      vertex 37.2 41.1168 -85.8275
      vertex 37.2 41.0205 -85.5941
    endloop
  endfacet
  facet normal 0 -0.898412 -0.439153
    outer loop
      vertex 34 41.2129 -86.0241
      vertex 37.2 41.1168 -85.8275
      vertex 34 41.1168 -85.8275
    endloop
  endfacet
  facet normal 0 -0.898412 -0.439153
    outer loop
      vertex 34 41.2129 -86.0241
      vertex 37.2 41.2129 -86.0241
      vertex 37.2 41.1168 -85.8275
    endloop
  endfacet
  facet normal 0 -0.86904 -0.494742
    outer loop
      vertex 34 41.3045 -86.185
      vertex 37.2 41.2129 -86.0241
      vertex 34 41.2129 -86.0241
    endloop
  endfacet
  facet normal 0 -0.86904 -0.494742
    outer loop
      vertex 34 41.3045 -86.185
      vertex 37.2 41.3045 -86.185
      vertex 37.2 41.2129 -86.0241
    endloop
  endfacet
  facet normal 0 -0.83619 -0.54844
    outer loop
      vertex 34 41.3876 -86.3117
      vertex 37.2 41.3045 -86.185
      vertex 34 41.3045 -86.185
    endloop
  endfacet
  facet normal 0 -0.83619 -0.54844
    outer loop
      vertex 34 41.3876 -86.3117
      vertex 37.2 41.3876 -86.3117
      vertex 37.2 41.3045 -86.185
    endloop
  endfacet
  facet normal 0 -0.800102 -0.599864
    outer loop
      vertex 34 41.4583 -86.406
      vertex 37.2 41.3876 -86.3117
      vertex 34 41.3876 -86.3117
    endloop
  endfacet
  facet normal 0 -0.800102 -0.599864
    outer loop
      vertex 34 41.4583 -86.406
      vertex 37.2 41.4583 -86.406
      vertex 37.2 41.3876 -86.3117
    endloop
  endfacet
  facet normal 0 -0.760765 -0.649028
    outer loop
      vertex 34 41.5129 -86.47
      vertex 37.2 41.4583 -86.406
      vertex 34 41.4583 -86.406
    endloop
  endfacet
  facet normal 0 -0.760765 -0.649028
    outer loop
      vertex 34 41.5129 -86.47
      vertex 37.2 41.5129 -86.47
      vertex 37.2 41.4583 -86.406
    endloop
  endfacet
  facet normal 0 -0.720833 -0.693109
    outer loop
      vertex 34 41.5479 -86.5064
      vertex 37.2 41.5129 -86.47
      vertex 34 41.5129 -86.47
    endloop
  endfacet
  facet normal 0 -0.720833 -0.693109
    outer loop
      vertex 34 41.5479 -86.5064
      vertex 37.2 41.5479 -86.5064
      vertex 37.2 41.5129 -86.47
    endloop
  endfacet
  facet normal 0 -0.676799 -0.736168
    outer loop
      vertex 34 41.5603 -86.5178
      vertex 37.2 41.5479 -86.5064
      vertex 34 41.5479 -86.5064
    endloop
  endfacet
  facet normal 0 -0.676799 -0.736168
    outer loop
      vertex 34 41.5603 -86.5178
      vertex 37.2 41.5603 -86.5178
      vertex 37.2 41.5479 -86.5064
    endloop
  endfacet
  facet normal 0 -0.876396 -0.481591
    outer loop
      vertex 34 41.9271 -87.1853
      vertex 37.2 41.5603 -86.5178
      vertex 34 41.5603 -86.5178
    endloop
  endfacet
  facet normal 0 -0.876396 -0.481591
    outer loop
      vertex 34 41.9271 -87.1853
      vertex 37.2 41.9271 -87.1853
      vertex 37.2 41.5603 -86.5178
    endloop
  endfacet
  facet normal 0 0.698396 -0.715712
    outer loop
      vertex 34 41.9395 -87.1732
      vertex 37.2 41.9271 -87.1853
      vertex 34 41.9271 -87.1853
    endloop
  endfacet
  facet normal 0 0.698396 -0.715712
    outer loop
      vertex 34 41.9395 -87.1732
      vertex 37.2 41.9395 -87.1732
      vertex 37.2 41.9271 -87.1853
    endloop
  endfacet
  facet normal 0 -0.792125 0.610359
    outer loop
      vertex 34 41.7256 -87.4508
      vertex 37.2 41.9395 -87.1732
      vertex 34 41.9395 -87.1732
    endloop
  endfacet
  facet normal 0 -0.792125 0.610359
    outer loop
      vertex 34 41.7256 -87.4508
      vertex 37.2 41.7256 -87.4508
      vertex 37.2 41.9395 -87.1732
    endloop
  endfacet
  facet normal 0 -0.82639 0.563098
    outer loop
      vertex 34 41.5282 -87.7405
      vertex 37.2 41.7256 -87.4508
      vertex 34 41.7256 -87.4508
    endloop
  endfacet
  facet normal 0 -0.82639 0.563098
    outer loop
      vertex 34 41.5282 -87.7405
      vertex 37.2 41.5282 -87.7405
      vertex 37.2 41.7256 -87.4508
    endloop
  endfacet
  facet normal 0 0.897832 -0.440338
    outer loop
      vertex 34 41.5359 -87.7248
      vertex 37.2 41.5282 -87.7405
      vertex 34 41.5282 -87.7405
    endloop
  endfacet
  facet normal 0 0.897832 -0.440338
    outer loop
      vertex 34 41.5359 -87.7248
      vertex 37.2 41.5359 -87.7248
      vertex 37.2 41.5282 -87.7405
    endloop
  endfacet
  facet normal 0 0.185248 0.982692
    outer loop
      vertex 34 40.7874 -87.5837
      vertex 37.2 41.5359 -87.7248
      vertex 34 41.5359 -87.7248
    endloop
  endfacet
  facet normal -0 0.185248 0.982692
    outer loop
      vertex 34 40.7874 -87.5837
      vertex 37.2 40.7874 -87.5837
      vertex 37.2 41.5359 -87.7248
    endloop
  endfacet
  facet normal 0 0.487155 0.873315
    outer loop
      vertex 34 40.7727 -87.5755
      vertex 37.2 40.7874 -87.5837
      vertex 34 40.7874 -87.5837
    endloop
  endfacet
  facet normal -0 0.487155 0.873315
    outer loop
      vertex 34 40.7727 -87.5755
      vertex 37.2 40.7727 -87.5755
      vertex 37.2 40.7874 -87.5837
    endloop
  endfacet
  facet normal 0 0.436079 0.899908
    outer loop
      vertex 34 40.7273 -87.5535
      vertex 37.2 40.7727 -87.5755
      vertex 34 40.7727 -87.5755
    endloop
  endfacet
  facet normal -0 0.436079 0.899908
    outer loop
      vertex 34 40.7273 -87.5535
      vertex 37.2 40.7273 -87.5535
      vertex 37.2 40.7727 -87.5755
    endloop
  endfacet
  facet normal 0 0.378957 0.925414
    outer loop
      vertex 34 40.6494 -87.5216
      vertex 37.2 40.7273 -87.5535
      vertex 34 40.7273 -87.5535
    endloop
  endfacet
  facet normal -0 0.378957 0.925414
    outer loop
      vertex 34 40.6494 -87.5216
      vertex 37.2 40.6494 -87.5216
      vertex 37.2 40.7273 -87.5535
    endloop
  endfacet
  facet normal 0 0.321827 0.946799
    outer loop
      vertex 34 40.5379 -87.4837
      vertex 37.2 40.6494 -87.5216
      vertex 34 40.6494 -87.5216
    endloop
  endfacet
  facet normal -0 0.321827 0.946799
    outer loop
      vertex 34 40.5379 -87.4837
      vertex 37.2 40.5379 -87.4837
      vertex 37.2 40.6494 -87.5216
    endloop
  endfacet
  facet normal 0 0.261275 0.965265
    outer loop
      vertex 34 40.3916 -87.4441
      vertex 37.2 40.5379 -87.4837
      vertex 34 40.5379 -87.4837
    endloop
  endfacet
  facet normal -0 0.261275 0.965265
    outer loop
      vertex 34 40.3916 -87.4441
      vertex 37.2 40.3916 -87.4441
      vertex 37.2 40.5379 -87.4837
    endloop
  endfacet
  facet normal 0 0.199854 0.979826
    outer loop
      vertex 34 40.2102 -87.4071
      vertex 37.2 40.3916 -87.4441
      vertex 34 40.3916 -87.4441
    endloop
  endfacet
  facet normal -0 0.199854 0.979826
    outer loop
      vertex 34 40.2102 -87.4071
      vertex 37.2 40.2102 -87.4071
      vertex 37.2 40.3916 -87.4441
    endloop
  endfacet
  facet normal 0 0.138029 0.990428
    outer loop
      vertex 34 39.9935 -87.3769
      vertex 37.2 40.2102 -87.4071
      vertex 34 40.2102 -87.4071
    endloop
  endfacet
  facet normal -0 0.138029 0.990428
    outer loop
      vertex 34 39.9935 -87.3769
      vertex 37.2 39.9935 -87.3769
      vertex 37.2 40.2102 -87.4071
    endloop
  endfacet
  facet normal 0 0.0756366 0.997135
    outer loop
      vertex 34 39.7417 -87.3578
      vertex 37.2 39.9935 -87.3769
      vertex 34 39.9935 -87.3769
    endloop
  endfacet
  facet normal -0 0.0756366 0.997135
    outer loop
      vertex 34 39.7417 -87.3578
      vertex 37.2 39.7417 -87.3578
      vertex 37.2 39.9935 -87.3769
    endloop
  endfacet
  facet normal 0 0.0122326 0.999925
    outer loop
      vertex 34 39.4556 -87.3543
      vertex 37.2 39.7417 -87.3578
      vertex 34 39.7417 -87.3578
    endloop
  endfacet
  facet normal -0 0.0122326 0.999925
    outer loop
      vertex 34 39.4556 -87.3543
      vertex 37.2 39.4556 -87.3543
      vertex 37.2 39.7417 -87.3578
    endloop
  endfacet
  facet normal 0 -0.0503431 0.998732
    outer loop
      vertex 34 39.1362 -87.3704
      vertex 37.2 39.4556 -87.3543
      vertex 34 39.4556 -87.3543
    endloop
  endfacet
  facet normal 0 -0.0503431 0.998732
    outer loop
      vertex 34 39.1362 -87.3704
      vertex 37.2 39.1362 -87.3704
      vertex 37.2 39.4556 -87.3543
    endloop
  endfacet
  facet normal 0 -0.899282 0.43737
    outer loop
      vertex 34 38.8867 -87.8834
      vertex 37.2 39.1362 -87.3704
      vertex 34 39.1362 -87.3704
    endloop
  endfacet
  facet normal 0 -0.899282 0.43737
    outer loop
      vertex 34 38.8867 -87.8834
      vertex 37.2 38.8867 -87.8834
      vertex 37.2 39.1362 -87.3704
    endloop
  endfacet
  facet normal 0 -0.817037 -0.576585
    outer loop
      vertex 34 39.0711 -88.1447
      vertex 37.2 38.8867 -87.8834
      vertex 34 38.8867 -87.8834
    endloop
  endfacet
  facet normal 0 -0.817037 -0.576585
    outer loop
      vertex 34 39.0711 -88.1447
      vertex 37.2 39.0711 -88.1447
      vertex 37.2 38.8867 -87.8834
    endloop
  endfacet
  facet normal 0 -0.779024 -0.626994
    outer loop
      vertex 34 39.2505 -88.3676
      vertex 37.2 39.0711 -88.1447
      vertex 34 39.0711 -88.1447
    endloop
  endfacet
  facet normal 0 -0.779024 -0.626994
    outer loop
      vertex 34 39.2505 -88.3676
      vertex 37.2 39.2505 -88.3676
      vertex 37.2 39.0711 -88.1447
    endloop
  endfacet
  facet normal 0 -0.738091 -0.674701
    outer loop
      vertex 34 39.4208 -88.5539
      vertex 37.2 39.2505 -88.3676
      vertex 34 39.2505 -88.3676
    endloop
  endfacet
  facet normal 0 -0.738091 -0.674701
    outer loop
      vertex 34 39.4208 -88.5539
      vertex 37.2 39.4208 -88.5539
      vertex 37.2 39.2505 -88.3676
    endloop
  endfacet
  facet normal 0 -0.693966 -0.720007
    outer loop
      vertex 34 39.5784 -88.7058
      vertex 37.2 39.4208 -88.5539
      vertex 34 39.4208 -88.5539
    endloop
  endfacet
  facet normal 0 -0.693966 -0.720007
    outer loop
      vertex 34 39.5784 -88.7058
      vertex 37.2 39.5784 -88.7058
      vertex 37.2 39.4208 -88.5539
    endloop
  endfacet
  facet normal 0 -0.647539 -0.762033
    outer loop
      vertex 34 39.7195 -88.8257
      vertex 37.2 39.5784 -88.7058
      vertex 34 39.5784 -88.7058
    endloop
  endfacet
  facet normal 0 -0.647539 -0.762033
    outer loop
      vertex 34 39.7195 -88.8257
      vertex 37.2 39.7195 -88.8257
      vertex 37.2 39.5784 -88.7058
    endloop
  endfacet
  facet normal 0 -0.598097 -0.801424
    outer loop
      vertex 34 39.8409 -88.9163
      vertex 37.2 39.7195 -88.8257
      vertex 34 39.7195 -88.8257
    endloop
  endfacet
  facet normal 0 -0.598097 -0.801424
    outer loop
      vertex 34 39.8409 -88.9163
      vertex 37.2 39.8409 -88.9163
      vertex 37.2 39.7195 -88.8257
    endloop
  endfacet
  facet normal 0 -0.546837 -0.837239
    outer loop
      vertex 34 39.9395 -88.9807
      vertex 37.2 39.8409 -88.9163
      vertex 34 39.8409 -88.9163
    endloop
  endfacet
  facet normal 0 -0.546837 -0.837239
    outer loop
      vertex 34 39.9395 -88.9807
      vertex 37.2 39.9395 -88.9807
      vertex 37.2 39.8409 -88.9163
    endloop
  endfacet
  facet normal 0 -0.493192 -0.86992
    outer loop
      vertex 34 40.0127 -89.0222
      vertex 37.2 39.9395 -88.9807
      vertex 34 39.9395 -88.9807
    endloop
  endfacet
  facet normal 0 -0.493192 -0.86992
    outer loop
      vertex 34 40.0127 -89.0222
      vertex 37.2 40.0127 -89.0222
      vertex 37.2 39.9395 -88.9807
    endloop
  endfacet
  facet normal 0 -0.439281 -0.89835
    outer loop
      vertex 34 40.0581 -89.0444
      vertex 37.2 40.0127 -89.0222
      vertex 34 40.0127 -89.0222
    endloop
  endfacet
  facet normal 0 -0.439281 -0.89835
    outer loop
      vertex 34 40.0581 -89.0444
      vertex 37.2 40.0581 -89.0444
      vertex 37.2 40.0127 -89.0222
    endloop
  endfacet
  facet normal 0 -0.386727 -0.922194
    outer loop
      vertex 34 40.0736 -89.0509
      vertex 37.2 40.0581 -89.0444
      vertex 34 40.0581 -89.0444
    endloop
  endfacet
  facet normal 0 -0.386727 -0.922194
    outer loop
      vertex 34 40.0736 -89.0509
      vertex 37.2 40.0736 -89.0509
      vertex 37.2 40.0581 -89.0444
    endloop
  endfacet
  facet normal 0 -0.658821 -0.7523
    outer loop
      vertex 34 40.6466 -89.5527
      vertex 37.2 40.0736 -89.0509
      vertex 34 40.0736 -89.0509
    endloop
  endfacet
  facet normal 0 -0.658821 -0.7523
    outer loop
      vertex 34 40.6466 -89.5527
      vertex 37.2 40.6466 -89.5527
      vertex 37.2 40.0736 -89.0509
    endloop
  endfacet
  facet normal 0 0.900087 -0.435711
    outer loop
      vertex 34 40.6542 -89.537
      vertex 37.2 40.6466 -89.5527
      vertex 34 40.6466 -89.5527
    endloop
  endfacet
  facet normal 0 0.900087 -0.435711
    outer loop
      vertex 34 40.6542 -89.537
      vertex 37.2 40.6542 -89.537
      vertex 37.2 40.6466 -89.5527
    endloop
  endfacet
  facet normal 0 -0.953094 0.302674
    outer loop
      vertex 34 40.5481 -89.8711
      vertex 37.2 40.6542 -89.537
      vertex 34 40.6542 -89.537
    endloop
  endfacet
  facet normal 0 -0.953094 0.302674
    outer loop
      vertex 34 40.5481 -89.8711
      vertex 37.2 40.5481 -89.8711
      vertex 37.2 40.6542 -89.537
    endloop
  endfacet
  facet normal 0 -0.969144 0.246494
    outer loop
      vertex 34 40.4617 -90.2108
      vertex 37.2 40.5481 -89.8711
      vertex 34 40.5481 -89.8711
    endloop
  endfacet
  facet normal 0 -0.969144 0.246494
    outer loop
      vertex 34 40.4617 -90.2108
      vertex 37.2 40.4617 -90.2108
      vertex 37.2 40.5481 -89.8711
    endloop
  endfacet
  facet normal 0 0.994631 -0.103488
    outer loop
      vertex 34 40.4635 -90.1935
      vertex 37.2 40.4617 -90.2108
      vertex 34 40.4617 -90.2108
    endloop
  endfacet
  facet normal 0 0.994631 -0.103488
    outer loop
      vertex 34 40.4635 -90.1935
      vertex 37.2 40.4635 -90.1935
      vertex 37.2 40.4617 -90.2108
    endloop
  endfacet
  facet normal 0 -0.162035 0.986785
    outer loop
      vertex 34 39.712 -90.3169
      vertex 37.2 40.4635 -90.1935
      vertex 34 40.4635 -90.1935
    endloop
  endfacet
  facet normal 0 -0.162035 0.986785
    outer loop
      vertex 34 39.712 -90.3169
      vertex 37.2 39.712 -90.3169
      vertex 37.2 40.4635 -90.1935
    endloop
  endfacet
  facet normal 0 0.159604 0.987181
    outer loop
      vertex 34 39.6953 -90.3142
      vertex 37.2 39.712 -90.3169
      vertex 34 39.712 -90.3169
    endloop
  endfacet
  facet normal -0 0.159604 0.987181
    outer loop
      vertex 34 39.6953 -90.3142
      vertex 37.2 39.6953 -90.3142
      vertex 37.2 39.712 -90.3169
    endloop
  endfacet
  facet normal 0 0.101073 0.994879
    outer loop
      vertex 34 39.6451 -90.3091
      vertex 37.2 39.6953 -90.3142
      vertex 34 39.6953 -90.3142
    endloop
  endfacet
  facet normal -0 0.101073 0.994879
    outer loop
      vertex 34 39.6451 -90.3091
      vertex 37.2 39.6451 -90.3091
      vertex 37.2 39.6953 -90.3142
    endloop
  endfacet
  facet normal 0 0.0403951 0.999184
    outer loop
      vertex 34 39.561 -90.3057
      vertex 37.2 39.6451 -90.3091
      vertex 34 39.6451 -90.3091
    endloop
  endfacet
  facet normal -0 0.0403951 0.999184
    outer loop
      vertex 34 39.561 -90.3057
      vertex 37.2 39.561 -90.3057
      vertex 37.2 39.6451 -90.3091
    endloop
  endfacet
  facet normal 0 -0.0220659 0.999757
    outer loop
      vertex 34 39.4432 -90.3083
      vertex 37.2 39.561 -90.3057
      vertex 34 39.561 -90.3057
    endloop
  endfacet
  facet normal 0 -0.0220659 0.999757
    outer loop
      vertex 34 39.4432 -90.3083
      vertex 37.2 39.4432 -90.3083
      vertex 37.2 39.561 -90.3057
    endloop
  endfacet
  facet normal 0 -0.0845209 0.996422
    outer loop
      vertex 34 39.2923 -90.3211
      vertex 37.2 39.4432 -90.3083
      vertex 34 39.4432 -90.3083
    endloop
  endfacet
  facet normal 0 -0.0845209 0.996422
    outer loop
      vertex 34 39.2923 -90.3211
      vertex 37.2 39.2923 -90.3211
      vertex 37.2 39.4432 -90.3083
    endloop
  endfacet
  facet normal 0 -0.146862 0.989157
    outer loop
      vertex 34 39.1091 -90.3483
      vertex 37.2 39.2923 -90.3211
      vertex 34 39.2923 -90.3211
    endloop
  endfacet
  facet normal 0 -0.146862 0.989157
    outer loop
      vertex 34 39.1091 -90.3483
      vertex 37.2 39.1091 -90.3483
      vertex 37.2 39.2923 -90.3211
    endloop
  endfacet
  facet normal 0 -0.209279 0.977856
    outer loop
      vertex 34 38.8951 -90.3941
      vertex 37.2 39.1091 -90.3483
      vertex 34 39.1091 -90.3483
    endloop
  endfacet
  facet normal 0 -0.209279 0.977856
    outer loop
      vertex 34 38.8951 -90.3941
      vertex 37.2 38.8951 -90.3941
      vertex 37.2 39.1091 -90.3483
    endloop
  endfacet
  facet normal 0 -0.270218 0.962799
    outer loop
      vertex 34 38.6521 -90.4623
      vertex 37.2 38.8951 -90.3941
      vertex 34 38.8951 -90.3941
    endloop
  endfacet
  facet normal 0 -0.270218 0.962799
    outer loop
      vertex 34 38.6521 -90.4623
      vertex 37.2 38.6521 -90.4623
      vertex 37.2 38.8951 -90.3941
    endloop
  endfacet
  facet normal 0 -0.330241 0.943896
    outer loop
      vertex 34 38.382 -90.5568
      vertex 37.2 38.6521 -90.4623
      vertex 34 38.6521 -90.4623
    endloop
  endfacet
  facet normal 0 -0.330241 0.943896
    outer loop
      vertex 34 38.382 -90.5568
      vertex 37.2 38.382 -90.5568
      vertex 37.2 38.6521 -90.4623
    endloop
  endfacet
  facet normal 0 -0.389007 0.921235
    outer loop
      vertex 34 38.0874 -90.6812
      vertex 37.2 38.382 -90.5568
      vertex 34 38.382 -90.5568
    endloop
  endfacet
  facet normal 0 -0.389007 0.921235
    outer loop
      vertex 34 38.0874 -90.6812
      vertex 37.2 38.0874 -90.6812
      vertex 37.2 38.382 -90.5568
    endloop
  endfacet
  facet normal 0 -0.994619 0.103599
    outer loop
      vertex 34 38.0283 -91.2486
      vertex 37.2 38.0874 -90.6812
      vertex 34 38.0874 -90.6812
    endloop
  endfacet
  facet normal 0 -0.994619 0.103599
    outer loop
      vertex 34 38.0283 -91.2486
      vertex 37.2 38.0283 -91.2486
      vertex 37.2 38.0874 -90.6812
    endloop
  endfacet
  facet normal 0 -0.570542 -0.821268
    outer loop
      vertex 34 38.291 -91.4311
      vertex 37.2 38.0283 -91.2486
      vertex 34 38.0283 -91.2486
    endloop
  endfacet
  facet normal 0 -0.570542 -0.821268
    outer loop
      vertex 34 38.291 -91.4311
      vertex 37.2 38.291 -91.4311
      vertex 37.2 38.0283 -91.2486
    endloop
  endfacet
  facet normal 0 -0.517628 -0.855606
    outer loop
      vertex 34 38.5358 -91.5792
      vertex 37.2 38.291 -91.4311
      vertex 34 38.291 -91.4311
    endloop
  endfacet
  facet normal 0 -0.517628 -0.855606
    outer loop
      vertex 34 38.5358 -91.5792
      vertex 37.2 38.5358 -91.5792
      vertex 37.2 38.291 -91.4311
    endloop
  endfacet
  facet normal 0 -0.462674 -0.886528
    outer loop
      vertex 34 38.7596 -91.696
      vertex 37.2 38.5358 -91.5792
      vertex 34 38.5358 -91.5792
    endloop
  endfacet
  facet normal 0 -0.462674 -0.886528
    outer loop
      vertex 34 38.7596 -91.696
      vertex 37.2 38.7596 -91.696
      vertex 37.2 38.5358 -91.5792
    endloop
  endfacet
  facet normal 0 -0.405799 -0.913962
    outer loop
      vertex 34 38.9596 -91.7848
      vertex 37.2 38.7596 -91.696
      vertex 34 38.7596 -91.696
    endloop
  endfacet
  facet normal 0 -0.405799 -0.913962
    outer loop
      vertex 34 38.9596 -91.7848
      vertex 37.2 38.9596 -91.7848
      vertex 37.2 38.7596 -91.696
    endloop
  endfacet
  facet normal 0 -0.347807 -0.937566
    outer loop
      vertex 34 39.1332 -91.8492
      vertex 37.2 38.9596 -91.7848
      vertex 34 38.9596 -91.7848
    endloop
  endfacet
  facet normal 0 -0.347807 -0.937566
    outer loop
      vertex 34 39.1332 -91.8492
      vertex 37.2 39.1332 -91.8492
      vertex 37.2 38.9596 -91.7848
    endloop
  endfacet
  facet normal 0 -0.288559 -0.957462
    outer loop
      vertex 34 39.2782 -91.8929
      vertex 37.2 39.1332 -91.8492
      vertex 34 39.1332 -91.8492
    endloop
  endfacet
  facet normal 0 -0.288559 -0.957462
    outer loop
      vertex 34 39.2782 -91.8929
      vertex 37.2 39.2782 -91.8929
      vertex 37.2 39.1332 -91.8492
    endloop
  endfacet
  facet normal 0 -0.226532 -0.974004
    outer loop
      vertex 34 39.393 -91.9196
      vertex 37.2 39.2782 -91.8929
      vertex 34 39.2782 -91.8929
    endloop
  endfacet
  facet normal 0 -0.226532 -0.974004
    outer loop
      vertex 34 39.393 -91.9196
      vertex 37.2 39.393 -91.9196
      vertex 37.2 39.2782 -91.8929
    endloop
  endfacet
  facet normal 0 -0.166325 -0.986071
    outer loop
      vertex 34 39.476 -91.9336
      vertex 37.2 39.393 -91.9196
      vertex 34 39.393 -91.9196
    endloop
  endfacet
  facet normal 0 -0.166325 -0.986071
    outer loop
      vertex 34 39.476 -91.9336
      vertex 37.2 39.476 -91.9336
      vertex 37.2 39.393 -91.9196
    endloop
  endfacet
  facet normal 0 -0.104994 -0.994473
    outer loop
      vertex 34 39.5262 -91.9389
      vertex 37.2 39.476 -91.9336
      vertex 34 39.476 -91.9336
    endloop
  endfacet
  facet normal 0 -0.104994 -0.994473
    outer loop
      vertex 34 39.5262 -91.9389
      vertex 37.2 39.5262 -91.9389
      vertex 37.2 39.476 -91.9336
    endloop
  endfacet
  facet normal 0 -0.0534947 -0.998568
    outer loop
      vertex 34 39.543 -91.9398
      vertex 37.2 39.5262 -91.9389
      vertex 34 39.5262 -91.9389
    endloop
  endfacet
  facet normal 0 -0.0534947 -0.998568
    outer loop
      vertex 34 39.543 -91.9398
      vertex 37.2 39.543 -91.9398
      vertex 37.2 39.5262 -91.9389
    endloop
  endfacet
  facet normal 0 -0.361749 -0.932275
    outer loop
      vertex 34 40.253 -92.2153
      vertex 37.2 39.543 -91.9398
      vertex 34 39.543 -91.9398
    endloop
  endfacet
  facet normal 0 -0.361749 -0.932275
    outer loop
      vertex 34 40.253 -92.2153
      vertex 37.2 40.253 -92.2153
      vertex 37.2 39.543 -91.9398
    endloop
  endfacet
  facet normal 0 0.994631 -0.103488
    outer loop
      vertex 34 40.2548 -92.198
      vertex 37.2 40.253 -92.2153
      vertex 34 40.253 -92.2153
    endloop
  endfacet
  facet normal 0 0.994631 -0.103488
    outer loop
      vertex 34 40.2548 -92.198
      vertex 37.2 40.2548 -92.198
      vertex 37.2 40.253 -92.2153
    endloop
  endfacet
  facet normal 0 -0.999132 -0.0416543
    outer loop
      vertex 34 40.2694 -92.5482
      vertex 37.2 40.2548 -92.198
      vertex 34 40.2548 -92.198
    endloop
  endfacet
  facet normal 0 -0.999132 -0.0416543
    outer loop
      vertex 34 40.2694 -92.5482
      vertex 37.2 40.2694 -92.5482
      vertex 37.2 40.2548 -92.198
    endloop
  endfacet
  facet normal 0 -0.995003 -0.0998426
    outer loop
      vertex 34 40.3044 -92.897
      vertex 37.2 40.2694 -92.5482
      vertex 34 40.2694 -92.5482
    endloop
  endfacet
  facet normal 0 -0.995003 -0.0998426
    outer loop
      vertex 34 40.3044 -92.897
      vertex 37.2 40.3044 -92.897
      vertex 37.2 40.2694 -92.5482
    endloop
  endfacet
  facet normal 0 0.969122 0.246581
    outer loop
      vertex 34 40.3001 -92.8801
      vertex 37.2 40.3044 -92.897
      vertex 34 40.3044 -92.897
    endloop
  endfacet
  facet normal -0 0.969122 0.246581
    outer loop
      vertex 34 40.3001 -92.8801
      vertex 37.2 40.3001 -92.8801
      vertex 37.2 40.3044 -92.897
    endloop
  endfacet
  facet normal 0 -0.489762 0.871856
    outer loop
      vertex 34 39.6361 -93.2531
      vertex 37.2 40.3001 -92.8801
      vertex 34 40.3001 -92.8801
    endloop
  endfacet
  facet normal 0 -0.489762 0.871856
    outer loop
      vertex 34 39.6361 -93.2531
      vertex 37.2 39.6361 -93.2531
      vertex 37.2 40.3001 -92.8801
    endloop
  endfacet
  facet normal 0 -0.190392 0.981708
    outer loop
      vertex 34 39.6196 -93.2563
      vertex 37.2 39.6361 -93.2531
      vertex 34 39.6361 -93.2531
    endloop
  endfacet
  facet normal 0 -0.190392 0.981708
    outer loop
      vertex 34 39.6196 -93.2563
      vertex 37.2 39.6196 -93.2563
      vertex 37.2 39.6361 -93.2531
    endloop
  endfacet
  facet normal 0 -0.243467 0.969909
    outer loop
      vertex 34 39.5706 -93.2686
      vertex 37.2 39.6196 -93.2563
      vertex 34 39.6196 -93.2563
    endloop
  endfacet
  facet normal 0 -0.243467 0.969909
    outer loop
      vertex 34 39.5706 -93.2686
      vertex 37.2 39.5706 -93.2686
      vertex 37.2 39.6196 -93.2563
    endloop
  endfacet
  facet normal 0 -0.304086 0.952645
    outer loop
      vertex 34 39.4904 -93.2942
      vertex 37.2 39.5706 -93.2686
      vertex 34 39.5706 -93.2686
    endloop
  endfacet
  facet normal 0 -0.304086 0.952645
    outer loop
      vertex 34 39.4904 -93.2942
      vertex 37.2 39.4904 -93.2942
      vertex 37.2 39.5706 -93.2686
    endloop
  endfacet
  facet normal 0 -0.362446 0.932005
    outer loop
      vertex 34 39.3806 -93.3369
      vertex 37.2 39.4904 -93.2942
      vertex 34 39.4904 -93.2942
    endloop
  endfacet
  facet normal 0 -0.362446 0.932005
    outer loop
      vertex 34 39.3806 -93.3369
      vertex 37.2 39.3806 -93.3369
      vertex 37.2 39.4904 -93.2942
    endloop
  endfacet
  facet normal 0 -0.420607 0.907243
    outer loop
      vertex 34 39.2432 -93.4006
      vertex 37.2 39.3806 -93.3369
      vertex 34 39.3806 -93.3369
    endloop
  endfacet
  facet normal 0 -0.420607 0.907243
    outer loop
      vertex 34 39.2432 -93.4006
      vertex 37.2 39.2432 -93.4006
      vertex 37.2 39.3806 -93.3369
    endloop
  endfacet
  facet normal 0 -0.476353 0.879254
    outer loop
      vertex 34 39.0804 -93.4888
      vertex 37.2 39.2432 -93.4006
      vertex 34 39.2432 -93.4006
    endloop
  endfacet
  facet normal 0 -0.476353 0.879254
    outer loop
      vertex 34 39.0804 -93.4888
      vertex 37.2 39.0804 -93.4888
      vertex 37.2 39.2432 -93.4006
    endloop
  endfacet
  facet normal 0 -0.531067 0.84733
    outer loop
      vertex 34 38.895 -93.605
      vertex 37.2 39.0804 -93.4888
      vertex 34 39.0804 -93.4888
    endloop
  endfacet
  facet normal 0 -0.531067 0.84733
    outer loop
      vertex 34 38.895 -93.605
      vertex 37.2 38.895 -93.605
      vertex 37.2 39.0804 -93.4888
    endloop
  endfacet
  facet normal 0 -0.583073 0.81242
    outer loop
      vertex 34 38.6899 -93.7522
      vertex 37.2 38.895 -93.605
      vertex 34 38.895 -93.605
    endloop
  endfacet
  facet normal 0 -0.583073 0.81242
    outer loop
      vertex 34 38.6899 -93.7522
      vertex 37.2 38.6899 -93.7522
      vertex 37.2 38.895 -93.605
    endloop
  endfacet
  facet normal 0 -0.633181 0.774004
    outer loop
      vertex 34 38.4684 -93.9334
      vertex 37.2 38.6899 -93.7522
      vertex 34 38.6899 -93.7522
    endloop
  endfacet
  facet normal 0 -0.633181 0.774004
    outer loop
      vertex 34 38.4684 -93.9334
      vertex 37.2 38.4684 -93.9334
      vertex 37.2 38.6899 -93.7522
    endloop
  endfacet
  facet normal 0 -0.680679 0.732582
    outer loop
      vertex 34 38.2341 -94.1511
      vertex 37.2 38.4684 -93.9334
      vertex 34 38.4684 -93.9334
    endloop
  endfacet
  facet normal 0 -0.680679 0.732582
    outer loop
      vertex 34 38.2341 -94.1511
      vertex 37.2 38.2341 -94.1511
      vertex 37.2 38.4684 -93.9334
    endloop
  endfacet
  facet normal 0 -0.970039 -0.242948
    outer loop
      vertex 34 38.3727 -94.7045
      vertex 37.2 38.2341 -94.1511
      vertex 34 38.2341 -94.1511
    endloop
  endfacet
  facet normal 0 -0.970039 -0.242948
    outer loop
      vertex 34 38.3727 -94.7045
      vertex 37.2 38.3727 -94.7045
      vertex 37.2 38.2341 -94.1511
    endloop
  endfacet
  facet normal 0 -0.255171 -0.966896
    outer loop
      vertex 34 38.6819 -94.7861
      vertex 37.2 38.3727 -94.7045
      vertex 34 38.3727 -94.7045
    endloop
  endfacet
  facet normal 0 -0.255171 -0.966896
    outer loop
      vertex 34 38.6819 -94.7861
      vertex 37.2 38.6819 -94.7861
      vertex 37.2 38.3727 -94.7045
    endloop
  endfacet
  facet normal 0 -0.193629 -0.981075
    outer loop
      vertex 34 38.9626 -94.8415
      vertex 37.2 38.6819 -94.7861
      vertex 34 38.6819 -94.7861
    endloop
  endfacet
  facet normal 0 -0.193629 -0.981075
    outer loop
      vertex 34 38.9626 -94.8415
      vertex 37.2 38.9626 -94.8415
      vertex 37.2 38.6819 -94.7861
    endloop
  endfacet
  facet normal 0 -0.131489 -0.991318
    outer loop
      vertex 34 39.2129 -94.8747
      vertex 37.2 38.9626 -94.8415
      vertex 34 38.9626 -94.8415
    endloop
  endfacet
  facet normal 0 -0.131489 -0.991318
    outer loop
      vertex 34 39.2129 -94.8747
      vertex 37.2 39.2129 -94.8747
      vertex 37.2 38.9626 -94.8415
    endloop
  endfacet
  facet normal 0 -0.069006 -0.997616
    outer loop
      vertex 34 39.4312 -94.8898
      vertex 37.2 39.2129 -94.8747
      vertex 34 39.2129 -94.8747
    endloop
  endfacet
  facet normal 0 -0.069006 -0.997616
    outer loop
      vertex 34 39.4312 -94.8898
      vertex 37.2 39.4312 -94.8898
      vertex 37.2 39.2129 -94.8747
    endloop
  endfacet
  facet normal 0 -0.00594263 -0.999982
    outer loop
      vertex 34 39.6163 -94.8909
      vertex 37.2 39.4312 -94.8898
      vertex 34 39.4312 -94.8898
    endloop
  endfacet
  facet normal 0 -0.00594263 -0.999982
    outer loop
      vertex 34 39.6163 -94.8909
      vertex 37.2 39.6163 -94.8909
      vertex 37.2 39.4312 -94.8898
    endloop
  endfacet
  facet normal 0 0.0567491 -0.998388
    outer loop
      vertex 34 39.7676 -94.8823
      vertex 37.2 39.6163 -94.8909
      vertex 34 39.6163 -94.8909
    endloop
  endfacet
  facet normal 0 0.0567491 -0.998388
    outer loop
      vertex 34 39.7676 -94.8823
      vertex 37.2 39.7676 -94.8823
      vertex 37.2 39.6163 -94.8909
    endloop
  endfacet
  facet normal 0 0.118811 -0.992917
    outer loop
      vertex 34 39.8846 -94.8683
      vertex 37.2 39.7676 -94.8823
      vertex 34 39.7676 -94.8823
    endloop
  endfacet
  facet normal 0 0.118811 -0.992917
    outer loop
      vertex 34 39.8846 -94.8683
      vertex 37.2 39.8846 -94.8683
      vertex 37.2 39.7676 -94.8823
    endloop
  endfacet
  facet normal 0 0.181919 -0.983314
    outer loop
      vertex 34 39.9673 -94.853
      vertex 37.2 39.8846 -94.8683
      vertex 34 39.8846 -94.8683
    endloop
  endfacet
  facet normal 0 0.181919 -0.983314
    outer loop
      vertex 34 39.9673 -94.853
      vertex 37.2 39.9673 -94.853
      vertex 37.2 39.8846 -94.8683
    endloop
  endfacet
  facet normal 0 0.241604 -0.970375
    outer loop
      vertex 34 40.0163 -94.8408
      vertex 37.2 39.9673 -94.853
      vertex 34 39.9673 -94.853
    endloop
  endfacet
  facet normal 0 0.241604 -0.970375
    outer loop
      vertex 34 40.0163 -94.8408
      vertex 37.2 40.0163 -94.8408
      vertex 37.2 39.9673 -94.853
    endloop
  endfacet
  facet normal 0 0.291162 -0.956674
    outer loop
      vertex 34 40.0324 -94.8359
      vertex 37.2 40.0163 -94.8408
      vertex 34 40.0163 -94.8408
    endloop
  endfacet
  facet normal 0 0.291162 -0.956674
    outer loop
      vertex 34 40.0324 -94.8359
      vertex 37.2 40.0324 -94.8359
      vertex 37.2 40.0163 -94.8408
    endloop
  endfacet
  facet normal 0 -0.0211405 -0.999777
    outer loop
      vertex 34 40.7938 -94.852
      vertex 37.2 40.0324 -94.8359
      vertex 34 40.0324 -94.8359
    endloop
  endfacet
  facet normal 0 -0.0211405 -0.999777
    outer loop
      vertex 34 40.7938 -94.852
      vertex 37.2 40.7938 -94.852
      vertex 37.2 40.0324 -94.8359
    endloop
  endfacet
  facet normal 0 0.970811 0.239847
    outer loop
      vertex 34 40.7896 -94.835
      vertex 37.2 40.7938 -94.852
      vertex 34 40.7938 -94.852
    endloop
  endfacet
  facet normal -0 0.970811 0.239847
    outer loop
      vertex 34 40.7896 -94.835
      vertex 37.2 40.7896 -94.835
      vertex 37.2 40.7938 -94.852
    endloop
  endfacet
  facet normal 0 -0.924672 -0.380764
    outer loop
      vertex 34 40.9231 -95.1592
      vertex 37.2 40.7896 -94.835
      vertex 34 40.7896 -94.835
    endloop
  endfacet
  facet normal 0 -0.924672 -0.380764
    outer loop
      vertex 34 40.9231 -95.1592
      vertex 37.2 40.9231 -95.1592
      vertex 37.2 40.7896 -94.835
    endloop
  endfacet
  facet normal 0 -0.900783 -0.43427
    outer loop
      vertex 34 41.0753 -95.4749
      vertex 37.2 40.9231 -95.1592
      vertex 34 40.9231 -95.1592
    endloop
  endfacet
  facet normal 0 -0.900783 -0.43427
    outer loop
      vertex 34 41.0753 -95.4749
      vertex 37.2 41.0753 -95.4749
      vertex 37.2 40.9231 -95.1592
    endloop
  endfacet
  facet normal 0 0.826713 0.562624
    outer loop
      vertex 34 41.0655 -95.4605
      vertex 37.2 41.0753 -95.4749
      vertex 34 41.0753 -95.4749
    endloop
  endfacet
  facet normal -0 0.826713 0.562624
    outer loop
      vertex 34 41.0655 -95.4605
      vertex 37.2 41.0655 -95.4605
      vertex 37.2 41.0753 -95.4749
    endloop
  endfacet
  facet normal 0 -0.758403 0.651786
    outer loop
      vertex 34 40.5691 -96.0381
      vertex 37.2 41.0655 -95.4605
      vertex 34 41.0655 -95.4605
    endloop
  endfacet
  facet normal 0 -0.758403 0.651786
    outer loop
      vertex 34 40.5691 -96.0381
      vertex 37.2 40.5691 -96.0381
      vertex 37.2 41.0655 -95.4605
    endloop
  endfacet
  facet normal 0 -0.517116 0.855916
    outer loop
      vertex 34 40.5547 -96.0468
      vertex 37.2 40.5691 -96.0381
      vertex 34 40.5691 -96.0381
    endloop
  endfacet
  facet normal 0 -0.517116 0.855916
    outer loop
      vertex 34 40.5547 -96.0468
      vertex 37.2 40.5547 -96.0468
      vertex 37.2 40.5691 -96.0381
    endloop
  endfacet
  facet normal 0 -0.560629 0.828067
    outer loop
      vertex 34 40.5129 -96.0751
      vertex 37.2 40.5547 -96.0468
      vertex 34 40.5547 -96.0468
    endloop
  endfacet
  facet normal 0 -0.560629 0.828067
    outer loop
      vertex 34 40.5129 -96.0751
      vertex 37.2 40.5129 -96.0751
      vertex 37.2 40.5547 -96.0468
    endloop
  endfacet
  facet normal 0 -0.611718 0.791076
    outer loop
      vertex 34 40.4463 -96.1266
      vertex 37.2 40.5129 -96.0751
      vertex 34 40.5129 -96.0751
    endloop
  endfacet
  facet normal 0 -0.611718 0.791076
    outer loop
      vertex 34 40.4463 -96.1266
      vertex 37.2 40.4463 -96.1266
      vertex 37.2 40.5129 -96.0751
    endloop
  endfacet
  facet normal 0 -0.659345 0.75184
    outer loop
      vertex 34 40.3577 -96.2043
      vertex 37.2 40.4463 -96.1266
      vertex 34 40.4463 -96.1266
    endloop
  endfacet
  facet normal 0 -0.659345 0.75184
    outer loop
      vertex 34 40.3577 -96.2043
      vertex 37.2 40.3577 -96.2043
      vertex 37.2 40.4463 -96.1266
    endloop
  endfacet
  facet normal 0 -0.705123 0.709085
    outer loop
      vertex 34 40.2503 -96.3111
      vertex 37.2 40.3577 -96.2043
      vertex 34 40.3577 -96.2043
    endloop
  endfacet
  facet normal 0 -0.705123 0.709085
    outer loop
      vertex 34 40.2503 -96.3111
      vertex 37.2 40.2503 -96.3111
      vertex 37.2 40.3577 -96.2043
    endloop
  endfacet
  facet normal 0 -0.748481 0.663156
    outer loop
      vertex 34 40.1275 -96.4497
      vertex 37.2 40.2503 -96.3111
      vertex 34 40.2503 -96.3111
    endloop
  endfacet
  facet normal 0 -0.748481 0.663156
    outer loop
      vertex 34 40.1275 -96.4497
      vertex 37.2 40.1275 -96.4497
      vertex 37.2 40.2503 -96.3111
    endloop
  endfacet
  facet normal 0 -0.788786 0.614668
    outer loop
      vertex 34 39.993 -96.6223
      vertex 37.2 40.1275 -96.4497
      vertex 34 40.1275 -96.4497
    endloop
  endfacet
  facet normal 0 -0.788786 0.614668
    outer loop
      vertex 34 39.993 -96.6223
      vertex 37.2 39.993 -96.6223
      vertex 37.2 40.1275 -96.4497
    endloop
  endfacet
  facet normal 0 -0.825783 0.563988
    outer loop
      vertex 34 39.8506 -96.8308
      vertex 37.2 39.993 -96.6223
      vertex 34 39.993 -96.6223
    endloop
  endfacet
  facet normal 0 -0.825783 0.563988
    outer loop
      vertex 34 39.8506 -96.8308
      vertex 37.2 39.8506 -96.8308
      vertex 37.2 39.993 -96.6223
    endloop
  endfacet
  facet normal 0 -0.859797 0.510636
    outer loop
      vertex 34 39.7045 -97.0768
      vertex 37.2 39.8506 -96.8308
      vertex 34 39.8506 -96.8308
    endloop
  endfacet
  facet normal 0 -0.859797 0.510636
    outer loop
      vertex 34 39.7045 -97.0768
      vertex 37.2 39.7045 -97.0768
      vertex 37.2 39.8506 -96.8308
    endloop
  endfacet
  facet normal 0 -0.890198 0.455574
    outer loop
      vertex 34 39.5588 -97.3615
      vertex 37.2 39.7045 -97.0768
      vertex 34 39.7045 -97.0768
    endloop
  endfacet
  facet normal 0 -0.890198 0.455574
    outer loop
      vertex 34 39.5588 -97.3615
      vertex 37.2 39.5588 -97.3615
      vertex 37.2 39.7045 -97.0768
    endloop
  endfacet
  facet normal 0 -0.828527 -0.559948
    outer loop
      vertex 34 39.8782 -97.8341
      vertex 37.2 39.5588 -97.3615
      vertex 34 39.5588 -97.3615
    endloop
  endfacet
  facet normal 0 -0.828527 -0.559948
    outer loop
      vertex 34 39.8782 -97.8341
      vertex 37.2 39.8782 -97.8341
      vertex 37.2 39.5588 -97.3615
    endloop
  endfacet
  facet normal 0 0.0909868 -0.995852
    outer loop
      vertex 34 40.1967 -97.805
      vertex 37.2 39.8782 -97.8341
      vertex 34 39.8782 -97.8341
    endloop
  endfacet
  facet normal 0 0.0909868 -0.995852
    outer loop
      vertex 34 40.1967 -97.805
      vertex 37.2 40.1967 -97.805
      vertex 37.2 39.8782 -97.8341
    endloop
  endfacet
  facet normal 0 0.153396 -0.988165
    outer loop
      vertex 34 40.4795 -97.7611
      vertex 37.2 40.1967 -97.805
      vertex 34 40.1967 -97.805
    endloop
  endfacet
  facet normal 0 0.153396 -0.988165
    outer loop
      vertex 34 40.4795 -97.7611
      vertex 37.2 40.4795 -97.7611
      vertex 37.2 40.1967 -97.805
    endloop
  endfacet
  facet normal 0 0.215504 -0.976503
    outer loop
      vertex 34 40.726 -97.7067
      vertex 37.2 40.4795 -97.7611
      vertex 34 40.4795 -97.7611
    endloop
  endfacet
  facet normal 0 0.215504 -0.976503
    outer loop
      vertex 34 40.726 -97.7067
      vertex 37.2 40.726 -97.7067
      vertex 37.2 40.4795 -97.7611
    endloop
  endfacet
  facet normal 0 0.276471 -0.961022
    outer loop
      vertex 34 40.9363 -97.6462
      vertex 37.2 40.726 -97.7067
      vertex 34 40.726 -97.7067
    endloop
  endfacet
  facet normal 0 0.276471 -0.961022
    outer loop
      vertex 34 40.9363 -97.6462
      vertex 37.2 40.9363 -97.6462
      vertex 37.2 40.726 -97.7067
    endloop
  endfacet
  facet normal 0 0.335926 -0.941888
    outer loop
      vertex 34 41.1107 -97.584
      vertex 37.2 40.9363 -97.6462
      vertex 34 40.9363 -97.6462
    endloop
  endfacet
  facet normal 0 0.335926 -0.941888
    outer loop
      vertex 34 41.1107 -97.584
      vertex 37.2 41.1107 -97.584
      vertex 37.2 40.9363 -97.6462
    endloop
  endfacet
  facet normal 0 0.395273 -0.918564
    outer loop
      vertex 34 41.2499 -97.5241
      vertex 37.2 41.1107 -97.584
      vertex 34 41.1107 -97.584
    endloop
  endfacet
  facet normal 0 0.395273 -0.918564
    outer loop
      vertex 34 41.2499 -97.5241
      vertex 37.2 41.2499 -97.5241
      vertex 37.2 41.1107 -97.584
    endloop
  endfacet
  facet normal 0 0.451623 -0.892209
    outer loop
      vertex 34 41.355 -97.4709
      vertex 37.2 41.2499 -97.5241
      vertex 34 41.2499 -97.5241
    endloop
  endfacet
  facet normal 0 0.451623 -0.892209
    outer loop
      vertex 34 41.355 -97.4709
      vertex 37.2 41.355 -97.4709
      vertex 37.2 41.2499 -97.5241
    endloop
  endfacet
  facet normal 0 0.506604 -0.862179
    outer loop
      vertex 34 41.4275 -97.4283
      vertex 37.2 41.355 -97.4709
      vertex 34 41.355 -97.4709
    endloop
  endfacet
  facet normal 0 0.506604 -0.862179
    outer loop
      vertex 34 41.4275 -97.4283
      vertex 37.2 41.4275 -97.4283
      vertex 37.2 41.355 -97.4709
    endloop
  endfacet
  facet normal 0 0.55835 -0.829605
    outer loop
      vertex 34 41.4694 -97.4001
      vertex 37.2 41.4275 -97.4283
      vertex 34 41.4275 -97.4283
    endloop
  endfacet
  facet normal 0 0.55835 -0.829605
    outer loop
      vertex 34 41.4694 -97.4001
      vertex 37.2 41.4694 -97.4001
      vertex 37.2 41.4275 -97.4283
    endloop
  endfacet
  facet normal 0 0.602833 -0.797867
    outer loop
      vertex 34 41.4829 -97.3899
      vertex 37.2 41.4694 -97.4001
      vertex 34 41.4694 -97.4001
    endloop
  endfacet
  facet normal 0 0.602833 -0.797867
    outer loop
      vertex 34 41.4829 -97.3899
      vertex 37.2 41.4829 -97.3899
      vertex 37.2 41.4694 -97.4001
    endloop
  endfacet
  facet normal 0 0.322091 -0.946709
    outer loop
      vertex 34 42.2039 -97.1446
      vertex 37.2 41.4829 -97.3899
      vertex 34 41.4829 -97.3899
    endloop
  endfacet
  facet normal 0 0.322091 -0.946709
    outer loop
      vertex 34 42.2039 -97.1446
      vertex 37.2 42.2039 -97.1446
      vertex 37.2 41.4829 -97.3899
    endloop
  endfacet
  facet normal 0 0.826713 0.562624
    outer loop
      vertex 34 42.1941 -97.1302
      vertex 37.2 42.2039 -97.1446
      vertex 34 42.2039 -97.1446
    endloop
  endfacet
  facet normal -0 0.826713 0.562624
    outer loop
      vertex 34 42.1941 -97.1302
      vertex 37.2 42.1941 -97.1302
      vertex 37.2 42.2039 -97.1446
    endloop
  endfacet
  facet normal 0 -0.738609 -0.674134
    outer loop
      vertex 34 42.4304 -97.3891
      vertex 37.2 42.1941 -97.1302
      vertex 34 42.1941 -97.1302
    endloop
  endfacet
  facet normal 0 -0.738609 -0.674134
    outer loop
      vertex 34 42.4304 -97.3891
      vertex 37.2 42.4304 -97.3891
      vertex 37.2 42.1941 -97.1302
    endloop
  endfacet
  facet normal 0 -0.698064 -0.716036
    outer loop
      vertex 34 42.6814 -97.6338
      vertex 37.2 42.4304 -97.3891
      vertex 34 42.4304 -97.3891
    endloop
  endfacet
  facet normal 0 -0.698064 -0.716036
    outer loop
      vertex 34 42.6814 -97.6338
      vertex 37.2 42.6814 -97.6338
      vertex 37.2 42.4304 -97.3891
    endloop
  endfacet
  facet normal 0 0.58612 0.810224
    outer loop
      vertex 34 42.6673 -97.6236
      vertex 37.2 42.6814 -97.6338
      vertex 34 42.6814 -97.6338
    endloop
  endfacet
  facet normal -0 0.58612 0.810224
    outer loop
      vertex 34 42.6673 -97.6236
      vertex 37.2 42.6673 -97.6236
      vertex 37.2 42.6814 -97.6338
    endloop
  endfacet
  facet normal 0 -0.935588 0.353094
    outer loop
      vertex 34 42.3984 -98.3361
      vertex 37.2 42.6673 -97.6236
      vertex 34 42.6673 -97.6236
    endloop
  endfacet
  facet normal 0 -0.935588 0.353094
    outer loop
      vertex 34 42.3984 -98.3361
      vertex 37.2 42.3984 -98.3361
      vertex 37.2 42.6673 -97.6236
    endloop
  endfacet
  facet normal 0 -0.777383 0.629028
    outer loop
      vertex 34 42.3878 -98.3492
      vertex 37.2 42.3984 -98.3361
      vertex 34 42.3984 -98.3361
    endloop
  endfacet
  facet normal 0 -0.777383 0.629028
    outer loop
      vertex 34 42.3878 -98.3492
      vertex 37.2 42.3878 -98.3492
      vertex 37.2 42.3984 -98.3361
    endloop
  endfacet
  facet normal 0 -0.810104 0.586286
    outer loop
      vertex 34 42.3582 -98.3901
      vertex 37.2 42.3878 -98.3492
      vertex 34 42.3878 -98.3492
    endloop
  endfacet
  facet normal 0 -0.810104 0.586286
    outer loop
      vertex 34 42.3582 -98.3901
      vertex 37.2 42.3582 -98.3901
      vertex 37.2 42.3878 -98.3492
    endloop
  endfacet
  facet normal 0 -0.84498 0.534798
    outer loop
      vertex 34 42.3132 -98.4612
      vertex 37.2 42.3582 -98.3901
      vertex 34 42.3582 -98.3901
    endloop
  endfacet
  facet normal 0 -0.84498 0.534798
    outer loop
      vertex 34 42.3132 -98.4612
      vertex 37.2 42.3132 -98.4612
      vertex 37.2 42.3582 -98.3901
    endloop
  endfacet
  facet normal 0 -0.876628 0.481169
    outer loop
      vertex 34 42.2565 -98.5645
      vertex 37.2 42.3132 -98.4612
      vertex 34 42.3132 -98.4612
    endloop
  endfacet
  facet normal 0 -0.876628 0.481169
    outer loop
      vertex 34 42.2565 -98.5645
      vertex 37.2 42.2565 -98.5645
      vertex 37.2 42.3132 -98.4612
    endloop
  endfacet
  facet normal 0 -0.905491 0.424366
    outer loop
      vertex 34 42.1922 -98.7017
      vertex 37.2 42.2565 -98.5645
      vertex 34 42.2565 -98.5645
    endloop
  endfacet
  facet normal 0 -0.905491 0.424366
    outer loop
      vertex 34 42.1922 -98.7017
      vertex 37.2 42.1922 -98.7017
      vertex 37.2 42.2565 -98.5645
    endloop
  endfacet
  facet normal 0 -0.930107 0.36729
    outer loop
      vertex 34 42.1242 -98.8739
      vertex 37.2 42.1922 -98.7017
      vertex 34 42.1922 -98.7017
    endloop
  endfacet
  facet normal 0 -0.930107 0.36729
    outer loop
      vertex 34 42.1242 -98.8739
      vertex 37.2 42.1242 -98.8739
      vertex 37.2 42.1922 -98.7017
    endloop
  endfacet
  facet normal 0 -0.951389 0.307991
    outer loop
      vertex 34 42.0568 -99.0821
      vertex 37.2 42.1242 -98.8739
      vertex 34 42.1242 -98.8739
    endloop
  endfacet
  facet normal 0 -0.951389 0.307991
    outer loop
      vertex 34 42.0568 -99.0821
      vertex 37.2 42.0568 -99.0821
      vertex 37.2 42.1242 -98.8739
    endloop
  endfacet
  facet normal 0 -0.968871 0.247565
    outer loop
      vertex 34 41.9943 -99.3267
      vertex 37.2 42.0568 -99.0821
      vertex 34 42.0568 -99.0821
    endloop
  endfacet
  facet normal 0 -0.968871 0.247565
    outer loop
      vertex 34 41.9943 -99.3267
      vertex 37.2 41.9943 -99.3267
      vertex 37.2 42.0568 -99.0821
    endloop
  endfacet
  facet normal 0 -0.982558 0.185956
    outer loop
      vertex 34 41.9411 -99.6078
      vertex 37.2 41.9943 -99.3267
      vertex 34 41.9943 -99.3267
    endloop
  endfacet
  facet normal 0 -0.982558 0.185956
    outer loop
      vertex 34 41.9411 -99.6078
      vertex 37.2 41.9411 -99.6078
      vertex 37.2 41.9943 -99.3267
    endloop
  endfacet
  facet normal 0 -0.992345 0.123496
    outer loop
      vertex 34 41.9016 -99.9252
      vertex 37.2 41.9411 -99.6078
      vertex 34 41.9411 -99.6078
    endloop
  endfacet
  facet normal 0 -0.992345 0.123496
    outer loop
      vertex 34 41.9016 -99.9252
      vertex 37.2 41.9016 -99.9252
      vertex 37.2 41.9411 -99.6078
    endloop
  endfacet
  facet normal 0 -0.586962 -0.809615
    outer loop
      vertex 34 42.3634 -100.26
      vertex 37.2 41.9016 -99.9252
      vertex 34 41.9016 -99.9252
    endloop
  endfacet
  facet normal 0 -0.586962 -0.809615
    outer loop
      vertex 34 42.3634 -100.26
      vertex 37.2 42.3634 -100.26
      vertex 37.2 41.9016 -99.9252
    endloop
  endfacet
  facet normal 0 0.425315 -0.905045
    outer loop
      vertex 34 42.6528 -100.124
      vertex 37.2 42.3634 -100.26
      vertex 34 42.3634 -100.26
    endloop
  endfacet
  facet normal 0 0.425315 -0.905045
    outer loop
      vertex 34 42.6528 -100.124
      vertex 37.2 42.6528 -100.124
      vertex 37.2 42.3634 -100.26
    endloop
  endfacet
  facet normal 0 0.482763 -0.875751
    outer loop
      vertex 34 42.9035 -99.9858
      vertex 37.2 42.6528 -100.124
      vertex 34 42.6528 -100.124
    endloop
  endfacet
  facet normal 0 0.482763 -0.875751
    outer loop
      vertex 34 42.9035 -99.9858
      vertex 37.2 42.9035 -99.9858
      vertex 37.2 42.6528 -100.124
    endloop
  endfacet
  facet normal 0 0.536465 -0.843922
    outer loop
      vertex 34 43.1165 -99.8504
      vertex 37.2 42.9035 -99.9858
      vertex 34 42.9035 -99.9858
    endloop
  endfacet
  facet normal 0 0.536465 -0.843922
    outer loop
      vertex 34 43.1165 -99.8504
      vertex 37.2 43.1165 -99.8504
      vertex 37.2 42.9035 -99.9858
    endloop
  endfacet
  facet normal 0 0.588606 -0.80842
    outer loop
      vertex 34 43.2934 -99.7216
      vertex 37.2 43.1165 -99.8504
      vertex 34 43.1165 -99.8504
    endloop
  endfacet
  facet normal 0 0.588606 -0.80842
    outer loop
      vertex 34 43.2934 -99.7216
      vertex 37.2 43.2934 -99.7216
      vertex 37.2 43.1165 -99.8504
    endloop
  endfacet
  facet normal 0 0.637844 -0.770166
    outer loop
      vertex 34 43.436 -99.6035
      vertex 37.2 43.2934 -99.7216
      vertex 34 43.2934 -99.7216
    endloop
  endfacet
  facet normal 0 0.637844 -0.770166
    outer loop
      vertex 34 43.436 -99.6035
      vertex 37.2 43.436 -99.6035
      vertex 37.2 43.2934 -99.7216
    endloop
  endfacet
  facet normal 0 0.685324 -0.728239
    outer loop
      vertex 34 43.5463 -99.4997
      vertex 37.2 43.436 -99.6035
      vertex 34 43.436 -99.6035
    endloop
  endfacet
  facet normal 0 0.685324 -0.728239
    outer loop
      vertex 34 43.5463 -99.4997
      vertex 37.2 43.5463 -99.4997
      vertex 37.2 43.436 -99.6035
    endloop
  endfacet
  facet normal 0 0.729643 -0.683828
    outer loop
      vertex 34 43.6269 -99.4137
      vertex 37.2 43.5463 -99.4997
      vertex 34 43.5463 -99.4997
    endloop
  endfacet
  facet normal 0 0.729643 -0.683828
    outer loop
      vertex 34 43.6269 -99.4137
      vertex 37.2 43.6269 -99.4137
      vertex 37.2 43.5463 -99.4997
    endloop
  endfacet
  facet normal 0 0.770555 -0.637373
    outer loop
      vertex 34 43.6805 -99.3489
      vertex 37.2 43.6269 -99.4137
      vertex 34 43.6269 -99.4137
    endloop
  endfacet
  facet normal 0 0.770555 -0.637373
    outer loop
      vertex 34 43.6805 -99.3489
      vertex 37.2 43.6805 -99.3489
      vertex 37.2 43.6269 -99.4137
    endloop
  endfacet
  facet normal 0 0.809164 -0.587583
    outer loop
      vertex 34 43.7102 -99.308
      vertex 37.2 43.6805 -99.3489
      vertex 34 43.6805 -99.3489
    endloop
  endfacet
  facet normal 0 0.809164 -0.587583
    outer loop
      vertex 34 43.7102 -99.308
      vertex 37.2 43.7102 -99.308
      vertex 37.2 43.6805 -99.3489
    endloop
  endfacet
  facet normal 0 0.840209 -0.542263
    outer loop
      vertex 34 43.7193 -99.2939
      vertex 37.2 43.7102 -99.308
      vertex 34 43.7102 -99.308
    endloop
  endfacet
  facet normal 0 0.840209 -0.542263
    outer loop
      vertex 34 43.7193 -99.2939
      vertex 37.2 43.7193 -99.2939
      vertex 37.2 43.7102 -99.308
    endloop
  endfacet
  facet normal 0 0.626487 -0.779432
    outer loop
      vertex 34 44.313 -98.8167
      vertex 37.2 43.7193 -99.2939
      vertex 34 43.7193 -99.2939
    endloop
  endfacet
  facet normal 0 0.626487 -0.779432
    outer loop
      vertex 34 44.313 -98.8167
      vertex 37.2 44.313 -98.8167
      vertex 37.2 43.7193 -99.2939
    endloop
  endfacet
  facet normal 0 0.5834 0.812185
    outer loop
      vertex 34 44.2988 -98.8065
      vertex 37.2 44.313 -98.8167
      vertex 34 44.313 -98.8167
    endloop
  endfacet
  facet normal -0 0.5834 0.812185
    outer loop
      vertex 34 44.2988 -98.8065
      vertex 37.2 44.2988 -98.8065
      vertex 37.2 44.313 -98.8167
    endloop
  endfacet
  facet normal 0 -0.463453 -0.886122
    outer loop
      vertex 34 44.6095 -98.969
      vertex 37.2 44.2988 -98.8065
      vertex 34 44.2988 -98.8065
    endloop
  endfacet
  facet normal 0 -0.463453 -0.886122
    outer loop
      vertex 34 44.6095 -98.969
      vertex 37.2 44.6095 -98.969
      vertex 37.2 44.2988 -98.8065
    endloop
  endfacet
  facet normal 0 -0.411136 -0.911574
    outer loop
      vertex 34 44.929 -99.1131
      vertex 37.2 44.6095 -98.969
      vertex 34 44.6095 -98.969
    endloop
  endfacet
  facet normal 0 -0.411136 -0.911574
    outer loop
      vertex 34 44.929 -99.1131
      vertex 37.2 44.929 -99.1131
      vertex 37.2 44.6095 -98.969
    endloop
  endfacet
  facet normal 0 0.276241 0.961088
    outer loop
      vertex 34 44.9123 -99.1083
      vertex 37.2 44.929 -99.1131
      vertex 34 44.929 -99.1131
    endloop
  endfacet
  facet normal -0 0.276241 0.961088
    outer loop
      vertex 34 44.9123 -99.1083
      vertex 37.2 44.9123 -99.1083
      vertex 37.2 44.929 -99.1131
    endloop
  endfacet
  facet normal 0 -0.99993 0.0118164
    outer loop
      vertex 34 44.9033 -99.8699
      vertex 37.2 44.9123 -99.1083
      vertex 34 44.9123 -99.1083
    endloop
  endfacet
  facet normal 0 -0.99993 0.0118164
    outer loop
      vertex 34 44.9033 -99.8699
      vertex 37.2 44.9033 -99.8699
      vertex 37.2 44.9123 -99.1083
    endloop
  endfacet
  facet normal 0 -0.945057 0.326906
    outer loop
      vertex 34 44.8978 -99.8858
      vertex 37.2 44.9033 -99.8699
      vertex 34 44.9033 -99.8699
    endloop
  endfacet
  facet normal 0 -0.945057 0.326906
    outer loop
      vertex 34 44.8978 -99.8858
      vertex 37.2 44.8978 -99.8858
      vertex 37.2 44.9033 -99.8699
    endloop
  endfacet
  facet normal 0 -0.961971 0.273152
    outer loop
      vertex 34 44.884 -99.9344
      vertex 37.2 44.8978 -99.8858
      vertex 34 44.8978 -99.8858
    endloop
  endfacet
  facet normal 0 -0.961971 0.273152
    outer loop
      vertex 34 44.884 -99.9344
      vertex 37.2 44.884 -99.9344
      vertex 37.2 44.8978 -99.8858
    endloop
  endfacet
  facet normal 0 -0.977069 0.212921
    outer loop
      vertex 34 44.866 -100.017
      vertex 37.2 44.884 -99.9344
      vertex 34 44.884 -99.9344
    endloop
  endfacet
  facet normal 0 -0.977069 0.212921
    outer loop
      vertex 34 44.866 -100.017
      vertex 37.2 44.866 -100.017
      vertex 37.2 44.884 -99.9344
    endloop
  endfacet
  facet normal 0 -0.988303 0.152505
    outer loop
      vertex 34 44.8481 -100.133
      vertex 37.2 44.866 -100.017
      vertex 34 44.866 -100.017
    endloop
  endfacet
  facet normal 0 -0.988303 0.152505
    outer loop
      vertex 34 44.8481 -100.133
      vertex 37.2 44.8481 -100.133
      vertex 37.2 44.866 -100.017
    endloop
  endfacet
  facet normal 0 -0.995969 0.0897031
    outer loop
      vertex 34 44.8345 -100.284
      vertex 37.2 44.8481 -100.133
      vertex 34 44.8481 -100.133
    endloop
  endfacet
  facet normal 0 -0.995969 0.0897031
    outer loop
      vertex 34 44.8345 -100.284
      vertex 37.2 44.8345 -100.284
      vertex 37.2 44.8481 -100.133
    endloop
  endfacet
  facet normal 0 -0.999649 0.0264772
    outer loop
      vertex 34 44.8296 -100.469
      vertex 37.2 44.8345 -100.284
      vertex 34 44.8345 -100.284
    endloop
  endfacet
  facet normal 0 -0.999649 0.0264772
    outer loop
      vertex 34 44.8296 -100.469
      vertex 37.2 44.8296 -100.469
      vertex 37.2 44.8345 -100.284
    endloop
  endfacet
  facet normal 0 -0.999366 -0.0355939
    outer loop
      vertex 34 44.8374 -100.688
      vertex 37.2 44.8296 -100.469
      vertex 34 44.8296 -100.469
    endloop
  endfacet
  facet normal 0 -0.999366 -0.0355939
    outer loop
      vertex 34 44.8374 -100.688
      vertex 37.2 44.8374 -100.688
      vertex 37.2 44.8296 -100.469
    endloop
  endfacet
  facet normal 0 -0.995076 -0.0991112
    outer loop
      vertex 34 44.8624 -100.939
      vertex 37.2 44.8374 -100.688
      vertex 34 44.8374 -100.688
    endloop
  endfacet
  facet normal 0 -0.995076 -0.0991112
    outer loop
      vertex 34 44.8624 -100.939
      vertex 37.2 44.8624 -100.939
      vertex 37.2 44.8374 -100.688
    endloop
  endfacet
  facet normal 0 -0.986844 -0.161674
    outer loop
      vertex 34 44.9086 -101.221
      vertex 37.2 44.8624 -100.939
      vertex 34 44.8624 -100.939
    endloop
  endfacet
  facet normal 0 -0.986844 -0.161674
    outer loop
      vertex 34 44.9086 -101.221
      vertex 37.2 44.9086 -101.221
      vertex 37.2 44.8624 -100.939
    endloop
  endfacet
  facet normal 0 -0.974868 -0.222782
    outer loop
      vertex 34 44.9799 -101.533
      vertex 37.2 44.9086 -101.221
      vertex 34 44.9086 -101.221
    endloop
  endfacet
  facet normal 0 -0.974868 -0.222782
    outer loop
      vertex 34 44.9799 -101.533
      vertex 37.2 44.9799 -101.533
      vertex 37.2 44.9086 -101.221
    endloop
  endfacet
  facet normal 0 -0.275138 -0.961405
    outer loop
      vertex 34 45.5285 -101.69
      vertex 37.2 44.9799 -101.533
      vertex 34 44.9799 -101.533
    endloop
  endfacet
  facet normal 0 -0.275138 -0.961405
    outer loop
      vertex 34 45.5285 -101.69
      vertex 37.2 45.5285 -101.69
      vertex 37.2 44.9799 -101.533
    endloop
  endfacet
  facet normal 0 0.709916 -0.704287
    outer loop
      vertex 34 45.7537 -101.463
      vertex 37.2 45.5285 -101.69
      vertex 34 45.5285 -101.69
    endloop
  endfacet
  facet normal 0 0.709916 -0.704287
    outer loop
      vertex 34 45.7537 -101.463
      vertex 37.2 45.7537 -101.463
      vertex 37.2 45.5285 -101.69
    endloop
  endfacet
  facet normal 0 0.753613 -0.657318
    outer loop
      vertex 34 45.9421 -101.247
      vertex 37.2 45.7537 -101.463
      vertex 34 45.7537 -101.463
    endloop
  endfacet
  facet normal 0 0.753613 -0.657318
    outer loop
      vertex 34 45.9421 -101.247
      vertex 37.2 45.9421 -101.247
      vertex 37.2 45.7537 -101.463
    endloop
  endfacet
  facet normal 0 0.792521 -0.609845
    outer loop
      vertex 34 46.096 -101.047
      vertex 37.2 45.9421 -101.247
      vertex 34 45.9421 -101.247
    endloop
  endfacet
  facet normal 0 0.792521 -0.609845
    outer loop
      vertex 34 46.096 -101.047
      vertex 37.2 46.096 -101.047
      vertex 37.2 45.9421 -101.247
    endloop
  endfacet
  facet normal 0 0.828583 -0.559866
    outer loop
      vertex 34 46.2183 -100.866
      vertex 37.2 46.096 -101.047
      vertex 34 46.096 -101.047
    endloop
  endfacet
  facet normal 0 0.828583 -0.559866
    outer loop
      vertex 34 46.2183 -100.866
      vertex 37.2 46.2183 -100.866
      vertex 37.2 46.096 -101.047
    endloop
  endfacet
  facet normal 0 0.863387 -0.504542
    outer loop
      vertex 34 46.3118 -100.706
      vertex 37.2 46.2183 -100.866
      vertex 34 46.2183 -100.866
    endloop
  endfacet
  facet normal 0 0.863387 -0.504542
    outer loop
      vertex 34 46.3118 -100.706
      vertex 37.2 46.3118 -100.706
      vertex 37.2 46.2183 -100.866
    endloop
  endfacet
  facet normal 0 0.892568 -0.450912
    outer loop
      vertex 34 46.38 -100.571
      vertex 37.2 46.3118 -100.706
      vertex 34 46.3118 -100.706
    endloop
  endfacet
  facet normal 0 0.892568 -0.450912
    outer loop
      vertex 34 46.38 -100.571
      vertex 37.2 46.38 -100.571
      vertex 37.2 46.3118 -100.706
    endloop
  endfacet
  facet normal 0 0.920407 -0.390962
    outer loop
      vertex 34 46.4263 -100.462
      vertex 37.2 46.38 -100.571
      vertex 34 46.38 -100.571
    endloop
  endfacet
  facet normal 0 0.920407 -0.390962
    outer loop
      vertex 34 46.4263 -100.462
      vertex 37.2 46.4263 -100.462
      vertex 37.2 46.38 -100.571
    endloop
  endfacet
  facet normal 0 0.941796 -0.336185
    outer loop
      vertex 34 46.4545 -100.383
      vertex 37.2 46.4263 -100.462
      vertex 34 46.4263 -100.462
    endloop
  endfacet
  facet normal 0 0.941796 -0.336185
    outer loop
      vertex 34 46.4545 -100.383
      vertex 37.2 46.4545 -100.383
      vertex 37.2 46.4263 -100.462
    endloop
  endfacet
  facet normal 0 0.962041 -0.272905
    outer loop
      vertex 34 46.4684 -100.334
      vertex 37.2 46.4545 -100.383
      vertex 34 46.4545 -100.383
    endloop
  endfacet
  facet normal 0 0.962041 -0.272905
    outer loop
      vertex 34 46.4684 -100.334
      vertex 37.2 46.4684 -100.334
      vertex 37.2 46.4545 -100.383
    endloop
  endfacet
  facet normal 0 0.974288 -0.225304
    outer loop
      vertex 34 46.4721 -100.318
      vertex 37.2 46.4684 -100.334
      vertex 34 46.4684 -100.334
    endloop
  endfacet
  facet normal 0 0.974288 -0.225304
    outer loop
      vertex 34 46.4721 -100.318
      vertex 37.2 46.4721 -100.318
      vertex 37.2 46.4684 -100.334
    endloop
  endfacet
  facet normal 0 0.855214 -0.518276
    outer loop
      vertex 34 46.8668 -99.6667
      vertex 37.2 46.4721 -100.318
      vertex 34 46.4721 -100.318
    endloop
  endfacet
  facet normal 0 0.855214 -0.518276
    outer loop
      vertex 34 46.8668 -99.6667
      vertex 37.2 46.8668 -99.6667
      vertex 37.2 46.4721 -100.318
    endloop
  endfacet
  facet normal 0 0.274721 0.961524
    outer loop
      vertex 34 46.85 -99.6619
      vertex 37.2 46.8668 -99.6667
      vertex 34 46.8668 -99.6667
    endloop
  endfacet
  facet normal -0 0.274721 0.961524
    outer loop
      vertex 34 46.85 -99.6619
      vertex 37.2 46.85 -99.6619
      vertex 37.2 46.8668 -99.6667
    endloop
  endfacet
  facet normal 0 -0.132351 -0.991203
    outer loop
      vertex 34 47.1975 -99.7083
      vertex 37.2 46.85 -99.6619
      vertex 34 46.85 -99.6619
    endloop
  endfacet
  facet normal 0 -0.132351 -0.991203
    outer loop
      vertex 34 47.1975 -99.7083
      vertex 37.2 47.1975 -99.7083
      vertex 37.2 46.85 -99.6619
    endloop
  endfacet
  facet normal 0 -0.0747332 -0.997204
    outer loop
      vertex 34 47.5471 -99.7345
      vertex 37.2 47.1975 -99.7083
      vertex 34 47.1975 -99.7083
    endloop
  endfacet
  facet normal 0 -0.0747332 -0.997204
    outer loop
      vertex 34 47.5471 -99.7345
      vertex 37.2 47.5471 -99.7345
      vertex 37.2 47.1975 -99.7083
    endloop
  endfacet
  facet normal 0 -0.0688021 0.99763
    outer loop
      vertex 34 47.5297 -99.7357
      vertex 37.2 47.5471 -99.7345
      vertex 34 47.5471 -99.7345
    endloop
  endfacet
  facet normal 0 -0.0688021 0.99763
    outer loop
      vertex 34 47.5297 -99.7357
      vertex 37.2 47.5297 -99.7357
      vertex 37.2 47.5471 -99.7345
    endloop
  endfacet
  facet normal 0 -0.943614 -0.331047
    outer loop
      vertex 34 47.7817 -100.454
      vertex 37.2 47.5297 -99.7357
      vertex 34 47.5297 -99.7357
    endloop
  endfacet
  facet normal 0 -0.943614 -0.331047
    outer loop
      vertex 34 47.7817 -100.454
      vertex 37.2 47.7817 -100.454
      vertex 37.2 47.5297 -99.7357
    endloop
  endfacet
  facet normal 0 -0.999931 -0.0117639
    outer loop
      vertex 34 47.7819 -100.471
      vertex 37.2 47.7817 -100.454
      vertex 34 47.7817 -100.454
    endloop
  endfacet
  facet normal 0 -0.999931 -0.0117639
    outer loop
      vertex 34 47.7819 -100.471
      vertex 37.2 47.7819 -100.471
      vertex 37.2 47.7817 -100.454
    endloop
  endfacet
  facet normal 0 -0.997379 -0.0723588
    outer loop
      vertex 34 47.7856 -100.522
      vertex 37.2 47.7819 -100.471
      vertex 34 47.7819 -100.471
    endloop
  endfacet
  facet normal 0 -0.997379 -0.0723588
    outer loop
      vertex 34 47.7856 -100.522
      vertex 37.2 47.7856 -100.522
      vertex 37.2 47.7819 -100.471
    endloop
  endfacet
  facet normal 0 -0.991018 -0.133728
    outer loop
      vertex 34 47.7968 -100.605
      vertex 37.2 47.7856 -100.522
      vertex 34 47.7856 -100.522
    endloop
  endfacet
  facet normal 0 -0.991018 -0.133728
    outer loop
      vertex 34 47.7968 -100.605
      vertex 37.2 47.7968 -100.605
      vertex 37.2 47.7856 -100.522
    endloop
  endfacet
  facet normal 0 -0.980905 -0.19449
    outer loop
      vertex 34 47.8198 -100.721
      vertex 37.2 47.7968 -100.605
      vertex 34 47.7968 -100.605
    endloop
  endfacet
  facet normal 0 -0.980905 -0.19449
    outer loop
      vertex 34 47.8198 -100.721
      vertex 37.2 47.8198 -100.721
      vertex 37.2 47.7968 -100.605
    endloop
  endfacet
  facet normal 0 -0.96629 -0.257457
    outer loop
      vertex 34 47.8587 -100.867
      vertex 37.2 47.8198 -100.721
      vertex 34 47.8198 -100.721
    endloop
  endfacet
  facet normal 0 -0.96629 -0.257457
    outer loop
      vertex 34 47.8587 -100.867
      vertex 37.2 47.8587 -100.867
      vertex 37.2 47.8198 -100.721
    endloop
  endfacet
  facet normal 0 -0.948791 -0.315904
    outer loop
      vertex 34 47.9173 -101.043
      vertex 37.2 47.8587 -100.867
      vertex 34 47.8587 -100.867
    endloop
  endfacet
  facet normal 0 -0.948791 -0.315904
    outer loop
      vertex 34 47.9173 -101.043
      vertex 37.2 47.9173 -101.043
      vertex 37.2 47.8587 -100.867
    endloop
  endfacet
  facet normal 0 -0.926247 -0.376918
    outer loop
      vertex 34 47.9995 -101.245
      vertex 37.2 47.9173 -101.043
      vertex 34 47.9173 -101.043
    endloop
  endfacet
  facet normal 0 -0.926247 -0.376918
    outer loop
      vertex 34 47.9995 -101.245
      vertex 37.2 47.9995 -101.245
      vertex 37.2 47.9173 -101.043
    endloop
  endfacet
  facet normal 0 -0.901585 -0.432603
    outer loop
      vertex 34 48.1089 -101.473
      vertex 37.2 47.9995 -101.245
      vertex 34 47.9995 -101.245
    endloop
  endfacet
  facet normal 0 -0.901585 -0.432603
    outer loop
      vertex 34 48.1089 -101.473
      vertex 37.2 48.1089 -101.473
      vertex 37.2 47.9995 -101.245
    endloop
  endfacet
  facet normal 0 -0.872506 -0.488603
    outer loop
      vertex 34 48.2489 -101.723
      vertex 37.2 48.1089 -101.473
      vertex 34 48.1089 -101.473
    endloop
  endfacet
  facet normal 0 -0.872506 -0.488603
    outer loop
      vertex 34 48.2489 -101.723
      vertex 37.2 48.2489 -101.723
      vertex 37.2 48.1089 -101.473
    endloop
  endfacet
  facet normal 0 -0.839158 -0.543887
    outer loop
      vertex 34 48.4226 -101.991
      vertex 37.2 48.2489 -101.723
      vertex 34 48.2489 -101.723
    endloop
  endfacet
  facet normal 0 -0.839158 -0.543887
    outer loop
      vertex 34 48.4226 -101.991
      vertex 37.2 48.4226 -101.991
      vertex 37.2 48.2489 -101.723
    endloop
  endfacet
  facet normal 0 0.0701257 -0.997538
    outer loop
      vertex 34 48.9916 -101.951
      vertex 37.2 48.4226 -101.991
      vertex 34 48.4226 -101.991
    endloop
  endfacet
  facet normal 0 0.0701257 -0.997538
    outer loop
      vertex 34 48.9916 -101.951
      vertex 37.2 48.9916 -101.951
      vertex 37.2 48.4226 -101.991
    endloop
  endfacet
  facet normal 0 0.908206 -0.418524
    outer loop
      vertex 34 49.1257 -101.66
      vertex 37.2 48.9916 -101.951
      vertex 34 48.9916 -101.951
    endloop
  endfacet
  facet normal 0 0.908206 -0.418524
    outer loop
      vertex 34 49.1257 -101.66
      vertex 37.2 49.1257 -101.66
      vertex 37.2 48.9916 -101.951
    endloop
  endfacet
  facet normal 0 0.932176 -0.362007
    outer loop
      vertex 34 49.229 -101.394
      vertex 37.2 49.1257 -101.66
      vertex 34 49.1257 -101.66
    endloop
  endfacet
  facet normal 0 0.932176 -0.362007
    outer loop
      vertex 34 49.229 -101.394
      vertex 37.2 49.229 -101.394
      vertex 37.2 49.1257 -101.66
    endloop
  endfacet
  facet normal 0 0.953475 -0.301472
    outer loop
      vertex 34 49.3052 -101.153
      vertex 37.2 49.229 -101.394
      vertex 34 49.229 -101.394
    endloop
  endfacet
  facet normal 0 0.953475 -0.301472
    outer loop
      vertex 34 49.3052 -101.153
      vertex 37.2 49.3052 -101.153
      vertex 37.2 49.229 -101.394
    endloop
  endfacet
  facet normal 0 0.970623 -0.240605
    outer loop
      vertex 34 49.358 -100.94
      vertex 37.2 49.3052 -101.153
      vertex 34 49.3052 -101.153
    endloop
  endfacet
  facet normal 0 0.970623 -0.240605
    outer loop
      vertex 34 49.358 -100.94
      vertex 37.2 49.358 -100.94
      vertex 37.2 49.3052 -101.153
    endloop
  endfacet
  facet normal 0 0.983766 -0.179456
    outer loop
      vertex 34 49.3912 -100.758
      vertex 37.2 49.358 -100.94
      vertex 34 49.358 -100.94
    endloop
  endfacet
  facet normal 0 0.983766 -0.179456
    outer loop
      vertex 34 49.3912 -100.758
      vertex 37.2 49.3912 -100.758
      vertex 37.2 49.358 -100.94
    endloop
  endfacet
  facet normal 0 0.993033 -0.11784
    outer loop
      vertex 34 49.409 -100.608
      vertex 37.2 49.3912 -100.758
      vertex 34 49.3912 -100.758
    endloop
  endfacet
  facet normal 0 0.993033 -0.11784
    outer loop
      vertex 34 49.409 -100.608
      vertex 37.2 49.409 -100.608
      vertex 37.2 49.3912 -100.758
    endloop
  endfacet
  facet normal 0 0.998486 -0.0550014
    outer loop
      vertex 34 49.4155 -100.49
      vertex 37.2 49.409 -100.608
      vertex 34 49.409 -100.608
    endloop
  endfacet
  facet normal 0 0.998486 -0.0550014
    outer loop
      vertex 34 49.4155 -100.49
      vertex 37.2 49.4155 -100.49
      vertex 37.2 49.409 -100.608
    endloop
  endfacet
  facet normal 0 0.999965 0.00833304
    outer loop
      vertex 34 49.4148 -100.406
      vertex 37.2 49.4155 -100.49
      vertex 34 49.4155 -100.49
    endloop
  endfacet
  facet normal -0 0.999965 0.00833304
    outer loop
      vertex 34 49.4148 -100.406
      vertex 37.2 49.4148 -100.406
      vertex 37.2 49.4155 -100.49
    endloop
  endfacet
  facet normal 0 0.997559 0.0698291
    outer loop
      vertex 34 49.4113 -100.356
      vertex 37.2 49.4148 -100.406
      vertex 34 49.4148 -100.406
    endloop
  endfacet
  facet normal -0 0.997559 0.0698291
    outer loop
      vertex 34 49.4113 -100.356
      vertex 37.2 49.4113 -100.356
      vertex 37.2 49.4148 -100.406
    endloop
  endfacet
  facet normal 0 0.992456 0.122598
    outer loop
      vertex 34 49.4092 -100.339
      vertex 37.2 49.4113 -100.356
      vertex 34 49.4113 -100.356
    endloop
  endfacet
  facet normal -0 0.992456 0.122598
    outer loop
      vertex 34 49.4092 -100.339
      vertex 37.2 49.4092 -100.339
      vertex 37.2 49.4113 -100.356
    endloop
  endfacet
  facet normal 0 0.980913 -0.194449
    outer loop
      vertex 34 49.5573 -99.5919
      vertex 37.2 49.4092 -100.339
      vertex 34 49.4092 -100.339
    endloop
  endfacet
  facet normal 0 0.980913 -0.194449
    outer loop
      vertex 34 49.5573 -99.5919
      vertex 37.2 49.5573 -99.5919
      vertex 37.2 49.4092 -100.339
    endloop
  endfacet
  facet normal 0 -0.0691979 0.997603
    outer loop
      vertex 34 49.54 -99.5931
      vertex 37.2 49.5573 -99.5919
      vertex 34 49.5573 -99.5919
    endloop
  endfacet
  facet normal 0 -0.0691979 0.997603
    outer loop
      vertex 34 49.54 -99.5931
      vertex 37.2 49.54 -99.5931
      vertex 37.2 49.5573 -99.5919
    endloop
  endfacet
  facet normal 0 0.214573 -0.976708
    outer loop
      vertex 34 49.8823 -99.5179
      vertex 37.2 49.54 -99.5931
      vertex 34 49.54 -99.5931
    endloop
  endfacet
  facet normal 0 0.214573 -0.976708
    outer loop
      vertex 34 49.8823 -99.5179
      vertex 37.2 49.8823 -99.5179
      vertex 37.2 49.54 -99.5931
    endloop
  endfacet
  facet normal 0 0.270836 -0.962625
    outer loop
      vertex 34 50.2196 -99.423
      vertex 37.2 49.8823 -99.5179
      vertex 34 49.8823 -99.5179
    endloop
  endfacet
  facet normal 0 0.270836 -0.962625
    outer loop
      vertex 34 50.2196 -99.423
      vertex 37.2 50.2196 -99.423
      vertex 37.2 49.8823 -99.5179
    endloop
  endfacet
  facet normal 0 -0.405064 0.914288
    outer loop
      vertex 34 50.2038 -99.43
      vertex 37.2 50.2196 -99.423
      vertex 34 50.2196 -99.423
    endloop
  endfacet
  facet normal 0 -0.405064 0.914288
    outer loop
      vertex 34 50.2038 -99.43
      vertex 37.2 50.2038 -99.43
      vertex 37.2 50.2196 -99.423
    endloop
  endfacet
  facet normal 0 -0.773512 -0.633781
    outer loop
      vertex 34 50.6864 -100.019
      vertex 37.2 50.2038 -99.43
      vertex 34 50.2038 -99.43
    endloop
  endfacet
  facet normal 0 -0.773512 -0.633781
    outer loop
      vertex 34 50.6864 -100.019
      vertex 37.2 50.6864 -100.019
      vertex 37.2 50.2038 -99.43
    endloop
  endfacet
  facet normal 0 -0.936329 -0.351123
    outer loop
      vertex 34 50.6924 -100.035
      vertex 37.2 50.6864 -100.019
      vertex 34 50.6864 -100.019
    endloop
  endfacet
  facet normal 0 -0.936329 -0.351123
    outer loop
      vertex 34 50.6924 -100.035
      vertex 37.2 50.6924 -100.035
      vertex 37.2 50.6864 -100.019
    endloop
  endfacet
  facet normal 0 -0.911922 -0.410365
    outer loop
      vertex 34 50.7131 -100.081
      vertex 37.2 50.6924 -100.035
      vertex 34 50.6924 -100.035
    endloop
  endfacet
  facet normal 0 -0.911922 -0.410365
    outer loop
      vertex 34 50.7131 -100.081
      vertex 37.2 50.7131 -100.081
      vertex 37.2 50.6924 -100.035
    endloop
  endfacet
  facet normal 0 -0.886732 -0.462283
    outer loop
      vertex 34 50.7522 -100.156
      vertex 37.2 50.7131 -100.081
      vertex 34 50.7131 -100.081
    endloop
  endfacet
  facet normal 0 -0.886732 -0.462283
    outer loop
      vertex 34 50.7522 -100.156
      vertex 37.2 50.7522 -100.156
      vertex 37.2 50.7131 -100.081
    endloop
  endfacet
  facet normal 0 -0.853324 -0.521381
    outer loop
      vertex 34 50.8133 -100.256
      vertex 37.2 50.7522 -100.156
      vertex 34 50.7522 -100.156
    endloop
  endfacet
  facet normal 0 -0.853324 -0.521381
    outer loop
      vertex 34 50.8133 -100.256
      vertex 37.2 50.8133 -100.256
      vertex 37.2 50.7522 -100.156
    endloop
  endfacet
  facet normal 0 -0.822003 -0.569484
    outer loop
      vertex 34 50.8999 -100.381
      vertex 37.2 50.8133 -100.256
      vertex 34 50.8133 -100.256
    endloop
  endfacet
  facet normal 0 -0.822003 -0.569484
    outer loop
      vertex 34 50.8999 -100.381
      vertex 37.2 50.8999 -100.381
      vertex 37.2 50.8133 -100.256
    endloop
  endfacet
  facet normal 0 -0.782972 -0.622057
    outer loop
      vertex 34 51.0151 -100.526
      vertex 37.2 50.8999 -100.381
      vertex 34 50.8999 -100.381
    endloop
  endfacet
  facet normal 0 -0.782972 -0.622057
    outer loop
      vertex 34 51.0151 -100.526
      vertex 37.2 51.0151 -100.526
      vertex 37.2 50.8999 -100.381
    endloop
  endfacet
  facet normal 0 -0.741471 -0.670985
    outer loop
      vertex 34 51.1617 -100.688
      vertex 37.2 51.0151 -100.526
      vertex 34 51.0151 -100.526
    endloop
  endfacet
  facet normal 0 -0.741471 -0.670985
    outer loop
      vertex 34 51.1617 -100.688
      vertex 37.2 51.1617 -100.688
      vertex 37.2 51.0151 -100.526
    endloop
  endfacet
  facet normal 0 -0.697927 -0.716169
    outer loop
      vertex 34 51.3423 -100.864
      vertex 37.2 51.1617 -100.688
      vertex 34 51.1617 -100.688
    endloop
  endfacet
  facet normal 0 -0.697927 -0.716169
    outer loop
      vertex 34 51.3423 -100.864
      vertex 37.2 51.3423 -100.864
      vertex 37.2 51.1617 -100.688
    endloop
  endfacet
  facet normal 0 -0.652974 -0.75738
    outer loop
      vertex 34 51.5592 -101.051
      vertex 37.2 51.3423 -100.864
      vertex 34 51.3423 -100.864
    endloop
  endfacet
  facet normal 0 -0.652974 -0.75738
    outer loop
      vertex 34 51.5592 -101.051
      vertex 37.2 51.5592 -101.051
      vertex 37.2 51.3423 -100.864
    endloop
  endfacet
  facet normal 0 -0.603496 -0.797366
    outer loop
      vertex 34 51.8142 -101.244
      vertex 37.2 51.5592 -101.051
      vertex 34 51.5592 -101.051
    endloop
  endfacet
  facet normal 0 -0.603496 -0.797366
    outer loop
      vertex 34 51.8142 -101.244
      vertex 37.2 51.8142 -101.244
      vertex 37.2 51.5592 -101.051
    endloop
  endfacet
  facet normal 0 0.408316 -0.912841
    outer loop
      vertex 34 52.3351 -101.011
      vertex 37.2 51.8142 -101.244
      vertex 34 51.8142 -101.244
    endloop
  endfacet
  facet normal 0 0.408316 -0.912841
    outer loop
      vertex 34 52.3351 -101.011
      vertex 37.2 52.3351 -101.011
      vertex 37.2 51.8142 -101.244
    endloop
  endfacet
  facet normal 0 0.996494 -0.0836679
    outer loop
      vertex 34 52.3618 -100.693
      vertex 37.2 52.3351 -101.011
      vertex 34 52.3351 -101.011
    endloop
  endfacet
  facet normal 0 0.996494 -0.0836679
    outer loop
      vertex 34 52.3618 -100.693
      vertex 37.2 52.3618 -100.693
      vertex 37.2 52.3351 -101.011
    endloop
  endfacet
  facet normal 0 0.999787 -0.020625
    outer loop
      vertex 34 52.3677 -100.407
      vertex 37.2 52.3618 -100.693
      vertex 34 52.3618 -100.693
    endloop
  endfacet
  facet normal 0 0.999787 -0.020625
    outer loop
      vertex 34 52.3677 -100.407
      vertex 37.2 52.3677 -100.407
      vertex 37.2 52.3618 -100.693
    endloop
  endfacet
  facet normal 0 0.99909 0.0426489
    outer loop
      vertex 34 52.3569 -100.154
      vertex 37.2 52.3677 -100.407
      vertex 34 52.3677 -100.407
    endloop
  endfacet
  facet normal -0 0.99909 0.0426489
    outer loop
      vertex 34 52.3569 -100.154
      vertex 37.2 52.3569 -100.154
      vertex 37.2 52.3677 -100.407
    endloop
  endfacet
  facet normal 0 0.99444 0.105304
    outer loop
      vertex 34 52.3339 -99.9368
      vertex 37.2 52.3569 -100.154
      vertex 34 52.3569 -100.154
    endloop
  endfacet
  facet normal -0 0.99444 0.105304
    outer loop
      vertex 34 52.3339 -99.9368
      vertex 37.2 52.3339 -99.9368
      vertex 37.2 52.3569 -100.154
    endloop
  endfacet
  facet normal 0 0.985789 0.167989
    outer loop
      vertex 34 52.3028 -99.7543
      vertex 37.2 52.3339 -99.9368
      vertex 34 52.3339 -99.9368
    endloop
  endfacet
  facet normal -0 0.985789 0.167989
    outer loop
      vertex 34 52.3028 -99.7543
      vertex 37.2 52.3028 -99.7543
      vertex 37.2 52.3339 -99.9368
    endloop
  endfacet
  facet normal 0 0.973426 0.229003
    outer loop
      vertex 34 52.2681 -99.6068
      vertex 37.2 52.3028 -99.7543
      vertex 34 52.3028 -99.7543
    endloop
  endfacet
  facet normal -0 0.973426 0.229003
    outer loop
      vertex 34 52.2681 -99.6068
      vertex 37.2 52.2681 -99.6068
      vertex 37.2 52.3028 -99.7543
    endloop
  endfacet
  facet normal 0 0.95691 0.290384
    outer loop
      vertex 34 52.2339 -99.4941
      vertex 37.2 52.2681 -99.6068
      vertex 34 52.2681 -99.6068
    endloop
  endfacet
  facet normal -0 0.95691 0.290384
    outer loop
      vertex 34 52.2339 -99.4941
      vertex 37.2 52.2339 -99.4941
      vertex 37.2 52.2681 -99.6068
    endloop
  endfacet
  facet normal 0 0.937447 0.348127
    outer loop
      vertex 34 52.2046 -99.4152
      vertex 37.2 52.2339 -99.4941
      vertex 34 52.2339 -99.4941
    endloop
  endfacet
  facet normal -0 0.937447 0.348127
    outer loop
      vertex 34 52.2046 -99.4152
      vertex 37.2 52.2046 -99.4152
      vertex 37.2 52.2339 -99.4941
    endloop
  endfacet
  facet normal 0 0.912993 0.407975
    outer loop
      vertex 34 52.184 -99.3691
      vertex 37.2 52.2046 -99.4152
      vertex 34 52.2046 -99.4152
    endloop
  endfacet
  facet normal -0 0.912993 0.407975
    outer loop
      vertex 34 52.184 -99.3691
      vertex 37.2 52.184 -99.3691
      vertex 37.2 52.2046 -99.4152
    endloop
  endfacet
  facet normal 0 0.889632 0.456678
    outer loop
      vertex 34 52.1763 -99.3541
      vertex 37.2 52.184 -99.3691
      vertex 34 52.184 -99.3691
    endloop
  endfacet
  facet normal -0 0.889632 0.456678
    outer loop
      vertex 34 52.1763 -99.3541
      vertex 37.2 52.1763 -99.3541
      vertex 37.2 52.184 -99.3691
    endloop
  endfacet
  facet normal 0 0.988253 0.152827
    outer loop
      vertex 34 52.0599 -98.6014
      vertex 37.2 52.1763 -99.3541
      vertex 34 52.1763 -99.3541
    endloop
  endfacet
  facet normal -0 0.988253 0.152827
    outer loop
      vertex 34 52.0599 -98.6014
      vertex 37.2 52.0599 -98.6014
      vertex 37.2 52.1763 -99.3541
    endloop
  endfacet
  facet normal 0 -0.412508 0.910954
    outer loop
      vertex 34 52.044 -98.6086
      vertex 37.2 52.0599 -98.6014
      vertex 34 52.0599 -98.6014
    endloop
  endfacet
  facet normal 0 -0.412508 0.910954
    outer loop
      vertex 34 52.044 -98.6086
      vertex 37.2 52.044 -98.6086
      vertex 37.2 52.0599 -98.6014
    endloop
  endfacet
  facet normal 0 0.535731 -0.844389
    outer loop
      vertex 34 52.34 -98.4208
      vertex 37.2 52.044 -98.6086
      vertex 34 52.044 -98.6086
    endloop
  endfacet
  facet normal 0 0.535731 -0.844389
    outer loop
      vertex 34 52.34 -98.4208
      vertex 37.2 52.34 -98.4208
      vertex 37.2 52.044 -98.6086
    endloop
  endfacet
  facet normal 0 0.583906 -0.811821
    outer loop
      vertex 34 52.6246 -98.2161
      vertex 37.2 52.34 -98.4208
      vertex 34 52.34 -98.4208
    endloop
  endfacet
  facet normal 0 0.583906 -0.811821
    outer loop
      vertex 34 52.6246 -98.2161
      vertex 37.2 52.6246 -98.2161
      vertex 37.2 52.34 -98.4208
    endloop
  endfacet
  facet normal 0 -0.695517 0.718509
    outer loop
      vertex 34 52.6121 -98.2282
      vertex 37.2 52.6246 -98.2161
      vertex 34 52.6246 -98.2161
    endloop
  endfacet
  facet normal 0 -0.695517 0.718509
    outer loop
      vertex 34 52.6121 -98.2282
      vertex 37.2 52.6121 -98.2282
      vertex 37.2 52.6246 -98.2161
    endloop
  endfacet
  facet normal 0 -0.510241 -0.860031
    outer loop
      vertex 34 53.2671 -98.6168
      vertex 37.2 52.6121 -98.2282
      vertex 34 52.6121 -98.2282
    endloop
  endfacet
  facet normal 0 -0.510241 -0.860031
    outer loop
      vertex 34 53.2671 -98.6168
      vertex 37.2 53.2671 -98.6168
      vertex 37.2 52.6121 -98.2282
    endloop
  endfacet
  facet normal 0 -0.755885 -0.654704
    outer loop
      vertex 34 53.2781 -98.6295
      vertex 37.2 53.2671 -98.6168
      vertex 34 53.2671 -98.6168
    endloop
  endfacet
  facet normal 0 -0.755885 -0.654704
    outer loop
      vertex 34 53.2781 -98.6295
      vertex 37.2 53.2781 -98.6295
      vertex 37.2 53.2671 -98.6168
    endloop
  endfacet
  facet normal 0 -0.71694 -0.697135
    outer loop
      vertex 34 53.3133 -98.6657
      vertex 37.2 53.2781 -98.6295
      vertex 34 53.2781 -98.6295
    endloop
  endfacet
  facet normal 0 -0.71694 -0.697135
    outer loop
      vertex 34 53.3133 -98.6657
      vertex 37.2 53.3133 -98.6657
      vertex 37.2 53.2781 -98.6295
    endloop
  endfacet
  facet normal 0 -0.673086 -0.739564
    outer loop
      vertex 34 53.3756 -98.7224
      vertex 37.2 53.3133 -98.6657
      vertex 34 53.3133 -98.6657
    endloop
  endfacet
  facet normal 0 -0.673086 -0.739564
    outer loop
      vertex 34 53.3756 -98.7224
      vertex 37.2 53.3756 -98.7224
      vertex 37.2 53.3133 -98.6657
    endloop
  endfacet
  facet normal 0 -0.625626 -0.780123
    outer loop
      vertex 34 53.4675 -98.7961
      vertex 37.2 53.3756 -98.7224
      vertex 34 53.3756 -98.7224
    endloop
  endfacet
  facet normal 0 -0.625626 -0.780123
    outer loop
      vertex 34 53.4675 -98.7961
      vertex 37.2 53.4675 -98.7961
      vertex 37.2 53.3756 -98.7224
    endloop
  endfacet
  facet normal 0 -0.575853 -0.817553
    outer loop
      vertex 34 53.5913 -98.8833
      vertex 37.2 53.4675 -98.7961
      vertex 34 53.4675 -98.7961
    endloop
  endfacet
  facet normal 0 -0.575853 -0.817553
    outer loop
      vertex 34 53.5913 -98.8833
      vertex 37.2 53.5913 -98.8833
      vertex 37.2 53.4675 -98.7961
    endloop
  endfacet
  facet normal 0 -0.523284 -0.852159
    outer loop
      vertex 34 53.7491 -98.9802
      vertex 37.2 53.5913 -98.8833
      vertex 34 53.5913 -98.8833
    endloop
  endfacet
  facet normal 0 -0.523284 -0.852159
    outer loop
      vertex 34 53.7491 -98.9802
      vertex 37.2 53.7491 -98.9802
      vertex 37.2 53.5913 -98.8833
    endloop
  endfacet
  facet normal 0 -0.468476 -0.883476
    outer loop
      vertex 34 53.9424 -99.0827
      vertex 37.2 53.7491 -98.9802
      vertex 34 53.7491 -98.9802
    endloop
  endfacet
  facet normal 0 -0.468476 -0.883476
    outer loop
      vertex 34 53.9424 -99.0827
      vertex 37.2 53.9424 -99.0827
      vertex 37.2 53.7491 -98.9802
    endloop
  endfacet
  facet normal 0 -0.411863 -0.911246
    outer loop
      vertex 34 54.1725 -99.1867
      vertex 37.2 53.9424 -99.0827
      vertex 34 53.9424 -99.0827
    endloop
  endfacet
  facet normal 0 -0.411863 -0.911246
    outer loop
      vertex 34 54.1725 -99.1867
      vertex 37.2 54.1725 -99.1867
      vertex 37.2 53.9424 -99.0827
    endloop
  endfacet
  facet normal 0 -0.353611 -0.935392
    outer loop
      vertex 34 54.4402 -99.2879
      vertex 37.2 54.1725 -99.1867
      vertex 34 54.1725 -99.1867
    endloop
  endfacet
  facet normal 0 -0.353611 -0.935392
    outer loop
      vertex 34 54.4402 -99.2879
      vertex 37.2 54.4402 -99.2879
      vertex 37.2 54.1725 -99.1867
    endloop
  endfacet
  facet normal 0 -0.294284 -0.955718
    outer loop
      vertex 34 54.7458 -99.382
      vertex 37.2 54.4402 -99.2879
      vertex 34 54.4402 -99.2879
    endloop
  endfacet
  facet normal 0 -0.294284 -0.955718
    outer loop
      vertex 34 54.7458 -99.382
      vertex 37.2 54.7458 -99.382
      vertex 37.2 54.4402 -99.2879
    endloop
  endfacet
  facet normal 0 0.695354 -0.718667
    outer loop
      vertex 34 55.1558 -98.9853
      vertex 37.2 54.7458 -99.382
      vertex 34 54.7458 -99.382
    endloop
  endfacet
  facet normal 0 0.695354 -0.718667
    outer loop
      vertex 34 55.1558 -98.9853
      vertex 37.2 55.1558 -98.9853
      vertex 37.2 54.7458 -99.382
    endloop
  endfacet
  facet normal 0 0.964894 0.262641
    outer loop
      vertex 34 55.0718 -98.6767
      vertex 37.2 55.1558 -98.9853
      vertex 34 55.1558 -98.9853
    endloop
  endfacet
  facet normal -0 0.964894 0.262641
    outer loop
      vertex 34 55.0718 -98.6767
      vertex 37.2 55.0718 -98.6767
      vertex 37.2 55.1558 -98.9853
    endloop
  endfacet
  facet normal 0 0.94653 0.322617
    outer loop
      vertex 34 54.9795 -98.4059
      vertex 37.2 55.0718 -98.6767
      vertex 34 55.0718 -98.6767
    endloop
  endfacet
  facet normal -0 0.94653 0.322617
    outer loop
      vertex 34 54.9795 -98.4059
      vertex 37.2 54.9795 -98.4059
      vertex 37.2 55.0718 -98.6767
    endloop
  endfacet
  facet normal 0 0.924407 0.381407
    outer loop
      vertex 34 54.8832 -98.1725
      vertex 37.2 54.9795 -98.4059
      vertex 34 54.9795 -98.4059
    endloop
  endfacet
  facet normal -0 0.924407 0.381407
    outer loop
      vertex 34 54.8832 -98.1725
      vertex 37.2 54.8832 -98.1725
      vertex 37.2 54.9795 -98.4059
    endloop
  endfacet
  facet normal 0 0.898412 0.439153
    outer loop
      vertex 34 54.7871 -97.9759
      vertex 37.2 54.8832 -98.1725
      vertex 34 54.8832 -98.1725
    endloop
  endfacet
  facet normal -0 0.898412 0.439153
    outer loop
      vertex 34 54.7871 -97.9759
      vertex 37.2 54.7871 -97.9759
      vertex 37.2 54.8832 -98.1725
    endloop
  endfacet
  facet normal 0 0.86904 0.494742
    outer loop
      vertex 34 54.6955 -97.815
      vertex 37.2 54.7871 -97.9759
      vertex 34 54.7871 -97.9759
    endloop
  endfacet
  facet normal -0 0.86904 0.494742
    outer loop
      vertex 34 54.6955 -97.815
      vertex 37.2 54.6955 -97.815
      vertex 37.2 54.7871 -97.9759
    endloop
  endfacet
  facet normal 0 0.83619 0.54844
    outer loop
      vertex 34 54.6124 -97.6883
      vertex 37.2 54.6955 -97.815
      vertex 34 54.6955 -97.815
    endloop
  endfacet
  facet normal -0 0.83619 0.54844
    outer loop
      vertex 34 54.6124 -97.6883
      vertex 37.2 54.6124 -97.6883
      vertex 37.2 54.6955 -97.815
    endloop
  endfacet
  facet normal 0 0.800102 0.599864
    outer loop
      vertex 34 54.5417 -97.594
      vertex 37.2 54.6124 -97.6883
      vertex 34 54.6124 -97.6883
    endloop
  endfacet
  facet normal -0 0.800102 0.599864
    outer loop
      vertex 34 54.5417 -97.594
      vertex 37.2 54.5417 -97.594
      vertex 37.2 54.6124 -97.6883
    endloop
  endfacet
  facet normal 0 0.760765 0.649028
    outer loop
      vertex 34 54.4871 -97.53
      vertex 37.2 54.5417 -97.594
      vertex 34 54.5417 -97.594
    endloop
  endfacet
  facet normal -0 0.760765 0.649028
    outer loop
      vertex 34 54.4871 -97.53
      vertex 37.2 54.4871 -97.53
      vertex 37.2 54.5417 -97.594
    endloop
  endfacet
  facet normal 0 0.720833 0.693109
    outer loop
      vertex 34 54.4521 -97.4936
      vertex 37.2 54.4871 -97.53
      vertex 34 54.4871 -97.53
    endloop
  endfacet
  facet normal -0 0.720833 0.693109
    outer loop
      vertex 34 54.4521 -97.4936
      vertex 37.2 54.4521 -97.4936
      vertex 37.2 54.4871 -97.53
    endloop
  endfacet
  facet normal 0 0.676799 0.736168
    outer loop
      vertex 34 54.4397 -97.4822
      vertex 37.2 54.4521 -97.4936
      vertex 34 54.4521 -97.4936
    endloop
  endfacet
  facet normal -0 0.676799 0.736168
    outer loop
      vertex 34 54.4397 -97.4822
      vertex 37.2 54.4397 -97.4822
      vertex 37.2 54.4521 -97.4936
    endloop
  endfacet
  facet normal 0 0.876396 0.481591
    outer loop
      vertex 34 54.0729 -96.8147
      vertex 37.2 54.4397 -97.4822
      vertex 34 54.4397 -97.4822
    endloop
  endfacet
  facet normal -0 0.876396 0.481591
    outer loop
      vertex 34 54.0729 -96.8147
      vertex 37.2 54.0729 -96.8147
      vertex 37.2 54.4397 -97.4822
    endloop
  endfacet
  facet normal 0 -0.698396 0.715712
    outer loop
      vertex 34 54.0605 -96.8268
      vertex 37.2 54.0729 -96.8147
      vertex 34 54.0729 -96.8147
    endloop
  endfacet
  facet normal 0 -0.698396 0.715712
    outer loop
      vertex 34 54.0605 -96.8268
      vertex 37.2 54.0605 -96.8268
      vertex 37.2 54.0729 -96.8147
    endloop
  endfacet
  facet normal 0 0.792125 -0.610359
    outer loop
      vertex 34 54.2744 -96.5492
      vertex 37.2 54.0605 -96.8268
      vertex 34 54.0605 -96.8268
    endloop
  endfacet
  facet normal 0 0.792125 -0.610359
    outer loop
      vertex 34 54.2744 -96.5492
      vertex 37.2 54.2744 -96.5492
      vertex 37.2 54.0605 -96.8268
    endloop
  endfacet
  facet normal 0 0.82639 -0.563098
    outer loop
      vertex 34 54.4718 -96.2595
      vertex 37.2 54.2744 -96.5492
      vertex 34 54.2744 -96.5492
    endloop
  endfacet
  facet normal 0 0.82639 -0.563098
    outer loop
      vertex 34 54.4718 -96.2595
      vertex 37.2 54.4718 -96.2595
      vertex 37.2 54.2744 -96.5492
    endloop
  endfacet
  facet normal 0 -0.897832 0.440338
    outer loop
      vertex 34 54.4641 -96.2752
      vertex 37.2 54.4718 -96.2595
      vertex 34 54.4718 -96.2595
    endloop
  endfacet
  facet normal 0 -0.897832 0.440338
    outer loop
      vertex 34 54.4641 -96.2752
      vertex 37.2 54.4641 -96.2752
      vertex 37.2 54.4718 -96.2595
    endloop
  endfacet
  facet normal 0 -0.185248 -0.982692
    outer loop
      vertex 34 55.2126 -96.4163
      vertex 37.2 54.4641 -96.2752
      vertex 34 54.4641 -96.2752
    endloop
  endfacet
  facet normal 0 -0.185248 -0.982692
    outer loop
      vertex 34 55.2126 -96.4163
      vertex 37.2 55.2126 -96.4163
      vertex 37.2 54.4641 -96.2752
    endloop
  endfacet
  facet normal 0 -0.487155 -0.873315
    outer loop
      vertex 34 55.2273 -96.4245
      vertex 37.2 55.2126 -96.4163
      vertex 34 55.2126 -96.4163
    endloop
  endfacet
  facet normal 0 -0.487155 -0.873315
    outer loop
      vertex 34 55.2273 -96.4245
      vertex 37.2 55.2273 -96.4245
      vertex 37.2 55.2126 -96.4163
    endloop
  endfacet
  facet normal 0 -0.436079 -0.899908
    outer loop
      vertex 34 55.2727 -96.4465
      vertex 37.2 55.2273 -96.4245
      vertex 34 55.2273 -96.4245
    endloop
  endfacet
  facet normal 0 -0.436079 -0.899908
    outer loop
      vertex 34 55.2727 -96.4465
      vertex 37.2 55.2727 -96.4465
      vertex 37.2 55.2273 -96.4245
    endloop
  endfacet
  facet normal 0 -0.378957 -0.925414
    outer loop
      vertex 34 55.3506 -96.4784
      vertex 37.2 55.2727 -96.4465
      vertex 34 55.2727 -96.4465
    endloop
  endfacet
  facet normal 0 -0.378957 -0.925414
    outer loop
      vertex 34 55.3506 -96.4784
      vertex 37.2 55.3506 -96.4784
      vertex 37.2 55.2727 -96.4465
    endloop
  endfacet
  facet normal 0 -0.321827 -0.946799
    outer loop
      vertex 34 55.4621 -96.5163
      vertex 37.2 55.3506 -96.4784
      vertex 34 55.3506 -96.4784
    endloop
  endfacet
  facet normal 0 -0.321827 -0.946799
    outer loop
      vertex 34 55.4621 -96.5163
      vertex 37.2 55.4621 -96.5163
      vertex 37.2 55.3506 -96.4784
    endloop
  endfacet
  facet normal 0 -0.261275 -0.965265
    outer loop
      vertex 34 55.6084 -96.5559
      vertex 37.2 55.4621 -96.5163
      vertex 34 55.4621 -96.5163
    endloop
  endfacet
  facet normal 0 -0.261275 -0.965265
    outer loop
      vertex 34 55.6084 -96.5559
      vertex 37.2 55.6084 -96.5559
      vertex 37.2 55.4621 -96.5163
    endloop
  endfacet
  facet normal 0 -0.199854 -0.979826
    outer loop
      vertex 34 55.7898 -96.5929
      vertex 37.2 55.6084 -96.5559
      vertex 34 55.6084 -96.5559
    endloop
  endfacet
  facet normal 0 -0.199854 -0.979826
    outer loop
      vertex 34 55.7898 -96.5929
      vertex 37.2 55.7898 -96.5929
      vertex 37.2 55.6084 -96.5559
    endloop
  endfacet
  facet normal 0 -0.138029 -0.990428
    outer loop
      vertex 34 56.0065 -96.6231
      vertex 37.2 55.7898 -96.5929
      vertex 34 55.7898 -96.5929
    endloop
  endfacet
  facet normal 0 -0.138029 -0.990428
    outer loop
      vertex 34 56.0065 -96.6231
      vertex 37.2 56.0065 -96.6231
      vertex 37.2 55.7898 -96.5929
    endloop
  endfacet
  facet normal 0 -0.0756366 -0.997135
    outer loop
      vertex 34 56.2583 -96.6422
      vertex 37.2 56.0065 -96.6231
      vertex 34 56.0065 -96.6231
    endloop
  endfacet
  facet normal 0 -0.0756366 -0.997135
    outer loop
      vertex 34 56.2583 -96.6422
      vertex 37.2 56.2583 -96.6422
      vertex 37.2 56.0065 -96.6231
    endloop
  endfacet
  facet normal 0 -0.0122326 -0.999925
    outer loop
      vertex 34 56.5444 -96.6457
      vertex 37.2 56.2583 -96.6422
      vertex 34 56.2583 -96.6422
    endloop
  endfacet
  facet normal 0 -0.0122326 -0.999925
    outer loop
      vertex 34 56.5444 -96.6457
      vertex 37.2 56.5444 -96.6457
      vertex 37.2 56.2583 -96.6422
    endloop
  endfacet
  facet normal 0 0.0503431 -0.998732
    outer loop
      vertex 34 56.8638 -96.6296
      vertex 37.2 56.5444 -96.6457
      vertex 34 56.5444 -96.6457
    endloop
  endfacet
  facet normal 0 0.0503431 -0.998732
    outer loop
      vertex 34 56.8638 -96.6296
      vertex 37.2 56.8638 -96.6296
      vertex 37.2 56.5444 -96.6457
    endloop
  endfacet
  facet normal 0 0.899282 -0.43737
    outer loop
      vertex 34 57.1133 -96.1166
      vertex 37.2 56.8638 -96.6296
      vertex 34 56.8638 -96.6296
    endloop
  endfacet
  facet normal 0 0.899282 -0.43737
    outer loop
      vertex 34 57.1133 -96.1166
      vertex 37.2 57.1133 -96.1166
      vertex 37.2 56.8638 -96.6296
    endloop
  endfacet
  facet normal 0 0.817037 0.576585
    outer loop
      vertex 34 56.9289 -95.8553
      vertex 37.2 57.1133 -96.1166
      vertex 34 57.1133 -96.1166
    endloop
  endfacet
  facet normal -0 0.817037 0.576585
    outer loop
      vertex 34 56.9289 -95.8553
      vertex 37.2 56.9289 -95.8553
      vertex 37.2 57.1133 -96.1166
    endloop
  endfacet
  facet normal 0 0.779024 0.626994
    outer loop
      vertex 34 56.7495 -95.6324
      vertex 37.2 56.9289 -95.8553
      vertex 34 56.9289 -95.8553
    endloop
  endfacet
  facet normal -0 0.779024 0.626994
    outer loop
      vertex 34 56.7495 -95.6324
      vertex 37.2 56.7495 -95.6324
      vertex 37.2 56.9289 -95.8553
    endloop
  endfacet
  facet normal 0 0.738091 0.674701
    outer loop
      vertex 34 56.5792 -95.4461
      vertex 37.2 56.7495 -95.6324
      vertex 34 56.7495 -95.6324
    endloop
  endfacet
  facet normal -0 0.738091 0.674701
    outer loop
      vertex 34 56.5792 -95.4461
      vertex 37.2 56.5792 -95.4461
      vertex 37.2 56.7495 -95.6324
    endloop
  endfacet
  facet normal 0 0.693966 0.720007
    outer loop
      vertex 34 56.4216 -95.2942
      vertex 37.2 56.5792 -95.4461
      vertex 34 56.5792 -95.4461
    endloop
  endfacet
  facet normal -0 0.693966 0.720007
    outer loop
      vertex 34 56.4216 -95.2942
      vertex 37.2 56.4216 -95.2942
      vertex 37.2 56.5792 -95.4461
    endloop
  endfacet
  facet normal 0 0.647539 0.762033
    outer loop
      vertex 34 56.2805 -95.1743
      vertex 37.2 56.4216 -95.2942
      vertex 34 56.4216 -95.2942
    endloop
  endfacet
  facet normal -0 0.647539 0.762033
    outer loop
      vertex 34 56.2805 -95.1743
      vertex 37.2 56.2805 -95.1743
      vertex 37.2 56.4216 -95.2942
    endloop
  endfacet
  facet normal 0 0.598097 0.801424
    outer loop
      vertex 34 56.1591 -95.0837
      vertex 37.2 56.2805 -95.1743
      vertex 34 56.2805 -95.1743
    endloop
  endfacet
  facet normal -0 0.598097 0.801424
    outer loop
      vertex 34 56.1591 -95.0837
      vertex 37.2 56.1591 -95.0837
      vertex 37.2 56.2805 -95.1743
    endloop
  endfacet
  facet normal 0 0.546837 0.837239
    outer loop
      vertex 34 56.0605 -95.0193
      vertex 37.2 56.1591 -95.0837
      vertex 34 56.1591 -95.0837
    endloop
  endfacet
  facet normal -0 0.546837 0.837239
    outer loop
      vertex 34 56.0605 -95.0193
      vertex 37.2 56.0605 -95.0193
      vertex 37.2 56.1591 -95.0837
    endloop
  endfacet
  facet normal 0 0.493192 0.86992
    outer loop
      vertex 34 55.9873 -94.9778
      vertex 37.2 56.0605 -95.0193
      vertex 34 56.0605 -95.0193
    endloop
  endfacet
  facet normal -0 0.493192 0.86992
    outer loop
      vertex 34 55.9873 -94.9778
      vertex 37.2 55.9873 -94.9778
      vertex 37.2 56.0605 -95.0193
    endloop
  endfacet
  facet normal 0 0.439281 0.89835
    outer loop
      vertex 34 55.9419 -94.9556
      vertex 37.2 55.9873 -94.9778
      vertex 34 55.9873 -94.9778
    endloop
  endfacet
  facet normal -0 0.439281 0.89835
    outer loop
      vertex 34 55.9419 -94.9556
      vertex 37.2 55.9419 -94.9556
      vertex 37.2 55.9873 -94.9778
    endloop
  endfacet
  facet normal 0 0.386727 0.922194
    outer loop
      vertex 34 55.9264 -94.9491
      vertex 37.2 55.9419 -94.9556
      vertex 34 55.9419 -94.9556
    endloop
  endfacet
  facet normal -0 0.386727 0.922194
    outer loop
      vertex 34 55.9264 -94.9491
      vertex 37.2 55.9264 -94.9491
      vertex 37.2 55.9419 -94.9556
    endloop
  endfacet
  facet normal 0 0.658821 0.7523
    outer loop
      vertex 34 55.3534 -94.4473
      vertex 37.2 55.9264 -94.9491
      vertex 34 55.9264 -94.9491
    endloop
  endfacet
  facet normal -0 0.658821 0.7523
    outer loop
      vertex 34 55.3534 -94.4473
      vertex 37.2 55.3534 -94.4473
      vertex 37.2 55.9264 -94.9491
    endloop
  endfacet
  facet normal 0 -0.900087 0.435711
    outer loop
      vertex 34 55.3458 -94.463
      vertex 37.2 55.3534 -94.4473
      vertex 34 55.3534 -94.4473
    endloop
  endfacet
  facet normal 0 -0.900087 0.435711
    outer loop
      vertex 34 55.3458 -94.463
      vertex 37.2 55.3458 -94.463
      vertex 37.2 55.3534 -94.4473
    endloop
  endfacet
  facet normal 0 0.953094 -0.302674
    outer loop
      vertex 34 55.4519 -94.1289
      vertex 37.2 55.3458 -94.463
      vertex 34 55.3458 -94.463
    endloop
  endfacet
  facet normal 0 0.953094 -0.302674
    outer loop
      vertex 34 55.4519 -94.1289
      vertex 37.2 55.4519 -94.1289
      vertex 37.2 55.3458 -94.463
    endloop
  endfacet
  facet normal 0 0.969144 -0.246494
    outer loop
      vertex 34 55.5383 -93.7892
      vertex 37.2 55.4519 -94.1289
      vertex 34 55.4519 -94.1289
    endloop
  endfacet
  facet normal 0 0.969144 -0.246494
    outer loop
      vertex 34 55.5383 -93.7892
      vertex 37.2 55.5383 -93.7892
      vertex 37.2 55.4519 -94.1289
    endloop
  endfacet
  facet normal 0 -0.994631 0.103488
    outer loop
      vertex 34 55.5365 -93.8065
      vertex 37.2 55.5383 -93.7892
      vertex 34 55.5383 -93.7892
    endloop
  endfacet
  facet normal 0 -0.994631 0.103488
    outer loop
      vertex 34 55.5365 -93.8065
      vertex 37.2 55.5365 -93.8065
      vertex 37.2 55.5383 -93.7892
    endloop
  endfacet
  facet normal 0 0.162035 -0.986785
    outer loop
      vertex 34 56.288 -93.6831
      vertex 37.2 55.5365 -93.8065
      vertex 34 55.5365 -93.8065
    endloop
  endfacet
  facet normal 0 0.162035 -0.986785
    outer loop
      vertex 34 56.288 -93.6831
      vertex 37.2 56.288 -93.6831
      vertex 37.2 55.5365 -93.8065
    endloop
  endfacet
  facet normal 0 -0.159604 -0.987181
    outer loop
      vertex 34 56.3047 -93.6858
      vertex 37.2 56.288 -93.6831
      vertex 34 56.288 -93.6831
    endloop
  endfacet
  facet normal 0 -0.159604 -0.987181
    outer loop
      vertex 34 56.3047 -93.6858
      vertex 37.2 56.3047 -93.6858
      vertex 37.2 56.288 -93.6831
    endloop
  endfacet
  facet normal 0 -0.101073 -0.994879
    outer loop
      vertex 34 56.3549 -93.6909
      vertex 37.2 56.3047 -93.6858
      vertex 34 56.3047 -93.6858
    endloop
  endfacet
  facet normal 0 -0.101073 -0.994879
    outer loop
      vertex 34 56.3549 -93.6909
      vertex 37.2 56.3549 -93.6909
      vertex 37.2 56.3047 -93.6858
    endloop
  endfacet
  facet normal 0 -0.0403951 -0.999184
    outer loop
      vertex 34 56.439 -93.6943
      vertex 37.2 56.3549 -93.6909
      vertex 34 56.3549 -93.6909
    endloop
  endfacet
  facet normal 0 -0.0403951 -0.999184
    outer loop
      vertex 34 56.439 -93.6943
      vertex 37.2 56.439 -93.6943
      vertex 37.2 56.3549 -93.6909
    endloop
  endfacet
  facet normal 0 0.0220659 -0.999757
    outer loop
      vertex 34 56.5568 -93.6917
      vertex 37.2 56.439 -93.6943
      vertex 34 56.439 -93.6943
    endloop
  endfacet
  facet normal 0 0.0220659 -0.999757
    outer loop
      vertex 34 56.5568 -93.6917
      vertex 37.2 56.5568 -93.6917
      vertex 37.2 56.439 -93.6943
    endloop
  endfacet
  facet normal 0 0.0845209 -0.996422
    outer loop
      vertex 34 56.7077 -93.6789
      vertex 37.2 56.5568 -93.6917
      vertex 34 56.5568 -93.6917
    endloop
  endfacet
  facet normal 0 0.0845209 -0.996422
    outer loop
      vertex 34 56.7077 -93.6789
      vertex 37.2 56.7077 -93.6789
      vertex 37.2 56.5568 -93.6917
    endloop
  endfacet
  facet normal 0 0.146862 -0.989157
    outer loop
      vertex 34 56.8909 -93.6517
      vertex 37.2 56.7077 -93.6789
      vertex 34 56.7077 -93.6789
    endloop
  endfacet
  facet normal 0 0.146862 -0.989157
    outer loop
      vertex 34 56.8909 -93.6517
      vertex 37.2 56.8909 -93.6517
      vertex 37.2 56.7077 -93.6789
    endloop
  endfacet
  facet normal 0 0.209279 -0.977856
    outer loop
      vertex 34 57.1049 -93.6059
      vertex 37.2 56.8909 -93.6517
      vertex 34 56.8909 -93.6517
    endloop
  endfacet
  facet normal 0 0.209279 -0.977856
    outer loop
      vertex 34 57.1049 -93.6059
      vertex 37.2 57.1049 -93.6059
      vertex 37.2 56.8909 -93.6517
    endloop
  endfacet
  facet normal 0 0.270218 -0.962799
    outer loop
      vertex 34 57.3479 -93.5377
      vertex 37.2 57.1049 -93.6059
      vertex 34 57.1049 -93.6059
    endloop
  endfacet
  facet normal 0 0.270218 -0.962799
    outer loop
      vertex 34 57.3479 -93.5377
      vertex 37.2 57.3479 -93.5377
      vertex 37.2 57.1049 -93.6059
    endloop
  endfacet
  facet normal 0 0.330241 -0.943896
    outer loop
      vertex 34 57.618 -93.4432
      vertex 37.2 57.3479 -93.5377
      vertex 34 57.3479 -93.5377
    endloop
  endfacet
  facet normal 0 0.330241 -0.943896
    outer loop
      vertex 34 57.618 -93.4432
      vertex 37.2 57.618 -93.4432
      vertex 37.2 57.3479 -93.5377
    endloop
  endfacet
  facet normal 0 0.389007 -0.921235
    outer loop
      vertex 34 57.9126 -93.3188
      vertex 37.2 57.618 -93.4432
      vertex 34 57.618 -93.4432
    endloop
  endfacet
  facet normal 0 0.389007 -0.921235
    outer loop
      vertex 34 57.9126 -93.3188
      vertex 37.2 57.9126 -93.3188
      vertex 37.2 57.618 -93.4432
    endloop
  endfacet
  facet normal 0 0.994619 -0.103599
    outer loop
      vertex 34 57.9717 -92.7514
      vertex 37.2 57.9126 -93.3188
      vertex 34 57.9126 -93.3188
    endloop
  endfacet
  facet normal 0 0.994619 -0.103599
    outer loop
      vertex 34 57.9717 -92.7514
      vertex 37.2 57.9717 -92.7514
      vertex 37.2 57.9126 -93.3188
    endloop
  endfacet
  facet normal 0 0.570542 0.821268
    outer loop
      vertex 34 57.709 -92.5689
      vertex 37.2 57.9717 -92.7514
      vertex 34 57.9717 -92.7514
    endloop
  endfacet
  facet normal -0 0.570542 0.821268
    outer loop
      vertex 34 57.709 -92.5689
      vertex 37.2 57.709 -92.5689
      vertex 37.2 57.9717 -92.7514
    endloop
  endfacet
  facet normal 0 0.517628 0.855606
    outer loop
      vertex 34 57.4642 -92.4208
      vertex 37.2 57.709 -92.5689
      vertex 34 57.709 -92.5689
    endloop
  endfacet
  facet normal -0 0.517628 0.855606
    outer loop
      vertex 34 57.4642 -92.4208
      vertex 37.2 57.4642 -92.4208
      vertex 37.2 57.709 -92.5689
    endloop
  endfacet
  facet normal 0 0.462674 0.886528
    outer loop
      vertex 34 57.2404 -92.304
      vertex 37.2 57.4642 -92.4208
      vertex 34 57.4642 -92.4208
    endloop
  endfacet
  facet normal -0 0.462674 0.886528
    outer loop
      vertex 34 57.2404 -92.304
      vertex 37.2 57.2404 -92.304
      vertex 37.2 57.4642 -92.4208
    endloop
  endfacet
  facet normal 0 0.405799 0.913962
    outer loop
      vertex 34 57.0404 -92.2152
      vertex 37.2 57.2404 -92.304
      vertex 34 57.2404 -92.304
    endloop
  endfacet
  facet normal -0 0.405799 0.913962
    outer loop
      vertex 34 57.0404 -92.2152
      vertex 37.2 57.0404 -92.2152
      vertex 37.2 57.2404 -92.304
    endloop
  endfacet
  facet normal 0 0.347807 0.937566
    outer loop
      vertex 34 56.8668 -92.1508
      vertex 37.2 57.0404 -92.2152
      vertex 34 57.0404 -92.2152
    endloop
  endfacet
  facet normal -0 0.347807 0.937566
    outer loop
      vertex 34 56.8668 -92.1508
      vertex 37.2 56.8668 -92.1508
      vertex 37.2 57.0404 -92.2152
    endloop
  endfacet
  facet normal 0 0.288559 0.957462
    outer loop
      vertex 34 56.7218 -92.1071
      vertex 37.2 56.8668 -92.1508
      vertex 34 56.8668 -92.1508
    endloop
  endfacet
  facet normal -0 0.288559 0.957462
    outer loop
      vertex 34 56.7218 -92.1071
      vertex 37.2 56.7218 -92.1071
      vertex 37.2 56.8668 -92.1508
    endloop
  endfacet
  facet normal 0 0.226532 0.974004
    outer loop
      vertex 34 56.607 -92.0804
      vertex 37.2 56.7218 -92.1071
      vertex 34 56.7218 -92.1071
    endloop
  endfacet
  facet normal -0 0.226532 0.974004
    outer loop
      vertex 34 56.607 -92.0804
      vertex 37.2 56.607 -92.0804
      vertex 37.2 56.7218 -92.1071
    endloop
  endfacet
  facet normal 0 0.166325 0.986071
    outer loop
      vertex 34 56.524 -92.0664
      vertex 37.2 56.607 -92.0804
      vertex 34 56.607 -92.0804
    endloop
  endfacet
  facet normal -0 0.166325 0.986071
    outer loop
      vertex 34 56.524 -92.0664
      vertex 37.2 56.524 -92.0664
      vertex 37.2 56.607 -92.0804
    endloop
  endfacet
  facet normal 0 0.104994 0.994473
    outer loop
      vertex 34 56.4738 -92.0611
      vertex 37.2 56.524 -92.0664
      vertex 34 56.524 -92.0664
    endloop
  endfacet
  facet normal -0 0.104994 0.994473
    outer loop
      vertex 34 56.4738 -92.0611
      vertex 37.2 56.4738 -92.0611
      vertex 37.2 56.524 -92.0664
    endloop
  endfacet
  facet normal 0 0.0534947 0.998568
    outer loop
      vertex 34 56.457 -92.0602
      vertex 37.2 56.4738 -92.0611
      vertex 34 56.4738 -92.0611
    endloop
  endfacet
  facet normal -0 0.0534947 0.998568
    outer loop
      vertex 34 56.457 -92.0602
      vertex 37.2 56.457 -92.0602
      vertex 37.2 56.4738 -92.0611
    endloop
  endfacet
  facet normal 0 0.361749 0.932275
    outer loop
      vertex 34 55.747 -91.7847
      vertex 37.2 56.457 -92.0602
      vertex 34 56.457 -92.0602
    endloop
  endfacet
  facet normal -0 0.361749 0.932275
    outer loop
      vertex 34 55.747 -91.7847
      vertex 37.2 55.747 -91.7847
      vertex 37.2 56.457 -92.0602
    endloop
  endfacet
  facet normal 0 -0.994631 0.103488
    outer loop
      vertex 34 55.7452 -91.802
      vertex 37.2 55.747 -91.7847
      vertex 34 55.747 -91.7847
    endloop
  endfacet
  facet normal 0 -0.994631 0.103488
    outer loop
      vertex 34 55.7452 -91.802
      vertex 37.2 55.7452 -91.802
      vertex 37.2 55.747 -91.7847
    endloop
  endfacet
  facet normal 0 0.999132 0.0416543
    outer loop
      vertex 34 55.7306 -91.4518
      vertex 37.2 55.7452 -91.802
      vertex 34 55.7452 -91.802
    endloop
  endfacet
  facet normal -0 0.999132 0.0416543
    outer loop
      vertex 34 55.7306 -91.4518
      vertex 37.2 55.7306 -91.4518
      vertex 37.2 55.7452 -91.802
    endloop
  endfacet
  facet normal 0 0.995003 0.0998426
    outer loop
      vertex 34 55.6956 -91.103
      vertex 37.2 55.7306 -91.4518
      vertex 34 55.7306 -91.4518
    endloop
  endfacet
  facet normal -0 0.995003 0.0998426
    outer loop
      vertex 34 55.6956 -91.103
      vertex 37.2 55.6956 -91.103
      vertex 37.2 55.7306 -91.4518
    endloop
  endfacet
  facet normal 0 -0.969122 -0.246581
    outer loop
      vertex 34 55.6999 -91.1199
      vertex 37.2 55.6956 -91.103
      vertex 34 55.6956 -91.103
    endloop
  endfacet
  facet normal 0 -0.969122 -0.246581
    outer loop
      vertex 34 55.6999 -91.1199
      vertex 37.2 55.6999 -91.1199
      vertex 37.2 55.6956 -91.103
    endloop
  endfacet
  facet normal 0 0.489762 -0.871856
    outer loop
      vertex 34 56.3639 -90.7469
      vertex 37.2 55.6999 -91.1199
      vertex 34 55.6999 -91.1199
    endloop
  endfacet
  facet normal 0 0.489762 -0.871856
    outer loop
      vertex 34 56.3639 -90.7469
      vertex 37.2 56.3639 -90.7469
      vertex 37.2 55.6999 -91.1199
    endloop
  endfacet
  facet normal 0 0.190392 -0.981708
    outer loop
      vertex 34 56.3804 -90.7437
      vertex 37.2 56.3639 -90.7469
      vertex 34 56.3639 -90.7469
    endloop
  endfacet
  facet normal 0 0.190392 -0.981708
    outer loop
      vertex 34 56.3804 -90.7437
      vertex 37.2 56.3804 -90.7437
      vertex 37.2 56.3639 -90.7469
    endloop
  endfacet
  facet normal 0 0.243467 -0.969909
    outer loop
      vertex 34 56.4294 -90.7314
      vertex 37.2 56.3804 -90.7437
      vertex 34 56.3804 -90.7437
    endloop
  endfacet
  facet normal 0 0.243467 -0.969909
    outer loop
      vertex 34 56.4294 -90.7314
      vertex 37.2 56.4294 -90.7314
      vertex 37.2 56.3804 -90.7437
    endloop
  endfacet
  facet normal 0 0.304086 -0.952645
    outer loop
      vertex 34 56.5096 -90.7058
      vertex 37.2 56.4294 -90.7314
      vertex 34 56.4294 -90.7314
    endloop
  endfacet
  facet normal 0 0.304086 -0.952645
    outer loop
      vertex 34 56.5096 -90.7058
      vertex 37.2 56.5096 -90.7058
      vertex 37.2 56.4294 -90.7314
    endloop
  endfacet
  facet normal 0 0.362446 -0.932005
    outer loop
      vertex 34 56.6194 -90.6631
      vertex 37.2 56.5096 -90.7058
      vertex 34 56.5096 -90.7058
    endloop
  endfacet
  facet normal 0 0.362446 -0.932005
    outer loop
      vertex 34 56.6194 -90.6631
      vertex 37.2 56.6194 -90.6631
      vertex 37.2 56.5096 -90.7058
    endloop
  endfacet
  facet normal 0 0.420607 -0.907243
    outer loop
      vertex 34 56.7568 -90.5994
      vertex 37.2 56.6194 -90.6631
      vertex 34 56.6194 -90.6631
    endloop
  endfacet
  facet normal 0 0.420607 -0.907243
    outer loop
      vertex 34 56.7568 -90.5994
      vertex 37.2 56.7568 -90.5994
      vertex 37.2 56.6194 -90.6631
    endloop
  endfacet
  facet normal 0 0.476353 -0.879254
    outer loop
      vertex 34 56.9196 -90.5112
      vertex 37.2 56.7568 -90.5994
      vertex 34 56.7568 -90.5994
    endloop
  endfacet
  facet normal 0 0.476353 -0.879254
    outer loop
      vertex 34 56.9196 -90.5112
      vertex 37.2 56.9196 -90.5112
      vertex 37.2 56.7568 -90.5994
    endloop
  endfacet
  facet normal 0 0.531067 -0.84733
    outer loop
      vertex 34 57.105 -90.395
      vertex 37.2 56.9196 -90.5112
      vertex 34 56.9196 -90.5112
    endloop
  endfacet
  facet normal 0 0.531067 -0.84733
    outer loop
      vertex 34 57.105 -90.395
      vertex 37.2 57.105 -90.395
      vertex 37.2 56.9196 -90.5112
    endloop
  endfacet
  facet normal 0 0.583073 -0.81242
    outer loop
      vertex 34 57.3101 -90.2478
      vertex 37.2 57.105 -90.395
      vertex 34 57.105 -90.395
    endloop
  endfacet
  facet normal 0 0.583073 -0.81242
    outer loop
      vertex 34 57.3101 -90.2478
      vertex 37.2 57.3101 -90.2478
      vertex 37.2 57.105 -90.395
    endloop
  endfacet
  facet normal 0 0.633181 -0.774004
    outer loop
      vertex 34 57.5316 -90.0666
      vertex 37.2 57.3101 -90.2478
      vertex 34 57.3101 -90.2478
    endloop
  endfacet
  facet normal 0 0.633181 -0.774004
    outer loop
      vertex 34 57.5316 -90.0666
      vertex 37.2 57.5316 -90.0666
      vertex 37.2 57.3101 -90.2478
    endloop
  endfacet
  facet normal 0 0.680679 -0.732582
    outer loop
      vertex 34 57.7659 -89.8489
      vertex 37.2 57.5316 -90.0666
      vertex 34 57.5316 -90.0666
    endloop
  endfacet
  facet normal 0 0.680679 -0.732582
    outer loop
      vertex 34 57.7659 -89.8489
      vertex 37.2 57.7659 -89.8489
      vertex 37.2 57.5316 -90.0666
    endloop
  endfacet
  facet normal 0 0.970039 0.242948
    outer loop
      vertex 34 57.6273 -89.2955
      vertex 37.2 57.7659 -89.8489
      vertex 34 57.7659 -89.8489
    endloop
  endfacet
  facet normal -0 0.970039 0.242948
    outer loop
      vertex 34 57.6273 -89.2955
      vertex 37.2 57.6273 -89.2955
      vertex 37.2 57.7659 -89.8489
    endloop
  endfacet
  facet normal 0 0.255171 0.966896
    outer loop
      vertex 34 57.3181 -89.2139
      vertex 37.2 57.6273 -89.2955
      vertex 34 57.6273 -89.2955
    endloop
  endfacet
  facet normal -0 0.255171 0.966896
    outer loop
      vertex 34 57.3181 -89.2139
      vertex 37.2 57.3181 -89.2139
      vertex 37.2 57.6273 -89.2955
    endloop
  endfacet
  facet normal 0 0.193629 0.981075
    outer loop
      vertex 34 57.0374 -89.1585
      vertex 37.2 57.3181 -89.2139
      vertex 34 57.3181 -89.2139
    endloop
  endfacet
  facet normal -0 0.193629 0.981075
    outer loop
      vertex 34 57.0374 -89.1585
      vertex 37.2 57.0374 -89.1585
      vertex 37.2 57.3181 -89.2139
    endloop
  endfacet
  facet normal 0 0.131489 0.991318
    outer loop
      vertex 34 56.7871 -89.1253
      vertex 37.2 57.0374 -89.1585
      vertex 34 57.0374 -89.1585
    endloop
  endfacet
  facet normal -0 0.131489 0.991318
    outer loop
      vertex 34 56.7871 -89.1253
      vertex 37.2 56.7871 -89.1253
      vertex 37.2 57.0374 -89.1585
    endloop
  endfacet
  facet normal 0 0.069006 0.997616
    outer loop
      vertex 34 56.5688 -89.1102
      vertex 37.2 56.7871 -89.1253
      vertex 34 56.7871 -89.1253
    endloop
  endfacet
  facet normal -0 0.069006 0.997616
    outer loop
      vertex 34 56.5688 -89.1102
      vertex 37.2 56.5688 -89.1102
      vertex 37.2 56.7871 -89.1253
    endloop
  endfacet
  facet normal 0 0.00594263 0.999982
    outer loop
      vertex 34 56.3837 -89.1091
      vertex 37.2 56.5688 -89.1102
      vertex 34 56.5688 -89.1102
    endloop
  endfacet
  facet normal -0 0.00594263 0.999982
    outer loop
      vertex 34 56.3837 -89.1091
      vertex 37.2 56.3837 -89.1091
      vertex 37.2 56.5688 -89.1102
    endloop
  endfacet
  facet normal 0 -0.0567491 0.998388
    outer loop
      vertex 34 56.2324 -89.1177
      vertex 37.2 56.3837 -89.1091
      vertex 34 56.3837 -89.1091
    endloop
  endfacet
  facet normal 0 -0.0567491 0.998388
    outer loop
      vertex 34 56.2324 -89.1177
      vertex 37.2 56.2324 -89.1177
      vertex 37.2 56.3837 -89.1091
    endloop
  endfacet
  facet normal 0 -0.118811 0.992917
    outer loop
      vertex 34 56.1154 -89.1317
      vertex 37.2 56.2324 -89.1177
      vertex 34 56.2324 -89.1177
    endloop
  endfacet
  facet normal 0 -0.118811 0.992917
    outer loop
      vertex 34 56.1154 -89.1317
      vertex 37.2 56.1154 -89.1317
      vertex 37.2 56.2324 -89.1177
    endloop
  endfacet
  facet normal 0 -0.181919 0.983314
    outer loop
      vertex 34 56.0327 -89.147
      vertex 37.2 56.1154 -89.1317
      vertex 34 56.1154 -89.1317
    endloop
  endfacet
  facet normal 0 -0.181919 0.983314
    outer loop
      vertex 34 56.0327 -89.147
      vertex 37.2 56.0327 -89.147
      vertex 37.2 56.1154 -89.1317
    endloop
  endfacet
  facet normal 0 -0.241604 0.970375
    outer loop
      vertex 34 55.9837 -89.1592
      vertex 37.2 56.0327 -89.147
      vertex 34 56.0327 -89.147
    endloop
  endfacet
  facet normal 0 -0.241604 0.970375
    outer loop
      vertex 34 55.9837 -89.1592
      vertex 37.2 55.9837 -89.1592
      vertex 37.2 56.0327 -89.147
    endloop
  endfacet
  facet normal 0 -0.291162 0.956674
    outer loop
      vertex 34 55.9676 -89.1641
      vertex 37.2 55.9837 -89.1592
      vertex 34 55.9837 -89.1592
    endloop
  endfacet
  facet normal 0 -0.291162 0.956674
    outer loop
      vertex 34 55.9676 -89.1641
      vertex 37.2 55.9676 -89.1641
      vertex 37.2 55.9837 -89.1592
    endloop
  endfacet
  facet normal 0 0.0211405 0.999777
    outer loop
      vertex 34 55.2062 -89.148
      vertex 37.2 55.9676 -89.1641
      vertex 34 55.9676 -89.1641
    endloop
  endfacet
  facet normal -0 0.0211405 0.999777
    outer loop
      vertex 34 55.2062 -89.148
      vertex 37.2 55.2062 -89.148
      vertex 37.2 55.9676 -89.1641
    endloop
  endfacet
  facet normal 0 -0.970811 -0.239847
    outer loop
      vertex 34 55.2104 -89.165
      vertex 37.2 55.2062 -89.148
      vertex 34 55.2062 -89.148
    endloop
  endfacet
  facet normal 0 -0.970811 -0.239847
    outer loop
      vertex 34 55.2104 -89.165
      vertex 37.2 55.2104 -89.165
      vertex 37.2 55.2062 -89.148
    endloop
  endfacet
  facet normal 0 0.924672 0.380764
    outer loop
      vertex 34 55.0769 -88.8408
      vertex 37.2 55.2104 -89.165
      vertex 34 55.2104 -89.165
    endloop
  endfacet
  facet normal -0 0.924672 0.380764
    outer loop
      vertex 34 55.0769 -88.8408
      vertex 37.2 55.0769 -88.8408
      vertex 37.2 55.2104 -89.165
    endloop
  endfacet
  facet normal 0 0.900783 0.43427
    outer loop
      vertex 34 54.9247 -88.5251
      vertex 37.2 55.0769 -88.8408
      vertex 34 55.0769 -88.8408
    endloop
  endfacet
  facet normal -0 0.900783 0.43427
    outer loop
      vertex 34 54.9247 -88.5251
      vertex 37.2 54.9247 -88.5251
      vertex 37.2 55.0769 -88.8408
    endloop
  endfacet
  facet normal 0 -0.826713 -0.562624
    outer loop
      vertex 34 54.9345 -88.5395
      vertex 37.2 54.9247 -88.5251
      vertex 34 54.9247 -88.5251
    endloop
  endfacet
  facet normal 0 -0.826713 -0.562624
    outer loop
      vertex 34 54.9345 -88.5395
      vertex 37.2 54.9345 -88.5395
      vertex 37.2 54.9247 -88.5251
    endloop
  endfacet
  facet normal 0 0.758403 -0.651786
    outer loop
      vertex 34 55.4309 -87.9619
      vertex 37.2 54.9345 -88.5395
      vertex 34 54.9345 -88.5395
    endloop
  endfacet
  facet normal 0 0.758403 -0.651786
    outer loop
      vertex 34 55.4309 -87.9619
      vertex 37.2 55.4309 -87.9619
      vertex 37.2 54.9345 -88.5395
    endloop
  endfacet
  facet normal 0 0.517116 -0.855916
    outer loop
      vertex 34 55.4453 -87.9532
      vertex 37.2 55.4309 -87.9619
      vertex 34 55.4309 -87.9619
    endloop
  endfacet
  facet normal 0 0.517116 -0.855916
    outer loop
      vertex 34 55.4453 -87.9532
      vertex 37.2 55.4453 -87.9532
      vertex 37.2 55.4309 -87.9619
    endloop
  endfacet
  facet normal 0 0.560629 -0.828067
    outer loop
      vertex 34 55.4871 -87.9249
      vertex 37.2 55.4453 -87.9532
      vertex 34 55.4453 -87.9532
    endloop
  endfacet
  facet normal 0 0.560629 -0.828067
    outer loop
      vertex 34 55.4871 -87.9249
      vertex 37.2 55.4871 -87.9249
      vertex 37.2 55.4453 -87.9532
    endloop
  endfacet
  facet normal 0 0.611718 -0.791076
    outer loop
      vertex 34 55.5537 -87.8734
      vertex 37.2 55.4871 -87.9249
      vertex 34 55.4871 -87.9249
    endloop
  endfacet
  facet normal 0 0.611718 -0.791076
    outer loop
      vertex 34 55.5537 -87.8734
      vertex 37.2 55.5537 -87.8734
      vertex 37.2 55.4871 -87.9249
    endloop
  endfacet
  facet normal 0 0.659345 -0.75184
    outer loop
      vertex 34 55.6423 -87.7957
      vertex 37.2 55.5537 -87.8734
      vertex 34 55.5537 -87.8734
    endloop
  endfacet
  facet normal 0 0.659345 -0.75184
    outer loop
      vertex 34 55.6423 -87.7957
      vertex 37.2 55.6423 -87.7957
      vertex 37.2 55.5537 -87.8734
    endloop
  endfacet
  facet normal 0 0.705123 -0.709085
    outer loop
      vertex 34 55.7497 -87.6889
      vertex 37.2 55.6423 -87.7957
      vertex 34 55.6423 -87.7957
    endloop
  endfacet
  facet normal 0 0.705123 -0.709085
    outer loop
      vertex 34 55.7497 -87.6889
      vertex 37.2 55.7497 -87.6889
      vertex 37.2 55.6423 -87.7957
    endloop
  endfacet
  facet normal 0 0.748481 -0.663156
    outer loop
      vertex 34 55.8725 -87.5503
      vertex 37.2 55.7497 -87.6889
      vertex 34 55.7497 -87.6889
    endloop
  endfacet
  facet normal 0 0.748481 -0.663156
    outer loop
      vertex 34 55.8725 -87.5503
      vertex 37.2 55.8725 -87.5503
      vertex 37.2 55.7497 -87.6889
    endloop
  endfacet
  facet normal 0 0.788786 -0.614668
    outer loop
      vertex 34 56.007 -87.3777
      vertex 37.2 55.8725 -87.5503
      vertex 34 55.8725 -87.5503
    endloop
  endfacet
  facet normal 0 0.788786 -0.614668
    outer loop
      vertex 34 56.007 -87.3777
      vertex 37.2 56.007 -87.3777
      vertex 37.2 55.8725 -87.5503
    endloop
  endfacet
  facet normal 0 0.825783 -0.563988
    outer loop
      vertex 34 56.1494 -87.1692
      vertex 37.2 56.007 -87.3777
      vertex 34 56.007 -87.3777
    endloop
  endfacet
  facet normal 0 0.825783 -0.563988
    outer loop
      vertex 34 56.1494 -87.1692
      vertex 37.2 56.1494 -87.1692
      vertex 37.2 56.007 -87.3777
    endloop
  endfacet
  facet normal 0 0.859797 -0.510636
    outer loop
      vertex 34 56.2955 -86.9232
      vertex 37.2 56.1494 -87.1692
      vertex 34 56.1494 -87.1692
    endloop
  endfacet
  facet normal 0 0.859797 -0.510636
    outer loop
      vertex 34 56.2955 -86.9232
      vertex 37.2 56.2955 -86.9232
      vertex 37.2 56.1494 -87.1692
    endloop
  endfacet
  facet normal 0 0.890198 -0.455574
    outer loop
      vertex 34 56.4412 -86.6385
      vertex 37.2 56.2955 -86.9232
      vertex 34 56.2955 -86.9232
    endloop
  endfacet
  facet normal 0 0.890198 -0.455574
    outer loop
      vertex 34 56.4412 -86.6385
      vertex 37.2 56.4412 -86.6385
      vertex 37.2 56.2955 -86.9232
    endloop
  endfacet
  facet normal 0 0.828527 0.559948
    outer loop
      vertex 34 56.1218 -86.1659
      vertex 37.2 56.4412 -86.6385
      vertex 34 56.4412 -86.6385
    endloop
  endfacet
  facet normal -0 0.828527 0.559948
    outer loop
      vertex 34 56.1218 -86.1659
      vertex 37.2 56.1218 -86.1659
      vertex 37.2 56.4412 -86.6385
    endloop
  endfacet
  facet normal 0 -0.0909868 0.995852
    outer loop
      vertex 34 55.8033 -86.195
      vertex 37.2 56.1218 -86.1659
      vertex 34 56.1218 -86.1659
    endloop
  endfacet
  facet normal 0 -0.0909868 0.995852
    outer loop
      vertex 34 55.8033 -86.195
      vertex 37.2 55.8033 -86.195
      vertex 37.2 56.1218 -86.1659
    endloop
  endfacet
  facet normal 0 -0.153396 0.988165
    outer loop
      vertex 34 55.5205 -86.2389
      vertex 37.2 55.8033 -86.195
      vertex 34 55.8033 -86.195
    endloop
  endfacet
  facet normal 0 -0.153396 0.988165
    outer loop
      vertex 34 55.5205 -86.2389
      vertex 37.2 55.5205 -86.2389
      vertex 37.2 55.8033 -86.195
    endloop
  endfacet
  facet normal 0 -0.215504 0.976503
    outer loop
      vertex 34 55.274 -86.2933
      vertex 37.2 55.5205 -86.2389
      vertex 34 55.5205 -86.2389
    endloop
  endfacet
  facet normal 0 -0.215504 0.976503
    outer loop
      vertex 34 55.274 -86.2933
      vertex 37.2 55.274 -86.2933
      vertex 37.2 55.5205 -86.2389
    endloop
  endfacet
  facet normal 0 -0.276471 0.961022
    outer loop
      vertex 34 55.0637 -86.3538
      vertex 37.2 55.274 -86.2933
      vertex 34 55.274 -86.2933
    endloop
  endfacet
  facet normal 0 -0.276471 0.961022
    outer loop
      vertex 34 55.0637 -86.3538
      vertex 37.2 55.0637 -86.3538
      vertex 37.2 55.274 -86.2933
    endloop
  endfacet
  facet normal 0 -0.335926 0.941888
    outer loop
      vertex 34 54.8893 -86.416
      vertex 37.2 55.0637 -86.3538
      vertex 34 55.0637 -86.3538
    endloop
  endfacet
  facet normal 0 -0.335926 0.941888
    outer loop
      vertex 34 54.8893 -86.416
      vertex 37.2 54.8893 -86.416
      vertex 37.2 55.0637 -86.3538
    endloop
  endfacet
  facet normal 0 -0.395273 0.918564
    outer loop
      vertex 34 54.7501 -86.4759
      vertex 37.2 54.8893 -86.416
      vertex 34 54.8893 -86.416
    endloop
  endfacet
  facet normal 0 -0.395273 0.918564
    outer loop
      vertex 34 54.7501 -86.4759
      vertex 37.2 54.7501 -86.4759
      vertex 37.2 54.8893 -86.416
    endloop
  endfacet
  facet normal 0 -0.451623 0.892209
    outer loop
      vertex 34 54.645 -86.5291
      vertex 37.2 54.7501 -86.4759
      vertex 34 54.7501 -86.4759
    endloop
  endfacet
  facet normal 0 -0.451623 0.892209
    outer loop
      vertex 34 54.645 -86.5291
      vertex 37.2 54.645 -86.5291
      vertex 37.2 54.7501 -86.4759
    endloop
  endfacet
  facet normal 0 -0.506604 0.862179
    outer loop
      vertex 34 54.5725 -86.5717
      vertex 37.2 54.645 -86.5291
      vertex 34 54.645 -86.5291
    endloop
  endfacet
  facet normal 0 -0.506604 0.862179
    outer loop
      vertex 34 54.5725 -86.5717
      vertex 37.2 54.5725 -86.5717
      vertex 37.2 54.645 -86.5291
    endloop
  endfacet
  facet normal 0 -0.55835 0.829605
    outer loop
      vertex 34 54.5306 -86.5999
      vertex 37.2 54.5725 -86.5717
      vertex 34 54.5725 -86.5717
    endloop
  endfacet
  facet normal 0 -0.55835 0.829605
    outer loop
      vertex 34 54.5306 -86.5999
      vertex 37.2 54.5306 -86.5999
      vertex 37.2 54.5725 -86.5717
    endloop
  endfacet
  facet normal 0 -0.602833 0.797867
    outer loop
      vertex 34 54.5171 -86.6101
      vertex 37.2 54.5306 -86.5999
      vertex 34 54.5306 -86.5999
    endloop
  endfacet
  facet normal 0 -0.602833 0.797867
    outer loop
      vertex 34 54.5171 -86.6101
      vertex 37.2 54.5171 -86.6101
      vertex 37.2 54.5306 -86.5999
    endloop
  endfacet
  facet normal 0 -0.322091 0.946709
    outer loop
      vertex 34 53.7961 -86.8554
      vertex 37.2 54.5171 -86.6101
      vertex 34 54.5171 -86.6101
    endloop
  endfacet
  facet normal 0 -0.322091 0.946709
    outer loop
      vertex 34 53.7961 -86.8554
      vertex 37.2 53.7961 -86.8554
      vertex 37.2 54.5171 -86.6101
    endloop
  endfacet
  facet normal 0 -0.826713 -0.562624
    outer loop
      vertex 34 53.8059 -86.8698
      vertex 37.2 53.7961 -86.8554
      vertex 34 53.7961 -86.8554
    endloop
  endfacet
  facet normal 0 -0.826713 -0.562624
    outer loop
      vertex 34 53.8059 -86.8698
      vertex 37.2 53.8059 -86.8698
      vertex 37.2 53.7961 -86.8554
    endloop
  endfacet
  facet normal 0 0.738609 0.674134
    outer loop
      vertex 34 53.5696 -86.6109
      vertex 37.2 53.8059 -86.8698
      vertex 34 53.8059 -86.8698
    endloop
  endfacet
  facet normal -0 0.738609 0.674134
    outer loop
      vertex 34 53.5696 -86.6109
      vertex 37.2 53.5696 -86.6109
      vertex 37.2 53.8059 -86.8698
    endloop
  endfacet
  facet normal 0 0.698064 0.716036
    outer loop
      vertex 34 53.3186 -86.3662
      vertex 37.2 53.5696 -86.6109
      vertex 34 53.5696 -86.6109
    endloop
  endfacet
  facet normal -0 0.698064 0.716036
    outer loop
      vertex 34 53.3186 -86.3662
      vertex 37.2 53.3186 -86.3662
      vertex 37.2 53.5696 -86.6109
    endloop
  endfacet
  facet normal 0 -0.58612 -0.810224
    outer loop
      vertex 34 53.3327 -86.3764
      vertex 37.2 53.3186 -86.3662
      vertex 34 53.3186 -86.3662
    endloop
  endfacet
  facet normal 0 -0.58612 -0.810224
    outer loop
      vertex 34 53.3327 -86.3764
      vertex 37.2 53.3327 -86.3764
      vertex 37.2 53.3186 -86.3662
    endloop
  endfacet
  facet normal 0 0.935588 -0.353094
    outer loop
      vertex 34 53.6016 -85.6639
      vertex 37.2 53.3327 -86.3764
      vertex 34 53.3327 -86.3764
    endloop
  endfacet
  facet normal 0 0.935588 -0.353094
    outer loop
      vertex 34 53.6016 -85.6639
      vertex 37.2 53.6016 -85.6639
      vertex 37.2 53.3327 -86.3764
    endloop
  endfacet
  facet normal 0 0.777383 -0.629028
    outer loop
      vertex 34 53.6122 -85.6508
      vertex 37.2 53.6016 -85.6639
      vertex 34 53.6016 -85.6639
    endloop
  endfacet
  facet normal 0 0.777383 -0.629028
    outer loop
      vertex 34 53.6122 -85.6508
      vertex 37.2 53.6122 -85.6508
      vertex 37.2 53.6016 -85.6639
    endloop
  endfacet
  facet normal 0 0.810104 -0.586286
    outer loop
      vertex 34 53.6418 -85.6099
      vertex 37.2 53.6122 -85.6508
      vertex 34 53.6122 -85.6508
    endloop
  endfacet
  facet normal 0 0.810104 -0.586286
    outer loop
      vertex 34 53.6418 -85.6099
      vertex 37.2 53.6418 -85.6099
      vertex 37.2 53.6122 -85.6508
    endloop
  endfacet
  facet normal 0 0.84498 -0.534798
    outer loop
      vertex 34 53.6868 -85.5388
      vertex 37.2 53.6418 -85.6099
      vertex 34 53.6418 -85.6099
    endloop
  endfacet
  facet normal 0 0.84498 -0.534798
    outer loop
      vertex 34 53.6868 -85.5388
      vertex 37.2 53.6868 -85.5388
      vertex 37.2 53.6418 -85.6099
    endloop
  endfacet
  facet normal 0 0.876628 -0.481169
    outer loop
      vertex 34 53.7435 -85.4355
      vertex 37.2 53.6868 -85.5388
      vertex 34 53.6868 -85.5388
    endloop
  endfacet
  facet normal 0 0.876628 -0.481169
    outer loop
      vertex 34 53.7435 -85.4355
      vertex 37.2 53.7435 -85.4355
      vertex 37.2 53.6868 -85.5388
    endloop
  endfacet
  facet normal 0 0.905491 -0.424366
    outer loop
      vertex 34 53.8078 -85.2983
      vertex 37.2 53.7435 -85.4355
      vertex 34 53.7435 -85.4355
    endloop
  endfacet
  facet normal 0 0.905491 -0.424366
    outer loop
      vertex 34 53.8078 -85.2983
      vertex 37.2 53.8078 -85.2983
      vertex 37.2 53.7435 -85.4355
    endloop
  endfacet
  facet normal 0 0.930107 -0.36729
    outer loop
      vertex 34 53.8758 -85.1261
      vertex 37.2 53.8078 -85.2983
      vertex 34 53.8078 -85.2983
    endloop
  endfacet
  facet normal 0 0.930107 -0.36729
    outer loop
      vertex 34 53.8758 -85.1261
      vertex 37.2 53.8758 -85.1261
      vertex 37.2 53.8078 -85.2983
    endloop
  endfacet
  facet normal 0 0.951389 -0.307991
    outer loop
      vertex 34 53.9432 -84.9179
      vertex 37.2 53.8758 -85.1261
      vertex 34 53.8758 -85.1261
    endloop
  endfacet
  facet normal 0 0.951389 -0.307991
    outer loop
      vertex 34 53.9432 -84.9179
      vertex 37.2 53.9432 -84.9179
      vertex 37.2 53.8758 -85.1261
    endloop
  endfacet
  facet normal 0 0.968871 -0.247565
    outer loop
      vertex 34 54.0057 -84.6733
      vertex 37.2 53.9432 -84.9179
      vertex 34 53.9432 -84.9179
    endloop
  endfacet
  facet normal 0 0.968871 -0.247565
    outer loop
      vertex 34 54.0057 -84.6733
      vertex 37.2 54.0057 -84.6733
      vertex 37.2 53.9432 -84.9179
    endloop
  endfacet
  facet normal 0 0.982558 -0.185956
    outer loop
      vertex 34 54.0589 -84.3922
      vertex 37.2 54.0057 -84.6733
      vertex 34 54.0057 -84.6733
    endloop
  endfacet
  facet normal 0 0.982558 -0.185956
    outer loop
      vertex 34 54.0589 -84.3922
      vertex 37.2 54.0589 -84.3922
      vertex 37.2 54.0057 -84.6733
    endloop
  endfacet
  facet normal 0 0.992345 -0.123496
    outer loop
      vertex 34 54.0984 -84.0748
      vertex 37.2 54.0589 -84.3922
      vertex 34 54.0589 -84.3922
    endloop
  endfacet
  facet normal 0 0.992345 -0.123496
    outer loop
      vertex 34 54.0984 -84.0748
      vertex 37.2 54.0984 -84.0748
      vertex 37.2 54.0589 -84.3922
    endloop
  endfacet
  facet normal 0 0.587077 0.809531
    outer loop
      vertex 34 53.6366 -83.7399
      vertex 37.2 54.0984 -84.0748
      vertex 34 54.0984 -84.0748
    endloop
  endfacet
  facet normal -0 0.587077 0.809531
    outer loop
      vertex 34 53.6366 -83.7399
      vertex 37.2 53.6366 -83.7399
      vertex 37.2 54.0984 -84.0748
    endloop
  endfacet
  facet normal 0 -0.426083 0.904684
    outer loop
      vertex 34 53.3472 -83.8762
      vertex 37.2 53.6366 -83.7399
      vertex 34 53.6366 -83.7399
    endloop
  endfacet
  facet normal 0 -0.426083 0.904684
    outer loop
      vertex 34 53.3472 -83.8762
      vertex 37.2 53.3472 -83.8762
      vertex 37.2 53.6366 -83.7399
    endloop
  endfacet
  facet normal 0 -0.482227 0.876046
    outer loop
      vertex 34 53.0965 -84.0142
      vertex 37.2 53.3472 -83.8762
      vertex 34 53.3472 -83.8762
    endloop
  endfacet
  facet normal 0 -0.482227 0.876046
    outer loop
      vertex 34 53.0965 -84.0142
      vertex 37.2 53.0965 -84.0142
      vertex 37.2 53.3472 -83.8762
    endloop
  endfacet
  facet normal 0 -0.536465 0.843922
    outer loop
      vertex 34 52.8835 -84.1496
      vertex 37.2 53.0965 -84.0142
      vertex 34 53.0965 -84.0142
    endloop
  endfacet
  facet normal 0 -0.536465 0.843922
    outer loop
      vertex 34 52.8835 -84.1496
      vertex 37.2 52.8835 -84.1496
      vertex 37.2 53.0965 -84.0142
    endloop
  endfacet
  facet normal 0 -0.588606 0.80842
    outer loop
      vertex 34 52.7066 -84.2784
      vertex 37.2 52.8835 -84.1496
      vertex 34 52.8835 -84.1496
    endloop
  endfacet
  facet normal 0 -0.588606 0.80842
    outer loop
      vertex 34 52.7066 -84.2784
      vertex 37.2 52.7066 -84.2784
      vertex 37.2 52.8835 -84.1496
    endloop
  endfacet
  facet normal 0 -0.637844 0.770166
    outer loop
      vertex 34 52.564 -84.3965
      vertex 37.2 52.7066 -84.2784
      vertex 34 52.7066 -84.2784
    endloop
  endfacet
  facet normal 0 -0.637844 0.770166
    outer loop
      vertex 34 52.564 -84.3965
      vertex 37.2 52.564 -84.3965
      vertex 37.2 52.7066 -84.2784
    endloop
  endfacet
  facet normal 0 -0.685324 0.728239
    outer loop
      vertex 34 52.4537 -84.5003
      vertex 37.2 52.564 -84.3965
      vertex 34 52.564 -84.3965
    endloop
  endfacet
  facet normal 0 -0.685324 0.728239
    outer loop
      vertex 34 52.4537 -84.5003
      vertex 37.2 52.4537 -84.5003
      vertex 37.2 52.564 -84.3965
    endloop
  endfacet
  facet normal 0 -0.729643 0.683828
    outer loop
      vertex 34 52.3731 -84.5863
      vertex 37.2 52.4537 -84.5003
      vertex 34 52.4537 -84.5003
    endloop
  endfacet
  facet normal 0 -0.729643 0.683828
    outer loop
      vertex 34 52.3731 -84.5863
      vertex 37.2 52.3731 -84.5863
      vertex 37.2 52.4537 -84.5003
    endloop
  endfacet
  facet normal 0 -0.770555 0.637373
    outer loop
      vertex 34 52.3195 -84.6511
      vertex 37.2 52.3731 -84.5863
      vertex 34 52.3731 -84.5863
    endloop
  endfacet
  facet normal 0 -0.770555 0.637373
    outer loop
      vertex 34 52.3195 -84.6511
      vertex 37.2 52.3195 -84.6511
      vertex 37.2 52.3731 -84.5863
    endloop
  endfacet
  facet normal 0 -0.809164 0.587583
    outer loop
      vertex 34 52.2898 -84.692
      vertex 37.2 52.3195 -84.6511
      vertex 34 52.3195 -84.6511
    endloop
  endfacet
  facet normal 0 -0.809164 0.587583
    outer loop
      vertex 34 52.2898 -84.692
      vertex 37.2 52.2898 -84.692
      vertex 37.2 52.3195 -84.6511
    endloop
  endfacet
  facet normal 0 -0.840209 0.542263
    outer loop
      vertex 34 52.2807 -84.7061
      vertex 37.2 52.2898 -84.692
      vertex 34 52.2898 -84.692
    endloop
  endfacet
  facet normal 0 -0.840209 0.542263
    outer loop
      vertex 34 52.2807 -84.7061
      vertex 37.2 52.2807 -84.7061
      vertex 37.2 52.2898 -84.692
    endloop
  endfacet
  facet normal 0 -0.626487 0.779432
    outer loop
      vertex 34 51.687 -85.1833
      vertex 37.2 52.2807 -84.7061
      vertex 34 52.2807 -84.7061
    endloop
  endfacet
  facet normal 0 -0.626487 0.779432
    outer loop
      vertex 34 51.687 -85.1833
      vertex 37.2 51.687 -85.1833
      vertex 37.2 52.2807 -84.7061
    endloop
  endfacet
  facet normal 0 -0.5834 -0.812185
    outer loop
      vertex 34 51.7012 -85.1935
      vertex 37.2 51.687 -85.1833
      vertex 34 51.687 -85.1833
    endloop
  endfacet
  facet normal 0 -0.5834 -0.812185
    outer loop
      vertex 34 51.7012 -85.1935
      vertex 37.2 51.7012 -85.1935
      vertex 37.2 51.687 -85.1833
    endloop
  endfacet
  facet normal 0 0.463453 0.886122
    outer loop
      vertex 34 51.3905 -85.031
      vertex 37.2 51.7012 -85.1935
      vertex 34 51.7012 -85.1935
    endloop
  endfacet
  facet normal -0 0.463453 0.886122
    outer loop
      vertex 34 51.3905 -85.031
      vertex 37.2 51.3905 -85.031
      vertex 37.2 51.7012 -85.1935
    endloop
  endfacet
  facet normal 0 0.411136 0.911574
    outer loop
      vertex 34 51.071 -84.8869
      vertex 37.2 51.3905 -85.031
      vertex 34 51.3905 -85.031
    endloop
  endfacet
  facet normal -0 0.411136 0.911574
    outer loop
      vertex 34 51.071 -84.8869
      vertex 37.2 51.071 -84.8869
      vertex 37.2 51.3905 -85.031
    endloop
  endfacet
  facet normal 0 -0.276241 -0.961088
    outer loop
      vertex 34 51.0877 -84.8917
      vertex 37.2 51.071 -84.8869
      vertex 34 51.071 -84.8869
    endloop
  endfacet
  facet normal 0 -0.276241 -0.961088
    outer loop
      vertex 34 51.0877 -84.8917
      vertex 37.2 51.0877 -84.8917
      vertex 37.2 51.071 -84.8869
    endloop
  endfacet
  facet normal 0 0.99993 -0.0118164
    outer loop
      vertex 34 51.0967 -84.1301
      vertex 37.2 51.0877 -84.8917
      vertex 34 51.0877 -84.8917
    endloop
  endfacet
  facet normal 0 0.99993 -0.0118164
    outer loop
      vertex 34 51.0967 -84.1301
      vertex 37.2 51.0967 -84.1301
      vertex 37.2 51.0877 -84.8917
    endloop
  endfacet
  facet normal 0 0.945057 -0.326906
    outer loop
      vertex 34 51.1022 -84.1142
      vertex 37.2 51.0967 -84.1301
      vertex 34 51.0967 -84.1301
    endloop
  endfacet
  facet normal 0 0.945057 -0.326906
    outer loop
      vertex 34 51.1022 -84.1142
      vertex 37.2 51.1022 -84.1142
      vertex 37.2 51.0967 -84.1301
    endloop
  endfacet
  facet normal 0 0.961971 -0.273152
    outer loop
      vertex 34 51.116 -84.0656
      vertex 37.2 51.1022 -84.1142
      vertex 34 51.1022 -84.1142
    endloop
  endfacet
  facet normal 0 0.961971 -0.273152
    outer loop
      vertex 34 51.116 -84.0656
      vertex 37.2 51.116 -84.0656
      vertex 37.2 51.1022 -84.1142
    endloop
  endfacet
  facet normal 0 0.976853 -0.21391
    outer loop
      vertex 34 51.134 -83.9834
      vertex 37.2 51.116 -84.0656
      vertex 34 51.116 -84.0656
    endloop
  endfacet
  facet normal 0 0.976853 -0.21391
    outer loop
      vertex 34 51.134 -83.9834
      vertex 37.2 51.134 -83.9834
      vertex 37.2 51.116 -84.0656
    endloop
  endfacet
  facet normal 0 0.988382 -0.151993
    outer loop
      vertex 34 51.1519 -83.867
      vertex 37.2 51.134 -83.9834
      vertex 34 51.134 -83.9834
    endloop
  endfacet
  facet normal 0 0.988382 -0.151993
    outer loop
      vertex 34 51.1519 -83.867
      vertex 37.2 51.1519 -83.867
      vertex 37.2 51.134 -83.9834
    endloop
  endfacet
  facet normal 0 0.995963 -0.0897621
    outer loop
      vertex 34 51.1655 -83.7161
      vertex 37.2 51.1519 -83.867
      vertex 34 51.1519 -83.867
    endloop
  endfacet
  facet normal 0 0.995963 -0.0897621
    outer loop
      vertex 34 51.1655 -83.7161
      vertex 37.2 51.1655 -83.7161
      vertex 37.2 51.1519 -83.867
    endloop
  endfacet
  facet normal 0 0.99965 -0.0264629
    outer loop
      vertex 34 51.1704 -83.531
      vertex 37.2 51.1655 -83.7161
      vertex 34 51.1655 -83.7161
    endloop
  endfacet
  facet normal 0 0.99965 -0.0264629
    outer loop
      vertex 34 51.1704 -83.531
      vertex 37.2 51.1704 -83.531
      vertex 37.2 51.1655 -83.7161
    endloop
  endfacet
  facet normal 0 0.999365 0.0356426
    outer loop
      vertex 34 51.1626 -83.3123
      vertex 37.2 51.1704 -83.531
      vertex 34 51.1704 -83.531
    endloop
  endfacet
  facet normal -0 0.999365 0.0356426
    outer loop
      vertex 34 51.1626 -83.3123
      vertex 37.2 51.1626 -83.3123
      vertex 37.2 51.1704 -83.531
    endloop
  endfacet
  facet normal 0 0.995084 0.0990331
    outer loop
      vertex 34 51.1376 -83.0611
      vertex 37.2 51.1626 -83.3123
      vertex 34 51.1626 -83.3123
    endloop
  endfacet
  facet normal -0 0.995084 0.0990331
    outer loop
      vertex 34 51.1376 -83.0611
      vertex 37.2 51.1376 -83.0611
      vertex 37.2 51.1626 -83.3123
    endloop
  endfacet
  facet normal 0 0.986881 0.161451
    outer loop
      vertex 34 51.0914 -82.7787
      vertex 37.2 51.1376 -83.0611
      vertex 34 51.1376 -83.0611
    endloop
  endfacet
  facet normal -0 0.986881 0.161451
    outer loop
      vertex 34 51.0914 -82.7787
      vertex 37.2 51.0914 -82.7787
      vertex 37.2 51.1376 -83.0611
    endloop
  endfacet
  facet normal 0 0.974822 0.222986
    outer loop
      vertex 34 51.0201 -82.467
      vertex 37.2 51.0914 -82.7787
      vertex 34 51.0914 -82.7787
    endloop
  endfacet
  facet normal -0 0.974822 0.222986
    outer loop
      vertex 34 51.0201 -82.467
      vertex 37.2 51.0201 -82.467
      vertex 37.2 51.0914 -82.7787
    endloop
  endfacet
  facet normal 0 0.274652 0.961544
    outer loop
      vertex 34 50.4715 -82.3103
      vertex 37.2 51.0201 -82.467
      vertex 34 51.0201 -82.467
    endloop
  endfacet
  facet normal -0 0.274652 0.961544
    outer loop
      vertex 34 50.4715 -82.3103
      vertex 37.2 50.4715 -82.3103
      vertex 37.2 51.0201 -82.467
    endloop
  endfacet
  facet normal 0 -0.709916 0.704287
    outer loop
      vertex 34 50.2463 -82.5373
      vertex 37.2 50.4715 -82.3103
      vertex 34 50.4715 -82.3103
    endloop
  endfacet
  facet normal 0 -0.709916 0.704287
    outer loop
      vertex 34 50.2463 -82.5373
      vertex 37.2 50.2463 -82.5373
      vertex 37.2 50.4715 -82.3103
    endloop
  endfacet
  facet normal 0 -0.752555 0.658529
    outer loop
      vertex 34 50.0579 -82.7526
      vertex 37.2 50.2463 -82.5373
      vertex 34 50.2463 -82.5373
    endloop
  endfacet
  facet normal 0 -0.752555 0.658529
    outer loop
      vertex 34 50.0579 -82.7526
      vertex 37.2 50.0579 -82.7526
      vertex 37.2 50.2463 -82.5373
    endloop
  endfacet
  facet normal 0 -0.792815 0.609462
    outer loop
      vertex 34 49.904 -82.9528
      vertex 37.2 50.0579 -82.7526
      vertex 34 50.0579 -82.7526
    endloop
  endfacet
  facet normal 0 -0.792815 0.609462
    outer loop
      vertex 34 49.904 -82.9528
      vertex 37.2 49.904 -82.9528
      vertex 37.2 50.0579 -82.7526
    endloop
  endfacet
  facet normal 0 -0.829299 0.558806
    outer loop
      vertex 34 49.7817 -83.1343
      vertex 37.2 49.904 -82.9528
      vertex 34 49.904 -82.9528
    endloop
  endfacet
  facet normal 0 -0.829299 0.558806
    outer loop
      vertex 34 49.7817 -83.1343
      vertex 37.2 49.7817 -83.1343
      vertex 37.2 49.904 -82.9528
    endloop
  endfacet
  facet normal 0 -0.863112 0.505012
    outer loop
      vertex 34 49.6882 -83.2941
      vertex 37.2 49.7817 -83.1343
      vertex 34 49.7817 -83.1343
    endloop
  endfacet
  facet normal 0 -0.863112 0.505012
    outer loop
      vertex 34 49.6882 -83.2941
      vertex 37.2 49.6882 -83.2941
      vertex 37.2 49.7817 -83.1343
    endloop
  endfacet
  facet normal 0 -0.89297 0.450115
    outer loop
      vertex 34 49.62 -83.4294
      vertex 37.2 49.6882 -83.2941
      vertex 34 49.6882 -83.2941
    endloop
  endfacet
  facet normal 0 -0.89297 0.450115
    outer loop
      vertex 34 49.62 -83.4294
      vertex 37.2 49.62 -83.4294
      vertex 37.2 49.6882 -83.2941
    endloop
  endfacet
  facet normal 0 -0.919496 0.393099
    outer loop
      vertex 34 49.5737 -83.5377
      vertex 37.2 49.62 -83.4294
      vertex 34 49.62 -83.4294
    endloop
  endfacet
  facet normal 0 -0.919496 0.393099
    outer loop
      vertex 34 49.5737 -83.5377
      vertex 37.2 49.5737 -83.5377
      vertex 37.2 49.62 -83.4294
    endloop
  endfacet
  facet normal 0 -0.942198 0.335057
    outer loop
      vertex 34 49.5455 -83.617
      vertex 37.2 49.5737 -83.5377
      vertex 34 49.5737 -83.5377
    endloop
  endfacet
  facet normal 0 -0.942198 0.335057
    outer loop
      vertex 34 49.5455 -83.617
      vertex 37.2 49.5455 -83.617
      vertex 37.2 49.5737 -83.5377
    endloop
  endfacet
  facet normal 0 -0.961299 0.275506
    outer loop
      vertex 34 49.5316 -83.6655
      vertex 37.2 49.5455 -83.617
      vertex 34 49.5455 -83.617
    endloop
  endfacet
  facet normal 0 -0.961299 0.275506
    outer loop
      vertex 34 49.5316 -83.6655
      vertex 37.2 49.5316 -83.6655
      vertex 37.2 49.5455 -83.617
    endloop
  endfacet
  facet normal 0 -0.975482 0.220078
    outer loop
      vertex 34 49.5279 -83.6819
      vertex 37.2 49.5316 -83.6655
      vertex 34 49.5316 -83.6655
    endloop
  endfacet
  facet normal 0 -0.975482 0.220078
    outer loop
      vertex 34 49.5279 -83.6819
      vertex 37.2 49.5279 -83.6819
      vertex 37.2 49.5316 -83.6655
    endloop
  endfacet
  facet normal 0 -0.855249 0.518217
    outer loop
      vertex 34 49.1332 -84.3333
      vertex 37.2 49.5279 -83.6819
      vertex 34 49.5279 -83.6819
    endloop
  endfacet
  facet normal 0 -0.855249 0.518217
    outer loop
      vertex 34 49.1332 -84.3333
      vertex 37.2 49.1332 -84.3333
      vertex 37.2 49.5279 -83.6819
    endloop
  endfacet
  facet normal 0 -0.274721 -0.961524
    outer loop
      vertex 34 49.15 -84.3381
      vertex 37.2 49.1332 -84.3333
      vertex 34 49.1332 -84.3333
    endloop
  endfacet
  facet normal 0 -0.274721 -0.961524
    outer loop
      vertex 34 49.15 -84.3381
      vertex 37.2 49.15 -84.3381
      vertex 37.2 49.1332 -84.3333
    endloop
  endfacet
  facet normal 0 0.132351 0.991203
    outer loop
      vertex 34 48.8025 -84.2917
      vertex 37.2 49.15 -84.3381
      vertex 34 49.15 -84.3381
    endloop
  endfacet
  facet normal -0 0.132351 0.991203
    outer loop
      vertex 34 48.8025 -84.2917
      vertex 37.2 48.8025 -84.2917
      vertex 37.2 49.15 -84.3381
    endloop
  endfacet
  facet normal 0 0.0747332 0.997204
    outer loop
      vertex 34 48.4529 -84.2655
      vertex 37.2 48.8025 -84.2917
      vertex 34 48.8025 -84.2917
    endloop
  endfacet
  facet normal -0 0.0747332 0.997204
    outer loop
      vertex 34 48.4529 -84.2655
      vertex 37.2 48.4529 -84.2655
      vertex 37.2 48.8025 -84.2917
    endloop
  endfacet
  facet normal 0 0.0688021 -0.99763
    outer loop
      vertex 34 48.4703 -84.2643
      vertex 37.2 48.4529 -84.2655
      vertex 34 48.4529 -84.2655
    endloop
  endfacet
  facet normal 0 0.0688021 -0.99763
    outer loop
      vertex 34 48.4703 -84.2643
      vertex 37.2 48.4703 -84.2643
      vertex 37.2 48.4529 -84.2655
    endloop
  endfacet
  facet normal 0 0.943672 0.330883
    outer loop
      vertex 34 48.2183 -83.5456
      vertex 37.2 48.4703 -84.2643
      vertex 34 48.4703 -84.2643
    endloop
  endfacet
  facet normal -0 0.943672 0.330883
    outer loop
      vertex 34 48.2183 -83.5456
      vertex 37.2 48.2183 -83.5456
      vertex 37.2 48.4703 -84.2643
    endloop
  endfacet
  facet normal 0 0.999929 0.0119039
    outer loop
      vertex 34 48.2181 -83.5288
      vertex 37.2 48.2183 -83.5456
      vertex 34 48.2183 -83.5456
    endloop
  endfacet
  facet normal -0 0.999929 0.0119039
    outer loop
      vertex 34 48.2181 -83.5288
      vertex 37.2 48.2181 -83.5288
      vertex 37.2 48.2183 -83.5456
    endloop
  endfacet
  facet normal 0 0.997316 0.0732157
    outer loop
      vertex 34 48.2144 -83.4784
      vertex 37.2 48.2181 -83.5288
      vertex 34 48.2181 -83.5288
    endloop
  endfacet
  facet normal -0 0.997316 0.0732157
    outer loop
      vertex 34 48.2144 -83.4784
      vertex 37.2 48.2144 -83.4784
      vertex 37.2 48.2181 -83.5288
    endloop
  endfacet
  facet normal 0 0.991103 0.133098
    outer loop
      vertex 34 48.2032 -83.395
      vertex 37.2 48.2144 -83.4784
      vertex 34 48.2144 -83.4784
    endloop
  endfacet
  facet normal -0 0.991103 0.133098
    outer loop
      vertex 34 48.2032 -83.395
      vertex 37.2 48.2032 -83.395
      vertex 37.2 48.2144 -83.4784
    endloop
  endfacet
  facet normal 0 0.980776 0.195137
    outer loop
      vertex 34 48.1802 -83.2794
      vertex 37.2 48.2032 -83.395
      vertex 34 48.2032 -83.395
    endloop
  endfacet
  facet normal -0 0.980776 0.195137
    outer loop
      vertex 34 48.1802 -83.2794
      vertex 37.2 48.1802 -83.2794
      vertex 37.2 48.2032 -83.395
    endloop
  endfacet
  facet normal 0 0.966465 0.2568
    outer loop
      vertex 34 48.1413 -83.133
      vertex 37.2 48.1802 -83.2794
      vertex 34 48.1802 -83.2794
    endloop
  endfacet
  facet normal -0 0.966465 0.2568
    outer loop
      vertex 34 48.1413 -83.133
      vertex 37.2 48.1413 -83.133
      vertex 37.2 48.1802 -83.2794
    endloop
  endfacet
  facet normal 0 0.948575 0.316552
    outer loop
      vertex 34 48.0827 -82.9574
      vertex 37.2 48.1413 -83.133
      vertex 34 48.1413 -83.133
    endloop
  endfacet
  facet normal -0 0.948575 0.316552
    outer loop
      vertex 34 48.0827 -82.9574
      vertex 37.2 48.0827 -82.9574
      vertex 37.2 48.1413 -83.133
    endloop
  endfacet
  facet normal 0 0.926765 0.375641
    outer loop
      vertex 34 48.0005 -82.7546
      vertex 37.2 48.0827 -82.9574
      vertex 34 48.0827 -82.9574
    endloop
  endfacet
  facet normal -0 0.926765 0.375641
    outer loop
      vertex 34 48.0005 -82.7546
      vertex 37.2 48.0005 -82.7546
      vertex 37.2 48.0827 -82.9574
    endloop
  endfacet
  facet normal 0 0.901214 0.433375
    outer loop
      vertex 34 47.8911 -82.5271
      vertex 37.2 48.0005 -82.7546
      vertex 34 48.0005 -82.7546
    endloop
  endfacet
  facet normal -0 0.901214 0.433375
    outer loop
      vertex 34 47.8911 -82.5271
      vertex 37.2 47.8911 -82.5271
      vertex 37.2 48.0005 -82.7546
    endloop
  endfacet
  facet normal 0 0.872172 0.489199
    outer loop
      vertex 34 47.7511 -82.2775
      vertex 37.2 47.8911 -82.5271
      vertex 34 47.8911 -82.5271
    endloop
  endfacet
  facet normal -0 0.872172 0.489199
    outer loop
      vertex 34 47.7511 -82.2775
      vertex 37.2 47.7511 -82.2775
      vertex 37.2 47.8911 -82.5271
    endloop
  endfacet
  facet normal 0 0.839713 0.543031
    outer loop
      vertex 34 47.5774 -82.0089
      vertex 37.2 47.7511 -82.2775
      vertex 34 47.7511 -82.2775
    endloop
  endfacet
  facet normal -0 0.839713 0.543031
    outer loop
      vertex 34 47.5774 -82.0089
      vertex 37.2 47.5774 -82.0089
      vertex 37.2 47.7511 -82.2775
    endloop
  endfacet
  facet normal 0 -0.0708235 0.997489
    outer loop
      vertex 34 47.0084 -82.0493
      vertex 37.2 47.5774 -82.0089
      vertex 34 47.5774 -82.0089
    endloop
  endfacet
  facet normal 0 -0.0708235 0.997489
    outer loop
      vertex 34 47.0084 -82.0493
      vertex 37.2 47.0084 -82.0493
      vertex 37.2 47.5774 -82.0089
    endloop
  endfacet
  facet normal 0 -0.907877 0.419237
    outer loop
      vertex 34 46.8743 -82.3397
      vertex 37.2 47.0084 -82.0493
      vertex 34 47.0084 -82.0493
    endloop
  endfacet
  facet normal 0 -0.907877 0.419237
    outer loop
      vertex 34 46.8743 -82.3397
      vertex 37.2 46.8743 -82.3397
      vertex 37.2 47.0084 -82.0493
    endloop
  endfacet
  facet normal 0 -0.932542 0.361063
    outer loop
      vertex 34 46.771 -82.6065
      vertex 37.2 46.8743 -82.3397
      vertex 34 46.8743 -82.3397
    endloop
  endfacet
  facet normal 0 -0.932542 0.361063
    outer loop
      vertex 34 46.771 -82.6065
      vertex 37.2 46.771 -82.6065
      vertex 37.2 46.8743 -82.3397
    endloop
  endfacet
  facet normal 0 -0.953367 0.301814
    outer loop
      vertex 34 46.6948 -82.8472
      vertex 37.2 46.771 -82.6065
      vertex 34 46.771 -82.6065
    endloop
  endfacet
  facet normal 0 -0.953367 0.301814
    outer loop
      vertex 34 46.6948 -82.8472
      vertex 37.2 46.6948 -82.8472
      vertex 37.2 46.771 -82.6065
    endloop
  endfacet
  facet normal 0 -0.970438 0.241352
    outer loop
      vertex 34 46.642 -83.0595
      vertex 37.2 46.6948 -82.8472
      vertex 34 46.6948 -82.8472
    endloop
  endfacet
  facet normal 0 -0.970438 0.241352
    outer loop
      vertex 34 46.642 -83.0595
      vertex 37.2 46.642 -83.0595
      vertex 37.2 46.6948 -82.8472
    endloop
  endfacet
  facet normal 0 -0.983801 0.179266
    outer loop
      vertex 34 46.6088 -83.2417
      vertex 37.2 46.642 -83.0595
      vertex 34 46.642 -83.0595
    endloop
  endfacet
  facet normal 0 -0.983801 0.179266
    outer loop
      vertex 34 46.6088 -83.2417
      vertex 37.2 46.6088 -83.2417
      vertex 37.2 46.642 -83.0595
    endloop
  endfacet
  facet normal 0 -0.993069 0.117531
    outer loop
      vertex 34 46.591 -83.3921
      vertex 37.2 46.6088 -83.2417
      vertex 34 46.6088 -83.2417
    endloop
  endfacet
  facet normal 0 -0.993069 0.117531
    outer loop
      vertex 34 46.591 -83.3921
      vertex 37.2 46.591 -83.3921
      vertex 37.2 46.6088 -83.2417
    endloop
  endfacet
  facet normal 0 -0.998479 0.0551411
    outer loop
      vertex 34 46.5845 -83.5098
      vertex 37.2 46.591 -83.3921
      vertex 34 46.591 -83.3921
    endloop
  endfacet
  facet normal 0 -0.998479 0.0551411
    outer loop
      vertex 34 46.5845 -83.5098
      vertex 37.2 46.5845 -83.5098
      vertex 37.2 46.591 -83.3921
    endloop
  endfacet
  facet normal 0 -0.999965 -0.00832314
    outer loop
      vertex 34 46.5852 -83.5939
      vertex 37.2 46.5845 -83.5098
      vertex 34 46.5845 -83.5098
    endloop
  endfacet
  facet normal 0 -0.999965 -0.00832314
    outer loop
      vertex 34 46.5852 -83.5939
      vertex 37.2 46.5852 -83.5939
      vertex 37.2 46.5845 -83.5098
    endloop
  endfacet
  facet normal 0 -0.997597 -0.0692776
    outer loop
      vertex 34 46.5887 -83.6443
      vertex 37.2 46.5852 -83.5939
      vertex 34 46.5852 -83.5939
    endloop
  endfacet
  facet normal 0 -0.997597 -0.0692776
    outer loop
      vertex 34 46.5887 -83.6443
      vertex 37.2 46.5887 -83.6443
      vertex 37.2 46.5852 -83.5939
    endloop
  endfacet
  facet normal 0 -0.992186 -0.124766
    outer loop
      vertex 34 46.5908 -83.661
      vertex 37.2 46.5887 -83.6443
      vertex 34 46.5887 -83.6443
    endloop
  endfacet
  facet normal 0 -0.992186 -0.124766
    outer loop
      vertex 34 46.5908 -83.661
      vertex 37.2 46.5908 -83.661
      vertex 37.2 46.5887 -83.6443
    endloop
  endfacet
  facet normal 0 -0.980913 0.194449
    outer loop
      vertex 34 46.4427 -84.4081
      vertex 37.2 46.5908 -83.661
      vertex 34 46.5908 -83.661
    endloop
  endfacet
  facet normal 0 -0.980913 0.194449
    outer loop
      vertex 34 46.4427 -84.4081
      vertex 37.2 46.4427 -84.4081
      vertex 37.2 46.5908 -83.661
    endloop
  endfacet
  facet normal 0 0.0691979 -0.997603
    outer loop
      vertex 34 46.46 -84.4069
      vertex 37.2 46.4427 -84.4081
      vertex 34 46.4427 -84.4081
    endloop
  endfacet
  facet normal 0 0.0691979 -0.997603
    outer loop
      vertex 34 46.46 -84.4069
      vertex 37.2 46.46 -84.4069
      vertex 37.2 46.4427 -84.4081
    endloop
  endfacet
  facet normal 0 -0.214573 0.976708
    outer loop
      vertex 34 46.1177 -84.4821
      vertex 37.2 46.46 -84.4069
      vertex 34 46.46 -84.4069
    endloop
  endfacet
  facet normal 0 -0.214573 0.976708
    outer loop
      vertex 34 46.1177 -84.4821
      vertex 37.2 46.1177 -84.4821
      vertex 37.2 46.46 -84.4069
    endloop
  endfacet
  facet normal 0 -0.270836 0.962625
    outer loop
      vertex 34 45.7804 -84.577
      vertex 37.2 46.1177 -84.4821
      vertex 34 46.1177 -84.4821
    endloop
  endfacet
  facet normal 0 -0.270836 0.962625
    outer loop
      vertex 34 45.7804 -84.577
      vertex 37.2 45.7804 -84.577
      vertex 37.2 46.1177 -84.4821
    endloop
  endfacet
  facet normal 0 0.405064 -0.914288
    outer loop
      vertex 34 45.7962 -84.57
      vertex 37.2 45.7804 -84.577
      vertex 34 45.7804 -84.577
    endloop
  endfacet
  facet normal 0 0.405064 -0.914288
    outer loop
      vertex 34 45.7962 -84.57
      vertex 37.2 45.7962 -84.57
      vertex 37.2 45.7804 -84.577
    endloop
  endfacet
  facet normal 0 0.773618 0.633652
    outer loop
      vertex 34 45.3136 -83.9808
      vertex 37.2 45.7962 -84.57
      vertex 34 45.7962 -84.57
    endloop
  endfacet
  facet normal -0 0.773618 0.633652
    outer loop
      vertex 34 45.3136 -83.9808
      vertex 37.2 45.3136 -83.9808
      vertex 37.2 45.7962 -84.57
    endloop
  endfacet
  facet normal 0 0.93411 0.356985
    outer loop
      vertex 34 45.3076 -83.9651
      vertex 37.2 45.3136 -83.9808
      vertex 34 45.3136 -83.9808
    endloop
  endfacet
  facet normal -0 0.93411 0.356985
    outer loop
      vertex 34 45.3076 -83.9651
      vertex 37.2 45.3076 -83.9651
      vertex 37.2 45.3136 -83.9808
    endloop
  endfacet
  facet normal 0 0.912254 0.409624
    outer loop
      vertex 34 45.2869 -83.919
      vertex 37.2 45.3076 -83.9651
      vertex 34 45.3076 -83.9651
    endloop
  endfacet
  facet normal -0 0.912254 0.409624
    outer loop
      vertex 34 45.2869 -83.919
      vertex 37.2 45.2869 -83.919
      vertex 37.2 45.3076 -83.9651
    endloop
  endfacet
  facet normal 0 0.885459 0.464717
    outer loop
      vertex 34 45.2478 -83.8445
      vertex 37.2 45.2869 -83.919
      vertex 34 45.2869 -83.919
    endloop
  endfacet
  facet normal -0 0.885459 0.464717
    outer loop
      vertex 34 45.2478 -83.8445
      vertex 37.2 45.2478 -83.8445
      vertex 37.2 45.2869 -83.919
    endloop
  endfacet
  facet normal 0 0.855164 0.518358
    outer loop
      vertex 34 45.1867 -83.7437
      vertex 37.2 45.2478 -83.8445
      vertex 34 45.2478 -83.8445
    endloop
  endfacet
  facet normal -0 0.855164 0.518358
    outer loop
      vertex 34 45.1867 -83.7437
      vertex 37.2 45.1867 -83.7437
      vertex 37.2 45.2478 -83.8445
    endloop
  endfacet
  facet normal 0 0.820501 0.571645
    outer loop
      vertex 34 45.1001 -83.6194
      vertex 37.2 45.1867 -83.7437
      vertex 34 45.1867 -83.7437
    endloop
  endfacet
  facet normal -0 0.820501 0.571645
    outer loop
      vertex 34 45.1001 -83.6194
      vertex 37.2 45.1001 -83.6194
      vertex 37.2 45.1867 -83.7437
    endloop
  endfacet
  facet normal 0 0.782972 0.622057
    outer loop
      vertex 34 44.9849 -83.4744
      vertex 37.2 45.1001 -83.6194
      vertex 34 45.1001 -83.6194
    endloop
  endfacet
  facet normal -0 0.782972 0.622057
    outer loop
      vertex 34 44.9849 -83.4744
      vertex 37.2 44.9849 -83.4744
      vertex 37.2 45.1001 -83.6194
    endloop
  endfacet
  facet normal 0 0.742293 0.670075
    outer loop
      vertex 34 44.8383 -83.312
      vertex 37.2 44.9849 -83.4744
      vertex 34 44.9849 -83.4744
    endloop
  endfacet
  facet normal -0 0.742293 0.670075
    outer loop
      vertex 34 44.8383 -83.312
      vertex 37.2 44.8383 -83.312
      vertex 37.2 44.9849 -83.4744
    endloop
  endfacet
  facet normal 0 0.69874 0.715376
    outer loop
      vertex 34 44.6577 -83.1356
      vertex 37.2 44.8383 -83.312
      vertex 34 44.8383 -83.312
    endloop
  endfacet
  facet normal -0 0.69874 0.715376
    outer loop
      vertex 34 44.6577 -83.1356
      vertex 37.2 44.6577 -83.1356
      vertex 37.2 44.8383 -83.312
    endloop
  endfacet
  facet normal 0 0.652373 0.757898
    outer loop
      vertex 34 44.4408 -82.9489
      vertex 37.2 44.6577 -83.1356
      vertex 34 44.6577 -83.1356
    endloop
  endfacet
  facet normal -0 0.652373 0.757898
    outer loop
      vertex 34 44.4408 -82.9489
      vertex 37.2 44.4408 -82.9489
      vertex 37.2 44.6577 -83.1356
    endloop
  endfacet
  facet normal 0 0.603298 0.797516
    outer loop
      vertex 34 44.1858 -82.756
      vertex 37.2 44.4408 -82.9489
      vertex 34 44.4408 -82.9489
    endloop
  endfacet
  facet normal -0 0.603298 0.797516
    outer loop
      vertex 34 44.1858 -82.756
      vertex 37.2 44.1858 -82.756
      vertex 37.2 44.4408 -82.9489
    endloop
  endfacet
  facet normal 0 -0.407586 0.913167
    outer loop
      vertex 34 43.6649 -82.9885
      vertex 37.2 44.1858 -82.756
      vertex 34 44.1858 -82.756
    endloop
  endfacet
  facet normal 0 -0.407586 0.913167
    outer loop
      vertex 34 43.6649 -82.9885
      vertex 37.2 43.6649 -82.9885
      vertex 37.2 44.1858 -82.756
    endloop
  endfacet
  facet normal 0 0.538191 -0.842823
    outer loop
      vertex 34 48.3144 -89.5703
      vertex 37.2 48.3144 -89.5703
      vertex 34 47.9539 -89.8005
    endloop
  endfacet
  facet normal 0 0.538191 -0.842823
    outer loop
      vertex 37.2 47.9539 -89.8005
      vertex 34 47.9539 -89.8005
      vertex 37.2 48.3144 -89.5703
    endloop
  endfacet
  facet normal 0 -0.735063 -0.677998
    outer loop
      vertex 34 48.6043 -89.8846
      vertex 37.2 48.6043 -89.8846
      vertex 34 48.3144 -89.5703
    endloop
  endfacet
  facet normal -0 -0.735063 -0.677998
    outer loop
      vertex 37.2 48.3144 -89.5703
      vertex 34 48.3144 -89.5703
      vertex 37.2 48.6043 -89.8846
    endloop
  endfacet
  facet normal 0 0.265847 -0.964015
    outer loop
      vertex 34 49.0166 -89.7709
      vertex 37.2 49.0166 -89.7709
      vertex 34 48.6043 -89.8846
    endloop
  endfacet
  facet normal 0 0.265847 -0.964015
    outer loop
      vertex 37.2 48.6043 -89.8846
      vertex 34 48.6043 -89.8846
      vertex 37.2 49.0166 -89.7709
    endloop
  endfacet
  facet normal 0 -0.902281 -0.431149
    outer loop
      vertex 34 49.201 -90.1568
      vertex 37.2 49.201 -90.1568
      vertex 34 49.0166 -89.7709
    endloop
  endfacet
  facet normal -0 -0.902281 -0.431149
    outer loop
      vertex 37.2 49.0166 -89.7709
      vertex 34 49.0166 -89.7709
      vertex 37.2 49.201 -90.1568
    endloop
  endfacet
  facet normal 0 -0.0296945 -0.999559
    outer loop
      vertex 34 49.6285 -90.1695
      vertex 37.2 49.6285 -90.1695
      vertex 34 49.201 -90.1568
    endloop
  endfacet
  facet normal -0 -0.0296945 -0.999559
    outer loop
      vertex 37.2 49.201 -90.1568
      vertex 34 49.201 -90.1568
      vertex 37.2 49.6285 -90.1695
    endloop
  endfacet
  facet normal 0 -0.989299 -0.145905
    outer loop
      vertex 34 49.6909 -90.5926
      vertex 37.2 49.6909 -90.5926
      vertex 34 49.6285 -90.1695
    endloop
  endfacet
  facet normal -0 -0.989299 -0.145905
    outer loop
      vertex 37.2 49.6285 -90.1695
      vertex 34 49.6285 -90.1695
      vertex 37.2 49.6909 -90.5926
    endloop
  endfacet
  facet normal 0 -0.323374 -0.946271
    outer loop
      vertex 34 50.0956 -90.7309
      vertex 37.2 50.0956 -90.7309
      vertex 34 49.6909 -90.5926
    endloop
  endfacet
  facet normal -0 -0.323374 -0.946271
    outer loop
      vertex 37.2 49.6909 -90.5926
      vertex 34 49.6909 -90.5926
      vertex 37.2 50.0956 -90.7309
    endloop
  endfacet
  facet normal 0 -0.988383 0.151987
    outer loop
      vertex 34 50.0306 -91.1536
      vertex 37.2 50.0306 -91.1536
      vertex 34 50.0956 -90.7309
    endloop
  endfacet
  facet normal 0 -0.988383 0.151987
    outer loop
      vertex 37.2 50.0956 -90.7309
      vertex 34 50.0956 -90.7309
      vertex 37.2 50.0306 -91.1536
    endloop
  endfacet
  facet normal 0 -0.58781 -0.808999
    outer loop
      vertex 34 50.3766 -91.405
      vertex 37.2 50.3766 -91.405
      vertex 34 50.0306 -91.1536
    endloop
  endfacet
  facet normal -0 -0.58781 -0.808999
    outer loop
      vertex 37.2 50.0306 -91.1536
      vertex 34 50.0306 -91.1536
      vertex 37.2 50.3766 -91.405
    endloop
  endfacet
  facet normal 0 -0.89965 0.436612
    outer loop
      vertex 34 50.1899 -91.7897
      vertex 37.2 50.1899 -91.7897
      vertex 34 50.3766 -91.405
    endloop
  endfacet
  facet normal 0 -0.89965 0.436612
    outer loop
      vertex 37.2 50.3766 -91.405
      vertex 34 50.3766 -91.405
      vertex 37.2 50.1899 -91.7897
    endloop
  endfacet
  facet normal 0 -0.800168 -0.599775
    outer loop
      vertex 34 50.4464 -92.1319
      vertex 37.2 50.4464 -92.1319
      vertex 34 50.1899 -91.7897
    endloop
  endfacet
  facet normal -0 -0.800168 -0.599775
    outer loop
      vertex 37.2 50.1899 -91.7897
      vertex 34 50.1899 -91.7897
      vertex 37.2 50.4464 -92.1319
    endloop
  endfacet
  facet normal 0 -0.731117 0.682252
    outer loop
      vertex 34 50.1546 -92.4446
      vertex 37.2 50.1546 -92.4446
      vertex 34 50.4464 -92.1319
    endloop
  endfacet
  facet normal 0 -0.731117 0.682252
    outer loop
      vertex 37.2 50.4464 -92.1319
      vertex 34 50.4464 -92.1319
      vertex 37.2 50.1546 -92.4446
    endloop
  endfacet
  facet normal 0 -0.94136 -0.337403
    outer loop
      vertex 34 50.2989 -92.8472
      vertex 37.2 50.2989 -92.8472
      vertex 34 50.1546 -92.4446
    endloop
  endfacet
  facet normal -0 -0.94136 -0.337403
    outer loop
      vertex 37.2 50.1546 -92.4446
      vertex 34 50.1546 -92.4446
      vertex 37.2 50.2989 -92.8472
    endloop
  endfacet
  facet normal 0 -0.497271 0.867595
    outer loop
      vertex 34 49.9278 -93.0599
      vertex 37.2 49.9278 -93.0599
      vertex 34 50.2989 -92.8472
    endloop
  endfacet
  facet normal 0 -0.497271 0.867595
    outer loop
      vertex 37.2 50.2989 -92.8472
      vertex 34 50.2989 -92.8472
      vertex 37.2 49.9278 -93.0599
    endloop
  endfacet
  facet normal 0 -0.998992 -0.0448985
    outer loop
      vertex 34 49.947 -93.4871
      vertex 37.2 49.947 -93.4871
      vertex 34 49.9278 -93.0599
    endloop
  endfacet
  facet normal -0 -0.998992 -0.0448985
    outer loop
      vertex 37.2 49.9278 -93.0599
      vertex 34 49.9278 -93.0599
      vertex 37.2 49.947 -93.4871
    endloop
  endfacet
  facet normal 0 -0.219579 0.975595
    outer loop
      vertex 34 49.5298 -93.581
      vertex 37.2 49.5298 -93.581
      vertex 34 49.947 -93.4871
    endloop
  endfacet
  facet normal 0 -0.219579 0.975595
    outer loop
      vertex 37.2 49.947 -93.4871
      vertex 34 49.947 -93.4871
      vertex 37.2 49.5298 -93.581
    endloop
  endfacet
  facet normal 0 -0.967845 0.251546
    outer loop
      vertex 34 49.4222 -93.995
      vertex 37.2 49.4222 -93.995
      vertex 34 49.5298 -93.581
    endloop
  endfacet
  facet normal 0 -0.967845 0.251546
    outer loop
      vertex 37.2 49.5298 -93.581
      vertex 34 49.5298 -93.581
      vertex 37.2 49.4222 -93.995
    endloop
  endfacet
  facet normal -0 0.0778586 0.996964
    outer loop
      vertex 34 48.9958 -93.9617
      vertex 37.2 48.9958 -93.9617
      vertex 34 49.4222 -93.995
    endloop
  endfacet
  facet normal 0 0.0778586 0.996964
    outer loop
      vertex 37.2 49.4222 -93.995
      vertex 34 49.4222 -93.995
      vertex 37.2 48.9958 -93.9617
    endloop
  endfacet
  facet normal 0 -0.850693 0.525662
    outer loop
      vertex 34 48.771 -94.3255
      vertex 37.2 48.771 -94.3255
      vertex 34 48.9958 -93.9617
    endloop
  endfacet
  facet normal 0 -0.850693 0.525662
    outer loop
      vertex 37.2 48.9958 -93.9617
      vertex 34 48.9958 -93.9617
      vertex 37.2 48.771 -94.3255
    endloop
  endfacet
  facet normal -0 0.368082 0.929793
    outer loop
      vertex 34 48.3734 -94.1681
      vertex 37.2 48.3734 -94.1681
      vertex 34 48.771 -94.3255
    endloop
  endfacet
  facet normal 0 0.368082 0.929793
    outer loop
      vertex 37.2 48.771 -94.3255
      vertex 34 48.771 -94.3255
      vertex 37.2 48.3734 -94.1681
    endloop
  endfacet
  facet normal 0 -0.657925 0.753083
    outer loop
      vertex 34 48.0513 -94.4495
      vertex 37.2 48.0513 -94.4495
      vertex 34 48.3734 -94.1681
    endloop
  endfacet
  facet normal 0 -0.657925 0.753083
    outer loop
      vertex 37.2 48.3734 -94.1681
      vertex 34 48.3734 -94.1681
      vertex 37.2 48.0513 -94.4495
    endloop
  endfacet
  facet normal -0 0.625863 0.779933
    outer loop
      vertex 34 47.7177 -94.1818
      vertex 37.2 47.7177 -94.1818
      vertex 34 48.0513 -94.4495
    endloop
  endfacet
  facet normal 0 0.625863 0.779933
    outer loop
      vertex 37.2 48.0513 -94.4495
      vertex 34 48.0513 -94.4495
      vertex 37.2 47.7177 -94.1818
    endloop
  endfacet
  facet normal 0 -0.406637 0.91359
    outer loop
      vertex 34 47.327 -94.3557
      vertex 37.2 47.327 -94.3557
      vertex 34 47.7177 -94.1818
    endloop
  endfacet
  facet normal 0 -0.406637 0.91359
    outer loop
      vertex 37.2 47.7177 -94.1818
      vertex 34 47.7177 -94.1818
      vertex 37.2 47.327 -94.3557
    endloop
  endfacet
  facet normal -0 0.827817 0.560998
    outer loop
      vertex 34 47.0871 -94.0017
      vertex 37.2 47.0871 -94.0017
      vertex 34 47.327 -94.3557
    endloop
  endfacet
  facet normal 0 0.827817 0.560998
    outer loop
      vertex 37.2 47.327 -94.3557
      vertex 34 47.327 -94.3557
      vertex 37.2 47.0871 -94.0017
    endloop
  endfacet
  facet normal 0 -0.119256 0.992864
    outer loop
      vertex 34 46.6625 -94.0527
      vertex 37.2 46.6625 -94.0527
      vertex 34 47.0871 -94.0017
    endloop
  endfacet
  facet normal 0 -0.119256 0.992864
    outer loop
      vertex 37.2 47.0871 -94.0017
      vertex 34 47.0871 -94.0017
      vertex 37.2 46.6625 -94.0527
    endloop
  endfacet
  facet normal -0 0.956464 0.29185
    outer loop
      vertex 34 46.5377 -93.6437
      vertex 37.2 46.5377 -93.6437
      vertex 34 46.6625 -94.0527
    endloop
  endfacet
  facet normal 0 0.956464 0.29185
    outer loop
      vertex 37.2 46.6625 -94.0527
      vertex 34 46.6625 -94.0527
      vertex 37.2 46.5377 -93.6437
    endloop
  endfacet
  facet normal -0 0.178639 0.983915
    outer loop
      vertex 34 46.1169 -93.5673
      vertex 37.2 46.1169 -93.5673
      vertex 34 46.5377 -93.6437
    endloop
  endfacet
  facet normal 0 0.178639 0.983915
    outer loop
      vertex 37.2 46.5377 -93.6437
      vertex 34 46.5377 -93.6437
      vertex 37.2 46.1169 -93.5673
    endloop
  endfacet
  facet normal 0 0.999995 -0.0030395
    outer loop
      vertex 34 46.1182 -93.1396
      vertex 37.2 46.1182 -93.1396
      vertex 34 46.1169 -93.5673
    endloop
  endfacet
  facet normal 0 0.999995 -0.0030395
    outer loop
      vertex 37.2 46.1169 -93.5673
      vertex 34 46.1169 -93.5673
      vertex 37.2 46.1182 -93.1396
    endloop
  endfacet
  facet normal -0 0.460631 0.887592
    outer loop
      vertex 34 45.7386 -92.9426
      vertex 37.2 45.7386 -92.9426
      vertex 34 46.1182 -93.1396
    endloop
  endfacet
  facet normal 0 0.460631 0.887592
    outer loop
      vertex 37.2 46.1182 -93.1396
      vertex 34 46.1182 -93.1396
      vertex 37.2 45.7386 -92.9426
    endloop
  endfacet
  facet normal 0 0.954675 -0.297649
    outer loop
      vertex 34 45.8659 -92.5343
      vertex 37.2 45.8659 -92.5343
      vertex 34 45.7386 -92.9426
    endloop
  endfacet
  facet normal 0 0.954675 -0.297649
    outer loop
      vertex 37.2 45.7386 -92.9426
      vertex 34 45.7386 -92.9426
      vertex 37.2 45.8659 -92.5343
    endloop
  endfacet
  facet normal -0 0.701708 0.712464
    outer loop
      vertex 34 45.5612 -92.2342
      vertex 37.2 45.5612 -92.2342
      vertex 34 45.8659 -92.5343
    endloop
  endfacet
  facet normal 0 0.701708 0.712464
    outer loop
      vertex 37.2 45.8659 -92.5343
      vertex 34 45.8659 -92.5343
      vertex 37.2 45.5612 -92.2342
    endloop
  endfacet
  facet normal 0 0.824567 -0.565765
    outer loop
      vertex 34 45.8032 -91.8815
      vertex 37.2 45.8032 -91.8815
      vertex 34 45.5612 -92.2342
    endloop
  endfacet
  facet normal 0 0.824567 -0.565765
    outer loop
      vertex 37.2 45.5612 -92.2342
      vertex 34 45.5612 -92.2342
      vertex 37.2 45.8032 -91.8815
    endloop
  endfacet
  facet normal -0 0.880554 0.473946
    outer loop
      vertex 34 45.6005 -91.5049
      vertex 37.2 45.6005 -91.5049
      vertex 34 45.8032 -91.8815
    endloop
  endfacet
  facet normal 0 0.880554 0.473946
    outer loop
      vertex 37.2 45.8032 -91.8815
      vertex 34 45.8032 -91.8815
      vertex 37.2 45.6005 -91.5049
    endloop
  endfacet
  facet normal 0 0.621038 -0.78378
    outer loop
      vertex 34 45.9357 -91.2393
      vertex 37.2 45.9357 -91.2393
      vertex 34 45.6005 -91.5049
    endloop
  endfacet
  facet normal 0 0.621038 -0.78378
    outer loop
      vertex 37.2 45.6005 -91.5049
      vertex 34 45.6005 -91.5049
      vertex 37.2 45.9357 -91.2393
    endloop
  endfacet
  facet normal -0 0.98117 0.193147
    outer loop
      vertex 34 45.8531 -90.8197
      vertex 37.2 45.8531 -90.8197
      vertex 34 45.9357 -91.2393
    endloop
  endfacet
  facet normal 0 0.98117 0.193147
    outer loop
      vertex 37.2 45.9357 -91.2393
      vertex 34 45.9357 -91.2393
      vertex 37.2 45.8531 -90.8197
    endloop
  endfacet
  facet normal 0 0.362706 -0.931904
    outer loop
      vertex 34 46.2516 -90.6646
      vertex 37.2 46.2516 -90.6646
      vertex 34 45.8531 -90.8197
    endloop
  endfacet
  facet normal 0 0.362706 -0.931904
    outer loop
      vertex 37.2 45.8531 -90.8197
      vertex 34 45.8531 -90.8197
      vertex 37.2 46.2516 -90.6646
    endloop
  endfacet
  facet normal 0 0.994498 -0.104758
    outer loop
      vertex 34 46.2964 -90.2393
      vertex 37.2 46.2964 -90.2393
      vertex 34 46.2516 -90.6646
    endloop
  endfacet
  facet normal 0 0.994498 -0.104758
    outer loop
      vertex 37.2 46.2516 -90.6646
      vertex 34 46.2516 -90.6646
      vertex 37.2 46.2964 -90.2393
    endloop
  endfacet
  facet normal 0 0.0717955 -0.997419
    outer loop
      vertex 34 46.7229 -90.2086
      vertex 37.2 46.7229 -90.2086
      vertex 34 46.2964 -90.2393
    endloop
  endfacet
  facet normal 0 0.0717955 -0.997419
    outer loop
      vertex 37.2 46.2964 -90.2393
      vertex 34 46.2964 -90.2393
      vertex 37.2 46.7229 -90.2086
    endloop
  endfacet
  facet normal 0 0.919495 -0.393101
    outer loop
      vertex 34 46.891 -89.8154
      vertex 37.2 46.891 -89.8154
      vertex 34 46.7229 -90.2086
    endloop
  endfacet
  facet normal 0 0.919495 -0.393101
    outer loop
      vertex 37.2 46.7229 -90.2086
      vertex 34 46.7229 -90.2086
      vertex 37.2 46.891 -89.8154
    endloop
  endfacet
  facet normal 0 -0.225389 -0.974269
    outer loop
      vertex 34 47.3077 -89.9118
      vertex 37.2 47.3077 -89.9118
      vertex 34 46.891 -89.8154
    endloop
  endfacet
  facet normal -0 -0.225389 -0.974269
    outer loop
      vertex 37.2 46.891 -89.8154
      vertex 34 46.891 -89.8154
      vertex 37.2 47.3077 -89.9118
    endloop
  endfacet
  facet normal 0 0.762925 -0.646487
    outer loop
      vertex 34 47.5842 -89.5855
      vertex 37.2 47.5842 -89.5855
      vertex 34 47.3077 -89.9118
    endloop
  endfacet
  facet normal 0 0.762925 -0.646487
    outer loop
      vertex 37.2 47.3077 -89.9118
      vertex 34 47.3077 -89.9118
      vertex 37.2 47.5842 -89.5855
    endloop
  endfacet
  facet normal 0 -0.502722 -0.864448
    outer loop
      vertex 34 47.9539 -89.8005
      vertex 37.2 47.9539 -89.8005
      vertex 34 47.5842 -89.5855
    endloop
  endfacet
  facet normal -0 -0.502722 -0.864448
    outer loop
      vertex 37.2 47.5842 -89.5855
      vertex 34 47.5842 -89.5855
      vertex 37.2 47.9539 -89.8005
    endloop
  endfacet
endsolid OpenSCAD_Model
