solid OpenSCAD_Model
  facet normal -1 0 0
    outer loop
      vertex 34 54.8863 -84.7489
      vertex 34 54.1597 -84.4736
      vertex 34 54.4616 -84.368
    endloop
  endfacet
  facet normal -1 0 0
    outer loop
      vertex 34 56.3624 -87.0342
      vertex 34 56.6822 -87.0383
      vertex 34 56.7766 -87.8095
    endloop
  endfacet
  facet normal -1 0 0
    outer loop
      vertex 34 56.0366 -88.6097
      vertex 34 55.1758 -87.2466
      vertex 34 55.2859 -87.2045
    endloop
  endfacet
  facet normal -1 0 0
    outer loop
      vertex 34 56.4426 -88.2317
      vertex 34 55.8258 -87.0772
      vertex 34 56.0766 -87.0486
    endloop
  endfacet
  facet normal -1 -0 0
    outer loop
      vertex 34 55.9404 -88.6778
      vertex 34 55.8689 -88.7221
      vertex 34 55.1758 -87.2466
    endloop
  endfacet
  facet normal -1 0 -0
    outer loop
      vertex 34 55.1758 -87.2466
      vertex 34 55.8689 -88.7221
      vertex 34 55.0992 -87.2814
    endloop
  endfacet
  facet normal -1 0 -0
    outer loop
      vertex 34 55.0992 -87.2814
      vertex 34 55.8689 -88.7221
      vertex 34 55.0402 -87.3139
    endloop
  endfacet
  facet normal -1 0 -0
    outer loop
      vertex 34 55.0546 -87.3052
      vertex 34 55.0992 -87.2814
      vertex 34 55.0402 -87.3139
    endloop
  endfacet
  facet normal -1 0 0
    outer loop
      vertex 34 55.0402 -87.3139
      vertex 34 55.8689 -88.7221
      vertex 34 55.8091 -88.7531
    endloop
  endfacet
  facet normal -1 0 0
    outer loop
      vertex 34 54.3059 -87.4986
      vertex 34 55.0402 -87.3139
      vertex 34 55.8091 -88.7531
    endloop
  endfacet
  facet normal -1 0 0
    outer loop
      vertex 34 55.8091 -88.7531
      vertex 34 55.8689 -88.7221
      vertex 34 55.8243 -88.746
    endloop
  endfacet
  facet normal -1 0 0
    outer loop
      vertex 34 55.0402 -87.3139
      vertex 34 54.3059 -87.4986
      vertex 34 54.2977 -87.4833
    endloop
  endfacet
  facet normal -1 0 0
    outer loop
      vertex 34 56.4871 -94.5716
      vertex 34 56.8035 -93.0681
      vertex 34 56.6721 -94.5634
    endloop
  endfacet
  facet normal -1 0 0
    outer loop
      vertex 34 40.2955 -88.1623
      vertex 34 40.2041 -88.088
      vertex 34 41.1527 -86.7845
    endloop
  endfacet
  facet normal -1 0 0
    outer loop
      vertex 34 49.6358 -90.1761
      vertex 34 52.386 -85.6133
      vertex 34 53.8734 -86.9473
    endloop
  endfacet
  facet normal -1 0 0
    outer loop
      vertex 34 49.0255 -89.775
      vertex 34 48.3241 -89.5715
      vertex 34 49.9372 -84.4984
    endloop
  endfacet
  facet normal -1 0 0
    outer loop
      vertex 34 53.8734 -86.9473
      vertex 34 54.2276 -86.278
      vertex 34 53.8864 -86.9589
    endloop
  endfacet
  facet normal -1 0 0
    outer loop
      vertex 34 54.2276 -86.278
      vertex 34 54.2732 -86.2285
      vertex 34 54.2395 -86.2661
    endloop
  endfacet
  facet normal -1 0 0
    outer loop
      vertex 34 46.8998 -89.8109
      vertex 34 44.3482 -85.1643
      vertex 34 44.6621 -85.0082
    endloop
  endfacet
  facet normal -1 0 0
    outer loop
      vertex 34 54.3923 -86.0655
      vertex 34 53.3268 -84.91
      vertex 34 54.4706 -85.9358
    endloop
  endfacet
  facet normal -1 0 0
    outer loop
      vertex 34 53.4808 -84.8072
      vertex 34 54.6446 -85.5714
      vertex 34 54.556 -85.7715
    endloop
  endfacet
  facet normal -1 0 0
    outer loop
      vertex 34 53.6701 -84.6975
      vertex 34 53.8961 -84.5849
      vertex 34 54.6446 -85.5714
    endloop
  endfacet
  facet normal -1 0 0
    outer loop
      vertex 34 54.6446 -85.5714
      vertex 34 53.8961 -84.5849
      vertex 34 54.7321 -85.3346
    endloop
  endfacet
  facet normal -1 0 0
    outer loop
      vertex 34 54.7321 -85.3346
      vertex 34 53.8961 -84.5849
      vertex 34 54.1597 -84.4736
    endloop
  endfacet
  facet normal -1 -0 0
    outer loop
      vertex 34 54.8141 -85.0604
      vertex 34 54.7321 -85.3346
      vertex 34 54.1597 -84.4736
    endloop
  endfacet
  facet normal -1 -0 0
    outer loop
      vertex 34 54.8863 -84.7489
      vertex 34 54.8141 -85.0604
      vertex 34 54.1597 -84.4736
    endloop
  endfacet
  facet normal -1 0 -0
    outer loop
      vertex 34 53.6701 -84.6975
      vertex 34 54.6446 -85.5714
      vertex 34 53.4808 -84.8072
    endloop
  endfacet
  facet normal -1 0 0
    outer loop
      vertex 34 53.4808 -84.8072
      vertex 34 54.556 -85.7715
      vertex 34 54.4706 -85.9358
    endloop
  endfacet
  facet normal -1 0 0
    outer loop
      vertex 34 53.3268 -84.91
      vertex 34 53.4808 -84.8072
      vertex 34 54.4706 -85.9358
    endloop
  endfacet
  facet normal -1 -0 -0
    outer loop
      vertex 34 51.991 -82.8309
      vertex 34 52.0297 -83.1484
      vertex 34 51.4616 -82.6183
    endloop
  endfacet
  facet normal -1 0 0
    outer loop
      vertex 34 53.2063 -85.0018
      vertex 34 53.3268 -84.91
      vertex 34 54.3923 -86.0655
    endloop
  endfacet
  facet normal -1 0 0
    outer loop
      vertex 34 53.1173 -85.079
      vertex 34 53.2063 -85.0018
      vertex 34 54.3923 -86.0655
    endloop
  endfacet
  facet normal -1 0 0
    outer loop
      vertex 34 54.3253 -86.1624
      vertex 34 53.1173 -85.079
      vertex 34 54.3923 -86.0655
    endloop
  endfacet
  facet normal -1 0 0
    outer loop
      vertex 34 54.3253 -86.1624
      vertex 34 53.0573 -85.1379
      vertex 34 53.1173 -85.079
    endloop
  endfacet
  facet normal -1 -0 0
    outer loop
      vertex 34 54.3253 -86.1624
      vertex 34 54.2732 -86.2285
      vertex 34 53.0573 -85.1379
    endloop
  endfacet
  facet normal -1 0 0
    outer loop
      vertex 34 53.0573 -85.1379
      vertex 34 54.2732 -86.2285
      vertex 34 54.2276 -86.278
    endloop
  endfacet
  facet normal -1 0 -0
    outer loop
      vertex 34 53.0235 -85.1755
      vertex 34 53.0573 -85.1379
      vertex 34 53.0129 -85.1886
    endloop
  endfacet
  facet normal -1 0 0
    outer loop
      vertex 34 53.0129 -85.1886
      vertex 34 53.0573 -85.1379
      vertex 34 54.2276 -86.278
    endloop
  endfacet
  facet normal -1 0 0
    outer loop
      vertex 34 53.8734 -86.9473
      vertex 34 53.0129 -85.1886
      vertex 34 54.2276 -86.278
    endloop
  endfacet
  facet normal -1 0 0
    outer loop
      vertex 34 53.8734 -86.9473
      vertex 34 52.386 -85.6133
      vertex 34 53.0129 -85.1886
    endloop
  endfacet
  facet normal -1 0 0
    outer loop
      vertex 34 52.386 -85.6133
      vertex 34 52.3731 -85.6017
      vertex 34 53.0129 -85.1886
    endloop
  endfacet
  facet normal -1 0 0
    outer loop
      vertex 34 48.3241 -89.5715
      vertex 34 49.5964 -84.4162
      vertex 34 49.9372 -84.4984
    endloop
  endfacet
  facet normal -1 0 -0
    outer loop
      vertex 34 52.0939 -85.4196
      vertex 34 52.386 -85.6133
      vertex 34 49.0255 -89.775
    endloop
  endfacet
  facet normal -1 0 0
    outer loop
      vertex 34 51.791 -85.2431
      vertex 34 51.895 -84.4931
      vertex 34 51.8072 -85.2496
    endloop
  endfacet
  facet normal -1 0 0
    outer loop
      vertex 34 51.895 -84.4931
      vertex 34 51.9209 -84.431
      vertex 34 51.9021 -84.4779
    endloop
  endfacet
  facet normal -1 -0 0
    outer loop
      vertex 34 49.0957 -83.5464
      vertex 34 47.4618 -83.5599
      vertex 34 47.4632 -83.4926
    endloop
  endfacet
  facet normal -1 0 0
    outer loop
      vertex 34 51.9771 -84.2371
      vertex 34 50.5806 -83.5157
      vertex 34 52.0063 -84.0884
    endloop
  endfacet
  facet normal -1 0 0
    outer loop
      vertex 34 50.6902 -83.3665
      vertex 34 52.0452 -83.6865
      vertex 34 52.0304 -83.9048
    endloop
  endfacet
  facet normal -1 0 0
    outer loop
      vertex 34 50.8306 -83.1986
      vertex 34 51.0044 -83.0154
      vertex 34 52.0452 -83.6865
    endloop
  endfacet
  facet normal -1 0 0
    outer loop
      vertex 34 52.0452 -83.6865
      vertex 34 51.0044 -83.0154
      vertex 34 52.0464 -83.4341
    endloop
  endfacet
  facet normal -1 0 0
    outer loop
      vertex 34 52.0464 -83.4341
      vertex 34 51.0044 -83.0154
      vertex 34 51.214 -82.8207
    endloop
  endfacet
  facet normal -1 -0 -0
    outer loop
      vertex 34 52.0297 -83.1484
      vertex 34 52.0464 -83.4341
      vertex 34 51.214 -82.8207
    endloop
  endfacet
  facet normal -1 0 -0
    outer loop
      vertex 34 51.4616 -82.6183
      vertex 34 52.0297 -83.1484
      vertex 34 51.214 -82.8207
    endloop
  endfacet
  facet normal -1 0 -0
    outer loop
      vertex 34 50.8306 -83.1986
      vertex 34 52.0452 -83.6865
      vertex 34 50.6902 -83.3665
    endloop
  endfacet
  facet normal -1 0 0
    outer loop
      vertex 34 50.6902 -83.3665
      vertex 34 52.0304 -83.9048
      vertex 34 52.0063 -84.0884
    endloop
  endfacet
  facet normal -1 0 0
    outer loop
      vertex 34 50.5806 -83.5157
      vertex 34 50.6902 -83.3665
      vertex 34 52.0063 -84.0884
    endloop
  endfacet
  facet normal -1 -0 0
    outer loop
      vertex 34 48.6143 -82.0189
      vertex 34 47.8807 -82.275
      vertex 34 48.0441 -82.0001
    endloop
  endfacet
  facet normal -1 0 0
    outer loop
      vertex 34 50.4988 -83.6432
      vertex 34 50.5806 -83.5157
      vertex 34 51.9771 -84.2371
    endloop
  endfacet
  facet normal -1 0 0
    outer loop
      vertex 34 50.4415 -83.7462
      vertex 34 50.4988 -83.6432
      vertex 34 51.9771 -84.2371
    endloop
  endfacet
  facet normal -1 0 0
    outer loop
      vertex 34 51.9473 -84.3511
      vertex 34 50.4415 -83.7462
      vertex 34 51.9771 -84.2371
    endloop
  endfacet
  facet normal -1 0 0
    outer loop
      vertex 34 51.9473 -84.3511
      vertex 34 50.4053 -83.8221
      vertex 34 50.4415 -83.7462
    endloop
  endfacet
  facet normal -1 -0 0
    outer loop
      vertex 34 51.9473 -84.3511
      vertex 34 51.9209 -84.431
      vertex 34 50.4053 -83.8221
    endloop
  endfacet
  facet normal -1 0 0
    outer loop
      vertex 34 50.4053 -83.8221
      vertex 34 51.9209 -84.431
      vertex 34 51.895 -84.4931
    endloop
  endfacet
  facet normal -1 0 -0
    outer loop
      vertex 34 50.3864 -83.8689
      vertex 34 50.4053 -83.8221
      vertex 34 50.381 -83.8849
    endloop
  endfacet
  facet normal -1 0 0
    outer loop
      vertex 34 50.381 -83.8849
      vertex 34 50.4053 -83.8221
      vertex 34 51.895 -84.4931
    endloop
  endfacet
  facet normal -1 0 0
    outer loop
      vertex 34 51.791 -85.2431
      vertex 34 50.381 -83.8849
      vertex 34 51.895 -84.4931
    endloop
  endfacet
  facet normal -1 0 0
    outer loop
      vertex 34 51.791 -85.2431
      vertex 34 49.9372 -84.4984
      vertex 34 50.381 -83.8849
    endloop
  endfacet
  facet normal -1 0 0
    outer loop
      vertex 34 49.9372 -84.4984
      vertex 34 49.921 -84.4919
      vertex 34 50.381 -83.8849
    endloop
  endfacet
  facet normal -1 0 0
    outer loop
      vertex 34 46.5608 -84.3871
      vertex 34 46.9063 -84.3276
      vertex 34 47.5939 -89.5839
    endloop
  endfacet
  facet normal -1 0 0
    outer loop
      vertex 34 49.2515 -84.354
      vertex 34 49.0926 -83.6137
      vertex 34 49.2688 -84.3546
    endloop
  endfacet
  facet normal -1 0 0
    outer loop
      vertex 34 49.0926 -83.6137
      vertex 34 49.0957 -83.5464
      vertex 34 49.0941 -83.5969
    endloop
  endfacet
  facet normal -1 0 0
    outer loop
      vertex 34 44.5859 -84.1893
      vertex 34 44.5649 -84.1078
      vertex 34 46.1071 -83.6033
    endloop
  endfacet
  facet normal -1 0 0
    outer loop
      vertex 34 49.0822 -83.345
      vertex 34 47.5232 -83.1447
      vertex 34 49.0587 -83.1953
    endloop
  endfacet
  facet normal -1 0 0
    outer loop
      vertex 34 47.5751 -82.967
      vertex 34 48.9578 -82.8044
      vertex 34 49.0186 -83.0146
    endloop
  endfacet
  facet normal -1 0 0
    outer loop
      vertex 34 47.6496 -82.7612
      vertex 34 48.8726 -82.5667
      vertex 34 48.9578 -82.8044
    endloop
  endfacet
  facet normal -1 0 0
    outer loop
      vertex 34 47.6496 -82.7612
      vertex 34 47.7503 -82.5297
      vertex 34 48.8726 -82.5667
    endloop
  endfacet
  facet normal -1 0 0
    outer loop
      vertex 34 48.8726 -82.5667
      vertex 34 47.7503 -82.5297
      vertex 34 47.8807 -82.275
    endloop
  endfacet
  facet normal -1 -0 -0
    outer loop
      vertex 34 48.7592 -82.304
      vertex 34 48.8726 -82.5667
      vertex 34 47.8807 -82.275
    endloop
  endfacet
  facet normal -1 0 -0
    outer loop
      vertex 34 48.6143 -82.0189
      vertex 34 48.7592 -82.304
      vertex 34 47.8807 -82.275
    endloop
  endfacet
  facet normal -1 0 -0
    outer loop
      vertex 34 47.6496 -82.7612
      vertex 34 48.9578 -82.8044
      vertex 34 47.5751 -82.967
    endloop
  endfacet
  facet normal -1 0 0
    outer loop
      vertex 34 47.5751 -82.967
      vertex 34 49.0186 -83.0146
      vertex 34 49.0587 -83.1953
    endloop
  endfacet
  facet normal -1 0 0
    outer loop
      vertex 34 47.5232 -83.1447
      vertex 34 47.5751 -82.967
      vertex 34 49.0587 -83.1953
    endloop
  endfacet
  facet normal -1 0 0
    outer loop
      vertex 34 45.1635 -82.4107
      vertex 34 44.5618 -82.9023
      vertex 34 44.6213 -82.5881
    endloop
  endfacet
  facet normal -1 0 0
    outer loop
      vertex 34 47.4899 -83.2925
      vertex 34 47.5232 -83.1447
      vertex 34 49.0822 -83.345
    endloop
  endfacet
  facet normal -1 0 0
    outer loop
      vertex 34 47.4713 -83.4089
      vertex 34 47.4899 -83.2925
      vertex 34 49.0822 -83.345
    endloop
  endfacet
  facet normal -1 0 0
    outer loop
      vertex 34 49.0931 -83.4623
      vertex 34 47.4713 -83.4089
      vertex 34 49.0822 -83.345
    endloop
  endfacet
  facet normal -1 -0 -0
    outer loop
      vertex 34 49.0931 -83.4623
      vertex 34 49.0957 -83.5464
      vertex 34 47.4713 -83.4089
    endloop
  endfacet
  facet normal -1 0 -0
    outer loop
      vertex 34 47.4713 -83.4089
      vertex 34 49.0957 -83.5464
      vertex 34 47.4632 -83.4926
    endloop
  endfacet
  facet normal -1 0 0
    outer loop
      vertex 34 47.4632 -83.4926
      vertex 34 47.4618 -83.5599
      vertex 34 47.4615 -83.5431
    endloop
  endfacet
  facet normal -1 0 0
    outer loop
      vertex 34 49.0957 -83.5464
      vertex 34 49.0926 -83.6137
      vertex 34 47.4618 -83.5599
    endloop
  endfacet
  facet normal -1 0 0
    outer loop
      vertex 34 47.4618 -83.5599
      vertex 34 49.0926 -83.6137
      vertex 34 49.2515 -84.354
    endloop
  endfacet
  facet normal -1 0 0
    outer loop
      vertex 34 47.2372 -84.2876
      vertex 34 47.4618 -83.5599
      vertex 34 47.2546 -84.2882
    endloop
  endfacet
  facet normal -1 0 0
    outer loop
      vertex 34 42.0041 -87.0932
      vertex 34 42.2304 -86.8256
      vertex 34 46.3034 -90.2325
    endloop
  endfacet
  facet normal -1 0 0
    outer loop
      vertex 34 47.2546 -84.2882
      vertex 34 47.4618 -83.5599
      vertex 34 49.2515 -84.354
    endloop
  endfacet
  facet normal -1 0 0
    outer loop
      vertex 34 45.6026 -91.4953
      vertex 34 45.8578 -90.8111
      vertex 34 45.9388 -91.231
    endloop
  endfacet
  facet normal -1 0 0
    outer loop
      vertex 34 46.5608 -84.3871
      vertex 34 46.1584 -83.7457
      vertex 34 46.5774 -84.3817
    endloop
  endfacet
  facet normal -1 0 0
    outer loop
      vertex 34 46.1584 -83.7457
      vertex 34 46.1383 -83.6815
      vertex 34 46.1541 -83.7295
    endloop
  endfacet
  facet normal -1 0 0
    outer loop
      vertex 34 42.0122 -85.6575
      vertex 34 43.2657 -84.6742
      vertex 34 43.3494 -84.7571
    endloop
  endfacet
  facet normal -1 0 0
    outer loop
      vertex 34 44.5425 -83.9921
      vertex 34 44.5233 -83.8418
      vertex 34 45.9835 -83.3642
    endloop
  endfacet
  facet normal -1 0 0
    outer loop
      vertex 34 44.5113 -83.6571
      vertex 34 45.755 -83.0313
      vertex 34 45.884 -83.2081
    endloop
  endfacet
  facet normal -1 0 0
    outer loop
      vertex 34 44.5109 -83.4382
      vertex 34 45.5936 -82.8371
      vertex 34 45.755 -83.0313
    endloop
  endfacet
  facet normal -1 0 0
    outer loop
      vertex 34 44.5109 -83.4382
      vertex 34 44.5263 -83.1862
      vertex 34 45.5936 -82.8371
    endloop
  endfacet
  facet normal -1 -0 0
    outer loop
      vertex 34 45.5936 -82.8371
      vertex 34 44.5263 -83.1862
      vertex 34 45.3972 -82.629
    endloop
  endfacet
  facet normal -1 0 0
    outer loop
      vertex 34 45.3972 -82.629
      vertex 34 44.5263 -83.1862
      vertex 34 44.5618 -82.9023
    endloop
  endfacet
  facet normal -1 0 -0
    outer loop
      vertex 34 45.1635 -82.4107
      vertex 34 45.3972 -82.629
      vertex 34 44.5618 -82.9023
    endloop
  endfacet
  facet normal -1 0 0
    outer loop
      vertex 34 44.5109 -83.4382
      vertex 34 45.755 -83.0313
      vertex 34 44.5113 -83.6571
    endloop
  endfacet
  facet normal -1 0 0
    outer loop
      vertex 34 44.5113 -83.6571
      vertex 34 45.884 -83.2081
      vertex 34 44.5233 -83.8418
    endloop
  endfacet
  facet normal -1 0 0
    outer loop
      vertex 34 44.5233 -83.8418
      vertex 34 45.884 -83.2081
      vertex 34 45.9835 -83.3642
    endloop
  endfacet
  facet normal -1 0 -0
    outer loop
      vertex 34 42.0548 -83.9592
      vertex 34 42.3491 -84.0844
      vertex 34 41.606 -84.3113
    endloop
  endfacet
  facet normal -1 0 0
    outer loop
      vertex 34 44.5425 -83.9921
      vertex 34 45.9835 -83.3642
      vertex 34 46.0567 -83.4968
    endloop
  endfacet
  facet normal -1 0 0
    outer loop
      vertex 34 44.5649 -84.1078
      vertex 34 44.5425 -83.9921
      vertex 34 46.0567 -83.4968
    endloop
  endfacet
  facet normal -1 -0 0
    outer loop
      vertex 34 46.1071 -83.6033
      vertex 34 44.5649 -84.1078
      vertex 34 46.0567 -83.4968
    endloop
  endfacet
  facet normal -1 -0 0
    outer loop
      vertex 34 46.1383 -83.6815
      vertex 34 44.5859 -84.1893
      vertex 34 46.1071 -83.6033
    endloop
  endfacet
  facet normal -1 0 0
    outer loop
      vertex 34 46.1383 -83.6815
      vertex 34 44.6076 -84.253
      vertex 34 44.5859 -84.1893
    endloop
  endfacet
  facet normal -1 0 0
    outer loop
      vertex 34 44.5859 -84.1893
      vertex 34 44.6076 -84.253
      vertex 34 44.6015 -84.2373
    endloop
  endfacet
  facet normal -1 0 -0
    outer loop
      vertex 34 46.1383 -83.6815
      vertex 34 46.1584 -83.7457
      vertex 34 44.6076 -84.253
    endloop
  endfacet
  facet normal -1 0 0
    outer loop
      vertex 34 44.6076 -84.253
      vertex 34 46.1584 -83.7457
      vertex 34 44.6621 -85.0082
    endloop
  endfacet
  facet normal -1 0 0
    outer loop
      vertex 34 44.6454 -85.0136
      vertex 34 44.6076 -84.253
      vertex 34 44.6621 -85.0082
    endloop
  endfacet
  facet normal -1 0 0
    outer loop
      vertex 34 44.6621 -85.0082
      vertex 34 46.1584 -83.7457
      vertex 34 46.5608 -84.3871
    endloop
  endfacet
  facet normal -1 0 0
    outer loop
      vertex 34 45.8578 -90.8111
      vertex 34 40.8086 -89.1109
      vertex 34 40.9487 -88.7896
    endloop
  endfacet
  facet normal -1 0 0
    outer loop
      vertex 34 44.0439 -85.3384
      vertex 34 43.4464 -84.8734
      vertex 34 44.0576 -85.3277
    endloop
  endfacet
  facet normal -1 0 0
    outer loop
      vertex 34 43.4464 -84.8734
      vertex 34 43.4055 -84.8199
      vertex 34 43.4367 -84.8596
    endloop
  endfacet
  facet normal -1 0 -0
    outer loop
      vertex 34 40.9043 -86.6808
      vertex 34 41.0456 -86.7353
      vertex 34 40.2041 -88.088
    endloop
  endfacet
  facet normal -1 0 0
    outer loop
      vertex 34 42.0122 -85.6575
      vertex 34 41.9427 -85.5229
      vertex 34 43.1515 -84.5747
    endloop
  endfacet
  facet normal -1 0 0
    outer loop
      vertex 34 41.8682 -85.3534
      vertex 34 41.793 -85.1479
      vertex 34 43.0046 -84.462
    endloop
  endfacet
  facet normal -1 0 0
    outer loop
      vertex 34 41.793 -85.1479
      vertex 34 41.7213 -84.9058
      vertex 34 42.8229 -84.34
    endloop
  endfacet
  facet normal -1 -0 0
    outer loop
      vertex 34 42.8229 -84.34
      vertex 34 41.7213 -84.9058
      vertex 34 42.6049 -84.2128
    endloop
  endfacet
  facet normal -1 -0 0
    outer loop
      vertex 34 42.6049 -84.2128
      vertex 34 41.7213 -84.9058
      vertex 34 42.3491 -84.0844
    endloop
  endfacet
  facet normal -1 0 0
    outer loop
      vertex 34 42.3491 -84.0844
      vertex 34 41.7213 -84.9058
      vertex 34 41.6575 -84.6269
    endloop
  endfacet
  facet normal -1 0 0
    outer loop
      vertex 34 41.606 -84.3113
      vertex 34 42.3491 -84.0844
      vertex 34 41.6575 -84.6269
    endloop
  endfacet
  facet normal -1 0 0
    outer loop
      vertex 34 41.793 -85.1479
      vertex 34 42.8229 -84.34
      vertex 34 43.0046 -84.462
    endloop
  endfacet
  facet normal -1 0 0
    outer loop
      vertex 34 41.8682 -85.3534
      vertex 34 43.0046 -84.462
      vertex 34 41.9427 -85.5229
    endloop
  endfacet
  facet normal -1 0 0
    outer loop
      vertex 34 41.9427 -85.5229
      vertex 34 43.0046 -84.462
      vertex 34 43.1515 -84.5747
    endloop
  endfacet
  facet normal -1 0 0
    outer loop
      vertex 34 39.6633 -86.4775
      vertex 34 39.5183 -87.2408
      vertex 34 39.3619 -86.9618
    endloop
  endfacet
  facet normal -1 0 0
    outer loop
      vertex 34 42.0122 -85.6575
      vertex 34 43.1515 -84.5747
      vertex 34 43.2657 -84.6742
    endloop
  endfacet
  facet normal -1 0 0
    outer loop
      vertex 34 42.0727 -85.7586
      vertex 34 42.0122 -85.6575
      vertex 34 43.3494 -84.7571
    endloop
  endfacet
  facet normal -1 0 0
    outer loop
      vertex 34 42.1204 -85.828
      vertex 34 42.0727 -85.7586
      vertex 34 43.3494 -84.7571
    endloop
  endfacet
  facet normal -1 -0 0
    outer loop
      vertex 34 43.4055 -84.8199
      vertex 34 42.1204 -85.828
      vertex 34 43.3494 -84.7571
    endloop
  endfacet
  facet normal -1 0 -0
    outer loop
      vertex 34 43.4055 -84.8199
      vertex 34 43.4464 -84.8734
      vertex 34 42.1204 -85.828
    endloop
  endfacet
  facet normal -1 0 0
    outer loop
      vertex 34 42.1204 -85.828
      vertex 34 42.1626 -85.8804
      vertex 34 42.1515 -85.8678
    endloop
  endfacet
  facet normal -1 0 0
    outer loop
      vertex 34 42.1204 -85.828
      vertex 34 43.4464 -84.8734
      vertex 34 42.1626 -85.8804
    endloop
  endfacet
  facet normal -1 0 0
    outer loop
      vertex 34 42.1626 -85.8804
      vertex 34 43.4464 -84.8734
      vertex 34 42.472 -86.5716
    endloop
  endfacet
  facet normal -1 0 0
    outer loop
      vertex 34 42.4583 -86.5823
      vertex 34 42.1626 -85.8804
      vertex 34 42.472 -86.5716
    endloop
  endfacet
  facet normal -1 -0 0
    outer loop
      vertex 34 45.8037 -91.8728
      vertex 34 45.5603 -92.2244
      vertex 34 45.6026 -91.4953
    endloop
  endfacet
  facet normal -1 0 0
    outer loop
      vertex 34 42.472 -86.5716
      vertex 34 43.4464 -84.8734
      vertex 34 44.0439 -85.3384
    endloop
  endfacet
  facet normal -1 -0 0
    outer loop
      vertex 34 45.6026 -91.4953
      vertex 34 45.5603 -92.2244
      vertex 34 40.2759 -91.3949
    endloop
  endfacet
  facet normal -1 0 -0
    outer loop
      vertex 34 44.3482 -85.1643
      vertex 34 46.8998 -89.8109
      vertex 34 44.0439 -85.3384
    endloop
  endfacet
  facet normal -1 0 0
    outer loop
      vertex 34 42.0041 -87.0932
      vertex 34 41.2835 -86.8606
      vertex 34 42.0133 -87.0784
    endloop
  endfacet
  facet normal -1 0 0
    outer loop
      vertex 34 41.2835 -86.8606
      vertex 34 41.2268 -86.8243
      vertex 34 41.2697 -86.8509
    endloop
  endfacet
  facet normal -1 -0 0
    outer loop
      vertex 34 39.6644 -89.4313
      vertex 34 39.3362 -90.9903
      vertex 34 39.5129 -89.4284
    endloop
  endfacet
  facet normal -1 0 0
    outer loop
      vertex 34 40.2041 -88.088
      vertex 34 40.0927 -87.9853
      vertex 34 40.9043 -86.6808
    endloop
  endfacet
  facet normal -1 0 0
    outer loop
      vertex 34 39.9648 -87.8514
      vertex 34 39.8238 -87.6841
      vertex 34 40.7277 -86.6252
    endloop
  endfacet
  facet normal -1 0 0
    outer loop
      vertex 34 39.8238 -87.6841
      vertex 34 40.2668 -86.5276
      vertex 34 40.5153 -86.5727
    endloop
  endfacet
  facet normal -1 0 0
    outer loop
      vertex 34 39.8238 -87.6841
      vertex 34 39.6736 -87.4811
      vertex 34 40.2668 -86.5276
    endloop
  endfacet
  facet normal -1 -0 0
    outer loop
      vertex 34 40.2668 -86.5276
      vertex 34 39.6736 -87.4811
      vertex 34 39.9826 -86.4945
    endloop
  endfacet
  facet normal -1 0 0
    outer loop
      vertex 34 39.9826 -86.4945
      vertex 34 39.6736 -87.4811
      vertex 34 39.5183 -87.2408
    endloop
  endfacet
  facet normal -1 0 -0
    outer loop
      vertex 34 39.6633 -86.4775
      vertex 34 39.9826 -86.4945
      vertex 34 39.5183 -87.2408
    endloop
  endfacet
  facet normal -1 0 0
    outer loop
      vertex 34 39.8238 -87.6841
      vertex 34 40.5153 -86.5727
      vertex 34 40.7277 -86.6252
    endloop
  endfacet
  facet normal -1 0 0
    outer loop
      vertex 34 39.9648 -87.8514
      vertex 34 40.7277 -86.6252
      vertex 34 40.0927 -87.9853
    endloop
  endfacet
  facet normal -1 0 0
    outer loop
      vertex 34 40.0927 -87.9853
      vertex 34 40.7277 -86.6252
      vertex 34 40.9043 -86.6808
    endloop
  endfacet
  facet normal -1 0 -0
    outer loop
      vertex 34 38.2772 -89.6618
      vertex 34 38.5831 -89.5686
      vertex 34 38.1597 -90.2201
    endloop
  endfacet
  facet normal -1 0 0
    outer loop
      vertex 34 40.2041 -88.088
      vertex 34 41.0456 -86.7353
      vertex 34 41.1527 -86.7845
    endloop
  endfacet
  facet normal -1 0 0
    outer loop
      vertex 34 40.2955 -88.1623
      vertex 34 41.1527 -86.7845
      vertex 34 41.2268 -86.8243
    endloop
  endfacet
  facet normal -1 0 0
    outer loop
      vertex 34 40.364 -88.2112
      vertex 34 40.2955 -88.1623
      vertex 34 41.2268 -86.8243
    endloop
  endfacet
  facet normal -1 0 0
    outer loop
      vertex 34 40.4216 -88.246
      vertex 34 40.364 -88.2112
      vertex 34 41.2268 -86.8243
    endloop
  endfacet
  facet normal -1 0 0
    outer loop
      vertex 34 40.4216 -88.246
      vertex 34 40.4069 -88.2379
      vertex 34 40.364 -88.2112
    endloop
  endfacet
  facet normal -1 -0 0
    outer loop
      vertex 34 41.2835 -86.8606
      vertex 34 40.4216 -88.246
      vertex 34 41.2268 -86.8243
    endloop
  endfacet
  facet normal -1 0 0
    outer loop
      vertex 34 41.2835 -86.8606
      vertex 34 40.9487 -88.7896
      vertex 34 40.4216 -88.246
    endloop
  endfacet
  facet normal -1 0 0
    outer loop
      vertex 34 40.4216 -88.246
      vertex 34 40.9487 -88.7896
      vertex 34 40.9395 -88.8044
    endloop
  endfacet
  facet normal -1 0 -0
    outer loop
      vertex 34 41.2835 -86.8606
      vertex 34 42.0041 -87.0932
      vertex 34 40.9487 -88.7896
    endloop
  endfacet
  facet normal -1 0 0
    outer loop
      vertex 34 40.634 -94.4094
      vertex 34 40.5348 -94.0732
      vertex 34 45.7348 -92.9335
    endloop
  endfacet
  facet normal -1 0 -0
    outer loop
      vertex 34 47.709 -94.1806
      vertex 34 48.0415 -94.4496
      vertex 34 47.3176 -94.353
    endloop
  endfacet
  facet normal -1 0 0
    outer loop
      vertex 34 39.5129 -89.4284
      vertex 34 39.1965 -90.9319
      vertex 34 39.3279 -89.4366
    endloop
  endfacet
  facet normal -1 -0 0
    outer loop
      vertex 34 40.6875 -89.4398
      vertex 34 39.9308 -89.4677
      vertex 34 40.6911 -89.4228
    endloop
  endfacet
  facet normal -1 0 0
    outer loop
      vertex 34 39.9308 -89.4677
      vertex 34 39.8651 -89.453
      vertex 34 39.9146 -89.4633
    endloop
  endfacet
  facet normal -1 0 0
    outer loop
      vertex 34 38.717 -93.8904
      vertex 34 38.4435 -93.8062
      vertex 34 38.5585 -92.7787
    endloop
  endfacet
  facet normal -1 0 0
    outer loop
      vertex 34 39.3362 -90.9903
      vertex 34 39.1965 -90.9319
      vertex 34 39.5129 -89.4284
    endloop
  endfacet
  facet normal -1 0 0
    outer loop
      vertex 34 39.0305 -90.8498
      vertex 34 38.8408 -90.7408
      vertex 34 39.3279 -89.4366
    endloop
  endfacet
  facet normal -1 0 0
    outer loop
      vertex 34 38.8408 -90.7408
      vertex 34 38.8616 -89.5026
      vertex 34 39.1104 -89.4599
    endloop
  endfacet
  facet normal -1 0 0
    outer loop
      vertex 34 38.8408 -90.7408
      vertex 34 38.6302 -90.6014
      vertex 34 38.8616 -89.5026
    endloop
  endfacet
  facet normal -1 0 0
    outer loop
      vertex 34 38.8616 -89.5026
      vertex 34 38.6302 -90.6014
      vertex 34 38.5831 -89.5686
    endloop
  endfacet
  facet normal -1 0 -0
    outer loop
      vertex 34 38.5831 -89.5686
      vertex 34 38.6302 -90.6014
      vertex 34 38.4021 -90.4287
    endloop
  endfacet
  facet normal -1 0 0
    outer loop
      vertex 34 38.1597 -90.2201
      vertex 34 38.5831 -89.5686
      vertex 34 38.4021 -90.4287
    endloop
  endfacet
  facet normal -1 0 0
    outer loop
      vertex 34 38.8408 -90.7408
      vertex 34 39.1104 -89.4599
      vertex 34 39.3279 -89.4366
    endloop
  endfacet
  facet normal -1 0 0
    outer loop
      vertex 34 39.0305 -90.8498
      vertex 34 39.3279 -89.4366
      vertex 34 39.1965 -90.9319
    endloop
  endfacet
  facet normal -1 0 -0
    outer loop
      vertex 34 39.6644 -89.4313
      vertex 34 39.7818 -89.4409
      vertex 34 39.3362 -90.9903
    endloop
  endfacet
  facet normal -1 0 0
    outer loop
      vertex 34 39.5513 -92.3803
      vertex 34 39.4846 -92.3889
      vertex 34 39.5346 -92.3817
    endloop
  endfacet
  facet normal -1 0 0
    outer loop
      vertex 34 39.3362 -90.9903
      vertex 34 39.7818 -89.4409
      vertex 34 39.4476 -91.0288
    endloop
  endfacet
  facet normal -1 0 0
    outer loop
      vertex 34 39.4476 -91.0288
      vertex 34 39.7818 -89.4409
      vertex 34 39.8651 -89.453
    endloop
  endfacet
  facet normal -1 0 0
    outer loop
      vertex 34 39.5287 -91.0513
      vertex 34 39.4476 -91.0288
      vertex 34 39.8651 -89.453
    endloop
  endfacet
  facet normal -1 0 0
    outer loop
      vertex 34 39.5947 -91.0644
      vertex 34 39.5287 -91.0513
      vertex 34 39.8651 -89.453
    endloop
  endfacet
  facet normal -1 0 0
    outer loop
      vertex 34 39.5947 -91.0644
      vertex 34 39.5781 -91.0618
      vertex 34 39.5287 -91.0513
    endloop
  endfacet
  facet normal -1 -0 0
    outer loop
      vertex 34 39.9308 -89.4677
      vertex 34 39.5947 -91.0644
      vertex 34 39.8651 -89.453
    endloop
  endfacet
  facet normal -1 0 -0
    outer loop
      vertex 34 39.9308 -89.4677
      vertex 34 40.2759 -91.3949
      vertex 34 39.5947 -91.0644
    endloop
  endfacet
  facet normal -1 0 0
    outer loop
      vertex 34 39.9308 -89.4677
      vertex 34 40.6875 -89.4398
      vertex 34 40.2759 -91.3949
    endloop
  endfacet
  facet normal -1 0 0
    outer loop
      vertex 34 41.6941 -96.5014
      vertex 34 45.7348 -92.9335
      vertex 34 46.1106 -93.5597
    endloop
  endfacet
  facet normal -1 0 0
    outer loop
      vertex 34 39.5947 -91.0644
      vertex 34 40.2759 -91.3949
      vertex 34 40.2724 -91.4119
    endloop
  endfacet
  facet normal -1 0 0
    outer loop
      vertex 34 41.9023 -96.7834
      vertex 34 46.1106 -93.5597
      vertex 34 42.1266 -97.0527
    endloop
  endfacet
  facet normal -1 0 -0
    outer loop
      vertex 34 39.1452 -92.4863
      vertex 34 39.3621 -94.0073
      vertex 34 38.9742 -92.5572
    endloop
  endfacet
  facet normal -1 0 0
    outer loop
      vertex 34 38.4435 -93.8062
      vertex 34 38.1444 -93.693
      vertex 34 38.0639 -93.1283
    endloop
  endfacet
  facet normal -1 0 0
    outer loop
      vertex 34 39.5513 -92.3803
      vertex 34 40.2504 -92.0781
      vertex 34 40.2529 -92.0953
    endloop
  endfacet
  facet normal -1 0 0
    outer loop
      vertex 34 40.1311 -95.2779
      vertex 34 40.1757 -95.254
      vertex 34 40.1909 -95.2469
    endloop
  endfacet
  facet normal -1 0 0
    outer loop
      vertex 34 39.5134 -94.0144
      vertex 34 39.3621 -94.0073
      vertex 34 39.1452 -92.4863
    endloop
  endfacet
  facet normal -1 0 0
    outer loop
      vertex 34 39.178 -93.987
      vertex 34 38.9624 -93.9494
      vertex 34 38.9742 -92.5572
    endloop
  endfacet
  facet normal -1 0 0
    outer loop
      vertex 34 38.9624 -93.9494
      vertex 34 38.5585 -92.7787
      vertex 34 38.7777 -92.6535
    endloop
  endfacet
  facet normal -1 0 0
    outer loop
      vertex 34 38.9624 -93.9494
      vertex 34 38.717 -93.8904
      vertex 34 38.5585 -92.7787
    endloop
  endfacet
  facet normal -1 0 0
    outer loop
      vertex 34 38.5585 -92.7787
      vertex 34 38.4435 -93.8062
      vertex 34 38.3194 -92.936
    endloop
  endfacet
  facet normal -1 0 -0
    outer loop
      vertex 34 38.3194 -92.936
      vertex 34 38.4435 -93.8062
      vertex 34 38.0639 -93.1283
    endloop
  endfacet
  facet normal -1 0 0
    outer loop
      vertex 34 38.7777 -92.6535
      vertex 34 38.9742 -92.5572
      vertex 34 38.9624 -93.9494
    endloop
  endfacet
  facet normal -1 0 0
    outer loop
      vertex 34 38.9742 -92.5572
      vertex 34 39.3621 -94.0073
      vertex 34 39.178 -93.987
    endloop
  endfacet
  facet normal -1 0 -0
    outer loop
      vertex 34 39.2886 -92.4372
      vertex 34 39.5134 -94.0144
      vertex 34 39.1452 -92.4863
    endloop
  endfacet
  facet normal -1 0 0
    outer loop
      vertex 34 39.2886 -92.4372
      vertex 34 39.4022 -92.4061
      vertex 34 39.5134 -94.0144
    endloop
  endfacet
  facet normal -1 0 0
    outer loop
      vertex 34 41.7268 -97.7715
      vertex 34 41.7605 -97.7339
      vertex 34 41.7724 -97.722
    endloop
  endfacet
  facet normal -1 0 0
    outer loop
      vertex 34 39.5134 -94.0144
      vertex 34 39.4022 -92.4061
      vertex 34 39.6312 -94.0125
    endloop
  endfacet
  facet normal -1 0 0
    outer loop
      vertex 34 39.6312 -94.0125
      vertex 34 39.4022 -92.4061
      vertex 34 39.7151 -94.0059
    endloop
  endfacet
  facet normal -1 0 0
    outer loop
      vertex 34 39.7151 -94.0059
      vertex 34 39.4022 -92.4061
      vertex 34 39.4846 -92.3889
    endloop
  endfacet
  facet normal -1 0 -0
    outer loop
      vertex 34 39.5513 -92.3803
      vertex 34 39.7151 -94.0059
      vertex 34 39.4846 -92.3889
    endloop
  endfacet
  facet normal -1 0 0
    outer loop
      vertex 34 39.7816 -93.9956
      vertex 34 39.7651 -93.9989
      vertex 34 39.7151 -94.0059
    endloop
  endfacet
  facet normal -1 0 0
    outer loop
      vertex 34 39.5513 -92.3803
      vertex 34 39.7816 -93.9956
      vertex 34 39.7151 -94.0059
    endloop
  endfacet
  facet normal -1 0 0
    outer loop
      vertex 34 39.5513 -92.3803
      vertex 34 40.2529 -92.0953
      vertex 34 39.7816 -93.9956
    endloop
  endfacet
  facet normal -1 0 0
    outer loop
      vertex 34 39.7816 -93.9956
      vertex 34 40.5348 -94.0732
      vertex 34 40.5373 -94.0904
    endloop
  endfacet
  facet normal -1 0 0
    outer loop
      vertex 34 39.7816 -93.9956
      vertex 34 40.2529 -92.0953
      vertex 34 40.5348 -94.0732
    endloop
  endfacet
  facet normal -1 0 0
    outer loop
      vertex 34 47.3176 -94.353
      vertex 34 46.6543 -94.0473
      vertex 34 47.0791 -93.998
    endloop
  endfacet
  facet normal -1 0 0
    outer loop
      vertex 34 43.9061 -98.5804
      vertex 34 46.6543 -94.0473
      vertex 34 44.209 -98.7569
    endloop
  endfacet
  facet normal -1 0 0
    outer loop
      vertex 34 39.8456 -95.4854
      vertex 34 40.5695 -96.8406
      vertex 34 40.3896 -96.8844
    endloop
  endfacet
  facet normal -1 0 -0
    outer loop
      vertex 34 39.2234 -96.1905
      vertex 34 39.3178 -96.9617
      vertex 34 39.049 -96.4586
    endloop
  endfacet
  facet normal -1 0 0
    outer loop
      vertex 34 40.1909 -95.2469
      vertex 34 40.7445 -94.7238
      vertex 34 40.7527 -94.7392
    endloop
  endfacet
  facet normal -1 0 0
    outer loop
      vertex 34 40.5695 -96.8406
      vertex 34 39.8456 -95.4854
      vertex 34 39.9634 -95.3903
    endloop
  endfacet
  facet normal -1 0 0
    outer loop
      vertex 34 39.5574 -95.7683
      vertex 34 39.7091 -95.6106
      vertex 34 40.3896 -96.8844
    endloop
  endfacet
  facet normal -1 0 0
    outer loop
      vertex 34 39.9234 -96.9514
      vertex 34 39.5574 -95.7683
      vertex 34 40.1742 -96.9228
    endloop
  endfacet
  facet normal -1 0 0
    outer loop
      vertex 34 39.9234 -96.9514
      vertex 34 39.3942 -95.9609
      vertex 34 39.5574 -95.7683
    endloop
  endfacet
  facet normal -1 0 0
    outer loop
      vertex 34 39.9234 -96.9514
      vertex 34 39.2234 -96.1905
      vertex 34 39.3942 -95.9609
    endloop
  endfacet
  facet normal -1 -0 0
    outer loop
      vertex 34 39.9234 -96.9514
      vertex 34 39.6376 -96.9658
      vertex 34 39.2234 -96.1905
    endloop
  endfacet
  facet normal -1 0 0
    outer loop
      vertex 34 39.2234 -96.1905
      vertex 34 39.6376 -96.9658
      vertex 34 39.3178 -96.9617
    endloop
  endfacet
  facet normal -1 0 0
    outer loop
      vertex 34 39.5574 -95.7683
      vertex 34 40.3896 -96.8844
      vertex 34 40.1742 -96.9228
    endloop
  endfacet
  facet normal -1 0 0
    outer loop
      vertex 34 39.7091 -95.6106
      vertex 34 39.8456 -95.4854
      vertex 34 40.3896 -96.8844
    endloop
  endfacet
  facet normal -1 0 0
    outer loop
      vertex 34 39.9634 -95.3903
      vertex 34 40.7141 -96.7955
      vertex 34 40.5695 -96.8406
    endloop
  endfacet
  facet normal -1 0 0
    outer loop
      vertex 34 39.9634 -95.3903
      vertex 34 40.8242 -96.7534
      vertex 34 40.7141 -96.7955
    endloop
  endfacet
  facet normal -1 0 0
    outer loop
      vertex 34 44.0791 -99.569
      vertex 34 44.0979 -99.5221
      vertex 34 44.105 -99.5069
    endloop
  endfacet
  facet normal -1 0 0
    outer loop
      vertex 34 39.9634 -95.3903
      vertex 34 40.0596 -95.3222
      vertex 34 40.8242 -96.7534
    endloop
  endfacet
  facet normal -1 0 0
    outer loop
      vertex 34 40.8242 -96.7534
      vertex 34 40.0596 -95.3222
      vertex 34 40.1311 -95.2779
    endloop
  endfacet
  facet normal -1 -0 0
    outer loop
      vertex 34 40.9008 -96.7186
      vertex 34 40.8242 -96.7534
      vertex 34 40.1311 -95.2779
    endloop
  endfacet
  facet normal -1 -0 0
    outer loop
      vertex 34 40.9598 -96.6861
      vertex 34 40.9008 -96.7186
      vertex 34 40.1311 -95.2779
    endloop
  endfacet
  facet normal -1 0 0
    outer loop
      vertex 34 40.9598 -96.6861
      vertex 34 40.9454 -96.6948
      vertex 34 40.9008 -96.7186
    endloop
  endfacet
  facet normal -1 0 -0
    outer loop
      vertex 34 40.1909 -95.2469
      vertex 34 40.9598 -96.6861
      vertex 34 40.1311 -95.2779
    endloop
  endfacet
  facet normal -1 0 0
    outer loop
      vertex 34 40.1909 -95.2469
      vertex 34 41.6941 -96.5014
      vertex 34 40.9598 -96.6861
    endloop
  endfacet
  facet normal -1 0 0
    outer loop
      vertex 34 40.1909 -95.2469
      vertex 34 40.7527 -94.7392
      vertex 34 41.6941 -96.5014
    endloop
  endfacet
  facet normal -1 0 0
    outer loop
      vertex 34 40.9598 -96.6861
      vertex 34 41.6941 -96.5014
      vertex 34 41.7023 -96.5167
    endloop
  endfacet
  facet normal -1 0 0
    outer loop
      vertex 34 46.4036 -99.5838
      vertex 34 46.0628 -99.5016
      vertex 34 47.3176 -94.353
    endloop
  endfacet
  facet normal -1 0 0
    outer loop
      vertex 34 40.5348 -94.0732
      vertex 34 45.5603 -92.2244
      vertex 34 45.7348 -92.9335
    endloop
  endfacet
  facet normal -1 0 0
    outer loop
      vertex 34 48.0415 -94.4496
      vertex 34 48.3647 -94.1695
      vertex 34 48.7617 -94.3286
    endloop
  endfacet
  facet normal -1 0 0
    outer loop
      vertex 34 41.5294 -98.0642
      vertex 34 42.6732 -99.09
      vertex 34 42.5192 -99.1928
    endloop
  endfacet
  facet normal -1 0 0
    outer loop
      vertex 34 41.3554 -98.4286
      vertex 34 42.5192 -99.1928
      vertex 34 42.3299 -99.3025
    endloop
  endfacet
  facet normal -1 0 0
    outer loop
      vertex 34 41.7724 -97.722
      vertex 34 42.1136 -97.0411
      vertex 34 42.1266 -97.0527
    endloop
  endfacet
  facet normal -1 0 0
    outer loop
      vertex 34 42.6732 -99.09
      vertex 34 41.5294 -98.0642
      vertex 34 41.6077 -97.9345
    endloop
  endfacet
  facet normal -1 0 0
    outer loop
      vertex 34 41.3554 -98.4286
      vertex 34 41.444 -98.2285
      vertex 34 42.5192 -99.1928
    endloop
  endfacet
  facet normal -1 0 0
    outer loop
      vertex 34 42.1039 -99.4151
      vertex 34 41.3554 -98.4286
      vertex 34 42.3299 -99.3025
    endloop
  endfacet
  facet normal -1 0 0
    outer loop
      vertex 34 42.1039 -99.4151
      vertex 34 41.2679 -98.6654
      vertex 34 41.3554 -98.4286
    endloop
  endfacet
  facet normal -1 -0 0
    outer loop
      vertex 34 42.1039 -99.4151
      vertex 34 41.8403 -99.5264
      vertex 34 41.2679 -98.6654
    endloop
  endfacet
  facet normal -1 0 -0
    outer loop
      vertex 34 41.2679 -98.6654
      vertex 34 41.8403 -99.5264
      vertex 34 41.1859 -98.9396
    endloop
  endfacet
  facet normal -1 0 -0
    outer loop
      vertex 34 41.1859 -98.9396
      vertex 34 41.8403 -99.5264
      vertex 34 41.1137 -99.2511
    endloop
  endfacet
  facet normal -1 0 0
    outer loop
      vertex 34 41.1137 -99.2511
      vertex 34 41.8403 -99.5264
      vertex 34 41.5384 -99.632
    endloop
  endfacet
  facet normal -1 0 0
    outer loop
      vertex 34 41.444 -98.2285
      vertex 34 41.5294 -98.0642
      vertex 34 42.5192 -99.1928
    endloop
  endfacet
  facet normal -1 0 0
    outer loop
      vertex 34 41.6077 -97.9345
      vertex 34 42.7937 -98.9982
      vertex 34 42.6732 -99.09
    endloop
  endfacet
  facet normal -1 0 0
    outer loop
      vertex 34 41.6077 -97.9345
      vertex 34 42.8827 -98.921
      vertex 34 42.7937 -98.9982
    endloop
  endfacet
  facet normal -1 0 0
    outer loop
      vertex 34 46.9043 -100.454
      vertex 34 46.9059 -100.403
      vertex 34 46.9074 -100.386
    endloop
  endfacet
  facet normal -1 0 0
    outer loop
      vertex 34 41.6077 -97.9345
      vertex 34 41.6747 -97.8376
      vertex 34 42.8827 -98.921
    endloop
  endfacet
  facet normal -1 0 0
    outer loop
      vertex 34 42.8827 -98.921
      vertex 34 41.6747 -97.8376
      vertex 34 42.9427 -98.8621
    endloop
  endfacet
  facet normal -1 0 0
    outer loop
      vertex 34 42.9427 -98.8621
      vertex 34 41.6747 -97.8376
      vertex 34 41.7268 -97.7715
    endloop
  endfacet
  facet normal -1 0 -0
    outer loop
      vertex 34 41.7724 -97.722
      vertex 34 42.9427 -98.8621
      vertex 34 41.7268 -97.7715
    endloop
  endfacet
  facet normal -1 0 0
    outer loop
      vertex 34 42.9871 -98.8114
      vertex 34 42.9765 -98.8245
      vertex 34 42.9427 -98.8621
    endloop
  endfacet
  facet normal -1 0 0
    outer loop
      vertex 34 41.7724 -97.722
      vertex 34 42.9871 -98.8114
      vertex 34 42.9427 -98.8621
    endloop
  endfacet
  facet normal -1 0 0
    outer loop
      vertex 34 41.7724 -97.722
      vertex 34 42.1266 -97.0527
      vertex 34 42.9871 -98.8114
    endloop
  endfacet
  facet normal -1 0 0
    outer loop
      vertex 34 42.9871 -98.8114
      vertex 34 42.1266 -97.0527
      vertex 34 43.614 -98.3867
    endloop
  endfacet
  facet normal -1 -0 0
    outer loop
      vertex 34 49.0937 -99.6724
      vertex 34 48.7454 -99.7118
      vertex 34 48.0415 -94.4496
    endloop
  endfacet
  facet normal -1 0 0
    outer loop
      vertex 34 42.9871 -98.8114
      vertex 34 43.614 -98.3867
      vertex 34 43.6269 -98.3983
    endloop
  endfacet
  facet normal -1 0 0
    outer loop
      vertex 34 47.2546 -84.2882
      vertex 34 49.2515 -84.354
      vertex 34 48.3241 -89.5715
    endloop
  endfacet
  facet normal -1 0 0
    outer loop
      vertex 34 44.0229 -99.7629
      vertex 34 45.5012 -100.357
      vertex 34 45.4194 -100.484
    endloop
  endfacet
  facet normal -1 0 0
    outer loop
      vertex 34 43.9696 -100.095
      vertex 34 43.9937 -99.9116
      vertex 34 45.3098 -100.634
    endloop
  endfacet
  facet normal -1 0 0
    outer loop
      vertex 34 44.105 -99.5069
      vertex 34 44.1928 -98.7504
      vertex 34 44.209 -98.7569
    endloop
  endfacet
  facet normal -1 0 0
    outer loop
      vertex 34 45.4194 -100.484
      vertex 34 43.9937 -99.9116
      vertex 34 44.0229 -99.7629
    endloop
  endfacet
  facet normal -1 0 0
    outer loop
      vertex 34 43.9548 -100.313
      vertex 34 43.9696 -100.095
      vertex 34 45.3098 -100.634
    endloop
  endfacet
  facet normal -1 0 0
    outer loop
      vertex 34 44.9956 -100.985
      vertex 34 43.9548 -100.313
      vertex 34 45.1694 -100.801
    endloop
  endfacet
  facet normal -1 0 0
    outer loop
      vertex 34 44.9956 -100.985
      vertex 34 43.9536 -100.566
      vertex 34 43.9548 -100.313
    endloop
  endfacet
  facet normal -1 -0 0
    outer loop
      vertex 34 44.9956 -100.985
      vertex 34 44.786 -101.179
      vertex 34 43.9536 -100.566
    endloop
  endfacet
  facet normal -1 0 0
    outer loop
      vertex 34 43.9536 -100.566
      vertex 34 44.786 -101.179
      vertex 34 43.9703 -100.852
    endloop
  endfacet
  facet normal -1 0 0
    outer loop
      vertex 34 43.9703 -100.852
      vertex 34 44.786 -101.179
      vertex 34 44.5384 -101.382
    endloop
  endfacet
  facet normal -1 0 0
    outer loop
      vertex 34 44.009 -101.169
      vertex 34 43.9703 -100.852
      vertex 34 44.5384 -101.382
    endloop
  endfacet
  facet normal -1 0 0
    outer loop
      vertex 34 45.1694 -100.801
      vertex 34 43.9548 -100.313
      vertex 34 45.3098 -100.634
    endloop
  endfacet
  facet normal -1 0 0
    outer loop
      vertex 34 45.3098 -100.634
      vertex 34 43.9937 -99.9116
      vertex 34 45.4194 -100.484
    endloop
  endfacet
  facet normal -1 0 0
    outer loop
      vertex 34 44.0229 -99.7629
      vertex 34 45.5585 -100.254
      vertex 34 45.5012 -100.357
    endloop
  endfacet
  facet normal -1 0 0
    outer loop
      vertex 34 49.8617 -100.319
      vertex 34 49.8459 -100.271
      vertex 34 49.8416 -100.254
    endloop
  endfacet
  facet normal -1 0 0
    outer loop
      vertex 34 44.0229 -99.7629
      vertex 34 44.0527 -99.6489
      vertex 34 45.5585 -100.254
    endloop
  endfacet
  facet normal -1 0 0
    outer loop
      vertex 34 45.5585 -100.254
      vertex 34 44.0527 -99.6489
      vertex 34 45.5947 -100.178
    endloop
  endfacet
  facet normal -1 0 0
    outer loop
      vertex 34 45.5947 -100.178
      vertex 34 44.0527 -99.6489
      vertex 34 44.0791 -99.569
    endloop
  endfacet
  facet normal -1 0 -0
    outer loop
      vertex 34 44.105 -99.5069
      vertex 34 45.5947 -100.178
      vertex 34 44.0791 -99.569
    endloop
  endfacet
  facet normal -1 0 0
    outer loop
      vertex 34 45.619 -100.115
      vertex 34 45.6136 -100.131
      vertex 34 45.5947 -100.178
    endloop
  endfacet
  facet normal -1 0 0
    outer loop
      vertex 34 44.105 -99.5069
      vertex 34 45.619 -100.115
      vertex 34 45.5947 -100.178
    endloop
  endfacet
  facet normal -1 0 0
    outer loop
      vertex 34 44.105 -99.5069
      vertex 34 44.209 -98.7569
      vertex 34 45.619 -100.115
    endloop
  endfacet
  facet normal -1 0 0
    outer loop
      vertex 34 45.619 -100.115
      vertex 34 44.209 -98.7569
      vertex 34 46.0628 -99.5016
    endloop
  endfacet
  facet normal -1 -0 0
    outer loop
      vertex 34 51.6518 -98.8357
      vertex 34 51.3379 -98.9918
      vertex 34 49.4142 -94.0006
    endloop
  endfacet
  facet normal -1 0 0
    outer loop
      vertex 34 49.4142 -94.0006
      vertex 34 49.5235 -93.5871
      vertex 34 49.9411 -93.4949
    endloop
  endfacet
  facet normal -1 0 0
    outer loop
      vertex 34 45.619 -100.115
      vertex 34 46.0628 -99.5016
      vertex 34 46.079 -99.5081
    endloop
  endfacet
  facet normal -1 0 0
    outer loop
      vertex 34 49.0255 -89.775
      vertex 34 51.791 -85.2431
      vertex 34 52.0939 -85.4196
    endloop
  endfacet
  facet normal -1 0 0
    outer loop
      vertex 34 46.9413 -100.805
      vertex 34 48.4768 -100.855
      vertex 34 48.4249 -101.033
    endloop
  endfacet
  facet normal -1 0 0
    outer loop
      vertex 34 46.9814 -100.985
      vertex 34 46.9413 -100.805
      vertex 34 48.4249 -101.033
    endloop
  endfacet
  facet normal -1 0 0
    outer loop
      vertex 34 46.9074 -100.386
      vertex 34 46.7312 -99.6454
      vertex 34 46.7485 -99.646
    endloop
  endfacet
  facet normal -1 0 0
    outer loop
      vertex 34 48.4768 -100.855
      vertex 34 46.9413 -100.805
      vertex 34 46.9178 -100.655
    endloop
  endfacet
  facet normal -1 0 0
    outer loop
      vertex 34 47.0422 -101.196
      vertex 34 46.9814 -100.985
      vertex 34 48.4249 -101.033
    endloop
  endfacet
  facet normal -1 0 0
    outer loop
      vertex 34 47.1274 -101.433
      vertex 34 47.0422 -101.196
      vertex 34 48.3504 -101.239
    endloop
  endfacet
  facet normal -1 0 0
    outer loop
      vertex 34 48.2497 -101.47
      vertex 34 47.1274 -101.433
      vertex 34 48.3504 -101.239
    endloop
  endfacet
  facet normal -1 -0 0
    outer loop
      vertex 34 48.2497 -101.47
      vertex 34 48.1193 -101.725
      vertex 34 47.1274 -101.433
    endloop
  endfacet
  facet normal -1 0 0
    outer loop
      vertex 34 47.1274 -101.433
      vertex 34 48.1193 -101.725
      vertex 34 47.2408 -101.696
    endloop
  endfacet
  facet normal -1 0 0
    outer loop
      vertex 34 47.2408 -101.696
      vertex 34 48.1193 -101.725
      vertex 34 47.3857 -101.981
    endloop
  endfacet
  facet normal -1 0 0
    outer loop
      vertex 34 47.3857 -101.981
      vertex 34 48.1193 -101.725
      vertex 34 47.9559 -102
    endloop
  endfacet
  facet normal -1 0 0
    outer loop
      vertex 34 48.3504 -101.239
      vertex 34 47.0422 -101.196
      vertex 34 48.4249 -101.033
    endloop
  endfacet
  facet normal -1 0 0
    outer loop
      vertex 34 49.8416 -100.254
      vertex 34 49.4226 -99.6183
      vertex 34 49.4392 -99.6129
    endloop
  endfacet
  facet normal -1 0 0
    outer loop
      vertex 34 46.9178 -100.655
      vertex 34 48.5101 -100.707
      vertex 34 48.4768 -100.855
    endloop
  endfacet
  facet normal -1 0 0
    outer loop
      vertex 34 46.9178 -100.655
      vertex 34 48.5287 -100.591
      vertex 34 48.5101 -100.707
    endloop
  endfacet
  facet normal -1 0 -0
    outer loop
      vertex 34 49.9411 -93.4949
      vertex 34 53.528 -97.4284
      vertex 34 49.4142 -94.0006
    endloop
  endfacet
  facet normal -1 0 0
    outer loop
      vertex 34 46.9178 -100.655
      vertex 34 46.9069 -100.538
      vertex 34 48.5287 -100.591
    endloop
  endfacet
  facet normal -1 0 0
    outer loop
      vertex 34 48.5287 -100.591
      vertex 34 46.9069 -100.538
      vertex 34 46.9043 -100.454
    endloop
  endfacet
  facet normal -1 -0 0
    outer loop
      vertex 34 48.5368 -100.507
      vertex 34 48.5287 -100.591
      vertex 34 46.9043 -100.454
    endloop
  endfacet
  facet normal -1 0 0
    outer loop
      vertex 34 48.5382 -100.44
      vertex 34 48.5368 -100.507
      vertex 34 46.9043 -100.454
    endloop
  endfacet
  facet normal -1 0 -0
    outer loop
      vertex 34 48.5382 -100.44
      vertex 34 48.5385 -100.457
      vertex 34 48.5368 -100.507
    endloop
  endfacet
  facet normal -1 0 -0
    outer loop
      vertex 34 46.9074 -100.386
      vertex 34 48.5382 -100.44
      vertex 34 46.9043 -100.454
    endloop
  endfacet
  facet normal -1 0 0
    outer loop
      vertex 34 46.9074 -100.386
      vertex 34 46.7485 -99.646
      vertex 34 48.5382 -100.44
    endloop
  endfacet
  facet normal -1 0 0
    outer loop
      vertex 34 48.5382 -100.44
      vertex 34 48.7454 -99.7118
      vertex 34 48.7628 -99.7124
    endloop
  endfacet
  facet normal -1 0 0
    outer loop
      vertex 34 48.5382 -100.44
      vertex 34 46.7485 -99.646
      vertex 34 48.7454 -99.7118
    endloop
  endfacet
  facet normal -1 0 -0
    outer loop
      vertex 34 50.2955 -92.8564
      vertex 34 55.0513 -95.2104
      vertex 34 49.9411 -93.4949
    endloop
  endfacet
  facet normal -1 0 0
    outer loop
      vertex 34 53.7696 -97.1744
      vertex 34 49.9411 -93.4949
      vertex 34 53.9959 -96.9068
    endloop
  endfacet
  facet normal -1 0 0
    outer loop
      vertex 34 49.9433 -100.503
      vertex 34 51.4575 -100.008
      vertex 34 50.0165 -100.636
    endloop
  endfacet
  facet normal -1 0 0
    outer loop
      vertex 34 50.116 -100.792
      vertex 34 51.4767 -100.158
      vertex 34 51.4887 -100.343
    endloop
  endfacet
  facet normal -1 0 0
    outer loop
      vertex 34 52.5945 -99.1801
      vertex 34 52.5633 -99.1404
      vertex 34 52.5536 -99.1266
    endloop
  endfacet
  facet normal -1 -0 0
    outer loop
      vertex 34 51.4767 -100.158
      vertex 34 50.0165 -100.636
      vertex 34 51.4575 -100.008
    endloop
  endfacet
  facet normal -1 0 0
    outer loop
      vertex 34 50.245 -100.969
      vertex 34 50.116 -100.792
      vertex 34 51.4887 -100.343
    endloop
  endfacet
  facet normal -1 0 0
    outer loop
      vertex 34 50.4064 -101.163
      vertex 34 50.245 -100.969
      vertex 34 51.4891 -100.562
    endloop
  endfacet
  facet normal -1 -0 0
    outer loop
      vertex 34 51.4737 -100.814
      vertex 34 50.4064 -101.163
      vertex 34 51.4891 -100.562
    endloop
  endfacet
  facet normal -1 0 0
    outer loop
      vertex 34 51.4737 -100.814
      vertex 34 50.6028 -101.371
      vertex 34 50.4064 -101.163
    endloop
  endfacet
  facet normal -1 0 0
    outer loop
      vertex 34 51.4737 -100.814
      vertex 34 51.4382 -101.098
      vertex 34 50.6028 -101.371
    endloop
  endfacet
  facet normal -1 0 0
    outer loop
      vertex 34 50.6028 -101.371
      vertex 34 51.4382 -101.098
      vertex 34 50.8365 -101.589
    endloop
  endfacet
  facet normal -1 0 0
    outer loop
      vertex 34 50.8365 -101.589
      vertex 34 51.4382 -101.098
      vertex 34 51.3787 -101.412
    endloop
  endfacet
  facet normal -1 -0 0
    outer loop
      vertex 34 51.4891 -100.562
      vertex 34 50.245 -100.969
      vertex 34 51.4887 -100.343
    endloop
  endfacet
  facet normal -1 0 0
    outer loop
      vertex 34 49.9411 -93.4949
      vertex 34 55.0513 -95.2104
      vertex 34 53.9959 -96.9068
    endloop
  endfacet
  facet normal -1 0 0
    outer loop
      vertex 34 50.116 -100.792
      vertex 34 50.0165 -100.636
      vertex 34 51.4767 -100.158
    endloop
  endfacet
  facet normal -1 0 0
    outer loop
      vertex 34 51.9424 -98.6723
      vertex 34 51.9561 -98.6616
      vertex 34 52.5536 -99.1266
    endloop
  endfacet
  facet normal -1 0 0
    outer loop
      vertex 34 49.9433 -100.503
      vertex 34 51.4351 -99.8922
      vertex 34 51.4575 -100.008
    endloop
  endfacet
  facet normal -1 0 0
    outer loop
      vertex 34 49.9433 -100.503
      vertex 34 49.8929 -100.397
      vertex 34 51.4351 -99.8922
    endloop
  endfacet
  facet normal -1 -0 0
    outer loop
      vertex 34 51.4351 -99.8922
      vertex 34 49.8929 -100.397
      vertex 34 51.4141 -99.8107
    endloop
  endfacet
  facet normal -1 0 0
    outer loop
      vertex 34 51.4141 -99.8107
      vertex 34 49.8929 -100.397
      vertex 34 49.8617 -100.319
    endloop
  endfacet
  facet normal -1 0 -0
    outer loop
      vertex 34 51.3924 -99.747
      vertex 34 51.4141 -99.8107
      vertex 34 49.8617 -100.319
    endloop
  endfacet
  facet normal -1 0 0
    outer loop
      vertex 34 51.3924 -99.747
      vertex 34 51.3985 -99.7627
      vertex 34 51.4141 -99.8107
    endloop
  endfacet
  facet normal -1 0 0
    outer loop
      vertex 34 49.8416 -100.254
      vertex 34 51.3924 -99.747
      vertex 34 49.8617 -100.319
    endloop
  endfacet
  facet normal -1 0 0
    outer loop
      vertex 34 49.8416 -100.254
      vertex 34 51.3379 -98.9918
      vertex 34 51.3924 -99.747
    endloop
  endfacet
  facet normal -1 0 0
    outer loop
      vertex 34 49.8416 -100.254
      vertex 34 49.4392 -99.6129
      vertex 34 51.3379 -98.9918
    endloop
  endfacet
  facet normal -1 0 0
    outer loop
      vertex 34 49.9411 -93.4949
      vertex 34 53.7696 -97.1744
      vertex 34 53.528 -97.4284
    endloop
  endfacet
  facet normal -1 0 0
    outer loop
      vertex 34 51.3924 -99.747
      vertex 34 51.3379 -98.9918
      vertex 34 51.3546 -98.9864
    endloop
  endfacet
  facet normal -1 0 0
    outer loop
      vertex 34 51.9561 -98.6616
      vertex 34 49.4142 -94.0006
      vertex 34 53.528 -97.4284
    endloop
  endfacet
  facet normal -1 0 0
    outer loop
      vertex 34 50.2955 -92.8564
      vertex 34 55.1914 -94.8891
      vertex 34 55.0513 -95.2104
    endloop
  endfacet
  facet normal -1 0 0
    outer loop
      vertex 34 52.9954 -99.538
      vertex 34 54.0573 -98.4771
      vertex 34 54.1318 -98.6466
    endloop
  endfacet
  facet normal -1 -0 0
    outer loop
      vertex 34 54.0573 -98.4771
      vertex 34 52.8485 -99.4253
      vertex 34 53.9878 -98.3425
    endloop
  endfacet
  facet normal -1 -0 0
    outer loop
      vertex 34 54.207 -98.8521
      vertex 34 52.9954 -99.538
      vertex 34 54.1318 -98.6466
    endloop
  endfacet
  facet normal -1 -0 0
    outer loop
      vertex 34 54.2787 -99.0942
      vertex 34 53.1771 -99.66
      vertex 34 54.207 -98.8521
    endloop
  endfacet
  facet normal -1 0 0
    outer loop
      vertex 34 54.2787 -99.0942
      vertex 34 53.3951 -99.7872
      vertex 34 53.1771 -99.66
    endloop
  endfacet
  facet normal -1 0 0
    outer loop
      vertex 34 54.2787 -99.0942
      vertex 34 53.6509 -99.9156
      vertex 34 53.3951 -99.7872
    endloop
  endfacet
  facet normal -1 0 -0
    outer loop
      vertex 34 54.2787 -99.0942
      vertex 34 54.3425 -99.3731
      vertex 34 53.6509 -99.9156
    endloop
  endfacet
  facet normal -1 0 0
    outer loop
      vertex 34 53.6509 -99.9156
      vertex 34 54.3425 -99.3731
      vertex 34 54.394 -99.6887
    endloop
  endfacet
  facet normal -1 0 0
    outer loop
      vertex 34 53.9452 -100.041
      vertex 34 53.6509 -99.9156
      vertex 34 54.394 -99.6887
    endloop
  endfacet
  facet normal -1 0 0
    outer loop
      vertex 34 54.207 -98.8521
      vertex 34 53.1771 -99.66
      vertex 34 52.9954 -99.538
    endloop
  endfacet
  facet normal -1 0 0
    outer loop
      vertex 34 55.1914 -94.8891
      vertex 34 50.2955 -92.8564
      vertex 34 55.3125 -94.5602
    endloop
  endfacet
  facet normal -1 0 0
    outer loop
      vertex 34 54.0573 -98.4771
      vertex 34 52.9954 -99.538
      vertex 34 52.8485 -99.4253
    endloop
  endfacet
  facet normal -1 0 0
    outer loop
      vertex 34 54.7165 -97.1394
      vertex 34 54.7732 -97.1757
      vertex 34 54.7303 -97.1491
    endloop
  endfacet
  facet normal -1 0 0
    outer loop
      vertex 34 53.9878 -98.3425
      vertex 34 52.8485 -99.4253
      vertex 34 52.7343 -99.3258
    endloop
  endfacet
  facet normal -1 -0 0
    outer loop
      vertex 34 56.0352 -96.1486
      vertex 34 55.2723 -97.3748
      vertex 34 55.9073 -96.0147
    endloop
  endfacet
  facet normal -1 0 0
    outer loop
      vertex 34 52.6506 -99.2429
      vertex 34 53.9878 -98.3425
      vertex 34 52.7343 -99.3258
    endloop
  endfacet
  facet normal -1 0 0
    outer loop
      vertex 34 52.6506 -99.2429
      vertex 34 53.9273 -98.2414
      vertex 34 53.9878 -98.3425
    endloop
  endfacet
  facet normal -1 0 0
    outer loop
      vertex 34 52.6506 -99.2429
      vertex 34 53.8796 -98.172
      vertex 34 53.9273 -98.2414
    endloop
  endfacet
  facet normal -1 0 0
    outer loop
      vertex 34 52.6506 -99.2429
      vertex 34 52.5945 -99.1801
      vertex 34 53.8796 -98.172
    endloop
  endfacet
  facet normal -1 0 0
    outer loop
      vertex 34 53.8796 -98.172
      vertex 34 52.5945 -99.1801
      vertex 34 52.5536 -99.1266
    endloop
  endfacet
  facet normal -1 0 -0
    outer loop
      vertex 34 50.4459 -92.1417
      vertex 34 55.3125 -94.5602
      vertex 34 50.2955 -92.8564
    endloop
  endfacet
  facet normal -1 -0 -0
    outer loop
      vertex 34 53.8485 -98.1322
      vertex 34 53.8796 -98.172
      vertex 34 53.8374 -98.1196
    endloop
  endfacet
  facet normal -1 0 -0
    outer loop
      vertex 34 53.8374 -98.1196
      vertex 34 53.8796 -98.172
      vertex 34 52.5536 -99.1266
    endloop
  endfacet
  facet normal -1 0 -0
    outer loop
      vertex 34 53.528 -97.4284
      vertex 34 53.8374 -98.1196
      vertex 34 52.5536 -99.1266
    endloop
  endfacet
  facet normal -1 0 0
    outer loop
      vertex 34 51.9561 -98.6616
      vertex 34 53.528 -97.4284
      vertex 34 52.5536 -99.1266
    endloop
  endfacet
  facet normal -1 0 0
    outer loop
      vertex 34 53.528 -97.4284
      vertex 34 53.5417 -97.4177
      vertex 34 53.8374 -98.1196
    endloop
  endfacet
  facet normal -1 0 -0
    outer loop
      vertex 34 53.9959 -96.9068
      vertex 34 54.7165 -97.1394
      vertex 34 53.9867 -96.9216
    endloop
  endfacet
  facet normal -1 0 -0
    outer loop
      vertex 34 55.7959 -95.912
      vertex 34 55.9073 -96.0147
      vertex 34 55.0957 -97.3192
    endloop
  endfacet
  facet normal -1 0 -0
    outer loop
      vertex 34 56.0352 -96.1486
      vertex 34 56.1762 -96.3159
      vertex 34 55.2723 -97.3748
    endloop
  endfacet
  facet normal -1 0 0
    outer loop
      vertex 34 55.7332 -97.4724
      vertex 34 55.4847 -97.4273
      vertex 34 56.1762 -96.3159
    endloop
  endfacet
  facet normal -1 -0 0
    outer loop
      vertex 34 56.3264 -96.5189
      vertex 34 55.7332 -97.4724
      vertex 34 56.1762 -96.3159
    endloop
  endfacet
  facet normal -1 0 0
    outer loop
      vertex 34 56.3264 -96.5189
      vertex 34 56.0174 -97.5055
      vertex 34 55.7332 -97.4724
    endloop
  endfacet
  facet normal -1 0 -0
    outer loop
      vertex 34 56.3264 -96.5189
      vertex 34 56.4817 -96.7592
      vertex 34 56.0174 -97.5055
    endloop
  endfacet
  facet normal -1 0 0
    outer loop
      vertex 34 56.0174 -97.5055
      vertex 34 56.4817 -96.7592
      vertex 34 56.3367 -97.5225
    endloop
  endfacet
  facet normal -1 0 0
    outer loop
      vertex 34 56.3367 -97.5225
      vertex 34 56.4817 -96.7592
      vertex 34 56.6381 -97.0382
    endloop
  endfacet
  facet normal -1 0 0
    outer loop
      vertex 34 56.1762 -96.3159
      vertex 34 55.4847 -97.4273
      vertex 34 55.2723 -97.3748
    endloop
  endfacet
  facet normal -1 -0 0
    outer loop
      vertex 34 55.7458 -92.2552
      vertex 34 55.7241 -92.6051
      vertex 34 50.4459 -92.1417
    endloop
  endfacet
  facet normal -1 0 0
    outer loop
      vertex 34 55.2723 -97.3748
      vertex 34 55.0957 -97.3192
      vertex 34 55.9073 -96.0147
    endloop
  endfacet
  facet normal -1 0 0
    outer loop
      vertex 34 55.0957 -97.3192
      vertex 34 54.9544 -97.2647
      vertex 34 55.7959 -95.912
    endloop
  endfacet
  facet normal -1 0 0
    outer loop
      vertex 34 55.7959 -95.912
      vertex 34 54.9544 -97.2647
      vertex 34 54.8473 -97.2155
    endloop
  endfacet
  facet normal -1 0 -0
    outer loop
      vertex 34 55.7045 -95.8377
      vertex 34 55.7959 -95.912
      vertex 34 54.8473 -97.2155
    endloop
  endfacet
  facet normal -1 0 0
    outer loop
      vertex 34 54.7732 -97.1757
      vertex 34 55.7045 -95.8377
      vertex 34 54.8473 -97.2155
    endloop
  endfacet
  facet normal -1 0 0
    outer loop
      vertex 34 54.7732 -97.1757
      vertex 34 55.636 -95.7888
      vertex 34 55.7045 -95.8377
    endloop
  endfacet
  facet normal -1 0 0
    outer loop
      vertex 34 54.7732 -97.1757
      vertex 34 55.5784 -95.754
      vertex 34 55.636 -95.7888
    endloop
  endfacet
  facet normal -1 0 0
    outer loop
      vertex 34 55.636 -95.7888
      vertex 34 55.5784 -95.754
      vertex 34 55.5931 -95.7621
    endloop
  endfacet
  facet normal -1 0 0
    outer loop
      vertex 34 54.7732 -97.1757
      vertex 34 54.7165 -97.1394
      vertex 34 55.5784 -95.754
    endloop
  endfacet
  facet normal -1 -0 0
    outer loop
      vertex 34 55.5784 -95.754
      vertex 34 54.7165 -97.1394
      vertex 34 55.0513 -95.2104
    endloop
  endfacet
  facet normal -1 0 -0
    outer loop
      vertex 34 55.0605 -95.1956
      vertex 34 55.5784 -95.754
      vertex 34 55.0513 -95.2104
    endloop
  endfacet
  facet normal -1 0 0
    outer loop
      vertex 34 50.1007 -90.7393
      vertex 34 53.8734 -86.9473
      vertex 34 54.0977 -87.2166
    endloop
  endfacet
  facet normal -1 0 0
    outer loop
      vertex 34 55.0513 -95.2104
      vertex 34 54.7165 -97.1394
      vertex 34 53.9959 -96.9068
    endloop
  endfacet
  facet normal -1 0 0
    outer loop
      vertex 34 50.1907 -91.7985
      vertex 34 50.379 -91.4145
      vertex 34 50.4459 -92.1417
    endloop
  endfacet
  facet normal -1 0 0
    outer loop
      vertex 34 55.7471 -91.9047
      vertex 34 55.7458 -92.2552
      vertex 34 50.4459 -92.1417
    endloop
  endfacet
  facet normal -1 0 0
    outer loop
      vertex 34 56.6721 -94.5634
      vertex 34 56.8035 -93.0681
      vertex 34 56.9695 -93.1502
    endloop
  endfacet
  facet normal -1 0 0
    outer loop
      vertex 34 56.0692 -94.5323
      vertex 34 55.3089 -94.5772
      vertex 34 55.3125 -94.5602
    endloop
  endfacet
  facet normal -1 0 0
    outer loop
      vertex 34 56.1349 -94.547
      vertex 34 56.0854 -94.5367
      vertex 34 56.0692 -94.5323
    endloop
  endfacet
  facet normal -1 -0 0
    outer loop
      vertex 34 56.8035 -93.0681
      vertex 34 56.4871 -94.5716
      vertex 34 56.6638 -93.0097
    endloop
  endfacet
  facet normal -1 -0 0
    outer loop
      vertex 34 57.1592 -93.2592
      vertex 34 56.6721 -94.5634
      vertex 34 56.9695 -93.1502
    endloop
  endfacet
  facet normal -1 -0 0
    outer loop
      vertex 34 57.1384 -94.4974
      vertex 34 56.8896 -94.5401
      vertex 34 57.1592 -93.2592
    endloop
  endfacet
  facet normal -1 -0 0
    outer loop
      vertex 34 57.3698 -93.3986
      vertex 34 57.1384 -94.4974
      vertex 34 57.1592 -93.2592
    endloop
  endfacet
  facet normal -1 0 -0
    outer loop
      vertex 34 57.3698 -93.3986
      vertex 34 57.4169 -94.4314
      vertex 34 57.1384 -94.4974
    endloop
  endfacet
  facet normal -1 0 0
    outer loop
      vertex 34 57.3698 -93.3986
      vertex 34 57.5979 -93.5713
      vertex 34 57.4169 -94.4314
    endloop
  endfacet
  facet normal -1 0 0
    outer loop
      vertex 34 57.4169 -94.4314
      vertex 34 57.5979 -93.5713
      vertex 34 57.8403 -93.7799
    endloop
  endfacet
  facet normal -1 0 0
    outer loop
      vertex 34 57.1592 -93.2592
      vertex 34 56.8896 -94.5401
      vertex 34 56.6721 -94.5634
    endloop
  endfacet
  facet normal -1 0 0
    outer loop
      vertex 34 57.8403 -93.7799
      vertex 34 57.7228 -94.3382
      vertex 34 57.4169 -94.4314
    endloop
  endfacet
  facet normal -1 0 0
    outer loop
      vertex 34 50.379 -91.4145
      vertex 34 55.7471 -91.9047
      vertex 34 50.4459 -92.1417
    endloop
  endfacet
  facet normal -1 0 0
    outer loop
      vertex 34 56.6638 -93.0097
      vertex 34 56.4871 -94.5716
      vertex 34 56.3356 -94.5687
    endloop
  endfacet
  facet normal -1 0 0
    outer loop
      vertex 34 56.2182 -94.5591
      vertex 34 56.6638 -93.0097
      vertex 34 56.3356 -94.5687
    endloop
  endfacet
  facet normal -1 0 0
    outer loop
      vertex 34 56.2182 -94.5591
      vertex 34 56.5524 -92.9712
      vertex 34 56.6638 -93.0097
    endloop
  endfacet
  facet normal -1 0 0
    outer loop
      vertex 34 56.2182 -94.5591
      vertex 34 56.1349 -94.547
      vertex 34 56.5524 -92.9712
    endloop
  endfacet
  facet normal -1 -0 0
    outer loop
      vertex 34 56.5524 -92.9712
      vertex 34 56.1349 -94.547
      vertex 34 56.4713 -92.9487
    endloop
  endfacet
  facet normal -1 -0 0
    outer loop
      vertex 34 56.4713 -92.9487
      vertex 34 56.1349 -94.547
      vertex 34 56.4053 -92.9356
    endloop
  endfacet
  facet normal -1 -0 -0
    outer loop
      vertex 34 56.4219 -92.9382
      vertex 34 56.4713 -92.9487
      vertex 34 56.4053 -92.9356
    endloop
  endfacet
  facet normal -1 0 0
    outer loop
      vertex 34 56.4053 -92.9356
      vertex 34 56.1349 -94.547
      vertex 34 56.0692 -94.5323
    endloop
  endfacet
  facet normal -1 0 0
    outer loop
      vertex 34 55.7241 -92.6051
      vertex 34 56.4053 -92.9356
      vertex 34 56.0692 -94.5323
    endloop
  endfacet
  facet normal -1 0 0
    outer loop
      vertex 34 55.3125 -94.5602
      vertex 34 55.7241 -92.6051
      vertex 34 56.0692 -94.5323
    endloop
  endfacet
  facet normal -1 0 0
    outer loop
      vertex 34 55.7241 -92.6051
      vertex 34 55.7276 -92.5881
      vertex 34 56.4053 -92.9356
    endloop
  endfacet
  facet normal -1 0 0
    outer loop
      vertex 34 50.379 -91.4145
      vertex 34 55.4652 -89.9268
      vertex 34 55.7471 -91.9047
    endloop
  endfacet
  facet normal -1 0 0
    outer loop
      vertex 34 56.7114 -91.5628
      vertex 34 56.4866 -89.9856
      vertex 34 56.8548 -91.5137
    endloop
  endfacet
  facet normal -1 0 0
    outer loop
      vertex 34 50.379 -91.4145
      vertex 34 55.366 -89.5906
      vertex 34 55.4652 -89.9268
    endloop
  endfacet
  facet normal -1 0 0
    outer loop
      vertex 34 55.7471 -91.9047
      vertex 34 56.4487 -91.6197
      vertex 34 55.7496 -91.9219
    endloop
  endfacet
  facet normal -1 -0 0
    outer loop
      vertex 34 56.4654 -91.6183
      vertex 34 56.4487 -91.6197
      vertex 34 56.5154 -91.6111
    endloop
  endfacet
  facet normal -1 0 0
    outer loop
      vertex 34 56.8548 -91.5137
      vertex 34 56.4866 -89.9856
      vertex 34 56.6379 -89.9927
    endloop
  endfacet
  facet normal -1 0 0
    outer loop
      vertex 34 57.0258 -91.4428
      vertex 34 56.822 -90.013
      vertex 34 57.0376 -90.0506
    endloop
  endfacet
  facet normal -1 0 0
    outer loop
      vertex 34 57.2223 -91.3465
      vertex 34 57.0376 -90.0506
      vertex 34 57.4415 -91.2213
    endloop
  endfacet
  facet normal -1 -0 0
    outer loop
      vertex 34 57.2223 -91.3465
      vertex 34 57.0258 -91.4428
      vertex 34 57.0376 -90.0506
    endloop
  endfacet
  facet normal -1 -0 -0
    outer loop
      vertex 34 57.283 -90.1096
      vertex 34 57.4415 -91.2213
      vertex 34 57.0376 -90.0506
    endloop
  endfacet
  facet normal -1 0 0
    outer loop
      vertex 34 57.283 -90.1096
      vertex 34 57.5565 -90.1938
      vertex 34 57.4415 -91.2213
    endloop
  endfacet
  facet normal -1 0 0
    outer loop
      vertex 34 57.4415 -91.2213
      vertex 34 57.5565 -90.1938
      vertex 34 57.6806 -91.064
    endloop
  endfacet
  facet normal -1 -0 0
    outer loop
      vertex 34 57.9361 -90.8717
      vertex 34 57.6806 -91.064
      vertex 34 57.5565 -90.1938
    endloop
  endfacet
  facet normal -1 -0 -0
    outer loop
      vertex 34 57.8556 -90.307
      vertex 34 57.9361 -90.8717
      vertex 34 57.5565 -90.1938
    endloop
  endfacet
  facet normal -1 0 0
    outer loop
      vertex 34 55.9404 -88.6778
      vertex 34 55.1758 -87.2466
      vertex 34 56.0366 -88.6097
    endloop
  endfacet
  facet normal -1 -0 -0
    outer loop
      vertex 34 56.822 -90.013
      vertex 34 57.0258 -91.4428
      vertex 34 56.6379 -89.9927
    endloop
  endfacet
  facet normal -1 0 0
    outer loop
      vertex 34 56.6379 -89.9927
      vertex 34 57.0258 -91.4428
      vertex 34 56.8548 -91.5137
    endloop
  endfacet
  facet normal -1 0 0
    outer loop
      vertex 34 56.5978 -91.5939
      vertex 34 56.4866 -89.9856
      vertex 34 56.7114 -91.5628
    endloop
  endfacet
  facet normal -1 -0 0
    outer loop
      vertex 34 56.7766 -87.8095
      vertex 34 56.6058 -88.0391
      vertex 34 56.0766 -87.0486
    endloop
  endfacet
  facet normal -1 0 0
    outer loop
      vertex 34 56.5978 -91.5939
      vertex 34 56.3688 -89.9875
      vertex 34 56.4866 -89.9856
    endloop
  endfacet
  facet normal -1 0 0
    outer loop
      vertex 34 56.2909 -88.3894
      vertex 34 55.6104 -87.1156
      vertex 34 56.4426 -88.2317
    endloop
  endfacet
  facet normal -1 0 0
    outer loop
      vertex 34 56.5978 -91.5939
      vertex 34 56.2849 -89.9941
      vertex 34 56.3688 -89.9875
    endloop
  endfacet
  facet normal -1 0 0
    outer loop
      vertex 34 55.4305 -87.1594
      vertex 34 56.1544 -88.5146
      vertex 34 56.0366 -88.6097
    endloop
  endfacet
  facet normal -1 -0 0
    outer loop
      vertex 34 56.5978 -91.5939
      vertex 34 56.5154 -91.6111
      vertex 34 56.2849 -89.9941
    endloop
  endfacet
  facet normal -1 0 0
    outer loop
      vertex 34 56.2849 -89.9941
      vertex 34 56.5154 -91.6111
      vertex 34 56.4487 -91.6197
    endloop
  endfacet
  facet normal -1 0 -0
    outer loop
      vertex 34 56.2349 -90.0011
      vertex 34 56.2849 -89.9941
      vertex 34 56.2184 -90.0044
    endloop
  endfacet
  facet normal -1 0 0
    outer loop
      vertex 34 55.2473 -89.2608
      vertex 34 55.8091 -88.7531
      vertex 34 55.2555 -89.2762
    endloop
  endfacet
  facet normal -1 0 0
    outer loop
      vertex 34 56.2184 -90.0044
      vertex 34 56.2849 -89.9941
      vertex 34 56.4487 -91.6197
    endloop
  endfacet
  facet normal -1 0 0
    outer loop
      vertex 34 55.7471 -91.9047
      vertex 34 56.2184 -90.0044
      vertex 34 56.4487 -91.6197
    endloop
  endfacet
  facet normal -1 0 0
    outer loop
      vertex 34 55.4652 -89.9268
      vertex 34 55.4627 -89.9096
      vertex 34 56.2184 -90.0044
    endloop
  endfacet
  facet normal -1 0 0
    outer loop
      vertex 34 55.7471 -91.9047
      vertex 34 55.4652 -89.9268
      vertex 34 56.2184 -90.0044
    endloop
  endfacet
  facet normal -1 -0 0
    outer loop
      vertex 34 55.366 -89.5906
      vertex 34 50.379 -91.4145
      vertex 34 55.2473 -89.2608
    endloop
  endfacet
  facet normal -1 -0 0
    outer loop
      vertex 34 55.8091 -88.7531
      vertex 34 55.2473 -89.2608
      vertex 34 54.3059 -87.4986
    endloop
  endfacet
  facet normal -1 -0 0
    outer loop
      vertex 34 55.2473 -89.2608
      vertex 34 50.1007 -90.7393
      vertex 34 54.3059 -87.4986
    endloop
  endfacet
  facet normal -1 0 0
    outer loop
      vertex 34 56.0366 -88.6097
      vertex 34 55.2859 -87.2045
      vertex 34 55.4305 -87.1594
    endloop
  endfacet
  facet normal -1 0 0
    outer loop
      vertex 34 55.4305 -87.1594
      vertex 34 55.6104 -87.1156
      vertex 34 56.1544 -88.5146
    endloop
  endfacet
  facet normal -1 0 0
    outer loop
      vertex 34 56.1544 -88.5146
      vertex 34 55.6104 -87.1156
      vertex 34 56.2909 -88.3894
    endloop
  endfacet
  facet normal -1 0 0
    outer loop
      vertex 34 56.4426 -88.2317
      vertex 34 55.6104 -87.1156
      vertex 34 55.8258 -87.0772
    endloop
  endfacet
  facet normal -1 -0 0
    outer loop
      vertex 34 56.6058 -88.0391
      vertex 34 56.4426 -88.2317
      vertex 34 56.0766 -87.0486
    endloop
  endfacet
  facet normal -1 0 -0
    outer loop
      vertex 34 56.3624 -87.0342
      vertex 34 56.7766 -87.8095
      vertex 34 56.0766 -87.0486
    endloop
  endfacet
  facet normal -1 -0 0
    outer loop
      vertex 34 56.951 -87.5414
      vertex 34 56.7766 -87.8095
      vertex 34 56.6822 -87.0383
    endloop
  endfacet
  facet normal -1 0 0
    outer loop
      vertex 34 55.3125 -94.5602
      vertex 34 50.4459 -92.1417
      vertex 34 55.7241 -92.6051
    endloop
  endfacet
  facet normal -1 -0 0
    outer loop
      vertex 34 49.4142 -94.0006
      vertex 34 48.7617 -94.3286
      vertex 34 48.9879 -93.9657
    endloop
  endfacet
  facet normal -1 0 0
    outer loop
      vertex 34 51.3379 -98.9918
      vertex 34 48.7617 -94.3286
      vertex 34 49.4142 -94.0006
    endloop
  endfacet
  facet normal -1 0 0
    outer loop
      vertex 34 50.1528 -92.4532
      vertex 34 50.4459 -92.1417
      vertex 34 50.2955 -92.8564
    endloop
  endfacet
  facet normal -1 0 0
    outer loop
      vertex 34 49.6358 -90.1761
      vertex 34 49.2084 -90.1616
      vertex 34 49.0255 -89.775
    endloop
  endfacet
  facet normal -1 -0 0
    outer loop
      vertex 34 49.4392 -99.6129
      vertex 34 49.0937 -99.6724
      vertex 34 48.0415 -94.4496
    endloop
  endfacet
  facet normal -1 0 0
    outer loop
      vertex 34 50.2955 -92.8564
      vertex 34 49.9411 -93.4949
      vertex 34 49.9236 -93.0676
    endloop
  endfacet
  facet normal -1 0 0
    outer loop
      vertex 34 46.7485 -99.646
      vertex 34 46.4036 -99.5838
      vertex 34 47.3176 -94.353
    endloop
  endfacet
  facet normal -1 0 0
    outer loop
      vertex 34 51.6518 -98.8357
      vertex 34 49.4142 -94.0006
      vertex 34 51.9561 -98.6616
    endloop
  endfacet
  facet normal -1 0 0
    outer loop
      vertex 34 49.4392 -99.6129
      vertex 34 48.0415 -94.4496
      vertex 34 48.7617 -94.3286
    endloop
  endfacet
  facet normal -1 0 0
    outer loop
      vertex 34 49.4392 -99.6129
      vertex 34 48.7617 -94.3286
      vertex 34 51.3379 -98.9918
    endloop
  endfacet
  facet normal -1 0 0
    outer loop
      vertex 34 43.614 -98.3867
      vertex 34 42.1266 -97.0527
      vertex 34 46.1106 -93.5597
    endloop
  endfacet
  facet normal -1 0 0
    outer loop
      vertex 34 46.7485 -99.646
      vertex 34 47.3176 -94.353
      vertex 34 48.0415 -94.4496
    endloop
  endfacet
  facet normal -1 0 0
    outer loop
      vertex 34 46.7485 -99.646
      vertex 34 48.0415 -94.4496
      vertex 34 48.7454 -99.7118
    endloop
  endfacet
  facet normal -1 0 0
    outer loop
      vertex 34 41.6941 -96.5014
      vertex 34 40.7527 -94.7392
      vertex 34 45.7348 -92.9335
    endloop
  endfacet
  facet normal -1 0 0
    outer loop
      vertex 34 44.209 -98.7569
      vertex 34 46.6543 -94.0473
      vertex 34 47.3176 -94.353
    endloop
  endfacet
  facet normal -1 0 0
    outer loop
      vertex 34 44.209 -98.7569
      vertex 34 47.3176 -94.353
      vertex 34 46.0628 -99.5016
    endloop
  endfacet
  facet normal -1 0 0
    outer loop
      vertex 34 40.5348 -94.0732
      vertex 34 40.2529 -92.0953
      vertex 34 45.5603 -92.2244
    endloop
  endfacet
  facet normal -1 0 0
    outer loop
      vertex 34 43.614 -98.3867
      vertex 34 46.1106 -93.5597
      vertex 34 46.6543 -94.0473
    endloop
  endfacet
  facet normal -1 0 0
    outer loop
      vertex 34 43.614 -98.3867
      vertex 34 46.6543 -94.0473
      vertex 34 43.9061 -98.5804
    endloop
  endfacet
  facet normal -1 0 0
    outer loop
      vertex 34 45.5603 -92.2244
      vertex 34 40.2542 -91.7448
      vertex 34 40.2759 -91.3949
    endloop
  endfacet
  facet normal -1 0 0
    outer loop
      vertex 34 41.9023 -96.7834
      vertex 34 41.6941 -96.5014
      vertex 34 46.1106 -93.5597
    endloop
  endfacet
  facet normal -1 0 0
    outer loop
      vertex 34 46.6543 -94.0473
      vertex 34 46.1106 -93.5597
      vertex 34 46.5311 -93.6378
    endloop
  endfacet
  facet normal -1 0 0
    outer loop
      vertex 34 40.6875 -89.4398
      vertex 34 40.8086 -89.1109
      vertex 34 45.8578 -90.8111
    endloop
  endfacet
  facet normal -1 -0 0
    outer loop
      vertex 34 46.1136 -93.1321
      vertex 34 46.1106 -93.5597
      vertex 34 45.7348 -92.9335
    endloop
  endfacet
  facet normal -1 0 0
    outer loop
      vertex 34 40.7527 -94.7392
      vertex 34 40.634 -94.4094
      vertex 34 45.7348 -92.9335
    endloop
  endfacet
  facet normal -1 0 0
    outer loop
      vertex 34 45.8578 -90.8111
      vertex 34 42.0041 -87.0932
      vertex 34 46.3034 -90.2325
    endloop
  endfacet
  facet normal -1 0 0
    outer loop
      vertex 34 40.2529 -92.0953
      vertex 34 40.2542 -91.7448
      vertex 34 45.5603 -92.2244
    endloop
  endfacet
  facet normal -1 0 0
    outer loop
      vertex 34 45.7348 -92.9335
      vertex 34 45.5603 -92.2244
      vertex 34 45.8638 -92.5258
    endloop
  endfacet
  facet normal -1 0 0
    outer loop
      vertex 34 46.3034 -90.2325
      vertex 34 42.2304 -86.8256
      vertex 34 42.472 -86.5716
    endloop
  endfacet
  facet normal -1 0 0
    outer loop
      vertex 34 40.6875 -89.4398
      vertex 34 45.8578 -90.8111
      vertex 34 45.6026 -91.4953
    endloop
  endfacet
  facet normal -1 0 -0
    outer loop
      vertex 34 40.6875 -89.4398
      vertex 34 45.6026 -91.4953
      vertex 34 40.2759 -91.3949
    endloop
  endfacet
  facet normal -1 0 0
    outer loop
      vertex 34 46.3034 -90.2325
      vertex 34 46.257 -90.6576
      vertex 34 45.8578 -90.8111
    endloop
  endfacet
  facet normal -1 0 0
    outer loop
      vertex 34 40.9487 -88.7896
      vertex 34 42.0041 -87.0932
      vertex 34 45.8578 -90.8111
    endloop
  endfacet
  facet normal -1 0 0
    outer loop
      vertex 34 46.8998 -89.8109
      vertex 34 46.7301 -90.2035
      vertex 34 46.3034 -90.2325
    endloop
  endfacet
  facet normal -1 0 0
    outer loop
      vertex 34 44.0439 -85.3384
      vertex 34 46.8998 -89.8109
      vertex 34 46.3034 -90.2325
    endloop
  endfacet
  facet normal -1 0 -0
    outer loop
      vertex 34 44.0439 -85.3384
      vertex 34 46.3034 -90.2325
      vertex 34 42.472 -86.5716
    endloop
  endfacet
  facet normal -1 0 0
    outer loop
      vertex 34 46.5608 -84.3871
      vertex 34 47.5939 -89.5839
      vertex 34 46.8998 -89.8109
    endloop
  endfacet
  facet normal -1 0 -0
    outer loop
      vertex 34 46.5608 -84.3871
      vertex 34 46.8998 -89.8109
      vertex 34 44.6621 -85.0082
    endloop
  endfacet
  facet normal -1 0 0
    outer loop
      vertex 34 47.2546 -84.2882
      vertex 34 48.3241 -89.5715
      vertex 34 47.5939 -89.5839
    endloop
  endfacet
  facet normal -1 0 0
    outer loop
      vertex 34 46.9063 -84.3276
      vertex 34 47.2546 -84.2882
      vertex 34 47.5939 -89.5839
    endloop
  endfacet
  facet normal -1 0 0
    outer loop
      vertex 34 46.8998 -89.8109
      vertex 34 47.5939 -89.5839
      vertex 34 47.3161 -89.909
    endloop
  endfacet
  facet normal -1 0 0
    outer loop
      vertex 34 47.9628 -89.8003
      vertex 34 47.5939 -89.5839
      vertex 34 48.3241 -89.5715
    endloop
  endfacet
  facet normal -1 0 -0
    outer loop
      vertex 34 49.2515 -84.354
      vertex 34 49.5964 -84.4162
      vertex 34 48.3241 -89.5715
    endloop
  endfacet
  facet normal -1 0 -0
    outer loop
      vertex 34 49.9372 -84.4984
      vertex 34 51.791 -85.2431
      vertex 34 49.0255 -89.775
    endloop
  endfacet
  facet normal -1 0 0
    outer loop
      vertex 34 48.6128 -89.8871
      vertex 34 48.3241 -89.5715
      vertex 34 49.0255 -89.775
    endloop
  endfacet
  facet normal -1 0 0
    outer loop
      vertex 34 55.2473 -89.2608
      vertex 34 50.379 -91.4145
      vertex 34 50.1007 -90.7393
    endloop
  endfacet
  facet normal -1 0 0
    outer loop
      vertex 34 49.6358 -90.1761
      vertex 34 49.0255 -89.775
      vertex 34 52.386 -85.6133
    endloop
  endfacet
  facet normal -1 0 0
    outer loop
      vertex 34 50.1007 -90.7393
      vertex 34 49.6358 -90.1761
      vertex 34 53.8734 -86.9473
    endloop
  endfacet
  facet normal -1 0 0
    outer loop
      vertex 34 50.379 -91.4145
      vertex 34 50.034 -91.1617
      vertex 34 50.1007 -90.7393
    endloop
  endfacet
  facet normal -1 -0 0
    outer loop
      vertex 34 54.3059 -87.4986
      vertex 34 50.1007 -90.7393
      vertex 34 54.0977 -87.2166
    endloop
  endfacet
  facet normal -1 0 0
    outer loop
      vertex 34 50.1007 -90.7393
      vertex 34 49.6966 -90.5994
      vertex 34 49.6358 -90.1761
    endloop
  endfacet
  facet normal 1 0 0
    outer loop
      vertex 37.2 54.4616 -84.368
      vertex 37.2 54.1597 -84.4736
      vertex 37.2 54.8863 -84.7489
    endloop
  endfacet
  facet normal 1 0 0
    outer loop
      vertex 37.2 56.7766 -87.8095
      vertex 37.2 56.6822 -87.0383
      vertex 37.2 56.3624 -87.0342
    endloop
  endfacet
  facet normal 1 0 0
    outer loop
      vertex 37.2 55.2859 -87.2045
      vertex 37.2 55.1758 -87.2466
      vertex 37.2 56.0366 -88.6097
    endloop
  endfacet
  facet normal 1 0 0
    outer loop
      vertex 37.2 56.0766 -87.0486
      vertex 37.2 55.8258 -87.0772
      vertex 37.2 56.4426 -88.2317
    endloop
  endfacet
  facet normal 1 0 0
    outer loop
      vertex 37.2 55.1758 -87.2466
      vertex 37.2 55.8689 -88.7221
      vertex 37.2 55.9404 -88.6778
    endloop
  endfacet
  facet normal 1 -0 0
    outer loop
      vertex 37.2 55.0992 -87.2814
      vertex 37.2 55.8689 -88.7221
      vertex 37.2 55.1758 -87.2466
    endloop
  endfacet
  facet normal 1 -0 0
    outer loop
      vertex 37.2 55.0402 -87.3139
      vertex 37.2 55.8689 -88.7221
      vertex 37.2 55.0992 -87.2814
    endloop
  endfacet
  facet normal 1 0 0
    outer loop
      vertex 37.2 55.0402 -87.3139
      vertex 37.2 55.0992 -87.2814
      vertex 37.2 55.0546 -87.3052
    endloop
  endfacet
  facet normal 1 0 -0
    outer loop
      vertex 37.2 55.8091 -88.7531
      vertex 37.2 55.8689 -88.7221
      vertex 37.2 55.0402 -87.3139
    endloop
  endfacet
  facet normal 1 0 0
    outer loop
      vertex 37.2 55.8091 -88.7531
      vertex 37.2 55.0402 -87.3139
      vertex 37.2 54.3059 -87.4986
    endloop
  endfacet
  facet normal 1 0 -0
    outer loop
      vertex 37.2 55.8243 -88.746
      vertex 37.2 55.8689 -88.7221
      vertex 37.2 55.8091 -88.7531
    endloop
  endfacet
  facet normal 1 -0 0
    outer loop
      vertex 37.2 54.2977 -87.4833
      vertex 37.2 54.3059 -87.4986
      vertex 37.2 55.0402 -87.3139
    endloop
  endfacet
  facet normal 1 0 -0
    outer loop
      vertex 37.2 56.6721 -94.5634
      vertex 37.2 56.8035 -93.0681
      vertex 37.2 56.4871 -94.5716
    endloop
  endfacet
  facet normal 1 0 0
    outer loop
      vertex 37.2 41.1527 -86.7845
      vertex 37.2 40.2041 -88.088
      vertex 37.2 40.2955 -88.1623
    endloop
  endfacet
  facet normal 1 0 0
    outer loop
      vertex 37.2 53.8734 -86.9473
      vertex 37.2 52.386 -85.6133
      vertex 37.2 49.6358 -90.1761
    endloop
  endfacet
  facet normal 1 0 0
    outer loop
      vertex 37.2 49.9372 -84.4984
      vertex 37.2 48.3241 -89.5715
      vertex 37.2 49.0255 -89.775
    endloop
  endfacet
  facet normal 1 0 -0
    outer loop
      vertex 37.2 53.8864 -86.9589
      vertex 37.2 54.2276 -86.278
      vertex 37.2 53.8734 -86.9473
    endloop
  endfacet
  facet normal 1 0 -0
    outer loop
      vertex 37.2 54.2395 -86.2661
      vertex 37.2 54.2732 -86.2285
      vertex 37.2 54.2276 -86.278
    endloop
  endfacet
  facet normal 1 0 0
    outer loop
      vertex 37.2 44.6621 -85.0082
      vertex 37.2 44.3482 -85.1643
      vertex 37.2 46.8998 -89.8109
    endloop
  endfacet
  facet normal 1 0 0
    outer loop
      vertex 37.2 54.4706 -85.9358
      vertex 37.2 53.3268 -84.91
      vertex 37.2 54.3923 -86.0655
    endloop
  endfacet
  facet normal 1 0 -0
    outer loop
      vertex 37.2 54.556 -85.7715
      vertex 37.2 54.6446 -85.5714
      vertex 37.2 53.4808 -84.8072
    endloop
  endfacet
  facet normal 1 0 0
    outer loop
      vertex 37.2 54.6446 -85.5714
      vertex 37.2 53.8961 -84.5849
      vertex 37.2 53.6701 -84.6975
    endloop
  endfacet
  facet normal 1 0 0
    outer loop
      vertex 37.2 54.7321 -85.3346
      vertex 37.2 53.8961 -84.5849
      vertex 37.2 54.6446 -85.5714
    endloop
  endfacet
  facet normal 1 0 0
    outer loop
      vertex 37.2 54.1597 -84.4736
      vertex 37.2 53.8961 -84.5849
      vertex 37.2 54.7321 -85.3346
    endloop
  endfacet
  facet normal 1 0 0
    outer loop
      vertex 37.2 54.1597 -84.4736
      vertex 37.2 54.7321 -85.3346
      vertex 37.2 54.8141 -85.0604
    endloop
  endfacet
  facet normal 1 0 0
    outer loop
      vertex 37.2 54.1597 -84.4736
      vertex 37.2 54.8141 -85.0604
      vertex 37.2 54.8863 -84.7489
    endloop
  endfacet
  facet normal 1 -0 0
    outer loop
      vertex 37.2 53.4808 -84.8072
      vertex 37.2 54.6446 -85.5714
      vertex 37.2 53.6701 -84.6975
    endloop
  endfacet
  facet normal 1 0 -0
    outer loop
      vertex 37.2 54.4706 -85.9358
      vertex 37.2 54.556 -85.7715
      vertex 37.2 53.4808 -84.8072
    endloop
  endfacet
  facet normal 1 0 0
    outer loop
      vertex 37.2 54.4706 -85.9358
      vertex 37.2 53.4808 -84.8072
      vertex 37.2 53.3268 -84.91
    endloop
  endfacet
  facet normal 1 0 0
    outer loop
      vertex 37.2 51.4616 -82.6183
      vertex 37.2 52.0297 -83.1484
      vertex 37.2 51.991 -82.8309
    endloop
  endfacet
  facet normal 1 0 0
    outer loop
      vertex 37.2 54.3923 -86.0655
      vertex 37.2 53.3268 -84.91
      vertex 37.2 53.2063 -85.0018
    endloop
  endfacet
  facet normal 1 0 0
    outer loop
      vertex 37.2 54.3923 -86.0655
      vertex 37.2 53.2063 -85.0018
      vertex 37.2 53.1173 -85.079
    endloop
  endfacet
  facet normal 1 0 0
    outer loop
      vertex 37.2 54.3923 -86.0655
      vertex 37.2 53.1173 -85.079
      vertex 37.2 54.3253 -86.1624
    endloop
  endfacet
  facet normal 1 0 0
    outer loop
      vertex 37.2 53.1173 -85.079
      vertex 37.2 53.0573 -85.1379
      vertex 37.2 54.3253 -86.1624
    endloop
  endfacet
  facet normal 1 0 0
    outer loop
      vertex 37.2 53.0573 -85.1379
      vertex 37.2 54.2732 -86.2285
      vertex 37.2 54.3253 -86.1624
    endloop
  endfacet
  facet normal 1 0 -0
    outer loop
      vertex 37.2 54.2276 -86.278
      vertex 37.2 54.2732 -86.2285
      vertex 37.2 53.0573 -85.1379
    endloop
  endfacet
  facet normal 1 0 0
    outer loop
      vertex 37.2 53.0129 -85.1886
      vertex 37.2 53.0573 -85.1379
      vertex 37.2 53.0235 -85.1755
    endloop
  endfacet
  facet normal 1 0 0
    outer loop
      vertex 37.2 54.2276 -86.278
      vertex 37.2 53.0573 -85.1379
      vertex 37.2 53.0129 -85.1886
    endloop
  endfacet
  facet normal 1 0 0
    outer loop
      vertex 37.2 54.2276 -86.278
      vertex 37.2 53.0129 -85.1886
      vertex 37.2 53.8734 -86.9473
    endloop
  endfacet
  facet normal 1 0 0
    outer loop
      vertex 37.2 53.0129 -85.1886
      vertex 37.2 52.386 -85.6133
      vertex 37.2 53.8734 -86.9473
    endloop
  endfacet
  facet normal 1 0 0
    outer loop
      vertex 37.2 53.0129 -85.1886
      vertex 37.2 52.3731 -85.6017
      vertex 37.2 52.386 -85.6133
    endloop
  endfacet
  facet normal 1 0 0
    outer loop
      vertex 37.2 49.9372 -84.4984
      vertex 37.2 49.5964 -84.4162
      vertex 37.2 48.3241 -89.5715
    endloop
  endfacet
  facet normal 1 0 0
    outer loop
      vertex 37.2 49.0255 -89.775
      vertex 37.2 52.386 -85.6133
      vertex 37.2 52.0939 -85.4196
    endloop
  endfacet
  facet normal 1 0 -0
    outer loop
      vertex 37.2 51.8072 -85.2496
      vertex 37.2 51.895 -84.4931
      vertex 37.2 51.791 -85.2431
    endloop
  endfacet
  facet normal 1 0 -0
    outer loop
      vertex 37.2 51.9021 -84.4779
      vertex 37.2 51.9209 -84.431
      vertex 37.2 51.895 -84.4931
    endloop
  endfacet
  facet normal 1 0 0
    outer loop
      vertex 37.2 47.4632 -83.4926
      vertex 37.2 47.4618 -83.5599
      vertex 37.2 49.0957 -83.5464
    endloop
  endfacet
  facet normal 1 0 0
    outer loop
      vertex 37.2 52.0063 -84.0884
      vertex 37.2 50.5806 -83.5157
      vertex 37.2 51.9771 -84.2371
    endloop
  endfacet
  facet normal 1 0 -0
    outer loop
      vertex 37.2 52.0304 -83.9048
      vertex 37.2 52.0452 -83.6865
      vertex 37.2 50.6902 -83.3665
    endloop
  endfacet
  facet normal 1 0 0
    outer loop
      vertex 37.2 52.0452 -83.6865
      vertex 37.2 51.0044 -83.0154
      vertex 37.2 50.8306 -83.1986
    endloop
  endfacet
  facet normal 1 0 0
    outer loop
      vertex 37.2 52.0464 -83.4341
      vertex 37.2 51.0044 -83.0154
      vertex 37.2 52.0452 -83.6865
    endloop
  endfacet
  facet normal 1 0 0
    outer loop
      vertex 37.2 51.214 -82.8207
      vertex 37.2 51.0044 -83.0154
      vertex 37.2 52.0464 -83.4341
    endloop
  endfacet
  facet normal 1 0 0
    outer loop
      vertex 37.2 51.214 -82.8207
      vertex 37.2 52.0464 -83.4341
      vertex 37.2 52.0297 -83.1484
    endloop
  endfacet
  facet normal 1 -0 0
    outer loop
      vertex 37.2 51.214 -82.8207
      vertex 37.2 52.0297 -83.1484
      vertex 37.2 51.4616 -82.6183
    endloop
  endfacet
  facet normal 1 -0 0
    outer loop
      vertex 37.2 50.6902 -83.3665
      vertex 37.2 52.0452 -83.6865
      vertex 37.2 50.8306 -83.1986
    endloop
  endfacet
  facet normal 1 0 -0
    outer loop
      vertex 37.2 52.0063 -84.0884
      vertex 37.2 52.0304 -83.9048
      vertex 37.2 50.6902 -83.3665
    endloop
  endfacet
  facet normal 1 0 0
    outer loop
      vertex 37.2 52.0063 -84.0884
      vertex 37.2 50.6902 -83.3665
      vertex 37.2 50.5806 -83.5157
    endloop
  endfacet
  facet normal 1 0 0
    outer loop
      vertex 37.2 48.0441 -82.0001
      vertex 37.2 47.8807 -82.275
      vertex 37.2 48.6143 -82.0189
    endloop
  endfacet
  facet normal 1 0 0
    outer loop
      vertex 37.2 51.9771 -84.2371
      vertex 37.2 50.5806 -83.5157
      vertex 37.2 50.4988 -83.6432
    endloop
  endfacet
  facet normal 1 0 0
    outer loop
      vertex 37.2 51.9771 -84.2371
      vertex 37.2 50.4988 -83.6432
      vertex 37.2 50.4415 -83.7462
    endloop
  endfacet
  facet normal 1 0 0
    outer loop
      vertex 37.2 51.9771 -84.2371
      vertex 37.2 50.4415 -83.7462
      vertex 37.2 51.9473 -84.3511
    endloop
  endfacet
  facet normal 1 0 0
    outer loop
      vertex 37.2 50.4415 -83.7462
      vertex 37.2 50.4053 -83.8221
      vertex 37.2 51.9473 -84.3511
    endloop
  endfacet
  facet normal 1 0 0
    outer loop
      vertex 37.2 50.4053 -83.8221
      vertex 37.2 51.9209 -84.431
      vertex 37.2 51.9473 -84.3511
    endloop
  endfacet
  facet normal 1 0 -0
    outer loop
      vertex 37.2 51.895 -84.4931
      vertex 37.2 51.9209 -84.431
      vertex 37.2 50.4053 -83.8221
    endloop
  endfacet
  facet normal 1 0 0
    outer loop
      vertex 37.2 50.381 -83.8849
      vertex 37.2 50.4053 -83.8221
      vertex 37.2 50.3864 -83.8689
    endloop
  endfacet
  facet normal 1 0 0
    outer loop
      vertex 37.2 51.895 -84.4931
      vertex 37.2 50.4053 -83.8221
      vertex 37.2 50.381 -83.8849
    endloop
  endfacet
  facet normal 1 0 0
    outer loop
      vertex 37.2 51.895 -84.4931
      vertex 37.2 50.381 -83.8849
      vertex 37.2 51.791 -85.2431
    endloop
  endfacet
  facet normal 1 0 0
    outer loop
      vertex 37.2 50.381 -83.8849
      vertex 37.2 49.9372 -84.4984
      vertex 37.2 51.791 -85.2431
    endloop
  endfacet
  facet normal 1 0 0
    outer loop
      vertex 37.2 50.381 -83.8849
      vertex 37.2 49.921 -84.4919
      vertex 37.2 49.9372 -84.4984
    endloop
  endfacet
  facet normal 1 0 0
    outer loop
      vertex 37.2 47.5939 -89.5839
      vertex 37.2 46.9063 -84.3276
      vertex 37.2 46.5608 -84.3871
    endloop
  endfacet
  facet normal 1 0 0
    outer loop
      vertex 37.2 49.2688 -84.3546
      vertex 37.2 49.0926 -83.6137
      vertex 37.2 49.2515 -84.354
    endloop
  endfacet
  facet normal 1 0 -0
    outer loop
      vertex 37.2 49.0941 -83.5969
      vertex 37.2 49.0957 -83.5464
      vertex 37.2 49.0926 -83.6137
    endloop
  endfacet
  facet normal 1 0 0
    outer loop
      vertex 37.2 46.1071 -83.6033
      vertex 37.2 44.5649 -84.1078
      vertex 37.2 44.5859 -84.1893
    endloop
  endfacet
  facet normal 1 0 0
    outer loop
      vertex 37.2 49.0587 -83.1953
      vertex 37.2 47.5232 -83.1447
      vertex 37.2 49.0822 -83.345
    endloop
  endfacet
  facet normal 1 0 0
    outer loop
      vertex 37.2 49.0186 -83.0146
      vertex 37.2 48.9578 -82.8044
      vertex 37.2 47.5751 -82.967
    endloop
  endfacet
  facet normal 1 0 0
    outer loop
      vertex 37.2 48.9578 -82.8044
      vertex 37.2 48.8726 -82.5667
      vertex 37.2 47.6496 -82.7612
    endloop
  endfacet
  facet normal 1 0 0
    outer loop
      vertex 37.2 48.8726 -82.5667
      vertex 37.2 47.7503 -82.5297
      vertex 37.2 47.6496 -82.7612
    endloop
  endfacet
  facet normal 1 0 0
    outer loop
      vertex 37.2 47.8807 -82.275
      vertex 37.2 47.7503 -82.5297
      vertex 37.2 48.8726 -82.5667
    endloop
  endfacet
  facet normal 1 0 0
    outer loop
      vertex 37.2 47.8807 -82.275
      vertex 37.2 48.8726 -82.5667
      vertex 37.2 48.7592 -82.304
    endloop
  endfacet
  facet normal 1 -0 0
    outer loop
      vertex 37.2 47.8807 -82.275
      vertex 37.2 48.7592 -82.304
      vertex 37.2 48.6143 -82.0189
    endloop
  endfacet
  facet normal 1 0 0
    outer loop
      vertex 37.2 47.5751 -82.967
      vertex 37.2 48.9578 -82.8044
      vertex 37.2 47.6496 -82.7612
    endloop
  endfacet
  facet normal 1 0 0
    outer loop
      vertex 37.2 49.0587 -83.1953
      vertex 37.2 49.0186 -83.0146
      vertex 37.2 47.5751 -82.967
    endloop
  endfacet
  facet normal 1 0 0
    outer loop
      vertex 37.2 49.0587 -83.1953
      vertex 37.2 47.5751 -82.967
      vertex 37.2 47.5232 -83.1447
    endloop
  endfacet
  facet normal 1 -0 0
    outer loop
      vertex 37.2 44.6213 -82.5881
      vertex 37.2 44.5618 -82.9023
      vertex 37.2 45.1635 -82.4107
    endloop
  endfacet
  facet normal 1 0 0
    outer loop
      vertex 37.2 49.0822 -83.345
      vertex 37.2 47.5232 -83.1447
      vertex 37.2 47.4899 -83.2925
    endloop
  endfacet
  facet normal 1 0 0
    outer loop
      vertex 37.2 49.0822 -83.345
      vertex 37.2 47.4899 -83.2925
      vertex 37.2 47.4713 -83.4089
    endloop
  endfacet
  facet normal 1 0 0
    outer loop
      vertex 37.2 49.0822 -83.345
      vertex 37.2 47.4713 -83.4089
      vertex 37.2 49.0931 -83.4623
    endloop
  endfacet
  facet normal 1 0 0
    outer loop
      vertex 37.2 47.4713 -83.4089
      vertex 37.2 49.0957 -83.5464
      vertex 37.2 49.0931 -83.4623
    endloop
  endfacet
  facet normal 1 -0 0
    outer loop
      vertex 37.2 47.4632 -83.4926
      vertex 37.2 49.0957 -83.5464
      vertex 37.2 47.4713 -83.4089
    endloop
  endfacet
  facet normal 1 -0 0
    outer loop
      vertex 37.2 47.4615 -83.5431
      vertex 37.2 47.4618 -83.5599
      vertex 37.2 47.4632 -83.4926
    endloop
  endfacet
  facet normal 1 -0 0
    outer loop
      vertex 37.2 47.4618 -83.5599
      vertex 37.2 49.0926 -83.6137
      vertex 37.2 49.0957 -83.5464
    endloop
  endfacet
  facet normal 1 0 0
    outer loop
      vertex 37.2 49.2515 -84.354
      vertex 37.2 49.0926 -83.6137
      vertex 37.2 47.4618 -83.5599
    endloop
  endfacet
  facet normal 1 0 -0
    outer loop
      vertex 37.2 47.2546 -84.2882
      vertex 37.2 47.4618 -83.5599
      vertex 37.2 47.2372 -84.2876
    endloop
  endfacet
  facet normal 1 0 0
    outer loop
      vertex 37.2 46.3034 -90.2325
      vertex 37.2 42.2304 -86.8256
      vertex 37.2 42.0041 -87.0932
    endloop
  endfacet
  facet normal 1 0 0
    outer loop
      vertex 37.2 49.2515 -84.354
      vertex 37.2 47.4618 -83.5599
      vertex 37.2 47.2546 -84.2882
    endloop
  endfacet
  facet normal 1 0 0
    outer loop
      vertex 37.2 45.9388 -91.231
      vertex 37.2 45.8578 -90.8111
      vertex 37.2 45.6026 -91.4953
    endloop
  endfacet
  facet normal 1 0 0
    outer loop
      vertex 37.2 46.5774 -84.3817
      vertex 37.2 46.1584 -83.7457
      vertex 37.2 46.5608 -84.3871
    endloop
  endfacet
  facet normal 1 0 0
    outer loop
      vertex 37.2 46.1541 -83.7295
      vertex 37.2 46.1383 -83.6815
      vertex 37.2 46.1584 -83.7457
    endloop
  endfacet
  facet normal 1 0 0
    outer loop
      vertex 37.2 43.3494 -84.7571
      vertex 37.2 43.2657 -84.6742
      vertex 37.2 42.0122 -85.6575
    endloop
  endfacet
  facet normal 1 0 0
    outer loop
      vertex 37.2 45.9835 -83.3642
      vertex 37.2 44.5233 -83.8418
      vertex 37.2 44.5425 -83.9921
    endloop
  endfacet
  facet normal 1 0 0
    outer loop
      vertex 37.2 45.884 -83.2081
      vertex 37.2 45.755 -83.0313
      vertex 37.2 44.5113 -83.6571
    endloop
  endfacet
  facet normal 1 0 0
    outer loop
      vertex 37.2 45.755 -83.0313
      vertex 37.2 45.5936 -82.8371
      vertex 37.2 44.5109 -83.4382
    endloop
  endfacet
  facet normal 1 0 0
    outer loop
      vertex 37.2 45.5936 -82.8371
      vertex 37.2 44.5263 -83.1862
      vertex 37.2 44.5109 -83.4382
    endloop
  endfacet
  facet normal 1 0 0
    outer loop
      vertex 37.2 45.3972 -82.629
      vertex 37.2 44.5263 -83.1862
      vertex 37.2 45.5936 -82.8371
    endloop
  endfacet
  facet normal 1 -0 0
    outer loop
      vertex 37.2 44.5618 -82.9023
      vertex 37.2 44.5263 -83.1862
      vertex 37.2 45.3972 -82.629
    endloop
  endfacet
  facet normal 1 0 0
    outer loop
      vertex 37.2 44.5618 -82.9023
      vertex 37.2 45.3972 -82.629
      vertex 37.2 45.1635 -82.4107
    endloop
  endfacet
  facet normal 1 0 -0
    outer loop
      vertex 37.2 44.5113 -83.6571
      vertex 37.2 45.755 -83.0313
      vertex 37.2 44.5109 -83.4382
    endloop
  endfacet
  facet normal 1 0 -0
    outer loop
      vertex 37.2 44.5233 -83.8418
      vertex 37.2 45.884 -83.2081
      vertex 37.2 44.5113 -83.6571
    endloop
  endfacet
  facet normal 1 0 0
    outer loop
      vertex 37.2 45.9835 -83.3642
      vertex 37.2 45.884 -83.2081
      vertex 37.2 44.5233 -83.8418
    endloop
  endfacet
  facet normal 1 0 0
    outer loop
      vertex 37.2 41.606 -84.3113
      vertex 37.2 42.3491 -84.0844
      vertex 37.2 42.0548 -83.9592
    endloop
  endfacet
  facet normal 1 0 0
    outer loop
      vertex 37.2 46.0567 -83.4968
      vertex 37.2 45.9835 -83.3642
      vertex 37.2 44.5425 -83.9921
    endloop
  endfacet
  facet normal 1 0 0
    outer loop
      vertex 37.2 46.0567 -83.4968
      vertex 37.2 44.5425 -83.9921
      vertex 37.2 44.5649 -84.1078
    endloop
  endfacet
  facet normal 1 0 0
    outer loop
      vertex 37.2 46.0567 -83.4968
      vertex 37.2 44.5649 -84.1078
      vertex 37.2 46.1071 -83.6033
    endloop
  endfacet
  facet normal 1 0 0
    outer loop
      vertex 37.2 46.1071 -83.6033
      vertex 37.2 44.5859 -84.1893
      vertex 37.2 46.1383 -83.6815
    endloop
  endfacet
  facet normal 1 -0 0
    outer loop
      vertex 37.2 44.5859 -84.1893
      vertex 37.2 44.6076 -84.253
      vertex 37.2 46.1383 -83.6815
    endloop
  endfacet
  facet normal 1 -0 -0
    outer loop
      vertex 37.2 44.6015 -84.2373
      vertex 37.2 44.6076 -84.253
      vertex 37.2 44.5859 -84.1893
    endloop
  endfacet
  facet normal 1 0 0
    outer loop
      vertex 37.2 44.6076 -84.253
      vertex 37.2 46.1584 -83.7457
      vertex 37.2 46.1383 -83.6815
    endloop
  endfacet
  facet normal 1 0 -0
    outer loop
      vertex 37.2 44.6621 -85.0082
      vertex 37.2 46.1584 -83.7457
      vertex 37.2 44.6076 -84.253
    endloop
  endfacet
  facet normal 1 0 0
    outer loop
      vertex 37.2 44.6621 -85.0082
      vertex 37.2 44.6076 -84.253
      vertex 37.2 44.6454 -85.0136
    endloop
  endfacet
  facet normal 1 0 0
    outer loop
      vertex 37.2 46.5608 -84.3871
      vertex 37.2 46.1584 -83.7457
      vertex 37.2 44.6621 -85.0082
    endloop
  endfacet
  facet normal 1 0 0
    outer loop
      vertex 37.2 40.9487 -88.7896
      vertex 37.2 40.8086 -89.1109
      vertex 37.2 45.8578 -90.8111
    endloop
  endfacet
  facet normal 1 0 0
    outer loop
      vertex 37.2 44.0576 -85.3277
      vertex 37.2 43.4464 -84.8734
      vertex 37.2 44.0439 -85.3384
    endloop
  endfacet
  facet normal 1 0 0
    outer loop
      vertex 37.2 43.4367 -84.8596
      vertex 37.2 43.4055 -84.8199
      vertex 37.2 43.4464 -84.8734
    endloop
  endfacet
  facet normal 1 0 0
    outer loop
      vertex 37.2 40.2041 -88.088
      vertex 37.2 41.0456 -86.7353
      vertex 37.2 40.9043 -86.6808
    endloop
  endfacet
  facet normal 1 0 0
    outer loop
      vertex 37.2 43.1515 -84.5747
      vertex 37.2 41.9427 -85.5229
      vertex 37.2 42.0122 -85.6575
    endloop
  endfacet
  facet normal 1 0 0
    outer loop
      vertex 37.2 43.0046 -84.462
      vertex 37.2 41.793 -85.1479
      vertex 37.2 41.8682 -85.3534
    endloop
  endfacet
  facet normal 1 0 0
    outer loop
      vertex 37.2 42.8229 -84.34
      vertex 37.2 41.7213 -84.9058
      vertex 37.2 41.793 -85.1479
    endloop
  endfacet
  facet normal 1 0 0
    outer loop
      vertex 37.2 42.6049 -84.2128
      vertex 37.2 41.7213 -84.9058
      vertex 37.2 42.8229 -84.34
    endloop
  endfacet
  facet normal 1 0 0
    outer loop
      vertex 37.2 42.3491 -84.0844
      vertex 37.2 41.7213 -84.9058
      vertex 37.2 42.6049 -84.2128
    endloop
  endfacet
  facet normal 1 -0 0
    outer loop
      vertex 37.2 41.6575 -84.6269
      vertex 37.2 41.7213 -84.9058
      vertex 37.2 42.3491 -84.0844
    endloop
  endfacet
  facet normal 1 0 -0
    outer loop
      vertex 37.2 41.6575 -84.6269
      vertex 37.2 42.3491 -84.0844
      vertex 37.2 41.606 -84.3113
    endloop
  endfacet
  facet normal 1 0 0
    outer loop
      vertex 37.2 43.0046 -84.462
      vertex 37.2 42.8229 -84.34
      vertex 37.2 41.793 -85.1479
    endloop
  endfacet
  facet normal 1 0 -0
    outer loop
      vertex 37.2 41.9427 -85.5229
      vertex 37.2 43.0046 -84.462
      vertex 37.2 41.8682 -85.3534
    endloop
  endfacet
  facet normal 1 0 0
    outer loop
      vertex 37.2 43.1515 -84.5747
      vertex 37.2 43.0046 -84.462
      vertex 37.2 41.9427 -85.5229
    endloop
  endfacet
  facet normal 1 -0 0
    outer loop
      vertex 37.2 39.3619 -86.9618
      vertex 37.2 39.5183 -87.2408
      vertex 37.2 39.6633 -86.4775
    endloop
  endfacet
  facet normal 1 0 0
    outer loop
      vertex 37.2 43.2657 -84.6742
      vertex 37.2 43.1515 -84.5747
      vertex 37.2 42.0122 -85.6575
    endloop
  endfacet
  facet normal 1 0 0
    outer loop
      vertex 37.2 43.3494 -84.7571
      vertex 37.2 42.0122 -85.6575
      vertex 37.2 42.0727 -85.7586
    endloop
  endfacet
  facet normal 1 0 0
    outer loop
      vertex 37.2 43.3494 -84.7571
      vertex 37.2 42.0727 -85.7586
      vertex 37.2 42.1204 -85.828
    endloop
  endfacet
  facet normal 1 0 0
    outer loop
      vertex 37.2 43.3494 -84.7571
      vertex 37.2 42.1204 -85.828
      vertex 37.2 43.4055 -84.8199
    endloop
  endfacet
  facet normal 1 0 0
    outer loop
      vertex 37.2 42.1204 -85.828
      vertex 37.2 43.4464 -84.8734
      vertex 37.2 43.4055 -84.8199
    endloop
  endfacet
  facet normal 1 -0 -0
    outer loop
      vertex 37.2 42.1515 -85.8678
      vertex 37.2 42.1626 -85.8804
      vertex 37.2 42.1204 -85.828
    endloop
  endfacet
  facet normal 1 0 -0
    outer loop
      vertex 37.2 42.1626 -85.8804
      vertex 37.2 43.4464 -84.8734
      vertex 37.2 42.1204 -85.828
    endloop
  endfacet
  facet normal 1 0 -0
    outer loop
      vertex 37.2 42.472 -86.5716
      vertex 37.2 43.4464 -84.8734
      vertex 37.2 42.1626 -85.8804
    endloop
  endfacet
  facet normal 1 0 0
    outer loop
      vertex 37.2 42.472 -86.5716
      vertex 37.2 42.1626 -85.8804
      vertex 37.2 42.4583 -86.5823
    endloop
  endfacet
  facet normal 1 0 0
    outer loop
      vertex 37.2 45.6026 -91.4953
      vertex 37.2 45.5603 -92.2244
      vertex 37.2 45.8037 -91.8728
    endloop
  endfacet
  facet normal 1 0 0
    outer loop
      vertex 37.2 44.0439 -85.3384
      vertex 37.2 43.4464 -84.8734
      vertex 37.2 42.472 -86.5716
    endloop
  endfacet
  facet normal 1 0 0
    outer loop
      vertex 37.2 40.2759 -91.3949
      vertex 37.2 45.5603 -92.2244
      vertex 37.2 45.6026 -91.4953
    endloop
  endfacet
  facet normal 1 -0 0
    outer loop
      vertex 37.2 44.0439 -85.3384
      vertex 37.2 46.8998 -89.8109
      vertex 37.2 44.3482 -85.1643
    endloop
  endfacet
  facet normal 1 0 0
    outer loop
      vertex 37.2 42.0133 -87.0784
      vertex 37.2 41.2835 -86.8606
      vertex 37.2 42.0041 -87.0932
    endloop
  endfacet
  facet normal 1 0 0
    outer loop
      vertex 37.2 41.2697 -86.8509
      vertex 37.2 41.2268 -86.8243
      vertex 37.2 41.2835 -86.8606
    endloop
  endfacet
  facet normal 1 0 0
    outer loop
      vertex 37.2 39.5129 -89.4284
      vertex 37.2 39.3362 -90.9903
      vertex 37.2 39.6644 -89.4313
    endloop
  endfacet
  facet normal 1 0 0
    outer loop
      vertex 37.2 40.9043 -86.6808
      vertex 37.2 40.0927 -87.9853
      vertex 37.2 40.2041 -88.088
    endloop
  endfacet
  facet normal 1 0 0
    outer loop
      vertex 37.2 40.7277 -86.6252
      vertex 37.2 39.8238 -87.6841
      vertex 37.2 39.9648 -87.8514
    endloop
  endfacet
  facet normal 1 0 0
    outer loop
      vertex 37.2 40.5153 -86.5727
      vertex 37.2 40.2668 -86.5276
      vertex 37.2 39.8238 -87.6841
    endloop
  endfacet
  facet normal 1 0 0
    outer loop
      vertex 37.2 40.2668 -86.5276
      vertex 37.2 39.6736 -87.4811
      vertex 37.2 39.8238 -87.6841
    endloop
  endfacet
  facet normal 1 0 0
    outer loop
      vertex 37.2 39.9826 -86.4945
      vertex 37.2 39.6736 -87.4811
      vertex 37.2 40.2668 -86.5276
    endloop
  endfacet
  facet normal 1 -0 0
    outer loop
      vertex 37.2 39.5183 -87.2408
      vertex 37.2 39.6736 -87.4811
      vertex 37.2 39.9826 -86.4945
    endloop
  endfacet
  facet normal 1 0 0
    outer loop
      vertex 37.2 39.5183 -87.2408
      vertex 37.2 39.9826 -86.4945
      vertex 37.2 39.6633 -86.4775
    endloop
  endfacet
  facet normal 1 0 0
    outer loop
      vertex 37.2 40.7277 -86.6252
      vertex 37.2 40.5153 -86.5727
      vertex 37.2 39.8238 -87.6841
    endloop
  endfacet
  facet normal 1 0 -0
    outer loop
      vertex 37.2 40.0927 -87.9853
      vertex 37.2 40.7277 -86.6252
      vertex 37.2 39.9648 -87.8514
    endloop
  endfacet
  facet normal 1 0 0
    outer loop
      vertex 37.2 40.9043 -86.6808
      vertex 37.2 40.7277 -86.6252
      vertex 37.2 40.0927 -87.9853
    endloop
  endfacet
  facet normal 1 0 0
    outer loop
      vertex 37.2 38.1597 -90.2201
      vertex 37.2 38.5831 -89.5686
      vertex 37.2 38.2772 -89.6618
    endloop
  endfacet
  facet normal 1 0 0
    outer loop
      vertex 37.2 41.1527 -86.7845
      vertex 37.2 41.0456 -86.7353
      vertex 37.2 40.2041 -88.088
    endloop
  endfacet
  facet normal 1 0 0
    outer loop
      vertex 37.2 41.2268 -86.8243
      vertex 37.2 41.1527 -86.7845
      vertex 37.2 40.2955 -88.1623
    endloop
  endfacet
  facet normal 1 0 0
    outer loop
      vertex 37.2 41.2268 -86.8243
      vertex 37.2 40.2955 -88.1623
      vertex 37.2 40.364 -88.2112
    endloop
  endfacet
  facet normal 1 0 0
    outer loop
      vertex 37.2 41.2268 -86.8243
      vertex 37.2 40.364 -88.2112
      vertex 37.2 40.4216 -88.246
    endloop
  endfacet
  facet normal 1 0 0
    outer loop
      vertex 37.2 40.364 -88.2112
      vertex 37.2 40.4069 -88.2379
      vertex 37.2 40.4216 -88.246
    endloop
  endfacet
  facet normal 1 0 0
    outer loop
      vertex 37.2 41.2268 -86.8243
      vertex 37.2 40.4216 -88.246
      vertex 37.2 41.2835 -86.8606
    endloop
  endfacet
  facet normal 1 -0 0
    outer loop
      vertex 37.2 40.4216 -88.246
      vertex 37.2 40.9487 -88.7896
      vertex 37.2 41.2835 -86.8606
    endloop
  endfacet
  facet normal 1 0 -0
    outer loop
      vertex 37.2 40.9395 -88.8044
      vertex 37.2 40.9487 -88.7896
      vertex 37.2 40.4216 -88.246
    endloop
  endfacet
  facet normal 1 0 0
    outer loop
      vertex 37.2 40.9487 -88.7896
      vertex 37.2 42.0041 -87.0932
      vertex 37.2 41.2835 -86.8606
    endloop
  endfacet
  facet normal 1 0 0
    outer loop
      vertex 37.2 45.7348 -92.9335
      vertex 37.2 40.5348 -94.0732
      vertex 37.2 40.634 -94.4094
    endloop
  endfacet
  facet normal 1 -0 0
    outer loop
      vertex 37.2 47.3176 -94.353
      vertex 37.2 48.0415 -94.4496
      vertex 37.2 47.709 -94.1806
    endloop
  endfacet
  facet normal 1 -0 0
    outer loop
      vertex 37.2 39.3279 -89.4366
      vertex 37.2 39.1965 -90.9319
      vertex 37.2 39.5129 -89.4284
    endloop
  endfacet
  facet normal 1 0 0
    outer loop
      vertex 37.2 40.6911 -89.4228
      vertex 37.2 39.9308 -89.4677
      vertex 37.2 40.6875 -89.4398
    endloop
  endfacet
  facet normal 1 0 0
    outer loop
      vertex 37.2 39.9146 -89.4633
      vertex 37.2 39.8651 -89.453
      vertex 37.2 39.9308 -89.4677
    endloop
  endfacet
  facet normal 1 0 0
    outer loop
      vertex 37.2 38.5585 -92.7787
      vertex 37.2 38.4435 -93.8062
      vertex 37.2 38.717 -93.8904
    endloop
  endfacet
  facet normal 1 0 0
    outer loop
      vertex 37.2 39.5129 -89.4284
      vertex 37.2 39.1965 -90.9319
      vertex 37.2 39.3362 -90.9903
    endloop
  endfacet
  facet normal 1 0 0
    outer loop
      vertex 37.2 39.3279 -89.4366
      vertex 37.2 38.8408 -90.7408
      vertex 37.2 39.0305 -90.8498
    endloop
  endfacet
  facet normal 1 0 0
    outer loop
      vertex 37.2 39.1104 -89.4599
      vertex 37.2 38.8616 -89.5026
      vertex 37.2 38.8408 -90.7408
    endloop
  endfacet
  facet normal 1 0 0
    outer loop
      vertex 37.2 38.8616 -89.5026
      vertex 37.2 38.6302 -90.6014
      vertex 37.2 38.8408 -90.7408
    endloop
  endfacet
  facet normal 1 -0 0
    outer loop
      vertex 37.2 38.5831 -89.5686
      vertex 37.2 38.6302 -90.6014
      vertex 37.2 38.8616 -89.5026
    endloop
  endfacet
  facet normal 1 -0 0
    outer loop
      vertex 37.2 38.4021 -90.4287
      vertex 37.2 38.6302 -90.6014
      vertex 37.2 38.5831 -89.5686
    endloop
  endfacet
  facet normal 1 0 -0
    outer loop
      vertex 37.2 38.4021 -90.4287
      vertex 37.2 38.5831 -89.5686
      vertex 37.2 38.1597 -90.2201
    endloop
  endfacet
  facet normal 1 0 0
    outer loop
      vertex 37.2 39.3279 -89.4366
      vertex 37.2 39.1104 -89.4599
      vertex 37.2 38.8408 -90.7408
    endloop
  endfacet
  facet normal 1 0 -0
    outer loop
      vertex 37.2 39.1965 -90.9319
      vertex 37.2 39.3279 -89.4366
      vertex 37.2 39.0305 -90.8498
    endloop
  endfacet
  facet normal 1 0 0
    outer loop
      vertex 37.2 39.3362 -90.9903
      vertex 37.2 39.7818 -89.4409
      vertex 37.2 39.6644 -89.4313
    endloop
  endfacet
  facet normal 1 -0 0
    outer loop
      vertex 37.2 39.5346 -92.3817
      vertex 37.2 39.4846 -92.3889
      vertex 37.2 39.5513 -92.3803
    endloop
  endfacet
  facet normal 1 0 -0
    outer loop
      vertex 37.2 39.4476 -91.0288
      vertex 37.2 39.7818 -89.4409
      vertex 37.2 39.3362 -90.9903
    endloop
  endfacet
  facet normal 1 0 0
    outer loop
      vertex 37.2 39.8651 -89.453
      vertex 37.2 39.7818 -89.4409
      vertex 37.2 39.4476 -91.0288
    endloop
  endfacet
  facet normal 1 0 0
    outer loop
      vertex 37.2 39.8651 -89.453
      vertex 37.2 39.4476 -91.0288
      vertex 37.2 39.5287 -91.0513
    endloop
  endfacet
  facet normal 1 0 0
    outer loop
      vertex 37.2 39.8651 -89.453
      vertex 37.2 39.5287 -91.0513
      vertex 37.2 39.5947 -91.0644
    endloop
  endfacet
  facet normal 1 0 0
    outer loop
      vertex 37.2 39.5287 -91.0513
      vertex 37.2 39.5781 -91.0618
      vertex 37.2 39.5947 -91.0644
    endloop
  endfacet
  facet normal 1 0 0
    outer loop
      vertex 37.2 39.8651 -89.453
      vertex 37.2 39.5947 -91.0644
      vertex 37.2 39.9308 -89.4677
    endloop
  endfacet
  facet normal 1 -0 0
    outer loop
      vertex 37.2 39.5947 -91.0644
      vertex 37.2 40.2759 -91.3949
      vertex 37.2 39.9308 -89.4677
    endloop
  endfacet
  facet normal 1 0 -0
    outer loop
      vertex 37.2 40.2759 -91.3949
      vertex 37.2 40.6875 -89.4398
      vertex 37.2 39.9308 -89.4677
    endloop
  endfacet
  facet normal 1 0 0
    outer loop
      vertex 37.2 46.1106 -93.5597
      vertex 37.2 45.7348 -92.9335
      vertex 37.2 41.6941 -96.5014
    endloop
  endfacet
  facet normal 1 0 -0
    outer loop
      vertex 37.2 40.2724 -91.4119
      vertex 37.2 40.2759 -91.3949
      vertex 37.2 39.5947 -91.0644
    endloop
  endfacet
  facet normal 1 0 -0
    outer loop
      vertex 37.2 42.1266 -97.0527
      vertex 37.2 46.1106 -93.5597
      vertex 37.2 41.9023 -96.7834
    endloop
  endfacet
  facet normal 1 -0 0
    outer loop
      vertex 37.2 38.9742 -92.5572
      vertex 37.2 39.3621 -94.0073
      vertex 37.2 39.1452 -92.4863
    endloop
  endfacet
  facet normal 1 0 0
    outer loop
      vertex 37.2 38.0639 -93.1283
      vertex 37.2 38.1444 -93.693
      vertex 37.2 38.4435 -93.8062
    endloop
  endfacet
  facet normal 1 0 0
    outer loop
      vertex 37.2 40.2529 -92.0953
      vertex 37.2 40.2504 -92.0781
      vertex 37.2 39.5513 -92.3803
    endloop
  endfacet
  facet normal 1 0 0
    outer loop
      vertex 37.2 40.1909 -95.2469
      vertex 37.2 40.1757 -95.254
      vertex 37.2 40.1311 -95.2779
    endloop
  endfacet
  facet normal 1 0 0
    outer loop
      vertex 37.2 39.1452 -92.4863
      vertex 37.2 39.3621 -94.0073
      vertex 37.2 39.5134 -94.0144
    endloop
  endfacet
  facet normal 1 0 0
    outer loop
      vertex 37.2 38.9742 -92.5572
      vertex 37.2 38.9624 -93.9494
      vertex 37.2 39.178 -93.987
    endloop
  endfacet
  facet normal 1 0 0
    outer loop
      vertex 37.2 38.7777 -92.6535
      vertex 37.2 38.5585 -92.7787
      vertex 37.2 38.9624 -93.9494
    endloop
  endfacet
  facet normal 1 0 0
    outer loop
      vertex 37.2 38.5585 -92.7787
      vertex 37.2 38.717 -93.8904
      vertex 37.2 38.9624 -93.9494
    endloop
  endfacet
  facet normal 1 -0 0
    outer loop
      vertex 37.2 38.3194 -92.936
      vertex 37.2 38.4435 -93.8062
      vertex 37.2 38.5585 -92.7787
    endloop
  endfacet
  facet normal 1 -0 0
    outer loop
      vertex 37.2 38.0639 -93.1283
      vertex 37.2 38.4435 -93.8062
      vertex 37.2 38.3194 -92.936
    endloop
  endfacet
  facet normal 1 0 -0
    outer loop
      vertex 37.2 38.9624 -93.9494
      vertex 37.2 38.9742 -92.5572
      vertex 37.2 38.7777 -92.6535
    endloop
  endfacet
  facet normal 1 -0 -0
    outer loop
      vertex 37.2 39.178 -93.987
      vertex 37.2 39.3621 -94.0073
      vertex 37.2 38.9742 -92.5572
    endloop
  endfacet
  facet normal 1 -0 0
    outer loop
      vertex 37.2 39.1452 -92.4863
      vertex 37.2 39.5134 -94.0144
      vertex 37.2 39.2886 -92.4372
    endloop
  endfacet
  facet normal 1 0 0
    outer loop
      vertex 37.2 39.5134 -94.0144
      vertex 37.2 39.4022 -92.4061
      vertex 37.2 39.2886 -92.4372
    endloop
  endfacet
  facet normal 1 0 0
    outer loop
      vertex 37.2 41.7724 -97.722
      vertex 37.2 41.7605 -97.7339
      vertex 37.2 41.7268 -97.7715
    endloop
  endfacet
  facet normal 1 0 0
    outer loop
      vertex 37.2 39.6312 -94.0125
      vertex 37.2 39.4022 -92.4061
      vertex 37.2 39.5134 -94.0144
    endloop
  endfacet
  facet normal 1 0 0
    outer loop
      vertex 37.2 39.7151 -94.0059
      vertex 37.2 39.4022 -92.4061
      vertex 37.2 39.6312 -94.0125
    endloop
  endfacet
  facet normal 1 0 0
    outer loop
      vertex 37.2 39.4846 -92.3889
      vertex 37.2 39.4022 -92.4061
      vertex 37.2 39.7151 -94.0059
    endloop
  endfacet
  facet normal 1 -0 0
    outer loop
      vertex 37.2 39.4846 -92.3889
      vertex 37.2 39.7151 -94.0059
      vertex 37.2 39.5513 -92.3803
    endloop
  endfacet
  facet normal 1 0 0
    outer loop
      vertex 37.2 39.7151 -94.0059
      vertex 37.2 39.7651 -93.9989
      vertex 37.2 39.7816 -93.9956
    endloop
  endfacet
  facet normal 1 0 -0
    outer loop
      vertex 37.2 39.7151 -94.0059
      vertex 37.2 39.7816 -93.9956
      vertex 37.2 39.5513 -92.3803
    endloop
  endfacet
  facet normal 1 0 -0
    outer loop
      vertex 37.2 39.7816 -93.9956
      vertex 37.2 40.2529 -92.0953
      vertex 37.2 39.5513 -92.3803
    endloop
  endfacet
  facet normal 1 0 0
    outer loop
      vertex 37.2 40.5373 -94.0904
      vertex 37.2 40.5348 -94.0732
      vertex 37.2 39.7816 -93.9956
    endloop
  endfacet
  facet normal 1 0 0
    outer loop
      vertex 37.2 40.5348 -94.0732
      vertex 37.2 40.2529 -92.0953
      vertex 37.2 39.7816 -93.9956
    endloop
  endfacet
  facet normal 1 0 0
    outer loop
      vertex 37.2 47.0791 -93.998
      vertex 37.2 46.6543 -94.0473
      vertex 37.2 47.3176 -94.353
    endloop
  endfacet
  facet normal 1 0 -0
    outer loop
      vertex 37.2 44.209 -98.7569
      vertex 37.2 46.6543 -94.0473
      vertex 37.2 43.9061 -98.5804
    endloop
  endfacet
  facet normal 1 0 -0
    outer loop
      vertex 37.2 40.3896 -96.8844
      vertex 37.2 40.5695 -96.8406
      vertex 37.2 39.8456 -95.4854
    endloop
  endfacet
  facet normal 1 -0 0
    outer loop
      vertex 37.2 39.049 -96.4586
      vertex 37.2 39.3178 -96.9617
      vertex 37.2 39.2234 -96.1905
    endloop
  endfacet
  facet normal 1 0 0
    outer loop
      vertex 37.2 40.7527 -94.7392
      vertex 37.2 40.7445 -94.7238
      vertex 37.2 40.1909 -95.2469
    endloop
  endfacet
  facet normal 1 0 0
    outer loop
      vertex 37.2 39.9634 -95.3903
      vertex 37.2 39.8456 -95.4854
      vertex 37.2 40.5695 -96.8406
    endloop
  endfacet
  facet normal 1 0 0
    outer loop
      vertex 37.2 40.3896 -96.8844
      vertex 37.2 39.7091 -95.6106
      vertex 37.2 39.5574 -95.7683
    endloop
  endfacet
  facet normal 1 0 0
    outer loop
      vertex 37.2 40.1742 -96.9228
      vertex 37.2 39.5574 -95.7683
      vertex 37.2 39.9234 -96.9514
    endloop
  endfacet
  facet normal 1 0 0
    outer loop
      vertex 37.2 39.5574 -95.7683
      vertex 37.2 39.3942 -95.9609
      vertex 37.2 39.9234 -96.9514
    endloop
  endfacet
  facet normal 1 0 0
    outer loop
      vertex 37.2 39.3942 -95.9609
      vertex 37.2 39.2234 -96.1905
      vertex 37.2 39.9234 -96.9514
    endloop
  endfacet
  facet normal 1 0 0
    outer loop
      vertex 37.2 39.2234 -96.1905
      vertex 37.2 39.6376 -96.9658
      vertex 37.2 39.9234 -96.9514
    endloop
  endfacet
  facet normal 1 -0 -0
    outer loop
      vertex 37.2 39.3178 -96.9617
      vertex 37.2 39.6376 -96.9658
      vertex 37.2 39.2234 -96.1905
    endloop
  endfacet
  facet normal 1 0 -0
    outer loop
      vertex 37.2 40.1742 -96.9228
      vertex 37.2 40.3896 -96.8844
      vertex 37.2 39.5574 -95.7683
    endloop
  endfacet
  facet normal 1 0 0
    outer loop
      vertex 37.2 40.3896 -96.8844
      vertex 37.2 39.8456 -95.4854
      vertex 37.2 39.7091 -95.6106
    endloop
  endfacet
  facet normal 1 0 -0
    outer loop
      vertex 37.2 40.5695 -96.8406
      vertex 37.2 40.7141 -96.7955
      vertex 37.2 39.9634 -95.3903
    endloop
  endfacet
  facet normal 1 0 -0
    outer loop
      vertex 37.2 40.7141 -96.7955
      vertex 37.2 40.8242 -96.7534
      vertex 37.2 39.9634 -95.3903
    endloop
  endfacet
  facet normal 1 0 0
    outer loop
      vertex 37.2 44.105 -99.5069
      vertex 37.2 44.0979 -99.5221
      vertex 37.2 44.0791 -99.569
    endloop
  endfacet
  facet normal 1 0 0
    outer loop
      vertex 37.2 40.8242 -96.7534
      vertex 37.2 40.0596 -95.3222
      vertex 37.2 39.9634 -95.3903
    endloop
  endfacet
  facet normal 1 0 0
    outer loop
      vertex 37.2 40.1311 -95.2779
      vertex 37.2 40.0596 -95.3222
      vertex 37.2 40.8242 -96.7534
    endloop
  endfacet
  facet normal 1 0 0
    outer loop
      vertex 37.2 40.1311 -95.2779
      vertex 37.2 40.8242 -96.7534
      vertex 37.2 40.9008 -96.7186
    endloop
  endfacet
  facet normal 1 0 0
    outer loop
      vertex 37.2 40.1311 -95.2779
      vertex 37.2 40.9008 -96.7186
      vertex 37.2 40.9598 -96.6861
    endloop
  endfacet
  facet normal 1 0 0
    outer loop
      vertex 37.2 40.9008 -96.7186
      vertex 37.2 40.9454 -96.6948
      vertex 37.2 40.9598 -96.6861
    endloop
  endfacet
  facet normal 1 -0 0
    outer loop
      vertex 37.2 40.1311 -95.2779
      vertex 37.2 40.9598 -96.6861
      vertex 37.2 40.1909 -95.2469
    endloop
  endfacet
  facet normal 1 0 -0
    outer loop
      vertex 37.2 40.9598 -96.6861
      vertex 37.2 41.6941 -96.5014
      vertex 37.2 40.1909 -95.2469
    endloop
  endfacet
  facet normal 1 0 0
    outer loop
      vertex 37.2 41.6941 -96.5014
      vertex 37.2 40.7527 -94.7392
      vertex 37.2 40.1909 -95.2469
    endloop
  endfacet
  facet normal 1 0 0
    outer loop
      vertex 37.2 41.7023 -96.5167
      vertex 37.2 41.6941 -96.5014
      vertex 37.2 40.9598 -96.6861
    endloop
  endfacet
  facet normal 1 0 0
    outer loop
      vertex 37.2 47.3176 -94.353
      vertex 37.2 46.0628 -99.5016
      vertex 37.2 46.4036 -99.5838
    endloop
  endfacet
  facet normal 1 0 0
    outer loop
      vertex 37.2 45.7348 -92.9335
      vertex 37.2 45.5603 -92.2244
      vertex 37.2 40.5348 -94.0732
    endloop
  endfacet
  facet normal 1 0 0
    outer loop
      vertex 37.2 48.7617 -94.3286
      vertex 37.2 48.3647 -94.1695
      vertex 37.2 48.0415 -94.4496
    endloop
  endfacet
  facet normal 1 0 -0
    outer loop
      vertex 37.2 42.5192 -99.1928
      vertex 37.2 42.6732 -99.09
      vertex 37.2 41.5294 -98.0642
    endloop
  endfacet
  facet normal 1 0 -0
    outer loop
      vertex 37.2 42.3299 -99.3025
      vertex 37.2 42.5192 -99.1928
      vertex 37.2 41.3554 -98.4286
    endloop
  endfacet
  facet normal 1 0 0
    outer loop
      vertex 37.2 42.1266 -97.0527
      vertex 37.2 42.1136 -97.0411
      vertex 37.2 41.7724 -97.722
    endloop
  endfacet
  facet normal 1 0 0
    outer loop
      vertex 37.2 41.6077 -97.9345
      vertex 37.2 41.5294 -98.0642
      vertex 37.2 42.6732 -99.09
    endloop
  endfacet
  facet normal 1 0 0
    outer loop
      vertex 37.2 42.5192 -99.1928
      vertex 37.2 41.444 -98.2285
      vertex 37.2 41.3554 -98.4286
    endloop
  endfacet
  facet normal 1 0 0
    outer loop
      vertex 37.2 42.3299 -99.3025
      vertex 37.2 41.3554 -98.4286
      vertex 37.2 42.1039 -99.4151
    endloop
  endfacet
  facet normal 1 0 0
    outer loop
      vertex 37.2 41.3554 -98.4286
      vertex 37.2 41.2679 -98.6654
      vertex 37.2 42.1039 -99.4151
    endloop
  endfacet
  facet normal 1 0 0
    outer loop
      vertex 37.2 41.2679 -98.6654
      vertex 37.2 41.8403 -99.5264
      vertex 37.2 42.1039 -99.4151
    endloop
  endfacet
  facet normal 1 -0 0
    outer loop
      vertex 37.2 41.1859 -98.9396
      vertex 37.2 41.8403 -99.5264
      vertex 37.2 41.2679 -98.6654
    endloop
  endfacet
  facet normal 1 -0 0
    outer loop
      vertex 37.2 41.1137 -99.2511
      vertex 37.2 41.8403 -99.5264
      vertex 37.2 41.1859 -98.9396
    endloop
  endfacet
  facet normal 1 0 -0
    outer loop
      vertex 37.2 41.5384 -99.632
      vertex 37.2 41.8403 -99.5264
      vertex 37.2 41.1137 -99.2511
    endloop
  endfacet
  facet normal 1 0 0
    outer loop
      vertex 37.2 42.5192 -99.1928
      vertex 37.2 41.5294 -98.0642
      vertex 37.2 41.444 -98.2285
    endloop
  endfacet
  facet normal 1 0 -0
    outer loop
      vertex 37.2 42.6732 -99.09
      vertex 37.2 42.7937 -98.9982
      vertex 37.2 41.6077 -97.9345
    endloop
  endfacet
  facet normal 1 0 -0
    outer loop
      vertex 37.2 42.7937 -98.9982
      vertex 37.2 42.8827 -98.921
      vertex 37.2 41.6077 -97.9345
    endloop
  endfacet
  facet normal 1 0 0
    outer loop
      vertex 37.2 46.9074 -100.386
      vertex 37.2 46.9059 -100.403
      vertex 37.2 46.9043 -100.454
    endloop
  endfacet
  facet normal 1 0 0
    outer loop
      vertex 37.2 42.8827 -98.921
      vertex 37.2 41.6747 -97.8376
      vertex 37.2 41.6077 -97.9345
    endloop
  endfacet
  facet normal 1 0 0
    outer loop
      vertex 37.2 42.9427 -98.8621
      vertex 37.2 41.6747 -97.8376
      vertex 37.2 42.8827 -98.921
    endloop
  endfacet
  facet normal 1 0 0
    outer loop
      vertex 37.2 41.7268 -97.7715
      vertex 37.2 41.6747 -97.8376
      vertex 37.2 42.9427 -98.8621
    endloop
  endfacet
  facet normal 1 -0 0
    outer loop
      vertex 37.2 41.7268 -97.7715
      vertex 37.2 42.9427 -98.8621
      vertex 37.2 41.7724 -97.722
    endloop
  endfacet
  facet normal 1 0 0
    outer loop
      vertex 37.2 42.9427 -98.8621
      vertex 37.2 42.9765 -98.8245
      vertex 37.2 42.9871 -98.8114
    endloop
  endfacet
  facet normal 1 0 -0
    outer loop
      vertex 37.2 42.9427 -98.8621
      vertex 37.2 42.9871 -98.8114
      vertex 37.2 41.7724 -97.722
    endloop
  endfacet
  facet normal 1 0 0
    outer loop
      vertex 37.2 42.9871 -98.8114
      vertex 37.2 42.1266 -97.0527
      vertex 37.2 41.7724 -97.722
    endloop
  endfacet
  facet normal 1 0 0
    outer loop
      vertex 37.2 43.614 -98.3867
      vertex 37.2 42.1266 -97.0527
      vertex 37.2 42.9871 -98.8114
    endloop
  endfacet
  facet normal 1 0 0
    outer loop
      vertex 37.2 48.0415 -94.4496
      vertex 37.2 48.7454 -99.7118
      vertex 37.2 49.0937 -99.6724
    endloop
  endfacet
  facet normal 1 0 0
    outer loop
      vertex 37.2 43.6269 -98.3983
      vertex 37.2 43.614 -98.3867
      vertex 37.2 42.9871 -98.8114
    endloop
  endfacet
  facet normal 1 0 -0
    outer loop
      vertex 37.2 48.3241 -89.5715
      vertex 37.2 49.2515 -84.354
      vertex 37.2 47.2546 -84.2882
    endloop
  endfacet
  facet normal 1 0 -0
    outer loop
      vertex 37.2 45.4194 -100.484
      vertex 37.2 45.5012 -100.357
      vertex 37.2 44.0229 -99.7629
    endloop
  endfacet
  facet normal 1 0 0
    outer loop
      vertex 37.2 45.3098 -100.634
      vertex 37.2 43.9937 -99.9116
      vertex 37.2 43.9696 -100.095
    endloop
  endfacet
  facet normal 1 0 0
    outer loop
      vertex 37.2 44.209 -98.7569
      vertex 37.2 44.1928 -98.7504
      vertex 37.2 44.105 -99.5069
    endloop
  endfacet
  facet normal 1 0 0
    outer loop
      vertex 37.2 44.0229 -99.7629
      vertex 37.2 43.9937 -99.9116
      vertex 37.2 45.4194 -100.484
    endloop
  endfacet
  facet normal 1 0 0
    outer loop
      vertex 37.2 45.3098 -100.634
      vertex 37.2 43.9696 -100.095
      vertex 37.2 43.9548 -100.313
    endloop
  endfacet
  facet normal 1 0 0
    outer loop
      vertex 37.2 45.1694 -100.801
      vertex 37.2 43.9548 -100.313
      vertex 37.2 44.9956 -100.985
    endloop
  endfacet
  facet normal 1 0 0
    outer loop
      vertex 37.2 43.9548 -100.313
      vertex 37.2 43.9536 -100.566
      vertex 37.2 44.9956 -100.985
    endloop
  endfacet
  facet normal 1 0 0
    outer loop
      vertex 37.2 43.9536 -100.566
      vertex 37.2 44.786 -101.179
      vertex 37.2 44.9956 -100.985
    endloop
  endfacet
  facet normal 1 -0 -0
    outer loop
      vertex 37.2 43.9703 -100.852
      vertex 37.2 44.786 -101.179
      vertex 37.2 43.9536 -100.566
    endloop
  endfacet
  facet normal 1 0 -0
    outer loop
      vertex 37.2 44.5384 -101.382
      vertex 37.2 44.786 -101.179
      vertex 37.2 43.9703 -100.852
    endloop
  endfacet
  facet normal 1 0 0
    outer loop
      vertex 37.2 44.5384 -101.382
      vertex 37.2 43.9703 -100.852
      vertex 37.2 44.009 -101.169
    endloop
  endfacet
  facet normal 1 0 0
    outer loop
      vertex 37.2 45.3098 -100.634
      vertex 37.2 43.9548 -100.313
      vertex 37.2 45.1694 -100.801
    endloop
  endfacet
  facet normal 1 0 0
    outer loop
      vertex 37.2 45.4194 -100.484
      vertex 37.2 43.9937 -99.9116
      vertex 37.2 45.3098 -100.634
    endloop
  endfacet
  facet normal 1 0 -0
    outer loop
      vertex 37.2 45.5012 -100.357
      vertex 37.2 45.5585 -100.254
      vertex 37.2 44.0229 -99.7629
    endloop
  endfacet
  facet normal 1 0 0
    outer loop
      vertex 37.2 49.8416 -100.254
      vertex 37.2 49.8459 -100.271
      vertex 37.2 49.8617 -100.319
    endloop
  endfacet
  facet normal 1 0 0
    outer loop
      vertex 37.2 45.5585 -100.254
      vertex 37.2 44.0527 -99.6489
      vertex 37.2 44.0229 -99.7629
    endloop
  endfacet
  facet normal 1 0 0
    outer loop
      vertex 37.2 45.5947 -100.178
      vertex 37.2 44.0527 -99.6489
      vertex 37.2 45.5585 -100.254
    endloop
  endfacet
  facet normal 1 0 0
    outer loop
      vertex 37.2 44.0791 -99.569
      vertex 37.2 44.0527 -99.6489
      vertex 37.2 45.5947 -100.178
    endloop
  endfacet
  facet normal 1 -0 0
    outer loop
      vertex 37.2 44.0791 -99.569
      vertex 37.2 45.5947 -100.178
      vertex 37.2 44.105 -99.5069
    endloop
  endfacet
  facet normal 1 0 0
    outer loop
      vertex 37.2 45.5947 -100.178
      vertex 37.2 45.6136 -100.131
      vertex 37.2 45.619 -100.115
    endloop
  endfacet
  facet normal 1 0 -0
    outer loop
      vertex 37.2 45.5947 -100.178
      vertex 37.2 45.619 -100.115
      vertex 37.2 44.105 -99.5069
    endloop
  endfacet
  facet normal 1 0 0
    outer loop
      vertex 37.2 45.619 -100.115
      vertex 37.2 44.209 -98.7569
      vertex 37.2 44.105 -99.5069
    endloop
  endfacet
  facet normal 1 0 0
    outer loop
      vertex 37.2 46.0628 -99.5016
      vertex 37.2 44.209 -98.7569
      vertex 37.2 45.619 -100.115
    endloop
  endfacet
  facet normal 1 0 0
    outer loop
      vertex 37.2 49.4142 -94.0006
      vertex 37.2 51.3379 -98.9918
      vertex 37.2 51.6518 -98.8357
    endloop
  endfacet
  facet normal 1 0 0
    outer loop
      vertex 37.2 49.9411 -93.4949
      vertex 37.2 49.5235 -93.5871
      vertex 37.2 49.4142 -94.0006
    endloop
  endfacet
  facet normal 1 0 0
    outer loop
      vertex 37.2 46.079 -99.5081
      vertex 37.2 46.0628 -99.5016
      vertex 37.2 45.619 -100.115
    endloop
  endfacet
  facet normal 1 0 0
    outer loop
      vertex 37.2 52.0939 -85.4196
      vertex 37.2 51.791 -85.2431
      vertex 37.2 49.0255 -89.775
    endloop
  endfacet
  facet normal 1 0 -0
    outer loop
      vertex 37.2 48.4249 -101.033
      vertex 37.2 48.4768 -100.855
      vertex 37.2 46.9413 -100.805
    endloop
  endfacet
  facet normal 1 0 0
    outer loop
      vertex 37.2 48.4249 -101.033
      vertex 37.2 46.9413 -100.805
      vertex 37.2 46.9814 -100.985
    endloop
  endfacet
  facet normal 1 0 0
    outer loop
      vertex 37.2 46.7485 -99.646
      vertex 37.2 46.7312 -99.6454
      vertex 37.2 46.9074 -100.386
    endloop
  endfacet
  facet normal 1 0 0
    outer loop
      vertex 37.2 46.9178 -100.655
      vertex 37.2 46.9413 -100.805
      vertex 37.2 48.4768 -100.855
    endloop
  endfacet
  facet normal 1 0 0
    outer loop
      vertex 37.2 48.4249 -101.033
      vertex 37.2 46.9814 -100.985
      vertex 37.2 47.0422 -101.196
    endloop
  endfacet
  facet normal 1 0 0
    outer loop
      vertex 37.2 48.3504 -101.239
      vertex 37.2 47.0422 -101.196
      vertex 37.2 47.1274 -101.433
    endloop
  endfacet
  facet normal 1 0 0
    outer loop
      vertex 37.2 48.3504 -101.239
      vertex 37.2 47.1274 -101.433
      vertex 37.2 48.2497 -101.47
    endloop
  endfacet
  facet normal 1 0 0
    outer loop
      vertex 37.2 47.1274 -101.433
      vertex 37.2 48.1193 -101.725
      vertex 37.2 48.2497 -101.47
    endloop
  endfacet
  facet normal 1 -0 -0
    outer loop
      vertex 37.2 47.2408 -101.696
      vertex 37.2 48.1193 -101.725
      vertex 37.2 47.1274 -101.433
    endloop
  endfacet
  facet normal 1 0 -0
    outer loop
      vertex 37.2 47.3857 -101.981
      vertex 37.2 48.1193 -101.725
      vertex 37.2 47.2408 -101.696
    endloop
  endfacet
  facet normal 1 0 -0
    outer loop
      vertex 37.2 47.9559 -102
      vertex 37.2 48.1193 -101.725
      vertex 37.2 47.3857 -101.981
    endloop
  endfacet
  facet normal 1 0 0
    outer loop
      vertex 37.2 48.4249 -101.033
      vertex 37.2 47.0422 -101.196
      vertex 37.2 48.3504 -101.239
    endloop
  endfacet
  facet normal 1 0 0
    outer loop
      vertex 37.2 49.4392 -99.6129
      vertex 37.2 49.4226 -99.6183
      vertex 37.2 49.8416 -100.254
    endloop
  endfacet
  facet normal 1 0 -0
    outer loop
      vertex 37.2 48.4768 -100.855
      vertex 37.2 48.5101 -100.707
      vertex 37.2 46.9178 -100.655
    endloop
  endfacet
  facet normal 1 0 -0
    outer loop
      vertex 37.2 48.5101 -100.707
      vertex 37.2 48.5287 -100.591
      vertex 37.2 46.9178 -100.655
    endloop
  endfacet
  facet normal 1 -0 0
    outer loop
      vertex 37.2 49.4142 -94.0006
      vertex 37.2 53.528 -97.4284
      vertex 37.2 49.9411 -93.4949
    endloop
  endfacet
  facet normal 1 0 0
    outer loop
      vertex 37.2 48.5287 -100.591
      vertex 37.2 46.9069 -100.538
      vertex 37.2 46.9178 -100.655
    endloop
  endfacet
  facet normal 1 0 0
    outer loop
      vertex 37.2 46.9043 -100.454
      vertex 37.2 46.9069 -100.538
      vertex 37.2 48.5287 -100.591
    endloop
  endfacet
  facet normal 1 0 0
    outer loop
      vertex 37.2 46.9043 -100.454
      vertex 37.2 48.5287 -100.591
      vertex 37.2 48.5368 -100.507
    endloop
  endfacet
  facet normal 1 -0 0
    outer loop
      vertex 37.2 46.9043 -100.454
      vertex 37.2 48.5368 -100.507
      vertex 37.2 48.5382 -100.44
    endloop
  endfacet
  facet normal 1 0 0
    outer loop
      vertex 37.2 48.5368 -100.507
      vertex 37.2 48.5385 -100.457
      vertex 37.2 48.5382 -100.44
    endloop
  endfacet
  facet normal 1 0 0
    outer loop
      vertex 37.2 46.9043 -100.454
      vertex 37.2 48.5382 -100.44
      vertex 37.2 46.9074 -100.386
    endloop
  endfacet
  facet normal 1 0 0
    outer loop
      vertex 37.2 48.5382 -100.44
      vertex 37.2 46.7485 -99.646
      vertex 37.2 46.9074 -100.386
    endloop
  endfacet
  facet normal 1 0 0
    outer loop
      vertex 37.2 48.7628 -99.7124
      vertex 37.2 48.7454 -99.7118
      vertex 37.2 48.5382 -100.44
    endloop
  endfacet
  facet normal 1 0 0
    outer loop
      vertex 37.2 48.7454 -99.7118
      vertex 37.2 46.7485 -99.646
      vertex 37.2 48.5382 -100.44
    endloop
  endfacet
  facet normal 1 -0 0
    outer loop
      vertex 37.2 49.9411 -93.4949
      vertex 37.2 55.0513 -95.2104
      vertex 37.2 50.2955 -92.8564
    endloop
  endfacet
  facet normal 1 0 0
    outer loop
      vertex 37.2 53.9959 -96.9068
      vertex 37.2 49.9411 -93.4949
      vertex 37.2 53.7696 -97.1744
    endloop
  endfacet
  facet normal 1 0 -0
    outer loop
      vertex 37.2 50.0165 -100.636
      vertex 37.2 51.4575 -100.008
      vertex 37.2 49.9433 -100.503
    endloop
  endfacet
  facet normal 1 0 0
    outer loop
      vertex 37.2 51.4887 -100.343
      vertex 37.2 51.4767 -100.158
      vertex 37.2 50.116 -100.792
    endloop
  endfacet
  facet normal 1 0 0
    outer loop
      vertex 37.2 52.5536 -99.1266
      vertex 37.2 52.5633 -99.1404
      vertex 37.2 52.5945 -99.1801
    endloop
  endfacet
  facet normal 1 0 0
    outer loop
      vertex 37.2 51.4575 -100.008
      vertex 37.2 50.0165 -100.636
      vertex 37.2 51.4767 -100.158
    endloop
  endfacet
  facet normal 1 0 0
    outer loop
      vertex 37.2 51.4887 -100.343
      vertex 37.2 50.116 -100.792
      vertex 37.2 50.245 -100.969
    endloop
  endfacet
  facet normal 1 0 0
    outer loop
      vertex 37.2 51.4891 -100.562
      vertex 37.2 50.245 -100.969
      vertex 37.2 50.4064 -101.163
    endloop
  endfacet
  facet normal 1 0 0
    outer loop
      vertex 37.2 51.4891 -100.562
      vertex 37.2 50.4064 -101.163
      vertex 37.2 51.4737 -100.814
    endloop
  endfacet
  facet normal 1 -0 0
    outer loop
      vertex 37.2 50.4064 -101.163
      vertex 37.2 50.6028 -101.371
      vertex 37.2 51.4737 -100.814
    endloop
  endfacet
  facet normal 1 0 0
    outer loop
      vertex 37.2 50.6028 -101.371
      vertex 37.2 51.4382 -101.098
      vertex 37.2 51.4737 -100.814
    endloop
  endfacet
  facet normal 1 0 -0
    outer loop
      vertex 37.2 50.8365 -101.589
      vertex 37.2 51.4382 -101.098
      vertex 37.2 50.6028 -101.371
    endloop
  endfacet
  facet normal 1 0 -0
    outer loop
      vertex 37.2 51.3787 -101.412
      vertex 37.2 51.4382 -101.098
      vertex 37.2 50.8365 -101.589
    endloop
  endfacet
  facet normal 1 0 0
    outer loop
      vertex 37.2 51.4887 -100.343
      vertex 37.2 50.245 -100.969
      vertex 37.2 51.4891 -100.562
    endloop
  endfacet
  facet normal 1 0 -0
    outer loop
      vertex 37.2 53.9959 -96.9068
      vertex 37.2 55.0513 -95.2104
      vertex 37.2 49.9411 -93.4949
    endloop
  endfacet
  facet normal 1 0 0
    outer loop
      vertex 37.2 51.4767 -100.158
      vertex 37.2 50.0165 -100.636
      vertex 37.2 50.116 -100.792
    endloop
  endfacet
  facet normal 1 0 0
    outer loop
      vertex 37.2 52.5536 -99.1266
      vertex 37.2 51.9561 -98.6616
      vertex 37.2 51.9424 -98.6723
    endloop
  endfacet
  facet normal 1 0 0
    outer loop
      vertex 37.2 51.4575 -100.008
      vertex 37.2 51.4351 -99.8922
      vertex 37.2 49.9433 -100.503
    endloop
  endfacet
  facet normal 1 0 0
    outer loop
      vertex 37.2 51.4351 -99.8922
      vertex 37.2 49.8929 -100.397
      vertex 37.2 49.9433 -100.503
    endloop
  endfacet
  facet normal 1 0 0
    outer loop
      vertex 37.2 51.4141 -99.8107
      vertex 37.2 49.8929 -100.397
      vertex 37.2 51.4351 -99.8922
    endloop
  endfacet
  facet normal 1 -0 0
    outer loop
      vertex 37.2 49.8617 -100.319
      vertex 37.2 49.8929 -100.397
      vertex 37.2 51.4141 -99.8107
    endloop
  endfacet
  facet normal 1 0 0
    outer loop
      vertex 37.2 49.8617 -100.319
      vertex 37.2 51.4141 -99.8107
      vertex 37.2 51.3924 -99.747
    endloop
  endfacet
  facet normal 1 0 0
    outer loop
      vertex 37.2 51.4141 -99.8107
      vertex 37.2 51.3985 -99.7627
      vertex 37.2 51.3924 -99.747
    endloop
  endfacet
  facet normal 1 0 -0
    outer loop
      vertex 37.2 49.8617 -100.319
      vertex 37.2 51.3924 -99.747
      vertex 37.2 49.8416 -100.254
    endloop
  endfacet
  facet normal 1 0 0
    outer loop
      vertex 37.2 51.3924 -99.747
      vertex 37.2 51.3379 -98.9918
      vertex 37.2 49.8416 -100.254
    endloop
  endfacet
  facet normal 1 0 0
    outer loop
      vertex 37.2 51.3379 -98.9918
      vertex 37.2 49.4392 -99.6129
      vertex 37.2 49.8416 -100.254
    endloop
  endfacet
  facet normal 1 0 -0
    outer loop
      vertex 37.2 53.528 -97.4284
      vertex 37.2 53.7696 -97.1744
      vertex 37.2 49.9411 -93.4949
    endloop
  endfacet
  facet normal 1 0 0
    outer loop
      vertex 37.2 51.3546 -98.9864
      vertex 37.2 51.3379 -98.9918
      vertex 37.2 51.3924 -99.747
    endloop
  endfacet
  facet normal 1 0 0
    outer loop
      vertex 37.2 53.528 -97.4284
      vertex 37.2 49.4142 -94.0006
      vertex 37.2 51.9561 -98.6616
    endloop
  endfacet
  facet normal 1 0 -0
    outer loop
      vertex 37.2 55.0513 -95.2104
      vertex 37.2 55.1914 -94.8891
      vertex 37.2 50.2955 -92.8564
    endloop
  endfacet
  facet normal 1 0 0
    outer loop
      vertex 37.2 54.1318 -98.6466
      vertex 37.2 54.0573 -98.4771
      vertex 37.2 52.9954 -99.538
    endloop
  endfacet
  facet normal 1 0 0
    outer loop
      vertex 37.2 53.9878 -98.3425
      vertex 37.2 52.8485 -99.4253
      vertex 37.2 54.0573 -98.4771
    endloop
  endfacet
  facet normal 1 0 0
    outer loop
      vertex 37.2 54.1318 -98.6466
      vertex 37.2 52.9954 -99.538
      vertex 37.2 54.207 -98.8521
    endloop
  endfacet
  facet normal 1 0 0
    outer loop
      vertex 37.2 54.207 -98.8521
      vertex 37.2 53.1771 -99.66
      vertex 37.2 54.2787 -99.0942
    endloop
  endfacet
  facet normal 1 -0 0
    outer loop
      vertex 37.2 53.1771 -99.66
      vertex 37.2 53.3951 -99.7872
      vertex 37.2 54.2787 -99.0942
    endloop
  endfacet
  facet normal 1 -0 0
    outer loop
      vertex 37.2 53.3951 -99.7872
      vertex 37.2 53.6509 -99.9156
      vertex 37.2 54.2787 -99.0942
    endloop
  endfacet
  facet normal 1 0 0
    outer loop
      vertex 37.2 53.6509 -99.9156
      vertex 37.2 54.3425 -99.3731
      vertex 37.2 54.2787 -99.0942
    endloop
  endfacet
  facet normal 1 0 0
    outer loop
      vertex 37.2 54.394 -99.6887
      vertex 37.2 54.3425 -99.3731
      vertex 37.2 53.6509 -99.9156
    endloop
  endfacet
  facet normal 1 0 0
    outer loop
      vertex 37.2 54.394 -99.6887
      vertex 37.2 53.6509 -99.9156
      vertex 37.2 53.9452 -100.041
    endloop
  endfacet
  facet normal 1 -0 0
    outer loop
      vertex 37.2 52.9954 -99.538
      vertex 37.2 53.1771 -99.66
      vertex 37.2 54.207 -98.8521
    endloop
  endfacet
  facet normal 1 0 0
    outer loop
      vertex 37.2 55.3125 -94.5602
      vertex 37.2 50.2955 -92.8564
      vertex 37.2 55.1914 -94.8891
    endloop
  endfacet
  facet normal 1 -0 0
    outer loop
      vertex 37.2 52.8485 -99.4253
      vertex 37.2 52.9954 -99.538
      vertex 37.2 54.0573 -98.4771
    endloop
  endfacet
  facet normal 1 -0 -0
    outer loop
      vertex 37.2 54.7303 -97.1491
      vertex 37.2 54.7732 -97.1757
      vertex 37.2 54.7165 -97.1394
    endloop
  endfacet
  facet normal 1 -0 0
    outer loop
      vertex 37.2 52.7343 -99.3258
      vertex 37.2 52.8485 -99.4253
      vertex 37.2 53.9878 -98.3425
    endloop
  endfacet
  facet normal 1 0 0
    outer loop
      vertex 37.2 55.9073 -96.0147
      vertex 37.2 55.2723 -97.3748
      vertex 37.2 56.0352 -96.1486
    endloop
  endfacet
  facet normal 1 0 -0
    outer loop
      vertex 37.2 52.7343 -99.3258
      vertex 37.2 53.9878 -98.3425
      vertex 37.2 52.6506 -99.2429
    endloop
  endfacet
  facet normal 1 0 0
    outer loop
      vertex 37.2 53.9878 -98.3425
      vertex 37.2 53.9273 -98.2414
      vertex 37.2 52.6506 -99.2429
    endloop
  endfacet
  facet normal 1 0 0
    outer loop
      vertex 37.2 53.9273 -98.2414
      vertex 37.2 53.8796 -98.172
      vertex 37.2 52.6506 -99.2429
    endloop
  endfacet
  facet normal 1 0 0
    outer loop
      vertex 37.2 53.8796 -98.172
      vertex 37.2 52.5945 -99.1801
      vertex 37.2 52.6506 -99.2429
    endloop
  endfacet
  facet normal 1 -0 0
    outer loop
      vertex 37.2 52.5536 -99.1266
      vertex 37.2 52.5945 -99.1801
      vertex 37.2 53.8796 -98.172
    endloop
  endfacet
  facet normal 1 -0 0
    outer loop
      vertex 37.2 50.2955 -92.8564
      vertex 37.2 55.3125 -94.5602
      vertex 37.2 50.4459 -92.1417
    endloop
  endfacet
  facet normal 1 0 0
    outer loop
      vertex 37.2 53.8374 -98.1196
      vertex 37.2 53.8796 -98.172
      vertex 37.2 53.8485 -98.1322
    endloop
  endfacet
  facet normal 1 0 0
    outer loop
      vertex 37.2 52.5536 -99.1266
      vertex 37.2 53.8796 -98.172
      vertex 37.2 53.8374 -98.1196
    endloop
  endfacet
  facet normal 1 0 0
    outer loop
      vertex 37.2 52.5536 -99.1266
      vertex 37.2 53.8374 -98.1196
      vertex 37.2 53.528 -97.4284
    endloop
  endfacet
  facet normal 1 0 -0
    outer loop
      vertex 37.2 52.5536 -99.1266
      vertex 37.2 53.528 -97.4284
      vertex 37.2 51.9561 -98.6616
    endloop
  endfacet
  facet normal 1 0 0
    outer loop
      vertex 37.2 53.8374 -98.1196
      vertex 37.2 53.5417 -97.4177
      vertex 37.2 53.528 -97.4284
    endloop
  endfacet
  facet normal 1 -0 0
    outer loop
      vertex 37.2 53.9867 -96.9216
      vertex 37.2 54.7165 -97.1394
      vertex 37.2 53.9959 -96.9068
    endloop
  endfacet
  facet normal 1 0 0
    outer loop
      vertex 37.2 55.0957 -97.3192
      vertex 37.2 55.9073 -96.0147
      vertex 37.2 55.7959 -95.912
    endloop
  endfacet
  facet normal 1 0 0
    outer loop
      vertex 37.2 55.2723 -97.3748
      vertex 37.2 56.1762 -96.3159
      vertex 37.2 56.0352 -96.1486
    endloop
  endfacet
  facet normal 1 0 0
    outer loop
      vertex 37.2 56.1762 -96.3159
      vertex 37.2 55.4847 -97.4273
      vertex 37.2 55.7332 -97.4724
    endloop
  endfacet
  facet normal 1 0 0
    outer loop
      vertex 37.2 56.1762 -96.3159
      vertex 37.2 55.7332 -97.4724
      vertex 37.2 56.3264 -96.5189
    endloop
  endfacet
  facet normal 1 -0 0
    outer loop
      vertex 37.2 55.7332 -97.4724
      vertex 37.2 56.0174 -97.5055
      vertex 37.2 56.3264 -96.5189
    endloop
  endfacet
  facet normal 1 0 0
    outer loop
      vertex 37.2 56.0174 -97.5055
      vertex 37.2 56.4817 -96.7592
      vertex 37.2 56.3264 -96.5189
    endloop
  endfacet
  facet normal 1 0 -0
    outer loop
      vertex 37.2 56.3367 -97.5225
      vertex 37.2 56.4817 -96.7592
      vertex 37.2 56.0174 -97.5055
    endloop
  endfacet
  facet normal 1 0 0
    outer loop
      vertex 37.2 56.6381 -97.0382
      vertex 37.2 56.4817 -96.7592
      vertex 37.2 56.3367 -97.5225
    endloop
  endfacet
  facet normal 1 -0 0
    outer loop
      vertex 37.2 55.2723 -97.3748
      vertex 37.2 55.4847 -97.4273
      vertex 37.2 56.1762 -96.3159
    endloop
  endfacet
  facet normal 1 0 0
    outer loop
      vertex 37.2 50.4459 -92.1417
      vertex 37.2 55.7241 -92.6051
      vertex 37.2 55.7458 -92.2552
    endloop
  endfacet
  facet normal 1 0 0
    outer loop
      vertex 37.2 55.9073 -96.0147
      vertex 37.2 55.0957 -97.3192
      vertex 37.2 55.2723 -97.3748
    endloop
  endfacet
  facet normal 1 0 0
    outer loop
      vertex 37.2 55.7959 -95.912
      vertex 37.2 54.9544 -97.2647
      vertex 37.2 55.0957 -97.3192
    endloop
  endfacet
  facet normal 1 -0 0
    outer loop
      vertex 37.2 54.8473 -97.2155
      vertex 37.2 54.9544 -97.2647
      vertex 37.2 55.7959 -95.912
    endloop
  endfacet
  facet normal 1 0 0
    outer loop
      vertex 37.2 54.8473 -97.2155
      vertex 37.2 55.7959 -95.912
      vertex 37.2 55.7045 -95.8377
    endloop
  endfacet
  facet normal 1 0 -0
    outer loop
      vertex 37.2 54.8473 -97.2155
      vertex 37.2 55.7045 -95.8377
      vertex 37.2 54.7732 -97.1757
    endloop
  endfacet
  facet normal 1 0 0
    outer loop
      vertex 37.2 55.7045 -95.8377
      vertex 37.2 55.636 -95.7888
      vertex 37.2 54.7732 -97.1757
    endloop
  endfacet
  facet normal 1 0 0
    outer loop
      vertex 37.2 55.636 -95.7888
      vertex 37.2 55.5784 -95.754
      vertex 37.2 54.7732 -97.1757
    endloop
  endfacet
  facet normal 1 0 0
    outer loop
      vertex 37.2 55.5931 -95.7621
      vertex 37.2 55.5784 -95.754
      vertex 37.2 55.636 -95.7888
    endloop
  endfacet
  facet normal 1 0 0
    outer loop
      vertex 37.2 55.5784 -95.754
      vertex 37.2 54.7165 -97.1394
      vertex 37.2 54.7732 -97.1757
    endloop
  endfacet
  facet normal 1 0 0
    outer loop
      vertex 37.2 55.0513 -95.2104
      vertex 37.2 54.7165 -97.1394
      vertex 37.2 55.5784 -95.754
    endloop
  endfacet
  facet normal 1 -0 0
    outer loop
      vertex 37.2 55.0513 -95.2104
      vertex 37.2 55.5784 -95.754
      vertex 37.2 55.0605 -95.1956
    endloop
  endfacet
  facet normal 1 0 0
    outer loop
      vertex 37.2 54.0977 -87.2166
      vertex 37.2 53.8734 -86.9473
      vertex 37.2 50.1007 -90.7393
    endloop
  endfacet
  facet normal 1 -0 0
    outer loop
      vertex 37.2 53.9959 -96.9068
      vertex 37.2 54.7165 -97.1394
      vertex 37.2 55.0513 -95.2104
    endloop
  endfacet
  facet normal 1 0 0
    outer loop
      vertex 37.2 50.4459 -92.1417
      vertex 37.2 50.379 -91.4145
      vertex 37.2 50.1907 -91.7985
    endloop
  endfacet
  facet normal 1 -0 0
    outer loop
      vertex 37.2 50.4459 -92.1417
      vertex 37.2 55.7458 -92.2552
      vertex 37.2 55.7471 -91.9047
    endloop
  endfacet
  facet normal 1 0 0
    outer loop
      vertex 37.2 56.9695 -93.1502
      vertex 37.2 56.8035 -93.0681
      vertex 37.2 56.6721 -94.5634
    endloop
  endfacet
  facet normal 1 -0 0
    outer loop
      vertex 37.2 55.3125 -94.5602
      vertex 37.2 55.3089 -94.5772
      vertex 37.2 56.0692 -94.5323
    endloop
  endfacet
  facet normal 1 0 0
    outer loop
      vertex 37.2 56.0692 -94.5323
      vertex 37.2 56.0854 -94.5367
      vertex 37.2 56.1349 -94.547
    endloop
  endfacet
  facet normal 1 0 0
    outer loop
      vertex 37.2 56.6638 -93.0097
      vertex 37.2 56.4871 -94.5716
      vertex 37.2 56.8035 -93.0681
    endloop
  endfacet
  facet normal 1 0 0
    outer loop
      vertex 37.2 56.9695 -93.1502
      vertex 37.2 56.6721 -94.5634
      vertex 37.2 57.1592 -93.2592
    endloop
  endfacet
  facet normal 1 0 0
    outer loop
      vertex 37.2 57.1592 -93.2592
      vertex 37.2 56.8896 -94.5401
      vertex 37.2 57.1384 -94.4974
    endloop
  endfacet
  facet normal 1 0 0
    outer loop
      vertex 37.2 57.1592 -93.2592
      vertex 37.2 57.1384 -94.4974
      vertex 37.2 57.3698 -93.3986
    endloop
  endfacet
  facet normal 1 0 0
    outer loop
      vertex 37.2 57.1384 -94.4974
      vertex 37.2 57.4169 -94.4314
      vertex 37.2 57.3698 -93.3986
    endloop
  endfacet
  facet normal 1 0 -0
    outer loop
      vertex 37.2 57.4169 -94.4314
      vertex 37.2 57.5979 -93.5713
      vertex 37.2 57.3698 -93.3986
    endloop
  endfacet
  facet normal 1 0 0
    outer loop
      vertex 37.2 57.8403 -93.7799
      vertex 37.2 57.5979 -93.5713
      vertex 37.2 57.4169 -94.4314
    endloop
  endfacet
  facet normal 1 0 0
    outer loop
      vertex 37.2 56.6721 -94.5634
      vertex 37.2 56.8896 -94.5401
      vertex 37.2 57.1592 -93.2592
    endloop
  endfacet
  facet normal 1 0 0
    outer loop
      vertex 37.2 57.4169 -94.4314
      vertex 37.2 57.7228 -94.3382
      vertex 37.2 57.8403 -93.7799
    endloop
  endfacet
  facet normal 1 0 -0
    outer loop
      vertex 37.2 50.4459 -92.1417
      vertex 37.2 55.7471 -91.9047
      vertex 37.2 50.379 -91.4145
    endloop
  endfacet
  facet normal 1 -0 0
    outer loop
      vertex 37.2 56.3356 -94.5687
      vertex 37.2 56.4871 -94.5716
      vertex 37.2 56.6638 -93.0097
    endloop
  endfacet
  facet normal 1 0 -0
    outer loop
      vertex 37.2 56.3356 -94.5687
      vertex 37.2 56.6638 -93.0097
      vertex 37.2 56.2182 -94.5591
    endloop
  endfacet
  facet normal 1 0 0
    outer loop
      vertex 37.2 56.6638 -93.0097
      vertex 37.2 56.5524 -92.9712
      vertex 37.2 56.2182 -94.5591
    endloop
  endfacet
  facet normal 1 0 0
    outer loop
      vertex 37.2 56.5524 -92.9712
      vertex 37.2 56.1349 -94.547
      vertex 37.2 56.2182 -94.5591
    endloop
  endfacet
  facet normal 1 0 0
    outer loop
      vertex 37.2 56.4713 -92.9487
      vertex 37.2 56.1349 -94.547
      vertex 37.2 56.5524 -92.9712
    endloop
  endfacet
  facet normal 1 0 0
    outer loop
      vertex 37.2 56.4053 -92.9356
      vertex 37.2 56.1349 -94.547
      vertex 37.2 56.4713 -92.9487
    endloop
  endfacet
  facet normal 1 0 0
    outer loop
      vertex 37.2 56.4053 -92.9356
      vertex 37.2 56.4713 -92.9487
      vertex 37.2 56.4219 -92.9382
    endloop
  endfacet
  facet normal 1 -0 0
    outer loop
      vertex 37.2 56.0692 -94.5323
      vertex 37.2 56.1349 -94.547
      vertex 37.2 56.4053 -92.9356
    endloop
  endfacet
  facet normal 1 0 -0
    outer loop
      vertex 37.2 56.0692 -94.5323
      vertex 37.2 56.4053 -92.9356
      vertex 37.2 55.7241 -92.6051
    endloop
  endfacet
  facet normal 1 0 0
    outer loop
      vertex 37.2 56.0692 -94.5323
      vertex 37.2 55.7241 -92.6051
      vertex 37.2 55.3125 -94.5602
    endloop
  endfacet
  facet normal 1 0 0
    outer loop
      vertex 37.2 56.4053 -92.9356
      vertex 37.2 55.7276 -92.5881
      vertex 37.2 55.7241 -92.6051
    endloop
  endfacet
  facet normal 1 0 0
    outer loop
      vertex 37.2 55.7471 -91.9047
      vertex 37.2 55.4652 -89.9268
      vertex 37.2 50.379 -91.4145
    endloop
  endfacet
  facet normal 1 0 0
    outer loop
      vertex 37.2 56.8548 -91.5137
      vertex 37.2 56.4866 -89.9856
      vertex 37.2 56.7114 -91.5628
    endloop
  endfacet
  facet normal 1 0 0
    outer loop
      vertex 37.2 55.4652 -89.9268
      vertex 37.2 55.366 -89.5906
      vertex 37.2 50.379 -91.4145
    endloop
  endfacet
  facet normal 1 0 -0
    outer loop
      vertex 37.2 55.7496 -91.9219
      vertex 37.2 56.4487 -91.6197
      vertex 37.2 55.7471 -91.9047
    endloop
  endfacet
  facet normal 1 0 0
    outer loop
      vertex 37.2 56.5154 -91.6111
      vertex 37.2 56.4487 -91.6197
      vertex 37.2 56.4654 -91.6183
    endloop
  endfacet
  facet normal 1 0 0
    outer loop
      vertex 37.2 56.6379 -89.9927
      vertex 37.2 56.4866 -89.9856
      vertex 37.2 56.8548 -91.5137
    endloop
  endfacet
  facet normal 1 0 0
    outer loop
      vertex 37.2 57.0376 -90.0506
      vertex 37.2 56.822 -90.013
      vertex 37.2 57.0258 -91.4428
    endloop
  endfacet
  facet normal 1 0 0
    outer loop
      vertex 37.2 57.4415 -91.2213
      vertex 37.2 57.0376 -90.0506
      vertex 37.2 57.2223 -91.3465
    endloop
  endfacet
  facet normal 1 0 0
    outer loop
      vertex 37.2 57.0376 -90.0506
      vertex 37.2 57.0258 -91.4428
      vertex 37.2 57.2223 -91.3465
    endloop
  endfacet
  facet normal 1 0 0
    outer loop
      vertex 37.2 57.0376 -90.0506
      vertex 37.2 57.4415 -91.2213
      vertex 37.2 57.283 -90.1096
    endloop
  endfacet
  facet normal 1 0 -0
    outer loop
      vertex 37.2 57.4415 -91.2213
      vertex 37.2 57.5565 -90.1938
      vertex 37.2 57.283 -90.1096
    endloop
  endfacet
  facet normal 1 0 0
    outer loop
      vertex 37.2 57.6806 -91.064
      vertex 37.2 57.5565 -90.1938
      vertex 37.2 57.4415 -91.2213
    endloop
  endfacet
  facet normal 1 0 0
    outer loop
      vertex 37.2 57.5565 -90.1938
      vertex 37.2 57.6806 -91.064
      vertex 37.2 57.9361 -90.8717
    endloop
  endfacet
  facet normal 1 0 0
    outer loop
      vertex 37.2 57.5565 -90.1938
      vertex 37.2 57.9361 -90.8717
      vertex 37.2 57.8556 -90.307
    endloop
  endfacet
  facet normal 1 0 0
    outer loop
      vertex 37.2 56.0366 -88.6097
      vertex 37.2 55.1758 -87.2466
      vertex 37.2 55.9404 -88.6778
    endloop
  endfacet
  facet normal 1 0 0
    outer loop
      vertex 37.2 56.6379 -89.9927
      vertex 37.2 57.0258 -91.4428
      vertex 37.2 56.822 -90.013
    endloop
  endfacet
  facet normal 1 0 -0
    outer loop
      vertex 37.2 56.8548 -91.5137
      vertex 37.2 57.0258 -91.4428
      vertex 37.2 56.6379 -89.9927
    endloop
  endfacet
  facet normal 1 0 0
    outer loop
      vertex 37.2 56.7114 -91.5628
      vertex 37.2 56.4866 -89.9856
      vertex 37.2 56.5978 -91.5939
    endloop
  endfacet
  facet normal 1 0 0
    outer loop
      vertex 37.2 56.0766 -87.0486
      vertex 37.2 56.6058 -88.0391
      vertex 37.2 56.7766 -87.8095
    endloop
  endfacet
  facet normal 1 0 0
    outer loop
      vertex 37.2 56.4866 -89.9856
      vertex 37.2 56.3688 -89.9875
      vertex 37.2 56.5978 -91.5939
    endloop
  endfacet
  facet normal 1 0 0
    outer loop
      vertex 37.2 56.4426 -88.2317
      vertex 37.2 55.6104 -87.1156
      vertex 37.2 56.2909 -88.3894
    endloop
  endfacet
  facet normal 1 0 0
    outer loop
      vertex 37.2 56.3688 -89.9875
      vertex 37.2 56.2849 -89.9941
      vertex 37.2 56.5978 -91.5939
    endloop
  endfacet
  facet normal 1 0 -0
    outer loop
      vertex 37.2 56.0366 -88.6097
      vertex 37.2 56.1544 -88.5146
      vertex 37.2 55.4305 -87.1594
    endloop
  endfacet
  facet normal 1 0 0
    outer loop
      vertex 37.2 56.2849 -89.9941
      vertex 37.2 56.5154 -91.6111
      vertex 37.2 56.5978 -91.5939
    endloop
  endfacet
  facet normal 1 0 -0
    outer loop
      vertex 37.2 56.4487 -91.6197
      vertex 37.2 56.5154 -91.6111
      vertex 37.2 56.2849 -89.9941
    endloop
  endfacet
  facet normal 1 0 0
    outer loop
      vertex 37.2 56.2184 -90.0044
      vertex 37.2 56.2849 -89.9941
      vertex 37.2 56.2349 -90.0011
    endloop
  endfacet
  facet normal 1 0 -0
    outer loop
      vertex 37.2 55.2555 -89.2762
      vertex 37.2 55.8091 -88.7531
      vertex 37.2 55.2473 -89.2608
    endloop
  endfacet
  facet normal 1 0 0
    outer loop
      vertex 37.2 56.4487 -91.6197
      vertex 37.2 56.2849 -89.9941
      vertex 37.2 56.2184 -90.0044
    endloop
  endfacet
  facet normal 1 0 0
    outer loop
      vertex 37.2 56.4487 -91.6197
      vertex 37.2 56.2184 -90.0044
      vertex 37.2 55.7471 -91.9047
    endloop
  endfacet
  facet normal 1 0 0
    outer loop
      vertex 37.2 56.2184 -90.0044
      vertex 37.2 55.4627 -89.9096
      vertex 37.2 55.4652 -89.9268
    endloop
  endfacet
  facet normal 1 0 0
    outer loop
      vertex 37.2 56.2184 -90.0044
      vertex 37.2 55.4652 -89.9268
      vertex 37.2 55.7471 -91.9047
    endloop
  endfacet
  facet normal 1 0 0
    outer loop
      vertex 37.2 55.2473 -89.2608
      vertex 37.2 50.379 -91.4145
      vertex 37.2 55.366 -89.5906
    endloop
  endfacet
  facet normal 1 0 0
    outer loop
      vertex 37.2 54.3059 -87.4986
      vertex 37.2 55.2473 -89.2608
      vertex 37.2 55.8091 -88.7531
    endloop
  endfacet
  facet normal 1 0 0
    outer loop
      vertex 37.2 54.3059 -87.4986
      vertex 37.2 50.1007 -90.7393
      vertex 37.2 55.2473 -89.2608
    endloop
  endfacet
  facet normal 1 0 0
    outer loop
      vertex 37.2 55.4305 -87.1594
      vertex 37.2 55.2859 -87.2045
      vertex 37.2 56.0366 -88.6097
    endloop
  endfacet
  facet normal 1 0 0
    outer loop
      vertex 37.2 56.1544 -88.5146
      vertex 37.2 55.6104 -87.1156
      vertex 37.2 55.4305 -87.1594
    endloop
  endfacet
  facet normal 1 0 0
    outer loop
      vertex 37.2 56.2909 -88.3894
      vertex 37.2 55.6104 -87.1156
      vertex 37.2 56.1544 -88.5146
    endloop
  endfacet
  facet normal 1 0 0
    outer loop
      vertex 37.2 55.8258 -87.0772
      vertex 37.2 55.6104 -87.1156
      vertex 37.2 56.4426 -88.2317
    endloop
  endfacet
  facet normal 1 0 0
    outer loop
      vertex 37.2 56.0766 -87.0486
      vertex 37.2 56.4426 -88.2317
      vertex 37.2 56.6058 -88.0391
    endloop
  endfacet
  facet normal 1 -0 0
    outer loop
      vertex 37.2 56.0766 -87.0486
      vertex 37.2 56.7766 -87.8095
      vertex 37.2 56.3624 -87.0342
    endloop
  endfacet
  facet normal 1 0 0
    outer loop
      vertex 37.2 56.6822 -87.0383
      vertex 37.2 56.7766 -87.8095
      vertex 37.2 56.951 -87.5414
    endloop
  endfacet
  facet normal 1 0 0
    outer loop
      vertex 37.2 55.7241 -92.6051
      vertex 37.2 50.4459 -92.1417
      vertex 37.2 55.3125 -94.5602
    endloop
  endfacet
  facet normal 1 0 0
    outer loop
      vertex 37.2 48.9879 -93.9657
      vertex 37.2 48.7617 -94.3286
      vertex 37.2 49.4142 -94.0006
    endloop
  endfacet
  facet normal 1 0 0
    outer loop
      vertex 37.2 49.4142 -94.0006
      vertex 37.2 48.7617 -94.3286
      vertex 37.2 51.3379 -98.9918
    endloop
  endfacet
  facet normal 1 0 -0
    outer loop
      vertex 37.2 50.2955 -92.8564
      vertex 37.2 50.4459 -92.1417
      vertex 37.2 50.1528 -92.4532
    endloop
  endfacet
  facet normal 1 0 0
    outer loop
      vertex 37.2 49.0255 -89.775
      vertex 37.2 49.2084 -90.1616
      vertex 37.2 49.6358 -90.1761
    endloop
  endfacet
  facet normal 1 0 0
    outer loop
      vertex 37.2 48.0415 -94.4496
      vertex 37.2 49.0937 -99.6724
      vertex 37.2 49.4392 -99.6129
    endloop
  endfacet
  facet normal 1 -0 0
    outer loop
      vertex 37.2 49.9236 -93.0676
      vertex 37.2 49.9411 -93.4949
      vertex 37.2 50.2955 -92.8564
    endloop
  endfacet
  facet normal 1 0 0
    outer loop
      vertex 37.2 47.3176 -94.353
      vertex 37.2 46.4036 -99.5838
      vertex 37.2 46.7485 -99.646
    endloop
  endfacet
  facet normal 1 0 0
    outer loop
      vertex 37.2 51.9561 -98.6616
      vertex 37.2 49.4142 -94.0006
      vertex 37.2 51.6518 -98.8357
    endloop
  endfacet
  facet normal 1 0 0
    outer loop
      vertex 37.2 48.7617 -94.3286
      vertex 37.2 48.0415 -94.4496
      vertex 37.2 49.4392 -99.6129
    endloop
  endfacet
  facet normal 1 0 0
    outer loop
      vertex 37.2 51.3379 -98.9918
      vertex 37.2 48.7617 -94.3286
      vertex 37.2 49.4392 -99.6129
    endloop
  endfacet
  facet normal 1 0 0
    outer loop
      vertex 37.2 46.1106 -93.5597
      vertex 37.2 42.1266 -97.0527
      vertex 37.2 43.614 -98.3867
    endloop
  endfacet
  facet normal 1 0 0
    outer loop
      vertex 37.2 48.0415 -94.4496
      vertex 37.2 47.3176 -94.353
      vertex 37.2 46.7485 -99.646
    endloop
  endfacet
  facet normal 1 0 0
    outer loop
      vertex 37.2 48.7454 -99.7118
      vertex 37.2 48.0415 -94.4496
      vertex 37.2 46.7485 -99.646
    endloop
  endfacet
  facet normal 1 0 0
    outer loop
      vertex 37.2 45.7348 -92.9335
      vertex 37.2 40.7527 -94.7392
      vertex 37.2 41.6941 -96.5014
    endloop
  endfacet
  facet normal 1 0 0
    outer loop
      vertex 37.2 47.3176 -94.353
      vertex 37.2 46.6543 -94.0473
      vertex 37.2 44.209 -98.7569
    endloop
  endfacet
  facet normal 1 0 -0
    outer loop
      vertex 37.2 46.0628 -99.5016
      vertex 37.2 47.3176 -94.353
      vertex 37.2 44.209 -98.7569
    endloop
  endfacet
  facet normal 1 0 0
    outer loop
      vertex 37.2 45.5603 -92.2244
      vertex 37.2 40.2529 -92.0953
      vertex 37.2 40.5348 -94.0732
    endloop
  endfacet
  facet normal 1 0 0
    outer loop
      vertex 37.2 46.6543 -94.0473
      vertex 37.2 46.1106 -93.5597
      vertex 37.2 43.614 -98.3867
    endloop
  endfacet
  facet normal 1 0 -0
    outer loop
      vertex 37.2 43.9061 -98.5804
      vertex 37.2 46.6543 -94.0473
      vertex 37.2 43.614 -98.3867
    endloop
  endfacet
  facet normal 1 0 0
    outer loop
      vertex 37.2 40.2759 -91.3949
      vertex 37.2 40.2542 -91.7448
      vertex 37.2 45.5603 -92.2244
    endloop
  endfacet
  facet normal 1 0 0
    outer loop
      vertex 37.2 46.1106 -93.5597
      vertex 37.2 41.6941 -96.5014
      vertex 37.2 41.9023 -96.7834
    endloop
  endfacet
  facet normal 1 0 0
    outer loop
      vertex 37.2 46.5311 -93.6378
      vertex 37.2 46.1106 -93.5597
      vertex 37.2 46.6543 -94.0473
    endloop
  endfacet
  facet normal 1 0 0
    outer loop
      vertex 37.2 45.8578 -90.8111
      vertex 37.2 40.8086 -89.1109
      vertex 37.2 40.6875 -89.4398
    endloop
  endfacet
  facet normal 1 0 0
    outer loop
      vertex 37.2 45.7348 -92.9335
      vertex 37.2 46.1106 -93.5597
      vertex 37.2 46.1136 -93.1321
    endloop
  endfacet
  facet normal 1 0 0
    outer loop
      vertex 37.2 45.7348 -92.9335
      vertex 37.2 40.634 -94.4094
      vertex 37.2 40.7527 -94.7392
    endloop
  endfacet
  facet normal 1 0 0
    outer loop
      vertex 37.2 46.3034 -90.2325
      vertex 37.2 42.0041 -87.0932
      vertex 37.2 45.8578 -90.8111
    endloop
  endfacet
  facet normal 1 0 0
    outer loop
      vertex 37.2 45.5603 -92.2244
      vertex 37.2 40.2542 -91.7448
      vertex 37.2 40.2529 -92.0953
    endloop
  endfacet
  facet normal 1 0 0
    outer loop
      vertex 37.2 45.8638 -92.5258
      vertex 37.2 45.5603 -92.2244
      vertex 37.2 45.7348 -92.9335
    endloop
  endfacet
  facet normal 1 0 0
    outer loop
      vertex 37.2 42.472 -86.5716
      vertex 37.2 42.2304 -86.8256
      vertex 37.2 46.3034 -90.2325
    endloop
  endfacet
  facet normal 1 0 -0
    outer loop
      vertex 37.2 45.6026 -91.4953
      vertex 37.2 45.8578 -90.8111
      vertex 37.2 40.6875 -89.4398
    endloop
  endfacet
  facet normal 1 -0 0
    outer loop
      vertex 37.2 40.2759 -91.3949
      vertex 37.2 45.6026 -91.4953
      vertex 37.2 40.6875 -89.4398
    endloop
  endfacet
  facet normal 1 0 0
    outer loop
      vertex 37.2 45.8578 -90.8111
      vertex 37.2 46.257 -90.6576
      vertex 37.2 46.3034 -90.2325
    endloop
  endfacet
  facet normal 1 0 0
    outer loop
      vertex 37.2 45.8578 -90.8111
      vertex 37.2 42.0041 -87.0932
      vertex 37.2 40.9487 -88.7896
    endloop
  endfacet
  facet normal 1 0 0
    outer loop
      vertex 37.2 46.3034 -90.2325
      vertex 37.2 46.7301 -90.2035
      vertex 37.2 46.8998 -89.8109
    endloop
  endfacet
  facet normal 1 0 -0
    outer loop
      vertex 37.2 46.3034 -90.2325
      vertex 37.2 46.8998 -89.8109
      vertex 37.2 44.0439 -85.3384
    endloop
  endfacet
  facet normal 1 -0 0
    outer loop
      vertex 37.2 42.472 -86.5716
      vertex 37.2 46.3034 -90.2325
      vertex 37.2 44.0439 -85.3384
    endloop
  endfacet
  facet normal 1 0 -0
    outer loop
      vertex 37.2 46.8998 -89.8109
      vertex 37.2 47.5939 -89.5839
      vertex 37.2 46.5608 -84.3871
    endloop
  endfacet
  facet normal 1 -0 0
    outer loop
      vertex 37.2 44.6621 -85.0082
      vertex 37.2 46.8998 -89.8109
      vertex 37.2 46.5608 -84.3871
    endloop
  endfacet
  facet normal 1 0 -0
    outer loop
      vertex 37.2 47.5939 -89.5839
      vertex 37.2 48.3241 -89.5715
      vertex 37.2 47.2546 -84.2882
    endloop
  endfacet
  facet normal 1 0 0
    outer loop
      vertex 37.2 47.5939 -89.5839
      vertex 37.2 47.2546 -84.2882
      vertex 37.2 46.9063 -84.3276
    endloop
  endfacet
  facet normal 1 0 -0
    outer loop
      vertex 37.2 47.3161 -89.909
      vertex 37.2 47.5939 -89.5839
      vertex 37.2 46.8998 -89.8109
    endloop
  endfacet
  facet normal 1 0 0
    outer loop
      vertex 37.2 48.3241 -89.5715
      vertex 37.2 47.5939 -89.5839
      vertex 37.2 47.9628 -89.8003
    endloop
  endfacet
  facet normal 1 0 0
    outer loop
      vertex 37.2 48.3241 -89.5715
      vertex 37.2 49.5964 -84.4162
      vertex 37.2 49.2515 -84.354
    endloop
  endfacet
  facet normal 1 0 0
    outer loop
      vertex 37.2 49.0255 -89.775
      vertex 37.2 51.791 -85.2431
      vertex 37.2 49.9372 -84.4984
    endloop
  endfacet
  facet normal 1 0 0
    outer loop
      vertex 37.2 49.0255 -89.775
      vertex 37.2 48.3241 -89.5715
      vertex 37.2 48.6128 -89.8871
    endloop
  endfacet
  facet normal 1 -0 0
    outer loop
      vertex 37.2 50.1007 -90.7393
      vertex 37.2 50.379 -91.4145
      vertex 37.2 55.2473 -89.2608
    endloop
  endfacet
  facet normal 1 0 0
    outer loop
      vertex 37.2 52.386 -85.6133
      vertex 37.2 49.0255 -89.775
      vertex 37.2 49.6358 -90.1761
    endloop
  endfacet
  facet normal 1 0 0
    outer loop
      vertex 37.2 53.8734 -86.9473
      vertex 37.2 49.6358 -90.1761
      vertex 37.2 50.1007 -90.7393
    endloop
  endfacet
  facet normal 1 0 0
    outer loop
      vertex 37.2 50.1007 -90.7393
      vertex 37.2 50.034 -91.1617
      vertex 37.2 50.379 -91.4145
    endloop
  endfacet
  facet normal 1 0 0
    outer loop
      vertex 37.2 54.0977 -87.2166
      vertex 37.2 50.1007 -90.7393
      vertex 37.2 54.3059 -87.4986
    endloop
  endfacet
  facet normal 1 0 0
    outer loop
      vertex 37.2 49.6358 -90.1761
      vertex 37.2 49.6966 -90.5994
      vertex 37.2 50.1007 -90.7393
    endloop
  endfacet
  facet normal 0 0.0128195 0.999918
    outer loop
      vertex 34 56.3624 -87.0342
      vertex 37.2 56.6822 -87.0383
      vertex 34 56.6822 -87.0383
    endloop
  endfacet
  facet normal -0 0.0128195 0.999918
    outer loop
      vertex 34 56.3624 -87.0342
      vertex 37.2 56.3624 -87.0342
      vertex 37.2 56.6822 -87.0383
    endloop
  endfacet
  facet normal 0 -0.0503211 0.998733
    outer loop
      vertex 34 56.0766 -87.0486
      vertex 37.2 56.3624 -87.0342
      vertex 34 56.3624 -87.0342
    endloop
  endfacet
  facet normal 0 -0.0503211 0.998733
    outer loop
      vertex 34 56.0766 -87.0486
      vertex 37.2 56.0766 -87.0486
      vertex 37.2 56.3624 -87.0342
    endloop
  endfacet
  facet normal 0 -0.113301 0.993561
    outer loop
      vertex 34 55.8258 -87.0772
      vertex 37.2 56.0766 -87.0486
      vertex 34 56.0766 -87.0486
    endloop
  endfacet
  facet normal 0 -0.113301 0.993561
    outer loop
      vertex 34 55.8258 -87.0772
      vertex 37.2 55.8258 -87.0772
      vertex 37.2 56.0766 -87.0486
    endloop
  endfacet
  facet normal 0 -0.175506 0.984478
    outer loop
      vertex 34 55.6104 -87.1156
      vertex 37.2 55.8258 -87.0772
      vertex 34 55.8258 -87.0772
    endloop
  endfacet
  facet normal 0 -0.175506 0.984478
    outer loop
      vertex 34 55.6104 -87.1156
      vertex 37.2 55.6104 -87.1156
      vertex 37.2 55.8258 -87.0772
    endloop
  endfacet
  facet normal 0 -0.236558 0.971617
    outer loop
      vertex 34 55.4305 -87.1594
      vertex 37.2 55.6104 -87.1156
      vertex 34 55.6104 -87.1156
    endloop
  endfacet
  facet normal 0 -0.236558 0.971617
    outer loop
      vertex 34 55.4305 -87.1594
      vertex 37.2 55.4305 -87.1594
      vertex 37.2 55.6104 -87.1156
    endloop
  endfacet
  facet normal 0 -0.297749 0.954644
    outer loop
      vertex 34 55.2859 -87.2045
      vertex 37.2 55.4305 -87.1594
      vertex 34 55.4305 -87.1594
    endloop
  endfacet
  facet normal 0 -0.297749 0.954644
    outer loop
      vertex 34 55.2859 -87.2045
      vertex 37.2 55.2859 -87.2045
      vertex 37.2 55.4305 -87.1594
    endloop
  endfacet
  facet normal 0 -0.357159 0.934044
    outer loop
      vertex 34 55.1758 -87.2466
      vertex 37.2 55.2859 -87.2045
      vertex 34 55.2859 -87.2045
    endloop
  endfacet
  facet normal 0 -0.357159 0.934044
    outer loop
      vertex 34 55.1758 -87.2466
      vertex 37.2 55.1758 -87.2466
      vertex 37.2 55.2859 -87.2045
    endloop
  endfacet
  facet normal 0 -0.413624 0.910448
    outer loop
      vertex 34 55.0992 -87.2814
      vertex 37.2 55.1758 -87.2466
      vertex 34 55.1758 -87.2466
    endloop
  endfacet
  facet normal 0 -0.413624 0.910448
    outer loop
      vertex 34 55.0992 -87.2814
      vertex 37.2 55.0992 -87.2814
      vertex 37.2 55.1758 -87.2466
    endloop
  endfacet
  facet normal 0 -0.470794 0.882243
    outer loop
      vertex 34 55.0546 -87.3052
      vertex 37.2 55.0992 -87.2814
      vertex 34 55.0992 -87.2814
    endloop
  endfacet
  facet normal 0 -0.470794 0.882243
    outer loop
      vertex 34 55.0546 -87.3052
      vertex 37.2 55.0546 -87.3052
      vertex 37.2 55.0992 -87.2814
    endloop
  endfacet
  facet normal 0 -0.517116 0.855916
    outer loop
      vertex 34 55.0402 -87.3139
      vertex 37.2 55.0546 -87.3052
      vertex 34 55.0546 -87.3052
    endloop
  endfacet
  facet normal 0 -0.517116 0.855916
    outer loop
      vertex 34 55.0402 -87.3139
      vertex 37.2 55.0402 -87.3139
      vertex 37.2 55.0546 -87.3052
    endloop
  endfacet
  facet normal 0 -0.222433 0.974948
    outer loop
      vertex 34 54.2977 -87.4833
      vertex 37.2 55.0402 -87.3139
      vertex 34 55.0402 -87.3139
    endloop
  endfacet
  facet normal 0 -0.222433 0.974948
    outer loop
      vertex 34 54.2977 -87.4833
      vertex 37.2 54.2977 -87.4833
      vertex 37.2 55.0402 -87.3139
    endloop
  endfacet
  facet normal 0 -0.881394 -0.472381
    outer loop
      vertex 34 54.3059 -87.4986
      vertex 37.2 54.2977 -87.4833
      vertex 34 54.2977 -87.4833
    endloop
  endfacet
  facet normal 0 -0.881394 -0.472381
    outer loop
      vertex 34 54.3059 -87.4986
      vertex 37.2 54.3059 -87.4986
      vertex 37.2 54.2977 -87.4833
    endloop
  endfacet
  facet normal 0 0.804496 0.593958
    outer loop
      vertex 34 54.0977 -87.2166
      vertex 37.2 54.3059 -87.4986
      vertex 34 54.3059 -87.4986
    endloop
  endfacet
  facet normal -0 0.804496 0.593958
    outer loop
      vertex 34 54.0977 -87.2166
      vertex 37.2 54.0977 -87.2166
      vertex 37.2 54.3059 -87.4986
    endloop
  endfacet
  facet normal 0 0.768385 0.639988
    outer loop
      vertex 34 53.8734 -86.9473
      vertex 37.2 54.0977 -87.2166
      vertex 34 54.0977 -87.2166
    endloop
  endfacet
  facet normal -0 0.768385 0.639988
    outer loop
      vertex 34 53.8734 -86.9473
      vertex 37.2 53.8734 -86.9473
      vertex 37.2 54.0977 -87.2166
    endloop
  endfacet
  facet normal 0 -0.665788 -0.746141
    outer loop
      vertex 34 53.8864 -86.9589
      vertex 37.2 53.8734 -86.9473
      vertex 34 53.8734 -86.9473
    endloop
  endfacet
  facet normal 0 -0.665788 -0.746141
    outer loop
      vertex 34 53.8864 -86.9589
      vertex 37.2 53.8864 -86.9589
      vertex 37.2 53.8734 -86.9473
    endloop
  endfacet
  facet normal 0 0.894033 -0.448001
    outer loop
      vertex 34 54.2276 -86.278
      vertex 37.2 53.8864 -86.9589
      vertex 34 53.8864 -86.9589
    endloop
  endfacet
  facet normal 0 0.894033 -0.448001
    outer loop
      vertex 34 54.2276 -86.278
      vertex 37.2 54.2276 -86.278
      vertex 37.2 53.8864 -86.9589
    endloop
  endfacet
  facet normal 0 0.707107 -0.707107
    outer loop
      vertex 34 54.2395 -86.2661
      vertex 37.2 54.2276 -86.278
      vertex 34 54.2276 -86.278
    endloop
  endfacet
  facet normal 0 0.707107 -0.707107
    outer loop
      vertex 34 54.2395 -86.2661
      vertex 37.2 54.2395 -86.2661
      vertex 37.2 54.2276 -86.278
    endloop
  endfacet
  facet normal 0 0.744671 -0.667431
    outer loop
      vertex 34 54.2732 -86.2285
      vertex 37.2 54.2395 -86.2661
      vertex 34 54.2395 -86.2661
    endloop
  endfacet
  facet normal 0 0.744671 -0.667431
    outer loop
      vertex 34 54.2732 -86.2285
      vertex 37.2 54.2732 -86.2285
      vertex 37.2 54.2395 -86.2661
    endloop
  endfacet
  facet normal 0 0.785369 -0.619028
    outer loop
      vertex 34 54.3253 -86.1624
      vertex 37.2 54.2732 -86.2285
      vertex 34 54.2732 -86.2285
    endloop
  endfacet
  facet normal 0 0.785369 -0.619028
    outer loop
      vertex 34 54.3253 -86.1624
      vertex 37.2 54.3253 -86.1624
      vertex 37.2 54.2732 -86.2285
    endloop
  endfacet
  facet normal 0 0.822528 -0.568724
    outer loop
      vertex 34 54.3923 -86.0655
      vertex 37.2 54.3253 -86.1624
      vertex 34 54.3253 -86.1624
    endloop
  endfacet
  facet normal 0 0.822528 -0.568724
    outer loop
      vertex 34 54.3923 -86.0655
      vertex 37.2 54.3923 -86.0655
      vertex 37.2 54.3253 -86.1624
    endloop
  endfacet
  facet normal 0 0.856092 -0.516823
    outer loop
      vertex 34 54.4706 -85.9358
      vertex 37.2 54.3923 -86.0655
      vertex 34 54.3923 -86.0655
    endloop
  endfacet
  facet normal 0 0.856092 -0.516823
    outer loop
      vertex 34 54.4706 -85.9358
      vertex 37.2 54.4706 -85.9358
      vertex 37.2 54.3923 -86.0655
    endloop
  endfacet
  facet normal 0 0.887296 -0.4612
    outer loop
      vertex 34 54.556 -85.7715
      vertex 37.2 54.4706 -85.9358
      vertex 34 54.4706 -85.9358
    endloop
  endfacet
  facet normal 0 0.887296 -0.4612
    outer loop
      vertex 34 54.556 -85.7715
      vertex 37.2 54.556 -85.7715
      vertex 37.2 54.4706 -85.9358
    endloop
  endfacet
  facet normal 0 0.914376 -0.404866
    outer loop
      vertex 34 54.6446 -85.5714
      vertex 37.2 54.556 -85.7715
      vertex 34 54.556 -85.7715
    endloop
  endfacet
  facet normal 0 0.914376 -0.404866
    outer loop
      vertex 34 54.6446 -85.5714
      vertex 37.2 54.6446 -85.5714
      vertex 37.2 54.556 -85.7715
    endloop
  endfacet
  facet normal 0 0.938011 -0.346605
    outer loop
      vertex 34 54.7321 -85.3346
      vertex 37.2 54.6446 -85.5714
      vertex 34 54.6446 -85.5714
    endloop
  endfacet
  facet normal 0 0.938011 -0.346605
    outer loop
      vertex 34 54.7321 -85.3346
      vertex 37.2 54.7321 -85.3346
      vertex 37.2 54.6446 -85.5714
    endloop
  endfacet
  facet normal 0 0.958076 -0.286514
    outer loop
      vertex 34 54.8141 -85.0604
      vertex 37.2 54.7321 -85.3346
      vertex 34 54.7321 -85.3346
    endloop
  endfacet
  facet normal 0 0.958076 -0.286514
    outer loop
      vertex 34 54.8141 -85.0604
      vertex 37.2 54.8141 -85.0604
      vertex 37.2 54.7321 -85.3346
    endloop
  endfacet
  facet normal 0 0.974175 -0.225796
    outer loop
      vertex 34 54.8863 -84.7489
      vertex 37.2 54.8141 -85.0604
      vertex 34 54.8141 -85.0604
    endloop
  endfacet
  facet normal 0 0.974175 -0.225796
    outer loop
      vertex 34 54.8863 -84.7489
      vertex 37.2 54.8863 -84.7489
      vertex 37.2 54.8141 -85.0604
    endloop
  endfacet
  facet normal 0 0.667676 0.744452
    outer loop
      vertex 34 54.4616 -84.368
      vertex 37.2 54.8863 -84.7489
      vertex 34 54.8863 -84.7489
    endloop
  endfacet
  facet normal -0 0.667676 0.744452
    outer loop
      vertex 34 54.4616 -84.368
      vertex 37.2 54.4616 -84.368
      vertex 37.2 54.8863 -84.7489
    endloop
  endfacet
  facet normal 0 -0.330169 0.943922
    outer loop
      vertex 34 54.1597 -84.4736
      vertex 37.2 54.4616 -84.368
      vertex 34 54.4616 -84.368
    endloop
  endfacet
  facet normal 0 -0.330169 0.943922
    outer loop
      vertex 34 54.1597 -84.4736
      vertex 37.2 54.1597 -84.4736
      vertex 37.2 54.4616 -84.368
    endloop
  endfacet
  facet normal 0 -0.388979 0.921247
    outer loop
      vertex 34 53.8961 -84.5849
      vertex 37.2 54.1597 -84.4736
      vertex 34 54.1597 -84.4736
    endloop
  endfacet
  facet normal 0 -0.388979 0.921247
    outer loop
      vertex 34 53.8961 -84.5849
      vertex 37.2 53.8961 -84.5849
      vertex 37.2 54.1597 -84.4736
    endloop
  endfacet
  facet normal 0 -0.445946 0.89506
    outer loop
      vertex 34 53.6701 -84.6975
      vertex 37.2 53.8961 -84.5849
      vertex 34 53.8961 -84.5849
    endloop
  endfacet
  facet normal 0 -0.445946 0.89506
    outer loop
      vertex 34 53.6701 -84.6975
      vertex 37.2 53.6701 -84.6975
      vertex 37.2 53.8961 -84.5849
    endloop
  endfacet
  facet normal 0 -0.501397 0.865218
    outer loop
      vertex 34 53.4808 -84.8072
      vertex 37.2 53.6701 -84.6975
      vertex 34 53.6701 -84.6975
    endloop
  endfacet
  facet normal 0 -0.501397 0.865218
    outer loop
      vertex 34 53.4808 -84.8072
      vertex 37.2 53.4808 -84.8072
      vertex 37.2 53.6701 -84.6975
    endloop
  endfacet
  facet normal 0 -0.555199 0.831718
    outer loop
      vertex 34 53.3268 -84.91
      vertex 37.2 53.4808 -84.8072
      vertex 34 53.4808 -84.8072
    endloop
  endfacet
  facet normal 0 -0.555199 0.831718
    outer loop
      vertex 34 53.3268 -84.91
      vertex 37.2 53.3268 -84.91
      vertex 37.2 53.4808 -84.8072
    endloop
  endfacet
  facet normal 0 -0.606003 0.795462
    outer loop
      vertex 34 53.2063 -85.0018
      vertex 37.2 53.3268 -84.91
      vertex 34 53.3268 -84.91
    endloop
  endfacet
  facet normal 0 -0.606003 0.795462
    outer loop
      vertex 34 53.2063 -85.0018
      vertex 37.2 53.2063 -85.0018
      vertex 37.2 53.3268 -84.91
    endloop
  endfacet
  facet normal 0 -0.655254 0.755409
    outer loop
      vertex 34 53.1173 -85.079
      vertex 37.2 53.2063 -85.0018
      vertex 34 53.2063 -85.0018
    endloop
  endfacet
  facet normal 0 -0.655254 0.755409
    outer loop
      vertex 34 53.1173 -85.079
      vertex 37.2 53.1173 -85.079
      vertex 37.2 53.2063 -85.0018
    endloop
  endfacet
  facet normal 0 -0.700535 0.713618
    outer loop
      vertex 34 53.0573 -85.1379
      vertex 37.2 53.1173 -85.079
      vertex 34 53.1173 -85.079
    endloop
  endfacet
  facet normal 0 -0.700535 0.713618
    outer loop
      vertex 34 53.0573 -85.1379
      vertex 37.2 53.0573 -85.1379
      vertex 37.2 53.1173 -85.079
    endloop
  endfacet
  facet normal 0 -0.743687 0.668528
    outer loop
      vertex 34 53.0235 -85.1755
      vertex 37.2 53.0573 -85.1379
      vertex 34 53.0573 -85.1379
    endloop
  endfacet
  facet normal 0 -0.743687 0.668528
    outer loop
      vertex 34 53.0235 -85.1755
      vertex 37.2 53.0235 -85.1755
      vertex 37.2 53.0573 -85.1379
    endloop
  endfacet
  facet normal 0 -0.777383 0.629028
    outer loop
      vertex 34 53.0129 -85.1886
      vertex 37.2 53.0235 -85.1755
      vertex 34 53.0235 -85.1755
    endloop
  endfacet
  facet normal 0 -0.777383 0.629028
    outer loop
      vertex 34 53.0129 -85.1886
      vertex 37.2 53.0129 -85.1886
      vertex 37.2 53.0235 -85.1755
    endloop
  endfacet
  facet normal 0 -0.542429 0.840102
    outer loop
      vertex 34 52.3731 -85.6017
      vertex 37.2 53.0129 -85.1886
      vertex 34 53.0129 -85.1886
    endloop
  endfacet
  facet normal 0 -0.542429 0.840102
    outer loop
      vertex 34 52.3731 -85.6017
      vertex 37.2 52.3731 -85.6017
      vertex 37.2 53.0129 -85.1886
    endloop
  endfacet
  facet normal 0 -0.668646 -0.743581
    outer loop
      vertex 34 52.386 -85.6133
      vertex 37.2 52.3731 -85.6017
      vertex 34 52.3731 -85.6017
    endloop
  endfacet
  facet normal 0 -0.668646 -0.743581
    outer loop
      vertex 34 52.386 -85.6133
      vertex 37.2 52.386 -85.6133
      vertex 37.2 52.3731 -85.6017
    endloop
  endfacet
  facet normal 0 0.552657 0.833409
    outer loop
      vertex 34 52.0939 -85.4196
      vertex 37.2 52.386 -85.6133
      vertex 34 52.386 -85.6133
    endloop
  endfacet
  facet normal -0 0.552657 0.833409
    outer loop
      vertex 34 52.0939 -85.4196
      vertex 37.2 52.0939 -85.4196
      vertex 37.2 52.386 -85.6133
    endloop
  endfacet
  facet normal 0 0.503463 0.864017
    outer loop
      vertex 34 51.791 -85.2431
      vertex 37.2 52.0939 -85.4196
      vertex 34 52.0939 -85.4196
    endloop
  endfacet
  facet normal -0 0.503463 0.864017
    outer loop
      vertex 34 51.791 -85.2431
      vertex 37.2 51.791 -85.2431
      vertex 37.2 52.0939 -85.4196
    endloop
  endfacet
  facet normal 0 -0.372378 -0.928081
    outer loop
      vertex 34 51.8072 -85.2496
      vertex 37.2 51.791 -85.2431
      vertex 34 51.791 -85.2431
    endloop
  endfacet
  facet normal 0 -0.372378 -0.928081
    outer loop
      vertex 34 51.8072 -85.2496
      vertex 37.2 51.8072 -85.2496
      vertex 37.2 51.791 -85.2431
    endloop
  endfacet
  facet normal 0 0.993332 -0.115287
    outer loop
      vertex 34 51.895 -84.4931
      vertex 37.2 51.8072 -85.2496
      vertex 34 51.8072 -85.2496
    endloop
  endfacet
  facet normal 0 0.993332 -0.115287
    outer loop
      vertex 34 51.895 -84.4931
      vertex 37.2 51.895 -84.4931
      vertex 37.2 51.8072 -85.2496
    endloop
  endfacet
  facet normal 0 0.906031 -0.423212
    outer loop
      vertex 34 51.9021 -84.4779
      vertex 37.2 51.895 -84.4931
      vertex 34 51.895 -84.4931
    endloop
  endfacet
  facet normal 0 0.906031 -0.423212
    outer loop
      vertex 34 51.9021 -84.4779
      vertex 37.2 51.9021 -84.4779
      vertex 37.2 51.895 -84.4931
    endloop
  endfacet
  facet normal 0 0.928203 -0.372073
    outer loop
      vertex 34 51.9209 -84.431
      vertex 37.2 51.9021 -84.4779
      vertex 34 51.9021 -84.4779
    endloop
  endfacet
  facet normal 0 0.928203 -0.372073
    outer loop
      vertex 34 51.9209 -84.431
      vertex 37.2 51.9209 -84.431
      vertex 37.2 51.9021 -84.4779
    endloop
  endfacet
  facet normal 0 0.949512 -0.313731
    outer loop
      vertex 34 51.9473 -84.3511
      vertex 37.2 51.9209 -84.431
      vertex 34 51.9209 -84.431
    endloop
  endfacet
  facet normal 0 0.949512 -0.313731
    outer loop
      vertex 34 51.9473 -84.3511
      vertex 37.2 51.9473 -84.3511
      vertex 37.2 51.9209 -84.431
    endloop
  endfacet
  facet normal 0 0.967491 -0.252906
    outer loop
      vertex 34 51.9771 -84.2371
      vertex 37.2 51.9473 -84.3511
      vertex 34 51.9473 -84.3511
    endloop
  endfacet
  facet normal 0 0.967491 -0.252906
    outer loop
      vertex 34 51.9771 -84.2371
      vertex 37.2 51.9771 -84.2371
      vertex 37.2 51.9473 -84.3511
    endloop
  endfacet
  facet normal 0 0.98126 -0.192689
    outer loop
      vertex 34 52.0063 -84.0884
      vertex 37.2 51.9771 -84.2371
      vertex 34 51.9771 -84.2371
    endloop
  endfacet
  facet normal 0 0.98126 -0.192689
    outer loop
      vertex 34 52.0063 -84.0884
      vertex 37.2 52.0063 -84.0884
      vertex 37.2 51.9771 -84.2371
    endloop
  endfacet
  facet normal 0 0.991495 -0.130147
    outer loop
      vertex 34 52.0304 -83.9048
      vertex 37.2 52.0063 -84.0884
      vertex 34 52.0063 -84.0884
    endloop
  endfacet
  facet normal 0 0.991495 -0.130147
    outer loop
      vertex 34 52.0304 -83.9048
      vertex 37.2 52.0304 -83.9048
      vertex 37.2 52.0063 -84.0884
    endloop
  endfacet
  facet normal 0 0.99771 -0.0676413
    outer loop
      vertex 34 52.0452 -83.6865
      vertex 37.2 52.0304 -83.9048
      vertex 34 52.0304 -83.9048
    endloop
  endfacet
  facet normal 0 0.99771 -0.0676413
    outer loop
      vertex 34 52.0452 -83.6865
      vertex 37.2 52.0452 -83.6865
      vertex 37.2 52.0304 -83.9048
    endloop
  endfacet
  facet normal 0 0.999989 -0.0047543
    outer loop
      vertex 34 52.0464 -83.4341
      vertex 37.2 52.0452 -83.6865
      vertex 34 52.0452 -83.6865
    endloop
  endfacet
  facet normal 0 0.999989 -0.0047543
    outer loop
      vertex 34 52.0464 -83.4341
      vertex 37.2 52.0464 -83.4341
      vertex 37.2 52.0452 -83.6865
    endloop
  endfacet
  facet normal 0 0.998296 0.0583533
    outer loop
      vertex 34 52.0297 -83.1484
      vertex 37.2 52.0464 -83.4341
      vertex 34 52.0464 -83.4341
    endloop
  endfacet
  facet normal -0 0.998296 0.0583533
    outer loop
      vertex 34 52.0297 -83.1484
      vertex 37.2 52.0297 -83.1484
      vertex 37.2 52.0464 -83.4341
    endloop
  endfacet
  facet normal 0 0.992653 0.120994
    outer loop
      vertex 34 51.991 -82.8309
      vertex 37.2 52.0297 -83.1484
      vertex 34 52.0297 -83.1484
    endloop
  endfacet
  facet normal -0 0.992653 0.120994
    outer loop
      vertex 34 51.991 -82.8309
      vertex 37.2 51.991 -82.8309
      vertex 37.2 52.0297 -83.1484
    endloop
  endfacet
  facet normal 0 0.37266 0.927968
    outer loop
      vertex 34 51.4616 -82.6183
      vertex 37.2 51.991 -82.8309
      vertex 34 51.991 -82.8309
    endloop
  endfacet
  facet normal -0 0.37266 0.927968
    outer loop
      vertex 34 51.4616 -82.6183
      vertex 37.2 51.4616 -82.6183
      vertex 37.2 51.991 -82.8309
    endloop
  endfacet
  facet normal 0 -0.632897 0.774236
    outer loop
      vertex 34 51.214 -82.8207
      vertex 37.2 51.4616 -82.6183
      vertex 34 51.4616 -82.6183
    endloop
  endfacet
  facet normal 0 -0.632897 0.774236
    outer loop
      vertex 34 51.214 -82.8207
      vertex 37.2 51.214 -82.8207
      vertex 37.2 51.4616 -82.6183
    endloop
  endfacet
  facet normal 0 -0.680585 0.732669
    outer loop
      vertex 34 51.0044 -83.0154
      vertex 37.2 51.214 -82.8207
      vertex 34 51.214 -82.8207
    endloop
  endfacet
  facet normal 0 -0.680585 0.732669
    outer loop
      vertex 34 51.0044 -83.0154
      vertex 37.2 51.0044 -83.0154
      vertex 37.2 51.214 -82.8207
    endloop
  endfacet
  facet normal 0 -0.725474 0.68825
    outer loop
      vertex 34 50.8306 -83.1986
      vertex 37.2 51.0044 -83.0154
      vertex 34 51.0044 -83.0154
    endloop
  endfacet
  facet normal 0 -0.725474 0.68825
    outer loop
      vertex 34 50.8306 -83.1986
      vertex 37.2 50.8306 -83.1986
      vertex 37.2 51.0044 -83.0154
    endloop
  endfacet
  facet normal 0 -0.767134 0.641487
    outer loop
      vertex 34 50.6902 -83.3665
      vertex 37.2 50.8306 -83.1986
      vertex 34 50.8306 -83.1986
    endloop
  endfacet
  facet normal 0 -0.767134 0.641487
    outer loop
      vertex 34 50.6902 -83.3665
      vertex 37.2 50.6902 -83.3665
      vertex 37.2 50.8306 -83.1986
    endloop
  endfacet
  facet normal 0 -0.805924 0.592019
    outer loop
      vertex 34 50.5806 -83.5157
      vertex 37.2 50.6902 -83.3665
      vertex 34 50.6902 -83.3665
    endloop
  endfacet
  facet normal 0 -0.805924 0.592019
    outer loop
      vertex 34 50.5806 -83.5157
      vertex 37.2 50.5806 -83.5157
      vertex 37.2 50.6902 -83.3665
    endloop
  endfacet
  facet normal 0 -0.841671 0.53999
    outer loop
      vertex 34 50.4988 -83.6432
      vertex 37.2 50.5806 -83.5157
      vertex 34 50.5806 -83.5157
    endloop
  endfacet
  facet normal 0 -0.841671 0.53999
    outer loop
      vertex 34 50.4988 -83.6432
      vertex 37.2 50.4988 -83.6432
      vertex 37.2 50.5806 -83.5157
    endloop
  endfacet
  facet normal 0 -0.873877 0.486147
    outer loop
      vertex 34 50.4415 -83.7462
      vertex 37.2 50.4988 -83.6432
      vertex 34 50.4988 -83.6432
    endloop
  endfacet
  facet normal 0 -0.873877 0.486147
    outer loop
      vertex 34 50.4415 -83.7462
      vertex 37.2 50.4415 -83.7462
      vertex 37.2 50.4988 -83.6432
    endloop
  endfacet
  facet normal 0 -0.902597 0.430487
    outer loop
      vertex 34 50.4053 -83.8221
      vertex 37.2 50.4415 -83.7462
      vertex 34 50.4415 -83.7462
    endloop
  endfacet
  facet normal 0 -0.902597 0.430487
    outer loop
      vertex 34 50.4053 -83.8221
      vertex 37.2 50.4053 -83.8221
      vertex 37.2 50.4415 -83.7462
    endloop
  endfacet
  facet normal 0 -0.927242 0.374463
    outer loop
      vertex 34 50.3864 -83.8689
      vertex 37.2 50.4053 -83.8221
      vertex 34 50.4053 -83.8221
    endloop
  endfacet
  facet normal 0 -0.927242 0.374463
    outer loop
      vertex 34 50.3864 -83.8689
      vertex 37.2 50.3864 -83.8689
      vertex 37.2 50.4053 -83.8221
    endloop
  endfacet
  facet normal 0 -0.947492 0.319779
    outer loop
      vertex 34 50.381 -83.8849
      vertex 37.2 50.3864 -83.8689
      vertex 34 50.3864 -83.8689
    endloop
  endfacet
  facet normal 0 -0.947492 0.319779
    outer loop
      vertex 34 50.381 -83.8849
      vertex 37.2 50.381 -83.8849
      vertex 37.2 50.3864 -83.8689
    endloop
  endfacet
  facet normal 0 -0.796996 0.603984
    outer loop
      vertex 34 49.921 -84.4919
      vertex 37.2 50.381 -83.8849
      vertex 34 50.381 -83.8849
    endloop
  endfacet
  facet normal 0 -0.796996 0.603984
    outer loop
      vertex 34 49.921 -84.4919
      vertex 37.2 49.921 -84.4919
      vertex 37.2 50.381 -83.8849
    endloop
  endfacet
  facet normal 0 -0.372378 -0.928081
    outer loop
      vertex 34 49.9372 -84.4984
      vertex 37.2 49.921 -84.4919
      vertex 34 49.921 -84.4919
    endloop
  endfacet
  facet normal 0 -0.372378 -0.928081
    outer loop
      vertex 34 49.9372 -84.4984
      vertex 37.2 49.9372 -84.4984
      vertex 37.2 49.921 -84.4919
    endloop
  endfacet
  facet normal 0 0.234473 0.972123
    outer loop
      vertex 34 49.5964 -84.4162
      vertex 37.2 49.9372 -84.4984
      vertex 34 49.9372 -84.4984
    endloop
  endfacet
  facet normal -0 0.234473 0.972123
    outer loop
      vertex 34 49.5964 -84.4162
      vertex 37.2 49.5964 -84.4162
      vertex 37.2 49.9372 -84.4984
    endloop
  endfacet
  facet normal 0 0.177479 0.984125
    outer loop
      vertex 34 49.2515 -84.354
      vertex 37.2 49.5964 -84.4162
      vertex 34 49.5964 -84.4162
    endloop
  endfacet
  facet normal -0 0.177479 0.984125
    outer loop
      vertex 34 49.2515 -84.354
      vertex 37.2 49.2515 -84.354
      vertex 37.2 49.5964 -84.4162
    endloop
  endfacet
  facet normal 0 -0.0346612 -0.999399
    outer loop
      vertex 34 49.2688 -84.3546
      vertex 37.2 49.2515 -84.354
      vertex 34 49.2515 -84.354
    endloop
  endfacet
  facet normal 0 -0.0346612 -0.999399
    outer loop
      vertex 34 49.2688 -84.3546
      vertex 37.2 49.2688 -84.3546
      vertex 37.2 49.2515 -84.354
    endloop
  endfacet
  facet normal 0 0.972867 0.231366
    outer loop
      vertex 34 49.0926 -83.6137
      vertex 37.2 49.2688 -84.3546
      vertex 34 49.2688 -84.3546
    endloop
  endfacet
  facet normal -0 0.972867 0.231366
    outer loop
      vertex 34 49.0926 -83.6137
      vertex 37.2 49.0926 -83.6137
      vertex 37.2 49.2688 -84.3546
    endloop
  endfacet
  facet normal 0 0.996038 -0.0889319
    outer loop
      vertex 34 49.0941 -83.5969
      vertex 37.2 49.0926 -83.6137
      vertex 34 49.0926 -83.6137
    endloop
  endfacet
  facet normal 0 0.996038 -0.0889319
    outer loop
      vertex 34 49.0941 -83.5969
      vertex 37.2 49.0941 -83.5969
      vertex 37.2 49.0926 -83.6137
    endloop
  endfacet
  facet normal 0 0.999498 -0.0316673
    outer loop
      vertex 34 49.0957 -83.5464
      vertex 37.2 49.0941 -83.5969
      vertex 34 49.0941 -83.5969
    endloop
  endfacet
  facet normal 0 0.999498 -0.0316673
    outer loop
      vertex 34 49.0957 -83.5464
      vertex 37.2 49.0957 -83.5464
      vertex 37.2 49.0941 -83.5969
    endloop
  endfacet
  facet normal 0 0.999522 0.0309008
    outer loop
      vertex 34 49.0931 -83.4623
      vertex 37.2 49.0957 -83.5464
      vertex 34 49.0957 -83.5464
    endloop
  endfacet
  facet normal -0 0.999522 0.0309008
    outer loop
      vertex 34 49.0931 -83.4623
      vertex 37.2 49.0931 -83.4623
      vertex 37.2 49.0957 -83.5464
    endloop
  endfacet
  facet normal 0 0.99571 0.0925255
    outer loop
      vertex 34 49.0822 -83.345
      vertex 37.2 49.0931 -83.4623
      vertex 34 49.0931 -83.4623
    endloop
  endfacet
  facet normal -0 0.99571 0.0925255
    outer loop
      vertex 34 49.0822 -83.345
      vertex 37.2 49.0822 -83.345
      vertex 37.2 49.0931 -83.4623
    endloop
  endfacet
  facet normal 0 0.987902 0.155081
    outer loop
      vertex 34 49.0587 -83.1953
      vertex 37.2 49.0822 -83.345
      vertex 34 49.0822 -83.345
    endloop
  endfacet
  facet normal -0 0.987902 0.155081
    outer loop
      vertex 34 49.0587 -83.1953
      vertex 37.2 49.0587 -83.1953
      vertex 37.2 49.0822 -83.345
    endloop
  endfacet
  facet normal 0 0.976251 0.216644
    outer loop
      vertex 34 49.0186 -83.0146
      vertex 37.2 49.0587 -83.1953
      vertex 34 49.0587 -83.1953
    endloop
  endfacet
  facet normal -0 0.976251 0.216644
    outer loop
      vertex 34 49.0186 -83.0146
      vertex 37.2 49.0186 -83.0146
      vertex 37.2 49.0587 -83.1953
    endloop
  endfacet
  facet normal 0 0.960622 0.277858
    outer loop
      vertex 34 48.9578 -82.8044
      vertex 37.2 49.0186 -83.0146
      vertex 34 49.0186 -83.0146
    endloop
  endfacet
  facet normal -0 0.960622 0.277858
    outer loop
      vertex 34 48.9578 -82.8044
      vertex 37.2 48.9578 -82.8044
      vertex 37.2 49.0186 -83.0146
    endloop
  endfacet
  facet normal 0 0.941356 0.337415
    outer loop
      vertex 34 48.8726 -82.5667
      vertex 37.2 48.9578 -82.8044
      vertex 34 48.9578 -82.8044
    endloop
  endfacet
  facet normal -0 0.941356 0.337415
    outer loop
      vertex 34 48.8726 -82.5667
      vertex 37.2 48.8726 -82.5667
      vertex 37.2 48.9578 -82.8044
    endloop
  endfacet
  facet normal 0 0.918111 0.396322
    outer loop
      vertex 34 48.7592 -82.304
      vertex 37.2 48.8726 -82.5667
      vertex 34 48.8726 -82.5667
    endloop
  endfacet
  facet normal -0 0.918111 0.396322
    outer loop
      vertex 34 48.7592 -82.304
      vertex 37.2 48.7592 -82.304
      vertex 37.2 48.8726 -82.5667
    endloop
  endfacet
  facet normal 0 0.891469 0.453082
    outer loop
      vertex 34 48.6143 -82.0189
      vertex 37.2 48.7592 -82.304
      vertex 34 48.7592 -82.304
    endloop
  endfacet
  facet normal -0 0.891469 0.453082
    outer loop
      vertex 34 48.6143 -82.0189
      vertex 37.2 48.6143 -82.0189
      vertex 37.2 48.7592 -82.304
    endloop
  endfacet
  facet normal 0 0.032953 0.999457
    outer loop
      vertex 34 48.0441 -82.0001
      vertex 37.2 48.6143 -82.0189
      vertex 34 48.6143 -82.0189
    endloop
  endfacet
  facet normal -0 0.032953 0.999457
    outer loop
      vertex 34 48.0441 -82.0001
      vertex 37.2 48.0441 -82.0001
      vertex 37.2 48.6143 -82.0189
    endloop
  endfacet
  facet normal 0 -0.85961 0.510951
    outer loop
      vertex 34 47.8807 -82.275
      vertex 37.2 48.0441 -82.0001
      vertex 34 48.0441 -82.0001
    endloop
  endfacet
  facet normal 0 -0.85961 0.510951
    outer loop
      vertex 34 47.8807 -82.275
      vertex 37.2 47.8807 -82.275
      vertex 37.2 48.0441 -82.0001
    endloop
  endfacet
  facet normal 0 -0.890123 0.455721
    outer loop
      vertex 34 47.7503 -82.5297
      vertex 37.2 47.8807 -82.275
      vertex 34 47.8807 -82.275
    endloop
  endfacet
  facet normal 0 -0.890123 0.455721
    outer loop
      vertex 34 47.7503 -82.5297
      vertex 37.2 47.7503 -82.5297
      vertex 37.2 47.8807 -82.275
    endloop
  endfacet
  facet normal 0 -0.917001 0.398885
    outer loop
      vertex 34 47.6496 -82.7612
      vertex 37.2 47.7503 -82.5297
      vertex 34 47.7503 -82.5297
    endloop
  endfacet
  facet normal 0 -0.917001 0.398885
    outer loop
      vertex 34 47.6496 -82.7612
      vertex 37.2 47.6496 -82.7612
      vertex 37.2 47.7503 -82.5297
    endloop
  endfacet
  facet normal 0 -0.940286 0.340385
    outer loop
      vertex 34 47.5751 -82.967
      vertex 37.2 47.6496 -82.7612
      vertex 34 47.6496 -82.7612
    endloop
  endfacet
  facet normal 0 -0.940286 0.340385
    outer loop
      vertex 34 47.5751 -82.967
      vertex 37.2 47.5751 -82.967
      vertex 37.2 47.6496 -82.7612
    endloop
  endfacet
  facet normal 0 -0.959897 0.280353
    outer loop
      vertex 34 47.5232 -83.1447
      vertex 37.2 47.5751 -82.967
      vertex 34 47.5751 -82.967
    endloop
  endfacet
  facet normal 0 -0.959897 0.280353
    outer loop
      vertex 34 47.5232 -83.1447
      vertex 37.2 47.5232 -83.1447
      vertex 37.2 47.5751 -82.967
    endloop
  endfacet
  facet normal 0 -0.975546 0.219795
    outer loop
      vertex 34 47.4899 -83.2925
      vertex 37.2 47.5232 -83.1447
      vertex 34 47.5232 -83.1447
    endloop
  endfacet
  facet normal 0 -0.975546 0.219795
    outer loop
      vertex 34 47.4899 -83.2925
      vertex 37.2 47.4899 -83.2925
      vertex 37.2 47.5232 -83.1447
    endloop
  endfacet
  facet normal 0 -0.987472 0.157792
    outer loop
      vertex 34 47.4713 -83.4089
      vertex 37.2 47.4899 -83.2925
      vertex 34 47.4899 -83.2925
    endloop
  endfacet
  facet normal 0 -0.987472 0.157792
    outer loop
      vertex 34 47.4713 -83.4089
      vertex 37.2 47.4713 -83.4089
      vertex 37.2 47.4899 -83.2925
    endloop
  endfacet
  facet normal 0 -0.99535 0.0963242
    outer loop
      vertex 34 47.4632 -83.4926
      vertex 37.2 47.4713 -83.4089
      vertex 34 47.4713 -83.4089
    endloop
  endfacet
  facet normal 0 -0.99535 0.0963242
    outer loop
      vertex 34 47.4632 -83.4926
      vertex 37.2 47.4632 -83.4926
      vertex 37.2 47.4713 -83.4089
    endloop
  endfacet
  facet normal 0 -0.999434 0.0336443
    outer loop
      vertex 34 47.4615 -83.5431
      vertex 37.2 47.4632 -83.4926
      vertex 34 47.4632 -83.4926
    endloop
  endfacet
  facet normal 0 -0.999434 0.0336443
    outer loop
      vertex 34 47.4615 -83.5431
      vertex 37.2 47.4615 -83.5431
      vertex 37.2 47.4632 -83.4926
    endloop
  endfacet
  facet normal 0 -0.999841 -0.0178543
    outer loop
      vertex 34 47.4618 -83.5599
      vertex 37.2 47.4615 -83.5431
      vertex 34 47.4615 -83.5431
    endloop
  endfacet
  facet normal 0 -0.999841 -0.0178543
    outer loop
      vertex 34 47.4618 -83.5599
      vertex 37.2 47.4618 -83.5599
      vertex 37.2 47.4615 -83.5431
    endloop
  endfacet
  facet normal 0 -0.955523 0.294916
    outer loop
      vertex 34 47.2372 -84.2876
      vertex 37.2 47.4618 -83.5599
      vertex 34 47.4618 -83.5599
    endloop
  endfacet
  facet normal 0 -0.955523 0.294916
    outer loop
      vertex 34 47.2372 -84.2876
      vertex 37.2 47.2372 -84.2876
      vertex 37.2 47.4618 -83.5599
    endloop
  endfacet
  facet normal 0 -0.0344623 -0.999406
    outer loop
      vertex 34 47.2546 -84.2882
      vertex 37.2 47.2372 -84.2876
      vertex 34 47.2372 -84.2876
    endloop
  endfacet
  facet normal 0 -0.0344623 -0.999406
    outer loop
      vertex 34 47.2546 -84.2882
      vertex 37.2 47.2546 -84.2882
      vertex 37.2 47.2372 -84.2876
    endloop
  endfacet
  facet normal 0 -0.112404 0.993663
    outer loop
      vertex 34 46.9063 -84.3276
      vertex 37.2 47.2546 -84.2882
      vertex 34 47.2546 -84.2882
    endloop
  endfacet
  facet normal 0 -0.112404 0.993663
    outer loop
      vertex 34 46.9063 -84.3276
      vertex 37.2 46.9063 -84.3276
      vertex 37.2 47.2546 -84.2882
    endloop
  endfacet
  facet normal 0 -0.169716 0.985493
    outer loop
      vertex 34 46.5608 -84.3871
      vertex 37.2 46.9063 -84.3276
      vertex 34 46.9063 -84.3276
    endloop
  endfacet
  facet normal 0 -0.169716 0.985493
    outer loop
      vertex 34 46.5608 -84.3871
      vertex 37.2 46.5608 -84.3871
      vertex 37.2 46.9063 -84.3276
    endloop
  endfacet
  facet normal 0 0.309345 -0.95095
    outer loop
      vertex 34 46.5774 -84.3817
      vertex 37.2 46.5608 -84.3871
      vertex 34 46.5608 -84.3871
    endloop
  endfacet
  facet normal 0 0.309345 -0.95095
    outer loop
      vertex 34 46.5774 -84.3817
      vertex 37.2 46.5774 -84.3817
      vertex 37.2 46.5608 -84.3871
    endloop
  endfacet
  facet normal 0 0.835068 0.550147
    outer loop
      vertex 34 46.1584 -83.7457
      vertex 37.2 46.5774 -84.3817
      vertex 34 46.5774 -84.3817
    endloop
  endfacet
  facet normal -0 0.835068 0.550147
    outer loop
      vertex 34 46.1584 -83.7457
      vertex 37.2 46.1584 -83.7457
      vertex 37.2 46.5774 -84.3817
    endloop
  endfacet
  facet normal 0 0.966531 0.256548
    outer loop
      vertex 34 46.1541 -83.7295
      vertex 37.2 46.1584 -83.7457
      vertex 34 46.1584 -83.7457
    endloop
  endfacet
  facet normal -0 0.966531 0.256548
    outer loop
      vertex 34 46.1541 -83.7295
      vertex 37.2 46.1541 -83.7295
      vertex 37.2 46.1584 -83.7457
    endloop
  endfacet
  facet normal 0 0.949864 0.312664
    outer loop
      vertex 34 46.1383 -83.6815
      vertex 37.2 46.1541 -83.7295
      vertex 34 46.1541 -83.7295
    endloop
  endfacet
  facet normal -0 0.949864 0.312664
    outer loop
      vertex 34 46.1383 -83.6815
      vertex 37.2 46.1383 -83.6815
      vertex 37.2 46.1541 -83.7295
    endloop
  endfacet
  facet normal 0 0.928804 0.370571
    outer loop
      vertex 34 46.1071 -83.6033
      vertex 37.2 46.1383 -83.6815
      vertex 34 46.1383 -83.6815
    endloop
  endfacet
  facet normal -0 0.928804 0.370571
    outer loop
      vertex 34 46.1071 -83.6033
      vertex 37.2 46.1071 -83.6033
      vertex 37.2 46.1383 -83.6815
    endloop
  endfacet
  facet normal 0 0.903893 0.427758
    outer loop
      vertex 34 46.0567 -83.4968
      vertex 37.2 46.1071 -83.6033
      vertex 34 46.1071 -83.6033
    endloop
  endfacet
  facet normal -0 0.903893 0.427758
    outer loop
      vertex 34 46.0567 -83.4968
      vertex 37.2 46.0567 -83.4968
      vertex 37.2 46.1071 -83.6033
    endloop
  endfacet
  facet normal 0 0.875462 0.483287
    outer loop
      vertex 34 45.9835 -83.3642
      vertex 37.2 46.0567 -83.4968
      vertex 34 46.0567 -83.4968
    endloop
  endfacet
  facet normal -0 0.875462 0.483287
    outer loop
      vertex 34 45.9835 -83.3642
      vertex 37.2 45.9835 -83.3642
      vertex 37.2 46.0567 -83.4968
    endloop
  endfacet
  facet normal 0 0.843261 0.537505
    outer loop
      vertex 34 45.884 -83.2081
      vertex 37.2 45.9835 -83.3642
      vertex 34 45.9835 -83.3642
    endloop
  endfacet
  facet normal -0 0.843261 0.537505
    outer loop
      vertex 34 45.884 -83.2081
      vertex 37.2 45.884 -83.2081
      vertex 37.2 45.9835 -83.3642
    endloop
  endfacet
  facet normal 0 0.807826 0.589421
    outer loop
      vertex 34 45.755 -83.0313
      vertex 37.2 45.884 -83.2081
      vertex 34 45.884 -83.2081
    endloop
  endfacet
  facet normal -0 0.807826 0.589421
    outer loop
      vertex 34 45.755 -83.0313
      vertex 37.2 45.755 -83.0313
      vertex 37.2 45.884 -83.2081
    endloop
  endfacet
  facet normal 0 0.769065 0.639171
    outer loop
      vertex 34 45.5936 -82.8371
      vertex 37.2 45.755 -83.0313
      vertex 34 45.755 -83.0313
    endloop
  endfacet
  facet normal -0 0.769065 0.639171
    outer loop
      vertex 34 45.5936 -82.8371
      vertex 37.2 45.5936 -82.8371
      vertex 37.2 45.755 -83.0313
    endloop
  endfacet
  facet normal 0 0.727255 0.686367
    outer loop
      vertex 34 45.3972 -82.629
      vertex 37.2 45.5936 -82.8371
      vertex 34 45.5936 -82.8371
    endloop
  endfacet
  facet normal -0 0.727255 0.686367
    outer loop
      vertex 34 45.3972 -82.629
      vertex 37.2 45.3972 -82.629
      vertex 37.2 45.5936 -82.8371
    endloop
  endfacet
  facet normal 0 0.682619 0.730774
    outer loop
      vertex 34 45.1635 -82.4107
      vertex 37.2 45.3972 -82.629
      vertex 34 45.3972 -82.629
    endloop
  endfacet
  facet normal -0 0.682619 0.730774
    outer loop
      vertex 34 45.1635 -82.4107
      vertex 37.2 45.1635 -82.4107
      vertex 37.2 45.3972 -82.629
    endloop
  endfacet
  facet normal 0 -0.310964 0.950422
    outer loop
      vertex 34 44.6213 -82.5881
      vertex 37.2 45.1635 -82.4107
      vertex 34 45.1635 -82.4107
    endloop
  endfacet
  facet normal 0 -0.310964 0.950422
    outer loop
      vertex 34 44.6213 -82.5881
      vertex 37.2 44.6213 -82.5881
      vertex 37.2 45.1635 -82.4107
    endloop
  endfacet
  facet normal 0 -0.982538 0.186063
    outer loop
      vertex 34 44.5618 -82.9023
      vertex 37.2 44.6213 -82.5881
      vertex 34 44.6213 -82.5881
    endloop
  endfacet
  facet normal 0 -0.982538 0.186063
    outer loop
      vertex 34 44.5618 -82.9023
      vertex 37.2 44.5618 -82.9023
      vertex 37.2 44.6213 -82.5881
    endloop
  endfacet
  facet normal 0 -0.992272 0.124078
    outer loop
      vertex 34 44.5263 -83.1862
      vertex 37.2 44.5618 -82.9023
      vertex 34 44.5618 -82.9023
    endloop
  endfacet
  facet normal 0 -0.992272 0.124078
    outer loop
      vertex 34 44.5263 -83.1862
      vertex 37.2 44.5263 -83.1862
      vertex 37.2 44.5618 -82.9023
    endloop
  endfacet
  facet normal 0 -0.998138 0.0609973
    outer loop
      vertex 34 44.5109 -83.4382
      vertex 37.2 44.5263 -83.1862
      vertex 34 44.5263 -83.1862
    endloop
  endfacet
  facet normal 0 -0.998138 0.0609973
    outer loop
      vertex 34 44.5109 -83.4382
      vertex 37.2 44.5109 -83.4382
      vertex 37.2 44.5263 -83.1862
    endloop
  endfacet
  facet normal 0 -0.999998 -0.00182732
    outer loop
      vertex 34 44.5113 -83.6571
      vertex 37.2 44.5109 -83.4382
      vertex 34 44.5109 -83.4382
    endloop
  endfacet
  facet normal 0 -0.999998 -0.00182732
    outer loop
      vertex 34 44.5113 -83.6571
      vertex 37.2 44.5113 -83.6571
      vertex 37.2 44.5109 -83.4382
    endloop
  endfacet
  facet normal 0 -0.997896 -0.0648335
    outer loop
      vertex 34 44.5233 -83.8418
      vertex 37.2 44.5113 -83.6571
      vertex 34 44.5113 -83.6571
    endloop
  endfacet
  facet normal 0 -0.997896 -0.0648335
    outer loop
      vertex 34 44.5233 -83.8418
      vertex 37.2 44.5233 -83.8418
      vertex 37.2 44.5113 -83.6571
    endloop
  endfacet
  facet normal 0 -0.991939 -0.126715
    outer loop
      vertex 34 44.5425 -83.9921
      vertex 37.2 44.5233 -83.8418
      vertex 34 44.5233 -83.8418
    endloop
  endfacet
  facet normal 0 -0.991939 -0.126715
    outer loop
      vertex 34 44.5425 -83.9921
      vertex 37.2 44.5425 -83.9921
      vertex 37.2 44.5233 -83.8418
    endloop
  endfacet
  facet normal 0 -0.98177 -0.190075
    outer loop
      vertex 34 44.5649 -84.1078
      vertex 37.2 44.5425 -83.9921
      vertex 34 44.5425 -83.9921
    endloop
  endfacet
  facet normal 0 -0.98177 -0.190075
    outer loop
      vertex 34 44.5649 -84.1078
      vertex 37.2 44.5649 -84.1078
      vertex 37.2 44.5425 -83.9921
    endloop
  endfacet
  facet normal 0 -0.96837 -0.249519
    outer loop
      vertex 34 44.5859 -84.1893
      vertex 37.2 44.5649 -84.1078
      vertex 34 44.5649 -84.1078
    endloop
  endfacet
  facet normal 0 -0.96837 -0.249519
    outer loop
      vertex 34 44.5859 -84.1893
      vertex 37.2 44.5859 -84.1893
      vertex 37.2 44.5649 -84.1078
    endloop
  endfacet
  facet normal 0 -0.951034 -0.309086
    outer loop
      vertex 34 44.6015 -84.2373
      vertex 37.2 44.5859 -84.1893
      vertex 34 44.5859 -84.1893
    endloop
  endfacet
  facet normal 0 -0.951034 -0.309086
    outer loop
      vertex 34 44.6015 -84.2373
      vertex 37.2 44.6015 -84.2373
      vertex 37.2 44.5859 -84.1893
    endloop
  endfacet
  facet normal 0 -0.932116 -0.36216
    outer loop
      vertex 34 44.6076 -84.253
      vertex 37.2 44.6015 -84.2373
      vertex 34 44.6015 -84.2373
    endloop
  endfacet
  facet normal 0 -0.932116 -0.36216
    outer loop
      vertex 34 44.6076 -84.253
      vertex 37.2 44.6076 -84.253
      vertex 37.2 44.6015 -84.2373
    endloop
  endfacet
  facet normal 0 -0.998767 -0.0496363
    outer loop
      vertex 34 44.6454 -85.0136
      vertex 37.2 44.6076 -84.253
      vertex 34 44.6076 -84.253
    endloop
  endfacet
  facet normal 0 -0.998767 -0.0496363
    outer loop
      vertex 34 44.6454 -85.0136
      vertex 37.2 44.6454 -85.0136
      vertex 37.2 44.6076 -84.253
    endloop
  endfacet
  facet normal 0 0.307669 -0.951494
    outer loop
      vertex 34 44.6621 -85.0082
      vertex 37.2 44.6454 -85.0136
      vertex 34 44.6454 -85.0136
    endloop
  endfacet
  facet normal 0 0.307669 -0.951494
    outer loop
      vertex 34 44.6621 -85.0082
      vertex 37.2 44.6621 -85.0082
      vertex 37.2 44.6454 -85.0136
    endloop
  endfacet
  facet normal 0 -0.445273 0.895395
    outer loop
      vertex 34 44.3482 -85.1643
      vertex 37.2 44.6621 -85.0082
      vertex 34 44.6621 -85.0082
    endloop
  endfacet
  facet normal 0 -0.445273 0.895395
    outer loop
      vertex 34 44.3482 -85.1643
      vertex 37.2 44.3482 -85.1643
      vertex 37.2 44.6621 -85.0082
    endloop
  endfacet
  facet normal 0 -0.4966 0.86798
    outer loop
      vertex 34 44.0439 -85.3384
      vertex 37.2 44.3482 -85.1643
      vertex 34 44.3482 -85.1643
    endloop
  endfacet
  facet normal 0 -0.4966 0.86798
    outer loop
      vertex 34 44.0439 -85.3384
      vertex 37.2 44.0439 -85.3384
      vertex 37.2 44.3482 -85.1643
    endloop
  endfacet
  facet normal 0 0.615532 -0.788112
    outer loop
      vertex 34 44.0576 -85.3277
      vertex 37.2 44.0439 -85.3384
      vertex 34 44.0439 -85.3384
    endloop
  endfacet
  facet normal 0 0.615532 -0.788112
    outer loop
      vertex 34 44.0576 -85.3277
      vertex 37.2 44.0576 -85.3277
      vertex 37.2 44.0439 -85.3384
    endloop
  endfacet
  facet normal 0 0.596549 0.802577
    outer loop
      vertex 34 43.4464 -84.8734
      vertex 37.2 44.0576 -85.3277
      vertex 34 44.0576 -85.3277
    endloop
  endfacet
  facet normal -0 0.596549 0.802577
    outer loop
      vertex 34 43.4464 -84.8734
      vertex 37.2 43.4464 -84.8734
      vertex 37.2 44.0576 -85.3277
    endloop
  endfacet
  facet normal 0 0.818116 0.575053
    outer loop
      vertex 34 43.4367 -84.8596
      vertex 37.2 43.4464 -84.8734
      vertex 34 43.4464 -84.8734
    endloop
  endfacet
  facet normal -0 0.818116 0.575053
    outer loop
      vertex 34 43.4367 -84.8596
      vertex 37.2 43.4367 -84.8596
      vertex 37.2 43.4464 -84.8734
    endloop
  endfacet
  facet normal 0 0.78625 0.617909
    outer loop
      vertex 34 43.4055 -84.8199
      vertex 37.2 43.4367 -84.8596
      vertex 34 43.4367 -84.8596
    endloop
  endfacet
  facet normal -0 0.78625 0.617909
    outer loop
      vertex 34 43.4055 -84.8199
      vertex 37.2 43.4055 -84.8199
      vertex 37.2 43.4367 -84.8596
    endloop
  endfacet
  facet normal 0 0.745769 0.666205
    outer loop
      vertex 34 43.3494 -84.7571
      vertex 37.2 43.4055 -84.8199
      vertex 34 43.4055 -84.8199
    endloop
  endfacet
  facet normal -0 0.745769 0.666205
    outer loop
      vertex 34 43.3494 -84.7571
      vertex 37.2 43.3494 -84.7571
      vertex 37.2 43.4055 -84.8199
    endloop
  endfacet
  facet normal 0 0.703703 0.710494
    outer loop
      vertex 34 43.2657 -84.6742
      vertex 37.2 43.3494 -84.7571
      vertex 34 43.3494 -84.7571
    endloop
  endfacet
  facet normal -0 0.703703 0.710494
    outer loop
      vertex 34 43.2657 -84.6742
      vertex 37.2 43.2657 -84.6742
      vertex 37.2 43.3494 -84.7571
    endloop
  endfacet
  facet normal 0 0.656914 0.753966
    outer loop
      vertex 34 43.1515 -84.5747
      vertex 37.2 43.2657 -84.6742
      vertex 34 43.2657 -84.6742
    endloop
  endfacet
  facet normal -0 0.656914 0.753966
    outer loop
      vertex 34 43.1515 -84.5747
      vertex 37.2 43.1515 -84.5747
      vertex 37.2 43.2657 -84.6742
    endloop
  endfacet
  facet normal 0 0.608692 0.793406
    outer loop
      vertex 34 43.0046 -84.462
      vertex 37.2 43.1515 -84.5747
      vertex 34 43.1515 -84.5747
    endloop
  endfacet
  facet normal -0 0.608692 0.793406
    outer loop
      vertex 34 43.0046 -84.462
      vertex 37.2 43.0046 -84.462
      vertex 37.2 43.1515 -84.5747
    endloop
  endfacet
  facet normal 0 0.557439 0.830218
    outer loop
      vertex 34 42.8229 -84.34
      vertex 37.2 43.0046 -84.462
      vertex 34 43.0046 -84.462
    endloop
  endfacet
  facet normal -0 0.557439 0.830218
    outer loop
      vertex 34 42.8229 -84.34
      vertex 37.2 42.8229 -84.34
      vertex 37.2 43.0046 -84.462
    endloop
  endfacet
  facet normal 0 0.50397 0.863721
    outer loop
      vertex 34 42.6049 -84.2128
      vertex 37.2 42.8229 -84.34
      vertex 34 42.8229 -84.34
    endloop
  endfacet
  facet normal -0 0.50397 0.863721
    outer loop
      vertex 34 42.6049 -84.2128
      vertex 37.2 42.6049 -84.2128
      vertex 37.2 42.8229 -84.34
    endloop
  endfacet
  facet normal 0 0.448611 0.893727
    outer loop
      vertex 34 42.3491 -84.0844
      vertex 37.2 42.6049 -84.2128
      vertex 34 42.6049 -84.2128
    endloop
  endfacet
  facet normal -0 0.448611 0.893727
    outer loop
      vertex 34 42.3491 -84.0844
      vertex 37.2 42.3491 -84.0844
      vertex 37.2 42.6049 -84.2128
    endloop
  endfacet
  facet normal 0 0.391465 0.920193
    outer loop
      vertex 34 42.0548 -83.9592
      vertex 37.2 42.3491 -84.0844
      vertex 34 42.3491 -84.0844
    endloop
  endfacet
  facet normal -0 0.391465 0.920193
    outer loop
      vertex 34 42.0548 -83.9592
      vertex 37.2 42.0548 -83.9592
      vertex 37.2 42.3491 -84.0844
    endloop
  endfacet
  facet normal 0 -0.617248 0.786768
    outer loop
      vertex 34 41.606 -84.3113
      vertex 37.2 42.0548 -83.9592
      vertex 34 42.0548 -83.9592
    endloop
  endfacet
  facet normal 0 -0.617248 0.786768
    outer loop
      vertex 34 41.606 -84.3113
      vertex 37.2 41.606 -84.3113
      vertex 37.2 42.0548 -83.9592
    endloop
  endfacet
  facet normal 0 -0.986946 -0.161051
    outer loop
      vertex 34 41.6575 -84.6269
      vertex 37.2 41.606 -84.3113
      vertex 34 41.606 -84.3113
    endloop
  endfacet
  facet normal 0 -0.986946 -0.161051
    outer loop
      vertex 34 41.6575 -84.6269
      vertex 37.2 41.6575 -84.6269
      vertex 37.2 41.606 -84.3113
    endloop
  endfacet
  facet normal 0 -0.974819 -0.222996
    outer loop
      vertex 34 41.7213 -84.9058
      vertex 37.2 41.6575 -84.6269
      vertex 34 41.6575 -84.6269
    endloop
  endfacet
  facet normal 0 -0.974819 -0.222996
    outer loop
      vertex 34 41.7213 -84.9058
      vertex 37.2 41.7213 -84.9058
      vertex 37.2 41.6575 -84.6269
    endloop
  endfacet
  facet normal 0 -0.958834 -0.283967
    outer loop
      vertex 34 41.793 -85.1479
      vertex 37.2 41.7213 -84.9058
      vertex 34 41.7213 -84.9058
    endloop
  endfacet
  facet normal 0 -0.958834 -0.283967
    outer loop
      vertex 34 41.793 -85.1479
      vertex 37.2 41.793 -85.1479
      vertex 37.2 41.7213 -84.9058
    endloop
  endfacet
  facet normal 0 -0.939098 -0.34365
    outer loop
      vertex 34 41.8682 -85.3534
      vertex 37.2 41.793 -85.1479
      vertex 34 41.793 -85.1479
    endloop
  endfacet
  facet normal 0 -0.939098 -0.34365
    outer loop
      vertex 34 41.8682 -85.3534
      vertex 37.2 41.8682 -85.3534
      vertex 37.2 41.793 -85.1479
    endloop
  endfacet
  facet normal 0 -0.915474 -0.402377
    outer loop
      vertex 34 41.9427 -85.5229
      vertex 37.2 41.8682 -85.3534
      vertex 34 41.8682 -85.3534
    endloop
  endfacet
  facet normal 0 -0.915474 -0.402377
    outer loop
      vertex 34 41.9427 -85.5229
      vertex 37.2 41.9427 -85.5229
      vertex 37.2 41.8682 -85.3534
    endloop
  endfacet
  facet normal 0 -0.888543 -0.458794
    outer loop
      vertex 34 42.0122 -85.6575
      vertex 37.2 41.9427 -85.5229
      vertex 34 41.9427 -85.5229
    endloop
  endfacet
  facet normal 0 -0.888543 -0.458794
    outer loop
      vertex 34 42.0122 -85.6575
      vertex 37.2 42.0122 -85.6575
      vertex 37.2 41.9427 -85.5229
    endloop
  endfacet
  facet normal 0 -0.858091 -0.513497
    outer loop
      vertex 34 42.0727 -85.7586
      vertex 37.2 42.0122 -85.6575
      vertex 34 42.0122 -85.6575
    endloop
  endfacet
  facet normal 0 -0.858091 -0.513497
    outer loop
      vertex 34 42.0727 -85.7586
      vertex 37.2 42.0727 -85.7586
      vertex 37.2 42.0122 -85.6575
    endloop
  endfacet
  facet normal 0 -0.824111 -0.566428
    outer loop
      vertex 34 42.1204 -85.828
      vertex 37.2 42.0727 -85.7586
      vertex 34 42.0727 -85.7586
    endloop
  endfacet
  facet normal 0 -0.824111 -0.566428
    outer loop
      vertex 34 42.1204 -85.828
      vertex 37.2 42.1204 -85.828
      vertex 37.2 42.0727 -85.7586
    endloop
  endfacet
  facet normal 0 -0.787964 -0.615721
    outer loop
      vertex 34 42.1515 -85.8678
      vertex 37.2 42.1204 -85.828
      vertex 34 42.1204 -85.828
    endloop
  endfacet
  facet normal 0 -0.787964 -0.615721
    outer loop
      vertex 34 42.1515 -85.8678
      vertex 37.2 42.1515 -85.8678
      vertex 37.2 42.1204 -85.828
    endloop
  endfacet
  facet normal 0 -0.750359 -0.661031
    outer loop
      vertex 34 42.1626 -85.8804
      vertex 37.2 42.1515 -85.8678
      vertex 34 42.1515 -85.8678
    endloop
  endfacet
  facet normal 0 -0.750359 -0.661031
    outer loop
      vertex 34 42.1626 -85.8804
      vertex 37.2 42.1626 -85.8804
      vertex 37.2 42.1515 -85.8678
    endloop
  endfacet
  facet normal 0 -0.921559 -0.388239
    outer loop
      vertex 34 42.4583 -86.5823
      vertex 37.2 42.1626 -85.8804
      vertex 34 42.1626 -85.8804
    endloop
  endfacet
  facet normal 0 -0.921559 -0.388239
    outer loop
      vertex 34 42.4583 -86.5823
      vertex 37.2 42.4583 -86.5823
      vertex 37.2 42.1626 -85.8804
    endloop
  endfacet
  facet normal 0 0.615532 -0.788112
    outer loop
      vertex 34 42.472 -86.5716
      vertex 37.2 42.4583 -86.5823
      vertex 34 42.4583 -86.5823
    endloop
  endfacet
  facet normal 0 0.615532 -0.788112
    outer loop
      vertex 34 42.472 -86.5716
      vertex 37.2 42.472 -86.5716
      vertex 37.2 42.4583 -86.5823
    endloop
  endfacet
  facet normal 0 -0.724572 0.689199
    outer loop
      vertex 34 42.2304 -86.8256
      vertex 37.2 42.472 -86.5716
      vertex 34 42.472 -86.5716
    endloop
  endfacet
  facet normal 0 -0.724572 0.689199
    outer loop
      vertex 34 42.2304 -86.8256
      vertex 37.2 42.2304 -86.8256
      vertex 37.2 42.472 -86.5716
    endloop
  endfacet
  facet normal 0 -0.76357 0.645725
    outer loop
      vertex 34 42.0041 -87.0932
      vertex 37.2 42.2304 -86.8256
      vertex 34 42.2304 -86.8256
    endloop
  endfacet
  facet normal 0 -0.76357 0.645725
    outer loop
      vertex 34 42.0041 -87.0932
      vertex 37.2 42.0041 -87.0932
      vertex 37.2 42.2304 -86.8256
    endloop
  endfacet
  facet normal 0 0.849285 -0.527934
    outer loop
      vertex 34 42.0133 -87.0784
      vertex 37.2 42.0041 -87.0932
      vertex 34 42.0041 -87.0932
    endloop
  endfacet
  facet normal 0 0.849285 -0.527934
    outer loop
      vertex 34 42.0133 -87.0784
      vertex 37.2 42.0133 -87.0784
      vertex 37.2 42.0041 -87.0932
    endloop
  endfacet
  facet normal 0 0.285974 0.958237
    outer loop
      vertex 34 41.2835 -86.8606
      vertex 37.2 42.0133 -87.0784
      vertex 34 42.0133 -87.0784
    endloop
  endfacet
  facet normal -0 0.285974 0.958237
    outer loop
      vertex 34 41.2835 -86.8606
      vertex 37.2 41.2835 -86.8606
      vertex 37.2 42.0133 -87.0784
    endloop
  endfacet
  facet normal 0 0.575053 0.818116
    outer loop
      vertex 34 41.2697 -86.8509
      vertex 37.2 41.2835 -86.8606
      vertex 34 41.2835 -86.8606
    endloop
  endfacet
  facet normal -0 0.575053 0.818116
    outer loop
      vertex 34 41.2697 -86.8509
      vertex 37.2 41.2697 -86.8509
      vertex 37.2 41.2835 -86.8606
    endloop
  endfacet
  facet normal 0 0.526968 0.849885
    outer loop
      vertex 34 41.2268 -86.8243
      vertex 37.2 41.2697 -86.8509
      vertex 34 41.2697 -86.8509
    endloop
  endfacet
  facet normal -0 0.526968 0.849885
    outer loop
      vertex 34 41.2268 -86.8243
      vertex 37.2 41.2268 -86.8243
      vertex 37.2 41.2697 -86.8509
    endloop
  endfacet
  facet normal 0 0.473178 0.880967
    outer loop
      vertex 34 41.1527 -86.7845
      vertex 37.2 41.2268 -86.8243
      vertex 34 41.2268 -86.8243
    endloop
  endfacet
  facet normal -0 0.473178 0.880967
    outer loop
      vertex 34 41.1527 -86.7845
      vertex 37.2 41.1527 -86.7845
      vertex 37.2 41.2268 -86.8243
    endloop
  endfacet
  facet normal 0 0.417443 0.908703
    outer loop
      vertex 34 41.0456 -86.7353
      vertex 37.2 41.1527 -86.7845
      vertex 34 41.1527 -86.7845
    endloop
  endfacet
  facet normal -0 0.417443 0.908703
    outer loop
      vertex 34 41.0456 -86.7353
      vertex 37.2 41.0456 -86.7353
      vertex 37.2 41.1527 -86.7845
    endloop
  endfacet
  facet normal 0 0.359864 0.933005
    outer loop
      vertex 34 40.9043 -86.6808
      vertex 37.2 41.0456 -86.7353
      vertex 34 41.0456 -86.7353
    endloop
  endfacet
  facet normal -0 0.359864 0.933005
    outer loop
      vertex 34 40.9043 -86.6808
      vertex 37.2 40.9043 -86.6808
      vertex 37.2 41.0456 -86.7353
    endloop
  endfacet
  facet normal 0 0.300304 0.953844
    outer loop
      vertex 34 40.7277 -86.6252
      vertex 37.2 40.9043 -86.6808
      vertex 34 40.9043 -86.6808
    endloop
  endfacet
  facet normal -0 0.300304 0.953844
    outer loop
      vertex 34 40.7277 -86.6252
      vertex 37.2 40.7277 -86.6252
      vertex 37.2 40.9043 -86.6808
    endloop
  endfacet
  facet normal 0 0.239954 0.970784
    outer loop
      vertex 34 40.5153 -86.5727
      vertex 37.2 40.7277 -86.6252
      vertex 34 40.7277 -86.6252
    endloop
  endfacet
  facet normal -0 0.239954 0.970784
    outer loop
      vertex 34 40.5153 -86.5727
      vertex 37.2 40.5153 -86.5727
      vertex 37.2 40.7277 -86.6252
    endloop
  endfacet
  facet normal 0 0.178572 0.983927
    outer loop
      vertex 34 40.2668 -86.5276
      vertex 37.2 40.5153 -86.5727
      vertex 34 40.5153 -86.5727
    endloop
  endfacet
  facet normal -0 0.178572 0.983927
    outer loop
      vertex 34 40.2668 -86.5276
      vertex 37.2 40.2668 -86.5276
      vertex 37.2 40.5153 -86.5727
    endloop
  endfacet
  facet normal 0 0.115685 0.993286
    outer loop
      vertex 34 39.9826 -86.4945
      vertex 37.2 40.2668 -86.5276
      vertex 34 40.2668 -86.5276
    endloop
  endfacet
  facet normal -0 0.115685 0.993286
    outer loop
      vertex 34 39.9826 -86.4945
      vertex 37.2 39.9826 -86.4945
      vertex 37.2 40.2668 -86.5276
    endloop
  endfacet
  facet normal 0 0.0531662 0.998586
    outer loop
      vertex 34 39.6633 -86.4775
      vertex 37.2 39.9826 -86.4945
      vertex 34 39.9826 -86.4945
    endloop
  endfacet
  facet normal -0 0.0531662 0.998586
    outer loop
      vertex 34 39.6633 -86.4775
      vertex 37.2 39.6633 -86.4775
      vertex 37.2 39.9826 -86.4945
    endloop
  endfacet
  facet normal 0 -0.849011 0.528375
    outer loop
      vertex 34 39.3619 -86.9618
      vertex 37.2 39.6633 -86.4775
      vertex 34 39.6633 -86.4775
    endloop
  endfacet
  facet normal 0 -0.849011 0.528375
    outer loop
      vertex 34 39.3619 -86.9618
      vertex 37.2 39.3619 -86.9618
      vertex 37.2 39.6633 -86.4775
    endloop
  endfacet
  facet normal 0 -0.872293 -0.488984
    outer loop
      vertex 34 39.5183 -87.2408
      vertex 37.2 39.3619 -86.9618
      vertex 34 39.3619 -86.9618
    endloop
  endfacet
  facet normal 0 -0.872293 -0.488984
    outer loop
      vertex 34 39.5183 -87.2408
      vertex 37.2 39.5183 -87.2408
      vertex 37.2 39.3619 -86.9618
    endloop
  endfacet
  facet normal 0 -0.83987 -0.542787
    outer loop
      vertex 34 39.6736 -87.4811
      vertex 37.2 39.5183 -87.2408
      vertex 34 39.5183 -87.2408
    endloop
  endfacet
  facet normal 0 -0.83987 -0.542787
    outer loop
      vertex 34 39.6736 -87.4811
      vertex 37.2 39.6736 -87.4811
      vertex 37.2 39.5183 -87.2408
    endloop
  endfacet
  facet normal 0 -0.80388 -0.594792
    outer loop
      vertex 34 39.8238 -87.6841
      vertex 37.2 39.6736 -87.4811
      vertex 34 39.6736 -87.4811
    endloop
  endfacet
  facet normal 0 -0.80388 -0.594792
    outer loop
      vertex 34 39.8238 -87.6841
      vertex 37.2 39.8238 -87.6841
      vertex 37.2 39.6736 -87.4811
    endloop
  endfacet
  facet normal 0 -0.76465 -0.644445
    outer loop
      vertex 34 39.9648 -87.8514
      vertex 37.2 39.8238 -87.6841
      vertex 34 39.8238 -87.6841
    endloop
  endfacet
  facet normal 0 -0.76465 -0.644445
    outer loop
      vertex 34 39.9648 -87.8514
      vertex 37.2 39.9648 -87.8514
      vertex 37.2 39.8238 -87.6841
    endloop
  endfacet
  facet normal 0 -0.723123 -0.69072
    outer loop
      vertex 34 40.0927 -87.9853
      vertex 37.2 39.9648 -87.8514
      vertex 34 39.9648 -87.8514
    endloop
  endfacet
  facet normal 0 -0.723123 -0.69072
    outer loop
      vertex 34 40.0927 -87.9853
      vertex 37.2 40.0927 -87.9853
      vertex 37.2 39.9648 -87.8514
    endloop
  endfacet
  facet normal 0 -0.677814 -0.735233
    outer loop
      vertex 34 40.2041 -88.088
      vertex 37.2 40.0927 -87.9853
      vertex 34 40.0927 -87.9853
    endloop
  endfacet
  facet normal 0 -0.677814 -0.735233
    outer loop
      vertex 34 40.2041 -88.088
      vertex 37.2 40.2041 -88.088
      vertex 37.2 40.0927 -87.9853
    endloop
  endfacet
  facet normal 0 -0.630784 -0.775958
    outer loop
      vertex 34 40.2955 -88.1623
      vertex 37.2 40.2041 -88.088
      vertex 34 40.2041 -88.088
    endloop
  endfacet
  facet normal 0 -0.630784 -0.775958
    outer loop
      vertex 34 40.2955 -88.1623
      vertex 37.2 40.2955 -88.1623
      vertex 37.2 40.2041 -88.088
    endloop
  endfacet
  facet normal 0 -0.581013 -0.813894
    outer loop
      vertex 34 40.364 -88.2112
      vertex 37.2 40.2955 -88.1623
      vertex 34 40.2955 -88.1623
    endloop
  endfacet
  facet normal 0 -0.581013 -0.813894
    outer loop
      vertex 34 40.364 -88.2112
      vertex 37.2 40.364 -88.2112
      vertex 37.2 40.2955 -88.1623
    endloop
  endfacet
  facet normal 0 -0.528397 -0.848997
    outer loop
      vertex 34 40.4069 -88.2379
      vertex 37.2 40.364 -88.2112
      vertex 34 40.364 -88.2112
    endloop
  endfacet
  facet normal 0 -0.528397 -0.848997
    outer loop
      vertex 34 40.4069 -88.2379
      vertex 37.2 40.4069 -88.2379
      vertex 37.2 40.364 -88.2112
    endloop
  endfacet
  facet normal 0 -0.482605 -0.875838
    outer loop
      vertex 34 40.4216 -88.246
      vertex 37.2 40.4069 -88.2379
      vertex 34 40.4069 -88.2379
    endloop
  endfacet
  facet normal 0 -0.482605 -0.875838
    outer loop
      vertex 34 40.4216 -88.246
      vertex 37.2 40.4216 -88.246
      vertex 37.2 40.4069 -88.2379
    endloop
  endfacet
  facet normal 0 -0.733196 -0.680018
    outer loop
      vertex 34 40.9395 -88.8044
      vertex 37.2 40.4216 -88.246
      vertex 34 40.4216 -88.246
    endloop
  endfacet
  facet normal 0 -0.733196 -0.680018
    outer loop
      vertex 34 40.9395 -88.8044
      vertex 37.2 40.9395 -88.8044
      vertex 37.2 40.4216 -88.246
    endloop
  endfacet
  facet normal 0 0.849285 -0.527934
    outer loop
      vertex 34 40.9487 -88.7896
      vertex 37.2 40.9395 -88.8044
      vertex 34 40.9395 -88.8044
    endloop
  endfacet
  facet normal 0 0.849285 -0.527934
    outer loop
      vertex 34 40.9487 -88.7896
      vertex 37.2 40.9487 -88.7896
      vertex 37.2 40.9395 -88.8044
    endloop
  endfacet
  facet normal 0 -0.916648 0.399696
    outer loop
      vertex 34 40.8086 -89.1109
      vertex 37.2 40.9487 -88.7896
      vertex 34 40.9487 -88.7896
    endloop
  endfacet
  facet normal 0 -0.916648 0.399696
    outer loop
      vertex 34 40.8086 -89.1109
      vertex 37.2 40.8086 -89.1109
      vertex 37.2 40.9487 -88.7896
    endloop
  endfacet
  facet normal 0 -0.938411 0.34552
    outer loop
      vertex 34 40.6875 -89.4398
      vertex 37.2 40.8086 -89.1109
      vertex 34 40.8086 -89.1109
    endloop
  endfacet
  facet normal 0 -0.938411 0.34552
    outer loop
      vertex 34 40.6875 -89.4398
      vertex 37.2 40.6875 -89.4398
      vertex 37.2 40.8086 -89.1109
    endloop
  endfacet
  facet normal 0 0.978305 -0.20717
    outer loop
      vertex 34 40.6911 -89.4228
      vertex 37.2 40.6875 -89.4398
      vertex 34 40.6875 -89.4398
    endloop
  endfacet
  facet normal 0 0.978305 -0.20717
    outer loop
      vertex 34 40.6911 -89.4228
      vertex 37.2 40.6911 -89.4228
      vertex 37.2 40.6875 -89.4398
    endloop
  endfacet
  facet normal 0 -0.0589529 0.998261
    outer loop
      vertex 34 39.9308 -89.4677
      vertex 37.2 40.6911 -89.4228
      vertex 34 40.6911 -89.4228
    endloop
  endfacet
  facet normal 0 -0.0589529 0.998261
    outer loop
      vertex 34 39.9308 -89.4677
      vertex 37.2 39.9308 -89.4677
      vertex 37.2 40.6911 -89.4228
    endloop
  endfacet
  facet normal 0 0.262109 0.965038
    outer loop
      vertex 34 39.9146 -89.4633
      vertex 37.2 39.9308 -89.4677
      vertex 34 39.9308 -89.4677
    endloop
  endfacet
  facet normal -0 0.262109 0.965038
    outer loop
      vertex 34 39.9146 -89.4633
      vertex 37.2 39.9146 -89.4633
      vertex 37.2 39.9308 -89.4677
    endloop
  endfacet
  facet normal 0 0.203717 0.97903
    outer loop
      vertex 34 39.8651 -89.453
      vertex 37.2 39.9146 -89.4633
      vertex 34 39.9146 -89.4633
    endloop
  endfacet
  facet normal -0 0.203717 0.97903
    outer loop
      vertex 34 39.8651 -89.453
      vertex 37.2 39.8651 -89.453
      vertex 37.2 39.9146 -89.4633
    endloop
  endfacet
  facet normal 0 0.143749 0.989614
    outer loop
      vertex 34 39.7818 -89.4409
      vertex 37.2 39.8651 -89.453
      vertex 34 39.8651 -89.453
    endloop
  endfacet
  facet normal -0 0.143749 0.989614
    outer loop
      vertex 34 39.7818 -89.4409
      vertex 37.2 39.7818 -89.4409
      vertex 37.2 39.8651 -89.453
    endloop
  endfacet
  facet normal 0 0.0814997 0.996673
    outer loop
      vertex 34 39.6644 -89.4313
      vertex 37.2 39.7818 -89.4409
      vertex 34 39.7818 -89.4409
    endloop
  endfacet
  facet normal -0 0.0814997 0.996673
    outer loop
      vertex 34 39.6644 -89.4313
      vertex 37.2 39.6644 -89.4313
      vertex 37.2 39.7818 -89.4409
    endloop
  endfacet
  facet normal 0 0.0191384 0.999817
    outer loop
      vertex 34 39.5129 -89.4284
      vertex 37.2 39.6644 -89.4313
      vertex 34 39.6644 -89.4313
    endloop
  endfacet
  facet normal -0 0.0191384 0.999817
    outer loop
      vertex 34 39.5129 -89.4284
      vertex 37.2 39.5129 -89.4284
      vertex 37.2 39.6644 -89.4313
    endloop
  endfacet
  facet normal 0 -0.0442808 0.999019
    outer loop
      vertex 34 39.3279 -89.4366
      vertex 37.2 39.5129 -89.4284
      vertex 34 39.5129 -89.4284
    endloop
  endfacet
  facet normal 0 -0.0442808 0.999019
    outer loop
      vertex 34 39.3279 -89.4366
      vertex 37.2 39.3279 -89.4366
      vertex 37.2 39.5129 -89.4284
    endloop
  endfacet
  facet normal 0 -0.106517 0.994311
    outer loop
      vertex 34 39.1104 -89.4599
      vertex 37.2 39.3279 -89.4366
      vertex 34 39.3279 -89.4366
    endloop
  endfacet
  facet normal 0 -0.106517 0.994311
    outer loop
      vertex 34 39.1104 -89.4599
      vertex 37.2 39.1104 -89.4599
      vertex 37.2 39.3279 -89.4366
    endloop
  endfacet
  facet normal 0 -0.169151 0.98559
    outer loop
      vertex 34 38.8616 -89.5026
      vertex 37.2 39.1104 -89.4599
      vertex 34 39.1104 -89.4599
    endloop
  endfacet
  facet normal 0 -0.169151 0.98559
    outer loop
      vertex 34 38.8616 -89.5026
      vertex 37.2 38.8616 -89.5026
      vertex 37.2 39.1104 -89.4599
    endloop
  endfacet
  facet normal 0 -0.230597 0.973049
    outer loop
      vertex 34 38.5831 -89.5686
      vertex 37.2 38.8616 -89.5026
      vertex 34 38.8616 -89.5026
    endloop
  endfacet
  facet normal 0 -0.230597 0.973049
    outer loop
      vertex 34 38.5831 -89.5686
      vertex 37.2 38.5831 -89.5686
      vertex 37.2 38.8616 -89.5026
    endloop
  endfacet
  facet normal 0 -0.291448 0.956587
    outer loop
      vertex 34 38.2772 -89.6618
      vertex 37.2 38.5831 -89.5686
      vertex 34 38.5831 -89.5686
    endloop
  endfacet
  facet normal 0 -0.291448 0.956587
    outer loop
      vertex 34 38.2772 -89.6618
      vertex 37.2 38.2772 -89.6618
      vertex 37.2 38.5831 -89.5686
    endloop
  endfacet
  facet normal 0 -0.978563 0.205949
    outer loop
      vertex 34 38.1597 -90.2201
      vertex 37.2 38.2772 -89.6618
      vertex 34 38.2772 -89.6618
    endloop
  endfacet
  facet normal 0 -0.978563 0.205949
    outer loop
      vertex 34 38.1597 -90.2201
      vertex 37.2 38.1597 -90.2201
      vertex 37.2 38.2772 -89.6618
    endloop
  endfacet
  facet normal 0 -0.652284 -0.757975
    outer loop
      vertex 34 38.4021 -90.4287
      vertex 37.2 38.1597 -90.2201
      vertex 34 38.1597 -90.2201
    endloop
  endfacet
  facet normal 0 -0.652284 -0.757975
    outer loop
      vertex 34 38.4021 -90.4287
      vertex 37.2 38.4021 -90.4287
      vertex 37.2 38.1597 -90.2201
    endloop
  endfacet
  facet normal 0 -0.603629 -0.797265
    outer loop
      vertex 34 38.6302 -90.6014
      vertex 37.2 38.4021 -90.4287
      vertex 34 38.4021 -90.4287
    endloop
  endfacet
  facet normal 0 -0.603629 -0.797265
    outer loop
      vertex 34 38.6302 -90.6014
      vertex 37.2 38.6302 -90.6014
      vertex 37.2 38.4021 -90.4287
    endloop
  endfacet
  facet normal 0 -0.551956 -0.833873
    outer loop
      vertex 34 38.8408 -90.7408
      vertex 37.2 38.6302 -90.6014
      vertex 34 38.6302 -90.6014
    endloop
  endfacet
  facet normal 0 -0.551956 -0.833873
    outer loop
      vertex 34 38.8408 -90.7408
      vertex 37.2 38.8408 -90.7408
      vertex 37.2 38.6302 -90.6014
    endloop
  endfacet
  facet normal 0 -0.498205 -0.867059
    outer loop
      vertex 34 39.0305 -90.8498
      vertex 37.2 38.8408 -90.7408
      vertex 34 38.8408 -90.7408
    endloop
  endfacet
  facet normal 0 -0.498205 -0.867059
    outer loop
      vertex 34 39.0305 -90.8498
      vertex 37.2 39.0305 -90.8498
      vertex 37.2 38.8408 -90.7408
    endloop
  endfacet
  facet normal 0 -0.443322 -0.896363
    outer loop
      vertex 34 39.1965 -90.9319
      vertex 37.2 39.0305 -90.8498
      vertex 34 39.0305 -90.8498
    endloop
  endfacet
  facet normal 0 -0.443322 -0.896363
    outer loop
      vertex 34 39.1965 -90.9319
      vertex 37.2 39.1965 -90.9319
      vertex 37.2 39.0305 -90.8498
    endloop
  endfacet
  facet normal 0 -0.385694 -0.922627
    outer loop
      vertex 34 39.3362 -90.9903
      vertex 37.2 39.1965 -90.9319
      vertex 34 39.1965 -90.9319
    endloop
  endfacet
  facet normal 0 -0.385694 -0.922627
    outer loop
      vertex 34 39.3362 -90.9903
      vertex 37.2 39.3362 -90.9903
      vertex 37.2 39.1965 -90.9319
    endloop
  endfacet
  facet normal 0 -0.326644 -0.945147
    outer loop
      vertex 34 39.4476 -91.0288
      vertex 37.2 39.3362 -90.9903
      vertex 34 39.3362 -90.9903
    endloop
  endfacet
  facet normal 0 -0.326644 -0.945147
    outer loop
      vertex 34 39.4476 -91.0288
      vertex 37.2 39.4476 -91.0288
      vertex 37.2 39.3362 -90.9903
    endloop
  endfacet
  facet normal 0 -0.267337 -0.963603
    outer loop
      vertex 34 39.5287 -91.0513
      vertex 37.2 39.4476 -91.0288
      vertex 34 39.4476 -91.0288
    endloop
  endfacet
  facet normal 0 -0.267337 -0.963603
    outer loop
      vertex 34 39.5287 -91.0513
      vertex 37.2 39.5287 -91.0513
      vertex 37.2 39.4476 -91.0288
    endloop
  endfacet
  facet normal 0 -0.207906 -0.978149
    outer loop
      vertex 34 39.5781 -91.0618
      vertex 37.2 39.5287 -91.0513
      vertex 34 39.5287 -91.0513
    endloop
  endfacet
  facet normal 0 -0.207906 -0.978149
    outer loop
      vertex 34 39.5781 -91.0618
      vertex 37.2 39.5781 -91.0618
      vertex 37.2 39.5287 -91.0513
    endloop
  endfacet
  facet normal 0 -0.15474 -0.987955
    outer loop
      vertex 34 39.5947 -91.0644
      vertex 37.2 39.5781 -91.0618
      vertex 34 39.5781 -91.0618
    endloop
  endfacet
  facet normal 0 -0.15474 -0.987955
    outer loop
      vertex 34 39.5947 -91.0644
      vertex 37.2 39.5947 -91.0644
      vertex 37.2 39.5781 -91.0618
    endloop
  endfacet
  facet normal 0 -0.456277 -0.889838
    outer loop
      vertex 34 40.2724 -91.4119
      vertex 37.2 39.5947 -91.0644
      vertex 34 39.5947 -91.0644
    endloop
  endfacet
  facet normal 0 -0.456277 -0.889838
    outer loop
      vertex 34 40.2724 -91.4119
      vertex 37.2 40.2724 -91.4119
      vertex 37.2 39.5947 -91.0644
    endloop
  endfacet
  facet normal 0 0.979457 -0.201653
    outer loop
      vertex 34 40.2759 -91.3949
      vertex 37.2 40.2724 -91.4119
      vertex 34 40.2724 -91.4119
    endloop
  endfacet
  facet normal 0 0.979457 -0.201653
    outer loop
      vertex 34 40.2759 -91.3949
      vertex 37.2 40.2759 -91.3949
      vertex 37.2 40.2724 -91.4119
    endloop
  endfacet
  facet normal 0 -0.998082 0.0618988
    outer loop
      vertex 34 40.2542 -91.7448
      vertex 37.2 40.2759 -91.3949
      vertex 34 40.2759 -91.3949
    endloop
  endfacet
  facet normal 0 -0.998082 0.0618988
    outer loop
      vertex 34 40.2542 -91.7448
      vertex 37.2 40.2542 -91.7448
      vertex 37.2 40.2759 -91.3949
    endloop
  endfacet
  facet normal 0 -0.999993 0.00370896
    outer loop
      vertex 34 40.2529 -92.0953
      vertex 37.2 40.2542 -91.7448
      vertex 34 40.2542 -91.7448
    endloop
  endfacet
  facet normal 0 -0.999993 0.00370896
    outer loop
      vertex 34 40.2529 -92.0953
      vertex 37.2 40.2529 -92.0953
      vertex 37.2 40.2542 -91.7448
    endloop
  endfacet
  facet normal 0 0.989601 0.143837
    outer loop
      vertex 34 40.2504 -92.0781
      vertex 37.2 40.2529 -92.0953
      vertex 34 40.2529 -92.0953
    endloop
  endfacet
  facet normal -0 0.989601 0.143837
    outer loop
      vertex 34 40.2504 -92.0781
      vertex 37.2 40.2504 -92.0781
      vertex 37.2 40.2529 -92.0953
    endloop
  endfacet
  facet normal 0 -0.396786 0.917911
    outer loop
      vertex 34 39.5513 -92.3803
      vertex 37.2 40.2504 -92.0781
      vertex 34 40.2504 -92.0781
    endloop
  endfacet
  facet normal 0 -0.396786 0.917911
    outer loop
      vertex 34 39.5513 -92.3803
      vertex 37.2 39.5513 -92.3803
      vertex 37.2 40.2504 -92.0781
    endloop
  endfacet
  facet normal 0 -0.0835393 0.996504
    outer loop
      vertex 34 39.5346 -92.3817
      vertex 37.2 39.5513 -92.3803
      vertex 34 39.5513 -92.3803
    endloop
  endfacet
  facet normal 0 -0.0835393 0.996504
    outer loop
      vertex 34 39.5346 -92.3817
      vertex 37.2 39.5346 -92.3817
      vertex 37.2 39.5513 -92.3803
    endloop
  endfacet
  facet normal 0 -0.14253 0.989791
    outer loop
      vertex 34 39.4846 -92.3889
      vertex 37.2 39.5346 -92.3817
      vertex 34 39.5346 -92.3817
    endloop
  endfacet
  facet normal 0 -0.14253 0.989791
    outer loop
      vertex 34 39.4846 -92.3889
      vertex 37.2 39.4846 -92.3889
      vertex 37.2 39.5346 -92.3817
    endloop
  endfacet
  facet normal 0 -0.204334 0.978901
    outer loop
      vertex 34 39.4022 -92.4061
      vertex 37.2 39.4846 -92.3889
      vertex 34 39.4846 -92.3889
    endloop
  endfacet
  facet normal 0 -0.204334 0.978901
    outer loop
      vertex 34 39.4022 -92.4061
      vertex 37.2 39.4022 -92.4061
      vertex 37.2 39.4846 -92.3889
    endloop
  endfacet
  facet normal 0 -0.264051 0.964509
    outer loop
      vertex 34 39.2886 -92.4372
      vertex 37.2 39.4022 -92.4061
      vertex 34 39.4022 -92.4061
    endloop
  endfacet
  facet normal 0 -0.264051 0.964509
    outer loop
      vertex 34 39.2886 -92.4372
      vertex 37.2 39.2886 -92.4372
      vertex 37.2 39.4022 -92.4061
    endloop
  endfacet
  facet normal 0 -0.323936 0.946079
    outer loop
      vertex 34 39.1452 -92.4863
      vertex 37.2 39.2886 -92.4372
      vertex 34 39.2886 -92.4372
    endloop
  endfacet
  facet normal 0 -0.323936 0.946079
    outer loop
      vertex 34 39.1452 -92.4863
      vertex 37.2 39.1452 -92.4863
      vertex 37.2 39.2886 -92.4372
    endloop
  endfacet
  facet normal 0 -0.383004 0.923747
    outer loop
      vertex 34 38.9742 -92.5572
      vertex 37.2 39.1452 -92.4863
      vertex 34 39.1452 -92.4863
    endloop
  endfacet
  facet normal 0 -0.383004 0.923747
    outer loop
      vertex 34 38.9742 -92.5572
      vertex 37.2 38.9742 -92.5572
      vertex 37.2 39.1452 -92.4863
    endloop
  endfacet
  facet normal 0 -0.440071 0.897963
    outer loop
      vertex 34 38.7777 -92.6535
      vertex 37.2 38.9742 -92.5572
      vertex 34 38.9742 -92.5572
    endloop
  endfacet
  facet normal 0 -0.440071 0.897963
    outer loop
      vertex 34 38.7777 -92.6535
      vertex 37.2 38.7777 -92.6535
      vertex 37.2 38.9742 -92.5572
    endloop
  endfacet
  facet normal 0 -0.495968 0.868341
    outer loop
      vertex 34 38.5585 -92.7787
      vertex 37.2 38.7777 -92.6535
      vertex 34 38.7777 -92.6535
    endloop
  endfacet
  facet normal 0 -0.495968 0.868341
    outer loop
      vertex 34 38.5585 -92.7787
      vertex 37.2 38.5585 -92.7787
      vertex 37.2 38.7777 -92.6535
    endloop
  endfacet
  facet normal 0 -0.54961 0.835421
    outer loop
      vertex 34 38.3194 -92.936
      vertex 37.2 38.5585 -92.7787
      vertex 34 38.5585 -92.7787
    endloop
  endfacet
  facet normal 0 -0.54961 0.835421
    outer loop
      vertex 34 38.3194 -92.936
      vertex 37.2 38.3194 -92.936
      vertex 37.2 38.5585 -92.7787
    endloop
  endfacet
  facet normal 0 -0.60135 0.798986
    outer loop
      vertex 34 38.0639 -93.1283
      vertex 37.2 38.3194 -92.936
      vertex 34 38.3194 -92.936
    endloop
  endfacet
  facet normal 0 -0.60135 0.798986
    outer loop
      vertex 34 38.0639 -93.1283
      vertex 37.2 38.0639 -93.1283
      vertex 37.2 38.3194 -92.936
    endloop
  endfacet
  facet normal 0 -0.989992 -0.141127
    outer loop
      vertex 34 38.1444 -93.693
      vertex 37.2 38.0639 -93.1283
      vertex 34 38.0639 -93.1283
    endloop
  endfacet
  facet normal 0 -0.989992 -0.141127
    outer loop
      vertex 34 38.1444 -93.693
      vertex 37.2 38.1444 -93.693
      vertex 37.2 38.0639 -93.1283
    endloop
  endfacet
  facet normal 0 -0.353966 -0.935258
    outer loop
      vertex 34 38.4435 -93.8062
      vertex 37.2 38.1444 -93.693
      vertex 34 38.1444 -93.693
    endloop
  endfacet
  facet normal 0 -0.353966 -0.935258
    outer loop
      vertex 34 38.4435 -93.8062
      vertex 37.2 38.4435 -93.8062
      vertex 37.2 38.1444 -93.693
    endloop
  endfacet
  facet normal 0 -0.294233 -0.955734
    outer loop
      vertex 34 38.717 -93.8904
      vertex 37.2 38.4435 -93.8062
      vertex 34 38.4435 -93.8062
    endloop
  endfacet
  facet normal 0 -0.294233 -0.955734
    outer loop
      vertex 34 38.717 -93.8904
      vertex 37.2 38.717 -93.8904
      vertex 37.2 38.4435 -93.8062
    endloop
  endfacet
  facet normal 0 -0.233763 -0.972294
    outer loop
      vertex 34 38.9624 -93.9494
      vertex 37.2 38.717 -93.8904
      vertex 34 38.717 -93.8904
    endloop
  endfacet
  facet normal 0 -0.233763 -0.972294
    outer loop
      vertex 34 38.9624 -93.9494
      vertex 37.2 38.9624 -93.9494
      vertex 37.2 38.717 -93.8904
    endloop
  endfacet
  facet normal 0 -0.171804 -0.985131
    outer loop
      vertex 34 39.178 -93.987
      vertex 37.2 38.9624 -93.9494
      vertex 34 38.9624 -93.9494
    endloop
  endfacet
  facet normal 0 -0.171804 -0.985131
    outer loop
      vertex 34 39.178 -93.987
      vertex 37.2 39.178 -93.987
      vertex 37.2 38.9624 -93.9494
    endloop
  endfacet
  facet normal 0 -0.109602 -0.993976
    outer loop
      vertex 34 39.3621 -94.0073
      vertex 37.2 39.178 -93.987
      vertex 34 39.178 -93.987
    endloop
  endfacet
  facet normal 0 -0.109602 -0.993976
    outer loop
      vertex 34 39.3621 -94.0073
      vertex 37.2 39.3621 -94.0073
      vertex 37.2 39.178 -93.987
    endloop
  endfacet
  facet normal 0 -0.0468751 -0.998901
    outer loop
      vertex 34 39.5134 -94.0144
      vertex 37.2 39.3621 -94.0073
      vertex 34 39.3621 -94.0073
    endloop
  endfacet
  facet normal 0 -0.0468751 -0.998901
    outer loop
      vertex 34 39.5134 -94.0144
      vertex 37.2 39.5134 -94.0144
      vertex 37.2 39.3621 -94.0073
    endloop
  endfacet
  facet normal 0 0.0161269 -0.99987
    outer loop
      vertex 34 39.6312 -94.0125
      vertex 37.2 39.5134 -94.0144
      vertex 34 39.5134 -94.0144
    endloop
  endfacet
  facet normal 0 0.0161269 -0.99987
    outer loop
      vertex 34 39.6312 -94.0125
      vertex 37.2 39.6312 -94.0125
      vertex 37.2 39.5134 -94.0144
    endloop
  endfacet
  facet normal 0 0.0784228 -0.99692
    outer loop
      vertex 34 39.7151 -94.0059
      vertex 37.2 39.6312 -94.0125
      vertex 34 39.6312 -94.0125
    endloop
  endfacet
  facet normal 0 0.0784228 -0.99692
    outer loop
      vertex 34 39.7151 -94.0059
      vertex 37.2 39.7151 -94.0059
      vertex 37.2 39.6312 -94.0125
    endloop
  endfacet
  facet normal 0 0.138648 -0.990342
    outer loop
      vertex 34 39.7651 -93.9989
      vertex 37.2 39.7151 -94.0059
      vertex 34 39.7151 -94.0059
    endloop
  endfacet
  facet normal 0 0.138648 -0.990342
    outer loop
      vertex 34 39.7651 -93.9989
      vertex 37.2 39.7651 -93.9989
      vertex 37.2 39.7151 -94.0059
    endloop
  endfacet
  facet normal 0 0.196116 -0.980581
    outer loop
      vertex 34 39.7816 -93.9956
      vertex 37.2 39.7651 -93.9989
      vertex 34 39.7651 -93.9989
    endloop
  endfacet
  facet normal 0 0.196116 -0.980581
    outer loop
      vertex 34 39.7816 -93.9956
      vertex 37.2 39.7816 -93.9956
      vertex 37.2 39.7651 -93.9989
    endloop
  endfacet
  facet normal 0 -0.124471 -0.992223
    outer loop
      vertex 34 40.5373 -94.0904
      vertex 37.2 39.7816 -93.9956
      vertex 34 39.7816 -93.9956
    endloop
  endfacet
  facet normal 0 -0.124471 -0.992223
    outer loop
      vertex 34 40.5373 -94.0904
      vertex 37.2 40.5373 -94.0904
      vertex 37.2 39.7816 -93.9956
    endloop
  endfacet
  facet normal 0 0.989601 0.143837
    outer loop
      vertex 34 40.5348 -94.0732
      vertex 37.2 40.5373 -94.0904
      vertex 34 40.5373 -94.0904
    endloop
  endfacet
  facet normal -0 0.989601 0.143837
    outer loop
      vertex 34 40.5348 -94.0732
      vertex 37.2 40.5348 -94.0732
      vertex 37.2 40.5373 -94.0904
    endloop
  endfacet
  facet normal 0 -0.95912 -0.283
    outer loop
      vertex 34 40.634 -94.4094
      vertex 37.2 40.5348 -94.0732
      vertex 34 40.5348 -94.0732
    endloop
  endfacet
  facet normal 0 -0.95912 -0.283
    outer loop
      vertex 34 40.634 -94.4094
      vertex 37.2 40.634 -94.4094
      vertex 37.2 40.5348 -94.0732
    endloop
  endfacet
  facet normal 0 -0.940913 -0.338649
    outer loop
      vertex 34 40.7527 -94.7392
      vertex 37.2 40.634 -94.4094
      vertex 34 40.634 -94.4094
    endloop
  endfacet
  facet normal 0 -0.940913 -0.338649
    outer loop
      vertex 34 40.7527 -94.7392
      vertex 37.2 40.7527 -94.7392
      vertex 37.2 40.634 -94.4094
    endloop
  endfacet
  facet normal 0 0.88267 0.469993
    outer loop
      vertex 34 40.7445 -94.7238
      vertex 37.2 40.7527 -94.7392
      vertex 34 40.7527 -94.7392
    endloop
  endfacet
  facet normal -0 0.88267 0.469993
    outer loop
      vertex 34 40.7445 -94.7238
      vertex 37.2 40.7445 -94.7238
      vertex 37.2 40.7527 -94.7392
    endloop
  endfacet
  facet normal 0 -0.686801 0.726846
    outer loop
      vertex 34 40.1909 -95.2469
      vertex 37.2 40.7445 -94.7238
      vertex 34 40.7445 -94.7238
    endloop
  endfacet
  facet normal 0 -0.686801 0.726846
    outer loop
      vertex 34 40.1909 -95.2469
      vertex 37.2 40.1909 -95.2469
      vertex 37.2 40.7445 -94.7238
    endloop
  endfacet
  facet normal 0 -0.423212 0.906031
    outer loop
      vertex 34 40.1757 -95.254
      vertex 37.2 40.1909 -95.2469
      vertex 34 40.1909 -95.2469
    endloop
  endfacet
  facet normal 0 -0.423212 0.906031
    outer loop
      vertex 34 40.1757 -95.254
      vertex 37.2 40.1757 -95.254
      vertex 37.2 40.1909 -95.2469
    endloop
  endfacet
  facet normal 0 -0.472331 0.881421
    outer loop
      vertex 34 40.1311 -95.2779
      vertex 37.2 40.1757 -95.254
      vertex 34 40.1757 -95.254
    endloop
  endfacet
  facet normal 0 -0.472331 0.881421
    outer loop
      vertex 34 40.1311 -95.2779
      vertex 37.2 40.1311 -95.2779
      vertex 37.2 40.1757 -95.254
    endloop
  endfacet
  facet normal 0 -0.526682 0.850062
    outer loop
      vertex 34 40.0596 -95.3222
      vertex 37.2 40.1311 -95.2779
      vertex 34 40.1311 -95.2779
    endloop
  endfacet
  facet normal 0 -0.526682 0.850062
    outer loop
      vertex 34 40.0596 -95.3222
      vertex 37.2 40.0596 -95.3222
      vertex 37.2 40.1311 -95.2779
    endloop
  endfacet
  facet normal 0 -0.577782 0.816191
    outer loop
      vertex 34 39.9634 -95.3903
      vertex 37.2 40.0596 -95.3222
      vertex 34 40.0596 -95.3222
    endloop
  endfacet
  facet normal 0 -0.577782 0.816191
    outer loop
      vertex 34 39.9634 -95.3903
      vertex 37.2 39.9634 -95.3903
      vertex 37.2 40.0596 -95.3222
    endloop
  endfacet
  facet normal 0 -0.628153 0.77809
    outer loop
      vertex 34 39.8456 -95.4854
      vertex 37.2 39.9634 -95.3903
      vertex 34 39.9634 -95.3903
    endloop
  endfacet
  facet normal 0 -0.628153 0.77809
    outer loop
      vertex 34 39.8456 -95.4854
      vertex 37.2 39.8456 -95.4854
      vertex 37.2 39.9634 -95.3903
    endloop
  endfacet
  facet normal 0 -0.675945 0.736952
    outer loop
      vertex 34 39.7091 -95.6106
      vertex 37.2 39.8456 -95.4854
      vertex 34 39.8456 -95.4854
    endloop
  endfacet
  facet normal 0 -0.675945 0.736952
    outer loop
      vertex 34 39.7091 -95.6106
      vertex 37.2 39.7091 -95.6106
      vertex 37.2 39.8456 -95.4854
    endloop
  endfacet
  facet normal 0 -0.720684 0.693264
    outer loop
      vertex 34 39.5574 -95.7683
      vertex 37.2 39.7091 -95.6106
      vertex 34 39.7091 -95.6106
    endloop
  endfacet
  facet normal 0 -0.720684 0.693264
    outer loop
      vertex 34 39.5574 -95.7683
      vertex 37.2 39.5574 -95.7683
      vertex 37.2 39.7091 -95.6106
    endloop
  endfacet
  facet normal 0 -0.762935 0.646475
    outer loop
      vertex 34 39.3942 -95.9609
      vertex 37.2 39.5574 -95.7683
      vertex 34 39.5574 -95.7683
    endloop
  endfacet
  facet normal 0 -0.762935 0.646475
    outer loop
      vertex 34 39.3942 -95.9609
      vertex 37.2 39.3942 -95.9609
      vertex 37.2 39.5574 -95.7683
    endloop
  endfacet
  facet normal 0 -0.802342 0.596864
    outer loop
      vertex 34 39.2234 -96.1905
      vertex 37.2 39.3942 -95.9609
      vertex 34 39.3942 -95.9609
    endloop
  endfacet
  facet normal 0 -0.802342 0.596864
    outer loop
      vertex 34 39.2234 -96.1905
      vertex 37.2 39.2234 -96.1905
      vertex 37.2 39.3942 -95.9609
    endloop
  endfacet
  facet normal 0 -0.838251 0.545285
    outer loop
      vertex 34 39.049 -96.4586
      vertex 37.2 39.2234 -96.1905
      vertex 34 39.2234 -96.1905
    endloop
  endfacet
  facet normal 0 -0.838251 0.545285
    outer loop
      vertex 34 39.049 -96.4586
      vertex 37.2 39.049 -96.4586
      vertex 37.2 39.2234 -96.1905
    endloop
  endfacet
  facet normal 0 -0.882003 -0.471243
    outer loop
      vertex 34 39.3178 -96.9617
      vertex 37.2 39.049 -96.4586
      vertex 34 39.049 -96.4586
    endloop
  endfacet
  facet normal 0 -0.882003 -0.471243
    outer loop
      vertex 34 39.3178 -96.9617
      vertex 37.2 39.3178 -96.9617
      vertex 37.2 39.049 -96.4586
    endloop
  endfacet
  facet normal 0 -0.0128195 -0.999918
    outer loop
      vertex 34 39.6376 -96.9658
      vertex 37.2 39.3178 -96.9617
      vertex 34 39.3178 -96.9617
    endloop
  endfacet
  facet normal 0 -0.0128195 -0.999918
    outer loop
      vertex 34 39.6376 -96.9658
      vertex 37.2 39.6376 -96.9658
      vertex 37.2 39.3178 -96.9617
    endloop
  endfacet
  facet normal 0 0.0503211 -0.998733
    outer loop
      vertex 34 39.9234 -96.9514
      vertex 37.2 39.6376 -96.9658
      vertex 34 39.6376 -96.9658
    endloop
  endfacet
  facet normal 0 0.0503211 -0.998733
    outer loop
      vertex 34 39.9234 -96.9514
      vertex 37.2 39.9234 -96.9514
      vertex 37.2 39.6376 -96.9658
    endloop
  endfacet
  facet normal 0 0.113301 -0.993561
    outer loop
      vertex 34 40.1742 -96.9228
      vertex 37.2 39.9234 -96.9514
      vertex 34 39.9234 -96.9514
    endloop
  endfacet
  facet normal 0 0.113301 -0.993561
    outer loop
      vertex 34 40.1742 -96.9228
      vertex 37.2 40.1742 -96.9228
      vertex 37.2 39.9234 -96.9514
    endloop
  endfacet
  facet normal 0 0.175506 -0.984478
    outer loop
      vertex 34 40.3896 -96.8844
      vertex 37.2 40.1742 -96.9228
      vertex 34 40.1742 -96.9228
    endloop
  endfacet
  facet normal 0 0.175506 -0.984478
    outer loop
      vertex 34 40.3896 -96.8844
      vertex 37.2 40.3896 -96.8844
      vertex 37.2 40.1742 -96.9228
    endloop
  endfacet
  facet normal 0 0.236558 -0.971617
    outer loop
      vertex 34 40.5695 -96.8406
      vertex 37.2 40.3896 -96.8844
      vertex 34 40.3896 -96.8844
    endloop
  endfacet
  facet normal 0 0.236558 -0.971617
    outer loop
      vertex 34 40.5695 -96.8406
      vertex 37.2 40.5695 -96.8406
      vertex 37.2 40.3896 -96.8844
    endloop
  endfacet
  facet normal 0 0.297749 -0.954644
    outer loop
      vertex 34 40.7141 -96.7955
      vertex 37.2 40.5695 -96.8406
      vertex 34 40.5695 -96.8406
    endloop
  endfacet
  facet normal 0 0.297749 -0.954644
    outer loop
      vertex 34 40.7141 -96.7955
      vertex 37.2 40.7141 -96.7955
      vertex 37.2 40.5695 -96.8406
    endloop
  endfacet
  facet normal 0 0.357159 -0.934044
    outer loop
      vertex 34 40.8242 -96.7534
      vertex 37.2 40.7141 -96.7955
      vertex 34 40.7141 -96.7955
    endloop
  endfacet
  facet normal 0 0.357159 -0.934044
    outer loop
      vertex 34 40.8242 -96.7534
      vertex 37.2 40.8242 -96.7534
      vertex 37.2 40.7141 -96.7955
    endloop
  endfacet
  facet normal 0 0.413624 -0.910448
    outer loop
      vertex 34 40.9008 -96.7186
      vertex 37.2 40.8242 -96.7534
      vertex 34 40.8242 -96.7534
    endloop
  endfacet
  facet normal 0 0.413624 -0.910448
    outer loop
      vertex 34 40.9008 -96.7186
      vertex 37.2 40.9008 -96.7186
      vertex 37.2 40.8242 -96.7534
    endloop
  endfacet
  facet normal 0 0.470794 -0.882243
    outer loop
      vertex 34 40.9454 -96.6948
      vertex 37.2 40.9008 -96.7186
      vertex 34 40.9008 -96.7186
    endloop
  endfacet
  facet normal 0 0.470794 -0.882243
    outer loop
      vertex 34 40.9454 -96.6948
      vertex 37.2 40.9454 -96.6948
      vertex 37.2 40.9008 -96.7186
    endloop
  endfacet
  facet normal 0 0.517116 -0.855916
    outer loop
      vertex 34 40.9598 -96.6861
      vertex 37.2 40.9454 -96.6948
      vertex 34 40.9454 -96.6948
    endloop
  endfacet
  facet normal 0 0.517116 -0.855916
    outer loop
      vertex 34 40.9598 -96.6861
      vertex 37.2 40.9598 -96.6861
      vertex 37.2 40.9454 -96.6948
    endloop
  endfacet
  facet normal 0 0.222433 -0.974948
    outer loop
      vertex 34 41.7023 -96.5167
      vertex 37.2 40.9598 -96.6861
      vertex 34 40.9598 -96.6861
    endloop
  endfacet
  facet normal 0 0.222433 -0.974948
    outer loop
      vertex 34 41.7023 -96.5167
      vertex 37.2 41.7023 -96.5167
      vertex 37.2 40.9598 -96.6861
    endloop
  endfacet
  facet normal 0 0.881394 0.472381
    outer loop
      vertex 34 41.6941 -96.5014
      vertex 37.2 41.7023 -96.5167
      vertex 34 41.7023 -96.5167
    endloop
  endfacet
  facet normal -0 0.881394 0.472381
    outer loop
      vertex 34 41.6941 -96.5014
      vertex 37.2 41.6941 -96.5014
      vertex 37.2 41.7023 -96.5167
    endloop
  endfacet
  facet normal 0 -0.804496 -0.593958
    outer loop
      vertex 34 41.9023 -96.7834
      vertex 37.2 41.6941 -96.5014
      vertex 34 41.6941 -96.5014
    endloop
  endfacet
  facet normal 0 -0.804496 -0.593958
    outer loop
      vertex 34 41.9023 -96.7834
      vertex 37.2 41.9023 -96.7834
      vertex 37.2 41.6941 -96.5014
    endloop
  endfacet
  facet normal 0 -0.768385 -0.639988
    outer loop
      vertex 34 42.1266 -97.0527
      vertex 37.2 41.9023 -96.7834
      vertex 34 41.9023 -96.7834
    endloop
  endfacet
  facet normal 0 -0.768385 -0.639988
    outer loop
      vertex 34 42.1266 -97.0527
      vertex 37.2 42.1266 -97.0527
      vertex 37.2 41.9023 -96.7834
    endloop
  endfacet
  facet normal 0 0.665788 0.746141
    outer loop
      vertex 34 42.1136 -97.0411
      vertex 37.2 42.1266 -97.0527
      vertex 34 42.1266 -97.0527
    endloop
  endfacet
  facet normal -0 0.665788 0.746141
    outer loop
      vertex 34 42.1136 -97.0411
      vertex 37.2 42.1136 -97.0411
      vertex 37.2 42.1266 -97.0527
    endloop
  endfacet
  facet normal 0 -0.894033 0.448001
    outer loop
      vertex 34 41.7724 -97.722
      vertex 37.2 42.1136 -97.0411
      vertex 34 42.1136 -97.0411
    endloop
  endfacet
  facet normal 0 -0.894033 0.448001
    outer loop
      vertex 34 41.7724 -97.722
      vertex 37.2 41.7724 -97.722
      vertex 37.2 42.1136 -97.0411
    endloop
  endfacet
  facet normal 0 -0.707107 0.707107
    outer loop
      vertex 34 41.7605 -97.7339
      vertex 37.2 41.7724 -97.722
      vertex 34 41.7724 -97.722
    endloop
  endfacet
  facet normal 0 -0.707107 0.707107
    outer loop
      vertex 34 41.7605 -97.7339
      vertex 37.2 41.7605 -97.7339
      vertex 37.2 41.7724 -97.722
    endloop
  endfacet
  facet normal 0 -0.744671 0.667431
    outer loop
      vertex 34 41.7268 -97.7715
      vertex 37.2 41.7605 -97.7339
      vertex 34 41.7605 -97.7339
    endloop
  endfacet
  facet normal 0 -0.744671 0.667431
    outer loop
      vertex 34 41.7268 -97.7715
      vertex 37.2 41.7268 -97.7715
      vertex 37.2 41.7605 -97.7339
    endloop
  endfacet
  facet normal 0 -0.785369 0.619028
    outer loop
      vertex 34 41.6747 -97.8376
      vertex 37.2 41.7268 -97.7715
      vertex 34 41.7268 -97.7715
    endloop
  endfacet
  facet normal 0 -0.785369 0.619028
    outer loop
      vertex 34 41.6747 -97.8376
      vertex 37.2 41.6747 -97.8376
      vertex 37.2 41.7268 -97.7715
    endloop
  endfacet
  facet normal 0 -0.822528 0.568724
    outer loop
      vertex 34 41.6077 -97.9345
      vertex 37.2 41.6747 -97.8376
      vertex 34 41.6747 -97.8376
    endloop
  endfacet
  facet normal 0 -0.822528 0.568724
    outer loop
      vertex 34 41.6077 -97.9345
      vertex 37.2 41.6077 -97.9345
      vertex 37.2 41.6747 -97.8376
    endloop
  endfacet
  facet normal 0 -0.856092 0.516823
    outer loop
      vertex 34 41.5294 -98.0642
      vertex 37.2 41.6077 -97.9345
      vertex 34 41.6077 -97.9345
    endloop
  endfacet
  facet normal 0 -0.856092 0.516823
    outer loop
      vertex 34 41.5294 -98.0642
      vertex 37.2 41.5294 -98.0642
      vertex 37.2 41.6077 -97.9345
    endloop
  endfacet
  facet normal 0 -0.887296 0.4612
    outer loop
      vertex 34 41.444 -98.2285
      vertex 37.2 41.5294 -98.0642
      vertex 34 41.5294 -98.0642
    endloop
  endfacet
  facet normal 0 -0.887296 0.4612
    outer loop
      vertex 34 41.444 -98.2285
      vertex 37.2 41.444 -98.2285
      vertex 37.2 41.5294 -98.0642
    endloop
  endfacet
  facet normal 0 -0.914376 0.404866
    outer loop
      vertex 34 41.3554 -98.4286
      vertex 37.2 41.444 -98.2285
      vertex 34 41.444 -98.2285
    endloop
  endfacet
  facet normal 0 -0.914376 0.404866
    outer loop
      vertex 34 41.3554 -98.4286
      vertex 37.2 41.3554 -98.4286
      vertex 37.2 41.444 -98.2285
    endloop
  endfacet
  facet normal 0 -0.938011 0.346605
    outer loop
      vertex 34 41.2679 -98.6654
      vertex 37.2 41.3554 -98.4286
      vertex 34 41.3554 -98.4286
    endloop
  endfacet
  facet normal 0 -0.938011 0.346605
    outer loop
      vertex 34 41.2679 -98.6654
      vertex 37.2 41.2679 -98.6654
      vertex 37.2 41.3554 -98.4286
    endloop
  endfacet
  facet normal 0 -0.958076 0.286514
    outer loop
      vertex 34 41.1859 -98.9396
      vertex 37.2 41.2679 -98.6654
      vertex 34 41.2679 -98.6654
    endloop
  endfacet
  facet normal 0 -0.958076 0.286514
    outer loop
      vertex 34 41.1859 -98.9396
      vertex 37.2 41.1859 -98.9396
      vertex 37.2 41.2679 -98.6654
    endloop
  endfacet
  facet normal 0 -0.974175 0.225796
    outer loop
      vertex 34 41.1137 -99.2511
      vertex 37.2 41.1859 -98.9396
      vertex 34 41.1859 -98.9396
    endloop
  endfacet
  facet normal 0 -0.974175 0.225796
    outer loop
      vertex 34 41.1137 -99.2511
      vertex 37.2 41.1137 -99.2511
      vertex 37.2 41.1859 -98.9396
    endloop
  endfacet
  facet normal 0 -0.667676 -0.744452
    outer loop
      vertex 34 41.5384 -99.632
      vertex 37.2 41.1137 -99.2511
      vertex 34 41.1137 -99.2511
    endloop
  endfacet
  facet normal 0 -0.667676 -0.744452
    outer loop
      vertex 34 41.5384 -99.632
      vertex 37.2 41.5384 -99.632
      vertex 37.2 41.1137 -99.2511
    endloop
  endfacet
  facet normal 0 0.330169 -0.943922
    outer loop
      vertex 34 41.8403 -99.5264
      vertex 37.2 41.5384 -99.632
      vertex 34 41.5384 -99.632
    endloop
  endfacet
  facet normal 0 0.330169 -0.943922
    outer loop
      vertex 34 41.8403 -99.5264
      vertex 37.2 41.8403 -99.5264
      vertex 37.2 41.5384 -99.632
    endloop
  endfacet
  facet normal 0 0.388979 -0.921247
    outer loop
      vertex 34 42.1039 -99.4151
      vertex 37.2 41.8403 -99.5264
      vertex 34 41.8403 -99.5264
    endloop
  endfacet
  facet normal 0 0.388979 -0.921247
    outer loop
      vertex 34 42.1039 -99.4151
      vertex 37.2 42.1039 -99.4151
      vertex 37.2 41.8403 -99.5264
    endloop
  endfacet
  facet normal 0 0.445946 -0.89506
    outer loop
      vertex 34 42.3299 -99.3025
      vertex 37.2 42.1039 -99.4151
      vertex 34 42.1039 -99.4151
    endloop
  endfacet
  facet normal 0 0.445946 -0.89506
    outer loop
      vertex 34 42.3299 -99.3025
      vertex 37.2 42.3299 -99.3025
      vertex 37.2 42.1039 -99.4151
    endloop
  endfacet
  facet normal 0 0.501397 -0.865218
    outer loop
      vertex 34 42.5192 -99.1928
      vertex 37.2 42.3299 -99.3025
      vertex 34 42.3299 -99.3025
    endloop
  endfacet
  facet normal 0 0.501397 -0.865218
    outer loop
      vertex 34 42.5192 -99.1928
      vertex 37.2 42.5192 -99.1928
      vertex 37.2 42.3299 -99.3025
    endloop
  endfacet
  facet normal 0 0.555199 -0.831718
    outer loop
      vertex 34 42.6732 -99.09
      vertex 37.2 42.5192 -99.1928
      vertex 34 42.5192 -99.1928
    endloop
  endfacet
  facet normal 0 0.555199 -0.831718
    outer loop
      vertex 34 42.6732 -99.09
      vertex 37.2 42.6732 -99.09
      vertex 37.2 42.5192 -99.1928
    endloop
  endfacet
  facet normal 0 0.606003 -0.795462
    outer loop
      vertex 34 42.7937 -98.9982
      vertex 37.2 42.6732 -99.09
      vertex 34 42.6732 -99.09
    endloop
  endfacet
  facet normal 0 0.606003 -0.795462
    outer loop
      vertex 34 42.7937 -98.9982
      vertex 37.2 42.7937 -98.9982
      vertex 37.2 42.6732 -99.09
    endloop
  endfacet
  facet normal 0 0.655254 -0.755409
    outer loop
      vertex 34 42.8827 -98.921
      vertex 37.2 42.7937 -98.9982
      vertex 34 42.7937 -98.9982
    endloop
  endfacet
  facet normal 0 0.655254 -0.755409
    outer loop
      vertex 34 42.8827 -98.921
      vertex 37.2 42.8827 -98.921
      vertex 37.2 42.7937 -98.9982
    endloop
  endfacet
  facet normal 0 0.700535 -0.713618
    outer loop
      vertex 34 42.9427 -98.8621
      vertex 37.2 42.8827 -98.921
      vertex 34 42.8827 -98.921
    endloop
  endfacet
  facet normal 0 0.700535 -0.713618
    outer loop
      vertex 34 42.9427 -98.8621
      vertex 37.2 42.9427 -98.8621
      vertex 37.2 42.8827 -98.921
    endloop
  endfacet
  facet normal 0 0.743687 -0.668528
    outer loop
      vertex 34 42.9765 -98.8245
      vertex 37.2 42.9427 -98.8621
      vertex 34 42.9427 -98.8621
    endloop
  endfacet
  facet normal 0 0.743687 -0.668528
    outer loop
      vertex 34 42.9765 -98.8245
      vertex 37.2 42.9765 -98.8245
      vertex 37.2 42.9427 -98.8621
    endloop
  endfacet
  facet normal 0 0.777383 -0.629028
    outer loop
      vertex 34 42.9871 -98.8114
      vertex 37.2 42.9765 -98.8245
      vertex 34 42.9765 -98.8245
    endloop
  endfacet
  facet normal 0 0.777383 -0.629028
    outer loop
      vertex 34 42.9871 -98.8114
      vertex 37.2 42.9871 -98.8114
      vertex 37.2 42.9765 -98.8245
    endloop
  endfacet
  facet normal 0 0.542429 -0.840102
    outer loop
      vertex 34 43.6269 -98.3983
      vertex 37.2 42.9871 -98.8114
      vertex 34 42.9871 -98.8114
    endloop
  endfacet
  facet normal 0 0.542429 -0.840102
    outer loop
      vertex 34 43.6269 -98.3983
      vertex 37.2 43.6269 -98.3983
      vertex 37.2 42.9871 -98.8114
    endloop
  endfacet
  facet normal 0 0.668646 0.743581
    outer loop
      vertex 34 43.614 -98.3867
      vertex 37.2 43.6269 -98.3983
      vertex 34 43.6269 -98.3983
    endloop
  endfacet
  facet normal -0 0.668646 0.743581
    outer loop
      vertex 34 43.614 -98.3867
      vertex 37.2 43.614 -98.3867
      vertex 37.2 43.6269 -98.3983
    endloop
  endfacet
  facet normal 0 -0.552657 -0.833409
    outer loop
      vertex 34 43.9061 -98.5804
      vertex 37.2 43.614 -98.3867
      vertex 34 43.614 -98.3867
    endloop
  endfacet
  facet normal 0 -0.552657 -0.833409
    outer loop
      vertex 34 43.9061 -98.5804
      vertex 37.2 43.9061 -98.5804
      vertex 37.2 43.614 -98.3867
    endloop
  endfacet
  facet normal 0 -0.503463 -0.864017
    outer loop
      vertex 34 44.209 -98.7569
      vertex 37.2 43.9061 -98.5804
      vertex 34 43.9061 -98.5804
    endloop
  endfacet
  facet normal 0 -0.503463 -0.864017
    outer loop
      vertex 34 44.209 -98.7569
      vertex 37.2 44.209 -98.7569
      vertex 37.2 43.9061 -98.5804
    endloop
  endfacet
  facet normal 0 0.372378 0.928081
    outer loop
      vertex 34 44.1928 -98.7504
      vertex 37.2 44.209 -98.7569
      vertex 34 44.209 -98.7569
    endloop
  endfacet
  facet normal -0 0.372378 0.928081
    outer loop
      vertex 34 44.1928 -98.7504
      vertex 37.2 44.1928 -98.7504
      vertex 37.2 44.209 -98.7569
    endloop
  endfacet
  facet normal 0 -0.993332 0.115287
    outer loop
      vertex 34 44.105 -99.5069
      vertex 37.2 44.1928 -98.7504
      vertex 34 44.1928 -98.7504
    endloop
  endfacet
  facet normal 0 -0.993332 0.115287
    outer loop
      vertex 34 44.105 -99.5069
      vertex 37.2 44.105 -99.5069
      vertex 37.2 44.1928 -98.7504
    endloop
  endfacet
  facet normal 0 -0.906031 0.423212
    outer loop
      vertex 34 44.0979 -99.5221
      vertex 37.2 44.105 -99.5069
      vertex 34 44.105 -99.5069
    endloop
  endfacet
  facet normal 0 -0.906031 0.423212
    outer loop
      vertex 34 44.0979 -99.5221
      vertex 37.2 44.0979 -99.5221
      vertex 37.2 44.105 -99.5069
    endloop
  endfacet
  facet normal 0 -0.928203 0.372073
    outer loop
      vertex 34 44.0791 -99.569
      vertex 37.2 44.0979 -99.5221
      vertex 34 44.0979 -99.5221
    endloop
  endfacet
  facet normal 0 -0.928203 0.372073
    outer loop
      vertex 34 44.0791 -99.569
      vertex 37.2 44.0791 -99.569
      vertex 37.2 44.0979 -99.5221
    endloop
  endfacet
  facet normal 0 -0.949512 0.313731
    outer loop
      vertex 34 44.0527 -99.6489
      vertex 37.2 44.0791 -99.569
      vertex 34 44.0791 -99.569
    endloop
  endfacet
  facet normal 0 -0.949512 0.313731
    outer loop
      vertex 34 44.0527 -99.6489
      vertex 37.2 44.0527 -99.6489
      vertex 37.2 44.0791 -99.569
    endloop
  endfacet
  facet normal 0 -0.967491 0.252906
    outer loop
      vertex 34 44.0229 -99.7629
      vertex 37.2 44.0527 -99.6489
      vertex 34 44.0527 -99.6489
    endloop
  endfacet
  facet normal 0 -0.967491 0.252906
    outer loop
      vertex 34 44.0229 -99.7629
      vertex 37.2 44.0229 -99.7629
      vertex 37.2 44.0527 -99.6489
    endloop
  endfacet
  facet normal 0 -0.98126 0.192689
    outer loop
      vertex 34 43.9937 -99.9116
      vertex 37.2 44.0229 -99.7629
      vertex 34 44.0229 -99.7629
    endloop
  endfacet
  facet normal 0 -0.98126 0.192689
    outer loop
      vertex 34 43.9937 -99.9116
      vertex 37.2 43.9937 -99.9116
      vertex 37.2 44.0229 -99.7629
    endloop
  endfacet
  facet normal 0 -0.991476 0.130287
    outer loop
      vertex 34 43.9696 -100.095
      vertex 37.2 43.9937 -99.9116
      vertex 34 43.9937 -99.9116
    endloop
  endfacet
  facet normal 0 -0.991476 0.130287
    outer loop
      vertex 34 43.9696 -100.095
      vertex 37.2 43.9696 -100.095
      vertex 37.2 43.9937 -99.9116
    endloop
  endfacet
  facet normal 0 -0.997703 0.067734
    outer loop
      vertex 34 43.9548 -100.313
      vertex 37.2 43.9696 -100.095
      vertex 34 43.9696 -100.095
    endloop
  endfacet
  facet normal 0 -0.997703 0.067734
    outer loop
      vertex 34 43.9548 -100.313
      vertex 37.2 43.9548 -100.313
      vertex 37.2 43.9696 -100.095
    endloop
  endfacet
  facet normal 0 -0.999989 0.00474303
    outer loop
      vertex 34 43.9536 -100.566
      vertex 37.2 43.9548 -100.313
      vertex 34 43.9548 -100.313
    endloop
  endfacet
  facet normal 0 -0.999989 0.00474303
    outer loop
      vertex 34 43.9536 -100.566
      vertex 37.2 43.9536 -100.566
      vertex 37.2 43.9548 -100.313
    endloop
  endfacet
  facet normal 0 -0.9983 -0.0582923
    outer loop
      vertex 34 43.9703 -100.852
      vertex 37.2 43.9536 -100.566
      vertex 34 43.9536 -100.566
    endloop
  endfacet
  facet normal 0 -0.9983 -0.0582923
    outer loop
      vertex 34 43.9703 -100.852
      vertex 37.2 43.9703 -100.852
      vertex 37.2 43.9536 -100.566
    endloop
  endfacet
  facet normal 0 -0.99263 -0.121182
    outer loop
      vertex 34 44.009 -101.169
      vertex 37.2 43.9703 -100.852
      vertex 34 43.9703 -100.852
    endloop
  endfacet
  facet normal 0 -0.99263 -0.121182
    outer loop
      vertex 34 44.009 -101.169
      vertex 37.2 44.009 -101.169
      vertex 37.2 43.9703 -100.852
    endloop
  endfacet
  facet normal 0 -0.373263 -0.927725
    outer loop
      vertex 34 44.5384 -101.382
      vertex 37.2 44.009 -101.169
      vertex 34 44.009 -101.169
    endloop
  endfacet
  facet normal 0 -0.373263 -0.927725
    outer loop
      vertex 34 44.5384 -101.382
      vertex 37.2 44.5384 -101.382
      vertex 37.2 44.009 -101.169
    endloop
  endfacet
  facet normal 0 0.63402 -0.773317
    outer loop
      vertex 34 44.786 -101.179
      vertex 37.2 44.5384 -101.382
      vertex 34 44.5384 -101.382
    endloop
  endfacet
  facet normal 0 0.63402 -0.773317
    outer loop
      vertex 34 44.786 -101.179
      vertex 37.2 44.786 -101.179
      vertex 37.2 44.5384 -101.382
    endloop
  endfacet
  facet normal 0 0.679268 -0.73389
    outer loop
      vertex 34 44.9956 -100.985
      vertex 37.2 44.786 -101.179
      vertex 34 44.786 -101.179
    endloop
  endfacet
  facet normal 0 0.679268 -0.73389
    outer loop
      vertex 34 44.9956 -100.985
      vertex 37.2 44.9956 -100.985
      vertex 37.2 44.786 -101.179
    endloop
  endfacet
  facet normal 0 0.726969 -0.68667
    outer loop
      vertex 34 45.1694 -100.801
      vertex 37.2 44.9956 -100.985
      vertex 34 44.9956 -100.985
    endloop
  endfacet
  facet normal 0 0.726969 -0.68667
    outer loop
      vertex 34 45.1694 -100.801
      vertex 37.2 45.1694 -100.801
      vertex 37.2 44.9956 -100.985
    endloop
  endfacet
  facet normal 0 0.765434 -0.643515
    outer loop
      vertex 34 45.3098 -100.634
      vertex 37.2 45.1694 -100.801
      vertex 34 45.1694 -100.801
    endloop
  endfacet
  facet normal 0 0.765434 -0.643515
    outer loop
      vertex 34 45.3098 -100.634
      vertex 37.2 45.3098 -100.634
      vertex 37.2 45.1694 -100.801
    endloop
  endfacet
  facet normal 0 0.807431 -0.589963
    outer loop
      vertex 34 45.4194 -100.484
      vertex 37.2 45.3098 -100.634
      vertex 34 45.3098 -100.634
    endloop
  endfacet
  facet normal 0 0.807431 -0.589963
    outer loop
      vertex 34 45.4194 -100.484
      vertex 37.2 45.4194 -100.484
      vertex 37.2 45.3098 -100.634
    endloop
  endfacet
  facet normal 0 0.840705 -0.541493
    outer loop
      vertex 34 45.5012 -100.357
      vertex 37.2 45.4194 -100.484
      vertex 34 45.4194 -100.484
    endloop
  endfacet
  facet normal 0 0.840705 -0.541493
    outer loop
      vertex 34 45.5012 -100.357
      vertex 37.2 45.5012 -100.357
      vertex 37.2 45.4194 -100.484
    endloop
  endfacet
  facet normal 0 0.873877 -0.486147
    outer loop
      vertex 34 45.5585 -100.254
      vertex 37.2 45.5012 -100.357
      vertex 34 45.5012 -100.357
    endloop
  endfacet
  facet normal 0 0.873877 -0.486147
    outer loop
      vertex 34 45.5585 -100.254
      vertex 37.2 45.5585 -100.254
      vertex 37.2 45.5012 -100.357
    endloop
  endfacet
  facet normal 0 0.902817 -0.430026
    outer loop
      vertex 34 45.5947 -100.178
      vertex 37.2 45.5585 -100.254
      vertex 34 45.5585 -100.254
    endloop
  endfacet
  facet normal 0 0.902817 -0.430026
    outer loop
      vertex 34 45.5947 -100.178
      vertex 37.2 45.5947 -100.178
      vertex 37.2 45.5585 -100.254
    endloop
  endfacet
  facet normal 0 0.927794 -0.373092
    outer loop
      vertex 34 45.6136 -100.131
      vertex 37.2 45.5947 -100.178
      vertex 34 45.5947 -100.178
    endloop
  endfacet
  facet normal 0 0.927794 -0.373092
    outer loop
      vertex 34 45.6136 -100.131
      vertex 37.2 45.6136 -100.131
      vertex 37.2 45.5947 -100.178
    endloop
  endfacet
  facet normal 0 0.947492 -0.319779
    outer loop
      vertex 34 45.619 -100.115
      vertex 37.2 45.6136 -100.131
      vertex 34 45.6136 -100.131
    endloop
  endfacet
  facet normal 0 0.947492 -0.319779
    outer loop
      vertex 34 45.619 -100.115
      vertex 37.2 45.619 -100.115
      vertex 37.2 45.6136 -100.131
    endloop
  endfacet
  facet normal 0 0.796948 -0.604047
    outer loop
      vertex 34 46.079 -99.5081
      vertex 37.2 45.619 -100.115
      vertex 34 45.619 -100.115
    endloop
  endfacet
  facet normal 0 0.796948 -0.604047
    outer loop
      vertex 34 46.079 -99.5081
      vertex 37.2 46.079 -99.5081
      vertex 37.2 45.619 -100.115
    endloop
  endfacet
  facet normal 0 0.372378 0.928081
    outer loop
      vertex 34 46.0628 -99.5016
      vertex 37.2 46.079 -99.5081
      vertex 34 46.079 -99.5081
    endloop
  endfacet
  facet normal -0 0.372378 0.928081
    outer loop
      vertex 34 46.0628 -99.5016
      vertex 37.2 46.0628 -99.5016
      vertex 37.2 46.079 -99.5081
    endloop
  endfacet
  facet normal 0 -0.234473 -0.972123
    outer loop
      vertex 34 46.4036 -99.5838
      vertex 37.2 46.0628 -99.5016
      vertex 34 46.0628 -99.5016
    endloop
  endfacet
  facet normal 0 -0.234473 -0.972123
    outer loop
      vertex 34 46.4036 -99.5838
      vertex 37.2 46.4036 -99.5838
      vertex 37.2 46.0628 -99.5016
    endloop
  endfacet
  facet normal 0 -0.177479 -0.984125
    outer loop
      vertex 34 46.7485 -99.646
      vertex 37.2 46.4036 -99.5838
      vertex 34 46.4036 -99.5838
    endloop
  endfacet
  facet normal 0 -0.177479 -0.984125
    outer loop
      vertex 34 46.7485 -99.646
      vertex 37.2 46.7485 -99.646
      vertex 37.2 46.4036 -99.5838
    endloop
  endfacet
  facet normal 0 0.0346612 0.999399
    outer loop
      vertex 34 46.7312 -99.6454
      vertex 37.2 46.7485 -99.646
      vertex 34 46.7485 -99.646
    endloop
  endfacet
  facet normal -0 0.0346612 0.999399
    outer loop
      vertex 34 46.7312 -99.6454
      vertex 37.2 46.7312 -99.6454
      vertex 37.2 46.7485 -99.646
    endloop
  endfacet
  facet normal 0 -0.972846 -0.231455
    outer loop
      vertex 34 46.9074 -100.386
      vertex 37.2 46.7312 -99.6454
      vertex 34 46.7312 -99.6454
    endloop
  endfacet
  facet normal 0 -0.972846 -0.231455
    outer loop
      vertex 34 46.9074 -100.386
      vertex 37.2 46.9074 -100.386
      vertex 37.2 46.7312 -99.6454
    endloop
  endfacet
  facet normal 0 -0.99613 0.0878938
    outer loop
      vertex 34 46.9059 -100.403
      vertex 37.2 46.9074 -100.386
      vertex 34 46.9074 -100.386
    endloop
  endfacet
  facet normal 0 -0.99613 0.0878938
    outer loop
      vertex 34 46.9059 -100.403
      vertex 37.2 46.9059 -100.403
      vertex 37.2 46.9074 -100.386
    endloop
  endfacet
  facet normal 0 -0.999508 0.0313571
    outer loop
      vertex 34 46.9043 -100.454
      vertex 37.2 46.9059 -100.403
      vertex 34 46.9059 -100.403
    endloop
  endfacet
  facet normal 0 -0.999508 0.0313571
    outer loop
      vertex 34 46.9043 -100.454
      vertex 37.2 46.9043 -100.454
      vertex 37.2 46.9059 -100.403
    endloop
  endfacet
  facet normal 0 -0.999521 -0.0309376
    outer loop
      vertex 34 46.9069 -100.538
      vertex 37.2 46.9043 -100.454
      vertex 34 46.9043 -100.454
    endloop
  endfacet
  facet normal 0 -0.999521 -0.0309376
    outer loop
      vertex 34 46.9069 -100.538
      vertex 37.2 46.9069 -100.538
      vertex 37.2 46.9043 -100.454
    endloop
  endfacet
  facet normal 0 -0.995688 -0.0927607
    outer loop
      vertex 34 46.9178 -100.655
      vertex 37.2 46.9069 -100.538
      vertex 34 46.9069 -100.538
    endloop
  endfacet
  facet normal 0 -0.995688 -0.0927607
    outer loop
      vertex 34 46.9178 -100.655
      vertex 37.2 46.9178 -100.655
      vertex 37.2 46.9069 -100.538
    endloop
  endfacet
  facet normal 0 -0.987949 -0.154779
    outer loop
      vertex 34 46.9413 -100.805
      vertex 37.2 46.9178 -100.655
      vertex 34 46.9178 -100.655
    endloop
  endfacet
  facet normal 0 -0.987949 -0.154779
    outer loop
      vertex 34 46.9413 -100.805
      vertex 37.2 46.9413 -100.805
      vertex 37.2 46.9178 -100.655
    endloop
  endfacet
  facet normal 0 -0.976072 -0.217447
    outer loop
      vertex 34 46.9814 -100.985
      vertex 37.2 46.9413 -100.805
      vertex 34 46.9413 -100.805
    endloop
  endfacet
  facet normal 0 -0.976072 -0.217447
    outer loop
      vertex 34 46.9814 -100.985
      vertex 37.2 46.9814 -100.985
      vertex 37.2 46.9413 -100.805
    endloop
  endfacet
  facet normal 0 -0.960903 -0.276886
    outer loop
      vertex 34 47.0422 -101.196
      vertex 37.2 46.9814 -100.985
      vertex 34 46.9814 -100.985
    endloop
  endfacet
  facet normal 0 -0.960903 -0.276886
    outer loop
      vertex 34 47.0422 -101.196
      vertex 37.2 47.0422 -101.196
      vertex 37.2 46.9814 -100.985
    endloop
  endfacet
  facet normal 0 -0.941039 -0.338298
    outer loop
      vertex 34 47.1274 -101.433
      vertex 37.2 47.0422 -101.196
      vertex 34 47.0422 -101.196
    endloop
  endfacet
  facet normal 0 -0.941039 -0.338298
    outer loop
      vertex 34 47.1274 -101.433
      vertex 37.2 47.1274 -101.433
      vertex 37.2 47.0422 -101.196
    endloop
  endfacet
  facet normal 0 -0.918276 -0.395941
    outer loop
      vertex 34 47.2408 -101.696
      vertex 37.2 47.1274 -101.433
      vertex 34 47.1274 -101.433
    endloop
  endfacet
  facet normal 0 -0.918276 -0.395941
    outer loop
      vertex 34 47.2408 -101.696
      vertex 37.2 47.2408 -101.696
      vertex 37.2 47.1274 -101.433
    endloop
  endfacet
  facet normal 0 -0.891404 -0.453209
    outer loop
      vertex 34 47.3857 -101.981
      vertex 37.2 47.2408 -101.696
      vertex 34 47.2408 -101.696
    endloop
  endfacet
  facet normal 0 -0.891404 -0.453209
    outer loop
      vertex 34 47.3857 -101.981
      vertex 37.2 47.3857 -101.981
      vertex 37.2 47.2408 -101.696
    endloop
  endfacet
  facet normal 0 -0.0333032 -0.999445
    outer loop
      vertex 34 47.9559 -102
      vertex 37.2 47.3857 -101.981
      vertex 34 47.3857 -101.981
    endloop
  endfacet
  facet normal 0 -0.0333032 -0.999445
    outer loop
      vertex 34 47.9559 -102
      vertex 37.2 47.9559 -102
      vertex 37.2 47.3857 -101.981
    endloop
  endfacet
  facet normal 0 0.859692 -0.510813
    outer loop
      vertex 34 48.1193 -101.725
      vertex 37.2 47.9559 -102
      vertex 34 47.9559 -102
    endloop
  endfacet
  facet normal 0 0.859692 -0.510813
    outer loop
      vertex 34 48.1193 -101.725
      vertex 37.2 48.1193 -101.725
      vertex 37.2 47.9559 -102
    endloop
  endfacet
  facet normal 0 0.89034 -0.455296
    outer loop
      vertex 34 48.2497 -101.47
      vertex 37.2 48.1193 -101.725
      vertex 34 48.1193 -101.725
    endloop
  endfacet
  facet normal 0 0.89034 -0.455296
    outer loop
      vertex 34 48.2497 -101.47
      vertex 37.2 48.2497 -101.47
      vertex 37.2 48.1193 -101.725
    endloop
  endfacet
  facet normal 0 0.916685 -0.399611
    outer loop
      vertex 34 48.3504 -101.239
      vertex 37.2 48.2497 -101.47
      vertex 34 48.2497 -101.47
    endloop
  endfacet
  facet normal 0 0.916685 -0.399611
    outer loop
      vertex 34 48.3504 -101.239
      vertex 37.2 48.3504 -101.239
      vertex 37.2 48.2497 -101.47
    endloop
  endfacet
  facet normal 0 0.940392 -0.340093
    outer loop
      vertex 34 48.4249 -101.033
      vertex 37.2 48.3504 -101.239
      vertex 34 48.3504 -101.239
    endloop
  endfacet
  facet normal 0 0.940392 -0.340093
    outer loop
      vertex 34 48.4249 -101.033
      vertex 37.2 48.4249 -101.033
      vertex 37.2 48.3504 -101.239
    endloop
  endfacet
  facet normal 0 0.960024 -0.279917
    outer loop
      vertex 34 48.4768 -100.855
      vertex 37.2 48.4249 -101.033
      vertex 34 48.4249 -101.033
    endloop
  endfacet
  facet normal 0 0.960024 -0.279917
    outer loop
      vertex 34 48.4768 -100.855
      vertex 37.2 48.4768 -100.855
      vertex 37.2 48.4249 -101.033
    endloop
  endfacet
  facet normal 0 0.97561 -0.219512
    outer loop
      vertex 34 48.5101 -100.707
      vertex 37.2 48.4768 -100.855
      vertex 34 48.4768 -100.855
    endloop
  endfacet
  facet normal 0 0.97561 -0.219512
    outer loop
      vertex 34 48.5101 -100.707
      vertex 37.2 48.5101 -100.707
      vertex 37.2 48.4768 -100.855
    endloop
  endfacet
  facet normal 0 0.987387 -0.158322
    outer loop
      vertex 34 48.5287 -100.591
      vertex 37.2 48.5101 -100.707
      vertex 34 48.5101 -100.707
    endloop
  endfacet
  facet normal 0 0.987387 -0.158322
    outer loop
      vertex 34 48.5287 -100.591
      vertex 37.2 48.5287 -100.591
      vertex 37.2 48.5101 -100.707
    endloop
  endfacet
  facet normal 0 0.995383 -0.0959834
    outer loop
      vertex 34 48.5368 -100.507
      vertex 37.2 48.5287 -100.591
      vertex 34 48.5287 -100.591
    endloop
  endfacet
  facet normal 0 0.995383 -0.0959834
    outer loop
      vertex 34 48.5368 -100.507
      vertex 37.2 48.5368 -100.507
      vertex 37.2 48.5287 -100.591
    endloop
  endfacet
  facet normal 0 0.999423 -0.0339804
    outer loop
      vertex 34 48.5385 -100.457
      vertex 37.2 48.5368 -100.507
      vertex 34 48.5368 -100.507
    endloop
  endfacet
  facet normal 0 0.999423 -0.0339804
    outer loop
      vertex 34 48.5385 -100.457
      vertex 37.2 48.5385 -100.457
      vertex 37.2 48.5368 -100.507
    endloop
  endfacet
  facet normal 0 0.999844 0.0176443
    outer loop
      vertex 34 48.5382 -100.44
      vertex 37.2 48.5385 -100.457
      vertex 34 48.5385 -100.457
    endloop
  endfacet
  facet normal -0 0.999844 0.0176443
    outer loop
      vertex 34 48.5382 -100.44
      vertex 37.2 48.5382 -100.44
      vertex 37.2 48.5385 -100.457
    endloop
  endfacet
  facet normal 0 0.955512 -0.294953
    outer loop
      vertex 34 48.7628 -99.7124
      vertex 37.2 48.5382 -100.44
      vertex 34 48.5382 -100.44
    endloop
  endfacet
  facet normal 0 0.955512 -0.294953
    outer loop
      vertex 34 48.7628 -99.7124
      vertex 37.2 48.7628 -99.7124
      vertex 37.2 48.5382 -100.44
    endloop
  endfacet
  facet normal 0 0.0344623 0.999406
    outer loop
      vertex 34 48.7454 -99.7118
      vertex 37.2 48.7628 -99.7124
      vertex 34 48.7628 -99.7124
    endloop
  endfacet
  facet normal -0 0.0344623 0.999406
    outer loop
      vertex 34 48.7454 -99.7118
      vertex 37.2 48.7454 -99.7118
      vertex 37.2 48.7628 -99.7124
    endloop
  endfacet
  facet normal 0 0.112404 -0.993663
    outer loop
      vertex 34 49.0937 -99.6724
      vertex 37.2 48.7454 -99.7118
      vertex 34 48.7454 -99.7118
    endloop
  endfacet
  facet normal 0 0.112404 -0.993663
    outer loop
      vertex 34 49.0937 -99.6724
      vertex 37.2 49.0937 -99.6724
      vertex 37.2 48.7454 -99.7118
    endloop
  endfacet
  facet normal 0 0.169716 -0.985493
    outer loop
      vertex 34 49.4392 -99.6129
      vertex 37.2 49.0937 -99.6724
      vertex 34 49.0937 -99.6724
    endloop
  endfacet
  facet normal 0 0.169716 -0.985493
    outer loop
      vertex 34 49.4392 -99.6129
      vertex 37.2 49.4392 -99.6129
      vertex 37.2 49.0937 -99.6724
    endloop
  endfacet
  facet normal 0 -0.309345 0.95095
    outer loop
      vertex 34 49.4226 -99.6183
      vertex 37.2 49.4392 -99.6129
      vertex 34 49.4392 -99.6129
    endloop
  endfacet
  facet normal 0 -0.309345 0.95095
    outer loop
      vertex 34 49.4226 -99.6183
      vertex 37.2 49.4226 -99.6183
      vertex 37.2 49.4392 -99.6129
    endloop
  endfacet
  facet normal 0 -0.834949 -0.550328
    outer loop
      vertex 34 49.8416 -100.254
      vertex 37.2 49.4226 -99.6183
      vertex 34 49.4226 -99.6183
    endloop
  endfacet
  facet normal 0 -0.834949 -0.550328
    outer loop
      vertex 34 49.8416 -100.254
      vertex 37.2 49.8416 -100.254
      vertex 37.2 49.4226 -99.6183
    endloop
  endfacet
  facet normal 0 -0.969468 -0.245218
    outer loop
      vertex 34 49.8459 -100.271
      vertex 37.2 49.8416 -100.254
      vertex 34 49.8416 -100.254
    endloop
  endfacet
  facet normal 0 -0.969468 -0.245218
    outer loop
      vertex 34 49.8459 -100.271
      vertex 37.2 49.8459 -100.271
      vertex 37.2 49.8416 -100.254
    endloop
  endfacet
  facet normal 0 -0.949864 -0.312664
    outer loop
      vertex 34 49.8617 -100.319
      vertex 37.2 49.8459 -100.271
      vertex 34 49.8459 -100.271
    endloop
  endfacet
  facet normal 0 -0.949864 -0.312664
    outer loop
      vertex 34 49.8617 -100.319
      vertex 37.2 49.8617 -100.319
      vertex 37.2 49.8459 -100.271
    endloop
  endfacet
  facet normal 0 -0.928477 -0.371391
    outer loop
      vertex 34 49.8929 -100.397
      vertex 37.2 49.8617 -100.319
      vertex 34 49.8617 -100.319
    endloop
  endfacet
  facet normal 0 -0.928477 -0.371391
    outer loop
      vertex 34 49.8929 -100.397
      vertex 37.2 49.8929 -100.397
      vertex 37.2 49.8617 -100.319
    endloop
  endfacet
  facet normal 0 -0.903112 -0.429404
    outer loop
      vertex 34 49.9433 -100.503
      vertex 37.2 49.8929 -100.397
      vertex 34 49.8929 -100.397
    endloop
  endfacet
  facet normal 0 -0.903112 -0.429404
    outer loop
      vertex 34 49.9433 -100.503
      vertex 37.2 49.9433 -100.503
      vertex 37.2 49.8929 -100.397
    endloop
  endfacet
  facet normal 0 -0.876077 -0.482172
    outer loop
      vertex 34 50.0165 -100.636
      vertex 37.2 49.9433 -100.503
      vertex 34 49.9433 -100.503
    endloop
  endfacet
  facet normal 0 -0.876077 -0.482172
    outer loop
      vertex 34 50.0165 -100.636
      vertex 37.2 50.0165 -100.636
      vertex 37.2 49.9433 -100.503
    endloop
  endfacet
  facet normal 0 -0.843105 -0.537749
    outer loop
      vertex 34 50.116 -100.792
      vertex 37.2 50.0165 -100.636
      vertex 34 50.0165 -100.636
    endloop
  endfacet
  facet normal 0 -0.843105 -0.537749
    outer loop
      vertex 34 50.116 -100.792
      vertex 37.2 50.116 -100.792
      vertex 37.2 50.0165 -100.636
    endloop
  endfacet
  facet normal 0 -0.808143 -0.588986
    outer loop
      vertex 34 50.245 -100.969
      vertex 37.2 50.116 -100.792
      vertex 34 50.116 -100.792
    endloop
  endfacet
  facet normal 0 -0.808143 -0.588986
    outer loop
      vertex 34 50.245 -100.969
      vertex 37.2 50.245 -100.969
      vertex 37.2 50.116 -100.792
    endloop
  endfacet
  facet normal 0 -0.768741 -0.639561
    outer loop
      vertex 34 50.4064 -101.163
      vertex 37.2 50.245 -100.969
      vertex 34 50.245 -100.969
    endloop
  endfacet
  facet normal 0 -0.768741 -0.639561
    outer loop
      vertex 34 50.4064 -101.163
      vertex 37.2 50.4064 -101.163
      vertex 37.2 50.245 -100.969
    endloop
  endfacet
  facet normal 0 -0.727091 -0.686541
    outer loop
      vertex 34 50.6028 -101.371
      vertex 37.2 50.4064 -101.163
      vertex 34 50.4064 -101.163
    endloop
  endfacet
  facet normal 0 -0.727091 -0.686541
    outer loop
      vertex 34 50.6028 -101.371
      vertex 37.2 50.6028 -101.371
      vertex 37.2 50.4064 -101.163
    endloop
  endfacet
  facet normal 0 -0.682118 -0.731243
    outer loop
      vertex 34 50.8365 -101.589
      vertex 37.2 50.6028 -101.371
      vertex 34 50.6028 -101.371
    endloop
  endfacet
  facet normal 0 -0.682118 -0.731243
    outer loop
      vertex 34 50.8365 -101.589
      vertex 37.2 50.8365 -101.589
      vertex 37.2 50.6028 -101.371
    endloop
  endfacet
  facet normal 0 0.310331 -0.950629
    outer loop
      vertex 34 51.3787 -101.412
      vertex 37.2 50.8365 -101.589
      vertex 34 50.8365 -101.589
    endloop
  endfacet
  facet normal 0 0.310331 -0.950629
    outer loop
      vertex 34 51.3787 -101.412
      vertex 37.2 51.3787 -101.412
      vertex 37.2 50.8365 -101.589
    endloop
  endfacet
  facet normal 0 0.982516 -0.186177
    outer loop
      vertex 34 51.4382 -101.098
      vertex 37.2 51.3787 -101.412
      vertex 34 51.3787 -101.412
    endloop
  endfacet
  facet normal 0 0.982516 -0.186177
    outer loop
      vertex 34 51.4382 -101.098
      vertex 37.2 51.4382 -101.098
      vertex 37.2 51.3787 -101.412
    endloop
  endfacet
  facet normal 0 0.992278 -0.124035
    outer loop
      vertex 34 51.4737 -100.814
      vertex 37.2 51.4382 -101.098
      vertex 34 51.4382 -101.098
    endloop
  endfacet
  facet normal 0 0.992278 -0.124035
    outer loop
      vertex 34 51.4737 -100.814
      vertex 37.2 51.4737 -100.814
      vertex 37.2 51.4382 -101.098
    endloop
  endfacet
  facet normal 0 0.998138 -0.0609973
    outer loop
      vertex 34 51.4891 -100.562
      vertex 37.2 51.4737 -100.814
      vertex 34 51.4737 -100.814
    endloop
  endfacet
  facet normal 0 0.998138 -0.0609973
    outer loop
      vertex 34 51.4891 -100.562
      vertex 37.2 51.4891 -100.562
      vertex 37.2 51.4737 -100.814
    endloop
  endfacet
  facet normal 0 0.999998 0.00182648
    outer loop
      vertex 34 51.4887 -100.343
      vertex 37.2 51.4891 -100.562
      vertex 34 51.4891 -100.562
    endloop
  endfacet
  facet normal -0 0.999998 0.00182648
    outer loop
      vertex 34 51.4887 -100.343
      vertex 37.2 51.4887 -100.343
      vertex 37.2 51.4891 -100.562
    endloop
  endfacet
  facet normal 0 0.997903 0.0647288
    outer loop
      vertex 34 51.4767 -100.158
      vertex 37.2 51.4887 -100.343
      vertex 34 51.4887 -100.343
    endloop
  endfacet
  facet normal -0 0.997903 0.0647288
    outer loop
      vertex 34 51.4767 -100.158
      vertex 37.2 51.4767 -100.158
      vertex 37.2 51.4887 -100.343
    endloop
  endfacet
  facet normal 0 0.991907 0.126964
    outer loop
      vertex 34 51.4575 -100.008
      vertex 37.2 51.4767 -100.158
      vertex 34 51.4767 -100.158
    endloop
  endfacet
  facet normal -0 0.991907 0.126964
    outer loop
      vertex 34 51.4575 -100.008
      vertex 37.2 51.4575 -100.008
      vertex 37.2 51.4767 -100.158
    endloop
  endfacet
  facet normal 0 0.9818 0.189916
    outer loop
      vertex 34 51.4351 -99.8922
      vertex 37.2 51.4575 -100.008
      vertex 34 51.4575 -100.008
    endloop
  endfacet
  facet normal -0 0.9818 0.189916
    outer loop
      vertex 34 51.4351 -99.8922
      vertex 37.2 51.4351 -99.8922
      vertex 37.2 51.4575 -100.008
    endloop
  endfacet
  facet normal 0 0.96837 0.249519
    outer loop
      vertex 34 51.4141 -99.8107
      vertex 37.2 51.4351 -99.8922
      vertex 34 51.4351 -99.8922
    endloop
  endfacet
  facet normal -0 0.96837 0.249519
    outer loop
      vertex 34 51.4141 -99.8107
      vertex 37.2 51.4141 -99.8107
      vertex 37.2 51.4351 -99.8922
    endloop
  endfacet
  facet normal 0 0.951034 0.309086
    outer loop
      vertex 34 51.3985 -99.7627
      vertex 37.2 51.4141 -99.8107
      vertex 34 51.4141 -99.8107
    endloop
  endfacet
  facet normal -0 0.951034 0.309086
    outer loop
      vertex 34 51.3985 -99.7627
      vertex 37.2 51.3985 -99.7627
      vertex 37.2 51.4141 -99.8107
    endloop
  endfacet
  facet normal 0 0.932116 0.36216
    outer loop
      vertex 34 51.3924 -99.747
      vertex 37.2 51.3985 -99.7627
      vertex 34 51.3985 -99.7627
    endloop
  endfacet
  facet normal -0 0.932116 0.36216
    outer loop
      vertex 34 51.3924 -99.747
      vertex 37.2 51.3924 -99.747
      vertex 37.2 51.3985 -99.7627
    endloop
  endfacet
  facet normal 0 0.998767 0.0496363
    outer loop
      vertex 34 51.3546 -98.9864
      vertex 37.2 51.3924 -99.747
      vertex 34 51.3924 -99.747
    endloop
  endfacet
  facet normal -0 0.998767 0.0496363
    outer loop
      vertex 34 51.3546 -98.9864
      vertex 37.2 51.3546 -98.9864
      vertex 37.2 51.3924 -99.747
    endloop
  endfacet
  facet normal 0 -0.307669 0.951494
    outer loop
      vertex 34 51.3379 -98.9918
      vertex 37.2 51.3546 -98.9864
      vertex 34 51.3546 -98.9864
    endloop
  endfacet
  facet normal 0 -0.307669 0.951494
    outer loop
      vertex 34 51.3379 -98.9918
      vertex 37.2 51.3379 -98.9918
      vertex 37.2 51.3546 -98.9864
    endloop
  endfacet
  facet normal 0 0.445273 -0.895395
    outer loop
      vertex 34 51.6518 -98.8357
      vertex 37.2 51.3379 -98.9918
      vertex 34 51.3379 -98.9918
    endloop
  endfacet
  facet normal 0 0.445273 -0.895395
    outer loop
      vertex 34 51.6518 -98.8357
      vertex 37.2 51.6518 -98.8357
      vertex 37.2 51.3379 -98.9918
    endloop
  endfacet
  facet normal 0 0.4966 -0.86798
    outer loop
      vertex 34 51.9561 -98.6616
      vertex 37.2 51.6518 -98.8357
      vertex 34 51.6518 -98.8357
    endloop
  endfacet
  facet normal 0 0.4966 -0.86798
    outer loop
      vertex 34 51.9561 -98.6616
      vertex 37.2 51.9561 -98.6616
      vertex 37.2 51.6518 -98.8357
    endloop
  endfacet
  facet normal 0 -0.615532 0.788112
    outer loop
      vertex 34 51.9424 -98.6723
      vertex 37.2 51.9561 -98.6616
      vertex 34 51.9561 -98.6616
    endloop
  endfacet
  facet normal 0 -0.615532 0.788112
    outer loop
      vertex 34 51.9424 -98.6723
      vertex 37.2 51.9424 -98.6723
      vertex 37.2 51.9561 -98.6616
    endloop
  endfacet
  facet normal 0 -0.596549 -0.802577
    outer loop
      vertex 34 52.5536 -99.1266
      vertex 37.2 51.9424 -98.6723
      vertex 34 51.9424 -98.6723
    endloop
  endfacet
  facet normal 0 -0.596549 -0.802577
    outer loop
      vertex 34 52.5536 -99.1266
      vertex 37.2 52.5536 -99.1266
      vertex 37.2 51.9424 -98.6723
    endloop
  endfacet
  facet normal 0 -0.818116 -0.575053
    outer loop
      vertex 34 52.5633 -99.1404
      vertex 37.2 52.5536 -99.1266
      vertex 34 52.5536 -99.1266
    endloop
  endfacet
  facet normal 0 -0.818116 -0.575053
    outer loop
      vertex 34 52.5633 -99.1404
      vertex 37.2 52.5633 -99.1404
      vertex 37.2 52.5536 -99.1266
    endloop
  endfacet
  facet normal 0 -0.78625 -0.617909
    outer loop
      vertex 34 52.5945 -99.1801
      vertex 37.2 52.5633 -99.1404
      vertex 34 52.5633 -99.1404
    endloop
  endfacet
  facet normal 0 -0.78625 -0.617909
    outer loop
      vertex 34 52.5945 -99.1801
      vertex 37.2 52.5945 -99.1801
      vertex 37.2 52.5633 -99.1404
    endloop
  endfacet
  facet normal 0 -0.745769 -0.666205
    outer loop
      vertex 34 52.6506 -99.2429
      vertex 37.2 52.5945 -99.1801
      vertex 34 52.5945 -99.1801
    endloop
  endfacet
  facet normal 0 -0.745769 -0.666205
    outer loop
      vertex 34 52.6506 -99.2429
      vertex 37.2 52.6506 -99.2429
      vertex 37.2 52.5945 -99.1801
    endloop
  endfacet
  facet normal 0 -0.703703 -0.710494
    outer loop
      vertex 34 52.7343 -99.3258
      vertex 37.2 52.6506 -99.2429
      vertex 34 52.6506 -99.2429
    endloop
  endfacet
  facet normal 0 -0.703703 -0.710494
    outer loop
      vertex 34 52.7343 -99.3258
      vertex 37.2 52.7343 -99.3258
      vertex 37.2 52.6506 -99.2429
    endloop
  endfacet
  facet normal 0 -0.656914 -0.753966
    outer loop
      vertex 34 52.8485 -99.4253
      vertex 37.2 52.7343 -99.3258
      vertex 34 52.7343 -99.3258
    endloop
  endfacet
  facet normal 0 -0.656914 -0.753966
    outer loop
      vertex 34 52.8485 -99.4253
      vertex 37.2 52.8485 -99.4253
      vertex 37.2 52.7343 -99.3258
    endloop
  endfacet
  facet normal 0 -0.608692 -0.793406
    outer loop
      vertex 34 52.9954 -99.538
      vertex 37.2 52.8485 -99.4253
      vertex 34 52.8485 -99.4253
    endloop
  endfacet
  facet normal 0 -0.608692 -0.793406
    outer loop
      vertex 34 52.9954 -99.538
      vertex 37.2 52.9954 -99.538
      vertex 37.2 52.8485 -99.4253
    endloop
  endfacet
  facet normal 0 -0.557439 -0.830218
    outer loop
      vertex 34 53.1771 -99.66
      vertex 37.2 52.9954 -99.538
      vertex 34 52.9954 -99.538
    endloop
  endfacet
  facet normal 0 -0.557439 -0.830218
    outer loop
      vertex 34 53.1771 -99.66
      vertex 37.2 53.1771 -99.66
      vertex 37.2 52.9954 -99.538
    endloop
  endfacet
  facet normal 0 -0.50397 -0.863721
    outer loop
      vertex 34 53.3951 -99.7872
      vertex 37.2 53.1771 -99.66
      vertex 34 53.1771 -99.66
    endloop
  endfacet
  facet normal 0 -0.50397 -0.863721
    outer loop
      vertex 34 53.3951 -99.7872
      vertex 37.2 53.3951 -99.7872
      vertex 37.2 53.1771 -99.66
    endloop
  endfacet
  facet normal 0 -0.448611 -0.893727
    outer loop
      vertex 34 53.6509 -99.9156
      vertex 37.2 53.3951 -99.7872
      vertex 34 53.3951 -99.7872
    endloop
  endfacet
  facet normal 0 -0.448611 -0.893727
    outer loop
      vertex 34 53.6509 -99.9156
      vertex 37.2 53.6509 -99.9156
      vertex 37.2 53.3951 -99.7872
    endloop
  endfacet
  facet normal 0 -0.391994 -0.919968
    outer loop
      vertex 34 53.9452 -100.041
      vertex 37.2 53.6509 -99.9156
      vertex 34 53.6509 -99.9156
    endloop
  endfacet
  facet normal 0 -0.391994 -0.919968
    outer loop
      vertex 34 53.9452 -100.041
      vertex 37.2 53.9452 -100.041
      vertex 37.2 53.6509 -99.9156
    endloop
  endfacet
  facet normal 0 0.617465 -0.786598
    outer loop
      vertex 34 54.394 -99.6887
      vertex 37.2 53.9452 -100.041
      vertex 34 53.9452 -100.041
    endloop
  endfacet
  facet normal 0 0.617465 -0.786598
    outer loop
      vertex 34 54.394 -99.6887
      vertex 37.2 54.394 -99.6887
      vertex 37.2 53.9452 -100.041
    endloop
  endfacet
  facet normal 0 0.986946 0.161051
    outer loop
      vertex 34 54.3425 -99.3731
      vertex 37.2 54.394 -99.6887
      vertex 34 54.394 -99.6887
    endloop
  endfacet
  facet normal -0 0.986946 0.161051
    outer loop
      vertex 34 54.3425 -99.3731
      vertex 37.2 54.3425 -99.3731
      vertex 37.2 54.394 -99.6887
    endloop
  endfacet
  facet normal 0 0.974819 0.222996
    outer loop
      vertex 34 54.2787 -99.0942
      vertex 37.2 54.3425 -99.3731
      vertex 34 54.3425 -99.3731
    endloop
  endfacet
  facet normal -0 0.974819 0.222996
    outer loop
      vertex 34 54.2787 -99.0942
      vertex 37.2 54.2787 -99.0942
      vertex 37.2 54.3425 -99.3731
    endloop
  endfacet
  facet normal 0 0.958834 0.283967
    outer loop
      vertex 34 54.207 -98.8521
      vertex 37.2 54.2787 -99.0942
      vertex 34 54.2787 -99.0942
    endloop
  endfacet
  facet normal -0 0.958834 0.283967
    outer loop
      vertex 34 54.207 -98.8521
      vertex 37.2 54.207 -98.8521
      vertex 37.2 54.2787 -99.0942
    endloop
  endfacet
  facet normal 0 0.939098 0.34365
    outer loop
      vertex 34 54.1318 -98.6466
      vertex 37.2 54.207 -98.8521
      vertex 34 54.207 -98.8521
    endloop
  endfacet
  facet normal -0 0.939098 0.34365
    outer loop
      vertex 34 54.1318 -98.6466
      vertex 37.2 54.1318 -98.6466
      vertex 37.2 54.207 -98.8521
    endloop
  endfacet
  facet normal 0 0.915474 0.402377
    outer loop
      vertex 34 54.0573 -98.4771
      vertex 37.2 54.1318 -98.6466
      vertex 34 54.1318 -98.6466
    endloop
  endfacet
  facet normal -0 0.915474 0.402377
    outer loop
      vertex 34 54.0573 -98.4771
      vertex 37.2 54.0573 -98.4771
      vertex 37.2 54.1318 -98.6466
    endloop
  endfacet
  facet normal 0 0.888543 0.458794
    outer loop
      vertex 34 53.9878 -98.3425
      vertex 37.2 54.0573 -98.4771
      vertex 34 54.0573 -98.4771
    endloop
  endfacet
  facet normal -0 0.888543 0.458794
    outer loop
      vertex 34 53.9878 -98.3425
      vertex 37.2 53.9878 -98.3425
      vertex 37.2 54.0573 -98.4771
    endloop
  endfacet
  facet normal 0 0.858091 0.513497
    outer loop
      vertex 34 53.9273 -98.2414
      vertex 37.2 53.9878 -98.3425
      vertex 34 53.9878 -98.3425
    endloop
  endfacet
  facet normal -0 0.858091 0.513497
    outer loop
      vertex 34 53.9273 -98.2414
      vertex 37.2 53.9273 -98.2414
      vertex 37.2 53.9878 -98.3425
    endloop
  endfacet
  facet normal 0 0.824111 0.566428
    outer loop
      vertex 34 53.8796 -98.172
      vertex 37.2 53.9273 -98.2414
      vertex 34 53.9273 -98.2414
    endloop
  endfacet
  facet normal -0 0.824111 0.566428
    outer loop
      vertex 34 53.8796 -98.172
      vertex 37.2 53.8796 -98.172
      vertex 37.2 53.9273 -98.2414
    endloop
  endfacet
  facet normal 0 0.787964 0.615721
    outer loop
      vertex 34 53.8485 -98.1322
      vertex 37.2 53.8796 -98.172
      vertex 34 53.8796 -98.172
    endloop
  endfacet
  facet normal -0 0.787964 0.615721
    outer loop
      vertex 34 53.8485 -98.1322
      vertex 37.2 53.8485 -98.1322
      vertex 37.2 53.8796 -98.172
    endloop
  endfacet
  facet normal 0 0.750359 0.661031
    outer loop
      vertex 34 53.8374 -98.1196
      vertex 37.2 53.8485 -98.1322
      vertex 34 53.8485 -98.1322
    endloop
  endfacet
  facet normal -0 0.750359 0.661031
    outer loop
      vertex 34 53.8374 -98.1196
      vertex 37.2 53.8374 -98.1196
      vertex 37.2 53.8485 -98.1322
    endloop
  endfacet
  facet normal 0 0.921559 0.388239
    outer loop
      vertex 34 53.5417 -97.4177
      vertex 37.2 53.8374 -98.1196
      vertex 34 53.8374 -98.1196
    endloop
  endfacet
  facet normal -0 0.921559 0.388239
    outer loop
      vertex 34 53.5417 -97.4177
      vertex 37.2 53.5417 -97.4177
      vertex 37.2 53.8374 -98.1196
    endloop
  endfacet
  facet normal 0 -0.615532 0.788112
    outer loop
      vertex 34 53.528 -97.4284
      vertex 37.2 53.5417 -97.4177
      vertex 34 53.5417 -97.4177
    endloop
  endfacet
  facet normal 0 -0.615532 0.788112
    outer loop
      vertex 34 53.528 -97.4284
      vertex 37.2 53.528 -97.4284
      vertex 37.2 53.5417 -97.4177
    endloop
  endfacet
  facet normal 0 0.724572 -0.689199
    outer loop
      vertex 34 53.7696 -97.1744
      vertex 37.2 53.528 -97.4284
      vertex 34 53.528 -97.4284
    endloop
  endfacet
  facet normal 0 0.724572 -0.689199
    outer loop
      vertex 34 53.7696 -97.1744
      vertex 37.2 53.7696 -97.1744
      vertex 37.2 53.528 -97.4284
    endloop
  endfacet
  facet normal 0 0.76357 -0.645725
    outer loop
      vertex 34 53.9959 -96.9068
      vertex 37.2 53.7696 -97.1744
      vertex 34 53.7696 -97.1744
    endloop
  endfacet
  facet normal 0 0.76357 -0.645725
    outer loop
      vertex 34 53.9959 -96.9068
      vertex 37.2 53.9959 -96.9068
      vertex 37.2 53.7696 -97.1744
    endloop
  endfacet
  facet normal 0 -0.849285 0.527934
    outer loop
      vertex 34 53.9867 -96.9216
      vertex 37.2 53.9959 -96.9068
      vertex 34 53.9959 -96.9068
    endloop
  endfacet
  facet normal 0 -0.849285 0.527934
    outer loop
      vertex 34 53.9867 -96.9216
      vertex 37.2 53.9867 -96.9216
      vertex 37.2 53.9959 -96.9068
    endloop
  endfacet
  facet normal 0 -0.285974 -0.958237
    outer loop
      vertex 34 54.7165 -97.1394
      vertex 37.2 53.9867 -96.9216
      vertex 34 53.9867 -96.9216
    endloop
  endfacet
  facet normal 0 -0.285974 -0.958237
    outer loop
      vertex 34 54.7165 -97.1394
      vertex 37.2 54.7165 -97.1394
      vertex 37.2 53.9867 -96.9216
    endloop
  endfacet
  facet normal 0 -0.575053 -0.818116
    outer loop
      vertex 34 54.7303 -97.1491
      vertex 37.2 54.7165 -97.1394
      vertex 34 54.7165 -97.1394
    endloop
  endfacet
  facet normal 0 -0.575053 -0.818116
    outer loop
      vertex 34 54.7303 -97.1491
      vertex 37.2 54.7303 -97.1491
      vertex 37.2 54.7165 -97.1394
    endloop
  endfacet
  facet normal 0 -0.526968 -0.849885
    outer loop
      vertex 34 54.7732 -97.1757
      vertex 37.2 54.7303 -97.1491
      vertex 34 54.7303 -97.1491
    endloop
  endfacet
  facet normal 0 -0.526968 -0.849885
    outer loop
      vertex 34 54.7732 -97.1757
      vertex 37.2 54.7732 -97.1757
      vertex 37.2 54.7303 -97.1491
    endloop
  endfacet
  facet normal 0 -0.473178 -0.880967
    outer loop
      vertex 34 54.8473 -97.2155
      vertex 37.2 54.7732 -97.1757
      vertex 34 54.7732 -97.1757
    endloop
  endfacet
  facet normal 0 -0.473178 -0.880967
    outer loop
      vertex 34 54.8473 -97.2155
      vertex 37.2 54.8473 -97.2155
      vertex 37.2 54.7732 -97.1757
    endloop
  endfacet
  facet normal 0 -0.417443 -0.908703
    outer loop
      vertex 34 54.9544 -97.2647
      vertex 37.2 54.8473 -97.2155
      vertex 34 54.8473 -97.2155
    endloop
  endfacet
  facet normal 0 -0.417443 -0.908703
    outer loop
      vertex 34 54.9544 -97.2647
      vertex 37.2 54.9544 -97.2647
      vertex 37.2 54.8473 -97.2155
    endloop
  endfacet
  facet normal 0 -0.359864 -0.933005
    outer loop
      vertex 34 55.0957 -97.3192
      vertex 37.2 54.9544 -97.2647
      vertex 34 54.9544 -97.2647
    endloop
  endfacet
  facet normal 0 -0.359864 -0.933005
    outer loop
      vertex 34 55.0957 -97.3192
      vertex 37.2 55.0957 -97.3192
      vertex 37.2 54.9544 -97.2647
    endloop
  endfacet
  facet normal 0 -0.300304 -0.953844
    outer loop
      vertex 34 55.2723 -97.3748
      vertex 37.2 55.0957 -97.3192
      vertex 34 55.0957 -97.3192
    endloop
  endfacet
  facet normal 0 -0.300304 -0.953844
    outer loop
      vertex 34 55.2723 -97.3748
      vertex 37.2 55.2723 -97.3748
      vertex 37.2 55.0957 -97.3192
    endloop
  endfacet
  facet normal 0 -0.239954 -0.970784
    outer loop
      vertex 34 55.4847 -97.4273
      vertex 37.2 55.2723 -97.3748
      vertex 34 55.2723 -97.3748
    endloop
  endfacet
  facet normal 0 -0.239954 -0.970784
    outer loop
      vertex 34 55.4847 -97.4273
      vertex 37.2 55.4847 -97.4273
      vertex 37.2 55.2723 -97.3748
    endloop
  endfacet
  facet normal 0 -0.178572 -0.983927
    outer loop
      vertex 34 55.7332 -97.4724
      vertex 37.2 55.4847 -97.4273
      vertex 34 55.4847 -97.4273
    endloop
  endfacet
  facet normal 0 -0.178572 -0.983927
    outer loop
      vertex 34 55.7332 -97.4724
      vertex 37.2 55.7332 -97.4724
      vertex 37.2 55.4847 -97.4273
    endloop
  endfacet
  facet normal 0 -0.115685 -0.993286
    outer loop
      vertex 34 56.0174 -97.5055
      vertex 37.2 55.7332 -97.4724
      vertex 34 55.7332 -97.4724
    endloop
  endfacet
  facet normal 0 -0.115685 -0.993286
    outer loop
      vertex 34 56.0174 -97.5055
      vertex 37.2 56.0174 -97.5055
      vertex 37.2 55.7332 -97.4724
    endloop
  endfacet
  facet normal 0 -0.0531662 -0.998586
    outer loop
      vertex 34 56.3367 -97.5225
      vertex 37.2 56.0174 -97.5055
      vertex 34 56.0174 -97.5055
    endloop
  endfacet
  facet normal 0 -0.0531662 -0.998586
    outer loop
      vertex 34 56.3367 -97.5225
      vertex 37.2 56.3367 -97.5225
      vertex 37.2 56.0174 -97.5055
    endloop
  endfacet
  facet normal 0 0.849011 -0.528375
    outer loop
      vertex 34 56.6381 -97.0382
      vertex 37.2 56.3367 -97.5225
      vertex 34 56.3367 -97.5225
    endloop
  endfacet
  facet normal 0 0.849011 -0.528375
    outer loop
      vertex 34 56.6381 -97.0382
      vertex 37.2 56.6381 -97.0382
      vertex 37.2 56.3367 -97.5225
    endloop
  endfacet
  facet normal 0 0.872293 0.488984
    outer loop
      vertex 34 56.4817 -96.7592
      vertex 37.2 56.6381 -97.0382
      vertex 34 56.6381 -97.0382
    endloop
  endfacet
  facet normal -0 0.872293 0.488984
    outer loop
      vertex 34 56.4817 -96.7592
      vertex 37.2 56.4817 -96.7592
      vertex 37.2 56.6381 -97.0382
    endloop
  endfacet
  facet normal 0 0.83987 0.542787
    outer loop
      vertex 34 56.3264 -96.5189
      vertex 37.2 56.4817 -96.7592
      vertex 34 56.4817 -96.7592
    endloop
  endfacet
  facet normal -0 0.83987 0.542787
    outer loop
      vertex 34 56.3264 -96.5189
      vertex 37.2 56.3264 -96.5189
      vertex 37.2 56.4817 -96.7592
    endloop
  endfacet
  facet normal 0 0.80388 0.594792
    outer loop
      vertex 34 56.1762 -96.3159
      vertex 37.2 56.3264 -96.5189
      vertex 34 56.3264 -96.5189
    endloop
  endfacet
  facet normal -0 0.80388 0.594792
    outer loop
      vertex 34 56.1762 -96.3159
      vertex 37.2 56.1762 -96.3159
      vertex 37.2 56.3264 -96.5189
    endloop
  endfacet
  facet normal 0 0.76465 0.644445
    outer loop
      vertex 34 56.0352 -96.1486
      vertex 37.2 56.1762 -96.3159
      vertex 34 56.1762 -96.3159
    endloop
  endfacet
  facet normal -0 0.76465 0.644445
    outer loop
      vertex 34 56.0352 -96.1486
      vertex 37.2 56.0352 -96.1486
      vertex 37.2 56.1762 -96.3159
    endloop
  endfacet
  facet normal 0 0.723123 0.69072
    outer loop
      vertex 34 55.9073 -96.0147
      vertex 37.2 56.0352 -96.1486
      vertex 34 56.0352 -96.1486
    endloop
  endfacet
  facet normal -0 0.723123 0.69072
    outer loop
      vertex 34 55.9073 -96.0147
      vertex 37.2 55.9073 -96.0147
      vertex 37.2 56.0352 -96.1486
    endloop
  endfacet
  facet normal 0 0.677814 0.735233
    outer loop
      vertex 34 55.7959 -95.912
      vertex 37.2 55.9073 -96.0147
      vertex 34 55.9073 -96.0147
    endloop
  endfacet
  facet normal -0 0.677814 0.735233
    outer loop
      vertex 34 55.7959 -95.912
      vertex 37.2 55.7959 -95.912
      vertex 37.2 55.9073 -96.0147
    endloop
  endfacet
  facet normal 0 0.630784 0.775958
    outer loop
      vertex 34 55.7045 -95.8377
      vertex 37.2 55.7959 -95.912
      vertex 34 55.7959 -95.912
    endloop
  endfacet
  facet normal -0 0.630784 0.775958
    outer loop
      vertex 34 55.7045 -95.8377
      vertex 37.2 55.7045 -95.8377
      vertex 37.2 55.7959 -95.912
    endloop
  endfacet
  facet normal 0 0.581013 0.813894
    outer loop
      vertex 34 55.636 -95.7888
      vertex 37.2 55.7045 -95.8377
      vertex 34 55.7045 -95.8377
    endloop
  endfacet
  facet normal -0 0.581013 0.813894
    outer loop
      vertex 34 55.636 -95.7888
      vertex 37.2 55.636 -95.7888
      vertex 37.2 55.7045 -95.8377
    endloop
  endfacet
  facet normal 0 0.528397 0.848997
    outer loop
      vertex 34 55.5931 -95.7621
      vertex 37.2 55.636 -95.7888
      vertex 34 55.636 -95.7888
    endloop
  endfacet
  facet normal -0 0.528397 0.848997
    outer loop
      vertex 34 55.5931 -95.7621
      vertex 37.2 55.5931 -95.7621
      vertex 37.2 55.636 -95.7888
    endloop
  endfacet
  facet normal 0 0.482605 0.875838
    outer loop
      vertex 34 55.5784 -95.754
      vertex 37.2 55.5931 -95.7621
      vertex 34 55.5931 -95.7621
    endloop
  endfacet
  facet normal -0 0.482605 0.875838
    outer loop
      vertex 34 55.5784 -95.754
      vertex 37.2 55.5784 -95.754
      vertex 37.2 55.5931 -95.7621
    endloop
  endfacet
  facet normal 0 0.733196 0.680018
    outer loop
      vertex 34 55.0605 -95.1956
      vertex 37.2 55.5784 -95.754
      vertex 34 55.5784 -95.754
    endloop
  endfacet
  facet normal -0 0.733196 0.680018
    outer loop
      vertex 34 55.0605 -95.1956
      vertex 37.2 55.0605 -95.1956
      vertex 37.2 55.5784 -95.754
    endloop
  endfacet
  facet normal 0 -0.849285 0.527934
    outer loop
      vertex 34 55.0513 -95.2104
      vertex 37.2 55.0605 -95.1956
      vertex 34 55.0605 -95.1956
    endloop
  endfacet
  facet normal 0 -0.849285 0.527934
    outer loop
      vertex 34 55.0513 -95.2104
      vertex 37.2 55.0513 -95.2104
      vertex 37.2 55.0605 -95.1956
    endloop
  endfacet
  facet normal 0 0.916648 -0.399696
    outer loop
      vertex 34 55.1914 -94.8891
      vertex 37.2 55.0513 -95.2104
      vertex 34 55.0513 -95.2104
    endloop
  endfacet
  facet normal 0 0.916648 -0.399696
    outer loop
      vertex 34 55.1914 -94.8891
      vertex 37.2 55.1914 -94.8891
      vertex 37.2 55.0513 -95.2104
    endloop
  endfacet
  facet normal 0 0.938411 -0.34552
    outer loop
      vertex 34 55.3125 -94.5602
      vertex 37.2 55.1914 -94.8891
      vertex 34 55.1914 -94.8891
    endloop
  endfacet
  facet normal 0 0.938411 -0.34552
    outer loop
      vertex 34 55.3125 -94.5602
      vertex 37.2 55.3125 -94.5602
      vertex 37.2 55.1914 -94.8891
    endloop
  endfacet
  facet normal 0 -0.978305 0.20717
    outer loop
      vertex 34 55.3089 -94.5772
      vertex 37.2 55.3125 -94.5602
      vertex 34 55.3125 -94.5602
    endloop
  endfacet
  facet normal 0 -0.978305 0.20717
    outer loop
      vertex 34 55.3089 -94.5772
      vertex 37.2 55.3089 -94.5772
      vertex 37.2 55.3125 -94.5602
    endloop
  endfacet
  facet normal 0 0.0589529 -0.998261
    outer loop
      vertex 34 56.0692 -94.5323
      vertex 37.2 55.3089 -94.5772
      vertex 34 55.3089 -94.5772
    endloop
  endfacet
  facet normal 0 0.0589529 -0.998261
    outer loop
      vertex 34 56.0692 -94.5323
      vertex 37.2 56.0692 -94.5323
      vertex 37.2 55.3089 -94.5772
    endloop
  endfacet
  facet normal 0 -0.262109 -0.965038
    outer loop
      vertex 34 56.0854 -94.5367
      vertex 37.2 56.0692 -94.5323
      vertex 34 56.0692 -94.5323
    endloop
  endfacet
  facet normal 0 -0.262109 -0.965038
    outer loop
      vertex 34 56.0854 -94.5367
      vertex 37.2 56.0854 -94.5367
      vertex 37.2 56.0692 -94.5323
    endloop
  endfacet
  facet normal 0 -0.203717 -0.97903
    outer loop
      vertex 34 56.1349 -94.547
      vertex 37.2 56.0854 -94.5367
      vertex 34 56.0854 -94.5367
    endloop
  endfacet
  facet normal 0 -0.203717 -0.97903
    outer loop
      vertex 34 56.1349 -94.547
      vertex 37.2 56.1349 -94.547
      vertex 37.2 56.0854 -94.5367
    endloop
  endfacet
  facet normal 0 -0.143749 -0.989614
    outer loop
      vertex 34 56.2182 -94.5591
      vertex 37.2 56.1349 -94.547
      vertex 34 56.1349 -94.547
    endloop
  endfacet
  facet normal 0 -0.143749 -0.989614
    outer loop
      vertex 34 56.2182 -94.5591
      vertex 37.2 56.2182 -94.5591
      vertex 37.2 56.1349 -94.547
    endloop
  endfacet
  facet normal 0 -0.0814997 -0.996673
    outer loop
      vertex 34 56.3356 -94.5687
      vertex 37.2 56.2182 -94.5591
      vertex 34 56.2182 -94.5591
    endloop
  endfacet
  facet normal 0 -0.0814997 -0.996673
    outer loop
      vertex 34 56.3356 -94.5687
      vertex 37.2 56.3356 -94.5687
      vertex 37.2 56.2182 -94.5591
    endloop
  endfacet
  facet normal 0 -0.0191384 -0.999817
    outer loop
      vertex 34 56.4871 -94.5716
      vertex 37.2 56.3356 -94.5687
      vertex 34 56.3356 -94.5687
    endloop
  endfacet
  facet normal 0 -0.0191384 -0.999817
    outer loop
      vertex 34 56.4871 -94.5716
      vertex 37.2 56.4871 -94.5716
      vertex 37.2 56.3356 -94.5687
    endloop
  endfacet
  facet normal 0 0.0442808 -0.999019
    outer loop
      vertex 34 56.6721 -94.5634
      vertex 37.2 56.4871 -94.5716
      vertex 34 56.4871 -94.5716
    endloop
  endfacet
  facet normal 0 0.0442808 -0.999019
    outer loop
      vertex 34 56.6721 -94.5634
      vertex 37.2 56.6721 -94.5634
      vertex 37.2 56.4871 -94.5716
    endloop
  endfacet
  facet normal 0 0.106517 -0.994311
    outer loop
      vertex 34 56.8896 -94.5401
      vertex 37.2 56.6721 -94.5634
      vertex 34 56.6721 -94.5634
    endloop
  endfacet
  facet normal 0 0.106517 -0.994311
    outer loop
      vertex 34 56.8896 -94.5401
      vertex 37.2 56.8896 -94.5401
      vertex 37.2 56.6721 -94.5634
    endloop
  endfacet
  facet normal 0 0.169151 -0.98559
    outer loop
      vertex 34 57.1384 -94.4974
      vertex 37.2 56.8896 -94.5401
      vertex 34 56.8896 -94.5401
    endloop
  endfacet
  facet normal 0 0.169151 -0.98559
    outer loop
      vertex 34 57.1384 -94.4974
      vertex 37.2 57.1384 -94.4974
      vertex 37.2 56.8896 -94.5401
    endloop
  endfacet
  facet normal 0 0.230597 -0.973049
    outer loop
      vertex 34 57.4169 -94.4314
      vertex 37.2 57.1384 -94.4974
      vertex 34 57.1384 -94.4974
    endloop
  endfacet
  facet normal 0 0.230597 -0.973049
    outer loop
      vertex 34 57.4169 -94.4314
      vertex 37.2 57.4169 -94.4314
      vertex 37.2 57.1384 -94.4974
    endloop
  endfacet
  facet normal 0 0.291448 -0.956587
    outer loop
      vertex 34 57.7228 -94.3382
      vertex 37.2 57.4169 -94.4314
      vertex 34 57.4169 -94.4314
    endloop
  endfacet
  facet normal 0 0.291448 -0.956587
    outer loop
      vertex 34 57.7228 -94.3382
      vertex 37.2 57.7228 -94.3382
      vertex 37.2 57.4169 -94.4314
    endloop
  endfacet
  facet normal 0 0.978563 -0.205949
    outer loop
      vertex 34 57.8403 -93.7799
      vertex 37.2 57.7228 -94.3382
      vertex 34 57.7228 -94.3382
    endloop
  endfacet
  facet normal 0 0.978563 -0.205949
    outer loop
      vertex 34 57.8403 -93.7799
      vertex 37.2 57.8403 -93.7799
      vertex 37.2 57.7228 -94.3382
    endloop
  endfacet
  facet normal 0 0.652284 0.757975
    outer loop
      vertex 34 57.5979 -93.5713
      vertex 37.2 57.8403 -93.7799
      vertex 34 57.8403 -93.7799
    endloop
  endfacet
  facet normal -0 0.652284 0.757975
    outer loop
      vertex 34 57.5979 -93.5713
      vertex 37.2 57.5979 -93.5713
      vertex 37.2 57.8403 -93.7799
    endloop
  endfacet
  facet normal 0 0.603629 0.797265
    outer loop
      vertex 34 57.3698 -93.3986
      vertex 37.2 57.5979 -93.5713
      vertex 34 57.5979 -93.5713
    endloop
  endfacet
  facet normal -0 0.603629 0.797265
    outer loop
      vertex 34 57.3698 -93.3986
      vertex 37.2 57.3698 -93.3986
      vertex 37.2 57.5979 -93.5713
    endloop
  endfacet
  facet normal 0 0.551956 0.833873
    outer loop
      vertex 34 57.1592 -93.2592
      vertex 37.2 57.3698 -93.3986
      vertex 34 57.3698 -93.3986
    endloop
  endfacet
  facet normal -0 0.551956 0.833873
    outer loop
      vertex 34 57.1592 -93.2592
      vertex 37.2 57.1592 -93.2592
      vertex 37.2 57.3698 -93.3986
    endloop
  endfacet
  facet normal 0 0.498205 0.867059
    outer loop
      vertex 34 56.9695 -93.1502
      vertex 37.2 57.1592 -93.2592
      vertex 34 57.1592 -93.2592
    endloop
  endfacet
  facet normal -0 0.498205 0.867059
    outer loop
      vertex 34 56.9695 -93.1502
      vertex 37.2 56.9695 -93.1502
      vertex 37.2 57.1592 -93.2592
    endloop
  endfacet
  facet normal 0 0.443322 0.896363
    outer loop
      vertex 34 56.8035 -93.0681
      vertex 37.2 56.9695 -93.1502
      vertex 34 56.9695 -93.1502
    endloop
  endfacet
  facet normal -0 0.443322 0.896363
    outer loop
      vertex 34 56.8035 -93.0681
      vertex 37.2 56.8035 -93.0681
      vertex 37.2 56.9695 -93.1502
    endloop
  endfacet
  facet normal 0 0.385694 0.922627
    outer loop
      vertex 34 56.6638 -93.0097
      vertex 37.2 56.8035 -93.0681
      vertex 34 56.8035 -93.0681
    endloop
  endfacet
  facet normal -0 0.385694 0.922627
    outer loop
      vertex 34 56.6638 -93.0097
      vertex 37.2 56.6638 -93.0097
      vertex 37.2 56.8035 -93.0681
    endloop
  endfacet
  facet normal 0 0.326644 0.945147
    outer loop
      vertex 34 56.5524 -92.9712
      vertex 37.2 56.6638 -93.0097
      vertex 34 56.6638 -93.0097
    endloop
  endfacet
  facet normal -0 0.326644 0.945147
    outer loop
      vertex 34 56.5524 -92.9712
      vertex 37.2 56.5524 -92.9712
      vertex 37.2 56.6638 -93.0097
    endloop
  endfacet
  facet normal 0 0.267337 0.963603
    outer loop
      vertex 34 56.4713 -92.9487
      vertex 37.2 56.5524 -92.9712
      vertex 34 56.5524 -92.9712
    endloop
  endfacet
  facet normal -0 0.267337 0.963603
    outer loop
      vertex 34 56.4713 -92.9487
      vertex 37.2 56.4713 -92.9487
      vertex 37.2 56.5524 -92.9712
    endloop
  endfacet
  facet normal 0 0.207906 0.978149
    outer loop
      vertex 34 56.4219 -92.9382
      vertex 37.2 56.4713 -92.9487
      vertex 34 56.4713 -92.9487
    endloop
  endfacet
  facet normal -0 0.207906 0.978149
    outer loop
      vertex 34 56.4219 -92.9382
      vertex 37.2 56.4219 -92.9382
      vertex 37.2 56.4713 -92.9487
    endloop
  endfacet
  facet normal 0 0.15474 0.987955
    outer loop
      vertex 34 56.4053 -92.9356
      vertex 37.2 56.4219 -92.9382
      vertex 34 56.4219 -92.9382
    endloop
  endfacet
  facet normal -0 0.15474 0.987955
    outer loop
      vertex 34 56.4053 -92.9356
      vertex 37.2 56.4053 -92.9356
      vertex 37.2 56.4219 -92.9382
    endloop
  endfacet
  facet normal 0 0.456277 0.889838
    outer loop
      vertex 34 55.7276 -92.5881
      vertex 37.2 56.4053 -92.9356
      vertex 34 56.4053 -92.9356
    endloop
  endfacet
  facet normal -0 0.456277 0.889838
    outer loop
      vertex 34 55.7276 -92.5881
      vertex 37.2 55.7276 -92.5881
      vertex 37.2 56.4053 -92.9356
    endloop
  endfacet
  facet normal 0 -0.979457 0.201653
    outer loop
      vertex 34 55.7241 -92.6051
      vertex 37.2 55.7276 -92.5881
      vertex 34 55.7276 -92.5881
    endloop
  endfacet
  facet normal 0 -0.979457 0.201653
    outer loop
      vertex 34 55.7241 -92.6051
      vertex 37.2 55.7241 -92.6051
      vertex 37.2 55.7276 -92.5881
    endloop
  endfacet
  facet normal 0 0.998082 -0.0618988
    outer loop
      vertex 34 55.7458 -92.2552
      vertex 37.2 55.7241 -92.6051
      vertex 34 55.7241 -92.6051
    endloop
  endfacet
  facet normal 0 0.998082 -0.0618988
    outer loop
      vertex 34 55.7458 -92.2552
      vertex 37.2 55.7458 -92.2552
      vertex 37.2 55.7241 -92.6051
    endloop
  endfacet
  facet normal 0 0.999993 -0.00370896
    outer loop
      vertex 34 55.7471 -91.9047
      vertex 37.2 55.7458 -92.2552
      vertex 34 55.7458 -92.2552
    endloop
  endfacet
  facet normal 0 0.999993 -0.00370896
    outer loop
      vertex 34 55.7471 -91.9047
      vertex 37.2 55.7471 -91.9047
      vertex 37.2 55.7458 -92.2552
    endloop
  endfacet
  facet normal 0 -0.989601 -0.143837
    outer loop
      vertex 34 55.7496 -91.9219
      vertex 37.2 55.7471 -91.9047
      vertex 34 55.7471 -91.9047
    endloop
  endfacet
  facet normal 0 -0.989601 -0.143837
    outer loop
      vertex 34 55.7496 -91.9219
      vertex 37.2 55.7496 -91.9219
      vertex 37.2 55.7471 -91.9047
    endloop
  endfacet
  facet normal 0 0.396786 -0.917911
    outer loop
      vertex 34 56.4487 -91.6197
      vertex 37.2 55.7496 -91.9219
      vertex 34 55.7496 -91.9219
    endloop
  endfacet
  facet normal 0 0.396786 -0.917911
    outer loop
      vertex 34 56.4487 -91.6197
      vertex 37.2 56.4487 -91.6197
      vertex 37.2 55.7496 -91.9219
    endloop
  endfacet
  facet normal 0 0.0835393 -0.996504
    outer loop
      vertex 34 56.4654 -91.6183
      vertex 37.2 56.4487 -91.6197
      vertex 34 56.4487 -91.6197
    endloop
  endfacet
  facet normal 0 0.0835393 -0.996504
    outer loop
      vertex 34 56.4654 -91.6183
      vertex 37.2 56.4654 -91.6183
      vertex 37.2 56.4487 -91.6197
    endloop
  endfacet
  facet normal 0 0.14253 -0.989791
    outer loop
      vertex 34 56.5154 -91.6111
      vertex 37.2 56.4654 -91.6183
      vertex 34 56.4654 -91.6183
    endloop
  endfacet
  facet normal 0 0.14253 -0.989791
    outer loop
      vertex 34 56.5154 -91.6111
      vertex 37.2 56.5154 -91.6111
      vertex 37.2 56.4654 -91.6183
    endloop
  endfacet
  facet normal 0 0.204334 -0.978901
    outer loop
      vertex 34 56.5978 -91.5939
      vertex 37.2 56.5154 -91.6111
      vertex 34 56.5154 -91.6111
    endloop
  endfacet
  facet normal 0 0.204334 -0.978901
    outer loop
      vertex 34 56.5978 -91.5939
      vertex 37.2 56.5978 -91.5939
      vertex 37.2 56.5154 -91.6111
    endloop
  endfacet
  facet normal 0 0.264051 -0.964509
    outer loop
      vertex 34 56.7114 -91.5628
      vertex 37.2 56.5978 -91.5939
      vertex 34 56.5978 -91.5939
    endloop
  endfacet
  facet normal 0 0.264051 -0.964509
    outer loop
      vertex 34 56.7114 -91.5628
      vertex 37.2 56.7114 -91.5628
      vertex 37.2 56.5978 -91.5939
    endloop
  endfacet
  facet normal 0 0.323936 -0.946079
    outer loop
      vertex 34 56.8548 -91.5137
      vertex 37.2 56.7114 -91.5628
      vertex 34 56.7114 -91.5628
    endloop
  endfacet
  facet normal 0 0.323936 -0.946079
    outer loop
      vertex 34 56.8548 -91.5137
      vertex 37.2 56.8548 -91.5137
      vertex 37.2 56.7114 -91.5628
    endloop
  endfacet
  facet normal 0 0.383004 -0.923747
    outer loop
      vertex 34 57.0258 -91.4428
      vertex 37.2 56.8548 -91.5137
      vertex 34 56.8548 -91.5137
    endloop
  endfacet
  facet normal 0 0.383004 -0.923747
    outer loop
      vertex 34 57.0258 -91.4428
      vertex 37.2 57.0258 -91.4428
      vertex 37.2 56.8548 -91.5137
    endloop
  endfacet
  facet normal 0 0.440071 -0.897963
    outer loop
      vertex 34 57.2223 -91.3465
      vertex 37.2 57.0258 -91.4428
      vertex 34 57.0258 -91.4428
    endloop
  endfacet
  facet normal 0 0.440071 -0.897963
    outer loop
      vertex 34 57.2223 -91.3465
      vertex 37.2 57.2223 -91.3465
      vertex 37.2 57.0258 -91.4428
    endloop
  endfacet
  facet normal 0 0.495968 -0.868341
    outer loop
      vertex 34 57.4415 -91.2213
      vertex 37.2 57.2223 -91.3465
      vertex 34 57.2223 -91.3465
    endloop
  endfacet
  facet normal 0 0.495968 -0.868341
    outer loop
      vertex 34 57.4415 -91.2213
      vertex 37.2 57.4415 -91.2213
      vertex 37.2 57.2223 -91.3465
    endloop
  endfacet
  facet normal 0 0.54961 -0.835421
    outer loop
      vertex 34 57.6806 -91.064
      vertex 37.2 57.4415 -91.2213
      vertex 34 57.4415 -91.2213
    endloop
  endfacet
  facet normal 0 0.54961 -0.835421
    outer loop
      vertex 34 57.6806 -91.064
      vertex 37.2 57.6806 -91.064
      vertex 37.2 57.4415 -91.2213
    endloop
  endfacet
  facet normal 0 0.60135 -0.798986
    outer loop
      vertex 34 57.9361 -90.8717
      vertex 37.2 57.6806 -91.064
      vertex 34 57.6806 -91.064
    endloop
  endfacet
  facet normal 0 0.60135 -0.798986
    outer loop
      vertex 34 57.9361 -90.8717
      vertex 37.2 57.9361 -90.8717
      vertex 37.2 57.6806 -91.064
    endloop
  endfacet
  facet normal 0 0.989992 0.141127
    outer loop
      vertex 34 57.8556 -90.307
      vertex 37.2 57.9361 -90.8717
      vertex 34 57.9361 -90.8717
    endloop
  endfacet
  facet normal -0 0.989992 0.141127
    outer loop
      vertex 34 57.8556 -90.307
      vertex 37.2 57.8556 -90.307
      vertex 37.2 57.9361 -90.8717
    endloop
  endfacet
  facet normal 0 0.353966 0.935258
    outer loop
      vertex 34 57.5565 -90.1938
      vertex 37.2 57.8556 -90.307
      vertex 34 57.8556 -90.307
    endloop
  endfacet
  facet normal -0 0.353966 0.935258
    outer loop
      vertex 34 57.5565 -90.1938
      vertex 37.2 57.5565 -90.1938
      vertex 37.2 57.8556 -90.307
    endloop
  endfacet
  facet normal 0 0.294233 0.955734
    outer loop
      vertex 34 57.283 -90.1096
      vertex 37.2 57.5565 -90.1938
      vertex 34 57.5565 -90.1938
    endloop
  endfacet
  facet normal -0 0.294233 0.955734
    outer loop
      vertex 34 57.283 -90.1096
      vertex 37.2 57.283 -90.1096
      vertex 37.2 57.5565 -90.1938
    endloop
  endfacet
  facet normal 0 0.233763 0.972294
    outer loop
      vertex 34 57.0376 -90.0506
      vertex 37.2 57.283 -90.1096
      vertex 34 57.283 -90.1096
    endloop
  endfacet
  facet normal -0 0.233763 0.972294
    outer loop
      vertex 34 57.0376 -90.0506
      vertex 37.2 57.0376 -90.0506
      vertex 37.2 57.283 -90.1096
    endloop
  endfacet
  facet normal 0 0.171804 0.985131
    outer loop
      vertex 34 56.822 -90.013
      vertex 37.2 57.0376 -90.0506
      vertex 34 57.0376 -90.0506
    endloop
  endfacet
  facet normal -0 0.171804 0.985131
    outer loop
      vertex 34 56.822 -90.013
      vertex 37.2 56.822 -90.013
      vertex 37.2 57.0376 -90.0506
    endloop
  endfacet
  facet normal 0 0.109602 0.993976
    outer loop
      vertex 34 56.6379 -89.9927
      vertex 37.2 56.822 -90.013
      vertex 34 56.822 -90.013
    endloop
  endfacet
  facet normal -0 0.109602 0.993976
    outer loop
      vertex 34 56.6379 -89.9927
      vertex 37.2 56.6379 -89.9927
      vertex 37.2 56.822 -90.013
    endloop
  endfacet
  facet normal 0 0.0468751 0.998901
    outer loop
      vertex 34 56.4866 -89.9856
      vertex 37.2 56.6379 -89.9927
      vertex 34 56.6379 -89.9927
    endloop
  endfacet
  facet normal -0 0.0468751 0.998901
    outer loop
      vertex 34 56.4866 -89.9856
      vertex 37.2 56.4866 -89.9856
      vertex 37.2 56.6379 -89.9927
    endloop
  endfacet
  facet normal 0 -0.0161269 0.99987
    outer loop
      vertex 34 56.3688 -89.9875
      vertex 37.2 56.4866 -89.9856
      vertex 34 56.4866 -89.9856
    endloop
  endfacet
  facet normal 0 -0.0161269 0.99987
    outer loop
      vertex 34 56.3688 -89.9875
      vertex 37.2 56.3688 -89.9875
      vertex 37.2 56.4866 -89.9856
    endloop
  endfacet
  facet normal 0 -0.0784228 0.99692
    outer loop
      vertex 34 56.2849 -89.9941
      vertex 37.2 56.3688 -89.9875
      vertex 34 56.3688 -89.9875
    endloop
  endfacet
  facet normal 0 -0.0784228 0.99692
    outer loop
      vertex 34 56.2849 -89.9941
      vertex 37.2 56.2849 -89.9941
      vertex 37.2 56.3688 -89.9875
    endloop
  endfacet
  facet normal 0 -0.138648 0.990342
    outer loop
      vertex 34 56.2349 -90.0011
      vertex 37.2 56.2849 -89.9941
      vertex 34 56.2849 -89.9941
    endloop
  endfacet
  facet normal 0 -0.138648 0.990342
    outer loop
      vertex 34 56.2349 -90.0011
      vertex 37.2 56.2349 -90.0011
      vertex 37.2 56.2849 -89.9941
    endloop
  endfacet
  facet normal 0 -0.196116 0.980581
    outer loop
      vertex 34 56.2184 -90.0044
      vertex 37.2 56.2349 -90.0011
      vertex 34 56.2349 -90.0011
    endloop
  endfacet
  facet normal 0 -0.196116 0.980581
    outer loop
      vertex 34 56.2184 -90.0044
      vertex 37.2 56.2184 -90.0044
      vertex 37.2 56.2349 -90.0011
    endloop
  endfacet
  facet normal 0 0.124471 0.992223
    outer loop
      vertex 34 55.4627 -89.9096
      vertex 37.2 56.2184 -90.0044
      vertex 34 56.2184 -90.0044
    endloop
  endfacet
  facet normal -0 0.124471 0.992223
    outer loop
      vertex 34 55.4627 -89.9096
      vertex 37.2 55.4627 -89.9096
      vertex 37.2 56.2184 -90.0044
    endloop
  endfacet
  facet normal 0 -0.989601 -0.143837
    outer loop
      vertex 34 55.4652 -89.9268
      vertex 37.2 55.4627 -89.9096
      vertex 34 55.4627 -89.9096
    endloop
  endfacet
  facet normal 0 -0.989601 -0.143837
    outer loop
      vertex 34 55.4652 -89.9268
      vertex 37.2 55.4652 -89.9268
      vertex 37.2 55.4627 -89.9096
    endloop
  endfacet
  facet normal 0 0.95912 0.283
    outer loop
      vertex 34 55.366 -89.5906
      vertex 37.2 55.4652 -89.9268
      vertex 34 55.4652 -89.9268
    endloop
  endfacet
  facet normal -0 0.95912 0.283
    outer loop
      vertex 34 55.366 -89.5906
      vertex 37.2 55.366 -89.5906
      vertex 37.2 55.4652 -89.9268
    endloop
  endfacet
  facet normal 0 0.940913 0.338649
    outer loop
      vertex 34 55.2473 -89.2608
      vertex 37.2 55.366 -89.5906
      vertex 34 55.366 -89.5906
    endloop
  endfacet
  facet normal -0 0.940913 0.338649
    outer loop
      vertex 34 55.2473 -89.2608
      vertex 37.2 55.2473 -89.2608
      vertex 37.2 55.366 -89.5906
    endloop
  endfacet
  facet normal 0 -0.88267 -0.469993
    outer loop
      vertex 34 55.2555 -89.2762
      vertex 37.2 55.2473 -89.2608
      vertex 34 55.2473 -89.2608
    endloop
  endfacet
  facet normal 0 -0.88267 -0.469993
    outer loop
      vertex 34 55.2555 -89.2762
      vertex 37.2 55.2555 -89.2762
      vertex 37.2 55.2473 -89.2608
    endloop
  endfacet
  facet normal 0 0.686801 -0.726846
    outer loop
      vertex 34 55.8091 -88.7531
      vertex 37.2 55.2555 -89.2762
      vertex 34 55.2555 -89.2762
    endloop
  endfacet
  facet normal 0 0.686801 -0.726846
    outer loop
      vertex 34 55.8091 -88.7531
      vertex 37.2 55.8091 -88.7531
      vertex 37.2 55.2555 -89.2762
    endloop
  endfacet
  facet normal 0 0.423212 -0.906031
    outer loop
      vertex 34 55.8243 -88.746
      vertex 37.2 55.8091 -88.7531
      vertex 34 55.8091 -88.7531
    endloop
  endfacet
  facet normal 0 0.423212 -0.906031
    outer loop
      vertex 34 55.8243 -88.746
      vertex 37.2 55.8243 -88.746
      vertex 37.2 55.8091 -88.7531
    endloop
  endfacet
  facet normal 0 0.472331 -0.881421
    outer loop
      vertex 34 55.8689 -88.7221
      vertex 37.2 55.8243 -88.746
      vertex 34 55.8243 -88.746
    endloop
  endfacet
  facet normal 0 0.472331 -0.881421
    outer loop
      vertex 34 55.8689 -88.7221
      vertex 37.2 55.8689 -88.7221
      vertex 37.2 55.8243 -88.746
    endloop
  endfacet
  facet normal 0 0.526682 -0.850062
    outer loop
      vertex 34 55.9404 -88.6778
      vertex 37.2 55.8689 -88.7221
      vertex 34 55.8689 -88.7221
    endloop
  endfacet
  facet normal 0 0.526682 -0.850062
    outer loop
      vertex 34 55.9404 -88.6778
      vertex 37.2 55.9404 -88.6778
      vertex 37.2 55.8689 -88.7221
    endloop
  endfacet
  facet normal 0 0.577782 -0.816191
    outer loop
      vertex 34 56.0366 -88.6097
      vertex 37.2 55.9404 -88.6778
      vertex 34 55.9404 -88.6778
    endloop
  endfacet
  facet normal 0 0.577782 -0.816191
    outer loop
      vertex 34 56.0366 -88.6097
      vertex 37.2 56.0366 -88.6097
      vertex 37.2 55.9404 -88.6778
    endloop
  endfacet
  facet normal 0 0.628153 -0.77809
    outer loop
      vertex 34 56.1544 -88.5146
      vertex 37.2 56.0366 -88.6097
      vertex 34 56.0366 -88.6097
    endloop
  endfacet
  facet normal 0 0.628153 -0.77809
    outer loop
      vertex 34 56.1544 -88.5146
      vertex 37.2 56.1544 -88.5146
      vertex 37.2 56.0366 -88.6097
    endloop
  endfacet
  facet normal 0 0.675945 -0.736952
    outer loop
      vertex 34 56.2909 -88.3894
      vertex 37.2 56.1544 -88.5146
      vertex 34 56.1544 -88.5146
    endloop
  endfacet
  facet normal 0 0.675945 -0.736952
    outer loop
      vertex 34 56.2909 -88.3894
      vertex 37.2 56.2909 -88.3894
      vertex 37.2 56.1544 -88.5146
    endloop
  endfacet
  facet normal 0 0.720684 -0.693264
    outer loop
      vertex 34 56.4426 -88.2317
      vertex 37.2 56.2909 -88.3894
      vertex 34 56.2909 -88.3894
    endloop
  endfacet
  facet normal 0 0.720684 -0.693264
    outer loop
      vertex 34 56.4426 -88.2317
      vertex 37.2 56.4426 -88.2317
      vertex 37.2 56.2909 -88.3894
    endloop
  endfacet
  facet normal 0 0.762935 -0.646475
    outer loop
      vertex 34 56.6058 -88.0391
      vertex 37.2 56.4426 -88.2317
      vertex 34 56.4426 -88.2317
    endloop
  endfacet
  facet normal 0 0.762935 -0.646475
    outer loop
      vertex 34 56.6058 -88.0391
      vertex 37.2 56.6058 -88.0391
      vertex 37.2 56.4426 -88.2317
    endloop
  endfacet
  facet normal 0 0.802342 -0.596864
    outer loop
      vertex 34 56.7766 -87.8095
      vertex 37.2 56.6058 -88.0391
      vertex 34 56.6058 -88.0391
    endloop
  endfacet
  facet normal 0 0.802342 -0.596864
    outer loop
      vertex 34 56.7766 -87.8095
      vertex 37.2 56.7766 -87.8095
      vertex 37.2 56.6058 -88.0391
    endloop
  endfacet
  facet normal 0 0.838251 -0.545285
    outer loop
      vertex 34 56.951 -87.5414
      vertex 37.2 56.7766 -87.8095
      vertex 34 56.7766 -87.8095
    endloop
  endfacet
  facet normal 0 0.838251 -0.545285
    outer loop
      vertex 34 56.951 -87.5414
      vertex 37.2 56.951 -87.5414
      vertex 37.2 56.7766 -87.8095
    endloop
  endfacet
  facet normal 0 0.882003 0.471243
    outer loop
      vertex 34 56.6822 -87.0383
      vertex 37.2 56.951 -87.5414
      vertex 34 56.951 -87.5414
    endloop
  endfacet
  facet normal -0 0.882003 0.471243
    outer loop
      vertex 34 56.6822 -87.0383
      vertex 37.2 56.6822 -87.0383
      vertex 37.2 56.951 -87.5414
    endloop
  endfacet
  facet normal 0 -0.802462 -0.596703
    outer loop
      vertex 34 50.4459 -92.1417
      vertex 37.2 50.4459 -92.1417
      vertex 34 50.1907 -91.7985
    endloop
  endfacet
  facet normal -0 -0.802462 -0.596703
    outer loop
      vertex 37.2 50.1907 -91.7985
      vertex 34 50.1907 -91.7985
      vertex 37.2 50.4459 -92.1417
    endloop
  endfacet
  facet normal 0 -0.728289 0.68527
    outer loop
      vertex 34 50.1528 -92.4532
      vertex 37.2 50.1528 -92.4532
      vertex 34 50.4459 -92.1417
    endloop
  endfacet
  facet normal 0 -0.728289 0.68527
    outer loop
      vertex 37.2 50.4459 -92.1417
      vertex 34 50.4459 -92.1417
      vertex 37.2 50.1528 -92.4532
    endloop
  endfacet
  facet normal 0 -0.942701 -0.333639
    outer loop
      vertex 34 50.2955 -92.8564
      vertex 37.2 50.2955 -92.8564
      vertex 34 50.1528 -92.4532
    endloop
  endfacet
  facet normal -0 -0.942701 -0.333639
    outer loop
      vertex 37.2 50.1528 -92.4532
      vertex 34 50.1528 -92.4532
      vertex 37.2 50.2955 -92.8564
    endloop
  endfacet
  facet normal 0 -0.493821 0.869564
    outer loop
      vertex 34 49.9236 -93.0676
      vertex 37.2 49.9236 -93.0676
      vertex 34 50.2955 -92.8564
    endloop
  endfacet
  facet normal 0 -0.493821 0.869564
    outer loop
      vertex 37.2 50.2955 -92.8564
      vertex 34 50.2955 -92.8564
      vertex 37.2 49.9236 -93.0676
    endloop
  endfacet
  facet normal 0 -0.999162 -0.0409205
    outer loop
      vertex 34 49.9411 -93.4949
      vertex 37.2 49.9411 -93.4949
      vertex 34 49.9236 -93.0676
    endloop
  endfacet
  facet normal -0 -0.999162 -0.0409205
    outer loop
      vertex 37.2 49.9236 -93.0676
      vertex 34 49.9236 -93.0676
      vertex 37.2 49.9411 -93.4949
    endloop
  endfacet
  facet normal 0 -0.215593 0.976483
    outer loop
      vertex 34 49.5235 -93.5871
      vertex 37.2 49.5235 -93.5871
      vertex 34 49.9411 -93.4949
    endloop
  endfacet
  facet normal 0 -0.215593 0.976483
    outer loop
      vertex 37.2 49.9411 -93.4949
      vertex 34 49.9411 -93.4949
      vertex 37.2 49.5235 -93.5871
    endloop
  endfacet
  facet normal 0 -0.966795 0.255552
    outer loop
      vertex 34 49.4142 -94.0006
      vertex 37.2 49.4142 -94.0006
      vertex 34 49.5235 -93.5871
    endloop
  endfacet
  facet normal 0 -0.966795 0.255552
    outer loop
      vertex 37.2 49.5235 -93.5871
      vertex 34 49.5235 -93.5871
      vertex 37.2 49.4142 -94.0006
    endloop
  endfacet
  facet normal -0 0.0815943 0.996666
    outer loop
      vertex 34 48.9879 -93.9657
      vertex 37.2 48.9879 -93.9657
      vertex 34 49.4142 -94.0006
    endloop
  endfacet
  facet normal 0 0.0815943 0.996666
    outer loop
      vertex 37.2 49.4142 -94.0006
      vertex 34 49.4142 -94.0006
      vertex 37.2 48.9879 -93.9657
    endloop
  endfacet
  facet normal 0 -0.848641 0.528969
    outer loop
      vertex 34 48.7617 -94.3286
      vertex 37.2 48.7617 -94.3286
      vertex 34 48.9879 -93.9657
    endloop
  endfacet
  facet normal 0 -0.848641 0.528969
    outer loop
      vertex 37.2 48.9879 -93.9657
      vertex 34 48.9879 -93.9657
      vertex 37.2 48.7617 -94.3286
    endloop
  endfacet
  facet normal -0 0.371995 0.928235
    outer loop
      vertex 34 48.3647 -94.1695
      vertex 37.2 48.3647 -94.1695
      vertex 34 48.7617 -94.3286
    endloop
  endfacet
  facet normal 0 0.371995 0.928235
    outer loop
      vertex 37.2 48.7617 -94.3286
      vertex 34 48.7617 -94.3286
      vertex 37.2 48.3647 -94.1695
    endloop
  endfacet
  facet normal 0 -0.654922 0.755697
    outer loop
      vertex 34 48.0415 -94.4496
      vertex 37.2 48.0415 -94.4496
      vertex 34 48.3647 -94.1695
    endloop
  endfacet
  facet normal 0 -0.654922 0.755697
    outer loop
      vertex 37.2 48.3647 -94.1695
      vertex 34 48.3647 -94.1695
      vertex 37.2 48.0415 -94.4496
    endloop
  endfacet
  facet normal -0 0.628963 0.777435
    outer loop
      vertex 34 47.709 -94.1806
      vertex 37.2 47.709 -94.1806
      vertex 34 48.0415 -94.4496
    endloop
  endfacet
  facet normal 0 0.628963 0.777435
    outer loop
      vertex 37.2 48.0415 -94.4496
      vertex 34 48.0415 -94.4496
      vertex 37.2 47.709 -94.1806
    endloop
  endfacet
  facet normal 0 -0.403099 0.915156
    outer loop
      vertex 34 47.3176 -94.353
      vertex 37.2 47.3176 -94.353
      vertex 34 47.709 -94.1806
    endloop
  endfacet
  facet normal 0 -0.403099 0.915156
    outer loop
      vertex 37.2 47.709 -94.1806
      vertex 34 47.709 -94.1806
      vertex 37.2 47.3176 -94.353
    endloop
  endfacet
  facet normal -0 0.830067 0.557664
    outer loop
      vertex 34 47.0791 -93.998
      vertex 37.2 47.0791 -93.998
      vertex 34 47.3176 -94.353
    endloop
  endfacet
  facet normal 0 0.830067 0.557664
    outer loop
      vertex 37.2 47.3176 -94.353
      vertex 34 47.3176 -94.353
      vertex 37.2 47.0791 -93.998
    endloop
  endfacet
  facet normal 0 -0.115281 0.993333
    outer loop
      vertex 34 46.6543 -94.0473
      vertex 37.2 46.6543 -94.0473
      vertex 34 47.0791 -93.998
    endloop
  endfacet
  facet normal 0 -0.115281 0.993333
    outer loop
      vertex 37.2 47.0791 -93.998
      vertex 34 47.0791 -93.998
      vertex 37.2 46.6543 -94.0473
    endloop
  endfacet
  facet normal -0 0.957601 0.288099
    outer loop
      vertex 34 46.5311 -93.6378
      vertex 37.2 46.5311 -93.6378
      vertex 34 46.6543 -94.0473
    endloop
  endfacet
  facet normal 0 0.957601 0.288099
    outer loop
      vertex 37.2 46.6543 -94.0473
      vertex 34 46.6543 -94.0473
      vertex 37.2 46.5311 -93.6378
    endloop
  endfacet
  facet normal -0 0.182608 0.983186
    outer loop
      vertex 34 46.1106 -93.5597
      vertex 37.2 46.1106 -93.5597
      vertex 34 46.5311 -93.6378
    endloop
  endfacet
  facet normal 0 0.182608 0.983186
    outer loop
      vertex 37.2 46.5311 -93.6378
      vertex 34 46.5311 -93.6378
      vertex 37.2 46.1106 -93.5597
    endloop
  endfacet
  facet normal 0 0.999975 -0.00701573
    outer loop
      vertex 34 46.1136 -93.1321
      vertex 37.2 46.1136 -93.1321
      vertex 34 46.1106 -93.5597
    endloop
  endfacet
  facet normal 0 0.999975 -0.00701573
    outer loop
      vertex 37.2 46.1106 -93.5597
      vertex 34 46.1106 -93.5597
      vertex 37.2 46.1136 -93.1321
    endloop
  endfacet
  facet normal -0 0.464339 0.885658
    outer loop
      vertex 34 45.7348 -92.9335
      vertex 37.2 45.7348 -92.9335
      vertex 34 46.1136 -93.1321
    endloop
  endfacet
  facet normal 0 0.464339 0.885658
    outer loop
      vertex 37.2 46.1136 -93.1321
      vertex 34 46.1136 -93.1321
      vertex 37.2 45.7348 -92.9335
    endloop
  endfacet
  facet normal 0 0.953413 -0.301669
    outer loop
      vertex 34 45.8638 -92.5258
      vertex 37.2 45.8638 -92.5258
      vertex 34 45.7348 -92.9335
    endloop
  endfacet
  facet normal 0 0.953413 -0.301669
    outer loop
      vertex 37.2 45.7348 -92.9335
      vertex 34 45.7348 -92.9335
      vertex 37.2 45.8638 -92.5258
    endloop
  endfacet
  facet normal -0 0.704648 0.709557
    outer loop
      vertex 34 45.5603 -92.2244
      vertex 37.2 45.5603 -92.2244
      vertex 34 45.8638 -92.5258
    endloop
  endfacet
  facet normal 0 0.704648 0.709557
    outer loop
      vertex 37.2 45.8638 -92.5258
      vertex 34 45.8638 -92.5258
      vertex 37.2 45.5603 -92.2244
    endloop
  endfacet
  facet normal 0 0.822209 -0.569186
    outer loop
      vertex 34 45.8037 -91.8728
      vertex 37.2 45.8037 -91.8728
      vertex 34 45.5603 -92.2244
    endloop
  endfacet
  facet normal 0 0.822209 -0.569186
    outer loop
      vertex 37.2 45.5603 -92.2244
      vertex 34 45.5603 -92.2244
      vertex 37.2 45.8037 -91.8728
    endloop
  endfacet
  facet normal -0 0.882579 0.470163
    outer loop
      vertex 34 45.6026 -91.4953
      vertex 37.2 45.6026 -91.4953
      vertex 34 45.8037 -91.8728
    endloop
  endfacet
  facet normal 0 0.882579 0.470163
    outer loop
      vertex 37.2 45.8037 -91.8728
      vertex 34 45.8037 -91.8728
      vertex 37.2 45.6026 -91.4953
    endloop
  endfacet
  facet normal 0 0.618028 -0.786156
    outer loop
      vertex 34 45.9388 -91.231
      vertex 37.2 45.9388 -91.231
      vertex 34 45.6026 -91.4953
    endloop
  endfacet
  facet normal 0 0.618028 -0.786156
    outer loop
      vertex 37.2 45.6026 -91.4953
      vertex 34 45.6026 -91.4953
      vertex 37.2 45.9388 -91.231
    endloop
  endfacet
  facet normal -0 0.981898 0.189411
    outer loop
      vertex 34 45.8578 -90.8111
      vertex 37.2 45.8578 -90.8111
      vertex 34 45.9388 -91.231
    endloop
  endfacet
  facet normal 0 0.981898 0.189411
    outer loop
      vertex 37.2 45.9388 -91.231
      vertex 34 45.9388 -91.231
      vertex 37.2 45.8578 -90.8111
    endloop
  endfacet
  facet normal 0 0.358901 -0.933376
    outer loop
      vertex 34 46.257 -90.6576
      vertex 37.2 46.257 -90.6576
      vertex 34 45.8578 -90.8111
    endloop
  endfacet
  facet normal 0 0.358901 -0.933376
    outer loop
      vertex 37.2 45.8578 -90.8111
      vertex 34 45.8578 -90.8111
      vertex 37.2 46.257 -90.6576
    endloop
  endfacet
  facet normal 0 0.994096 -0.108506
    outer loop
      vertex 34 46.3034 -90.2325
      vertex 37.2 46.3034 -90.2325
      vertex 34 46.257 -90.6576
    endloop
  endfacet
  facet normal 0 0.994096 -0.108506
    outer loop
      vertex 37.2 46.257 -90.6576
      vertex 34 46.257 -90.6576
      vertex 37.2 46.3034 -90.2325
    endloop
  endfacet
  facet normal 0 0.067807 -0.997698
    outer loop
      vertex 34 46.7301 -90.2035
      vertex 37.2 46.7301 -90.2035
      vertex 34 46.3034 -90.2325
    endloop
  endfacet
  facet normal 0 0.067807 -0.997698
    outer loop
      vertex 37.2 46.3034 -90.2325
      vertex 34 46.3034 -90.2325
      vertex 37.2 46.7301 -90.2035
    endloop
  endfacet
  facet normal 0 0.917919 -0.396767
    outer loop
      vertex 34 46.8998 -89.8109
      vertex 37.2 46.8998 -89.8109
      vertex 34 46.7301 -90.2035
    endloop
  endfacet
  facet normal 0 0.917919 -0.396767
    outer loop
      vertex 37.2 46.7301 -90.2035
      vertex 34 46.7301 -90.2035
      vertex 37.2 46.8998 -89.8109
    endloop
  endfacet
  facet normal 0 -0.229365 -0.97334
    outer loop
      vertex 34 47.3161 -89.909
      vertex 37.2 47.3161 -89.909
      vertex 34 46.8998 -89.8109
    endloop
  endfacet
  facet normal -0 -0.229365 -0.97334
    outer loop
      vertex 37.2 46.8998 -89.8109
      vertex 34 46.8998 -89.8109
      vertex 37.2 47.3161 -89.909
    endloop
  endfacet
  facet normal 0 0.760246 -0.649635
    outer loop
      vertex 34 47.5939 -89.5839
      vertex 37.2 47.5939 -89.5839
      vertex 34 47.3161 -89.909
    endloop
  endfacet
  facet normal 0 0.760246 -0.649635
    outer loop
      vertex 37.2 47.3161 -89.909
      vertex 34 47.3161 -89.909
      vertex 37.2 47.5939 -89.5839
    endloop
  endfacet
  facet normal 0 -0.505978 -0.862547
    outer loop
      vertex 34 47.9628 -89.8003
      vertex 37.2 47.9628 -89.8003
      vertex 34 47.5939 -89.5839
    endloop
  endfacet
  facet normal -0 -0.505978 -0.862547
    outer loop
      vertex 37.2 47.5939 -89.5839
      vertex 34 47.5939 -89.5839
      vertex 37.2 47.9628 -89.8003
    endloop
  endfacet
  facet normal 0 0.535013 -0.844844
    outer loop
      vertex 34 48.3241 -89.5715
      vertex 37.2 48.3241 -89.5715
      vertex 34 47.9628 -89.8003
    endloop
  endfacet
  facet normal 0 0.535013 -0.844844
    outer loop
      vertex 37.2 47.9628 -89.8003
      vertex 34 47.9628 -89.8003
      vertex 37.2 48.3241 -89.5715
    endloop
  endfacet
  facet normal 0 -0.737852 -0.674962
    outer loop
      vertex 34 48.6128 -89.8871
      vertex 37.2 48.6128 -89.8871
      vertex 34 48.3241 -89.5715
    endloop
  endfacet
  facet normal -0 -0.737852 -0.674962
    outer loop
      vertex 37.2 48.3241 -89.5715
      vertex 34 48.3241 -89.5715
      vertex 37.2 48.6128 -89.8871
    endloop
  endfacet
  facet normal 0 0.262128 -0.965033
    outer loop
      vertex 34 49.0255 -89.775
      vertex 37.2 49.0255 -89.775
      vertex 34 48.6128 -89.8871
    endloop
  endfacet
  facet normal 0 0.262128 -0.965033
    outer loop
      vertex 37.2 48.6128 -89.8871
      vertex 34 48.6128 -89.8871
      vertex 37.2 49.0255 -89.775
    endloop
  endfacet
  facet normal 0 -0.903942 -0.427654
    outer loop
      vertex 34 49.2084 -90.1616
      vertex 37.2 49.2084 -90.1616
      vertex 34 49.0255 -89.775
    endloop
  endfacet
  facet normal -0 -0.903942 -0.427654
    outer loop
      vertex 37.2 49.0255 -89.775
      vertex 34 49.0255 -89.775
      vertex 37.2 49.2084 -90.1616
    endloop
  endfacet
  facet normal 0 -0.0339066 -0.999425
    outer loop
      vertex 34 49.6358 -90.1761
      vertex 37.2 49.6358 -90.1761
      vertex 34 49.2084 -90.1616
    endloop
  endfacet
  facet normal -0 -0.0339066 -0.999425
    outer loop
      vertex 37.2 49.2084 -90.1616
      vertex 34 49.2084 -90.1616
      vertex 37.2 49.6358 -90.1761
    endloop
  endfacet
  facet normal 0 -0.989842 -0.142174
    outer loop
      vertex 34 49.6966 -90.5994
      vertex 37.2 49.6966 -90.5994
      vertex 34 49.6358 -90.1761
    endloop
  endfacet
  facet normal -0 -0.989842 -0.142174
    outer loop
      vertex 37.2 49.6358 -90.1761
      vertex 34 49.6358 -90.1761
      vertex 37.2 49.6966 -90.5994
    endloop
  endfacet
  facet normal 0 -0.327151 -0.944972
    outer loop
      vertex 34 50.1007 -90.7393
      vertex 37.2 50.1007 -90.7393
      vertex 34 49.6966 -90.5994
    endloop
  endfacet
  facet normal -0 -0.327151 -0.944972
    outer loop
      vertex 37.2 49.6966 -90.5994
      vertex 34 49.6966 -90.5994
      vertex 37.2 50.1007 -90.7393
    endloop
  endfacet
  facet normal 0 -0.987761 0.155975
    outer loop
      vertex 34 50.034 -91.1617
      vertex 37.2 50.034 -91.1617
      vertex 34 50.1007 -90.7393
    endloop
  endfacet
  facet normal 0 -0.987761 0.155975
    outer loop
      vertex 37.2 50.1007 -90.7393
      vertex 34 50.1007 -90.7393
      vertex 37.2 50.034 -91.1617
    endloop
  endfacet
  facet normal 0 -0.59106 -0.806628
    outer loop
      vertex 34 50.379 -91.4145
      vertex 37.2 50.379 -91.4145
      vertex 34 50.034 -91.1617
    endloop
  endfacet
  facet normal -0 -0.59106 -0.806628
    outer loop
      vertex 37.2 50.034 -91.1617
      vertex 34 50.034 -91.1617
      vertex 37.2 50.379 -91.4145
    endloop
  endfacet
  facet normal 0 -0.897861 0.440279
    outer loop
      vertex 34 50.1907 -91.7985
      vertex 37.2 50.1907 -91.7985
      vertex 34 50.379 -91.4145
    endloop
  endfacet
  facet normal 0 -0.897861 0.440279
    outer loop
      vertex 37.2 50.379 -91.4145
      vertex 34 50.379 -91.4145
      vertex 37.2 50.1907 -91.7985
    endloop
  endfacet
endsolid OpenSCAD_Model
