solid OpenSCAD_Model
  facet normal -1 0 0
    outer loop
      vertex 34 41.2542 -132.618
      vertex 34 40.9282 -133.323
      vertex 34 40.8442 -133.015
    endloop
  endfacet
  facet normal -1 0 0
    outer loop
      vertex 34 43.6382 -131.307
      vertex 34 43.6649 -130.989
      vertex 34 44.4408 -130.949
    endloop
  endfacet
  facet normal -1 0 0
    outer loop
      vertex 34 45.1867 -131.744
      vertex 34 43.7661 -132.506
      vertex 34 43.7319 -132.393
    endloop
  endfacet
  facet normal -1 0 0
    outer loop
      vertex 34 44.8383 -131.312
      vertex 34 43.6431 -131.846
      vertex 34 43.6323 -131.593
    endloop
  endfacet
  facet normal -1 0 -0
    outer loop
      vertex 34 45.2478 -131.844
      vertex 34 45.2869 -131.919
      vertex 34 43.7661 -132.506
    endloop
  endfacet
  facet normal -1 0 0
    outer loop
      vertex 34 43.7661 -132.506
      vertex 34 45.2869 -131.919
      vertex 34 43.7954 -132.585
    endloop
  endfacet
  facet normal -1 0 0
    outer loop
      vertex 34 43.7954 -132.585
      vertex 34 45.2869 -131.919
      vertex 34 43.8237 -132.646
    endloop
  endfacet
  facet normal -1 0 0
    outer loop
      vertex 34 43.816 -132.631
      vertex 34 43.7954 -132.585
      vertex 34 43.8237 -132.646
    endloop
  endfacet
  facet normal -1 0 0
    outer loop
      vertex 34 43.8237 -132.646
      vertex 34 45.2869 -131.919
      vertex 34 45.3136 -131.981
    endloop
  endfacet
  facet normal -1 0 0
    outer loop
      vertex 34 43.956 -133.391
      vertex 34 43.8237 -132.646
      vertex 34 45.3136 -131.981
    endloop
  endfacet
  facet normal -1 0 0
    outer loop
      vertex 34 45.3136 -131.981
      vertex 34 45.2869 -131.919
      vertex 34 45.3076 -131.965
    endloop
  endfacet
  facet normal -1 0 0
    outer loop
      vertex 34 43.8237 -132.646
      vertex 34 43.956 -133.391
      vertex 34 43.9401 -133.399
    endloop
  endfacet
  facet normal -1 0 0
    outer loop
      vertex 34 51.1655 -131.716
      vertex 34 49.6882 -131.294
      vertex 34 51.1704 -131.531
    endloop
  endfacet
  facet normal -1 -0 0
    outer loop
      vertex 34 43.6269 -147.414
      vertex 34 43.5463 -147.5
      vertex 34 42.3132 -146.461
    endloop
  endfacet
  facet normal -1 0 0
    outer loop
      vertex 34 46.2964 -138.239
      vertex 34 41.9395 -135.173
      vertex 34 43.3754 -133.784
    endloop
  endfacet
  facet normal -1 -0 0
    outer loop
      vertex 34 45.8531 -138.82
      vertex 34 45.6005 -139.505
      vertex 34 40.6542 -137.537
    endloop
  endfacet
  facet normal -1 0 0
    outer loop
      vertex 34 43.3754 -133.784
      vertex 34 42.7329 -133.383
      vertex 34 43.3879 -133.772
    endloop
  endfacet
  facet normal -1 0 0
    outer loop
      vertex 34 42.7329 -133.383
      vertex 34 42.6867 -133.334
      vertex 34 42.7219 -133.371
    endloop
  endfacet
  facet normal -1 0 0
    outer loop
      vertex 34 45.7386 -140.943
      vertex 34 40.9231 -143.159
      vertex 34 40.7896 -142.835
    endloop
  endfacet
  facet normal -1 -0 0
    outer loop
      vertex 34 42.5325 -133.204
      vertex 34 41.3045 -134.185
      vertex 34 42.4087 -133.117
    endloop
  endfacet
  facet normal -1 0 0
    outer loop
      vertex 34 41.2129 -134.024
      vertex 34 42.0576 -132.917
      vertex 34 42.2509 -133.02
    endloop
  endfacet
  facet normal -1 0 0
    outer loop
      vertex 34 41.1168 -133.827
      vertex 34 41.0205 -133.594
      vertex 34 42.0576 -132.917
    endloop
  endfacet
  facet normal -1 -0 0
    outer loop
      vertex 34 42.0576 -132.917
      vertex 34 41.0205 -133.594
      vertex 34 41.8275 -132.813
    endloop
  endfacet
  facet normal -1 0 0
    outer loop
      vertex 34 41.8275 -132.813
      vertex 34 41.0205 -133.594
      vertex 34 40.9282 -133.323
    endloop
  endfacet
  facet normal -1 0 -0
    outer loop
      vertex 34 41.5598 -132.712
      vertex 34 41.8275 -132.813
      vertex 34 40.9282 -133.323
    endloop
  endfacet
  facet normal -1 0 -0
    outer loop
      vertex 34 41.2542 -132.618
      vertex 34 41.5598 -132.712
      vertex 34 40.9282 -133.323
    endloop
  endfacet
  facet normal -1 0 0
    outer loop
      vertex 34 41.1168 -133.827
      vertex 34 42.0576 -132.917
      vertex 34 41.2129 -134.024
    endloop
  endfacet
  facet normal -1 0 0
    outer loop
      vertex 34 41.2129 -134.024
      vertex 34 42.2509 -133.02
      vertex 34 42.4087 -133.117
    endloop
  endfacet
  facet normal -1 0 0
    outer loop
      vertex 34 41.3045 -134.185
      vertex 34 41.2129 -134.024
      vertex 34 42.4087 -133.117
    endloop
  endfacet
  facet normal -1 0 -0
    outer loop
      vertex 34 39.1362 -135.37
      vertex 34 39.4556 -135.354
      vertex 34 38.8867 -135.883
    endloop
  endfacet
  facet normal -1 0 0
    outer loop
      vertex 34 41.3876 -134.312
      vertex 34 41.3045 -134.185
      vertex 34 42.5325 -133.204
    endloop
  endfacet
  facet normal -1 0 0
    outer loop
      vertex 34 41.4583 -134.406
      vertex 34 41.3876 -134.312
      vertex 34 42.5325 -133.204
    endloop
  endfacet
  facet normal -1 -0 0
    outer loop
      vertex 34 42.6244 -133.278
      vertex 34 41.4583 -134.406
      vertex 34 42.5325 -133.204
    endloop
  endfacet
  facet normal -1 0 0
    outer loop
      vertex 34 42.6244 -133.278
      vertex 34 41.5129 -134.47
      vertex 34 41.4583 -134.406
    endloop
  endfacet
  facet normal -1 0 -0
    outer loop
      vertex 34 42.6244 -133.278
      vertex 34 42.6867 -133.334
      vertex 34 41.5129 -134.47
    endloop
  endfacet
  facet normal -1 0 0
    outer loop
      vertex 34 41.5129 -134.47
      vertex 34 42.6867 -133.334
      vertex 34 42.7329 -133.383
    endloop
  endfacet
  facet normal -1 0 0
    outer loop
      vertex 34 41.5479 -134.506
      vertex 34 41.5129 -134.47
      vertex 34 41.5603 -134.518
    endloop
  endfacet
  facet normal -1 0 0
    outer loop
      vertex 34 41.5603 -134.518
      vertex 34 41.5129 -134.47
      vertex 34 42.7329 -133.383
    endloop
  endfacet
  facet normal -1 -0 0
    outer loop
      vertex 34 43.3754 -133.784
      vertex 34 41.5603 -134.518
      vertex 34 42.7329 -133.383
    endloop
  endfacet
  facet normal -1 0 0
    outer loop
      vertex 34 43.3754 -133.784
      vertex 34 41.9395 -135.173
      vertex 34 41.5603 -134.518
    endloop
  endfacet
  facet normal -1 -0 0
    outer loop
      vertex 34 41.9395 -135.173
      vertex 34 41.9271 -135.185
      vertex 34 41.5603 -134.518
    endloop
  endfacet
  facet normal -1 0 0
    outer loop
      vertex 34 45.6005 -139.505
      vertex 34 40.5481 -137.871
      vertex 34 40.6542 -137.537
    endloop
  endfacet
  facet normal -1 0 0
    outer loop
      vertex 34 41.7256 -135.451
      vertex 34 41.9395 -135.173
      vertex 34 45.8531 -138.82
    endloop
  endfacet
  facet normal -1 0 0
    outer loop
      vertex 34 41.5282 -135.741
      vertex 34 40.7874 -135.584
      vertex 34 41.5359 -135.725
    endloop
  endfacet
  facet normal -1 0 0
    outer loop
      vertex 34 40.7874 -135.584
      vertex 34 40.7273 -135.554
      vertex 34 40.7727 -135.576
    endloop
  endfacet
  facet normal -1 0 0
    outer loop
      vertex 34 39.6451 -138.309
      vertex 34 39.543 -139.94
      vertex 34 39.476 -139.934
    endloop
  endfacet
  facet normal -1 -0 0
    outer loop
      vertex 34 40.5379 -135.484
      vertex 34 39.7195 -136.826
      vertex 34 40.3916 -135.444
    endloop
  endfacet
  facet normal -1 0 0
    outer loop
      vertex 34 39.5784 -136.706
      vertex 34 39.9935 -135.377
      vertex 34 40.2102 -135.407
    endloop
  endfacet
  facet normal -1 0 0
    outer loop
      vertex 34 39.4208 -136.554
      vertex 34 39.2505 -136.368
      vertex 34 39.9935 -135.377
    endloop
  endfacet
  facet normal -1 -0 0
    outer loop
      vertex 34 39.9935 -135.377
      vertex 34 39.2505 -136.368
      vertex 34 39.7417 -135.358
    endloop
  endfacet
  facet normal -1 0 0
    outer loop
      vertex 34 39.7417 -135.358
      vertex 34 39.2505 -136.368
      vertex 34 39.0711 -136.145
    endloop
  endfacet
  facet normal -1 0 -0
    outer loop
      vertex 34 39.4556 -135.354
      vertex 34 39.7417 -135.358
      vertex 34 39.0711 -136.145
    endloop
  endfacet
  facet normal -1 0 0
    outer loop
      vertex 34 38.8867 -135.883
      vertex 34 39.4556 -135.354
      vertex 34 39.0711 -136.145
    endloop
  endfacet
  facet normal -1 0 0
    outer loop
      vertex 34 39.4208 -136.554
      vertex 34 39.9935 -135.377
      vertex 34 39.5784 -136.706
    endloop
  endfacet
  facet normal -1 0 0
    outer loop
      vertex 34 39.5784 -136.706
      vertex 34 40.2102 -135.407
      vertex 34 40.3916 -135.444
    endloop
  endfacet
  facet normal -1 0 0
    outer loop
      vertex 34 39.7195 -136.826
      vertex 34 39.5784 -136.706
      vertex 34 40.3916 -135.444
    endloop
  endfacet
  facet normal -1 0 -0
    outer loop
      vertex 34 38.0874 -138.681
      vertex 34 38.291 -139.431
      vertex 34 38.0283 -139.249
    endloop
  endfacet
  facet normal -1 0 0
    outer loop
      vertex 34 39.8409 -136.916
      vertex 34 39.7195 -136.826
      vertex 34 40.5379 -135.484
    endloop
  endfacet
  facet normal -1 0 0
    outer loop
      vertex 34 39.9395 -136.981
      vertex 34 39.8409 -136.916
      vertex 34 40.5379 -135.484
    endloop
  endfacet
  facet normal -1 -0 0
    outer loop
      vertex 34 40.6494 -135.522
      vertex 34 39.9395 -136.981
      vertex 34 40.5379 -135.484
    endloop
  endfacet
  facet normal -1 0 0
    outer loop
      vertex 34 40.6494 -135.522
      vertex 34 40.0127 -137.022
      vertex 34 39.9395 -136.981
    endloop
  endfacet
  facet normal -1 0 -0
    outer loop
      vertex 34 40.6494 -135.522
      vertex 34 40.7273 -135.554
      vertex 34 40.0127 -137.022
    endloop
  endfacet
  facet normal -1 0 0
    outer loop
      vertex 34 40.0127 -137.022
      vertex 34 40.7273 -135.554
      vertex 34 40.7874 -135.584
    endloop
  endfacet
  facet normal -1 0 0
    outer loop
      vertex 34 40.0581 -137.044
      vertex 34 40.0127 -137.022
      vertex 34 40.0736 -137.051
    endloop
  endfacet
  facet normal -1 0 0
    outer loop
      vertex 34 40.0736 -137.051
      vertex 34 40.0127 -137.022
      vertex 34 40.7874 -135.584
    endloop
  endfacet
  facet normal -1 -0 0
    outer loop
      vertex 34 41.5282 -135.741
      vertex 34 40.0736 -137.051
      vertex 34 40.7874 -135.584
    endloop
  endfacet
  facet normal -1 0 0
    outer loop
      vertex 34 41.5282 -135.741
      vertex 34 40.6542 -137.537
      vertex 34 40.0736 -137.051
    endloop
  endfacet
  facet normal -1 -0 0
    outer loop
      vertex 34 40.6542 -137.537
      vertex 34 40.6466 -137.553
      vertex 34 40.0736 -137.051
    endloop
  endfacet
  facet normal -1 0 0
    outer loop
      vertex 34 40.3044 -140.897
      vertex 34 40.2694 -140.548
      vertex 34 45.5612 -140.234
    endloop
  endfacet
  facet normal -1 -0 0
    outer loop
      vertex 34 40.4617 -138.211
      vertex 34 39.712 -138.317
      vertex 34 40.4635 -138.194
    endloop
  endfacet
  facet normal -1 0 0
    outer loop
      vertex 34 39.712 -138.317
      vertex 34 39.6451 -138.309
      vertex 34 39.6953 -138.314
    endloop
  endfacet
  facet normal -1 -0 0
    outer loop
      vertex 34 39.9673 -142.853
      vertex 34 39.8846 -142.868
      vertex 34 39.4904 -141.294
    endloop
  endfacet
  facet normal -1 0 0
    outer loop
      vertex 34 39.4432 -138.308
      vertex 34 39.1332 -139.849
      vertex 34 39.2923 -138.321
    endloop
  endfacet
  facet normal -1 0 0
    outer loop
      vertex 34 38.9596 -139.785
      vertex 34 38.8951 -138.394
      vertex 34 39.1091 -138.348
    endloop
  endfacet
  facet normal -1 0 0
    outer loop
      vertex 34 38.7596 -139.696
      vertex 34 38.6521 -138.462
      vertex 34 38.8951 -138.394
    endloop
  endfacet
  facet normal -1 0 0
    outer loop
      vertex 34 38.7596 -139.696
      vertex 34 38.5358 -139.579
      vertex 34 38.6521 -138.462
    endloop
  endfacet
  facet normal -1 0 0
    outer loop
      vertex 34 38.6521 -138.462
      vertex 34 38.5358 -139.579
      vertex 34 38.291 -139.431
    endloop
  endfacet
  facet normal -1 0 -0
    outer loop
      vertex 34 38.382 -138.557
      vertex 34 38.6521 -138.462
      vertex 34 38.291 -139.431
    endloop
  endfacet
  facet normal -1 0 0
    outer loop
      vertex 34 38.0874 -138.681
      vertex 34 38.382 -138.557
      vertex 34 38.291 -139.431
    endloop
  endfacet
  facet normal -1 0 0
    outer loop
      vertex 34 38.7596 -139.696
      vertex 34 38.8951 -138.394
      vertex 34 38.9596 -139.785
    endloop
  endfacet
  facet normal -1 0 0
    outer loop
      vertex 34 38.9596 -139.785
      vertex 34 39.1091 -138.348
      vertex 34 39.2923 -138.321
    endloop
  endfacet
  facet normal -1 0 0
    outer loop
      vertex 34 39.1332 -139.849
      vertex 34 38.9596 -139.785
      vertex 34 39.2923 -138.321
    endloop
  endfacet
  facet normal -1 0 0
    outer loop
      vertex 34 38.2341 -142.151
      vertex 34 38.6819 -142.786
      vertex 34 38.3727 -142.704
    endloop
  endfacet
  facet normal -1 0 0
    outer loop
      vertex 34 39.2782 -139.893
      vertex 34 39.1332 -139.849
      vertex 34 39.4432 -138.308
    endloop
  endfacet
  facet normal -1 0 0
    outer loop
      vertex 34 39.393 -139.92
      vertex 34 39.2782 -139.893
      vertex 34 39.4432 -138.308
    endloop
  endfacet
  facet normal -1 0 0
    outer loop
      vertex 34 39.561 -138.306
      vertex 34 39.393 -139.92
      vertex 34 39.4432 -138.308
    endloop
  endfacet
  facet normal -1 0 -0
    outer loop
      vertex 34 39.561 -138.306
      vertex 34 39.6451 -138.309
      vertex 34 39.393 -139.92
    endloop
  endfacet
  facet normal -1 0 0
    outer loop
      vertex 34 39.393 -139.92
      vertex 34 39.6451 -138.309
      vertex 34 39.476 -139.934
    endloop
  endfacet
  facet normal -1 0 0
    outer loop
      vertex 34 39.476 -139.934
      vertex 34 39.543 -139.94
      vertex 34 39.5262 -139.939
    endloop
  endfacet
  facet normal -1 0 -0
    outer loop
      vertex 34 39.6451 -138.309
      vertex 34 39.712 -138.317
      vertex 34 39.543 -139.94
    endloop
  endfacet
  facet normal -1 0 0
    outer loop
      vertex 34 39.543 -139.94
      vertex 34 39.712 -138.317
      vertex 34 40.4617 -138.211
    endloop
  endfacet
  facet normal -1 0 0
    outer loop
      vertex 34 40.253 -140.215
      vertex 34 39.543 -139.94
      vertex 34 40.2548 -140.198
    endloop
  endfacet
  facet normal -1 0 0
    outer loop
      vertex 34 42.6814 -145.634
      vertex 34 42.4304 -145.389
      vertex 34 46.1169 -141.567
    endloop
  endfacet
  facet normal -1 0 0
    outer loop
      vertex 34 40.2548 -140.198
      vertex 34 39.543 -139.94
      vertex 34 40.4617 -138.211
    endloop
  endfacet
  facet normal -1 0 0
    outer loop
      vertex 34 47.327 -142.356
      vertex 34 46.6625 -142.053
      vertex 34 47.0871 -142.002
    endloop
  endfacet
  facet normal -1 -0 0
    outer loop
      vertex 34 40.3044 -140.897
      vertex 34 39.6361 -141.253
      vertex 34 40.3001 -140.88
    endloop
  endfacet
  facet normal -1 0 0
    outer loop
      vertex 34 39.6361 -141.253
      vertex 34 39.5706 -141.269
      vertex 34 39.6196 -141.256
    endloop
  endfacet
  facet normal -1 0 0
    outer loop
      vertex 34 41.2499 -145.524
      vertex 34 40.3577 -144.204
      vertex 34 40.4463 -144.127
    endloop
  endfacet
  facet normal -1 -0 0
    outer loop
      vertex 34 39.7676 -142.882
      vertex 34 39.6163 -142.891
      vertex 34 39.2432 -141.401
    endloop
  endfacet
  facet normal -1 0 0
    outer loop
      vertex 34 39.4312 -142.89
      vertex 34 38.895 -141.605
      vertex 34 39.0804 -141.489
    endloop
  endfacet
  facet normal -1 0 0
    outer loop
      vertex 34 39.2129 -142.875
      vertex 34 38.6899 -141.752
      vertex 34 38.895 -141.605
    endloop
  endfacet
  facet normal -1 0 0
    outer loop
      vertex 34 39.2129 -142.875
      vertex 34 38.9626 -142.842
      vertex 34 38.6899 -141.752
    endloop
  endfacet
  facet normal -1 0 -0
    outer loop
      vertex 34 38.6899 -141.752
      vertex 34 38.9626 -142.842
      vertex 34 38.4684 -141.933
    endloop
  endfacet
  facet normal -1 0 0
    outer loop
      vertex 34 38.4684 -141.933
      vertex 34 38.9626 -142.842
      vertex 34 38.6819 -142.786
    endloop
  endfacet
  facet normal -1 0 0
    outer loop
      vertex 34 38.2341 -142.151
      vertex 34 38.4684 -141.933
      vertex 34 38.6819 -142.786
    endloop
  endfacet
  facet normal -1 0 0
    outer loop
      vertex 34 39.2129 -142.875
      vertex 34 38.895 -141.605
      vertex 34 39.4312 -142.89
    endloop
  endfacet
  facet normal -1 0 0
    outer loop
      vertex 34 39.4312 -142.89
      vertex 34 39.0804 -141.489
      vertex 34 39.6163 -142.891
    endloop
  endfacet
  facet normal -1 0 0
    outer loop
      vertex 34 39.6163 -142.891
      vertex 34 39.0804 -141.489
      vertex 34 39.2432 -141.401
    endloop
  endfacet
  facet normal -1 0 0
    outer loop
      vertex 34 39.5588 -145.361
      vertex 34 39.7045 -145.077
      vertex 34 39.8782 -145.834
    endloop
  endfacet
  facet normal -1 0 0
    outer loop
      vertex 34 39.7676 -142.882
      vertex 34 39.2432 -141.401
      vertex 34 39.3806 -141.337
    endloop
  endfacet
  facet normal -1 -0 0
    outer loop
      vertex 34 39.8846 -142.868
      vertex 34 39.7676 -142.882
      vertex 34 39.3806 -141.337
    endloop
  endfacet
  facet normal -1 0 -0
    outer loop
      vertex 34 39.4904 -141.294
      vertex 34 39.8846 -142.868
      vertex 34 39.3806 -141.337
    endloop
  endfacet
  facet normal -1 0 -0
    outer loop
      vertex 34 39.5706 -141.269
      vertex 34 39.9673 -142.853
      vertex 34 39.4904 -141.294
    endloop
  endfacet
  facet normal -1 0 0
    outer loop
      vertex 34 39.5706 -141.269
      vertex 34 40.0324 -142.836
      vertex 34 39.9673 -142.853
    endloop
  endfacet
  facet normal -1 0 0
    outer loop
      vertex 34 39.9673 -142.853
      vertex 34 40.0324 -142.836
      vertex 34 40.0163 -142.841
    endloop
  endfacet
  facet normal -1 0 0
    outer loop
      vertex 34 39.5706 -141.269
      vertex 34 39.6361 -141.253
      vertex 34 40.0324 -142.836
    endloop
  endfacet
  facet normal -1 0 0
    outer loop
      vertex 34 40.0324 -142.836
      vertex 34 39.6361 -141.253
      vertex 34 40.7896 -142.835
    endloop
  endfacet
  facet normal -1 0 0
    outer loop
      vertex 34 40.7938 -142.852
      vertex 34 40.0324 -142.836
      vertex 34 40.7896 -142.835
    endloop
  endfacet
  facet normal -1 0 0
    outer loop
      vertex 34 40.7896 -142.835
      vertex 34 39.6361 -141.253
      vertex 34 40.3044 -140.897
    endloop
  endfacet
  facet normal -1 0 0
    outer loop
      vertex 34 46.6625 -142.053
      vertex 34 44.6095 -146.969
      vertex 34 44.2988 -146.807
    endloop
  endfacet
  facet normal -1 -0 0
    outer loop
      vertex 34 41.0753 -143.475
      vertex 34 40.5691 -144.038
      vertex 34 41.0655 -143.461
    endloop
  endfacet
  facet normal -1 0 0
    outer loop
      vertex 34 40.5691 -144.038
      vertex 34 40.5129 -144.075
      vertex 34 40.5547 -144.047
    endloop
  endfacet
  facet normal -1 0 0
    outer loop
      vertex 34 42.1922 -146.702
      vertex 34 42.2565 -146.565
      vertex 34 43.5463 -147.5
    endloop
  endfacet
  facet normal -1 -0 0
    outer loop
      vertex 34 41.2499 -145.524
      vertex 34 41.1107 -145.584
      vertex 34 40.2503 -144.311
    endloop
  endfacet
  facet normal -1 -0 0
    outer loop
      vertex 34 40.9363 -145.646
      vertex 34 40.726 -145.707
      vertex 34 40.1275 -144.45
    endloop
  endfacet
  facet normal -1 -0 0
    outer loop
      vertex 34 40.726 -145.707
      vertex 34 40.4795 -145.761
      vertex 34 39.993 -144.622
    endloop
  endfacet
  facet normal -1 0 -0
    outer loop
      vertex 34 39.993 -144.622
      vertex 34 40.4795 -145.761
      vertex 34 39.8506 -144.831
    endloop
  endfacet
  facet normal -1 0 -0
    outer loop
      vertex 34 39.8506 -144.831
      vertex 34 40.4795 -145.761
      vertex 34 39.7045 -145.077
    endloop
  endfacet
  facet normal -1 0 0
    outer loop
      vertex 34 39.7045 -145.077
      vertex 34 40.4795 -145.761
      vertex 34 40.1967 -145.805
    endloop
  endfacet
  facet normal -1 0 0
    outer loop
      vertex 34 39.8782 -145.834
      vertex 34 39.7045 -145.077
      vertex 34 40.1967 -145.805
    endloop
  endfacet
  facet normal -1 0 0
    outer loop
      vertex 34 40.726 -145.707
      vertex 34 39.993 -144.622
      vertex 34 40.1275 -144.45
    endloop
  endfacet
  facet normal -1 0 0
    outer loop
      vertex 34 40.9363 -145.646
      vertex 34 40.1275 -144.45
      vertex 34 41.1107 -145.584
    endloop
  endfacet
  facet normal -1 0 0
    outer loop
      vertex 34 41.1107 -145.584
      vertex 34 40.1275 -144.45
      vertex 34 40.2503 -144.311
    endloop
  endfacet
  facet normal -1 0 0
    outer loop
      vertex 34 41.9016 -147.925
      vertex 34 42.6528 -148.124
      vertex 34 42.3634 -148.26
    endloop
  endfacet
  facet normal -1 0 0
    outer loop
      vertex 34 41.2499 -145.524
      vertex 34 40.2503 -144.311
      vertex 34 40.3577 -144.204
    endloop
  endfacet
  facet normal -1 -0 0
    outer loop
      vertex 34 41.355 -145.471
      vertex 34 41.2499 -145.524
      vertex 34 40.4463 -144.127
    endloop
  endfacet
  facet normal -1 -0 0
    outer loop
      vertex 34 41.4275 -145.428
      vertex 34 41.355 -145.471
      vertex 34 40.4463 -144.127
    endloop
  endfacet
  facet normal -1 0 -0
    outer loop
      vertex 34 40.5129 -144.075
      vertex 34 41.4275 -145.428
      vertex 34 40.4463 -144.127
    endloop
  endfacet
  facet normal -1 0 0
    outer loop
      vertex 34 40.5129 -144.075
      vertex 34 40.5691 -144.038
      vertex 34 41.4275 -145.428
    endloop
  endfacet
  facet normal -1 0 0
    outer loop
      vertex 34 41.4275 -145.428
      vertex 34 41.4829 -145.39
      vertex 34 41.4694 -145.4
    endloop
  endfacet
  facet normal -1 0 0
    outer loop
      vertex 34 41.4275 -145.428
      vertex 34 40.5691 -144.038
      vertex 34 41.4829 -145.39
    endloop
  endfacet
  facet normal -1 0 0
    outer loop
      vertex 34 41.4829 -145.39
      vertex 34 40.5691 -144.038
      vertex 34 42.1941 -145.13
    endloop
  endfacet
  facet normal -1 -0 0
    outer loop
      vertex 34 42.2039 -145.145
      vertex 34 41.4829 -145.39
      vertex 34 42.1941 -145.13
    endloop
  endfacet
  facet normal -1 0 -0
    outer loop
      vertex 34 47.7177 -142.182
      vertex 34 48.0513 -142.449
      vertex 34 47.327 -142.356
    endloop
  endfacet
  facet normal -1 0 0
    outer loop
      vertex 34 42.1941 -145.13
      vertex 34 40.5691 -144.038
      vertex 34 41.0753 -143.475
    endloop
  endfacet
  facet normal -1 0 -0
    outer loop
      vertex 34 47.327 -142.356
      vertex 34 48.0513 -142.449
      vertex 34 46.85 -147.662
    endloop
  endfacet
  facet normal -1 0 0
    outer loop
      vertex 34 40.9231 -143.159
      vertex 34 45.7386 -140.943
      vertex 34 41.0753 -143.475
    endloop
  endfacet
  facet normal -1 -0 0
    outer loop
      vertex 34 42.6814 -145.634
      vertex 34 42.3984 -146.336
      vertex 34 42.6673 -145.624
    endloop
  endfacet
  facet normal -1 0 0
    outer loop
      vertex 34 42.3984 -146.336
      vertex 34 42.3582 -146.39
      vertex 34 42.3878 -146.349
    endloop
  endfacet
  facet normal -1 0 -0
    outer loop
      vertex 34 44.8481 -148.133
      vertex 34 46.38 -148.571
      vertex 34 44.8345 -148.284
    endloop
  endfacet
  facet normal -1 -0 0
    outer loop
      vertex 34 43.5463 -147.5
      vertex 34 43.436 -147.604
      vertex 34 42.1922 -146.702
    endloop
  endfacet
  facet normal -1 -0 0
    outer loop
      vertex 34 43.2934 -147.722
      vertex 34 43.1165 -147.85
      vertex 34 42.1242 -146.874
    endloop
  endfacet
  facet normal -1 0 0
    outer loop
      vertex 34 43.1165 -147.85
      vertex 34 41.9943 -147.327
      vertex 34 42.0568 -147.082
    endloop
  endfacet
  facet normal -1 -0 0
    outer loop
      vertex 34 43.1165 -147.85
      vertex 34 42.9035 -147.986
      vertex 34 41.9943 -147.327
    endloop
  endfacet
  facet normal -1 0 -0
    outer loop
      vertex 34 41.9943 -147.327
      vertex 34 42.9035 -147.986
      vertex 34 41.9411 -147.608
    endloop
  endfacet
  facet normal -1 0 0
    outer loop
      vertex 34 41.9411 -147.608
      vertex 34 42.9035 -147.986
      vertex 34 42.6528 -148.124
    endloop
  endfacet
  facet normal -1 0 0
    outer loop
      vertex 34 41.9016 -147.925
      vertex 34 41.9411 -147.608
      vertex 34 42.6528 -148.124
    endloop
  endfacet
  facet normal -1 0 0
    outer loop
      vertex 34 43.1165 -147.85
      vertex 34 42.0568 -147.082
      vertex 34 42.1242 -146.874
    endloop
  endfacet
  facet normal -1 0 0
    outer loop
      vertex 34 43.2934 -147.722
      vertex 34 42.1242 -146.874
      vertex 34 43.436 -147.604
    endloop
  endfacet
  facet normal -1 0 0
    outer loop
      vertex 34 43.436 -147.604
      vertex 34 42.1242 -146.874
      vertex 34 42.1922 -146.702
    endloop
  endfacet
  facet normal -1 0 0
    outer loop
      vertex 34 44.9799 -149.533
      vertex 34 44.9086 -149.221
      vertex 34 45.5285 -149.69
    endloop
  endfacet
  facet normal -1 0 0
    outer loop
      vertex 34 43.5463 -147.5
      vertex 34 42.2565 -146.565
      vertex 34 42.3132 -146.461
    endloop
  endfacet
  facet normal -1 0 0
    outer loop
      vertex 34 43.6269 -147.414
      vertex 34 42.3132 -146.461
      vertex 34 42.3582 -146.39
    endloop
  endfacet
  facet normal -1 -0 0
    outer loop
      vertex 34 43.6805 -147.349
      vertex 34 43.6269 -147.414
      vertex 34 42.3582 -146.39
    endloop
  endfacet
  facet normal -1 -0 0
    outer loop
      vertex 34 43.7193 -147.294
      vertex 34 43.6805 -147.349
      vertex 34 42.3582 -146.39
    endloop
  endfacet
  facet normal -1 0 0
    outer loop
      vertex 34 43.7193 -147.294
      vertex 34 43.7102 -147.308
      vertex 34 43.6805 -147.349
    endloop
  endfacet
  facet normal -1 0 -0
    outer loop
      vertex 34 42.3984 -146.336
      vertex 34 43.7193 -147.294
      vertex 34 42.3582 -146.39
    endloop
  endfacet
  facet normal -1 0 0
    outer loop
      vertex 34 42.3984 -146.336
      vertex 34 44.2988 -146.807
      vertex 34 43.7193 -147.294
    endloop
  endfacet
  facet normal -1 0 0
    outer loop
      vertex 34 43.7193 -147.294
      vertex 34 44.2988 -146.807
      vertex 34 44.313 -146.817
    endloop
  endfacet
  facet normal -1 0 0
    outer loop
      vertex 34 42.3984 -146.336
      vertex 34 42.6814 -145.634
      vertex 34 44.2988 -146.807
    endloop
  endfacet
  facet normal -1 -0 0
    outer loop
      vertex 34 49.8823 -147.518
      vertex 34 49.54 -147.593
      vertex 34 48.771 -142.326
    endloop
  endfacet
  facet normal -1 0 0
    outer loop
      vertex 34 50.1546 -140.445
      vertex 34 50.4464 -140.132
      vertex 34 50.2989 -140.847
    endloop
  endfacet
  facet normal -1 0 -0
    outer loop
      vertex 34 44.8345 -148.284
      vertex 34 46.3118 -148.706
      vertex 34 44.8296 -148.469
    endloop
  endfacet
  facet normal -1 -0 0
    outer loop
      vertex 34 44.929 -147.113
      vertex 34 44.9033 -147.87
      vertex 34 44.9123 -147.108
    endloop
  endfacet
  facet normal -1 0 0
    outer loop
      vertex 34 44.9033 -147.87
      vertex 34 44.884 -147.934
      vertex 34 44.8978 -147.886
    endloop
  endfacet
  facet normal -1 0 0
    outer loop
      vertex 34 49.229 -149.394
      vertex 34 49.1257 -149.66
      vertex 34 48.1089 -149.473
    endloop
  endfacet
  facet normal -1 -0 0
    outer loop
      vertex 34 46.38 -148.571
      vertex 34 46.3118 -148.706
      vertex 34 44.8345 -148.284
    endloop
  endfacet
  facet normal -1 -0 0
    outer loop
      vertex 34 46.2183 -148.866
      vertex 34 46.096 -149.047
      vertex 34 44.8296 -148.469
    endloop
  endfacet
  facet normal -1 0 0
    outer loop
      vertex 34 46.096 -149.047
      vertex 34 44.8624 -148.939
      vertex 34 44.8374 -148.688
    endloop
  endfacet
  facet normal -1 -0 0
    outer loop
      vertex 34 46.096 -149.047
      vertex 34 45.9421 -149.247
      vertex 34 44.8624 -148.939
    endloop
  endfacet
  facet normal -1 0 0
    outer loop
      vertex 34 44.8624 -148.939
      vertex 34 45.9421 -149.247
      vertex 34 44.9086 -149.221
    endloop
  endfacet
  facet normal -1 0 0
    outer loop
      vertex 34 44.9086 -149.221
      vertex 34 45.9421 -149.247
      vertex 34 45.7537 -149.463
    endloop
  endfacet
  facet normal -1 0 0
    outer loop
      vertex 34 45.5285 -149.69
      vertex 34 44.9086 -149.221
      vertex 34 45.7537 -149.463
    endloop
  endfacet
  facet normal -1 0 0
    outer loop
      vertex 34 46.096 -149.047
      vertex 34 44.8374 -148.688
      vertex 34 44.8296 -148.469
    endloop
  endfacet
  facet normal -1 0 0
    outer loop
      vertex 34 46.2183 -148.866
      vertex 34 44.8296 -148.469
      vertex 34 46.3118 -148.706
    endloop
  endfacet
  facet normal -1 0 0
    outer loop
      vertex 34 44.8481 -148.133
      vertex 34 44.866 -148.017
      vertex 34 46.38 -148.571
    endloop
  endfacet
  facet normal -1 0 0
    outer loop
      vertex 34 47.7817 -148.454
      vertex 34 47.7856 -148.522
      vertex 34 47.7819 -148.471
    endloop
  endfacet
  facet normal -1 0 0
    outer loop
      vertex 34 46.38 -148.571
      vertex 34 44.866 -148.017
      vertex 34 46.4263 -148.462
    endloop
  endfacet
  facet normal -1 0 0
    outer loop
      vertex 34 46.4263 -148.462
      vertex 34 44.866 -148.017
      vertex 34 44.884 -147.934
    endloop
  endfacet
  facet normal -1 -0 0
    outer loop
      vertex 34 46.4545 -148.383
      vertex 34 46.4263 -148.462
      vertex 34 44.884 -147.934
    endloop
  endfacet
  facet normal -1 -0 0
    outer loop
      vertex 34 46.4721 -148.318
      vertex 34 46.4545 -148.383
      vertex 34 44.884 -147.934
    endloop
  endfacet
  facet normal -1 0 0
    outer loop
      vertex 34 46.4721 -148.318
      vertex 34 46.4684 -148.334
      vertex 34 46.4545 -148.383
    endloop
  endfacet
  facet normal -1 0 -0
    outer loop
      vertex 34 44.9033 -147.87
      vertex 34 46.4721 -148.318
      vertex 34 44.884 -147.934
    endloop
  endfacet
  facet normal -1 0 0
    outer loop
      vertex 34 44.9033 -147.87
      vertex 34 46.85 -147.662
      vertex 34 46.4721 -148.318
    endloop
  endfacet
  facet normal -1 0 0
    outer loop
      vertex 34 44.9033 -147.87
      vertex 34 44.929 -147.113
      vertex 34 46.85 -147.662
    endloop
  endfacet
  facet normal -1 0 0
    outer loop
      vertex 34 52.044 -146.609
      vertex 34 48.771 -142.326
      vertex 34 49.4222 -141.995
    endloop
  endfacet
  facet normal -1 0 0
    outer loop
      vertex 34 46.4721 -148.318
      vertex 34 46.85 -147.662
      vertex 34 46.8668 -147.667
    endloop
  endfacet
  facet normal -1 0 0
    outer loop
      vertex 34 52.34 -146.421
      vertex 34 49.4222 -141.995
      vertex 34 52.6246 -146.216
    endloop
  endfacet
  facet normal -1 0 0
    outer loop
      vertex 34 47.8587 -148.867
      vertex 34 49.3912 -148.758
      vertex 34 47.9173 -149.043
    endloop
  endfacet
  facet normal -1 0 0
    outer loop
      vertex 34 49.1257 -149.66
      vertex 34 48.9916 -149.951
      vertex 34 48.4226 -149.991
    endloop
  endfacet
  facet normal -1 0 0
    outer loop
      vertex 34 47.7817 -148.454
      vertex 34 47.5297 -147.736
      vertex 34 47.5471 -147.734
    endloop
  endfacet
  facet normal -1 0 0
    outer loop
      vertex 34 50.7131 -148.081
      vertex 34 50.6924 -148.035
      vertex 34 50.6864 -148.019
    endloop
  endfacet
  facet normal -1 0 0
    outer loop
      vertex 34 49.409 -148.608
      vertex 34 49.3912 -148.758
      vertex 34 47.8587 -148.867
    endloop
  endfacet
  facet normal -1 0 0
    outer loop
      vertex 34 49.358 -148.94
      vertex 34 49.3052 -149.153
      vertex 34 47.9173 -149.043
    endloop
  endfacet
  facet normal -1 0 0
    outer loop
      vertex 34 49.3052 -149.153
      vertex 34 48.1089 -149.473
      vertex 34 47.9995 -149.245
    endloop
  endfacet
  facet normal -1 0 0
    outer loop
      vertex 34 49.3052 -149.153
      vertex 34 49.229 -149.394
      vertex 34 48.1089 -149.473
    endloop
  endfacet
  facet normal -1 0 0
    outer loop
      vertex 34 48.1089 -149.473
      vertex 34 49.1257 -149.66
      vertex 34 48.2489 -149.723
    endloop
  endfacet
  facet normal -1 0 0
    outer loop
      vertex 34 48.2489 -149.723
      vertex 34 49.1257 -149.66
      vertex 34 48.4226 -149.991
    endloop
  endfacet
  facet normal -1 0 0
    outer loop
      vertex 34 47.9995 -149.245
      vertex 34 47.9173 -149.043
      vertex 34 49.3052 -149.153
    endloop
  endfacet
  facet normal -1 0 0
    outer loop
      vertex 34 47.9173 -149.043
      vertex 34 49.3912 -148.758
      vertex 34 49.358 -148.94
    endloop
  endfacet
  facet normal -1 0 0
    outer loop
      vertex 34 47.8198 -148.721
      vertex 34 49.409 -148.608
      vertex 34 47.8587 -148.867
    endloop
  endfacet
  facet normal -1 0 0
    outer loop
      vertex 34 47.8198 -148.721
      vertex 34 47.7968 -148.605
      vertex 34 49.409 -148.608
    endloop
  endfacet
  facet normal -1 0 0
    outer loop
      vertex 34 53.3133 -146.666
      vertex 34 53.2781 -146.629
      vertex 34 53.2671 -146.617
    endloop
  endfacet
  facet normal -1 0 0
    outer loop
      vertex 34 49.409 -148.608
      vertex 34 47.7968 -148.605
      vertex 34 49.4155 -148.49
    endloop
  endfacet
  facet normal -1 -0 0
    outer loop
      vertex 34 49.4155 -148.49
      vertex 34 47.7968 -148.605
      vertex 34 49.4148 -148.406
    endloop
  endfacet
  facet normal -1 0 0
    outer loop
      vertex 34 49.4148 -148.406
      vertex 34 47.7968 -148.605
      vertex 34 47.7856 -148.522
    endloop
  endfacet
  facet normal -1 0 0
    outer loop
      vertex 34 47.7817 -148.454
      vertex 34 49.4148 -148.406
      vertex 34 47.7856 -148.522
    endloop
  endfacet
  facet normal -1 0 0
    outer loop
      vertex 34 49.4092 -148.339
      vertex 34 49.4113 -148.356
      vertex 34 49.4148 -148.406
    endloop
  endfacet
  facet normal -1 0 0
    outer loop
      vertex 34 47.7817 -148.454
      vertex 34 49.4092 -148.339
      vertex 34 49.4148 -148.406
    endloop
  endfacet
  facet normal -1 0 0
    outer loop
      vertex 34 47.7817 -148.454
      vertex 34 47.5471 -147.734
      vertex 34 49.4092 -148.339
    endloop
  endfacet
  facet normal -1 0 0
    outer loop
      vertex 34 49.4092 -148.339
      vertex 34 49.54 -147.593
      vertex 34 49.5573 -147.592
    endloop
  endfacet
  facet normal -1 0 0
    outer loop
      vertex 34 49.4092 -148.339
      vertex 34 47.5471 -147.734
      vertex 34 49.54 -147.593
    endloop
  endfacet
  facet normal -1 0 0
    outer loop
      vertex 34 50.2989 -140.847
      vertex 34 49.947 -141.487
      vertex 34 49.9278 -141.06
    endloop
  endfacet
  facet normal -1 0 0
    outer loop
      vertex 34 54.2744 -144.549
      vertex 34 49.947 -141.487
      vertex 34 54.4718 -144.259
    endloop
  endfacet
  facet normal -1 0 0
    outer loop
      vertex 34 50.8999 -148.381
      vertex 34 52.3028 -147.754
      vertex 34 52.3339 -147.937
    endloop
  endfacet
  facet normal -1 0 0
    outer loop
      vertex 34 51.5592 -149.051
      vertex 34 52.3351 -149.011
      vertex 34 51.8142 -149.244
    endloop
  endfacet
  facet normal -1 0 0
    outer loop
      vertex 34 50.6864 -148.019
      vertex 34 50.2038 -147.43
      vertex 34 50.2196 -147.423
    endloop
  endfacet
  facet normal -1 0 0
    outer loop
      vertex 34 52.3028 -147.754
      vertex 34 50.8999 -148.381
      vertex 34 50.8133 -148.256
    endloop
  endfacet
  facet normal -1 0 0
    outer loop
      vertex 34 51.1617 -148.688
      vertex 34 51.0151 -148.526
      vertex 34 52.3339 -147.937
    endloop
  endfacet
  facet normal -1 -0 0
    outer loop
      vertex 34 52.3677 -148.407
      vertex 34 51.1617 -148.688
      vertex 34 52.3569 -148.154
    endloop
  endfacet
  facet normal -1 0 0
    outer loop
      vertex 34 52.3677 -148.407
      vertex 34 51.3423 -148.864
      vertex 34 51.1617 -148.688
    endloop
  endfacet
  facet normal -1 0 0
    outer loop
      vertex 34 52.3677 -148.407
      vertex 34 51.5592 -149.051
      vertex 34 51.3423 -148.864
    endloop
  endfacet
  facet normal -1 0 0
    outer loop
      vertex 34 52.3677 -148.407
      vertex 34 52.3618 -148.693
      vertex 34 51.5592 -149.051
    endloop
  endfacet
  facet normal -1 0 0
    outer loop
      vertex 34 51.5592 -149.051
      vertex 34 52.3618 -148.693
      vertex 34 52.3351 -149.011
    endloop
  endfacet
  facet normal -1 0 0
    outer loop
      vertex 34 51.1617 -148.688
      vertex 34 52.3339 -147.937
      vertex 34 52.3569 -148.154
    endloop
  endfacet
  facet normal -1 0 0
    outer loop
      vertex 34 51.0151 -148.526
      vertex 34 50.8999 -148.381
      vertex 34 52.3339 -147.937
    endloop
  endfacet
  facet normal -1 0 0
    outer loop
      vertex 34 50.8133 -148.256
      vertex 34 52.2681 -147.607
      vertex 34 52.3028 -147.754
    endloop
  endfacet
  facet normal -1 0 0
    outer loop
      vertex 34 50.8133 -148.256
      vertex 34 52.2339 -147.494
      vertex 34 52.2681 -147.607
    endloop
  endfacet
  facet normal -1 0 0
    outer loop
      vertex 34 55.2727 -144.446
      vertex 34 55.2273 -144.424
      vertex 34 55.2126 -144.416
    endloop
  endfacet
  facet normal -1 0 0
    outer loop
      vertex 34 50.8133 -148.256
      vertex 34 50.7522 -148.156
      vertex 34 52.2339 -147.494
    endloop
  endfacet
  facet normal -1 0 0
    outer loop
      vertex 34 52.2339 -147.494
      vertex 34 50.7522 -148.156
      vertex 34 50.7131 -148.081
    endloop
  endfacet
  facet normal -1 0 -0
    outer loop
      vertex 34 52.2046 -147.415
      vertex 34 52.2339 -147.494
      vertex 34 50.7131 -148.081
    endloop
  endfacet
  facet normal -1 0 -0
    outer loop
      vertex 34 52.1763 -147.354
      vertex 34 52.2046 -147.415
      vertex 34 50.7131 -148.081
    endloop
  endfacet
  facet normal -1 0 0
    outer loop
      vertex 34 52.1763 -147.354
      vertex 34 52.184 -147.369
      vertex 34 52.2046 -147.415
    endloop
  endfacet
  facet normal -1 0 0
    outer loop
      vertex 34 50.6864 -148.019
      vertex 34 52.1763 -147.354
      vertex 34 50.7131 -148.081
    endloop
  endfacet
  facet normal -1 0 0
    outer loop
      vertex 34 50.6864 -148.019
      vertex 34 52.044 -146.609
      vertex 34 52.1763 -147.354
    endloop
  endfacet
  facet normal -1 0 0
    outer loop
      vertex 34 50.6864 -148.019
      vertex 34 50.2196 -147.423
      vertex 34 52.044 -146.609
    endloop
  endfacet
  facet normal -1 0 0
    outer loop
      vertex 34 52.1763 -147.354
      vertex 34 52.044 -146.609
      vertex 34 52.0599 -146.601
    endloop
  endfacet
  facet normal -1 -0 0
    outer loop
      vertex 34 55.4519 -142.129
      vertex 34 55.3458 -142.463
      vertex 34 50.2989 -140.847
    endloop
  endfacet
  facet normal -1 0 0
    outer loop
      vertex 34 49.54 -147.593
      vertex 34 48.0513 -142.449
      vertex 34 48.771 -142.326
    endloop
  endfacet
  facet normal -1 0 0
    outer loop
      vertex 34 50.4464 -140.132
      vertex 34 50.1899 -139.79
      vertex 34 50.3766 -139.405
    endloop
  endfacet
  facet normal -1 0 0
    outer loop
      vertex 34 53.5913 -146.883
      vertex 34 54.6955 -145.815
      vertex 34 54.7871 -145.976
    endloop
  endfacet
  facet normal -1 0 0
    outer loop
      vertex 34 53.9424 -147.083
      vertex 34 54.7871 -145.976
      vertex 34 54.8832 -146.173
    endloop
  endfacet
  facet normal -1 0 0
    outer loop
      vertex 34 53.2671 -146.617
      vertex 34 52.6121 -146.228
      vertex 34 52.6246 -146.216
    endloop
  endfacet
  facet normal -1 0 0
    outer loop
      vertex 34 54.6955 -145.815
      vertex 34 53.5913 -146.883
      vertex 34 53.4675 -146.796
    endloop
  endfacet
  facet normal -1 0 0
    outer loop
      vertex 34 53.9424 -147.083
      vertex 34 53.7491 -146.98
      vertex 34 54.7871 -145.976
    endloop
  endfacet
  facet normal -1 -0 0
    outer loop
      vertex 34 54.9795 -146.406
      vertex 34 53.9424 -147.083
      vertex 34 54.8832 -146.173
    endloop
  endfacet
  facet normal -1 0 0
    outer loop
      vertex 34 54.9795 -146.406
      vertex 34 54.1725 -147.187
      vertex 34 53.9424 -147.083
    endloop
  endfacet
  facet normal -1 0 -0
    outer loop
      vertex 34 54.9795 -146.406
      vertex 34 55.0718 -146.677
      vertex 34 54.1725 -147.187
    endloop
  endfacet
  facet normal -1 0 0
    outer loop
      vertex 34 54.1725 -147.187
      vertex 34 55.0718 -146.677
      vertex 34 54.4402 -147.288
    endloop
  endfacet
  facet normal -1 0 0
    outer loop
      vertex 34 54.4402 -147.288
      vertex 34 55.0718 -146.677
      vertex 34 54.7458 -147.382
    endloop
  endfacet
  facet normal -1 0 0
    outer loop
      vertex 34 54.7458 -147.382
      vertex 34 55.0718 -146.677
      vertex 34 55.1558 -146.985
    endloop
  endfacet
  facet normal -1 0 0
    outer loop
      vertex 34 53.7491 -146.98
      vertex 34 53.5913 -146.883
      vertex 34 54.7871 -145.976
    endloop
  endfacet
  facet normal -1 0 0
    outer loop
      vertex 34 53.4675 -146.796
      vertex 34 54.6124 -145.688
      vertex 34 54.6955 -145.815
    endloop
  endfacet
  facet normal -1 0 0
    outer loop
      vertex 34 53.4675 -146.796
      vertex 34 54.5417 -145.594
      vertex 34 54.6124 -145.688
    endloop
  endfacet
  facet normal -1 0 0
    outer loop
      vertex 34 56.3549 -141.691
      vertex 34 56.3047 -141.686
      vertex 34 56.288 -141.683
    endloop
  endfacet
  facet normal -1 0 0
    outer loop
      vertex 34 53.4675 -146.796
      vertex 34 53.3756 -146.722
      vertex 34 54.5417 -145.594
    endloop
  endfacet
  facet normal -1 -0 0
    outer loop
      vertex 34 54.5417 -145.594
      vertex 34 53.3756 -146.722
      vertex 34 54.4871 -145.53
    endloop
  endfacet
  facet normal -1 0 0
    outer loop
      vertex 34 54.4871 -145.53
      vertex 34 53.3756 -146.722
      vertex 34 53.3133 -146.666
    endloop
  endfacet
  facet normal -1 0 0
    outer loop
      vertex 34 53.2671 -146.617
      vertex 34 54.4871 -145.53
      vertex 34 53.3133 -146.666
    endloop
  endfacet
  facet normal -1 0 0
    outer loop
      vertex 34 54.4397 -145.482
      vertex 34 54.4521 -145.494
      vertex 34 54.4871 -145.53
    endloop
  endfacet
  facet normal -1 0 0
    outer loop
      vertex 34 53.2671 -146.617
      vertex 34 54.4397 -145.482
      vertex 34 54.4871 -145.53
    endloop
  endfacet
  facet normal -1 0 0
    outer loop
      vertex 34 53.2671 -146.617
      vertex 34 52.6246 -146.216
      vertex 34 54.4397 -145.482
    endloop
  endfacet
  facet normal -1 -0 0
    outer loop
      vertex 34 54.4397 -145.482
      vertex 34 52.6246 -146.216
      vertex 34 54.0605 -144.827
    endloop
  endfacet
  facet normal -1 0 -0
    outer loop
      vertex 34 55.7306 -139.452
      vertex 34 55.7452 -139.802
      vertex 34 50.4464 -140.132
    endloop
  endfacet
  facet normal -1 0 0
    outer loop
      vertex 34 54.4397 -145.482
      vertex 34 54.0605 -144.827
      vertex 34 54.0729 -144.815
    endloop
  endfacet
  facet normal -1 0 0
    outer loop
      vertex 34 40.2548 -140.198
      vertex 34 40.4617 -138.211
      vertex 34 45.6005 -139.505
    endloop
  endfacet
  facet normal -1 0 0
    outer loop
      vertex 34 55.4621 -144.516
      vertex 34 56.1591 -143.084
      vertex 34 56.2805 -143.174
    endloop
  endfacet
  facet normal -1 0 0
    outer loop
      vertex 34 55.7898 -144.593
      vertex 34 55.6084 -144.556
      vertex 34 56.4216 -143.294
    endloop
  endfacet
  facet normal -1 0 0
    outer loop
      vertex 34 55.2126 -144.416
      vertex 34 54.4641 -144.275
      vertex 34 54.4718 -144.259
    endloop
  endfacet
  facet normal -1 0 0
    outer loop
      vertex 34 56.2805 -143.174
      vertex 34 55.6084 -144.556
      vertex 34 55.4621 -144.516
    endloop
  endfacet
  facet normal -1 0 0
    outer loop
      vertex 34 56.0065 -144.623
      vertex 34 55.7898 -144.593
      vertex 34 56.4216 -143.294
    endloop
  endfacet
  facet normal -1 -0 0
    outer loop
      vertex 34 56.7495 -143.632
      vertex 34 56.0065 -144.623
      vertex 34 56.5792 -143.446
    endloop
  endfacet
  facet normal -1 0 0
    outer loop
      vertex 34 56.7495 -143.632
      vertex 34 56.2583 -144.642
      vertex 34 56.0065 -144.623
    endloop
  endfacet
  facet normal -1 0 -0
    outer loop
      vertex 34 56.7495 -143.632
      vertex 34 56.9289 -143.855
      vertex 34 56.2583 -144.642
    endloop
  endfacet
  facet normal -1 0 0
    outer loop
      vertex 34 56.2583 -144.642
      vertex 34 56.9289 -143.855
      vertex 34 56.5444 -144.646
    endloop
  endfacet
  facet normal -1 0 0
    outer loop
      vertex 34 56.5444 -144.646
      vertex 34 56.9289 -143.855
      vertex 34 57.1133 -144.117
    endloop
  endfacet
  facet normal -1 -0 0
    outer loop
      vertex 34 56.8638 -144.63
      vertex 34 56.5444 -144.646
      vertex 34 57.1133 -144.117
    endloop
  endfacet
  facet normal -1 -0 0
    outer loop
      vertex 34 56.5792 -143.446
      vertex 34 56.0065 -144.623
      vertex 34 56.4216 -143.294
    endloop
  endfacet
  facet normal -1 -0 0
    outer loop
      vertex 34 56.4216 -143.294
      vertex 34 55.6084 -144.556
      vertex 34 56.2805 -143.174
    endloop
  endfacet
  facet normal -1 0 0
    outer loop
      vertex 34 55.4621 -144.516
      vertex 34 56.0605 -143.019
      vertex 34 56.1591 -143.084
    endloop
  endfacet
  facet normal -1 0 0
    outer loop
      vertex 34 56.4294 -138.731
      vertex 34 56.3804 -138.744
      vertex 34 56.3639 -138.747
    endloop
  endfacet
  facet normal -1 0 0
    outer loop
      vertex 34 55.4621 -144.516
      vertex 34 55.3506 -144.478
      vertex 34 56.0605 -143.019
    endloop
  endfacet
  facet normal -1 -0 0
    outer loop
      vertex 34 56.0605 -143.019
      vertex 34 55.3506 -144.478
      vertex 34 55.9873 -142.978
    endloop
  endfacet
  facet normal -1 0 0
    outer loop
      vertex 34 55.9873 -142.978
      vertex 34 55.3506 -144.478
      vertex 34 55.2727 -144.446
    endloop
  endfacet
  facet normal -1 0 0
    outer loop
      vertex 34 55.2126 -144.416
      vertex 34 55.9873 -142.978
      vertex 34 55.2727 -144.446
    endloop
  endfacet
  facet normal -1 0 0
    outer loop
      vertex 34 55.9264 -142.949
      vertex 34 55.9419 -142.956
      vertex 34 55.9873 -142.978
    endloop
  endfacet
  facet normal -1 0 0
    outer loop
      vertex 34 55.2126 -144.416
      vertex 34 55.9264 -142.949
      vertex 34 55.9873 -142.978
    endloop
  endfacet
  facet normal -1 0 0
    outer loop
      vertex 34 55.2126 -144.416
      vertex 34 54.4718 -144.259
      vertex 34 55.9264 -142.949
    endloop
  endfacet
  facet normal -1 -0 0
    outer loop
      vertex 34 55.9264 -142.949
      vertex 34 54.4718 -144.259
      vertex 34 55.3458 -142.463
    endloop
  endfacet
  facet normal -1 0 -0
    outer loop
      vertex 34 55.0769 -136.841
      vertex 34 55.2104 -137.165
      vertex 34 50.0956 -138.731
    endloop
  endfacet
  facet normal -1 0 0
    outer loop
      vertex 34 50.0956 -138.731
      vertex 34 49.6909 -138.593
      vertex 34 49.6285 -138.17
    endloop
  endfacet
  facet normal -1 0 0
    outer loop
      vertex 34 55.9264 -142.949
      vertex 34 55.3458 -142.463
      vertex 34 55.3534 -142.447
    endloop
  endfacet
  facet normal -1 0 0
    outer loop
      vertex 34 45.8531 -138.82
      vertex 34 41.5282 -135.741
      vertex 34 41.7256 -135.451
    endloop
  endfacet
  facet normal -1 0 0
    outer loop
      vertex 34 56.7077 -141.679
      vertex 34 56.8668 -140.151
      vertex 34 57.0404 -140.215
    endloop
  endfacet
  facet normal -1 -0 0
    outer loop
      vertex 34 56.8909 -141.652
      vertex 34 56.7077 -141.679
      vertex 34 57.0404 -140.215
    endloop
  endfacet
  facet normal -1 0 0
    outer loop
      vertex 34 56.288 -141.683
      vertex 34 55.5365 -141.806
      vertex 34 55.5383 -141.789
    endloop
  endfacet
  facet normal -1 0 0
    outer loop
      vertex 34 56.8668 -140.151
      vertex 34 56.7077 -141.679
      vertex 34 56.5568 -141.692
    endloop
  endfacet
  facet normal -1 -0 0
    outer loop
      vertex 34 57.1049 -141.606
      vertex 34 56.8909 -141.652
      vertex 34 57.0404 -140.215
    endloop
  endfacet
  facet normal -1 -0 0
    outer loop
      vertex 34 57.3479 -141.538
      vertex 34 57.1049 -141.606
      vertex 34 57.2404 -140.304
    endloop
  endfacet
  facet normal -1 -0 0
    outer loop
      vertex 34 57.4642 -140.421
      vertex 34 57.3479 -141.538
      vertex 34 57.2404 -140.304
    endloop
  endfacet
  facet normal -1 0 -0
    outer loop
      vertex 34 57.4642 -140.421
      vertex 34 57.709 -140.569
      vertex 34 57.3479 -141.538
    endloop
  endfacet
  facet normal -1 0 0
    outer loop
      vertex 34 57.3479 -141.538
      vertex 34 57.709 -140.569
      vertex 34 57.618 -141.443
    endloop
  endfacet
  facet normal -1 0 0
    outer loop
      vertex 34 57.618 -141.443
      vertex 34 57.709 -140.569
      vertex 34 57.9126 -141.319
    endloop
  endfacet
  facet normal -1 0 0
    outer loop
      vertex 34 57.9126 -141.319
      vertex 34 57.709 -140.569
      vertex 34 57.9717 -140.751
    endloop
  endfacet
  facet normal -1 -0 0
    outer loop
      vertex 34 57.2404 -140.304
      vertex 34 57.1049 -141.606
      vertex 34 57.0404 -140.215
    endloop
  endfacet
  facet normal -1 0 0
    outer loop
      vertex 34 56.3639 -138.747
      vertex 34 55.6999 -139.12
      vertex 34 55.6956 -139.103
    endloop
  endfacet
  facet normal -1 0 0
    outer loop
      vertex 34 56.5568 -141.692
      vertex 34 56.7218 -140.107
      vertex 34 56.8668 -140.151
    endloop
  endfacet
  facet normal -1 0 0
    outer loop
      vertex 34 56.5568 -141.692
      vertex 34 56.607 -140.08
      vertex 34 56.7218 -140.107
    endloop
  endfacet
  facet normal -1 0 0
    outer loop
      vertex 34 49.6285 -138.17
      vertex 34 53.8059 -134.87
      vertex 34 50.0956 -138.731
    endloop
  endfacet
  facet normal -1 -0 0
    outer loop
      vertex 34 56.5568 -141.692
      vertex 34 56.439 -141.694
      vertex 34 56.607 -140.08
    endloop
  endfacet
  facet normal -1 0 0
    outer loop
      vertex 34 56.607 -140.08
      vertex 34 56.439 -141.694
      vertex 34 56.3549 -141.691
    endloop
  endfacet
  facet normal -1 0 -0
    outer loop
      vertex 34 56.524 -140.066
      vertex 34 56.607 -140.08
      vertex 34 56.3549 -141.691
    endloop
  endfacet
  facet normal -1 0 -0
    outer loop
      vertex 34 56.457 -140.06
      vertex 34 56.524 -140.066
      vertex 34 56.3549 -141.691
    endloop
  endfacet
  facet normal -1 0 0
    outer loop
      vertex 34 56.457 -140.06
      vertex 34 56.4738 -140.061
      vertex 34 56.524 -140.066
    endloop
  endfacet
  facet normal -1 0 0
    outer loop
      vertex 34 56.288 -141.683
      vertex 34 56.457 -140.06
      vertex 34 56.3549 -141.691
    endloop
  endfacet
  facet normal -1 -0 0
    outer loop
      vertex 34 56.288 -141.683
      vertex 34 55.5383 -141.789
      vertex 34 56.457 -140.06
    endloop
  endfacet
  facet normal -1 0 0
    outer loop
      vertex 34 56.457 -140.06
      vertex 34 55.7452 -139.802
      vertex 34 55.747 -139.785
    endloop
  endfacet
  facet normal -1 -0 0
    outer loop
      vertex 34 56.457 -140.06
      vertex 34 55.5383 -141.789
      vertex 34 55.7452 -139.802
    endloop
  endfacet
  facet normal -1 0 0
    outer loop
      vertex 34 49.0166 -137.771
      vertex 34 51.7012 -133.193
      vertex 34 49.6285 -138.17
    endloop
  endfacet
  facet normal -1 -0 0
    outer loop
      vertex 34 53.5696 -134.611
      vertex 34 49.6285 -138.17
      vertex 34 53.3186 -134.366
    endloop
  endfacet
  facet normal -1 0 0
    outer loop
      vertex 34 56.6194 -138.663
      vertex 34 56.2324 -137.118
      vertex 34 56.7568 -138.599
    endloop
  endfacet
  facet normal -1 0 0
    outer loop
      vertex 34 56.9196 -138.511
      vertex 34 56.3837 -137.109
      vertex 34 56.5688 -137.11
    endloop
  endfacet
  facet normal -1 0 0
    outer loop
      vertex 34 55.4871 -135.925
      vertex 34 55.4453 -135.953
      vertex 34 55.4309 -135.962
    endloop
  endfacet
  facet normal -1 0 -0
    outer loop
      vertex 34 56.3837 -137.109
      vertex 34 56.7568 -138.599
      vertex 34 56.2324 -137.118
    endloop
  endfacet
  facet normal -1 -0 0
    outer loop
      vertex 34 57.105 -138.395
      vertex 34 56.9196 -138.511
      vertex 34 56.5688 -137.11
    endloop
  endfacet
  facet normal -1 -0 0
    outer loop
      vertex 34 57.3101 -138.248
      vertex 34 57.105 -138.395
      vertex 34 56.7871 -137.125
    endloop
  endfacet
  facet normal -1 -0 -0
    outer loop
      vertex 34 57.0374 -137.158
      vertex 34 57.3101 -138.248
      vertex 34 56.7871 -137.125
    endloop
  endfacet
  facet normal -1 0 0
    outer loop
      vertex 34 57.0374 -137.158
      vertex 34 57.5316 -138.067
      vertex 34 57.3101 -138.248
    endloop
  endfacet
  facet normal -1 0 0
    outer loop
      vertex 34 57.0374 -137.158
      vertex 34 57.3181 -137.214
      vertex 34 57.5316 -138.067
    endloop
  endfacet
  facet normal -1 0 0
    outer loop
      vertex 34 57.5316 -138.067
      vertex 34 57.3181 -137.214
      vertex 34 57.7659 -137.849
    endloop
  endfacet
  facet normal -1 0 0
    outer loop
      vertex 34 57.7659 -137.849
      vertex 34 57.3181 -137.214
      vertex 34 57.6273 -137.296
    endloop
  endfacet
  facet normal -1 -0 -0
    outer loop
      vertex 34 56.7871 -137.125
      vertex 34 57.105 -138.395
      vertex 34 56.5688 -137.11
    endloop
  endfacet
  facet normal -1 0 0
    outer loop
      vertex 34 49.6285 -138.17
      vertex 34 51.7012 -133.193
      vertex 34 53.3186 -134.366
    endloop
  endfacet
  facet normal -1 -0 0
    outer loop
      vertex 34 56.9196 -138.511
      vertex 34 56.7568 -138.599
      vertex 34 56.3837 -137.109
    endloop
  endfacet
  facet normal -1 0 0
    outer loop
      vertex 34 54.9345 -136.539
      vertex 34 54.9247 -136.525
      vertex 34 55.4309 -135.962
    endloop
  endfacet
  facet normal -1 0 0
    outer loop
      vertex 34 56.6194 -138.663
      vertex 34 56.1154 -137.132
      vertex 34 56.2324 -137.118
    endloop
  endfacet
  facet normal -1 -0 0
    outer loop
      vertex 34 56.6194 -138.663
      vertex 34 56.5096 -138.706
      vertex 34 56.1154 -137.132
    endloop
  endfacet
  facet normal -1 0 -0
    outer loop
      vertex 34 56.1154 -137.132
      vertex 34 56.5096 -138.706
      vertex 34 56.0327 -137.147
    endloop
  endfacet
  facet normal -1 0 0
    outer loop
      vertex 34 56.0327 -137.147
      vertex 34 56.5096 -138.706
      vertex 34 56.4294 -138.731
    endloop
  endfacet
  facet normal -1 0 0
    outer loop
      vertex 34 55.9676 -137.164
      vertex 34 56.0327 -137.147
      vertex 34 56.4294 -138.731
    endloop
  endfacet
  facet normal -1 0 0
    outer loop
      vertex 34 55.9676 -137.164
      vertex 34 55.9837 -137.159
      vertex 34 56.0327 -137.147
    endloop
  endfacet
  facet normal -1 0 0
    outer loop
      vertex 34 56.3639 -138.747
      vertex 34 55.9676 -137.164
      vertex 34 56.4294 -138.731
    endloop
  endfacet
  facet normal -1 0 0
    outer loop
      vertex 34 56.3639 -138.747
      vertex 34 55.2104 -137.165
      vertex 34 55.9676 -137.164
    endloop
  endfacet
  facet normal -1 -0 0
    outer loop
      vertex 34 56.3639 -138.747
      vertex 34 55.6956 -139.103
      vertex 34 55.2104 -137.165
    endloop
  endfacet
  facet normal -1 0 0
    outer loop
      vertex 34 49.6285 -138.17
      vertex 34 53.5696 -134.611
      vertex 34 53.8059 -134.87
    endloop
  endfacet
  facet normal -1 -0 0
    outer loop
      vertex 34 55.9676 -137.164
      vertex 34 55.2104 -137.165
      vertex 34 55.2062 -137.148
    endloop
  endfacet
  facet normal -1 -0 0
    outer loop
      vertex 34 54.9247 -136.525
      vertex 34 50.0956 -138.731
      vertex 34 53.8059 -134.87
    endloop
  endfacet
  facet normal -1 0 0
    outer loop
      vertex 34 49.0166 -137.771
      vertex 34 51.3905 -133.031
      vertex 34 51.7012 -133.193
    endloop
  endfacet
  facet normal -1 0 0
    outer loop
      vertex 34 55.8725 -135.55
      vertex 34 54.8893 -134.416
      vertex 34 55.0637 -134.354
    endloop
  endfacet
  facet normal -1 0 -0
    outer loop
      vertex 34 54.8893 -134.416
      vertex 34 55.7497 -135.689
      vertex 34 54.7501 -134.476
    endloop
  endfacet
  facet normal -1 0 -0
    outer loop
      vertex 34 55.274 -134.293
      vertex 34 55.8725 -135.55
      vertex 34 55.0637 -134.354
    endloop
  endfacet
  facet normal -1 0 -0
    outer loop
      vertex 34 55.5205 -134.239
      vertex 34 56.007 -135.378
      vertex 34 55.274 -134.293
    endloop
  endfacet
  facet normal -1 0 0
    outer loop
      vertex 34 55.5205 -134.239
      vertex 34 56.1494 -135.169
      vertex 34 56.007 -135.378
    endloop
  endfacet
  facet normal -1 0 0
    outer loop
      vertex 34 55.5205 -134.239
      vertex 34 56.2955 -134.923
      vertex 34 56.1494 -135.169
    endloop
  endfacet
  facet normal -1 0 0
    outer loop
      vertex 34 55.5205 -134.239
      vertex 34 55.8033 -134.195
      vertex 34 56.2955 -134.923
    endloop
  endfacet
  facet normal -1 0 0
    outer loop
      vertex 34 56.2955 -134.923
      vertex 34 55.8033 -134.195
      vertex 34 56.1218 -134.166
    endloop
  endfacet
  facet normal -1 -0 0
    outer loop
      vertex 34 56.4412 -134.639
      vertex 34 56.2955 -134.923
      vertex 34 56.1218 -134.166
    endloop
  endfacet
  facet normal -1 0 0
    outer loop
      vertex 34 55.274 -134.293
      vertex 34 56.007 -135.378
      vertex 34 55.8725 -135.55
    endloop
  endfacet
  facet normal -1 -0 0
    outer loop
      vertex 34 51.3905 -133.031
      vertex 34 49.0166 -137.771
      vertex 34 51.071 -132.887
    endloop
  endfacet
  facet normal -1 0 0
    outer loop
      vertex 34 54.8893 -134.416
      vertex 34 55.8725 -135.55
      vertex 34 55.7497 -135.689
    endloop
  endfacet
  facet normal -1 0 0
    outer loop
      vertex 34 53.6016 -133.664
      vertex 34 53.6418 -133.61
      vertex 34 53.6122 -133.651
    endloop
  endfacet
  facet normal -1 0 0
    outer loop
      vertex 34 54.7501 -134.476
      vertex 34 55.7497 -135.689
      vertex 34 55.6423 -135.796
    endloop
  endfacet
  facet normal -1 0 -0
    outer loop
      vertex 34 52.7066 -132.278
      vertex 34 53.8758 -133.126
      vertex 34 52.564 -132.396
    endloop
  endfacet
  facet normal -1 0 0
    outer loop
      vertex 34 55.5537 -135.873
      vertex 34 54.7501 -134.476
      vertex 34 55.6423 -135.796
    endloop
  endfacet
  facet normal -1 0 0
    outer loop
      vertex 34 55.5537 -135.873
      vertex 34 54.645 -134.529
      vertex 34 54.7501 -134.476
    endloop
  endfacet
  facet normal -1 0 0
    outer loop
      vertex 34 55.5537 -135.873
      vertex 34 54.5725 -134.572
      vertex 34 54.645 -134.529
    endloop
  endfacet
  facet normal -1 -0 0
    outer loop
      vertex 34 55.5537 -135.873
      vertex 34 55.4871 -135.925
      vertex 34 54.5725 -134.572
    endloop
  endfacet
  facet normal -1 0 0
    outer loop
      vertex 34 54.5725 -134.572
      vertex 34 55.4871 -135.925
      vertex 34 55.4309 -135.962
    endloop
  endfacet
  facet normal -1 0 0
    outer loop
      vertex 34 48.3144 -137.57
      vertex 34 51.071 -132.887
      vertex 34 49.0166 -137.771
    endloop
  endfacet
  facet normal -1 0 -0
    outer loop
      vertex 34 54.5306 -134.6
      vertex 34 54.5725 -134.572
      vertex 34 54.5171 -134.61
    endloop
  endfacet
  facet normal -1 0 0
    outer loop
      vertex 34 54.5171 -134.61
      vertex 34 54.5725 -134.572
      vertex 34 55.4309 -135.962
    endloop
  endfacet
  facet normal -1 0 0
    outer loop
      vertex 34 53.8059 -134.87
      vertex 34 54.5171 -134.61
      vertex 34 55.4309 -135.962
    endloop
  endfacet
  facet normal -1 0 0
    outer loop
      vertex 34 54.9247 -136.525
      vertex 34 53.8059 -134.87
      vertex 34 55.4309 -135.962
    endloop
  endfacet
  facet normal -1 0 0
    outer loop
      vertex 34 53.8059 -134.87
      vertex 34 53.7961 -134.855
      vertex 34 54.5171 -134.61
    endloop
  endfacet
  facet normal -1 0 0
    outer loop
      vertex 34 53.3186 -134.366
      vertex 34 53.6016 -133.664
      vertex 34 53.3327 -134.376
    endloop
  endfacet
  facet normal -1 0 0
    outer loop
      vertex 34 52.4537 -132.5
      vertex 34 52.564 -132.396
      vertex 34 53.8078 -133.298
    endloop
  endfacet
  facet normal -1 0 0
    outer loop
      vertex 34 52.7066 -132.278
      vertex 34 52.8835 -132.15
      vertex 34 53.8758 -133.126
    endloop
  endfacet
  facet normal -1 -0 0
    outer loop
      vertex 34 54.0057 -132.673
      vertex 34 53.9432 -132.918
      vertex 34 52.8835 -132.15
    endloop
  endfacet
  facet normal -1 0 -0
    outer loop
      vertex 34 53.0965 -132.014
      vertex 34 54.0057 -132.673
      vertex 34 52.8835 -132.15
    endloop
  endfacet
  facet normal -1 0 0
    outer loop
      vertex 34 53.0965 -132.014
      vertex 34 54.0589 -132.392
      vertex 34 54.0057 -132.673
    endloop
  endfacet
  facet normal -1 0 0
    outer loop
      vertex 34 53.0965 -132.014
      vertex 34 53.3472 -131.876
      vertex 34 54.0589 -132.392
    endloop
  endfacet
  facet normal -1 0 0
    outer loop
      vertex 34 54.0589 -132.392
      vertex 34 53.3472 -131.876
      vertex 34 54.0984 -132.075
    endloop
  endfacet
  facet normal -1 0 0
    outer loop
      vertex 34 54.0984 -132.075
      vertex 34 53.3472 -131.876
      vertex 34 53.6366 -131.74
    endloop
  endfacet
  facet normal -1 0 0
    outer loop
      vertex 34 52.8835 -132.15
      vertex 34 53.9432 -132.918
      vertex 34 53.8758 -133.126
    endloop
  endfacet
  facet normal -1 0 -0
    outer loop
      vertex 34 48.8025 -132.292
      vertex 34 49.15 -132.338
      vertex 34 48.3144 -137.57
    endloop
  endfacet
  facet normal -1 -0 0
    outer loop
      vertex 34 53.8758 -133.126
      vertex 34 53.8078 -133.298
      vertex 34 52.564 -132.396
    endloop
  endfacet
  facet normal -1 -0 0
    outer loop
      vertex 34 53.8078 -133.298
      vertex 34 53.7435 -133.435
      vertex 34 52.4537 -132.5
    endloop
  endfacet
  facet normal -1 0 0
    outer loop
      vertex 34 52.4537 -132.5
      vertex 34 53.7435 -133.435
      vertex 34 53.6868 -133.539
    endloop
  endfacet
  facet normal -1 0 0
    outer loop
      vertex 34 52.3731 -132.586
      vertex 34 52.4537 -132.5
      vertex 34 53.6868 -133.539
    endloop
  endfacet
  facet normal -1 0 0
    outer loop
      vertex 34 53.6418 -133.61
      vertex 34 52.3731 -132.586
      vertex 34 53.6868 -133.539
    endloop
  endfacet
  facet normal -1 0 0
    outer loop
      vertex 34 53.6418 -133.61
      vertex 34 52.3195 -132.651
      vertex 34 52.3731 -132.586
    endloop
  endfacet
  facet normal -1 0 0
    outer loop
      vertex 34 53.6418 -133.61
      vertex 34 52.2807 -132.706
      vertex 34 52.3195 -132.651
    endloop
  endfacet
  facet normal -1 0 0
    outer loop
      vertex 34 52.3195 -132.651
      vertex 34 52.2807 -132.706
      vertex 34 52.2898 -132.692
    endloop
  endfacet
  facet normal -1 -0 0
    outer loop
      vertex 34 53.6418 -133.61
      vertex 34 53.6016 -133.664
      vertex 34 52.2807 -132.706
    endloop
  endfacet
  facet normal -1 0 -0
    outer loop
      vertex 34 52.2807 -132.706
      vertex 34 53.6016 -133.664
      vertex 34 51.7012 -133.193
    endloop
  endfacet
  facet normal -1 0 0
    outer loop
      vertex 34 51.687 -133.183
      vertex 34 52.2807 -132.706
      vertex 34 51.7012 -133.193
    endloop
  endfacet
  facet normal -1 0 0
    outer loop
      vertex 34 46.891 -137.815
      vertex 34 43.3754 -133.784
      vertex 34 43.66 -133.579
    endloop
  endfacet
  facet normal -1 0 0
    outer loop
      vertex 34 51.7012 -133.193
      vertex 34 53.6016 -133.664
      vertex 34 53.3186 -134.366
    endloop
  endfacet
  facet normal -1 0 0
    outer loop
      vertex 34 47.9539 -137.8
      vertex 34 47.5842 -137.586
      vertex 34 48.3144 -137.57
    endloop
  endfacet
  facet normal -1 0 -0
    outer loop
      vertex 34 48.4529 -132.266
      vertex 34 48.8025 -132.292
      vertex 34 48.3144 -137.57
    endloop
  endfacet
  facet normal -1 0 0
    outer loop
      vertex 34 51.1704 -131.531
      vertex 34 49.6882 -131.294
      vertex 34 49.7817 -131.134
    endloop
  endfacet
  facet normal -1 0 0
    outer loop
      vertex 34 51.0967 -132.13
      vertex 34 51.0877 -132.892
      vertex 34 51.071 -132.887
    endloop
  endfacet
  facet normal -1 0 0
    outer loop
      vertex 34 51.116 -132.066
      vertex 34 51.1022 -132.114
      vertex 34 51.0967 -132.13
    endloop
  endfacet
  facet normal -1 0 -0
    outer loop
      vertex 34 49.6882 -131.294
      vertex 34 51.1655 -131.716
      vertex 34 49.62 -131.429
    endloop
  endfacet
  facet normal -1 0 -0
    outer loop
      vertex 34 49.904 -130.953
      vertex 34 51.1704 -131.531
      vertex 34 49.7817 -131.134
    endloop
  endfacet
  facet normal -1 -0 -0
    outer loop
      vertex 34 51.1376 -131.061
      vertex 34 51.1626 -131.312
      vertex 34 49.904 -130.953
    endloop
  endfacet
  facet normal -1 0 -0
    outer loop
      vertex 34 50.0579 -130.753
      vertex 34 51.1376 -131.061
      vertex 34 49.904 -130.953
    endloop
  endfacet
  facet normal -1 0 0
    outer loop
      vertex 34 50.0579 -130.753
      vertex 34 51.0914 -130.779
      vertex 34 51.1376 -131.061
    endloop
  endfacet
  facet normal -1 0 0
    outer loop
      vertex 34 50.0579 -130.753
      vertex 34 50.2463 -130.537
      vertex 34 51.0914 -130.779
    endloop
  endfacet
  facet normal -1 0 0
    outer loop
      vertex 34 51.0914 -130.779
      vertex 34 50.2463 -130.537
      vertex 34 50.4715 -130.31
    endloop
  endfacet
  facet normal -1 0 0
    outer loop
      vertex 34 49.904 -130.953
      vertex 34 51.1626 -131.312
      vertex 34 51.1704 -131.531
    endloop
  endfacet
  facet normal -1 0 0
    outer loop
      vertex 34 50.4715 -130.31
      vertex 34 51.0201 -130.467
      vertex 34 51.0914 -130.779
    endloop
  endfacet
  facet normal -1 0 0
    outer loop
      vertex 34 47.5842 -137.586
      vertex 34 48.4529 -132.266
      vertex 34 48.3144 -137.57
    endloop
  endfacet
  facet normal -1 0 0
    outer loop
      vertex 34 49.62 -131.429
      vertex 34 51.1655 -131.716
      vertex 34 51.1519 -131.867
    endloop
  endfacet
  facet normal -1 0 0
    outer loop
      vertex 34 51.134 -131.983
      vertex 34 49.62 -131.429
      vertex 34 51.1519 -131.867
    endloop
  endfacet
  facet normal -1 0 0
    outer loop
      vertex 34 51.134 -131.983
      vertex 34 49.5737 -131.538
      vertex 34 49.62 -131.429
    endloop
  endfacet
  facet normal -1 -0 0
    outer loop
      vertex 34 51.134 -131.983
      vertex 34 51.116 -132.066
      vertex 34 49.5737 -131.538
    endloop
  endfacet
  facet normal -1 0 -0
    outer loop
      vertex 34 49.5737 -131.538
      vertex 34 51.116 -132.066
      vertex 34 49.5455 -131.617
    endloop
  endfacet
  facet normal -1 0 -0
    outer loop
      vertex 34 49.5455 -131.617
      vertex 34 51.116 -132.066
      vertex 34 49.5279 -131.682
    endloop
  endfacet
  facet normal -1 0 -0
    outer loop
      vertex 34 49.5316 -131.666
      vertex 34 49.5455 -131.617
      vertex 34 49.5279 -131.682
    endloop
  endfacet
  facet normal -1 0 0
    outer loop
      vertex 34 49.5279 -131.682
      vertex 34 51.116 -132.066
      vertex 34 51.0967 -132.13
    endloop
  endfacet
  facet normal -1 0 0
    outer loop
      vertex 34 49.15 -132.338
      vertex 34 49.5279 -131.682
      vertex 34 51.0967 -132.13
    endloop
  endfacet
  facet normal -1 0 0
    outer loop
      vertex 34 51.071 -132.887
      vertex 34 49.15 -132.338
      vertex 34 51.0967 -132.13
    endloop
  endfacet
  facet normal -1 0 0
    outer loop
      vertex 34 49.15 -132.338
      vertex 34 49.1332 -132.333
      vertex 34 49.5279 -131.682
    endloop
  endfacet
  facet normal -1 0 0
    outer loop
      vertex 34 47.5842 -137.586
      vertex 34 46.46 -132.407
      vertex 34 48.4529 -132.266
    endloop
  endfacet
  facet normal -1 -0 0
    outer loop
      vertex 34 48.1802 -131.279
      vertex 34 46.591 -131.392
      vertex 34 48.1413 -131.133
    endloop
  endfacet
  facet normal -1 0 0
    outer loop
      vertex 34 47.5842 -137.586
      vertex 34 46.1177 -132.482
      vertex 34 46.46 -132.407
    endloop
  endfacet
  facet normal -1 0 0
    outer loop
      vertex 34 48.4529 -132.266
      vertex 34 48.2183 -131.546
      vertex 34 48.4703 -132.264
    endloop
  endfacet
  facet normal -1 -0 -0
    outer loop
      vertex 34 48.2181 -131.529
      vertex 34 48.2183 -131.546
      vertex 34 48.2144 -131.478
    endloop
  endfacet
  facet normal -1 0 0
    outer loop
      vertex 34 48.1413 -131.133
      vertex 34 46.591 -131.392
      vertex 34 46.6088 -131.242
    endloop
  endfacet
  facet normal -1 -0 0
    outer loop
      vertex 34 48.0827 -130.957
      vertex 34 46.642 -131.06
      vertex 34 46.6948 -130.847
    endloop
  endfacet
  facet normal -1 -0 0
    outer loop
      vertex 34 48.0005 -130.755
      vertex 34 46.6948 -130.847
      vertex 34 47.8911 -130.527
    endloop
  endfacet
  facet normal -1 0 -0
    outer loop
      vertex 34 48.0005 -130.755
      vertex 34 48.0827 -130.957
      vertex 34 46.6948 -130.847
    endloop
  endfacet
  facet normal -1 0 -0
    outer loop
      vertex 34 46.771 -130.606
      vertex 34 47.8911 -130.527
      vertex 34 46.6948 -130.847
    endloop
  endfacet
  facet normal -1 0 0
    outer loop
      vertex 34 46.771 -130.606
      vertex 34 46.8743 -130.34
      vertex 34 47.8911 -130.527
    endloop
  endfacet
  facet normal -1 0 0
    outer loop
      vertex 34 47.8911 -130.527
      vertex 34 46.8743 -130.34
      vertex 34 47.7511 -130.277
    endloop
  endfacet
  facet normal -1 0 -0
    outer loop
      vertex 34 47.5774 -130.009
      vertex 34 47.7511 -130.277
      vertex 34 46.8743 -130.34
    endloop
  endfacet
  facet normal -1 0 -0
    outer loop
      vertex 34 47.0084 -130.049
      vertex 34 47.5774 -130.009
      vertex 34 46.8743 -130.34
    endloop
  endfacet
  facet normal -1 -0 0
    outer loop
      vertex 34 45.2478 -131.844
      vertex 34 43.7661 -132.506
      vertex 34 45.1867 -131.744
    endloop
  endfacet
  facet normal -1 0 -0
    outer loop
      vertex 34 46.642 -131.06
      vertex 34 48.0827 -130.957
      vertex 34 46.6088 -131.242
    endloop
  endfacet
  facet normal -1 0 0
    outer loop
      vertex 34 46.6088 -131.242
      vertex 34 48.0827 -130.957
      vertex 34 48.1413 -131.133
    endloop
  endfacet
  facet normal -1 0 0
    outer loop
      vertex 34 48.2032 -131.395
      vertex 34 46.591 -131.392
      vertex 34 48.1802 -131.279
    endloop
  endfacet
  facet normal -1 0 -0
    outer loop
      vertex 34 44.4408 -130.949
      vertex 34 44.6577 -131.136
      vertex 34 43.6323 -131.593
    endloop
  endfacet
  facet normal -1 -0 0
    outer loop
      vertex 34 48.2032 -131.395
      vertex 34 46.5845 -131.51
      vertex 34 46.591 -131.392
    endloop
  endfacet
  facet normal -1 -0 0
    outer loop
      vertex 34 44.9849 -131.474
      vertex 34 43.6661 -132.063
      vertex 34 44.8383 -131.312
    endloop
  endfacet
  facet normal -1 0 0
    outer loop
      vertex 34 48.2032 -131.395
      vertex 34 46.5852 -131.594
      vertex 34 46.5845 -131.51
    endloop
  endfacet
  facet normal -1 0 0
    outer loop
      vertex 34 43.6972 -132.246
      vertex 34 45.1001 -131.619
      vertex 34 45.1867 -131.744
    endloop
  endfacet
  facet normal -1 0 -0
    outer loop
      vertex 34 48.2032 -131.395
      vertex 34 48.2144 -131.478
      vertex 34 46.5852 -131.594
    endloop
  endfacet
  facet normal -1 0 0
    outer loop
      vertex 34 46.5852 -131.594
      vertex 34 48.2144 -131.478
      vertex 34 48.2183 -131.546
    endloop
  endfacet
  facet normal -1 0 0
    outer loop
      vertex 34 46.5887 -131.644
      vertex 34 46.5852 -131.594
      vertex 34 46.5908 -131.661
    endloop
  endfacet
  facet normal -1 0 0
    outer loop
      vertex 34 45.7804 -132.577
      vertex 34 45.3136 -131.981
      vertex 34 45.7962 -132.57
    endloop
  endfacet
  facet normal -1 0 0
    outer loop
      vertex 34 46.5908 -131.661
      vertex 34 46.5852 -131.594
      vertex 34 48.2183 -131.546
    endloop
  endfacet
  facet normal -1 0 0
    outer loop
      vertex 34 48.4529 -132.266
      vertex 34 46.5908 -131.661
      vertex 34 48.2183 -131.546
    endloop
  endfacet
  facet normal -1 -0 0
    outer loop
      vertex 34 46.46 -132.407
      vertex 34 46.4427 -132.408
      vertex 34 46.5908 -131.661
    endloop
  endfacet
  facet normal -1 -0 0
    outer loop
      vertex 34 48.4529 -132.266
      vertex 34 46.46 -132.407
      vertex 34 46.5908 -131.661
    endloop
  endfacet
  facet normal -1 0 -0
    outer loop
      vertex 34 46.1177 -132.482
      vertex 34 47.5842 -137.586
      vertex 34 45.7804 -132.577
    endloop
  endfacet
  facet normal -1 0 -0
    outer loop
      vertex 34 45.3136 -131.981
      vertex 34 45.7804 -132.577
      vertex 34 43.956 -133.391
    endloop
  endfacet
  facet normal -1 0 -0
    outer loop
      vertex 34 45.7804 -132.577
      vertex 34 46.891 -137.815
      vertex 34 43.956 -133.391
    endloop
  endfacet
  facet normal -1 0 0
    outer loop
      vertex 34 45.1867 -131.744
      vertex 34 43.7319 -132.393
      vertex 34 43.6972 -132.246
    endloop
  endfacet
  facet normal -1 0 0
    outer loop
      vertex 34 43.6972 -132.246
      vertex 34 43.6661 -132.063
      vertex 34 45.1001 -131.619
    endloop
  endfacet
  facet normal -1 -0 0
    outer loop
      vertex 34 45.1001 -131.619
      vertex 34 43.6661 -132.063
      vertex 34 44.9849 -131.474
    endloop
  endfacet
  facet normal -1 0 0
    outer loop
      vertex 34 44.8383 -131.312
      vertex 34 43.6661 -132.063
      vertex 34 43.6431 -131.846
    endloop
  endfacet
  facet normal -1 0 -0
    outer loop
      vertex 34 44.6577 -131.136
      vertex 34 44.8383 -131.312
      vertex 34 43.6323 -131.593
    endloop
  endfacet
  facet normal -1 0 -0
    outer loop
      vertex 34 43.6382 -131.307
      vertex 34 44.4408 -130.949
      vertex 34 43.6323 -131.593
    endloop
  endfacet
  facet normal -1 0 -0
    outer loop
      vertex 34 44.1858 -130.756
      vertex 34 44.4408 -130.949
      vertex 34 43.6649 -130.989
    endloop
  endfacet
  facet normal -1 -0 0
    outer loop
      vertex 34 51.071 -132.887
      vertex 34 48.3144 -137.57
      vertex 34 49.15 -132.338
    endloop
  endfacet
  facet normal -1 0 -0
    outer loop
      vertex 34 50.0956 -138.731
      vertex 34 50.3766 -139.405
      vertex 34 50.0306 -139.154
    endloop
  endfacet
  facet normal -1 0 0
    outer loop
      vertex 34 55.2104 -137.165
      vertex 34 50.3766 -139.405
      vertex 34 50.0956 -138.731
    endloop
  endfacet
  facet normal -1 0 0
    outer loop
      vertex 34 48.6043 -137.885
      vertex 34 48.3144 -137.57
      vertex 34 49.0166 -137.771
    endloop
  endfacet
  facet normal -1 0 0
    outer loop
      vertex 34 46.2964 -138.239
      vertex 34 46.2516 -138.665
      vertex 34 45.8531 -138.82
    endloop
  endfacet
  facet normal -1 0 -0
    outer loop
      vertex 34 55.6956 -139.103
      vertex 34 55.7306 -139.452
      vertex 34 50.4464 -140.132
    endloop
  endfacet
  facet normal -1 0 0
    outer loop
      vertex 34 49.0166 -137.771
      vertex 34 49.6285 -138.17
      vertex 34 49.201 -138.157
    endloop
  endfacet
  facet normal -1 -0 0
    outer loop
      vertex 34 55.5383 -141.789
      vertex 34 55.4519 -142.129
      vertex 34 50.2989 -140.847
    endloop
  endfacet
  facet normal -1 -0 0
    outer loop
      vertex 34 55.0769 -136.841
      vertex 34 50.0956 -138.731
      vertex 34 54.9247 -136.525
    endloop
  endfacet
  facet normal -1 0 0
    outer loop
      vertex 34 55.6956 -139.103
      vertex 34 50.4464 -140.132
      vertex 34 50.3766 -139.405
    endloop
  endfacet
  facet normal -1 -0 0
    outer loop
      vertex 34 55.6956 -139.103
      vertex 34 50.3766 -139.405
      vertex 34 55.2104 -137.165
    endloop
  endfacet
  facet normal -1 -0 0
    outer loop
      vertex 34 54.0605 -144.827
      vertex 34 52.6246 -146.216
      vertex 34 49.4222 -141.995
    endloop
  endfacet
  facet normal -1 0 0
    outer loop
      vertex 34 55.5383 -141.789
      vertex 34 50.2989 -140.847
      vertex 34 50.4464 -140.132
    endloop
  endfacet
  facet normal -1 0 0
    outer loop
      vertex 34 55.5383 -141.789
      vertex 34 50.4464 -140.132
      vertex 34 55.7452 -139.802
    endloop
  endfacet
  facet normal -1 -0 0
    outer loop
      vertex 34 52.044 -146.609
      vertex 34 50.2196 -147.423
      vertex 34 48.771 -142.326
    endloop
  endfacet
  facet normal -1 0 0
    outer loop
      vertex 34 54.4718 -144.259
      vertex 34 49.947 -141.487
      vertex 34 50.2989 -140.847
    endloop
  endfacet
  facet normal -1 0 0
    outer loop
      vertex 34 54.4718 -144.259
      vertex 34 50.2989 -140.847
      vertex 34 55.3458 -142.463
    endloop
  endfacet
  facet normal -1 -0 0
    outer loop
      vertex 34 49.54 -147.593
      vertex 34 47.5471 -147.734
      vertex 34 48.0513 -142.449
    endloop
  endfacet
  facet normal -1 0 0
    outer loop
      vertex 34 54.0605 -144.827
      vertex 34 49.4222 -141.995
      vertex 34 49.947 -141.487
    endloop
  endfacet
  facet normal -1 0 0
    outer loop
      vertex 34 54.0605 -144.827
      vertex 34 49.947 -141.487
      vertex 34 54.2744 -144.549
    endloop
  endfacet
  facet normal -1 0 0
    outer loop
      vertex 34 48.0513 -142.449
      vertex 34 47.1975 -147.708
      vertex 34 46.85 -147.662
    endloop
  endfacet
  facet normal -1 -0 0
    outer loop
      vertex 34 52.34 -146.421
      vertex 34 52.044 -146.609
      vertex 34 49.4222 -141.995
    endloop
  endfacet
  facet normal -1 0 0
    outer loop
      vertex 34 49.947 -141.487
      vertex 34 49.4222 -141.995
      vertex 34 49.5298 -141.581
    endloop
  endfacet
  facet normal -1 0 0
    outer loop
      vertex 34 44.929 -147.113
      vertex 34 44.6095 -146.969
      vertex 34 46.6625 -142.053
    endloop
  endfacet
  facet normal -1 0 -0
    outer loop
      vertex 34 48.9958 -141.962
      vertex 34 49.4222 -141.995
      vertex 34 48.771 -142.326
    endloop
  endfacet
  facet normal -1 -0 0
    outer loop
      vertex 34 50.2196 -147.423
      vertex 34 49.8823 -147.518
      vertex 34 48.771 -142.326
    endloop
  endfacet
  facet normal -1 -0 0
    outer loop
      vertex 34 46.6625 -142.053
      vertex 34 42.6814 -145.634
      vertex 34 46.1169 -141.567
    endloop
  endfacet
  facet normal -1 0 0
    outer loop
      vertex 34 47.5471 -147.734
      vertex 34 47.1975 -147.708
      vertex 34 48.0513 -142.449
    endloop
  endfacet
  facet normal -1 -0 0
    outer loop
      vertex 34 48.771 -142.326
      vertex 34 48.0513 -142.449
      vertex 34 48.3734 -142.168
    endloop
  endfacet
  facet normal -1 0 0
    outer loop
      vertex 34 46.1169 -141.567
      vertex 34 42.4304 -145.389
      vertex 34 42.1941 -145.13
    endloop
  endfacet
  facet normal -1 0 0
    outer loop
      vertex 34 44.929 -147.113
      vertex 34 46.6625 -142.053
      vertex 34 47.327 -142.356
    endloop
  endfacet
  facet normal -1 0 0
    outer loop
      vertex 34 44.929 -147.113
      vertex 34 47.327 -142.356
      vertex 34 46.85 -147.662
    endloop
  endfacet
  facet normal -1 0 0
    outer loop
      vertex 34 46.1169 -141.567
      vertex 34 46.5377 -141.644
      vertex 34 46.6625 -142.053
    endloop
  endfacet
  facet normal -1 0 0
    outer loop
      vertex 34 44.2988 -146.807
      vertex 34 42.6814 -145.634
      vertex 34 46.6625 -142.053
    endloop
  endfacet
  facet normal -1 0 0
    outer loop
      vertex 34 45.7386 -140.943
      vertex 34 46.1182 -141.14
      vertex 34 46.1169 -141.567
    endloop
  endfacet
  facet normal -1 0 0
    outer loop
      vertex 34 41.0753 -143.475
      vertex 34 45.7386 -140.943
      vertex 34 46.1169 -141.567
    endloop
  endfacet
  facet normal -1 0 0
    outer loop
      vertex 34 41.0753 -143.475
      vertex 34 46.1169 -141.567
      vertex 34 42.1941 -145.13
    endloop
  endfacet
  facet normal -1 0 0
    outer loop
      vertex 34 40.3044 -140.897
      vertex 34 45.5612 -140.234
      vertex 34 45.7386 -140.943
    endloop
  endfacet
  facet normal -1 0 0
    outer loop
      vertex 34 40.3044 -140.897
      vertex 34 45.7386 -140.943
      vertex 34 40.7896 -142.835
    endloop
  endfacet
  facet normal -1 0 0
    outer loop
      vertex 34 40.2548 -140.198
      vertex 34 45.6005 -139.505
      vertex 34 45.5612 -140.234
    endloop
  endfacet
  facet normal -1 0 0
    outer loop
      vertex 34 40.2694 -140.548
      vertex 34 40.2548 -140.198
      vertex 34 45.5612 -140.234
    endloop
  endfacet
  facet normal -1 0 0
    outer loop
      vertex 34 45.7386 -140.943
      vertex 34 45.5612 -140.234
      vertex 34 45.8659 -140.534
    endloop
  endfacet
  facet normal -1 -0 0
    outer loop
      vertex 34 45.8032 -139.882
      vertex 34 45.5612 -140.234
      vertex 34 45.6005 -139.505
    endloop
  endfacet
  facet normal -1 0 0
    outer loop
      vertex 34 40.4617 -138.211
      vertex 34 40.5481 -137.871
      vertex 34 45.6005 -139.505
    endloop
  endfacet
  facet normal -1 0 0
    outer loop
      vertex 34 40.6542 -137.537
      vertex 34 41.5282 -135.741
      vertex 34 45.8531 -138.82
    endloop
  endfacet
  facet normal -1 -0 0
    outer loop
      vertex 34 45.9357 -139.239
      vertex 34 45.6005 -139.505
      vertex 34 45.8531 -138.82
    endloop
  endfacet
  facet normal -1 0 0
    outer loop
      vertex 34 45.7804 -132.577
      vertex 34 47.5842 -137.586
      vertex 34 46.891 -137.815
    endloop
  endfacet
  facet normal -1 -0 0
    outer loop
      vertex 34 46.2964 -138.239
      vertex 34 45.8531 -138.82
      vertex 34 41.9395 -135.173
    endloop
  endfacet
  facet normal -1 -0 0
    outer loop
      vertex 34 46.891 -137.815
      vertex 34 46.2964 -138.239
      vertex 34 43.3754 -133.784
    endloop
  endfacet
  facet normal -1 0 0
    outer loop
      vertex 34 47.5842 -137.586
      vertex 34 47.3077 -137.912
      vertex 34 46.891 -137.815
    endloop
  endfacet
  facet normal -1 0 -0
    outer loop
      vertex 34 43.956 -133.391
      vertex 34 46.891 -137.815
      vertex 34 43.66 -133.579
    endloop
  endfacet
  facet normal -1 0 0
    outer loop
      vertex 34 46.891 -137.815
      vertex 34 46.7229 -138.209
      vertex 34 46.2964 -138.239
    endloop
  endfacet
  facet normal 1 -0 0
    outer loop
      vertex 37.2 40.8442 -133.015
      vertex 37.2 40.9282 -133.323
      vertex 37.2 41.2542 -132.618
    endloop
  endfacet
  facet normal 1 0 0
    outer loop
      vertex 37.2 44.4408 -130.949
      vertex 37.2 43.6649 -130.989
      vertex 37.2 43.6382 -131.307
    endloop
  endfacet
  facet normal 1 -0 0
    outer loop
      vertex 37.2 43.7319 -132.393
      vertex 37.2 43.7661 -132.506
      vertex 37.2 45.1867 -131.744
    endloop
  endfacet
  facet normal 1 -0 0
    outer loop
      vertex 37.2 43.6323 -131.593
      vertex 37.2 43.6431 -131.846
      vertex 37.2 44.8383 -131.312
    endloop
  endfacet
  facet normal 1 0 0
    outer loop
      vertex 37.2 43.7661 -132.506
      vertex 37.2 45.2869 -131.919
      vertex 37.2 45.2478 -131.844
    endloop
  endfacet
  facet normal 1 0 -0
    outer loop
      vertex 37.2 43.7954 -132.585
      vertex 37.2 45.2869 -131.919
      vertex 37.2 43.7661 -132.506
    endloop
  endfacet
  facet normal 1 0 -0
    outer loop
      vertex 37.2 43.8237 -132.646
      vertex 37.2 45.2869 -131.919
      vertex 37.2 43.7954 -132.585
    endloop
  endfacet
  facet normal 1 0 0
    outer loop
      vertex 37.2 43.8237 -132.646
      vertex 37.2 43.7954 -132.585
      vertex 37.2 43.816 -132.631
    endloop
  endfacet
  facet normal 1 0 0
    outer loop
      vertex 37.2 45.3136 -131.981
      vertex 37.2 45.2869 -131.919
      vertex 37.2 43.8237 -132.646
    endloop
  endfacet
  facet normal 1 0 0
    outer loop
      vertex 37.2 45.3136 -131.981
      vertex 37.2 43.8237 -132.646
      vertex 37.2 43.956 -133.391
    endloop
  endfacet
  facet normal 1 0 0
    outer loop
      vertex 37.2 45.3076 -131.965
      vertex 37.2 45.2869 -131.919
      vertex 37.2 45.3136 -131.981
    endloop
  endfacet
  facet normal 1 0 -0
    outer loop
      vertex 37.2 43.9401 -133.399
      vertex 37.2 43.956 -133.391
      vertex 37.2 43.8237 -132.646
    endloop
  endfacet
  facet normal 1 0 0
    outer loop
      vertex 37.2 51.1704 -131.531
      vertex 37.2 49.6882 -131.294
      vertex 37.2 51.1655 -131.716
    endloop
  endfacet
  facet normal 1 0 0
    outer loop
      vertex 37.2 42.3132 -146.461
      vertex 37.2 43.5463 -147.5
      vertex 37.2 43.6269 -147.414
    endloop
  endfacet
  facet normal 1 0 0
    outer loop
      vertex 37.2 43.3754 -133.784
      vertex 37.2 41.9395 -135.173
      vertex 37.2 46.2964 -138.239
    endloop
  endfacet
  facet normal 1 0 0
    outer loop
      vertex 37.2 40.6542 -137.537
      vertex 37.2 45.6005 -139.505
      vertex 37.2 45.8531 -138.82
    endloop
  endfacet
  facet normal 1 0 0
    outer loop
      vertex 37.2 43.3879 -133.772
      vertex 37.2 42.7329 -133.383
      vertex 37.2 43.3754 -133.784
    endloop
  endfacet
  facet normal 1 0 0
    outer loop
      vertex 37.2 42.7219 -133.371
      vertex 37.2 42.6867 -133.334
      vertex 37.2 42.7329 -133.383
    endloop
  endfacet
  facet normal 1 -0 0
    outer loop
      vertex 37.2 40.7896 -142.835
      vertex 37.2 40.9231 -143.159
      vertex 37.2 45.7386 -140.943
    endloop
  endfacet
  facet normal 1 0 0
    outer loop
      vertex 37.2 42.4087 -133.117
      vertex 37.2 41.3045 -134.185
      vertex 37.2 42.5325 -133.204
    endloop
  endfacet
  facet normal 1 0 0
    outer loop
      vertex 37.2 42.2509 -133.02
      vertex 37.2 42.0576 -132.917
      vertex 37.2 41.2129 -134.024
    endloop
  endfacet
  facet normal 1 0 0
    outer loop
      vertex 37.2 42.0576 -132.917
      vertex 37.2 41.0205 -133.594
      vertex 37.2 41.1168 -133.827
    endloop
  endfacet
  facet normal 1 0 0
    outer loop
      vertex 37.2 41.8275 -132.813
      vertex 37.2 41.0205 -133.594
      vertex 37.2 42.0576 -132.917
    endloop
  endfacet
  facet normal 1 -0 0
    outer loop
      vertex 37.2 40.9282 -133.323
      vertex 37.2 41.0205 -133.594
      vertex 37.2 41.8275 -132.813
    endloop
  endfacet
  facet normal 1 0 0
    outer loop
      vertex 37.2 40.9282 -133.323
      vertex 37.2 41.8275 -132.813
      vertex 37.2 41.5598 -132.712
    endloop
  endfacet
  facet normal 1 0 0
    outer loop
      vertex 37.2 40.9282 -133.323
      vertex 37.2 41.5598 -132.712
      vertex 37.2 41.2542 -132.618
    endloop
  endfacet
  facet normal 1 0 -0
    outer loop
      vertex 37.2 41.2129 -134.024
      vertex 37.2 42.0576 -132.917
      vertex 37.2 41.1168 -133.827
    endloop
  endfacet
  facet normal 1 0 0
    outer loop
      vertex 37.2 42.4087 -133.117
      vertex 37.2 42.2509 -133.02
      vertex 37.2 41.2129 -134.024
    endloop
  endfacet
  facet normal 1 0 0
    outer loop
      vertex 37.2 42.4087 -133.117
      vertex 37.2 41.2129 -134.024
      vertex 37.2 41.3045 -134.185
    endloop
  endfacet
  facet normal 1 0 0
    outer loop
      vertex 37.2 38.8867 -135.883
      vertex 37.2 39.4556 -135.354
      vertex 37.2 39.1362 -135.37
    endloop
  endfacet
  facet normal 1 0 0
    outer loop
      vertex 37.2 42.5325 -133.204
      vertex 37.2 41.3045 -134.185
      vertex 37.2 41.3876 -134.312
    endloop
  endfacet
  facet normal 1 0 0
    outer loop
      vertex 37.2 42.5325 -133.204
      vertex 37.2 41.3876 -134.312
      vertex 37.2 41.4583 -134.406
    endloop
  endfacet
  facet normal 1 0 0
    outer loop
      vertex 37.2 42.5325 -133.204
      vertex 37.2 41.4583 -134.406
      vertex 37.2 42.6244 -133.278
    endloop
  endfacet
  facet normal 1 -0 0
    outer loop
      vertex 37.2 41.4583 -134.406
      vertex 37.2 41.5129 -134.47
      vertex 37.2 42.6244 -133.278
    endloop
  endfacet
  facet normal 1 0 0
    outer loop
      vertex 37.2 41.5129 -134.47
      vertex 37.2 42.6867 -133.334
      vertex 37.2 42.6244 -133.278
    endloop
  endfacet
  facet normal 1 0 0
    outer loop
      vertex 37.2 42.7329 -133.383
      vertex 37.2 42.6867 -133.334
      vertex 37.2 41.5129 -134.47
    endloop
  endfacet
  facet normal 1 0 0
    outer loop
      vertex 37.2 41.5603 -134.518
      vertex 37.2 41.5129 -134.47
      vertex 37.2 41.5479 -134.506
    endloop
  endfacet
  facet normal 1 0 0
    outer loop
      vertex 37.2 42.7329 -133.383
      vertex 37.2 41.5129 -134.47
      vertex 37.2 41.5603 -134.518
    endloop
  endfacet
  facet normal 1 0 0
    outer loop
      vertex 37.2 42.7329 -133.383
      vertex 37.2 41.5603 -134.518
      vertex 37.2 43.3754 -133.784
    endloop
  endfacet
  facet normal 1 -0 0
    outer loop
      vertex 37.2 41.5603 -134.518
      vertex 37.2 41.9395 -135.173
      vertex 37.2 43.3754 -133.784
    endloop
  endfacet
  facet normal 1 0 0
    outer loop
      vertex 37.2 41.5603 -134.518
      vertex 37.2 41.9271 -135.185
      vertex 37.2 41.9395 -135.173
    endloop
  endfacet
  facet normal 1 0 0
    outer loop
      vertex 37.2 40.6542 -137.537
      vertex 37.2 40.5481 -137.871
      vertex 37.2 45.6005 -139.505
    endloop
  endfacet
  facet normal 1 0 0
    outer loop
      vertex 37.2 45.8531 -138.82
      vertex 37.2 41.9395 -135.173
      vertex 37.2 41.7256 -135.451
    endloop
  endfacet
  facet normal 1 0 0
    outer loop
      vertex 37.2 41.5359 -135.725
      vertex 37.2 40.7874 -135.584
      vertex 37.2 41.5282 -135.741
    endloop
  endfacet
  facet normal 1 0 0
    outer loop
      vertex 37.2 40.7727 -135.576
      vertex 37.2 40.7273 -135.554
      vertex 37.2 40.7874 -135.584
    endloop
  endfacet
  facet normal 1 -0 0
    outer loop
      vertex 37.2 39.476 -139.934
      vertex 37.2 39.543 -139.94
      vertex 37.2 39.6451 -138.309
    endloop
  endfacet
  facet normal 1 0 0
    outer loop
      vertex 37.2 40.3916 -135.444
      vertex 37.2 39.7195 -136.826
      vertex 37.2 40.5379 -135.484
    endloop
  endfacet
  facet normal 1 0 0
    outer loop
      vertex 37.2 40.2102 -135.407
      vertex 37.2 39.9935 -135.377
      vertex 37.2 39.5784 -136.706
    endloop
  endfacet
  facet normal 1 0 0
    outer loop
      vertex 37.2 39.9935 -135.377
      vertex 37.2 39.2505 -136.368
      vertex 37.2 39.4208 -136.554
    endloop
  endfacet
  facet normal 1 0 0
    outer loop
      vertex 37.2 39.7417 -135.358
      vertex 37.2 39.2505 -136.368
      vertex 37.2 39.9935 -135.377
    endloop
  endfacet
  facet normal 1 -0 0
    outer loop
      vertex 37.2 39.0711 -136.145
      vertex 37.2 39.2505 -136.368
      vertex 37.2 39.7417 -135.358
    endloop
  endfacet
  facet normal 1 0 0
    outer loop
      vertex 37.2 39.0711 -136.145
      vertex 37.2 39.7417 -135.358
      vertex 37.2 39.4556 -135.354
    endloop
  endfacet
  facet normal 1 0 -0
    outer loop
      vertex 37.2 39.0711 -136.145
      vertex 37.2 39.4556 -135.354
      vertex 37.2 38.8867 -135.883
    endloop
  endfacet
  facet normal 1 0 -0
    outer loop
      vertex 37.2 39.5784 -136.706
      vertex 37.2 39.9935 -135.377
      vertex 37.2 39.4208 -136.554
    endloop
  endfacet
  facet normal 1 0 0
    outer loop
      vertex 37.2 40.3916 -135.444
      vertex 37.2 40.2102 -135.407
      vertex 37.2 39.5784 -136.706
    endloop
  endfacet
  facet normal 1 0 0
    outer loop
      vertex 37.2 40.3916 -135.444
      vertex 37.2 39.5784 -136.706
      vertex 37.2 39.7195 -136.826
    endloop
  endfacet
  facet normal 1 -0 0
    outer loop
      vertex 37.2 38.0283 -139.249
      vertex 37.2 38.291 -139.431
      vertex 37.2 38.0874 -138.681
    endloop
  endfacet
  facet normal 1 0 0
    outer loop
      vertex 37.2 40.5379 -135.484
      vertex 37.2 39.7195 -136.826
      vertex 37.2 39.8409 -136.916
    endloop
  endfacet
  facet normal 1 0 0
    outer loop
      vertex 37.2 40.5379 -135.484
      vertex 37.2 39.8409 -136.916
      vertex 37.2 39.9395 -136.981
    endloop
  endfacet
  facet normal 1 0 0
    outer loop
      vertex 37.2 40.5379 -135.484
      vertex 37.2 39.9395 -136.981
      vertex 37.2 40.6494 -135.522
    endloop
  endfacet
  facet normal 1 -0 0
    outer loop
      vertex 37.2 39.9395 -136.981
      vertex 37.2 40.0127 -137.022
      vertex 37.2 40.6494 -135.522
    endloop
  endfacet
  facet normal 1 0 0
    outer loop
      vertex 37.2 40.0127 -137.022
      vertex 37.2 40.7273 -135.554
      vertex 37.2 40.6494 -135.522
    endloop
  endfacet
  facet normal 1 0 0
    outer loop
      vertex 37.2 40.7874 -135.584
      vertex 37.2 40.7273 -135.554
      vertex 37.2 40.0127 -137.022
    endloop
  endfacet
  facet normal 1 0 0
    outer loop
      vertex 37.2 40.0736 -137.051
      vertex 37.2 40.0127 -137.022
      vertex 37.2 40.0581 -137.044
    endloop
  endfacet
  facet normal 1 0 0
    outer loop
      vertex 37.2 40.7874 -135.584
      vertex 37.2 40.0127 -137.022
      vertex 37.2 40.0736 -137.051
    endloop
  endfacet
  facet normal 1 0 0
    outer loop
      vertex 37.2 40.7874 -135.584
      vertex 37.2 40.0736 -137.051
      vertex 37.2 41.5282 -135.741
    endloop
  endfacet
  facet normal 1 -0 0
    outer loop
      vertex 37.2 40.0736 -137.051
      vertex 37.2 40.6542 -137.537
      vertex 37.2 41.5282 -135.741
    endloop
  endfacet
  facet normal 1 0 0
    outer loop
      vertex 37.2 40.0736 -137.051
      vertex 37.2 40.6466 -137.553
      vertex 37.2 40.6542 -137.537
    endloop
  endfacet
  facet normal 1 0 0
    outer loop
      vertex 37.2 45.5612 -140.234
      vertex 37.2 40.2694 -140.548
      vertex 37.2 40.3044 -140.897
    endloop
  endfacet
  facet normal 1 0 0
    outer loop
      vertex 37.2 40.4635 -138.194
      vertex 37.2 39.712 -138.317
      vertex 37.2 40.4617 -138.211
    endloop
  endfacet
  facet normal 1 0 0
    outer loop
      vertex 37.2 39.6953 -138.314
      vertex 37.2 39.6451 -138.309
      vertex 37.2 39.712 -138.317
    endloop
  endfacet
  facet normal 1 0 0
    outer loop
      vertex 37.2 39.4904 -141.294
      vertex 37.2 39.8846 -142.868
      vertex 37.2 39.9673 -142.853
    endloop
  endfacet
  facet normal 1 -0 0
    outer loop
      vertex 37.2 39.2923 -138.321
      vertex 37.2 39.1332 -139.849
      vertex 37.2 39.4432 -138.308
    endloop
  endfacet
  facet normal 1 0 0
    outer loop
      vertex 37.2 39.1091 -138.348
      vertex 37.2 38.8951 -138.394
      vertex 37.2 38.9596 -139.785
    endloop
  endfacet
  facet normal 1 0 0
    outer loop
      vertex 37.2 38.8951 -138.394
      vertex 37.2 38.6521 -138.462
      vertex 37.2 38.7596 -139.696
    endloop
  endfacet
  facet normal 1 0 0
    outer loop
      vertex 37.2 38.6521 -138.462
      vertex 37.2 38.5358 -139.579
      vertex 37.2 38.7596 -139.696
    endloop
  endfacet
  facet normal 1 -0 0
    outer loop
      vertex 37.2 38.291 -139.431
      vertex 37.2 38.5358 -139.579
      vertex 37.2 38.6521 -138.462
    endloop
  endfacet
  facet normal 1 0 0
    outer loop
      vertex 37.2 38.291 -139.431
      vertex 37.2 38.6521 -138.462
      vertex 37.2 38.382 -138.557
    endloop
  endfacet
  facet normal 1 0 -0
    outer loop
      vertex 37.2 38.291 -139.431
      vertex 37.2 38.382 -138.557
      vertex 37.2 38.0874 -138.681
    endloop
  endfacet
  facet normal 1 0 0
    outer loop
      vertex 37.2 38.9596 -139.785
      vertex 37.2 38.8951 -138.394
      vertex 37.2 38.7596 -139.696
    endloop
  endfacet
  facet normal 1 0 0
    outer loop
      vertex 37.2 39.2923 -138.321
      vertex 37.2 39.1091 -138.348
      vertex 37.2 38.9596 -139.785
    endloop
  endfacet
  facet normal 1 0 0
    outer loop
      vertex 37.2 39.2923 -138.321
      vertex 37.2 38.9596 -139.785
      vertex 37.2 39.1332 -139.849
    endloop
  endfacet
  facet normal 1 -0 -0
    outer loop
      vertex 37.2 38.3727 -142.704
      vertex 37.2 38.6819 -142.786
      vertex 37.2 38.2341 -142.151
    endloop
  endfacet
  facet normal 1 0 0
    outer loop
      vertex 37.2 39.4432 -138.308
      vertex 37.2 39.1332 -139.849
      vertex 37.2 39.2782 -139.893
    endloop
  endfacet
  facet normal 1 0 0
    outer loop
      vertex 37.2 39.4432 -138.308
      vertex 37.2 39.2782 -139.893
      vertex 37.2 39.393 -139.92
    endloop
  endfacet
  facet normal 1 -0 0
    outer loop
      vertex 37.2 39.4432 -138.308
      vertex 37.2 39.393 -139.92
      vertex 37.2 39.561 -138.306
    endloop
  endfacet
  facet normal 1 0 0
    outer loop
      vertex 37.2 39.393 -139.92
      vertex 37.2 39.6451 -138.309
      vertex 37.2 39.561 -138.306
    endloop
  endfacet
  facet normal 1 0 -0
    outer loop
      vertex 37.2 39.476 -139.934
      vertex 37.2 39.6451 -138.309
      vertex 37.2 39.393 -139.92
    endloop
  endfacet
  facet normal 1 -0 -0
    outer loop
      vertex 37.2 39.5262 -139.939
      vertex 37.2 39.543 -139.94
      vertex 37.2 39.476 -139.934
    endloop
  endfacet
  facet normal 1 0 0
    outer loop
      vertex 37.2 39.543 -139.94
      vertex 37.2 39.712 -138.317
      vertex 37.2 39.6451 -138.309
    endloop
  endfacet
  facet normal 1 0 0
    outer loop
      vertex 37.2 40.4617 -138.211
      vertex 37.2 39.712 -138.317
      vertex 37.2 39.543 -139.94
    endloop
  endfacet
  facet normal 1 0 0
    outer loop
      vertex 37.2 40.2548 -140.198
      vertex 37.2 39.543 -139.94
      vertex 37.2 40.253 -140.215
    endloop
  endfacet
  facet normal 1 0 0
    outer loop
      vertex 37.2 46.1169 -141.567
      vertex 37.2 42.4304 -145.389
      vertex 37.2 42.6814 -145.634
    endloop
  endfacet
  facet normal 1 0 0
    outer loop
      vertex 37.2 40.4617 -138.211
      vertex 37.2 39.543 -139.94
      vertex 37.2 40.2548 -140.198
    endloop
  endfacet
  facet normal 1 0 0
    outer loop
      vertex 37.2 47.0871 -142.002
      vertex 37.2 46.6625 -142.053
      vertex 37.2 47.327 -142.356
    endloop
  endfacet
  facet normal 1 0 0
    outer loop
      vertex 37.2 40.3001 -140.88
      vertex 37.2 39.6361 -141.253
      vertex 37.2 40.3044 -140.897
    endloop
  endfacet
  facet normal 1 -0 0
    outer loop
      vertex 37.2 39.6196 -141.256
      vertex 37.2 39.5706 -141.269
      vertex 37.2 39.6361 -141.253
    endloop
  endfacet
  facet normal 1 0 0
    outer loop
      vertex 37.2 40.4463 -144.127
      vertex 37.2 40.3577 -144.204
      vertex 37.2 41.2499 -145.524
    endloop
  endfacet
  facet normal 1 0 0
    outer loop
      vertex 37.2 39.2432 -141.401
      vertex 37.2 39.6163 -142.891
      vertex 37.2 39.7676 -142.882
    endloop
  endfacet
  facet normal 1 0 0
    outer loop
      vertex 37.2 39.0804 -141.489
      vertex 37.2 38.895 -141.605
      vertex 37.2 39.4312 -142.89
    endloop
  endfacet
  facet normal 1 0 0
    outer loop
      vertex 37.2 38.895 -141.605
      vertex 37.2 38.6899 -141.752
      vertex 37.2 39.2129 -142.875
    endloop
  endfacet
  facet normal 1 0 0
    outer loop
      vertex 37.2 38.6899 -141.752
      vertex 37.2 38.9626 -142.842
      vertex 37.2 39.2129 -142.875
    endloop
  endfacet
  facet normal 1 -0 0
    outer loop
      vertex 37.2 38.4684 -141.933
      vertex 37.2 38.9626 -142.842
      vertex 37.2 38.6899 -141.752
    endloop
  endfacet
  facet normal 1 -0 -0
    outer loop
      vertex 37.2 38.6819 -142.786
      vertex 37.2 38.9626 -142.842
      vertex 37.2 38.4684 -141.933
    endloop
  endfacet
  facet normal 1 0 0
    outer loop
      vertex 37.2 38.6819 -142.786
      vertex 37.2 38.4684 -141.933
      vertex 37.2 38.2341 -142.151
    endloop
  endfacet
  facet normal 1 0 0
    outer loop
      vertex 37.2 39.4312 -142.89
      vertex 37.2 38.895 -141.605
      vertex 37.2 39.2129 -142.875
    endloop
  endfacet
  facet normal 1 0 0
    outer loop
      vertex 37.2 39.6163 -142.891
      vertex 37.2 39.0804 -141.489
      vertex 37.2 39.4312 -142.89
    endloop
  endfacet
  facet normal 1 0 0
    outer loop
      vertex 37.2 39.2432 -141.401
      vertex 37.2 39.0804 -141.489
      vertex 37.2 39.6163 -142.891
    endloop
  endfacet
  facet normal 1 0 0
    outer loop
      vertex 37.2 39.8782 -145.834
      vertex 37.2 39.7045 -145.077
      vertex 37.2 39.5588 -145.361
    endloop
  endfacet
  facet normal 1 0 0
    outer loop
      vertex 37.2 39.3806 -141.337
      vertex 37.2 39.2432 -141.401
      vertex 37.2 39.7676 -142.882
    endloop
  endfacet
  facet normal 1 0 0
    outer loop
      vertex 37.2 39.3806 -141.337
      vertex 37.2 39.7676 -142.882
      vertex 37.2 39.8846 -142.868
    endloop
  endfacet
  facet normal 1 -0 0
    outer loop
      vertex 37.2 39.3806 -141.337
      vertex 37.2 39.8846 -142.868
      vertex 37.2 39.4904 -141.294
    endloop
  endfacet
  facet normal 1 -0 0
    outer loop
      vertex 37.2 39.4904 -141.294
      vertex 37.2 39.9673 -142.853
      vertex 37.2 39.5706 -141.269
    endloop
  endfacet
  facet normal 1 0 -0
    outer loop
      vertex 37.2 39.9673 -142.853
      vertex 37.2 40.0324 -142.836
      vertex 37.2 39.5706 -141.269
    endloop
  endfacet
  facet normal 1 0 -0
    outer loop
      vertex 37.2 40.0163 -142.841
      vertex 37.2 40.0324 -142.836
      vertex 37.2 39.9673 -142.853
    endloop
  endfacet
  facet normal 1 0 0
    outer loop
      vertex 37.2 40.0324 -142.836
      vertex 37.2 39.6361 -141.253
      vertex 37.2 39.5706 -141.269
    endloop
  endfacet
  facet normal 1 0 0
    outer loop
      vertex 37.2 40.7896 -142.835
      vertex 37.2 39.6361 -141.253
      vertex 37.2 40.0324 -142.836
    endloop
  endfacet
  facet normal 1 0 0
    outer loop
      vertex 37.2 40.7896 -142.835
      vertex 37.2 40.0324 -142.836
      vertex 37.2 40.7938 -142.852
    endloop
  endfacet
  facet normal 1 0 0
    outer loop
      vertex 37.2 40.3044 -140.897
      vertex 37.2 39.6361 -141.253
      vertex 37.2 40.7896 -142.835
    endloop
  endfacet
  facet normal 1 -0 0
    outer loop
      vertex 37.2 44.2988 -146.807
      vertex 37.2 44.6095 -146.969
      vertex 37.2 46.6625 -142.053
    endloop
  endfacet
  facet normal 1 0 0
    outer loop
      vertex 37.2 41.0655 -143.461
      vertex 37.2 40.5691 -144.038
      vertex 37.2 41.0753 -143.475
    endloop
  endfacet
  facet normal 1 -0 0
    outer loop
      vertex 37.2 40.5547 -144.047
      vertex 37.2 40.5129 -144.075
      vertex 37.2 40.5691 -144.038
    endloop
  endfacet
  facet normal 1 0 0
    outer loop
      vertex 37.2 43.5463 -147.5
      vertex 37.2 42.2565 -146.565
      vertex 37.2 42.1922 -146.702
    endloop
  endfacet
  facet normal 1 0 0
    outer loop
      vertex 37.2 40.2503 -144.311
      vertex 37.2 41.1107 -145.584
      vertex 37.2 41.2499 -145.524
    endloop
  endfacet
  facet normal 1 0 0
    outer loop
      vertex 37.2 40.1275 -144.45
      vertex 37.2 40.726 -145.707
      vertex 37.2 40.9363 -145.646
    endloop
  endfacet
  facet normal 1 0 0
    outer loop
      vertex 37.2 39.993 -144.622
      vertex 37.2 40.4795 -145.761
      vertex 37.2 40.726 -145.707
    endloop
  endfacet
  facet normal 1 -0 0
    outer loop
      vertex 37.2 39.8506 -144.831
      vertex 37.2 40.4795 -145.761
      vertex 37.2 39.993 -144.622
    endloop
  endfacet
  facet normal 1 -0 0
    outer loop
      vertex 37.2 39.7045 -145.077
      vertex 37.2 40.4795 -145.761
      vertex 37.2 39.8506 -144.831
    endloop
  endfacet
  facet normal 1 0 -0
    outer loop
      vertex 37.2 40.1967 -145.805
      vertex 37.2 40.4795 -145.761
      vertex 37.2 39.7045 -145.077
    endloop
  endfacet
  facet normal 1 0 0
    outer loop
      vertex 37.2 40.1967 -145.805
      vertex 37.2 39.7045 -145.077
      vertex 37.2 39.8782 -145.834
    endloop
  endfacet
  facet normal 1 0 0
    outer loop
      vertex 37.2 40.1275 -144.45
      vertex 37.2 39.993 -144.622
      vertex 37.2 40.726 -145.707
    endloop
  endfacet
  facet normal 1 0 0
    outer loop
      vertex 37.2 41.1107 -145.584
      vertex 37.2 40.1275 -144.45
      vertex 37.2 40.9363 -145.646
    endloop
  endfacet
  facet normal 1 0 0
    outer loop
      vertex 37.2 40.2503 -144.311
      vertex 37.2 40.1275 -144.45
      vertex 37.2 41.1107 -145.584
    endloop
  endfacet
  facet normal 1 0 -0
    outer loop
      vertex 37.2 42.3634 -148.26
      vertex 37.2 42.6528 -148.124
      vertex 37.2 41.9016 -147.925
    endloop
  endfacet
  facet normal 1 0 0
    outer loop
      vertex 37.2 40.3577 -144.204
      vertex 37.2 40.2503 -144.311
      vertex 37.2 41.2499 -145.524
    endloop
  endfacet
  facet normal 1 0 0
    outer loop
      vertex 37.2 40.4463 -144.127
      vertex 37.2 41.2499 -145.524
      vertex 37.2 41.355 -145.471
    endloop
  endfacet
  facet normal 1 0 0
    outer loop
      vertex 37.2 40.4463 -144.127
      vertex 37.2 41.355 -145.471
      vertex 37.2 41.4275 -145.428
    endloop
  endfacet
  facet normal 1 -0 0
    outer loop
      vertex 37.2 40.4463 -144.127
      vertex 37.2 41.4275 -145.428
      vertex 37.2 40.5129 -144.075
    endloop
  endfacet
  facet normal 1 0 0
    outer loop
      vertex 37.2 41.4275 -145.428
      vertex 37.2 40.5691 -144.038
      vertex 37.2 40.5129 -144.075
    endloop
  endfacet
  facet normal 1 0 -0
    outer loop
      vertex 37.2 41.4694 -145.4
      vertex 37.2 41.4829 -145.39
      vertex 37.2 41.4275 -145.428
    endloop
  endfacet
  facet normal 1 0 0
    outer loop
      vertex 37.2 41.4829 -145.39
      vertex 37.2 40.5691 -144.038
      vertex 37.2 41.4275 -145.428
    endloop
  endfacet
  facet normal 1 0 0
    outer loop
      vertex 37.2 42.1941 -145.13
      vertex 37.2 40.5691 -144.038
      vertex 37.2 41.4829 -145.39
    endloop
  endfacet
  facet normal 1 0 0
    outer loop
      vertex 37.2 42.1941 -145.13
      vertex 37.2 41.4829 -145.39
      vertex 37.2 42.2039 -145.145
    endloop
  endfacet
  facet normal 1 -0 0
    outer loop
      vertex 37.2 47.327 -142.356
      vertex 37.2 48.0513 -142.449
      vertex 37.2 47.7177 -142.182
    endloop
  endfacet
  facet normal 1 0 0
    outer loop
      vertex 37.2 41.0753 -143.475
      vertex 37.2 40.5691 -144.038
      vertex 37.2 42.1941 -145.13
    endloop
  endfacet
  facet normal 1 0 0
    outer loop
      vertex 37.2 46.85 -147.662
      vertex 37.2 48.0513 -142.449
      vertex 37.2 47.327 -142.356
    endloop
  endfacet
  facet normal 1 0 -0
    outer loop
      vertex 37.2 41.0753 -143.475
      vertex 37.2 45.7386 -140.943
      vertex 37.2 40.9231 -143.159
    endloop
  endfacet
  facet normal 1 0 0
    outer loop
      vertex 37.2 42.6673 -145.624
      vertex 37.2 42.3984 -146.336
      vertex 37.2 42.6814 -145.634
    endloop
  endfacet
  facet normal 1 -0 0
    outer loop
      vertex 37.2 42.3878 -146.349
      vertex 37.2 42.3582 -146.39
      vertex 37.2 42.3984 -146.336
    endloop
  endfacet
  facet normal 1 -0 0
    outer loop
      vertex 37.2 44.8345 -148.284
      vertex 37.2 46.38 -148.571
      vertex 37.2 44.8481 -148.133
    endloop
  endfacet
  facet normal 1 0 0
    outer loop
      vertex 37.2 42.1922 -146.702
      vertex 37.2 43.436 -147.604
      vertex 37.2 43.5463 -147.5
    endloop
  endfacet
  facet normal 1 0 0
    outer loop
      vertex 37.2 42.1242 -146.874
      vertex 37.2 43.1165 -147.85
      vertex 37.2 43.2934 -147.722
    endloop
  endfacet
  facet normal 1 0 0
    outer loop
      vertex 37.2 42.0568 -147.082
      vertex 37.2 41.9943 -147.327
      vertex 37.2 43.1165 -147.85
    endloop
  endfacet
  facet normal 1 0 0
    outer loop
      vertex 37.2 41.9943 -147.327
      vertex 37.2 42.9035 -147.986
      vertex 37.2 43.1165 -147.85
    endloop
  endfacet
  facet normal 1 -0 0
    outer loop
      vertex 37.2 41.9411 -147.608
      vertex 37.2 42.9035 -147.986
      vertex 37.2 41.9943 -147.327
    endloop
  endfacet
  facet normal 1 0 -0
    outer loop
      vertex 37.2 42.6528 -148.124
      vertex 37.2 42.9035 -147.986
      vertex 37.2 41.9411 -147.608
    endloop
  endfacet
  facet normal 1 0 0
    outer loop
      vertex 37.2 42.6528 -148.124
      vertex 37.2 41.9411 -147.608
      vertex 37.2 41.9016 -147.925
    endloop
  endfacet
  facet normal 1 0 0
    outer loop
      vertex 37.2 42.1242 -146.874
      vertex 37.2 42.0568 -147.082
      vertex 37.2 43.1165 -147.85
    endloop
  endfacet
  facet normal 1 0 0
    outer loop
      vertex 37.2 43.436 -147.604
      vertex 37.2 42.1242 -146.874
      vertex 37.2 43.2934 -147.722
    endloop
  endfacet
  facet normal 1 0 0
    outer loop
      vertex 37.2 42.1922 -146.702
      vertex 37.2 42.1242 -146.874
      vertex 37.2 43.436 -147.604
    endloop
  endfacet
  facet normal 1 0 0
    outer loop
      vertex 37.2 45.5285 -149.69
      vertex 37.2 44.9086 -149.221
      vertex 37.2 44.9799 -149.533
    endloop
  endfacet
  facet normal 1 0 0
    outer loop
      vertex 37.2 42.3132 -146.461
      vertex 37.2 42.2565 -146.565
      vertex 37.2 43.5463 -147.5
    endloop
  endfacet
  facet normal 1 0 0
    outer loop
      vertex 37.2 42.3582 -146.39
      vertex 37.2 42.3132 -146.461
      vertex 37.2 43.6269 -147.414
    endloop
  endfacet
  facet normal 1 0 0
    outer loop
      vertex 37.2 42.3582 -146.39
      vertex 37.2 43.6269 -147.414
      vertex 37.2 43.6805 -147.349
    endloop
  endfacet
  facet normal 1 0 0
    outer loop
      vertex 37.2 42.3582 -146.39
      vertex 37.2 43.6805 -147.349
      vertex 37.2 43.7193 -147.294
    endloop
  endfacet
  facet normal 1 0 0
    outer loop
      vertex 37.2 43.6805 -147.349
      vertex 37.2 43.7102 -147.308
      vertex 37.2 43.7193 -147.294
    endloop
  endfacet
  facet normal 1 -0 0
    outer loop
      vertex 37.2 42.3582 -146.39
      vertex 37.2 43.7193 -147.294
      vertex 37.2 42.3984 -146.336
    endloop
  endfacet
  facet normal 1 0 -0
    outer loop
      vertex 37.2 43.7193 -147.294
      vertex 37.2 44.2988 -146.807
      vertex 37.2 42.3984 -146.336
    endloop
  endfacet
  facet normal 1 0 0
    outer loop
      vertex 37.2 44.313 -146.817
      vertex 37.2 44.2988 -146.807
      vertex 37.2 43.7193 -147.294
    endloop
  endfacet
  facet normal 1 0 0
    outer loop
      vertex 37.2 44.2988 -146.807
      vertex 37.2 42.6814 -145.634
      vertex 37.2 42.3984 -146.336
    endloop
  endfacet
  facet normal 1 0 0
    outer loop
      vertex 37.2 48.771 -142.326
      vertex 37.2 49.54 -147.593
      vertex 37.2 49.8823 -147.518
    endloop
  endfacet
  facet normal 1 0 -0
    outer loop
      vertex 37.2 50.2989 -140.847
      vertex 37.2 50.4464 -140.132
      vertex 37.2 50.1546 -140.445
    endloop
  endfacet
  facet normal 1 -0 0
    outer loop
      vertex 37.2 44.8296 -148.469
      vertex 37.2 46.3118 -148.706
      vertex 37.2 44.8345 -148.284
    endloop
  endfacet
  facet normal 1 0 0
    outer loop
      vertex 37.2 44.9123 -147.108
      vertex 37.2 44.9033 -147.87
      vertex 37.2 44.929 -147.113
    endloop
  endfacet
  facet normal 1 -0 0
    outer loop
      vertex 37.2 44.8978 -147.886
      vertex 37.2 44.884 -147.934
      vertex 37.2 44.9033 -147.87
    endloop
  endfacet
  facet normal 1 -0 0
    outer loop
      vertex 37.2 48.1089 -149.473
      vertex 37.2 49.1257 -149.66
      vertex 37.2 49.229 -149.394
    endloop
  endfacet
  facet normal 1 0 0
    outer loop
      vertex 37.2 44.8345 -148.284
      vertex 37.2 46.3118 -148.706
      vertex 37.2 46.38 -148.571
    endloop
  endfacet
  facet normal 1 0 0
    outer loop
      vertex 37.2 44.8296 -148.469
      vertex 37.2 46.096 -149.047
      vertex 37.2 46.2183 -148.866
    endloop
  endfacet
  facet normal 1 0 0
    outer loop
      vertex 37.2 44.8374 -148.688
      vertex 37.2 44.8624 -148.939
      vertex 37.2 46.096 -149.047
    endloop
  endfacet
  facet normal 1 0 0
    outer loop
      vertex 37.2 44.8624 -148.939
      vertex 37.2 45.9421 -149.247
      vertex 37.2 46.096 -149.047
    endloop
  endfacet
  facet normal 1 -0 -0
    outer loop
      vertex 37.2 44.9086 -149.221
      vertex 37.2 45.9421 -149.247
      vertex 37.2 44.8624 -148.939
    endloop
  endfacet
  facet normal 1 0 -0
    outer loop
      vertex 37.2 45.7537 -149.463
      vertex 37.2 45.9421 -149.247
      vertex 37.2 44.9086 -149.221
    endloop
  endfacet
  facet normal 1 0 0
    outer loop
      vertex 37.2 45.7537 -149.463
      vertex 37.2 44.9086 -149.221
      vertex 37.2 45.5285 -149.69
    endloop
  endfacet
  facet normal 1 0 0
    outer loop
      vertex 37.2 44.8296 -148.469
      vertex 37.2 44.8374 -148.688
      vertex 37.2 46.096 -149.047
    endloop
  endfacet
  facet normal 1 0 0
    outer loop
      vertex 37.2 46.3118 -148.706
      vertex 37.2 44.8296 -148.469
      vertex 37.2 46.2183 -148.866
    endloop
  endfacet
  facet normal 1 0 0
    outer loop
      vertex 37.2 46.38 -148.571
      vertex 37.2 44.866 -148.017
      vertex 37.2 44.8481 -148.133
    endloop
  endfacet
  facet normal 1 -0 -0
    outer loop
      vertex 37.2 47.7819 -148.471
      vertex 37.2 47.7856 -148.522
      vertex 37.2 47.7817 -148.454
    endloop
  endfacet
  facet normal 1 0 0
    outer loop
      vertex 37.2 46.4263 -148.462
      vertex 37.2 44.866 -148.017
      vertex 37.2 46.38 -148.571
    endloop
  endfacet
  facet normal 1 0 0
    outer loop
      vertex 37.2 44.884 -147.934
      vertex 37.2 44.866 -148.017
      vertex 37.2 46.4263 -148.462
    endloop
  endfacet
  facet normal 1 0 0
    outer loop
      vertex 37.2 44.884 -147.934
      vertex 37.2 46.4263 -148.462
      vertex 37.2 46.4545 -148.383
    endloop
  endfacet
  facet normal 1 0 0
    outer loop
      vertex 37.2 44.884 -147.934
      vertex 37.2 46.4545 -148.383
      vertex 37.2 46.4721 -148.318
    endloop
  endfacet
  facet normal 1 0 0
    outer loop
      vertex 37.2 46.4545 -148.383
      vertex 37.2 46.4684 -148.334
      vertex 37.2 46.4721 -148.318
    endloop
  endfacet
  facet normal 1 -0 0
    outer loop
      vertex 37.2 44.884 -147.934
      vertex 37.2 46.4721 -148.318
      vertex 37.2 44.9033 -147.87
    endloop
  endfacet
  facet normal 1 0 -0
    outer loop
      vertex 37.2 46.4721 -148.318
      vertex 37.2 46.85 -147.662
      vertex 37.2 44.9033 -147.87
    endloop
  endfacet
  facet normal 1 0 0
    outer loop
      vertex 37.2 46.85 -147.662
      vertex 37.2 44.929 -147.113
      vertex 37.2 44.9033 -147.87
    endloop
  endfacet
  facet normal 1 0 0
    outer loop
      vertex 37.2 49.4222 -141.995
      vertex 37.2 48.771 -142.326
      vertex 37.2 52.044 -146.609
    endloop
  endfacet
  facet normal 1 0 0
    outer loop
      vertex 37.2 46.8668 -147.667
      vertex 37.2 46.85 -147.662
      vertex 37.2 46.4721 -148.318
    endloop
  endfacet
  facet normal 1 0 0
    outer loop
      vertex 37.2 52.6246 -146.216
      vertex 37.2 49.4222 -141.995
      vertex 37.2 52.34 -146.421
    endloop
  endfacet
  facet normal 1 0 -0
    outer loop
      vertex 37.2 47.9173 -149.043
      vertex 37.2 49.3912 -148.758
      vertex 37.2 47.8587 -148.867
    endloop
  endfacet
  facet normal 1 0 0
    outer loop
      vertex 37.2 48.4226 -149.991
      vertex 37.2 48.9916 -149.951
      vertex 37.2 49.1257 -149.66
    endloop
  endfacet
  facet normal 1 0 0
    outer loop
      vertex 37.2 47.5471 -147.734
      vertex 37.2 47.5297 -147.736
      vertex 37.2 47.7817 -148.454
    endloop
  endfacet
  facet normal 1 0 0
    outer loop
      vertex 37.2 50.6864 -148.019
      vertex 37.2 50.6924 -148.035
      vertex 37.2 50.7131 -148.081
    endloop
  endfacet
  facet normal 1 0 0
    outer loop
      vertex 37.2 47.8587 -148.867
      vertex 37.2 49.3912 -148.758
      vertex 37.2 49.409 -148.608
    endloop
  endfacet
  facet normal 1 -0 0
    outer loop
      vertex 37.2 47.9173 -149.043
      vertex 37.2 49.3052 -149.153
      vertex 37.2 49.358 -148.94
    endloop
  endfacet
  facet normal 1 -0 0
    outer loop
      vertex 37.2 47.9995 -149.245
      vertex 37.2 48.1089 -149.473
      vertex 37.2 49.3052 -149.153
    endloop
  endfacet
  facet normal 1 0 0
    outer loop
      vertex 37.2 48.1089 -149.473
      vertex 37.2 49.229 -149.394
      vertex 37.2 49.3052 -149.153
    endloop
  endfacet
  facet normal 1 0 -0
    outer loop
      vertex 37.2 48.2489 -149.723
      vertex 37.2 49.1257 -149.66
      vertex 37.2 48.1089 -149.473
    endloop
  endfacet
  facet normal 1 0 -0
    outer loop
      vertex 37.2 48.4226 -149.991
      vertex 37.2 49.1257 -149.66
      vertex 37.2 48.2489 -149.723
    endloop
  endfacet
  facet normal 1 0 0
    outer loop
      vertex 37.2 49.3052 -149.153
      vertex 37.2 47.9173 -149.043
      vertex 37.2 47.9995 -149.245
    endloop
  endfacet
  facet normal 1 0 -0
    outer loop
      vertex 37.2 49.358 -148.94
      vertex 37.2 49.3912 -148.758
      vertex 37.2 47.9173 -149.043
    endloop
  endfacet
  facet normal 1 0 -0
    outer loop
      vertex 37.2 47.8587 -148.867
      vertex 37.2 49.409 -148.608
      vertex 37.2 47.8198 -148.721
    endloop
  endfacet
  facet normal 1 0 0
    outer loop
      vertex 37.2 49.409 -148.608
      vertex 37.2 47.7968 -148.605
      vertex 37.2 47.8198 -148.721
    endloop
  endfacet
  facet normal 1 0 0
    outer loop
      vertex 37.2 53.2671 -146.617
      vertex 37.2 53.2781 -146.629
      vertex 37.2 53.3133 -146.666
    endloop
  endfacet
  facet normal 1 0 0
    outer loop
      vertex 37.2 49.4155 -148.49
      vertex 37.2 47.7968 -148.605
      vertex 37.2 49.409 -148.608
    endloop
  endfacet
  facet normal 1 0 0
    outer loop
      vertex 37.2 49.4148 -148.406
      vertex 37.2 47.7968 -148.605
      vertex 37.2 49.4155 -148.49
    endloop
  endfacet
  facet normal 1 -0 0
    outer loop
      vertex 37.2 47.7856 -148.522
      vertex 37.2 47.7968 -148.605
      vertex 37.2 49.4148 -148.406
    endloop
  endfacet
  facet normal 1 0 -0
    outer loop
      vertex 37.2 47.7856 -148.522
      vertex 37.2 49.4148 -148.406
      vertex 37.2 47.7817 -148.454
    endloop
  endfacet
  facet normal 1 0 0
    outer loop
      vertex 37.2 49.4148 -148.406
      vertex 37.2 49.4113 -148.356
      vertex 37.2 49.4092 -148.339
    endloop
  endfacet
  facet normal 1 0 0
    outer loop
      vertex 37.2 49.4148 -148.406
      vertex 37.2 49.4092 -148.339
      vertex 37.2 47.7817 -148.454
    endloop
  endfacet
  facet normal 1 0 0
    outer loop
      vertex 37.2 49.4092 -148.339
      vertex 37.2 47.5471 -147.734
      vertex 37.2 47.7817 -148.454
    endloop
  endfacet
  facet normal 1 0 0
    outer loop
      vertex 37.2 49.5573 -147.592
      vertex 37.2 49.54 -147.593
      vertex 37.2 49.4092 -148.339
    endloop
  endfacet
  facet normal 1 0 0
    outer loop
      vertex 37.2 49.54 -147.593
      vertex 37.2 47.5471 -147.734
      vertex 37.2 49.4092 -148.339
    endloop
  endfacet
  facet normal 1 -0 0
    outer loop
      vertex 37.2 49.9278 -141.06
      vertex 37.2 49.947 -141.487
      vertex 37.2 50.2989 -140.847
    endloop
  endfacet
  facet normal 1 0 0
    outer loop
      vertex 37.2 54.4718 -144.259
      vertex 37.2 49.947 -141.487
      vertex 37.2 54.2744 -144.549
    endloop
  endfacet
  facet normal 1 0 0
    outer loop
      vertex 37.2 52.3339 -147.937
      vertex 37.2 52.3028 -147.754
      vertex 37.2 50.8999 -148.381
    endloop
  endfacet
  facet normal 1 0 -0
    outer loop
      vertex 37.2 51.8142 -149.244
      vertex 37.2 52.3351 -149.011
      vertex 37.2 51.5592 -149.051
    endloop
  endfacet
  facet normal 1 0 0
    outer loop
      vertex 37.2 50.2196 -147.423
      vertex 37.2 50.2038 -147.43
      vertex 37.2 50.6864 -148.019
    endloop
  endfacet
  facet normal 1 -0 0
    outer loop
      vertex 37.2 50.8133 -148.256
      vertex 37.2 50.8999 -148.381
      vertex 37.2 52.3028 -147.754
    endloop
  endfacet
  facet normal 1 0 0
    outer loop
      vertex 37.2 52.3339 -147.937
      vertex 37.2 51.0151 -148.526
      vertex 37.2 51.1617 -148.688
    endloop
  endfacet
  facet normal 1 0 0
    outer loop
      vertex 37.2 52.3569 -148.154
      vertex 37.2 51.1617 -148.688
      vertex 37.2 52.3677 -148.407
    endloop
  endfacet
  facet normal 1 -0 0
    outer loop
      vertex 37.2 51.1617 -148.688
      vertex 37.2 51.3423 -148.864
      vertex 37.2 52.3677 -148.407
    endloop
  endfacet
  facet normal 1 -0 0
    outer loop
      vertex 37.2 51.3423 -148.864
      vertex 37.2 51.5592 -149.051
      vertex 37.2 52.3677 -148.407
    endloop
  endfacet
  facet normal 1 0 0
    outer loop
      vertex 37.2 51.5592 -149.051
      vertex 37.2 52.3618 -148.693
      vertex 37.2 52.3677 -148.407
    endloop
  endfacet
  facet normal 1 0 -0
    outer loop
      vertex 37.2 52.3351 -149.011
      vertex 37.2 52.3618 -148.693
      vertex 37.2 51.5592 -149.051
    endloop
  endfacet
  facet normal 1 0 0
    outer loop
      vertex 37.2 52.3569 -148.154
      vertex 37.2 52.3339 -147.937
      vertex 37.2 51.1617 -148.688
    endloop
  endfacet
  facet normal 1 0 0
    outer loop
      vertex 37.2 52.3339 -147.937
      vertex 37.2 50.8999 -148.381
      vertex 37.2 51.0151 -148.526
    endloop
  endfacet
  facet normal 1 0 0
    outer loop
      vertex 37.2 52.3028 -147.754
      vertex 37.2 52.2681 -147.607
      vertex 37.2 50.8133 -148.256
    endloop
  endfacet
  facet normal 1 0 0
    outer loop
      vertex 37.2 52.2681 -147.607
      vertex 37.2 52.2339 -147.494
      vertex 37.2 50.8133 -148.256
    endloop
  endfacet
  facet normal 1 0 0
    outer loop
      vertex 37.2 55.2126 -144.416
      vertex 37.2 55.2273 -144.424
      vertex 37.2 55.2727 -144.446
    endloop
  endfacet
  facet normal 1 0 0
    outer loop
      vertex 37.2 52.2339 -147.494
      vertex 37.2 50.7522 -148.156
      vertex 37.2 50.8133 -148.256
    endloop
  endfacet
  facet normal 1 -0 0
    outer loop
      vertex 37.2 50.7131 -148.081
      vertex 37.2 50.7522 -148.156
      vertex 37.2 52.2339 -147.494
    endloop
  endfacet
  facet normal 1 0 0
    outer loop
      vertex 37.2 50.7131 -148.081
      vertex 37.2 52.2339 -147.494
      vertex 37.2 52.2046 -147.415
    endloop
  endfacet
  facet normal 1 0 0
    outer loop
      vertex 37.2 50.7131 -148.081
      vertex 37.2 52.2046 -147.415
      vertex 37.2 52.1763 -147.354
    endloop
  endfacet
  facet normal 1 0 0
    outer loop
      vertex 37.2 52.2046 -147.415
      vertex 37.2 52.184 -147.369
      vertex 37.2 52.1763 -147.354
    endloop
  endfacet
  facet normal 1 0 -0
    outer loop
      vertex 37.2 50.7131 -148.081
      vertex 37.2 52.1763 -147.354
      vertex 37.2 50.6864 -148.019
    endloop
  endfacet
  facet normal 1 0 0
    outer loop
      vertex 37.2 52.1763 -147.354
      vertex 37.2 52.044 -146.609
      vertex 37.2 50.6864 -148.019
    endloop
  endfacet
  facet normal 1 0 0
    outer loop
      vertex 37.2 52.044 -146.609
      vertex 37.2 50.2196 -147.423
      vertex 37.2 50.6864 -148.019
    endloop
  endfacet
  facet normal 1 0 0
    outer loop
      vertex 37.2 52.0599 -146.601
      vertex 37.2 52.044 -146.609
      vertex 37.2 52.1763 -147.354
    endloop
  endfacet
  facet normal 1 0 0
    outer loop
      vertex 37.2 50.2989 -140.847
      vertex 37.2 55.3458 -142.463
      vertex 37.2 55.4519 -142.129
    endloop
  endfacet
  facet normal 1 0 0
    outer loop
      vertex 37.2 48.771 -142.326
      vertex 37.2 48.0513 -142.449
      vertex 37.2 49.54 -147.593
    endloop
  endfacet
  facet normal 1 0 0
    outer loop
      vertex 37.2 50.3766 -139.405
      vertex 37.2 50.1899 -139.79
      vertex 37.2 50.4464 -140.132
    endloop
  endfacet
  facet normal 1 0 0
    outer loop
      vertex 37.2 54.7871 -145.976
      vertex 37.2 54.6955 -145.815
      vertex 37.2 53.5913 -146.883
    endloop
  endfacet
  facet normal 1 0 0
    outer loop
      vertex 37.2 54.8832 -146.173
      vertex 37.2 54.7871 -145.976
      vertex 37.2 53.9424 -147.083
    endloop
  endfacet
  facet normal 1 0 0
    outer loop
      vertex 37.2 52.6246 -146.216
      vertex 37.2 52.6121 -146.228
      vertex 37.2 53.2671 -146.617
    endloop
  endfacet
  facet normal 1 -0 0
    outer loop
      vertex 37.2 53.4675 -146.796
      vertex 37.2 53.5913 -146.883
      vertex 37.2 54.6955 -145.815
    endloop
  endfacet
  facet normal 1 0 0
    outer loop
      vertex 37.2 54.7871 -145.976
      vertex 37.2 53.7491 -146.98
      vertex 37.2 53.9424 -147.083
    endloop
  endfacet
  facet normal 1 0 0
    outer loop
      vertex 37.2 54.8832 -146.173
      vertex 37.2 53.9424 -147.083
      vertex 37.2 54.9795 -146.406
    endloop
  endfacet
  facet normal 1 -0 0
    outer loop
      vertex 37.2 53.9424 -147.083
      vertex 37.2 54.1725 -147.187
      vertex 37.2 54.9795 -146.406
    endloop
  endfacet
  facet normal 1 0 0
    outer loop
      vertex 37.2 54.1725 -147.187
      vertex 37.2 55.0718 -146.677
      vertex 37.2 54.9795 -146.406
    endloop
  endfacet
  facet normal 1 0 -0
    outer loop
      vertex 37.2 54.4402 -147.288
      vertex 37.2 55.0718 -146.677
      vertex 37.2 54.1725 -147.187
    endloop
  endfacet
  facet normal 1 0 -0
    outer loop
      vertex 37.2 54.7458 -147.382
      vertex 37.2 55.0718 -146.677
      vertex 37.2 54.4402 -147.288
    endloop
  endfacet
  facet normal 1 0 0
    outer loop
      vertex 37.2 55.1558 -146.985
      vertex 37.2 55.0718 -146.677
      vertex 37.2 54.7458 -147.382
    endloop
  endfacet
  facet normal 1 0 0
    outer loop
      vertex 37.2 54.7871 -145.976
      vertex 37.2 53.5913 -146.883
      vertex 37.2 53.7491 -146.98
    endloop
  endfacet
  facet normal 1 0 0
    outer loop
      vertex 37.2 54.6955 -145.815
      vertex 37.2 54.6124 -145.688
      vertex 37.2 53.4675 -146.796
    endloop
  endfacet
  facet normal 1 0 0
    outer loop
      vertex 37.2 54.6124 -145.688
      vertex 37.2 54.5417 -145.594
      vertex 37.2 53.4675 -146.796
    endloop
  endfacet
  facet normal 1 0 0
    outer loop
      vertex 37.2 56.288 -141.683
      vertex 37.2 56.3047 -141.686
      vertex 37.2 56.3549 -141.691
    endloop
  endfacet
  facet normal 1 0 0
    outer loop
      vertex 37.2 54.5417 -145.594
      vertex 37.2 53.3756 -146.722
      vertex 37.2 53.4675 -146.796
    endloop
  endfacet
  facet normal 1 0 0
    outer loop
      vertex 37.2 54.4871 -145.53
      vertex 37.2 53.3756 -146.722
      vertex 37.2 54.5417 -145.594
    endloop
  endfacet
  facet normal 1 -0 0
    outer loop
      vertex 37.2 53.3133 -146.666
      vertex 37.2 53.3756 -146.722
      vertex 37.2 54.4871 -145.53
    endloop
  endfacet
  facet normal 1 0 -0
    outer loop
      vertex 37.2 53.3133 -146.666
      vertex 37.2 54.4871 -145.53
      vertex 37.2 53.2671 -146.617
    endloop
  endfacet
  facet normal 1 0 0
    outer loop
      vertex 37.2 54.4871 -145.53
      vertex 37.2 54.4521 -145.494
      vertex 37.2 54.4397 -145.482
    endloop
  endfacet
  facet normal 1 0 0
    outer loop
      vertex 37.2 54.4871 -145.53
      vertex 37.2 54.4397 -145.482
      vertex 37.2 53.2671 -146.617
    endloop
  endfacet
  facet normal 1 0 0
    outer loop
      vertex 37.2 54.4397 -145.482
      vertex 37.2 52.6246 -146.216
      vertex 37.2 53.2671 -146.617
    endloop
  endfacet
  facet normal 1 0 0
    outer loop
      vertex 37.2 54.0605 -144.827
      vertex 37.2 52.6246 -146.216
      vertex 37.2 54.4397 -145.482
    endloop
  endfacet
  facet normal 1 0 0
    outer loop
      vertex 37.2 50.4464 -140.132
      vertex 37.2 55.7452 -139.802
      vertex 37.2 55.7306 -139.452
    endloop
  endfacet
  facet normal 1 0 0
    outer loop
      vertex 37.2 54.0729 -144.815
      vertex 37.2 54.0605 -144.827
      vertex 37.2 54.4397 -145.482
    endloop
  endfacet
  facet normal 1 0 0
    outer loop
      vertex 37.2 45.6005 -139.505
      vertex 37.2 40.4617 -138.211
      vertex 37.2 40.2548 -140.198
    endloop
  endfacet
  facet normal 1 0 0
    outer loop
      vertex 37.2 56.2805 -143.174
      vertex 37.2 56.1591 -143.084
      vertex 37.2 55.4621 -144.516
    endloop
  endfacet
  facet normal 1 0 0
    outer loop
      vertex 37.2 56.4216 -143.294
      vertex 37.2 55.6084 -144.556
      vertex 37.2 55.7898 -144.593
    endloop
  endfacet
  facet normal 1 0 0
    outer loop
      vertex 37.2 54.4718 -144.259
      vertex 37.2 54.4641 -144.275
      vertex 37.2 55.2126 -144.416
    endloop
  endfacet
  facet normal 1 -0 0
    outer loop
      vertex 37.2 55.4621 -144.516
      vertex 37.2 55.6084 -144.556
      vertex 37.2 56.2805 -143.174
    endloop
  endfacet
  facet normal 1 0 0
    outer loop
      vertex 37.2 56.4216 -143.294
      vertex 37.2 55.7898 -144.593
      vertex 37.2 56.0065 -144.623
    endloop
  endfacet
  facet normal 1 0 0
    outer loop
      vertex 37.2 56.5792 -143.446
      vertex 37.2 56.0065 -144.623
      vertex 37.2 56.7495 -143.632
    endloop
  endfacet
  facet normal 1 -0 0
    outer loop
      vertex 37.2 56.0065 -144.623
      vertex 37.2 56.2583 -144.642
      vertex 37.2 56.7495 -143.632
    endloop
  endfacet
  facet normal 1 0 0
    outer loop
      vertex 37.2 56.2583 -144.642
      vertex 37.2 56.9289 -143.855
      vertex 37.2 56.7495 -143.632
    endloop
  endfacet
  facet normal 1 0 -0
    outer loop
      vertex 37.2 56.5444 -144.646
      vertex 37.2 56.9289 -143.855
      vertex 37.2 56.2583 -144.642
    endloop
  endfacet
  facet normal 1 0 0
    outer loop
      vertex 37.2 57.1133 -144.117
      vertex 37.2 56.9289 -143.855
      vertex 37.2 56.5444 -144.646
    endloop
  endfacet
  facet normal 1 0 0
    outer loop
      vertex 37.2 57.1133 -144.117
      vertex 37.2 56.5444 -144.646
      vertex 37.2 56.8638 -144.63
    endloop
  endfacet
  facet normal 1 0 0
    outer loop
      vertex 37.2 56.4216 -143.294
      vertex 37.2 56.0065 -144.623
      vertex 37.2 56.5792 -143.446
    endloop
  endfacet
  facet normal 1 0 0
    outer loop
      vertex 37.2 56.2805 -143.174
      vertex 37.2 55.6084 -144.556
      vertex 37.2 56.4216 -143.294
    endloop
  endfacet
  facet normal 1 0 0
    outer loop
      vertex 37.2 56.1591 -143.084
      vertex 37.2 56.0605 -143.019
      vertex 37.2 55.4621 -144.516
    endloop
  endfacet
  facet normal 1 0 0
    outer loop
      vertex 37.2 56.3639 -138.747
      vertex 37.2 56.3804 -138.744
      vertex 37.2 56.4294 -138.731
    endloop
  endfacet
  facet normal 1 0 0
    outer loop
      vertex 37.2 56.0605 -143.019
      vertex 37.2 55.3506 -144.478
      vertex 37.2 55.4621 -144.516
    endloop
  endfacet
  facet normal 1 0 0
    outer loop
      vertex 37.2 55.9873 -142.978
      vertex 37.2 55.3506 -144.478
      vertex 37.2 56.0605 -143.019
    endloop
  endfacet
  facet normal 1 -0 0
    outer loop
      vertex 37.2 55.2727 -144.446
      vertex 37.2 55.3506 -144.478
      vertex 37.2 55.9873 -142.978
    endloop
  endfacet
  facet normal 1 0 -0
    outer loop
      vertex 37.2 55.2727 -144.446
      vertex 37.2 55.9873 -142.978
      vertex 37.2 55.2126 -144.416
    endloop
  endfacet
  facet normal 1 0 0
    outer loop
      vertex 37.2 55.9873 -142.978
      vertex 37.2 55.9419 -142.956
      vertex 37.2 55.9264 -142.949
    endloop
  endfacet
  facet normal 1 0 0
    outer loop
      vertex 37.2 55.9873 -142.978
      vertex 37.2 55.9264 -142.949
      vertex 37.2 55.2126 -144.416
    endloop
  endfacet
  facet normal 1 0 0
    outer loop
      vertex 37.2 55.9264 -142.949
      vertex 37.2 54.4718 -144.259
      vertex 37.2 55.2126 -144.416
    endloop
  endfacet
  facet normal 1 0 0
    outer loop
      vertex 37.2 55.3458 -142.463
      vertex 37.2 54.4718 -144.259
      vertex 37.2 55.9264 -142.949
    endloop
  endfacet
  facet normal 1 0 0
    outer loop
      vertex 37.2 50.0956 -138.731
      vertex 37.2 55.2104 -137.165
      vertex 37.2 55.0769 -136.841
    endloop
  endfacet
  facet normal 1 0 0
    outer loop
      vertex 37.2 49.6285 -138.17
      vertex 37.2 49.6909 -138.593
      vertex 37.2 50.0956 -138.731
    endloop
  endfacet
  facet normal 1 0 0
    outer loop
      vertex 37.2 55.3534 -142.447
      vertex 37.2 55.3458 -142.463
      vertex 37.2 55.9264 -142.949
    endloop
  endfacet
  facet normal 1 0 0
    outer loop
      vertex 37.2 41.7256 -135.451
      vertex 37.2 41.5282 -135.741
      vertex 37.2 45.8531 -138.82
    endloop
  endfacet
  facet normal 1 0 0
    outer loop
      vertex 37.2 57.0404 -140.215
      vertex 37.2 56.8668 -140.151
      vertex 37.2 56.7077 -141.679
    endloop
  endfacet
  facet normal 1 0 0
    outer loop
      vertex 37.2 57.0404 -140.215
      vertex 37.2 56.7077 -141.679
      vertex 37.2 56.8909 -141.652
    endloop
  endfacet
  facet normal 1 -0 0
    outer loop
      vertex 37.2 55.5383 -141.789
      vertex 37.2 55.5365 -141.806
      vertex 37.2 56.288 -141.683
    endloop
  endfacet
  facet normal 1 0 0
    outer loop
      vertex 37.2 56.5568 -141.692
      vertex 37.2 56.7077 -141.679
      vertex 37.2 56.8668 -140.151
    endloop
  endfacet
  facet normal 1 0 0
    outer loop
      vertex 37.2 57.0404 -140.215
      vertex 37.2 56.8909 -141.652
      vertex 37.2 57.1049 -141.606
    endloop
  endfacet
  facet normal 1 0 0
    outer loop
      vertex 37.2 57.2404 -140.304
      vertex 37.2 57.1049 -141.606
      vertex 37.2 57.3479 -141.538
    endloop
  endfacet
  facet normal 1 0 0
    outer loop
      vertex 37.2 57.2404 -140.304
      vertex 37.2 57.3479 -141.538
      vertex 37.2 57.4642 -140.421
    endloop
  endfacet
  facet normal 1 0 0
    outer loop
      vertex 37.2 57.3479 -141.538
      vertex 37.2 57.709 -140.569
      vertex 37.2 57.4642 -140.421
    endloop
  endfacet
  facet normal 1 0 -0
    outer loop
      vertex 37.2 57.618 -141.443
      vertex 37.2 57.709 -140.569
      vertex 37.2 57.3479 -141.538
    endloop
  endfacet
  facet normal 1 0 0
    outer loop
      vertex 37.2 57.9126 -141.319
      vertex 37.2 57.709 -140.569
      vertex 37.2 57.618 -141.443
    endloop
  endfacet
  facet normal 1 0 0
    outer loop
      vertex 37.2 57.9717 -140.751
      vertex 37.2 57.709 -140.569
      vertex 37.2 57.9126 -141.319
    endloop
  endfacet
  facet normal 1 0 0
    outer loop
      vertex 37.2 57.0404 -140.215
      vertex 37.2 57.1049 -141.606
      vertex 37.2 57.2404 -140.304
    endloop
  endfacet
  facet normal 1 -0 0
    outer loop
      vertex 37.2 55.6956 -139.103
      vertex 37.2 55.6999 -139.12
      vertex 37.2 56.3639 -138.747
    endloop
  endfacet
  facet normal 1 0 0
    outer loop
      vertex 37.2 56.8668 -140.151
      vertex 37.2 56.7218 -140.107
      vertex 37.2 56.5568 -141.692
    endloop
  endfacet
  facet normal 1 0 0
    outer loop
      vertex 37.2 56.7218 -140.107
      vertex 37.2 56.607 -140.08
      vertex 37.2 56.5568 -141.692
    endloop
  endfacet
  facet normal 1 0 -0
    outer loop
      vertex 37.2 50.0956 -138.731
      vertex 37.2 53.8059 -134.87
      vertex 37.2 49.6285 -138.17
    endloop
  endfacet
  facet normal 1 0 0
    outer loop
      vertex 37.2 56.607 -140.08
      vertex 37.2 56.439 -141.694
      vertex 37.2 56.5568 -141.692
    endloop
  endfacet
  facet normal 1 -0 0
    outer loop
      vertex 37.2 56.3549 -141.691
      vertex 37.2 56.439 -141.694
      vertex 37.2 56.607 -140.08
    endloop
  endfacet
  facet normal 1 0 0
    outer loop
      vertex 37.2 56.3549 -141.691
      vertex 37.2 56.607 -140.08
      vertex 37.2 56.524 -140.066
    endloop
  endfacet
  facet normal 1 0 0
    outer loop
      vertex 37.2 56.3549 -141.691
      vertex 37.2 56.524 -140.066
      vertex 37.2 56.457 -140.06
    endloop
  endfacet
  facet normal 1 0 0
    outer loop
      vertex 37.2 56.524 -140.066
      vertex 37.2 56.4738 -140.061
      vertex 37.2 56.457 -140.06
    endloop
  endfacet
  facet normal 1 0 -0
    outer loop
      vertex 37.2 56.3549 -141.691
      vertex 37.2 56.457 -140.06
      vertex 37.2 56.288 -141.683
    endloop
  endfacet
  facet normal 1 0 0
    outer loop
      vertex 37.2 56.457 -140.06
      vertex 37.2 55.5383 -141.789
      vertex 37.2 56.288 -141.683
    endloop
  endfacet
  facet normal 1 0 0
    outer loop
      vertex 37.2 55.747 -139.785
      vertex 37.2 55.7452 -139.802
      vertex 37.2 56.457 -140.06
    endloop
  endfacet
  facet normal 1 0 0
    outer loop
      vertex 37.2 55.7452 -139.802
      vertex 37.2 55.5383 -141.789
      vertex 37.2 56.457 -140.06
    endloop
  endfacet
  facet normal 1 0 -0
    outer loop
      vertex 37.2 49.6285 -138.17
      vertex 37.2 51.7012 -133.193
      vertex 37.2 49.0166 -137.771
    endloop
  endfacet
  facet normal 1 0 0
    outer loop
      vertex 37.2 53.3186 -134.366
      vertex 37.2 49.6285 -138.17
      vertex 37.2 53.5696 -134.611
    endloop
  endfacet
  facet normal 1 0 0
    outer loop
      vertex 37.2 56.7568 -138.599
      vertex 37.2 56.2324 -137.118
      vertex 37.2 56.6194 -138.663
    endloop
  endfacet
  facet normal 1 0 0
    outer loop
      vertex 37.2 56.5688 -137.11
      vertex 37.2 56.3837 -137.109
      vertex 37.2 56.9196 -138.511
    endloop
  endfacet
  facet normal 1 0 0
    outer loop
      vertex 37.2 55.4309 -135.962
      vertex 37.2 55.4453 -135.953
      vertex 37.2 55.4871 -135.925
    endloop
  endfacet
  facet normal 1 -0 0
    outer loop
      vertex 37.2 56.2324 -137.118
      vertex 37.2 56.7568 -138.599
      vertex 37.2 56.3837 -137.109
    endloop
  endfacet
  facet normal 1 0 0
    outer loop
      vertex 37.2 56.5688 -137.11
      vertex 37.2 56.9196 -138.511
      vertex 37.2 57.105 -138.395
    endloop
  endfacet
  facet normal 1 0 0
    outer loop
      vertex 37.2 56.7871 -137.125
      vertex 37.2 57.105 -138.395
      vertex 37.2 57.3101 -138.248
    endloop
  endfacet
  facet normal 1 0 0
    outer loop
      vertex 37.2 56.7871 -137.125
      vertex 37.2 57.3101 -138.248
      vertex 37.2 57.0374 -137.158
    endloop
  endfacet
  facet normal 1 0 -0
    outer loop
      vertex 37.2 57.3101 -138.248
      vertex 37.2 57.5316 -138.067
      vertex 37.2 57.0374 -137.158
    endloop
  endfacet
  facet normal 1 0 0
    outer loop
      vertex 37.2 57.5316 -138.067
      vertex 37.2 57.3181 -137.214
      vertex 37.2 57.0374 -137.158
    endloop
  endfacet
  facet normal 1 0 0
    outer loop
      vertex 37.2 57.7659 -137.849
      vertex 37.2 57.3181 -137.214
      vertex 37.2 57.5316 -138.067
    endloop
  endfacet
  facet normal 1 0 0
    outer loop
      vertex 37.2 57.6273 -137.296
      vertex 37.2 57.3181 -137.214
      vertex 37.2 57.7659 -137.849
    endloop
  endfacet
  facet normal 1 0 0
    outer loop
      vertex 37.2 56.5688 -137.11
      vertex 37.2 57.105 -138.395
      vertex 37.2 56.7871 -137.125
    endloop
  endfacet
  facet normal 1 0 0
    outer loop
      vertex 37.2 53.3186 -134.366
      vertex 37.2 51.7012 -133.193
      vertex 37.2 49.6285 -138.17
    endloop
  endfacet
  facet normal 1 0 0
    outer loop
      vertex 37.2 56.3837 -137.109
      vertex 37.2 56.7568 -138.599
      vertex 37.2 56.9196 -138.511
    endloop
  endfacet
  facet normal 1 0 0
    outer loop
      vertex 37.2 55.4309 -135.962
      vertex 37.2 54.9247 -136.525
      vertex 37.2 54.9345 -136.539
    endloop
  endfacet
  facet normal 1 0 0
    outer loop
      vertex 37.2 56.2324 -137.118
      vertex 37.2 56.1154 -137.132
      vertex 37.2 56.6194 -138.663
    endloop
  endfacet
  facet normal 1 0 0
    outer loop
      vertex 37.2 56.1154 -137.132
      vertex 37.2 56.5096 -138.706
      vertex 37.2 56.6194 -138.663
    endloop
  endfacet
  facet normal 1 -0 0
    outer loop
      vertex 37.2 56.0327 -137.147
      vertex 37.2 56.5096 -138.706
      vertex 37.2 56.1154 -137.132
    endloop
  endfacet
  facet normal 1 0 -0
    outer loop
      vertex 37.2 56.4294 -138.731
      vertex 37.2 56.5096 -138.706
      vertex 37.2 56.0327 -137.147
    endloop
  endfacet
  facet normal 1 0 0
    outer loop
      vertex 37.2 56.4294 -138.731
      vertex 37.2 56.0327 -137.147
      vertex 37.2 55.9676 -137.164
    endloop
  endfacet
  facet normal 1 0 0
    outer loop
      vertex 37.2 56.0327 -137.147
      vertex 37.2 55.9837 -137.159
      vertex 37.2 55.9676 -137.164
    endloop
  endfacet
  facet normal 1 0 0
    outer loop
      vertex 37.2 56.4294 -138.731
      vertex 37.2 55.9676 -137.164
      vertex 37.2 56.3639 -138.747
    endloop
  endfacet
  facet normal 1 0 0
    outer loop
      vertex 37.2 55.9676 -137.164
      vertex 37.2 55.2104 -137.165
      vertex 37.2 56.3639 -138.747
    endloop
  endfacet
  facet normal 1 0 0
    outer loop
      vertex 37.2 55.2104 -137.165
      vertex 37.2 55.6956 -139.103
      vertex 37.2 56.3639 -138.747
    endloop
  endfacet
  facet normal 1 0 0
    outer loop
      vertex 37.2 53.8059 -134.87
      vertex 37.2 53.5696 -134.611
      vertex 37.2 49.6285 -138.17
    endloop
  endfacet
  facet normal 1 0 0
    outer loop
      vertex 37.2 55.2062 -137.148
      vertex 37.2 55.2104 -137.165
      vertex 37.2 55.9676 -137.164
    endloop
  endfacet
  facet normal 1 0 0
    outer loop
      vertex 37.2 53.8059 -134.87
      vertex 37.2 50.0956 -138.731
      vertex 37.2 54.9247 -136.525
    endloop
  endfacet
  facet normal 1 0 0
    outer loop
      vertex 37.2 51.7012 -133.193
      vertex 37.2 51.3905 -133.031
      vertex 37.2 49.0166 -137.771
    endloop
  endfacet
  facet normal 1 0 0
    outer loop
      vertex 37.2 55.0637 -134.354
      vertex 37.2 54.8893 -134.416
      vertex 37.2 55.8725 -135.55
    endloop
  endfacet
  facet normal 1 -0 0
    outer loop
      vertex 37.2 54.7501 -134.476
      vertex 37.2 55.7497 -135.689
      vertex 37.2 54.8893 -134.416
    endloop
  endfacet
  facet normal 1 -0 0
    outer loop
      vertex 37.2 55.0637 -134.354
      vertex 37.2 55.8725 -135.55
      vertex 37.2 55.274 -134.293
    endloop
  endfacet
  facet normal 1 -0 0
    outer loop
      vertex 37.2 55.274 -134.293
      vertex 37.2 56.007 -135.378
      vertex 37.2 55.5205 -134.239
    endloop
  endfacet
  facet normal 1 0 -0
    outer loop
      vertex 37.2 56.007 -135.378
      vertex 37.2 56.1494 -135.169
      vertex 37.2 55.5205 -134.239
    endloop
  endfacet
  facet normal 1 0 -0
    outer loop
      vertex 37.2 56.1494 -135.169
      vertex 37.2 56.2955 -134.923
      vertex 37.2 55.5205 -134.239
    endloop
  endfacet
  facet normal 1 0 0
    outer loop
      vertex 37.2 56.2955 -134.923
      vertex 37.2 55.8033 -134.195
      vertex 37.2 55.5205 -134.239
    endloop
  endfacet
  facet normal 1 0 0
    outer loop
      vertex 37.2 56.1218 -134.166
      vertex 37.2 55.8033 -134.195
      vertex 37.2 56.2955 -134.923
    endloop
  endfacet
  facet normal 1 0 0
    outer loop
      vertex 37.2 56.1218 -134.166
      vertex 37.2 56.2955 -134.923
      vertex 37.2 56.4412 -134.639
    endloop
  endfacet
  facet normal 1 0 -0
    outer loop
      vertex 37.2 55.8725 -135.55
      vertex 37.2 56.007 -135.378
      vertex 37.2 55.274 -134.293
    endloop
  endfacet
  facet normal 1 0 0
    outer loop
      vertex 37.2 51.071 -132.887
      vertex 37.2 49.0166 -137.771
      vertex 37.2 51.3905 -133.031
    endloop
  endfacet
  facet normal 1 0 -0
    outer loop
      vertex 37.2 55.7497 -135.689
      vertex 37.2 55.8725 -135.55
      vertex 37.2 54.8893 -134.416
    endloop
  endfacet
  facet normal 1 0 -0
    outer loop
      vertex 37.2 53.6122 -133.651
      vertex 37.2 53.6418 -133.61
      vertex 37.2 53.6016 -133.664
    endloop
  endfacet
  facet normal 1 0 -0
    outer loop
      vertex 37.2 55.6423 -135.796
      vertex 37.2 55.7497 -135.689
      vertex 37.2 54.7501 -134.476
    endloop
  endfacet
  facet normal 1 -0 0
    outer loop
      vertex 37.2 52.564 -132.396
      vertex 37.2 53.8758 -133.126
      vertex 37.2 52.7066 -132.278
    endloop
  endfacet
  facet normal 1 0 0
    outer loop
      vertex 37.2 55.6423 -135.796
      vertex 37.2 54.7501 -134.476
      vertex 37.2 55.5537 -135.873
    endloop
  endfacet
  facet normal 1 0 0
    outer loop
      vertex 37.2 54.7501 -134.476
      vertex 37.2 54.645 -134.529
      vertex 37.2 55.5537 -135.873
    endloop
  endfacet
  facet normal 1 0 0
    outer loop
      vertex 37.2 54.645 -134.529
      vertex 37.2 54.5725 -134.572
      vertex 37.2 55.5537 -135.873
    endloop
  endfacet
  facet normal 1 0 0
    outer loop
      vertex 37.2 54.5725 -134.572
      vertex 37.2 55.4871 -135.925
      vertex 37.2 55.5537 -135.873
    endloop
  endfacet
  facet normal 1 0 -0
    outer loop
      vertex 37.2 55.4309 -135.962
      vertex 37.2 55.4871 -135.925
      vertex 37.2 54.5725 -134.572
    endloop
  endfacet
  facet normal 1 0 -0
    outer loop
      vertex 37.2 49.0166 -137.771
      vertex 37.2 51.071 -132.887
      vertex 37.2 48.3144 -137.57
    endloop
  endfacet
  facet normal 1 0 0
    outer loop
      vertex 37.2 54.5171 -134.61
      vertex 37.2 54.5725 -134.572
      vertex 37.2 54.5306 -134.6
    endloop
  endfacet
  facet normal 1 0 0
    outer loop
      vertex 37.2 55.4309 -135.962
      vertex 37.2 54.5725 -134.572
      vertex 37.2 54.5171 -134.61
    endloop
  endfacet
  facet normal 1 0 0
    outer loop
      vertex 37.2 55.4309 -135.962
      vertex 37.2 54.5171 -134.61
      vertex 37.2 53.8059 -134.87
    endloop
  endfacet
  facet normal 1 0 0
    outer loop
      vertex 37.2 55.4309 -135.962
      vertex 37.2 53.8059 -134.87
      vertex 37.2 54.9247 -136.525
    endloop
  endfacet
  facet normal 1 0 0
    outer loop
      vertex 37.2 54.5171 -134.61
      vertex 37.2 53.7961 -134.855
      vertex 37.2 53.8059 -134.87
    endloop
  endfacet
  facet normal 1 0 -0
    outer loop
      vertex 37.2 53.3327 -134.376
      vertex 37.2 53.6016 -133.664
      vertex 37.2 53.3186 -134.366
    endloop
  endfacet
  facet normal 1 0 0
    outer loop
      vertex 37.2 53.8078 -133.298
      vertex 37.2 52.564 -132.396
      vertex 37.2 52.4537 -132.5
    endloop
  endfacet
  facet normal 1 0 0
    outer loop
      vertex 37.2 53.8758 -133.126
      vertex 37.2 52.8835 -132.15
      vertex 37.2 52.7066 -132.278
    endloop
  endfacet
  facet normal 1 0 0
    outer loop
      vertex 37.2 52.8835 -132.15
      vertex 37.2 53.9432 -132.918
      vertex 37.2 54.0057 -132.673
    endloop
  endfacet
  facet normal 1 -0 0
    outer loop
      vertex 37.2 52.8835 -132.15
      vertex 37.2 54.0057 -132.673
      vertex 37.2 53.0965 -132.014
    endloop
  endfacet
  facet normal 1 0 -0
    outer loop
      vertex 37.2 54.0057 -132.673
      vertex 37.2 54.0589 -132.392
      vertex 37.2 53.0965 -132.014
    endloop
  endfacet
  facet normal 1 0 0
    outer loop
      vertex 37.2 54.0589 -132.392
      vertex 37.2 53.3472 -131.876
      vertex 37.2 53.0965 -132.014
    endloop
  endfacet
  facet normal 1 0 0
    outer loop
      vertex 37.2 54.0984 -132.075
      vertex 37.2 53.3472 -131.876
      vertex 37.2 54.0589 -132.392
    endloop
  endfacet
  facet normal 1 0 0
    outer loop
      vertex 37.2 53.6366 -131.74
      vertex 37.2 53.3472 -131.876
      vertex 37.2 54.0984 -132.075
    endloop
  endfacet
  facet normal 1 0 -0
    outer loop
      vertex 37.2 53.8758 -133.126
      vertex 37.2 53.9432 -132.918
      vertex 37.2 52.8835 -132.15
    endloop
  endfacet
  facet normal 1 0 0
    outer loop
      vertex 37.2 48.3144 -137.57
      vertex 37.2 49.15 -132.338
      vertex 37.2 48.8025 -132.292
    endloop
  endfacet
  facet normal 1 0 0
    outer loop
      vertex 37.2 52.564 -132.396
      vertex 37.2 53.8078 -133.298
      vertex 37.2 53.8758 -133.126
    endloop
  endfacet
  facet normal 1 0 0
    outer loop
      vertex 37.2 52.4537 -132.5
      vertex 37.2 53.7435 -133.435
      vertex 37.2 53.8078 -133.298
    endloop
  endfacet
  facet normal 1 0 -0
    outer loop
      vertex 37.2 53.6868 -133.539
      vertex 37.2 53.7435 -133.435
      vertex 37.2 52.4537 -132.5
    endloop
  endfacet
  facet normal 1 0 0
    outer loop
      vertex 37.2 53.6868 -133.539
      vertex 37.2 52.4537 -132.5
      vertex 37.2 52.3731 -132.586
    endloop
  endfacet
  facet normal 1 0 0
    outer loop
      vertex 37.2 53.6868 -133.539
      vertex 37.2 52.3731 -132.586
      vertex 37.2 53.6418 -133.61
    endloop
  endfacet
  facet normal 1 0 0
    outer loop
      vertex 37.2 52.3731 -132.586
      vertex 37.2 52.3195 -132.651
      vertex 37.2 53.6418 -133.61
    endloop
  endfacet
  facet normal 1 0 0
    outer loop
      vertex 37.2 52.3195 -132.651
      vertex 37.2 52.2807 -132.706
      vertex 37.2 53.6418 -133.61
    endloop
  endfacet
  facet normal 1 -0 0
    outer loop
      vertex 37.2 52.2898 -132.692
      vertex 37.2 52.2807 -132.706
      vertex 37.2 52.3195 -132.651
    endloop
  endfacet
  facet normal 1 0 0
    outer loop
      vertex 37.2 52.2807 -132.706
      vertex 37.2 53.6016 -133.664
      vertex 37.2 53.6418 -133.61
    endloop
  endfacet
  facet normal 1 -0 0
    outer loop
      vertex 37.2 51.7012 -133.193
      vertex 37.2 53.6016 -133.664
      vertex 37.2 52.2807 -132.706
    endloop
  endfacet
  facet normal 1 0 -0
    outer loop
      vertex 37.2 51.7012 -133.193
      vertex 37.2 52.2807 -132.706
      vertex 37.2 51.687 -133.183
    endloop
  endfacet
  facet normal 1 0 0
    outer loop
      vertex 37.2 43.66 -133.579
      vertex 37.2 43.3754 -133.784
      vertex 37.2 46.891 -137.815
    endloop
  endfacet
  facet normal 1 0 -0
    outer loop
      vertex 37.2 53.3186 -134.366
      vertex 37.2 53.6016 -133.664
      vertex 37.2 51.7012 -133.193
    endloop
  endfacet
  facet normal 1 0 0
    outer loop
      vertex 37.2 48.3144 -137.57
      vertex 37.2 47.5842 -137.586
      vertex 37.2 47.9539 -137.8
    endloop
  endfacet
  facet normal 1 0 0
    outer loop
      vertex 37.2 48.3144 -137.57
      vertex 37.2 48.8025 -132.292
      vertex 37.2 48.4529 -132.266
    endloop
  endfacet
  facet normal 1 0 0
    outer loop
      vertex 37.2 49.7817 -131.134
      vertex 37.2 49.6882 -131.294
      vertex 37.2 51.1704 -131.531
    endloop
  endfacet
  facet normal 1 -0 0
    outer loop
      vertex 37.2 51.071 -132.887
      vertex 37.2 51.0877 -132.892
      vertex 37.2 51.0967 -132.13
    endloop
  endfacet
  facet normal 1 0 0
    outer loop
      vertex 37.2 51.0967 -132.13
      vertex 37.2 51.1022 -132.114
      vertex 37.2 51.116 -132.066
    endloop
  endfacet
  facet normal 1 -0 0
    outer loop
      vertex 37.2 49.62 -131.429
      vertex 37.2 51.1655 -131.716
      vertex 37.2 49.6882 -131.294
    endloop
  endfacet
  facet normal 1 -0 0
    outer loop
      vertex 37.2 49.7817 -131.134
      vertex 37.2 51.1704 -131.531
      vertex 37.2 49.904 -130.953
    endloop
  endfacet
  facet normal 1 0 0
    outer loop
      vertex 37.2 49.904 -130.953
      vertex 37.2 51.1626 -131.312
      vertex 37.2 51.1376 -131.061
    endloop
  endfacet
  facet normal 1 -0 0
    outer loop
      vertex 37.2 49.904 -130.953
      vertex 37.2 51.1376 -131.061
      vertex 37.2 50.0579 -130.753
    endloop
  endfacet
  facet normal 1 0 0
    outer loop
      vertex 37.2 51.1376 -131.061
      vertex 37.2 51.0914 -130.779
      vertex 37.2 50.0579 -130.753
    endloop
  endfacet
  facet normal 1 0 0
    outer loop
      vertex 37.2 51.0914 -130.779
      vertex 37.2 50.2463 -130.537
      vertex 37.2 50.0579 -130.753
    endloop
  endfacet
  facet normal 1 0 0
    outer loop
      vertex 37.2 50.4715 -130.31
      vertex 37.2 50.2463 -130.537
      vertex 37.2 51.0914 -130.779
    endloop
  endfacet
  facet normal 1 0 0
    outer loop
      vertex 37.2 51.1704 -131.531
      vertex 37.2 51.1626 -131.312
      vertex 37.2 49.904 -130.953
    endloop
  endfacet
  facet normal 1 0 0
    outer loop
      vertex 37.2 51.0914 -130.779
      vertex 37.2 51.0201 -130.467
      vertex 37.2 50.4715 -130.31
    endloop
  endfacet
  facet normal 1 0 -0
    outer loop
      vertex 37.2 48.3144 -137.57
      vertex 37.2 48.4529 -132.266
      vertex 37.2 47.5842 -137.586
    endloop
  endfacet
  facet normal 1 0 -0
    outer loop
      vertex 37.2 51.1519 -131.867
      vertex 37.2 51.1655 -131.716
      vertex 37.2 49.62 -131.429
    endloop
  endfacet
  facet normal 1 0 0
    outer loop
      vertex 37.2 51.1519 -131.867
      vertex 37.2 49.62 -131.429
      vertex 37.2 51.134 -131.983
    endloop
  endfacet
  facet normal 1 0 0
    outer loop
      vertex 37.2 49.62 -131.429
      vertex 37.2 49.5737 -131.538
      vertex 37.2 51.134 -131.983
    endloop
  endfacet
  facet normal 1 0 0
    outer loop
      vertex 37.2 49.5737 -131.538
      vertex 37.2 51.116 -132.066
      vertex 37.2 51.134 -131.983
    endloop
  endfacet
  facet normal 1 -0 0
    outer loop
      vertex 37.2 49.5455 -131.617
      vertex 37.2 51.116 -132.066
      vertex 37.2 49.5737 -131.538
    endloop
  endfacet
  facet normal 1 -0 0
    outer loop
      vertex 37.2 49.5279 -131.682
      vertex 37.2 51.116 -132.066
      vertex 37.2 49.5455 -131.617
    endloop
  endfacet
  facet normal 1 0 0
    outer loop
      vertex 37.2 49.5279 -131.682
      vertex 37.2 49.5455 -131.617
      vertex 37.2 49.5316 -131.666
    endloop
  endfacet
  facet normal 1 0 -0
    outer loop
      vertex 37.2 51.0967 -132.13
      vertex 37.2 51.116 -132.066
      vertex 37.2 49.5279 -131.682
    endloop
  endfacet
  facet normal 1 0 0
    outer loop
      vertex 37.2 51.0967 -132.13
      vertex 37.2 49.5279 -131.682
      vertex 37.2 49.15 -132.338
    endloop
  endfacet
  facet normal 1 0 0
    outer loop
      vertex 37.2 51.0967 -132.13
      vertex 37.2 49.15 -132.338
      vertex 37.2 51.071 -132.887
    endloop
  endfacet
  facet normal 1 0 0
    outer loop
      vertex 37.2 49.5279 -131.682
      vertex 37.2 49.1332 -132.333
      vertex 37.2 49.15 -132.338
    endloop
  endfacet
  facet normal 1 0 0
    outer loop
      vertex 37.2 48.4529 -132.266
      vertex 37.2 46.46 -132.407
      vertex 37.2 47.5842 -137.586
    endloop
  endfacet
  facet normal 1 0 0
    outer loop
      vertex 37.2 48.1413 -131.133
      vertex 37.2 46.591 -131.392
      vertex 37.2 48.1802 -131.279
    endloop
  endfacet
  facet normal 1 0 0
    outer loop
      vertex 37.2 46.46 -132.407
      vertex 37.2 46.1177 -132.482
      vertex 37.2 47.5842 -137.586
    endloop
  endfacet
  facet normal 1 0 0
    outer loop
      vertex 37.2 48.4703 -132.264
      vertex 37.2 48.2183 -131.546
      vertex 37.2 48.4529 -132.266
    endloop
  endfacet
  facet normal 1 0 0
    outer loop
      vertex 37.2 48.2144 -131.478
      vertex 37.2 48.2183 -131.546
      vertex 37.2 48.2181 -131.529
    endloop
  endfacet
  facet normal 1 -0 0
    outer loop
      vertex 37.2 46.6088 -131.242
      vertex 37.2 46.591 -131.392
      vertex 37.2 48.1413 -131.133
    endloop
  endfacet
  facet normal 1 0 0
    outer loop
      vertex 37.2 46.6948 -130.847
      vertex 37.2 46.642 -131.06
      vertex 37.2 48.0827 -130.957
    endloop
  endfacet
  facet normal 1 0 0
    outer loop
      vertex 37.2 47.8911 -130.527
      vertex 37.2 46.6948 -130.847
      vertex 37.2 48.0005 -130.755
    endloop
  endfacet
  facet normal 1 -0 0
    outer loop
      vertex 37.2 46.6948 -130.847
      vertex 37.2 48.0827 -130.957
      vertex 37.2 48.0005 -130.755
    endloop
  endfacet
  facet normal 1 0 0
    outer loop
      vertex 37.2 46.6948 -130.847
      vertex 37.2 47.8911 -130.527
      vertex 37.2 46.771 -130.606
    endloop
  endfacet
  facet normal 1 0 0
    outer loop
      vertex 37.2 47.8911 -130.527
      vertex 37.2 46.8743 -130.34
      vertex 37.2 46.771 -130.606
    endloop
  endfacet
  facet normal 1 0 0
    outer loop
      vertex 37.2 47.7511 -130.277
      vertex 37.2 46.8743 -130.34
      vertex 37.2 47.8911 -130.527
    endloop
  endfacet
  facet normal 1 0 0
    outer loop
      vertex 37.2 46.8743 -130.34
      vertex 37.2 47.7511 -130.277
      vertex 37.2 47.5774 -130.009
    endloop
  endfacet
  facet normal 1 0 0
    outer loop
      vertex 37.2 46.8743 -130.34
      vertex 37.2 47.5774 -130.009
      vertex 37.2 47.0084 -130.049
    endloop
  endfacet
  facet normal 1 0 0
    outer loop
      vertex 37.2 45.1867 -131.744
      vertex 37.2 43.7661 -132.506
      vertex 37.2 45.2478 -131.844
    endloop
  endfacet
  facet normal 1 0 0
    outer loop
      vertex 37.2 46.6088 -131.242
      vertex 37.2 48.0827 -130.957
      vertex 37.2 46.642 -131.06
    endloop
  endfacet
  facet normal 1 0 0
    outer loop
      vertex 37.2 48.1413 -131.133
      vertex 37.2 48.0827 -130.957
      vertex 37.2 46.6088 -131.242
    endloop
  endfacet
  facet normal 1 0 0
    outer loop
      vertex 37.2 48.1802 -131.279
      vertex 37.2 46.591 -131.392
      vertex 37.2 48.2032 -131.395
    endloop
  endfacet
  facet normal 1 0 0
    outer loop
      vertex 37.2 43.6323 -131.593
      vertex 37.2 44.6577 -131.136
      vertex 37.2 44.4408 -130.949
    endloop
  endfacet
  facet normal 1 0 0
    outer loop
      vertex 37.2 46.591 -131.392
      vertex 37.2 46.5845 -131.51
      vertex 37.2 48.2032 -131.395
    endloop
  endfacet
  facet normal 1 0 0
    outer loop
      vertex 37.2 44.8383 -131.312
      vertex 37.2 43.6661 -132.063
      vertex 37.2 44.9849 -131.474
    endloop
  endfacet
  facet normal 1 -0 0
    outer loop
      vertex 37.2 46.5845 -131.51
      vertex 37.2 46.5852 -131.594
      vertex 37.2 48.2032 -131.395
    endloop
  endfacet
  facet normal 1 0 0
    outer loop
      vertex 37.2 45.1867 -131.744
      vertex 37.2 45.1001 -131.619
      vertex 37.2 43.6972 -132.246
    endloop
  endfacet
  facet normal 1 0 0
    outer loop
      vertex 37.2 46.5852 -131.594
      vertex 37.2 48.2144 -131.478
      vertex 37.2 48.2032 -131.395
    endloop
  endfacet
  facet normal 1 0 0
    outer loop
      vertex 37.2 48.2183 -131.546
      vertex 37.2 48.2144 -131.478
      vertex 37.2 46.5852 -131.594
    endloop
  endfacet
  facet normal 1 0 0
    outer loop
      vertex 37.2 46.5908 -131.661
      vertex 37.2 46.5852 -131.594
      vertex 37.2 46.5887 -131.644
    endloop
  endfacet
  facet normal 1 0 0
    outer loop
      vertex 37.2 45.7962 -132.57
      vertex 37.2 45.3136 -131.981
      vertex 37.2 45.7804 -132.577
    endloop
  endfacet
  facet normal 1 0 0
    outer loop
      vertex 37.2 48.2183 -131.546
      vertex 37.2 46.5852 -131.594
      vertex 37.2 46.5908 -131.661
    endloop
  endfacet
  facet normal 1 0 0
    outer loop
      vertex 37.2 48.2183 -131.546
      vertex 37.2 46.5908 -131.661
      vertex 37.2 48.4529 -132.266
    endloop
  endfacet
  facet normal 1 0 0
    outer loop
      vertex 37.2 46.5908 -131.661
      vertex 37.2 46.4427 -132.408
      vertex 37.2 46.46 -132.407
    endloop
  endfacet
  facet normal 1 0 0
    outer loop
      vertex 37.2 46.5908 -131.661
      vertex 37.2 46.46 -132.407
      vertex 37.2 48.4529 -132.266
    endloop
  endfacet
  facet normal 1 -0 0
    outer loop
      vertex 37.2 45.7804 -132.577
      vertex 37.2 47.5842 -137.586
      vertex 37.2 46.1177 -132.482
    endloop
  endfacet
  facet normal 1 0 0
    outer loop
      vertex 37.2 43.956 -133.391
      vertex 37.2 45.7804 -132.577
      vertex 37.2 45.3136 -131.981
    endloop
  endfacet
  facet normal 1 -0 0
    outer loop
      vertex 37.2 43.956 -133.391
      vertex 37.2 46.891 -137.815
      vertex 37.2 45.7804 -132.577
    endloop
  endfacet
  facet normal 1 -0 0
    outer loop
      vertex 37.2 43.6972 -132.246
      vertex 37.2 43.7319 -132.393
      vertex 37.2 45.1867 -131.744
    endloop
  endfacet
  facet normal 1 0 0
    outer loop
      vertex 37.2 45.1001 -131.619
      vertex 37.2 43.6661 -132.063
      vertex 37.2 43.6972 -132.246
    endloop
  endfacet
  facet normal 1 0 0
    outer loop
      vertex 37.2 44.9849 -131.474
      vertex 37.2 43.6661 -132.063
      vertex 37.2 45.1001 -131.619
    endloop
  endfacet
  facet normal 1 -0 0
    outer loop
      vertex 37.2 43.6431 -131.846
      vertex 37.2 43.6661 -132.063
      vertex 37.2 44.8383 -131.312
    endloop
  endfacet
  facet normal 1 0 0
    outer loop
      vertex 37.2 43.6323 -131.593
      vertex 37.2 44.8383 -131.312
      vertex 37.2 44.6577 -131.136
    endloop
  endfacet
  facet normal 1 0 0
    outer loop
      vertex 37.2 43.6323 -131.593
      vertex 37.2 44.4408 -130.949
      vertex 37.2 43.6382 -131.307
    endloop
  endfacet
  facet normal 1 0 0
    outer loop
      vertex 37.2 43.6649 -130.989
      vertex 37.2 44.4408 -130.949
      vertex 37.2 44.1858 -130.756
    endloop
  endfacet
  facet normal 1 0 0
    outer loop
      vertex 37.2 49.15 -132.338
      vertex 37.2 48.3144 -137.57
      vertex 37.2 51.071 -132.887
    endloop
  endfacet
  facet normal 1 -0 0
    outer loop
      vertex 37.2 50.0306 -139.154
      vertex 37.2 50.3766 -139.405
      vertex 37.2 50.0956 -138.731
    endloop
  endfacet
  facet normal 1 -0 0
    outer loop
      vertex 37.2 50.0956 -138.731
      vertex 37.2 50.3766 -139.405
      vertex 37.2 55.2104 -137.165
    endloop
  endfacet
  facet normal 1 0 0
    outer loop
      vertex 37.2 49.0166 -137.771
      vertex 37.2 48.3144 -137.57
      vertex 37.2 48.6043 -137.885
    endloop
  endfacet
  facet normal 1 0 0
    outer loop
      vertex 37.2 45.8531 -138.82
      vertex 37.2 46.2516 -138.665
      vertex 37.2 46.2964 -138.239
    endloop
  endfacet
  facet normal 1 0 0
    outer loop
      vertex 37.2 50.4464 -140.132
      vertex 37.2 55.7306 -139.452
      vertex 37.2 55.6956 -139.103
    endloop
  endfacet
  facet normal 1 -0 -0
    outer loop
      vertex 37.2 49.201 -138.157
      vertex 37.2 49.6285 -138.17
      vertex 37.2 49.0166 -137.771
    endloop
  endfacet
  facet normal 1 0 0
    outer loop
      vertex 37.2 50.2989 -140.847
      vertex 37.2 55.4519 -142.129
      vertex 37.2 55.5383 -141.789
    endloop
  endfacet
  facet normal 1 0 0
    outer loop
      vertex 37.2 54.9247 -136.525
      vertex 37.2 50.0956 -138.731
      vertex 37.2 55.0769 -136.841
    endloop
  endfacet
  facet normal 1 -0 0
    outer loop
      vertex 37.2 50.3766 -139.405
      vertex 37.2 50.4464 -140.132
      vertex 37.2 55.6956 -139.103
    endloop
  endfacet
  facet normal 1 0 0
    outer loop
      vertex 37.2 55.2104 -137.165
      vertex 37.2 50.3766 -139.405
      vertex 37.2 55.6956 -139.103
    endloop
  endfacet
  facet normal 1 0 0
    outer loop
      vertex 37.2 49.4222 -141.995
      vertex 37.2 52.6246 -146.216
      vertex 37.2 54.0605 -144.827
    endloop
  endfacet
  facet normal 1 0 0
    outer loop
      vertex 37.2 50.4464 -140.132
      vertex 37.2 50.2989 -140.847
      vertex 37.2 55.5383 -141.789
    endloop
  endfacet
  facet normal 1 0 0
    outer loop
      vertex 37.2 55.7452 -139.802
      vertex 37.2 50.4464 -140.132
      vertex 37.2 55.5383 -141.789
    endloop
  endfacet
  facet normal 1 0 0
    outer loop
      vertex 37.2 48.771 -142.326
      vertex 37.2 50.2196 -147.423
      vertex 37.2 52.044 -146.609
    endloop
  endfacet
  facet normal 1 0 0
    outer loop
      vertex 37.2 50.2989 -140.847
      vertex 37.2 49.947 -141.487
      vertex 37.2 54.4718 -144.259
    endloop
  endfacet
  facet normal 1 0 0
    outer loop
      vertex 37.2 55.3458 -142.463
      vertex 37.2 50.2989 -140.847
      vertex 37.2 54.4718 -144.259
    endloop
  endfacet
  facet normal 1 0 0
    outer loop
      vertex 37.2 48.0513 -142.449
      vertex 37.2 47.5471 -147.734
      vertex 37.2 49.54 -147.593
    endloop
  endfacet
  facet normal 1 0 0
    outer loop
      vertex 37.2 49.947 -141.487
      vertex 37.2 49.4222 -141.995
      vertex 37.2 54.0605 -144.827
    endloop
  endfacet
  facet normal 1 0 0
    outer loop
      vertex 37.2 54.2744 -144.549
      vertex 37.2 49.947 -141.487
      vertex 37.2 54.0605 -144.827
    endloop
  endfacet
  facet normal 1 -0 0
    outer loop
      vertex 37.2 46.85 -147.662
      vertex 37.2 47.1975 -147.708
      vertex 37.2 48.0513 -142.449
    endloop
  endfacet
  facet normal 1 0 0
    outer loop
      vertex 37.2 49.4222 -141.995
      vertex 37.2 52.044 -146.609
      vertex 37.2 52.34 -146.421
    endloop
  endfacet
  facet normal 1 -0 0
    outer loop
      vertex 37.2 49.5298 -141.581
      vertex 37.2 49.4222 -141.995
      vertex 37.2 49.947 -141.487
    endloop
  endfacet
  facet normal 1 0 0
    outer loop
      vertex 37.2 46.6625 -142.053
      vertex 37.2 44.6095 -146.969
      vertex 37.2 44.929 -147.113
    endloop
  endfacet
  facet normal 1 0 0
    outer loop
      vertex 37.2 48.771 -142.326
      vertex 37.2 49.4222 -141.995
      vertex 37.2 48.9958 -141.962
    endloop
  endfacet
  facet normal 1 0 0
    outer loop
      vertex 37.2 48.771 -142.326
      vertex 37.2 49.8823 -147.518
      vertex 37.2 50.2196 -147.423
    endloop
  endfacet
  facet normal 1 0 0
    outer loop
      vertex 37.2 46.1169 -141.567
      vertex 37.2 42.6814 -145.634
      vertex 37.2 46.6625 -142.053
    endloop
  endfacet
  facet normal 1 0 0
    outer loop
      vertex 37.2 48.0513 -142.449
      vertex 37.2 47.1975 -147.708
      vertex 37.2 47.5471 -147.734
    endloop
  endfacet
  facet normal 1 0 0
    outer loop
      vertex 37.2 48.3734 -142.168
      vertex 37.2 48.0513 -142.449
      vertex 37.2 48.771 -142.326
    endloop
  endfacet
  facet normal 1 -0 0
    outer loop
      vertex 37.2 42.1941 -145.13
      vertex 37.2 42.4304 -145.389
      vertex 37.2 46.1169 -141.567
    endloop
  endfacet
  facet normal 1 0 0
    outer loop
      vertex 37.2 47.327 -142.356
      vertex 37.2 46.6625 -142.053
      vertex 37.2 44.929 -147.113
    endloop
  endfacet
  facet normal 1 0 -0
    outer loop
      vertex 37.2 46.85 -147.662
      vertex 37.2 47.327 -142.356
      vertex 37.2 44.929 -147.113
    endloop
  endfacet
  facet normal 1 0 0
    outer loop
      vertex 37.2 46.6625 -142.053
      vertex 37.2 46.5377 -141.644
      vertex 37.2 46.1169 -141.567
    endloop
  endfacet
  facet normal 1 0 0
    outer loop
      vertex 37.2 46.6625 -142.053
      vertex 37.2 42.6814 -145.634
      vertex 37.2 44.2988 -146.807
    endloop
  endfacet
  facet normal 1 0 -0
    outer loop
      vertex 37.2 46.1169 -141.567
      vertex 37.2 46.1182 -141.14
      vertex 37.2 45.7386 -140.943
    endloop
  endfacet
  facet normal 1 0 0
    outer loop
      vertex 37.2 46.1169 -141.567
      vertex 37.2 45.7386 -140.943
      vertex 37.2 41.0753 -143.475
    endloop
  endfacet
  facet normal 1 0 -0
    outer loop
      vertex 37.2 42.1941 -145.13
      vertex 37.2 46.1169 -141.567
      vertex 37.2 41.0753 -143.475
    endloop
  endfacet
  facet normal 1 0 0
    outer loop
      vertex 37.2 45.7386 -140.943
      vertex 37.2 45.5612 -140.234
      vertex 37.2 40.3044 -140.897
    endloop
  endfacet
  facet normal 1 0 -0
    outer loop
      vertex 37.2 40.7896 -142.835
      vertex 37.2 45.7386 -140.943
      vertex 37.2 40.3044 -140.897
    endloop
  endfacet
  facet normal 1 0 -0
    outer loop
      vertex 37.2 45.5612 -140.234
      vertex 37.2 45.6005 -139.505
      vertex 37.2 40.2548 -140.198
    endloop
  endfacet
  facet normal 1 0 0
    outer loop
      vertex 37.2 45.5612 -140.234
      vertex 37.2 40.2548 -140.198
      vertex 37.2 40.2694 -140.548
    endloop
  endfacet
  facet normal 1 0 0
    outer loop
      vertex 37.2 45.8659 -140.534
      vertex 37.2 45.5612 -140.234
      vertex 37.2 45.7386 -140.943
    endloop
  endfacet
  facet normal 1 0 0
    outer loop
      vertex 37.2 45.6005 -139.505
      vertex 37.2 45.5612 -140.234
      vertex 37.2 45.8032 -139.882
    endloop
  endfacet
  facet normal 1 0 0
    outer loop
      vertex 37.2 45.6005 -139.505
      vertex 37.2 40.5481 -137.871
      vertex 37.2 40.4617 -138.211
    endloop
  endfacet
  facet normal 1 0 0
    outer loop
      vertex 37.2 45.8531 -138.82
      vertex 37.2 41.5282 -135.741
      vertex 37.2 40.6542 -137.537
    endloop
  endfacet
  facet normal 1 0 0
    outer loop
      vertex 37.2 45.8531 -138.82
      vertex 37.2 45.6005 -139.505
      vertex 37.2 45.9357 -139.239
    endloop
  endfacet
  facet normal 1 0 -0
    outer loop
      vertex 37.2 46.891 -137.815
      vertex 37.2 47.5842 -137.586
      vertex 37.2 45.7804 -132.577
    endloop
  endfacet
  facet normal 1 0 0
    outer loop
      vertex 37.2 41.9395 -135.173
      vertex 37.2 45.8531 -138.82
      vertex 37.2 46.2964 -138.239
    endloop
  endfacet
  facet normal 1 0 0
    outer loop
      vertex 37.2 43.3754 -133.784
      vertex 37.2 46.2964 -138.239
      vertex 37.2 46.891 -137.815
    endloop
  endfacet
  facet normal 1 -0 0
    outer loop
      vertex 37.2 46.891 -137.815
      vertex 37.2 47.3077 -137.912
      vertex 37.2 47.5842 -137.586
    endloop
  endfacet
  facet normal 1 -0 0
    outer loop
      vertex 37.2 43.66 -133.579
      vertex 37.2 46.891 -137.815
      vertex 37.2 43.956 -133.391
    endloop
  endfacet
  facet normal 1 0 0
    outer loop
      vertex 37.2 46.2964 -138.239
      vertex 37.2 46.7229 -138.209
      vertex 37.2 46.891 -137.815
    endloop
  endfacet
  facet normal 0 -0.996494 0.0836679
    outer loop
      vertex 34 43.6382 -131.307
      vertex 37.2 43.6649 -130.989
      vertex 34 43.6649 -130.989
    endloop
  endfacet
  facet normal 0 -0.996494 0.0836679
    outer loop
      vertex 34 43.6382 -131.307
      vertex 37.2 43.6382 -131.307
      vertex 37.2 43.6649 -130.989
    endloop
  endfacet
  facet normal 0 -0.999787 0.020625
    outer loop
      vertex 34 43.6323 -131.593
      vertex 37.2 43.6382 -131.307
      vertex 34 43.6382 -131.307
    endloop
  endfacet
  facet normal 0 -0.999787 0.020625
    outer loop
      vertex 34 43.6323 -131.593
      vertex 37.2 43.6323 -131.593
      vertex 37.2 43.6382 -131.307
    endloop
  endfacet
  facet normal 0 -0.99909 -0.0426489
    outer loop
      vertex 34 43.6431 -131.846
      vertex 37.2 43.6323 -131.593
      vertex 34 43.6323 -131.593
    endloop
  endfacet
  facet normal 0 -0.99909 -0.0426489
    outer loop
      vertex 34 43.6431 -131.846
      vertex 37.2 43.6431 -131.846
      vertex 37.2 43.6323 -131.593
    endloop
  endfacet
  facet normal 0 -0.99443 -0.1054
    outer loop
      vertex 34 43.6661 -132.063
      vertex 37.2 43.6431 -131.846
      vertex 34 43.6431 -131.846
    endloop
  endfacet
  facet normal 0 -0.99443 -0.1054
    outer loop
      vertex 34 43.6661 -132.063
      vertex 37.2 43.6661 -132.063
      vertex 37.2 43.6431 -131.846
    endloop
  endfacet
  facet normal 0 -0.985865 -0.167543
    outer loop
      vertex 34 43.6972 -132.246
      vertex 37.2 43.6661 -132.063
      vertex 34 43.6661 -132.063
    endloop
  endfacet
  facet normal 0 -0.985865 -0.167543
    outer loop
      vertex 34 43.6972 -132.246
      vertex 37.2 43.6972 -132.246
      vertex 37.2 43.6661 -132.063
    endloop
  endfacet
  facet normal 0 -0.973252 -0.22974
    outer loop
      vertex 34 43.7319 -132.393
      vertex 37.2 43.6972 -132.246
      vertex 34 43.6972 -132.246
    endloop
  endfacet
  facet normal 0 -0.973252 -0.22974
    outer loop
      vertex 34 43.7319 -132.393
      vertex 37.2 43.7319 -132.393
      vertex 37.2 43.6972 -132.246
    endloop
  endfacet
  facet normal 0 -0.957124 -0.289678
    outer loop
      vertex 34 43.7661 -132.506
      vertex 37.2 43.7319 -132.393
      vertex 34 43.7319 -132.393
    endloop
  endfacet
  facet normal 0 -0.957124 -0.289678
    outer loop
      vertex 34 43.7661 -132.506
      vertex 37.2 43.7661 -132.506
      vertex 37.2 43.7319 -132.393
    endloop
  endfacet
  facet normal 0 -0.937591 -0.34774
    outer loop
      vertex 34 43.7954 -132.585
      vertex 37.2 43.7661 -132.506
      vertex 34 43.7661 -132.506
    endloop
  endfacet
  facet normal 0 -0.937591 -0.34774
    outer loop
      vertex 34 43.7954 -132.585
      vertex 37.2 43.7954 -132.585
      vertex 37.2 43.7661 -132.506
    endloop
  endfacet
  facet normal 0 -0.912662 -0.408714
    outer loop
      vertex 34 43.816 -132.631
      vertex 37.2 43.7954 -132.585
      vertex 34 43.7954 -132.585
    endloop
  endfacet
  facet normal 0 -0.912662 -0.408714
    outer loop
      vertex 34 43.816 -132.631
      vertex 37.2 43.816 -132.631
      vertex 37.2 43.7954 -132.585
    endloop
  endfacet
  facet normal 0 -0.889632 -0.456678
    outer loop
      vertex 34 43.8237 -132.646
      vertex 37.2 43.816 -132.631
      vertex 34 43.816 -132.631
    endloop
  endfacet
  facet normal 0 -0.889632 -0.456678
    outer loop
      vertex 34 43.8237 -132.646
      vertex 37.2 43.8237 -132.646
      vertex 37.2 43.816 -132.631
    endloop
  endfacet
  facet normal 0 -0.988262 -0.152767
    outer loop
      vertex 34 43.9401 -133.399
      vertex 37.2 43.8237 -132.646
      vertex 34 43.8237 -132.646
    endloop
  endfacet
  facet normal 0 -0.988262 -0.152767
    outer loop
      vertex 34 43.9401 -133.399
      vertex 37.2 43.9401 -133.399
      vertex 37.2 43.8237 -132.646
    endloop
  endfacet
  facet normal 0 0.449459 -0.893301
    outer loop
      vertex 34 43.956 -133.391
      vertex 37.2 43.9401 -133.399
      vertex 34 43.9401 -133.399
    endloop
  endfacet
  facet normal 0 0.449459 -0.893301
    outer loop
      vertex 34 43.956 -133.391
      vertex 37.2 43.956 -133.391
      vertex 37.2 43.9401 -133.399
    endloop
  endfacet
  facet normal 0 -0.536137 0.844131
    outer loop
      vertex 34 43.66 -133.579
      vertex 37.2 43.956 -133.391
      vertex 34 43.956 -133.391
    endloop
  endfacet
  facet normal 0 -0.536137 0.844131
    outer loop
      vertex 34 43.66 -133.579
      vertex 37.2 43.66 -133.579
      vertex 37.2 43.956 -133.391
    endloop
  endfacet
  facet normal 0 -0.58447 0.811415
    outer loop
      vertex 34 43.3754 -133.784
      vertex 37.2 43.66 -133.579
      vertex 34 43.66 -133.579
    endloop
  endfacet
  facet normal 0 -0.58447 0.811415
    outer loop
      vertex 34 43.3754 -133.784
      vertex 37.2 43.3754 -133.784
      vertex 37.2 43.66 -133.579
    endloop
  endfacet
  facet normal 0 0.692532 -0.721387
    outer loop
      vertex 34 43.3879 -133.772
      vertex 37.2 43.3754 -133.784
      vertex 34 43.3754 -133.784
    endloop
  endfacet
  facet normal 0 0.692532 -0.721387
    outer loop
      vertex 34 43.3879 -133.772
      vertex 37.2 43.3879 -133.772
      vertex 37.2 43.3754 -133.784
    endloop
  endfacet
  facet normal 0 0.51063 0.859801
    outer loop
      vertex 34 42.7329 -133.383
      vertex 37.2 43.3879 -133.772
      vertex 34 43.3879 -133.772
    endloop
  endfacet
  facet normal -0 0.51063 0.859801
    outer loop
      vertex 34 42.7329 -133.383
      vertex 37.2 42.7329 -133.383
      vertex 37.2 43.3879 -133.772
    endloop
  endfacet
  facet normal 0 0.737154 0.675725
    outer loop
      vertex 34 42.7219 -133.371
      vertex 37.2 42.7329 -133.383
      vertex 34 42.7329 -133.383
    endloop
  endfacet
  facet normal -0 0.737154 0.675725
    outer loop
      vertex 34 42.7219 -133.371
      vertex 37.2 42.7219 -133.371
      vertex 37.2 42.7329 -133.383
    endloop
  endfacet
  facet normal 0 0.72451 0.689264
    outer loop
      vertex 34 42.6867 -133.334
      vertex 37.2 42.7219 -133.371
      vertex 34 42.7219 -133.371
    endloop
  endfacet
  facet normal -0 0.72451 0.689264
    outer loop
      vertex 34 42.6867 -133.334
      vertex 37.2 42.6867 -133.334
      vertex 37.2 42.7219 -133.371
    endloop
  endfacet
  facet normal 0 0.668503 0.74371
    outer loop
      vertex 34 42.6244 -133.278
      vertex 37.2 42.6867 -133.334
      vertex 34 42.6867 -133.334
    endloop
  endfacet
  facet normal -0 0.668503 0.74371
    outer loop
      vertex 34 42.6244 -133.278
      vertex 37.2 42.6244 -133.278
      vertex 37.2 42.6867 -133.334
    endloop
  endfacet
  facet normal 0 0.627172 0.77888
    outer loop
      vertex 34 42.5325 -133.204
      vertex 37.2 42.6244 -133.278
      vertex 34 42.6244 -133.278
    endloop
  endfacet
  facet normal -0 0.627172 0.77888
    outer loop
      vertex 34 42.5325 -133.204
      vertex 37.2 42.5325 -133.204
      vertex 37.2 42.6244 -133.278
    endloop
  endfacet
  facet normal 0 0.574969 0.818175
    outer loop
      vertex 34 42.4087 -133.117
      vertex 37.2 42.5325 -133.204
      vertex 34 42.5325 -133.204
    endloop
  endfacet
  facet normal -0 0.574969 0.818175
    outer loop
      vertex 34 42.4087 -133.117
      vertex 37.2 42.4087 -133.117
      vertex 37.2 42.5325 -133.204
    endloop
  endfacet
  facet normal 0 0.523676 0.851918
    outer loop
      vertex 34 42.2509 -133.02
      vertex 37.2 42.4087 -133.117
      vertex 34 42.4087 -133.117
    endloop
  endfacet
  facet normal -0 0.523676 0.851918
    outer loop
      vertex 34 42.2509 -133.02
      vertex 37.2 42.2509 -133.02
      vertex 37.2 42.4087 -133.117
    endloop
  endfacet
  facet normal 0 0.470256 0.88253
    outer loop
      vertex 34 42.0576 -132.917
      vertex 37.2 42.2509 -133.02
      vertex 34 42.2509 -133.02
    endloop
  endfacet
  facet normal -0 0.470256 0.88253
    outer loop
      vertex 34 42.0576 -132.917
      vertex 37.2 42.0576 -132.917
      vertex 37.2 42.2509 -133.02
    endloop
  endfacet
  facet normal 0 0.411863 0.911246
    outer loop
      vertex 34 41.8275 -132.813
      vertex 37.2 42.0576 -132.917
      vertex 34 42.0576 -132.917
    endloop
  endfacet
  facet normal -0 0.411863 0.911246
    outer loop
      vertex 34 41.8275 -132.813
      vertex 37.2 41.8275 -132.813
      vertex 37.2 42.0576 -132.917
    endloop
  endfacet
  facet normal 0 0.353 0.935623
    outer loop
      vertex 34 41.5598 -132.712
      vertex 37.2 41.8275 -132.813
      vertex 34 41.8275 -132.813
    endloop
  endfacet
  facet normal -0 0.353 0.935623
    outer loop
      vertex 34 41.5598 -132.712
      vertex 37.2 41.5598 -132.712
      vertex 37.2 41.8275 -132.813
    endloop
  endfacet
  facet normal 0 0.293998 0.955806
    outer loop
      vertex 34 41.2542 -132.618
      vertex 37.2 41.5598 -132.712
      vertex 34 41.5598 -132.712
    endloop
  endfacet
  facet normal -0 0.293998 0.955806
    outer loop
      vertex 34 41.2542 -132.618
      vertex 37.2 41.2542 -132.618
      vertex 37.2 41.5598 -132.712
    endloop
  endfacet
  facet normal 0 -0.695626 0.718404
    outer loop
      vertex 34 40.8442 -133.015
      vertex 37.2 41.2542 -132.618
      vertex 34 41.2542 -132.618
    endloop
  endfacet
  facet normal 0 -0.695626 0.718404
    outer loop
      vertex 34 40.8442 -133.015
      vertex 37.2 40.8442 -133.015
      vertex 37.2 41.2542 -132.618
    endloop
  endfacet
  facet normal 0 -0.964764 -0.263117
    outer loop
      vertex 34 40.9282 -133.323
      vertex 37.2 40.8442 -133.015
      vertex 34 40.8442 -133.015
    endloop
  endfacet
  facet normal 0 -0.964764 -0.263117
    outer loop
      vertex 34 40.9282 -133.323
      vertex 37.2 40.9282 -133.323
      vertex 37.2 40.8442 -133.015
    endloop
  endfacet
  facet normal 0 -0.946602 -0.322404
    outer loop
      vertex 34 41.0205 -133.594
      vertex 37.2 40.9282 -133.323
      vertex 34 40.9282 -133.323
    endloop
  endfacet
  facet normal 0 -0.946602 -0.322404
    outer loop
      vertex 34 41.0205 -133.594
      vertex 37.2 41.0205 -133.594
      vertex 37.2 40.9282 -133.323
    endloop
  endfacet
  facet normal 0 -0.924176 -0.381966
    outer loop
      vertex 34 41.1168 -133.827
      vertex 37.2 41.0205 -133.594
      vertex 34 41.0205 -133.594
    endloop
  endfacet
  facet normal 0 -0.924176 -0.381966
    outer loop
      vertex 34 41.1168 -133.827
      vertex 37.2 41.1168 -133.827
      vertex 37.2 41.0205 -133.594
    endloop
  endfacet
  facet normal 0 -0.898764 -0.438433
    outer loop
      vertex 34 41.2129 -134.024
      vertex 37.2 41.1168 -133.827
      vertex 34 41.1168 -133.827
    endloop
  endfacet
  facet normal 0 -0.898764 -0.438433
    outer loop
      vertex 34 41.2129 -134.024
      vertex 37.2 41.2129 -134.024
      vertex 37.2 41.1168 -133.827
    endloop
  endfacet
  facet normal 0 -0.869172 -0.49451
    outer loop
      vertex 34 41.3045 -134.185
      vertex 37.2 41.2129 -134.024
      vertex 34 41.2129 -134.024
    endloop
  endfacet
  facet normal 0 -0.869172 -0.49451
    outer loop
      vertex 34 41.3045 -134.185
      vertex 37.2 41.3045 -134.185
      vertex 37.2 41.2129 -134.024
    endloop
  endfacet
  facet normal 0 -0.836784 -0.547533
    outer loop
      vertex 34 41.3876 -134.312
      vertex 37.2 41.3045 -134.185
      vertex 34 41.3045 -134.185
    endloop
  endfacet
  facet normal 0 -0.836784 -0.547533
    outer loop
      vertex 34 41.3876 -134.312
      vertex 37.2 41.3876 -134.312
      vertex 37.2 41.3045 -134.185
    endloop
  endfacet
  facet normal 0 -0.799183 -0.601088
    outer loop
      vertex 34 41.4583 -134.406
      vertex 37.2 41.3876 -134.312
      vertex 34 41.3876 -134.312
    endloop
  endfacet
  facet normal 0 -0.799183 -0.601088
    outer loop
      vertex 34 41.4583 -134.406
      vertex 37.2 41.4583 -134.406
      vertex 37.2 41.3876 -134.312
    endloop
  endfacet
  facet normal 0 -0.760765 -0.649028
    outer loop
      vertex 34 41.5129 -134.47
      vertex 37.2 41.4583 -134.406
      vertex 34 41.4583 -134.406
    endloop
  endfacet
  facet normal 0 -0.760765 -0.649028
    outer loop
      vertex 34 41.5129 -134.47
      vertex 37.2 41.5129 -134.47
      vertex 37.2 41.4583 -134.406
    endloop
  endfacet
  facet normal 0 -0.716995 -0.697078
    outer loop
      vertex 34 41.5479 -134.506
      vertex 37.2 41.5129 -134.47
      vertex 34 41.5129 -134.47
    endloop
  endfacet
  facet normal 0 -0.716995 -0.697078
    outer loop
      vertex 34 41.5479 -134.506
      vertex 37.2 41.5479 -134.506
      vertex 37.2 41.5129 -134.47
    endloop
  endfacet
  facet normal 0 -0.695421 -0.718602
    outer loop
      vertex 34 41.5603 -134.518
      vertex 37.2 41.5479 -134.506
      vertex 34 41.5479 -134.506
    endloop
  endfacet
  facet normal 0 -0.695421 -0.718602
    outer loop
      vertex 34 41.5603 -134.518
      vertex 37.2 41.5603 -134.518
      vertex 37.2 41.5479 -134.506
    endloop
  endfacet
  facet normal 0 -0.876244 -0.481868
    outer loop
      vertex 34 41.9271 -135.185
      vertex 37.2 41.5603 -134.518
      vertex 34 41.5603 -134.518
    endloop
  endfacet
  facet normal 0 -0.876244 -0.481868
    outer loop
      vertex 34 41.9271 -135.185
      vertex 37.2 41.9271 -135.185
      vertex 37.2 41.5603 -134.518
    endloop
  endfacet
  facet normal 0 0.695421 -0.718602
    outer loop
      vertex 34 41.9395 -135.173
      vertex 37.2 41.9271 -135.185
      vertex 34 41.9271 -135.185
    endloop
  endfacet
  facet normal 0 0.695421 -0.718602
    outer loop
      vertex 34 41.9395 -135.173
      vertex 37.2 41.9395 -135.173
      vertex 37.2 41.9271 -135.185
    endloop
  endfacet
  facet normal 0 -0.79255 0.609807
    outer loop
      vertex 34 41.7256 -135.451
      vertex 37.2 41.9395 -135.173
      vertex 34 41.9395 -135.173
    endloop
  endfacet
  facet normal 0 -0.79255 0.609807
    outer loop
      vertex 34 41.7256 -135.451
      vertex 37.2 41.7256 -135.451
      vertex 37.2 41.9395 -135.173
    endloop
  endfacet
  facet normal 0 -0.826661 0.5627
    outer loop
      vertex 34 41.5282 -135.741
      vertex 37.2 41.7256 -135.451
      vertex 34 41.7256 -135.451
    endloop
  endfacet
  facet normal 0 -0.826661 0.5627
    outer loop
      vertex 34 41.5282 -135.741
      vertex 37.2 41.5282 -135.741
      vertex 37.2 41.7256 -135.451
    endloop
  endfacet
  facet normal 0 0.901083 -0.433646
    outer loop
      vertex 34 41.5359 -135.725
      vertex 37.2 41.5282 -135.741
      vertex 34 41.5282 -135.741
    endloop
  endfacet
  facet normal 0 0.901083 -0.433646
    outer loop
      vertex 34 41.5359 -135.725
      vertex 37.2 41.5359 -135.725
      vertex 37.2 41.5282 -135.741
    endloop
  endfacet
  facet normal 0 0.185121 0.982716
    outer loop
      vertex 34 40.7874 -135.584
      vertex 37.2 41.5359 -135.725
      vertex 34 41.5359 -135.725
    endloop
  endfacet
  facet normal -0 0.185121 0.982716
    outer loop
      vertex 34 40.7874 -135.584
      vertex 37.2 40.7874 -135.584
      vertex 37.2 41.5359 -135.725
    endloop
  endfacet
  facet normal 0 0.478015 0.878352
    outer loop
      vertex 34 40.7727 -135.576
      vertex 37.2 40.7874 -135.584
      vertex 34 40.7874 -135.584
    endloop
  endfacet
  facet normal -0 0.478015 0.878352
    outer loop
      vertex 34 40.7727 -135.576
      vertex 37.2 40.7727 -135.576
      vertex 37.2 40.7874 -135.584
    endloop
  endfacet
  facet normal 0 0.436079 0.899908
    outer loop
      vertex 34 40.7273 -135.554
      vertex 37.2 40.7727 -135.576
      vertex 34 40.7727 -135.576
    endloop
  endfacet
  facet normal -0 0.436079 0.899908
    outer loop
      vertex 34 40.7273 -135.554
      vertex 37.2 40.7273 -135.554
      vertex 37.2 40.7727 -135.576
    endloop
  endfacet
  facet normal 0 0.379973 0.924997
    outer loop
      vertex 34 40.6494 -135.522
      vertex 37.2 40.7273 -135.554
      vertex 34 40.7273 -135.554
    endloop
  endfacet
  facet normal -0 0.379973 0.924997
    outer loop
      vertex 34 40.6494 -135.522
      vertex 37.2 40.6494 -135.522
      vertex 37.2 40.7273 -135.554
    endloop
  endfacet
  facet normal 0 0.322588 0.94654
    outer loop
      vertex 34 40.5379 -135.484
      vertex 37.2 40.6494 -135.522
      vertex 34 40.6494 -135.522
    endloop
  endfacet
  facet normal -0 0.322588 0.94654
    outer loop
      vertex 34 40.5379 -135.484
      vertex 37.2 40.5379 -135.484
      vertex 37.2 40.6494 -135.522
    endloop
  endfacet
  facet normal 0 0.263731 0.964596
    outer loop
      vertex 34 40.3916 -135.444
      vertex 37.2 40.5379 -135.484
      vertex 34 40.5379 -135.484
    endloop
  endfacet
  facet normal -0 0.263731 0.964596
    outer loop
      vertex 34 40.3916 -135.444
      vertex 37.2 40.3916 -135.444
      vertex 37.2 40.5379 -135.484
    endloop
  endfacet
  facet normal 0 0.199854 0.979826
    outer loop
      vertex 34 40.2102 -135.407
      vertex 37.2 40.3916 -135.444
      vertex 34 40.3916 -135.444
    endloop
  endfacet
  facet normal -0 0.199854 0.979826
    outer loop
      vertex 34 40.2102 -135.407
      vertex 37.2 40.2102 -135.407
      vertex 37.2 40.3916 -135.444
    endloop
  endfacet
  facet normal 0 0.137132 0.990553
    outer loop
      vertex 34 39.9935 -135.377
      vertex 37.2 40.2102 -135.407
      vertex 34 40.2102 -135.407
    endloop
  endfacet
  facet normal -0 0.137132 0.990553
    outer loop
      vertex 34 39.9935 -135.377
      vertex 37.2 39.9935 -135.377
      vertex 37.2 40.2102 -135.407
    endloop
  endfacet
  facet normal 0 0.0752428 0.997165
    outer loop
      vertex 34 39.7417 -135.358
      vertex 37.2 39.9935 -135.377
      vertex 34 39.9935 -135.377
    endloop
  endfacet
  facet normal -0 0.0752428 0.997165
    outer loop
      vertex 34 39.7417 -135.358
      vertex 37.2 39.7417 -135.358
      vertex 37.2 39.9935 -135.377
    endloop
  endfacet
  facet normal 0 0.0139798 0.999902
    outer loop
      vertex 34 39.4556 -135.354
      vertex 37.2 39.7417 -135.358
      vertex 34 39.7417 -135.358
    endloop
  endfacet
  facet normal -0 0.0139798 0.999902
    outer loop
      vertex 34 39.4556 -135.354
      vertex 37.2 39.4556 -135.354
      vertex 37.2 39.7417 -135.358
    endloop
  endfacet
  facet normal 0 -0.0500312 0.998748
    outer loop
      vertex 34 39.1362 -135.37
      vertex 37.2 39.4556 -135.354
      vertex 34 39.4556 -135.354
    endloop
  endfacet
  facet normal 0 -0.0500312 0.998748
    outer loop
      vertex 34 39.1362 -135.37
      vertex 37.2 39.1362 -135.37
      vertex 37.2 39.4556 -135.354
    endloop
  endfacet
  facet normal 0 -0.899282 0.43737
    outer loop
      vertex 34 38.8867 -135.883
      vertex 37.2 39.1362 -135.37
      vertex 34 39.1362 -135.37
    endloop
  endfacet
  facet normal 0 -0.899282 0.43737
    outer loop
      vertex 34 38.8867 -135.883
      vertex 37.2 38.8867 -135.883
      vertex 37.2 39.1362 -135.37
    endloop
  endfacet
  facet normal 0 -0.817763 -0.575555
    outer loop
      vertex 34 39.0711 -136.145
      vertex 37.2 38.8867 -135.883
      vertex 34 38.8867 -135.883
    endloop
  endfacet
  facet normal 0 -0.817763 -0.575555
    outer loop
      vertex 34 39.0711 -136.145
      vertex 37.2 39.0711 -136.145
      vertex 37.2 38.8867 -135.883
    endloop
  endfacet
  facet normal 0 -0.779162 -0.626823
    outer loop
      vertex 34 39.2505 -136.368
      vertex 37.2 39.0711 -136.145
      vertex 34 39.0711 -136.145
    endloop
  endfacet
  facet normal 0 -0.779162 -0.626823
    outer loop
      vertex 34 39.2505 -136.368
      vertex 37.2 39.2505 -136.368
      vertex 37.2 39.0711 -136.145
    endloop
  endfacet
  facet normal 0 -0.737549 -0.675294
    outer loop
      vertex 34 39.4208 -136.554
      vertex 37.2 39.2505 -136.368
      vertex 34 39.2505 -136.368
    endloop
  endfacet
  facet normal 0 -0.737549 -0.675294
    outer loop
      vertex 34 39.4208 -136.554
      vertex 37.2 39.4208 -136.554
      vertex 37.2 39.2505 -136.368
    endloop
  endfacet
  facet normal 0 -0.694203 -0.719779
    outer loop
      vertex 34 39.5784 -136.706
      vertex 37.2 39.4208 -136.554
      vertex 34 39.4208 -136.554
    endloop
  endfacet
  facet normal 0 -0.694203 -0.719779
    outer loop
      vertex 34 39.5784 -136.706
      vertex 37.2 39.5784 -136.706
      vertex 37.2 39.4208 -136.554
    endloop
  endfacet
  facet normal 0 -0.647852 -0.761766
    outer loop
      vertex 34 39.7195 -136.826
      vertex 37.2 39.5784 -136.706
      vertex 34 39.5784 -136.706
    endloop
  endfacet
  facet normal 0 -0.647852 -0.761766
    outer loop
      vertex 34 39.7195 -136.826
      vertex 37.2 39.7195 -136.826
      vertex 37.2 39.5784 -136.706
    endloop
  endfacet
  facet normal 0 -0.595544 -0.803323
    outer loop
      vertex 34 39.8409 -136.916
      vertex 37.2 39.7195 -136.826
      vertex 34 39.7195 -136.826
    endloop
  endfacet
  facet normal 0 -0.595544 -0.803323
    outer loop
      vertex 34 39.8409 -136.916
      vertex 37.2 39.8409 -136.916
      vertex 37.2 39.7195 -136.826
    endloop
  endfacet
  facet normal 0 -0.550394 -0.834905
    outer loop
      vertex 34 39.9395 -136.981
      vertex 37.2 39.8409 -136.916
      vertex 34 39.8409 -136.916
    endloop
  endfacet
  facet normal 0 -0.550394 -0.834905
    outer loop
      vertex 34 39.9395 -136.981
      vertex 37.2 39.9395 -136.981
      vertex 37.2 39.8409 -136.916
    endloop
  endfacet
  facet normal 0 -0.488676 -0.872465
    outer loop
      vertex 34 40.0127 -137.022
      vertex 37.2 39.9395 -136.981
      vertex 34 39.9395 -136.981
    endloop
  endfacet
  facet normal 0 -0.488676 -0.872465
    outer loop
      vertex 34 40.0127 -137.022
      vertex 37.2 40.0127 -137.022
      vertex 37.2 39.9395 -136.981
    endloop
  endfacet
  facet normal 0 -0.436079 -0.899908
    outer loop
      vertex 34 40.0581 -137.044
      vertex 37.2 40.0127 -137.022
      vertex 34 40.0127 -137.022
    endloop
  endfacet
  facet normal 0 -0.436079 -0.899908
    outer loop
      vertex 34 40.0581 -137.044
      vertex 37.2 40.0581 -137.044
      vertex 37.2 40.0127 -137.022
    endloop
  endfacet
  facet normal 0 -0.411587 -0.911371
    outer loop
      vertex 34 40.0736 -137.051
      vertex 37.2 40.0581 -137.044
      vertex 34 40.0581 -137.044
    endloop
  endfacet
  facet normal 0 -0.411587 -0.911371
    outer loop
      vertex 34 40.0736 -137.051
      vertex 37.2 40.0736 -137.051
      vertex 37.2 40.0581 -137.044
    endloop
  endfacet
  facet normal 0 -0.658969 -0.75217
    outer loop
      vertex 34 40.6466 -137.553
      vertex 37.2 40.0736 -137.051
      vertex 34 40.0736 -137.051
    endloop
  endfacet
  facet normal 0 -0.658969 -0.75217
    outer loop
      vertex 34 40.6466 -137.553
      vertex 37.2 40.6466 -137.553
      vertex 37.2 40.0736 -137.051
    endloop
  endfacet
  facet normal 0 0.903278 -0.429057
    outer loop
      vertex 34 40.6542 -137.537
      vertex 37.2 40.6466 -137.553
      vertex 34 40.6466 -137.553
    endloop
  endfacet
  facet normal 0 0.903278 -0.429057
    outer loop
      vertex 34 40.6542 -137.537
      vertex 37.2 40.6542 -137.537
      vertex 37.2 40.6466 -137.553
    endloop
  endfacet
  facet normal 0 -0.953068 0.302756
    outer loop
      vertex 34 40.5481 -137.871
      vertex 37.2 40.6542 -137.537
      vertex 34 40.6542 -137.537
    endloop
  endfacet
  facet normal 0 -0.953068 0.302756
    outer loop
      vertex 34 40.5481 -137.871
      vertex 37.2 40.5481 -137.871
      vertex 37.2 40.6542 -137.537
    endloop
  endfacet
  facet normal 0 -0.969196 0.24629
    outer loop
      vertex 34 40.4617 -138.211
      vertex 37.2 40.5481 -137.871
      vertex 34 40.5481 -137.871
    endloop
  endfacet
  facet normal 0 -0.969196 0.24629
    outer loop
      vertex 34 40.4617 -138.211
      vertex 37.2 40.4617 -138.211
      vertex 37.2 40.5481 -137.871
    endloop
  endfacet
  facet normal 0 0.994441 -0.105294
    outer loop
      vertex 34 40.4635 -138.194
      vertex 37.2 40.4617 -138.211
      vertex 34 40.4617 -138.211
    endloop
  endfacet
  facet normal 0 0.994441 -0.105294
    outer loop
      vertex 34 40.4635 -138.194
      vertex 37.2 40.4635 -138.194
      vertex 37.2 40.4617 -138.211
    endloop
  endfacet
  facet normal 0 -0.161523 0.986869
    outer loop
      vertex 34 39.712 -138.317
      vertex 37.2 40.4635 -138.194
      vertex 34 40.4635 -138.194
    endloop
  endfacet
  facet normal 0 -0.161523 0.986869
    outer loop
      vertex 34 39.712 -138.317
      vertex 37.2 39.712 -138.317
      vertex 37.2 40.4635 -138.194
    endloop
  endfacet
  facet normal 0 0.17681 0.984245
    outer loop
      vertex 34 39.6953 -138.314
      vertex 37.2 39.712 -138.317
      vertex 34 39.712 -138.317
    endloop
  endfacet
  facet normal -0 0.17681 0.984245
    outer loop
      vertex 34 39.6953 -138.314
      vertex 37.2 39.6953 -138.314
      vertex 37.2 39.712 -138.317
    endloop
  endfacet
  facet normal 0 0.0991112 0.995076
    outer loop
      vertex 34 39.6451 -138.309
      vertex 37.2 39.6953 -138.314
      vertex 34 39.6953 -138.314
    endloop
  endfacet
  facet normal -0 0.0991112 0.995076
    outer loop
      vertex 34 39.6451 -138.309
      vertex 37.2 39.6451 -138.309
      vertex 37.2 39.6953 -138.314
    endloop
  endfacet
  facet normal 0 0.0356491 0.999364
    outer loop
      vertex 34 39.561 -138.306
      vertex 37.2 39.6451 -138.309
      vertex 34 39.6451 -138.309
    endloop
  endfacet
  facet normal -0 0.0356491 0.999364
    outer loop
      vertex 34 39.561 -138.306
      vertex 37.2 39.561 -138.306
      vertex 37.2 39.6451 -138.309
    endloop
  endfacet
  facet normal 0 -0.0169755 0.999856
    outer loop
      vertex 34 39.4432 -138.308
      vertex 37.2 39.561 -138.306
      vertex 34 39.561 -138.306
    endloop
  endfacet
  facet normal 0 -0.0169755 0.999856
    outer loop
      vertex 34 39.4432 -138.308
      vertex 37.2 39.4432 -138.308
      vertex 37.2 39.561 -138.306
    endloop
  endfacet
  facet normal 0 -0.0858318 0.99631
    outer loop
      vertex 34 39.2923 -138.321
      vertex 37.2 39.4432 -138.308
      vertex 34 39.4432 -138.308
    endloop
  endfacet
  facet normal 0 -0.0858318 0.99631
    outer loop
      vertex 34 39.2923 -138.321
      vertex 37.2 39.2923 -138.321
      vertex 37.2 39.4432 -138.308
    endloop
  endfacet
  facet normal 0 -0.145805 0.989313
    outer loop
      vertex 34 39.1091 -138.348
      vertex 37.2 39.2923 -138.321
      vertex 34 39.2923 -138.321
    endloop
  endfacet
  facet normal 0 -0.145805 0.989313
    outer loop
      vertex 34 39.1091 -138.348
      vertex 37.2 39.1091 -138.348
      vertex 37.2 39.2923 -138.321
    endloop
  endfacet
  facet normal 0 -0.210153 0.977669
    outer loop
      vertex 34 38.8951 -138.394
      vertex 37.2 39.1091 -138.348
      vertex 34 39.1091 -138.348
    endloop
  endfacet
  facet normal 0 -0.210153 0.977669
    outer loop
      vertex 34 38.8951 -138.394
      vertex 37.2 38.8951 -138.394
      vertex 37.2 39.1091 -138.348
    endloop
  endfacet
  facet normal 0 -0.269483 0.963005
    outer loop
      vertex 34 38.6521 -138.462
      vertex 37.2 38.8951 -138.394
      vertex 34 38.8951 -138.394
    endloop
  endfacet
  facet normal 0 -0.269483 0.963005
    outer loop
      vertex 34 38.6521 -138.462
      vertex 37.2 38.6521 -138.462
      vertex 37.2 38.8951 -138.394
    endloop
  endfacet
  facet normal 0 -0.331797 0.943351
    outer loop
      vertex 34 38.382 -138.557
      vertex 37.2 38.6521 -138.462
      vertex 34 38.6521 -138.462
    endloop
  endfacet
  facet normal 0 -0.331797 0.943351
    outer loop
      vertex 34 38.382 -138.557
      vertex 37.2 38.382 -138.557
      vertex 37.2 38.6521 -138.462
    endloop
  endfacet
  facet normal 0 -0.387945 0.921682
    outer loop
      vertex 34 38.0874 -138.681
      vertex 37.2 38.382 -138.557
      vertex 34 38.382 -138.557
    endloop
  endfacet
  facet normal 0 -0.387945 0.921682
    outer loop
      vertex 34 38.0874 -138.681
      vertex 37.2 38.0874 -138.681
      vertex 37.2 38.382 -138.557
    endloop
  endfacet
  facet normal 0 -0.99463 0.103491
    outer loop
      vertex 34 38.0283 -139.249
      vertex 37.2 38.0874 -138.681
      vertex 34 38.0874 -138.681
    endloop
  endfacet
  facet normal 0 -0.99463 0.103491
    outer loop
      vertex 34 38.0283 -139.249
      vertex 37.2 38.0283 -139.249
      vertex 37.2 38.0874 -138.681
    endloop
  endfacet
  facet normal 0 -0.569487 -0.822001
    outer loop
      vertex 34 38.291 -139.431
      vertex 37.2 38.0283 -139.249
      vertex 34 38.0283 -139.249
    endloop
  endfacet
  facet normal 0 -0.569487 -0.822001
    outer loop
      vertex 34 38.291 -139.431
      vertex 37.2 38.291 -139.431
      vertex 37.2 38.0283 -139.249
    endloop
  endfacet
  facet normal 0 -0.517372 -0.855761
    outer loop
      vertex 34 38.5358 -139.579
      vertex 37.2 38.291 -139.431
      vertex 34 38.291 -139.431
    endloop
  endfacet
  facet normal 0 -0.517372 -0.855761
    outer loop
      vertex 34 38.5358 -139.579
      vertex 37.2 38.5358 -139.579
      vertex 37.2 38.291 -139.431
    endloop
  endfacet
  facet normal 0 -0.463297 -0.886203
    outer loop
      vertex 34 38.7596 -139.696
      vertex 37.2 38.5358 -139.579
      vertex 34 38.5358 -139.579
    endloop
  endfacet
  facet normal 0 -0.463297 -0.886203
    outer loop
      vertex 34 38.7596 -139.696
      vertex 37.2 38.7596 -139.696
      vertex 37.2 38.5358 -139.579
    endloop
  endfacet
  facet normal 0 -0.406562 -0.913623
    outer loop
      vertex 34 38.9596 -139.785
      vertex 37.2 38.7596 -139.696
      vertex 34 38.7596 -139.696
    endloop
  endfacet
  facet normal 0 -0.406562 -0.913623
    outer loop
      vertex 34 38.9596 -139.785
      vertex 37.2 38.9596 -139.785
      vertex 37.2 38.7596 -139.696
    endloop
  endfacet
  facet normal 0 -0.345906 -0.938269
    outer loop
      vertex 34 39.1332 -139.849
      vertex 37.2 38.9596 -139.785
      vertex 34 38.9596 -139.785
    endloop
  endfacet
  facet normal 0 -0.345906 -0.938269
    outer loop
      vertex 34 39.1332 -139.849
      vertex 37.2 39.1332 -139.849
      vertex 37.2 38.9596 -139.785
    endloop
  endfacet
  facet normal 0 -0.290374 -0.956913
    outer loop
      vertex 34 39.2782 -139.893
      vertex 37.2 39.1332 -139.849
      vertex 34 39.1332 -139.849
    endloop
  endfacet
  facet normal 0 -0.290374 -0.956913
    outer loop
      vertex 34 39.2782 -139.893
      vertex 37.2 39.2782 -139.893
      vertex 37.2 39.1332 -139.849
    endloop
  endfacet
  facet normal 0 -0.228945 -0.973439
    outer loop
      vertex 34 39.393 -139.92
      vertex 37.2 39.2782 -139.893
      vertex 34 39.2782 -139.893
    endloop
  endfacet
  facet normal 0 -0.228945 -0.973439
    outer loop
      vertex 34 39.393 -139.92
      vertex 37.2 39.393 -139.92
      vertex 37.2 39.2782 -139.893
    endloop
  endfacet
  facet normal 0 -0.166325 -0.986071
    outer loop
      vertex 34 39.476 -139.934
      vertex 37.2 39.393 -139.92
      vertex 34 39.393 -139.92
    endloop
  endfacet
  facet normal 0 -0.166325 -0.986071
    outer loop
      vertex 34 39.476 -139.934
      vertex 37.2 39.476 -139.934
      vertex 37.2 39.393 -139.92
    endloop
  endfacet
  facet normal 0 -0.0991112 -0.995076
    outer loop
      vertex 34 39.5262 -139.939
      vertex 37.2 39.476 -139.934
      vertex 34 39.476 -139.934
    endloop
  endfacet
  facet normal 0 -0.0991112 -0.995076
    outer loop
      vertex 34 39.5262 -139.939
      vertex 37.2 39.5262 -139.939
      vertex 37.2 39.476 -139.934
    endloop
  endfacet
  facet normal 0 -0.0594186 -0.998233
    outer loop
      vertex 34 39.543 -139.94
      vertex 37.2 39.5262 -139.939
      vertex 34 39.5262 -139.939
    endloop
  endfacet
  facet normal 0 -0.0594186 -0.998233
    outer loop
      vertex 34 39.543 -139.94
      vertex 37.2 39.543 -139.94
      vertex 37.2 39.5262 -139.939
    endloop
  endfacet
  facet normal 0 -0.361178 -0.932497
    outer loop
      vertex 34 40.253 -140.215
      vertex 37.2 39.543 -139.94
      vertex 34 39.543 -139.94
    endloop
  endfacet
  facet normal 0 -0.361178 -0.932497
    outer loop
      vertex 34 40.253 -140.215
      vertex 37.2 40.253 -140.215
      vertex 37.2 39.543 -139.94
    endloop
  endfacet
  facet normal 0 0.994441 -0.105294
    outer loop
      vertex 34 40.2548 -140.198
      vertex 37.2 40.253 -140.215
      vertex 34 40.253 -140.215
    endloop
  endfacet
  facet normal 0 0.994441 -0.105294
    outer loop
      vertex 34 40.2548 -140.198
      vertex 37.2 40.2548 -140.198
      vertex 37.2 40.253 -140.215
    endloop
  endfacet
  facet normal 0 -0.999131 -0.041678
    outer loop
      vertex 34 40.2694 -140.548
      vertex 37.2 40.2548 -140.198
      vertex 34 40.2548 -140.198
    endloop
  endfacet
  facet normal 0 -0.999131 -0.041678
    outer loop
      vertex 34 40.2694 -140.548
      vertex 37.2 40.2694 -140.548
      vertex 37.2 40.2548 -140.198
    endloop
  endfacet
  facet normal 0 -0.995009 -0.099786
    outer loop
      vertex 34 40.3044 -140.897
      vertex 37.2 40.2694 -140.548
      vertex 34 40.2694 -140.548
    endloop
  endfacet
  facet normal 0 -0.995009 -0.099786
    outer loop
      vertex 34 40.3044 -140.897
      vertex 37.2 40.3044 -140.897
      vertex 37.2 40.2694 -140.548
    endloop
  endfacet
  facet normal 0 0.969468 0.245218
    outer loop
      vertex 34 40.3001 -140.88
      vertex 37.2 40.3044 -140.897
      vertex 34 40.3044 -140.897
    endloop
  endfacet
  facet normal -0 0.969468 0.245218
    outer loop
      vertex 34 40.3001 -140.88
      vertex 37.2 40.3001 -140.88
      vertex 37.2 40.3044 -140.897
    endloop
  endfacet
  facet normal 0 -0.489762 0.871856
    outer loop
      vertex 34 39.6361 -141.253
      vertex 37.2 40.3001 -140.88
      vertex 34 40.3001 -140.88
    endloop
  endfacet
  facet normal 0 -0.489762 0.871856
    outer loop
      vertex 34 39.6361 -141.253
      vertex 37.2 39.6361 -141.253
      vertex 37.2 40.3001 -140.88
    endloop
  endfacet
  facet normal 0 -0.178885 0.98387
    outer loop
      vertex 34 39.6196 -141.256
      vertex 37.2 39.6361 -141.253
      vertex 34 39.6361 -141.253
    endloop
  endfacet
  facet normal 0 -0.178885 0.98387
    outer loop
      vertex 34 39.6196 -141.256
      vertex 37.2 39.6196 -141.256
      vertex 37.2 39.6361 -141.253
    endloop
  endfacet
  facet normal 0 -0.256435 0.966562
    outer loop
      vertex 34 39.5706 -141.269
      vertex 37.2 39.6196 -141.256
      vertex 34 39.6196 -141.256
    endloop
  endfacet
  facet normal 0 -0.256435 0.966562
    outer loop
      vertex 34 39.5706 -141.269
      vertex 37.2 39.5706 -141.269
      vertex 37.2 39.6196 -141.256
    endloop
  endfacet
  facet normal 0 -0.297597 0.954692
    outer loop
      vertex 34 39.4904 -141.294
      vertex 37.2 39.5706 -141.269
      vertex 34 39.5706 -141.269
    endloop
  endfacet
  facet normal 0 -0.297597 0.954692
    outer loop
      vertex 34 39.4904 -141.294
      vertex 37.2 39.4904 -141.294
      vertex 37.2 39.5706 -141.269
    endloop
  endfacet
  facet normal 0 -0.364655 0.931143
    outer loop
      vertex 34 39.3806 -141.337
      vertex 37.2 39.4904 -141.294
      vertex 34 39.4904 -141.294
    endloop
  endfacet
  facet normal 0 -0.364655 0.931143
    outer loop
      vertex 34 39.3806 -141.337
      vertex 37.2 39.3806 -141.337
      vertex 37.2 39.4904 -141.294
    endloop
  endfacet
  facet normal 0 -0.422235 0.906486
    outer loop
      vertex 34 39.2432 -141.401
      vertex 37.2 39.3806 -141.337
      vertex 34 39.3806 -141.337
    endloop
  endfacet
  facet normal 0 -0.422235 0.906486
    outer loop
      vertex 34 39.2432 -141.401
      vertex 37.2 39.2432 -141.401
      vertex 37.2 39.3806 -141.337
    endloop
  endfacet
  facet normal 0 -0.475517 0.879707
    outer loop
      vertex 34 39.0804 -141.489
      vertex 37.2 39.2432 -141.401
      vertex 34 39.2432 -141.401
    endloop
  endfacet
  facet normal 0 -0.475517 0.879707
    outer loop
      vertex 34 39.0804 -141.489
      vertex 37.2 39.0804 -141.489
      vertex 37.2 39.2432 -141.401
    endloop
  endfacet
  facet normal 0 -0.53041 0.847741
    outer loop
      vertex 34 38.895 -141.605
      vertex 37.2 39.0804 -141.489
      vertex 34 39.0804 -141.489
    endloop
  endfacet
  facet normal 0 -0.53041 0.847741
    outer loop
      vertex 34 38.895 -141.605
      vertex 37.2 38.895 -141.605
      vertex 37.2 39.0804 -141.489
    endloop
  endfacet
  facet normal 0 -0.582549 0.812795
    outer loop
      vertex 34 38.6899 -141.752
      vertex 37.2 38.895 -141.605
      vertex 34 38.895 -141.605
    endloop
  endfacet
  facet normal 0 -0.582549 0.812795
    outer loop
      vertex 34 38.6899 -141.752
      vertex 37.2 38.6899 -141.752
      vertex 37.2 38.895 -141.605
    endloop
  endfacet
  facet normal 0 -0.632762 0.774347
    outer loop
      vertex 34 38.4684 -141.933
      vertex 37.2 38.6899 -141.752
      vertex 34 38.6899 -141.752
    endloop
  endfacet
  facet normal 0 -0.632762 0.774347
    outer loop
      vertex 34 38.4684 -141.933
      vertex 37.2 38.4684 -141.933
      vertex 37.2 38.6899 -141.752
    endloop
  endfacet
  facet normal 0 -0.681182 0.732114
    outer loop
      vertex 34 38.2341 -142.151
      vertex 37.2 38.4684 -141.933
      vertex 34 38.4684 -141.933
    endloop
  endfacet
  facet normal 0 -0.681182 0.732114
    outer loop
      vertex 34 38.2341 -142.151
      vertex 37.2 38.2341 -142.151
      vertex 37.2 38.4684 -141.933
    endloop
  endfacet
  facet normal 0 -0.969998 -0.243113
    outer loop
      vertex 34 38.3727 -142.704
      vertex 37.2 38.2341 -142.151
      vertex 34 38.2341 -142.151
    endloop
  endfacet
  facet normal 0 -0.969998 -0.243113
    outer loop
      vertex 34 38.3727 -142.704
      vertex 37.2 38.3727 -142.704
      vertex 37.2 38.2341 -142.151
    endloop
  endfacet
  facet normal 0 -0.256339 -0.966587
    outer loop
      vertex 34 38.6819 -142.786
      vertex 37.2 38.3727 -142.704
      vertex 34 38.3727 -142.704
    endloop
  endfacet
  facet normal 0 -0.256339 -0.966587
    outer loop
      vertex 34 38.6819 -142.786
      vertex 37.2 38.6819 -142.786
      vertex 37.2 38.3727 -142.704
    endloop
  endfacet
  facet normal 0 -0.195646 -0.980675
    outer loop
      vertex 34 38.9626 -142.842
      vertex 37.2 38.6819 -142.786
      vertex 34 38.6819 -142.786
    endloop
  endfacet
  facet normal 0 -0.195646 -0.980675
    outer loop
      vertex 34 38.9626 -142.842
      vertex 37.2 38.9626 -142.842
      vertex 37.2 38.6819 -142.786
    endloop
  endfacet
  facet normal 0 -0.130711 -0.991421
    outer loop
      vertex 34 39.2129 -142.875
      vertex 37.2 38.9626 -142.842
      vertex 34 38.9626 -142.842
    endloop
  endfacet
  facet normal 0 -0.130711 -0.991421
    outer loop
      vertex 34 39.2129 -142.875
      vertex 37.2 39.2129 -142.875
      vertex 37.2 38.9626 -142.842
    endloop
  endfacet
  facet normal 0 -0.0685511 -0.997648
    outer loop
      vertex 34 39.4312 -142.89
      vertex 37.2 39.2129 -142.875
      vertex 34 39.2129 -142.875
    endloop
  endfacet
  facet normal 0 -0.0685511 -0.997648
    outer loop
      vertex 34 39.4312 -142.89
      vertex 37.2 39.4312 -142.89
      vertex 37.2 39.2129 -142.875
    endloop
  endfacet
  facet normal 0 -0.00540241 -0.999985
    outer loop
      vertex 34 39.6163 -142.891
      vertex 37.2 39.4312 -142.89
      vertex 34 39.4312 -142.89
    endloop
  endfacet
  facet normal 0 -0.00540241 -0.999985
    outer loop
      vertex 34 39.6163 -142.891
      vertex 37.2 39.6163 -142.891
      vertex 37.2 39.4312 -142.89
    endloop
  endfacet
  facet normal 0 0.0593795 -0.998235
    outer loop
      vertex 34 39.7676 -142.882
      vertex 37.2 39.6163 -142.891
      vertex 34 39.6163 -142.891
    endloop
  endfacet
  facet normal 0 0.0593795 -0.998235
    outer loop
      vertex 34 39.7676 -142.882
      vertex 37.2 39.7676 -142.882
      vertex 37.2 39.6163 -142.891
    endloop
  endfacet
  facet normal 0 0.118811 -0.992917
    outer loop
      vertex 34 39.8846 -142.868
      vertex 37.2 39.7676 -142.882
      vertex 34 39.7676 -142.882
    endloop
  endfacet
  facet normal 0 0.118811 -0.992917
    outer loop
      vertex 34 39.8846 -142.868
      vertex 37.2 39.8846 -142.868
      vertex 37.2 39.7676 -142.882
    endloop
  endfacet
  facet normal 0 0.178467 -0.983946
    outer loop
      vertex 34 39.9673 -142.853
      vertex 37.2 39.8846 -142.868
      vertex 34 39.8846 -142.868
    endloop
  endfacet
  facet normal 0 0.178467 -0.983946
    outer loop
      vertex 34 39.9673 -142.853
      vertex 37.2 39.9673 -142.853
      vertex 37.2 39.8846 -142.868
    endloop
  endfacet
  facet normal 0 0.237869 -0.971297
    outer loop
      vertex 34 40.0163 -142.841
      vertex 37.2 39.9673 -142.853
      vertex 34 39.9673 -142.853
    endloop
  endfacet
  facet normal 0 0.237869 -0.971297
    outer loop
      vertex 34 40.0163 -142.841
      vertex 37.2 40.0163 -142.841
      vertex 37.2 39.9673 -142.853
    endloop
  endfacet
  facet normal 0 0.296586 -0.955006
    outer loop
      vertex 34 40.0324 -142.836
      vertex 37.2 40.0163 -142.841
      vertex 34 40.0163 -142.841
    endloop
  endfacet
  facet normal 0 0.296586 -0.955006
    outer loop
      vertex 34 40.0324 -142.836
      vertex 37.2 40.0324 -142.836
      vertex 37.2 40.0163 -142.841
    endloop
  endfacet
  facet normal 0 -0.0210093 -0.999779
    outer loop
      vertex 34 40.7938 -142.852
      vertex 37.2 40.0324 -142.836
      vertex 34 40.0324 -142.836
    endloop
  endfacet
  facet normal 0 -0.0210093 -0.999779
    outer loop
      vertex 34 40.7938 -142.852
      vertex 37.2 40.7938 -142.852
      vertex 37.2 40.0324 -142.836
    endloop
  endfacet
  facet normal 0 0.970811 0.239847
    outer loop
      vertex 34 40.7896 -142.835
      vertex 37.2 40.7938 -142.852
      vertex 34 40.7938 -142.852
    endloop
  endfacet
  facet normal -0 0.970811 0.239847
    outer loop
      vertex 34 40.7896 -142.835
      vertex 37.2 40.7896 -142.835
      vertex 37.2 40.7938 -142.852
    endloop
  endfacet
  facet normal 0 -0.924589 -0.380965
    outer loop
      vertex 34 40.9231 -143.159
      vertex 37.2 40.7896 -142.835
      vertex 34 40.7896 -142.835
    endloop
  endfacet
  facet normal 0 -0.924589 -0.380965
    outer loop
      vertex 34 40.9231 -143.159
      vertex 37.2 40.9231 -143.159
      vertex 37.2 40.7896 -142.835
    endloop
  endfacet
  facet normal 0 -0.900944 -0.433936
    outer loop
      vertex 34 41.0753 -143.475
      vertex 37.2 40.9231 -143.159
      vertex 34 40.9231 -143.159
    endloop
  endfacet
  facet normal 0 -0.900944 -0.433936
    outer loop
      vertex 34 41.0753 -143.475
      vertex 37.2 41.0753 -143.475
      vertex 37.2 40.9231 -143.159
    endloop
  endfacet
  facet normal 0 0.819232 0.573462
    outer loop
      vertex 34 41.0655 -143.461
      vertex 37.2 41.0753 -143.475
      vertex 34 41.0753 -143.475
    endloop
  endfacet
  facet normal -0 0.819232 0.573462
    outer loop
      vertex 34 41.0655 -143.461
      vertex 37.2 41.0655 -143.461
      vertex 37.2 41.0753 -143.475
    endloop
  endfacet
  facet normal 0 -0.758068 0.652175
    outer loop
      vertex 34 40.5691 -144.038
      vertex 37.2 41.0655 -143.461
      vertex 34 41.0655 -143.461
    endloop
  endfacet
  facet normal 0 -0.758068 0.652175
    outer loop
      vertex 34 40.5691 -144.038
      vertex 37.2 40.5691 -144.038
      vertex 37.2 41.0655 -143.461
    endloop
  endfacet
  facet normal 0 -0.529999 0.847998
    outer loop
      vertex 34 40.5547 -144.047
      vertex 37.2 40.5691 -144.038
      vertex 34 40.5691 -144.038
    endloop
  endfacet
  facet normal 0 -0.529999 0.847998
    outer loop
      vertex 34 40.5547 -144.047
      vertex 37.2 40.5547 -144.047
      vertex 37.2 40.5691 -144.038
    endloop
  endfacet
  facet normal 0 -0.556534 0.830825
    outer loop
      vertex 34 40.5129 -144.075
      vertex 37.2 40.5547 -144.047
      vertex 34 40.5547 -144.047
    endloop
  endfacet
  facet normal 0 -0.556534 0.830825
    outer loop
      vertex 34 40.5129 -144.075
      vertex 37.2 40.5129 -144.075
      vertex 37.2 40.5547 -144.047
    endloop
  endfacet
  facet normal 0 -0.615414 0.788204
    outer loop
      vertex 34 40.4463 -144.127
      vertex 37.2 40.5129 -144.075
      vertex 34 40.5129 -144.075
    endloop
  endfacet
  facet normal 0 -0.615414 0.788204
    outer loop
      vertex 34 40.4463 -144.127
      vertex 37.2 40.4463 -144.127
      vertex 37.2 40.5129 -144.075
    endloop
  endfacet
  facet normal 0 -0.655968 0.754789
    outer loop
      vertex 34 40.3577 -144.204
      vertex 37.2 40.4463 -144.127
      vertex 34 40.4463 -144.127
    endloop
  endfacet
  facet normal 0 -0.655968 0.754789
    outer loop
      vertex 34 40.3577 -144.204
      vertex 37.2 40.3577 -144.204
      vertex 37.2 40.4463 -144.127
    endloop
  endfacet
  facet normal 0 -0.705786 0.708425
    outer loop
      vertex 34 40.2503 -144.311
      vertex 37.2 40.3577 -144.204
      vertex 34 40.3577 -144.204
    endloop
  endfacet
  facet normal 0 -0.705786 0.708425
    outer loop
      vertex 34 40.2503 -144.311
      vertex 37.2 40.2503 -144.311
      vertex 37.2 40.3577 -144.204
    endloop
  endfacet
  facet normal 0 -0.749429 0.662085
    outer loop
      vertex 34 40.1275 -144.45
      vertex 37.2 40.2503 -144.311
      vertex 34 40.2503 -144.311
    endloop
  endfacet
  facet normal 0 -0.749429 0.662085
    outer loop
      vertex 34 40.1275 -144.45
      vertex 37.2 40.1275 -144.45
      vertex 37.2 40.2503 -144.311
    endloop
  endfacet
  facet normal 0 -0.787747 0.615999
    outer loop
      vertex 34 39.993 -144.622
      vertex 37.2 40.1275 -144.45
      vertex 34 40.1275 -144.45
    endloop
  endfacet
  facet normal 0 -0.787747 0.615999
    outer loop
      vertex 34 39.993 -144.622
      vertex 37.2 39.993 -144.622
      vertex 37.2 40.1275 -144.45
    endloop
  endfacet
  facet normal 0 -0.826411 0.563067
    outer loop
      vertex 34 39.8506 -144.831
      vertex 37.2 39.993 -144.622
      vertex 34 39.993 -144.622
    endloop
  endfacet
  facet normal 0 -0.826411 0.563067
    outer loop
      vertex 34 39.8506 -144.831
      vertex 37.2 39.8506 -144.831
      vertex 37.2 39.993 -144.622
    endloop
  endfacet
  facet normal 0 -0.859797 0.510636
    outer loop
      vertex 34 39.7045 -145.077
      vertex 37.2 39.8506 -144.831
      vertex 34 39.8506 -144.831
    endloop
  endfacet
  facet normal 0 -0.859797 0.510636
    outer loop
      vertex 34 39.7045 -145.077
      vertex 37.2 39.7045 -145.077
      vertex 37.2 39.8506 -144.831
    endloop
  endfacet
  facet normal 0 -0.889742 0.456463
    outer loop
      vertex 34 39.5588 -145.361
      vertex 37.2 39.7045 -145.077
      vertex 34 39.7045 -145.077
    endloop
  endfacet
  facet normal 0 -0.889742 0.456463
    outer loop
      vertex 34 39.5588 -145.361
      vertex 37.2 39.5588 -145.361
      vertex 37.2 39.7045 -145.077
    endloop
  endfacet
  facet normal 0 -0.828747 -0.559623
    outer loop
      vertex 34 39.8782 -145.834
      vertex 37.2 39.5588 -145.361
      vertex 34 39.5588 -145.361
    endloop
  endfacet
  facet normal 0 -0.828747 -0.559623
    outer loop
      vertex 34 39.8782 -145.834
      vertex 37.2 39.8782 -145.834
      vertex 37.2 39.5588 -145.361
    endloop
  endfacet
  facet normal 0 0.0906767 -0.99588
    outer loop
      vertex 34 40.1967 -145.805
      vertex 37.2 39.8782 -145.834
      vertex 34 39.8782 -145.834
    endloop
  endfacet
  facet normal 0 0.0906767 -0.99588
    outer loop
      vertex 34 40.1967 -145.805
      vertex 37.2 40.1967 -145.805
      vertex 37.2 39.8782 -145.834
    endloop
  endfacet
  facet normal 0 0.153737 -0.988112
    outer loop
      vertex 34 40.4795 -145.761
      vertex 37.2 40.1967 -145.805
      vertex 34 40.1967 -145.805
    endloop
  endfacet
  facet normal 0 0.153737 -0.988112
    outer loop
      vertex 34 40.4795 -145.761
      vertex 37.2 40.4795 -145.761
      vertex 37.2 40.1967 -145.805
    endloop
  endfacet
  facet normal 0 0.213992 -0.976835
    outer loop
      vertex 34 40.726 -145.707
      vertex 37.2 40.4795 -145.761
      vertex 34 40.4795 -145.761
    endloop
  endfacet
  facet normal 0 0.213992 -0.976835
    outer loop
      vertex 34 40.726 -145.707
      vertex 37.2 40.726 -145.707
      vertex 37.2 40.4795 -145.761
    endloop
  endfacet
  facet normal 0 0.278579 -0.960413
    outer loop
      vertex 34 40.9363 -145.646
      vertex 37.2 40.726 -145.707
      vertex 34 40.726 -145.707
    endloop
  endfacet
  facet normal 0 0.278579 -0.960413
    outer loop
      vertex 34 40.9363 -145.646
      vertex 37.2 40.9363 -145.646
      vertex 37.2 40.726 -145.707
    endloop
  endfacet
  facet normal 0 0.334967 -0.94223
    outer loop
      vertex 34 41.1107 -145.584
      vertex 37.2 40.9363 -145.646
      vertex 34 40.9363 -145.646
    endloop
  endfacet
  facet normal 0 0.334967 -0.94223
    outer loop
      vertex 34 41.1107 -145.584
      vertex 37.2 41.1107 -145.584
      vertex 37.2 40.9363 -145.646
    endloop
  endfacet
  facet normal 0 0.395829 -0.918324
    outer loop
      vertex 34 41.2499 -145.524
      vertex 37.2 41.1107 -145.584
      vertex 34 41.1107 -145.584
    endloop
  endfacet
  facet normal 0 0.395829 -0.918324
    outer loop
      vertex 34 41.2499 -145.524
      vertex 37.2 41.2499 -145.524
      vertex 37.2 41.1107 -145.584
    endloop
  endfacet
  facet normal 0 0.450269 -0.892893
    outer loop
      vertex 34 41.355 -145.471
      vertex 37.2 41.2499 -145.524
      vertex 34 41.2499 -145.524
    endloop
  endfacet
  facet normal 0 0.450269 -0.892893
    outer loop
      vertex 34 41.355 -145.471
      vertex 37.2 41.355 -145.471
      vertex 37.2 41.2499 -145.524
    endloop
  endfacet
  facet normal 0 0.510128 -0.860099
    outer loop
      vertex 34 41.4275 -145.428
      vertex 37.2 41.355 -145.471
      vertex 34 41.355 -145.471
    endloop
  endfacet
  facet normal 0 0.510128 -0.860099
    outer loop
      vertex 34 41.4275 -145.428
      vertex 37.2 41.4275 -145.428
      vertex 37.2 41.355 -145.471
    endloop
  endfacet
  facet normal 0 0.555616 -0.831439
    outer loop
      vertex 34 41.4694 -145.4
      vertex 37.2 41.4275 -145.428
      vertex 34 41.4275 -145.428
    endloop
  endfacet
  facet normal 0 0.555616 -0.831439
    outer loop
      vertex 34 41.4694 -145.4
      vertex 37.2 41.4694 -145.4
      vertex 37.2 41.4275 -145.428
    endloop
  endfacet
  facet normal 0 0.595228 -0.803557
    outer loop
      vertex 34 41.4829 -145.39
      vertex 37.2 41.4694 -145.4
      vertex 34 41.4694 -145.4
    endloop
  endfacet
  facet normal 0 0.595228 -0.803557
    outer loop
      vertex 34 41.4829 -145.39
      vertex 37.2 41.4829 -145.39
      vertex 37.2 41.4694 -145.4
    endloop
  endfacet
  facet normal 0 0.321738 -0.946829
    outer loop
      vertex 34 42.2039 -145.145
      vertex 37.2 41.4829 -145.39
      vertex 34 41.4829 -145.39
    endloop
  endfacet
  facet normal 0 0.321738 -0.946829
    outer loop
      vertex 34 42.2039 -145.145
      vertex 37.2 42.2039 -145.145
      vertex 37.2 41.4829 -145.39
    endloop
  endfacet
  facet normal 0 0.837166 0.546949
    outer loop
      vertex 34 42.1941 -145.13
      vertex 37.2 42.2039 -145.145
      vertex 34 42.2039 -145.145
    endloop
  endfacet
  facet normal -0 0.837166 0.546949
    outer loop
      vertex 34 42.1941 -145.13
      vertex 37.2 42.1941 -145.13
      vertex 37.2 42.2039 -145.145
    endloop
  endfacet
  facet normal 0 -0.738739 -0.673992
    outer loop
      vertex 34 42.4304 -145.389
      vertex 37.2 42.1941 -145.13
      vertex 34 42.1941 -145.13
    endloop
  endfacet
  facet normal 0 -0.738739 -0.673992
    outer loop
      vertex 34 42.4304 -145.389
      vertex 37.2 42.4304 -145.389
      vertex 37.2 42.1941 -145.13
    endloop
  endfacet
  facet normal 0 -0.698502 -0.715608
    outer loop
      vertex 34 42.6814 -145.634
      vertex 37.2 42.4304 -145.389
      vertex 34 42.4304 -145.389
    endloop
  endfacet
  facet normal 0 -0.698502 -0.715608
    outer loop
      vertex 34 42.6814 -145.634
      vertex 37.2 42.6814 -145.634
      vertex 37.2 42.4304 -145.389
    endloop
  endfacet
  facet normal 0 0.578499 0.815683
    outer loop
      vertex 34 42.6673 -145.624
      vertex 37.2 42.6814 -145.634
      vertex 34 42.6814 -145.634
    endloop
  endfacet
  facet normal -0 0.578499 0.815683
    outer loop
      vertex 34 42.6673 -145.624
      vertex 37.2 42.6673 -145.624
      vertex 37.2 42.6814 -145.634
    endloop
  endfacet
  facet normal 0 -0.935506 0.353311
    outer loop
      vertex 34 42.3984 -146.336
      vertex 37.2 42.6673 -145.624
      vertex 34 42.6673 -145.624
    endloop
  endfacet
  facet normal 0 -0.935506 0.353311
    outer loop
      vertex 34 42.3984 -146.336
      vertex 37.2 42.3984 -146.336
      vertex 37.2 42.6673 -145.624
    endloop
  endfacet
  facet normal 0 -0.775019 0.631938
    outer loop
      vertex 34 42.3878 -146.349
      vertex 37.2 42.3984 -146.336
      vertex 34 42.3984 -146.336
    endloop
  endfacet
  facet normal 0 -0.775019 0.631938
    outer loop
      vertex 34 42.3878 -146.349
      vertex 37.2 42.3878 -146.349
      vertex 37.2 42.3984 -146.336
    endloop
  endfacet
  facet normal 0 -0.810784 0.585346
    outer loop
      vertex 34 42.3582 -146.39
      vertex 37.2 42.3878 -146.349
      vertex 34 42.3878 -146.349
    endloop
  endfacet
  facet normal 0 -0.810784 0.585346
    outer loop
      vertex 34 42.3582 -146.39
      vertex 37.2 42.3582 -146.39
      vertex 37.2 42.3878 -146.349
    endloop
  endfacet
  facet normal 0 -0.84464 0.535335
    outer loop
      vertex 34 42.3132 -146.461
      vertex 37.2 42.3582 -146.39
      vertex 34 42.3582 -146.39
    endloop
  endfacet
  facet normal 0 -0.84464 0.535335
    outer loop
      vertex 34 42.3132 -146.461
      vertex 37.2 42.3132 -146.461
      vertex 37.2 42.3582 -146.39
    endloop
  endfacet
  facet normal 0 -0.877992 0.478675
    outer loop
      vertex 34 42.2565 -146.565
      vertex 37.2 42.3132 -146.461
      vertex 34 42.3132 -146.461
    endloop
  endfacet
  facet normal 0 -0.877992 0.478675
    outer loop
      vertex 34 42.2565 -146.565
      vertex 37.2 42.2565 -146.565
      vertex 37.2 42.3132 -146.461
    endloop
  endfacet
  facet normal 0 -0.905253 0.424874
    outer loop
      vertex 34 42.1922 -146.702
      vertex 37.2 42.2565 -146.565
      vertex 34 42.2565 -146.565
    endloop
  endfacet
  facet normal 0 -0.905253 0.424874
    outer loop
      vertex 34 42.1922 -146.702
      vertex 37.2 42.1922 -146.702
      vertex 37.2 42.2565 -146.565
    endloop
  endfacet
  facet normal 0 -0.929961 0.367659
    outer loop
      vertex 34 42.1242 -146.874
      vertex 37.2 42.1922 -146.702
      vertex 34 42.1922 -146.702
    endloop
  endfacet
  facet normal 0 -0.929961 0.367659
    outer loop
      vertex 34 42.1242 -146.874
      vertex 37.2 42.1242 -146.874
      vertex 37.2 42.1922 -146.702
    endloop
  endfacet
  facet normal 0 -0.951303 0.308259
    outer loop
      vertex 34 42.0568 -147.082
      vertex 37.2 42.1242 -146.874
      vertex 34 42.1242 -146.874
    endloop
  endfacet
  facet normal 0 -0.951303 0.308259
    outer loop
      vertex 34 42.0568 -147.082
      vertex 37.2 42.0568 -147.082
      vertex 37.2 42.1242 -146.874
    endloop
  endfacet
  facet normal 0 -0.968968 0.247186
    outer loop
      vertex 34 41.9943 -147.327
      vertex 37.2 42.0568 -147.082
      vertex 34 42.0568 -147.082
    endloop
  endfacet
  facet normal 0 -0.968968 0.247186
    outer loop
      vertex 34 41.9943 -147.327
      vertex 37.2 41.9943 -147.327
      vertex 37.2 42.0568 -147.082
    endloop
  endfacet
  facet normal 0 -0.982546 0.186019
    outer loop
      vertex 34 41.9411 -147.608
      vertex 37.2 41.9943 -147.327
      vertex 34 41.9943 -147.327
    endloop
  endfacet
  facet normal 0 -0.982546 0.186019
    outer loop
      vertex 34 41.9411 -147.608
      vertex 37.2 41.9411 -147.608
      vertex 37.2 41.9943 -147.327
    endloop
  endfacet
  facet normal 0 -0.992326 0.123649
    outer loop
      vertex 34 41.9016 -147.925
      vertex 37.2 41.9411 -147.608
      vertex 34 41.9411 -147.608
    endloop
  endfacet
  facet normal 0 -0.992326 0.123649
    outer loop
      vertex 34 41.9016 -147.925
      vertex 37.2 41.9016 -147.925
      vertex 37.2 41.9411 -147.608
    endloop
  endfacet
  facet normal 0 -0.587192 -0.809448
    outer loop
      vertex 34 42.3634 -148.26
      vertex 37.2 41.9016 -147.925
      vertex 34 41.9016 -147.925
    endloop
  endfacet
  facet normal 0 -0.587192 -0.809448
    outer loop
      vertex 34 42.3634 -148.26
      vertex 37.2 42.3634 -148.26
      vertex 37.2 41.9016 -147.925
    endloop
  endfacet
  facet normal 0 0.425315 -0.905045
    outer loop
      vertex 34 42.6528 -148.124
      vertex 37.2 42.3634 -148.26
      vertex 34 42.3634 -148.26
    endloop
  endfacet
  facet normal 0 0.425315 -0.905045
    outer loop
      vertex 34 42.6528 -148.124
      vertex 37.2 42.6528 -148.124
      vertex 37.2 42.3634 -148.26
    endloop
  endfacet
  facet normal 0 0.482227 -0.876046
    outer loop
      vertex 34 42.9035 -147.986
      vertex 37.2 42.6528 -148.124
      vertex 34 42.6528 -148.124
    endloop
  endfacet
  facet normal 0 0.482227 -0.876046
    outer loop
      vertex 34 42.9035 -147.986
      vertex 37.2 42.9035 -147.986
      vertex 37.2 42.6528 -148.124
    endloop
  endfacet
  facet normal 0 0.538155 -0.842846
    outer loop
      vertex 34 43.1165 -147.85
      vertex 37.2 42.9035 -147.986
      vertex 34 42.9035 -147.986
    endloop
  endfacet
  facet normal 0 0.538155 -0.842846
    outer loop
      vertex 34 43.1165 -147.85
      vertex 37.2 43.1165 -147.85
      vertex 37.2 42.9035 -147.986
    endloop
  endfacet
  facet normal 0 0.586209 -0.81016
    outer loop
      vertex 34 43.2934 -147.722
      vertex 37.2 43.1165 -147.85
      vertex 34 43.1165 -147.85
    endloop
  endfacet
  facet normal 0 0.586209 -0.81016
    outer loop
      vertex 34 43.2934 -147.722
      vertex 37.2 43.2934 -147.722
      vertex 37.2 43.1165 -147.85
    endloop
  endfacet
  facet normal 0 0.637523 -0.770431
    outer loop
      vertex 34 43.436 -147.604
      vertex 37.2 43.2934 -147.722
      vertex 34 43.2934 -147.722
    endloop
  endfacet
  facet normal 0 0.637523 -0.770431
    outer loop
      vertex 34 43.436 -147.604
      vertex 37.2 43.436 -147.604
      vertex 37.2 43.2934 -147.722
    endloop
  endfacet
  facet normal 0 0.686023 -0.72758
    outer loop
      vertex 34 43.5463 -147.5
      vertex 37.2 43.436 -147.604
      vertex 34 43.436 -147.604
    endloop
  endfacet
  facet normal 0 0.686023 -0.72758
    outer loop
      vertex 34 43.5463 -147.5
      vertex 37.2 43.5463 -147.5
      vertex 37.2 43.436 -147.604
    endloop
  endfacet
  facet normal 0 0.729643 -0.683828
    outer loop
      vertex 34 43.6269 -147.414
      vertex 37.2 43.5463 -147.5
      vertex 34 43.5463 -147.5
    endloop
  endfacet
  facet normal 0 0.729643 -0.683828
    outer loop
      vertex 34 43.6269 -147.414
      vertex 37.2 43.6269 -147.414
      vertex 37.2 43.5463 -147.5
    endloop
  endfacet
  facet normal 0 0.771519 -0.636206
    outer loop
      vertex 34 43.6805 -147.349
      vertex 37.2 43.6269 -147.414
      vertex 34 43.6269 -147.414
    endloop
  endfacet
  facet normal 0 0.771519 -0.636206
    outer loop
      vertex 34 43.6805 -147.349
      vertex 37.2 43.6805 -147.349
      vertex 37.2 43.6269 -147.414
    endloop
  endfacet
  facet normal 0 0.809845 -0.586644
    outer loop
      vertex 34 43.7102 -147.308
      vertex 37.2 43.6805 -147.349
      vertex 34 43.6805 -147.349
    endloop
  endfacet
  facet normal 0 0.809845 -0.586644
    outer loop
      vertex 34 43.7102 -147.308
      vertex 37.2 43.7102 -147.308
      vertex 37.2 43.6805 -147.349
    endloop
  endfacet
  facet normal 0 0.838444 -0.544988
    outer loop
      vertex 34 43.7193 -147.294
      vertex 37.2 43.7102 -147.308
      vertex 34 43.7102 -147.308
    endloop
  endfacet
  facet normal 0 0.838444 -0.544988
    outer loop
      vertex 34 43.7193 -147.294
      vertex 37.2 43.7193 -147.294
      vertex 37.2 43.7102 -147.308
    endloop
  endfacet
  facet normal 0 0.626327 -0.77956
    outer loop
      vertex 34 44.313 -146.817
      vertex 37.2 43.7193 -147.294
      vertex 34 43.7193 -147.294
    endloop
  endfacet
  facet normal 0 0.626327 -0.77956
    outer loop
      vertex 34 44.313 -146.817
      vertex 37.2 44.313 -146.817
      vertex 37.2 43.7193 -147.294
    endloop
  endfacet
  facet normal 0 0.575779 0.817606
    outer loop
      vertex 34 44.2988 -146.807
      vertex 37.2 44.313 -146.817
      vertex 34 44.313 -146.817
    endloop
  endfacet
  facet normal -0 0.575779 0.817606
    outer loop
      vertex 34 44.2988 -146.807
      vertex 37.2 44.2988 -146.807
      vertex 37.2 44.313 -146.817
    endloop
  endfacet
  facet normal 0 -0.462332 -0.886707
    outer loop
      vertex 34 44.6095 -146.969
      vertex 37.2 44.2988 -146.807
      vertex 34 44.2988 -146.807
    endloop
  endfacet
  facet normal 0 -0.462332 -0.886707
    outer loop
      vertex 34 44.6095 -146.969
      vertex 37.2 44.6095 -146.969
      vertex 37.2 44.2988 -146.807
    endloop
  endfacet
  facet normal 0 -0.410899 -0.911681
    outer loop
      vertex 34 44.929 -147.113
      vertex 37.2 44.6095 -146.969
      vertex 34 44.6095 -146.969
    endloop
  endfacet
  facet normal 0 -0.410899 -0.911681
    outer loop
      vertex 34 44.929 -147.113
      vertex 37.2 44.929 -147.113
      vertex 37.2 44.6095 -146.969
    endloop
  endfacet
  facet normal 0 0.286822 0.957984
    outer loop
      vertex 34 44.9123 -147.108
      vertex 37.2 44.929 -147.113
      vertex 34 44.929 -147.113
    endloop
  endfacet
  facet normal -0 0.286822 0.957984
    outer loop
      vertex 34 44.9123 -147.108
      vertex 37.2 44.9123 -147.108
      vertex 37.2 44.929 -147.113
    endloop
  endfacet
  facet normal 0 -0.99993 0.0118102
    outer loop
      vertex 34 44.9033 -147.87
      vertex 37.2 44.9123 -147.108
      vertex 34 44.9123 -147.108
    endloop
  endfacet
  facet normal 0 -0.99993 0.0118102
    outer loop
      vertex 34 44.9033 -147.87
      vertex 37.2 44.9033 -147.87
      vertex 37.2 44.9123 -147.108
    endloop
  endfacet
  facet normal 0 -0.945687 0.32508
    outer loop
      vertex 34 44.8978 -147.886
      vertex 37.2 44.9033 -147.87
      vertex 34 44.9033 -147.87
    endloop
  endfacet
  facet normal 0 -0.945687 0.32508
    outer loop
      vertex 34 44.8978 -147.886
      vertex 37.2 44.8978 -147.886
      vertex 37.2 44.9033 -147.87
    endloop
  endfacet
  facet normal 0 -0.961069 0.276307
    outer loop
      vertex 34 44.884 -147.934
      vertex 37.2 44.8978 -147.886
      vertex 34 44.8978 -147.886
    endloop
  endfacet
  facet normal 0 -0.961069 0.276307
    outer loop
      vertex 34 44.884 -147.934
      vertex 37.2 44.884 -147.934
      vertex 37.2 44.8978 -147.886
    endloop
  endfacet
  facet normal 0 -0.977283 0.211941
    outer loop
      vertex 34 44.866 -148.017
      vertex 37.2 44.884 -147.934
      vertex 34 44.884 -147.934
    endloop
  endfacet
  facet normal 0 -0.977283 0.211941
    outer loop
      vertex 34 44.866 -148.017
      vertex 37.2 44.866 -148.017
      vertex 37.2 44.884 -147.934
    endloop
  endfacet
  facet normal 0 -0.988303 0.152505
    outer loop
      vertex 34 44.8481 -148.133
      vertex 37.2 44.866 -148.017
      vertex 34 44.866 -148.017
    endloop
  endfacet
  facet normal 0 -0.988303 0.152505
    outer loop
      vertex 34 44.8481 -148.133
      vertex 37.2 44.8481 -148.133
      vertex 37.2 44.866 -148.017
    endloop
  endfacet
  facet normal 0 -0.995969 0.0897031
    outer loop
      vertex 34 44.8345 -148.284
      vertex 37.2 44.8481 -148.133
      vertex 34 44.8481 -148.133
    endloop
  endfacet
  facet normal 0 -0.995969 0.0897031
    outer loop
      vertex 34 44.8345 -148.284
      vertex 37.2 44.8345 -148.284
      vertex 37.2 44.8481 -148.133
    endloop
  endfacet
  facet normal 0 -0.999649 0.0264772
    outer loop
      vertex 34 44.8296 -148.469
      vertex 37.2 44.8345 -148.284
      vertex 34 44.8345 -148.284
    endloop
  endfacet
  facet normal 0 -0.999649 0.0264772
    outer loop
      vertex 34 44.8296 -148.469
      vertex 37.2 44.8296 -148.469
      vertex 37.2 44.8345 -148.284
    endloop
  endfacet
  facet normal 0 -0.999366 -0.0355939
    outer loop
      vertex 34 44.8374 -148.688
      vertex 37.2 44.8296 -148.469
      vertex 34 44.8296 -148.469
    endloop
  endfacet
  facet normal 0 -0.999366 -0.0355939
    outer loop
      vertex 34 44.8374 -148.688
      vertex 37.2 44.8374 -148.688
      vertex 37.2 44.8296 -148.469
    endloop
  endfacet
  facet normal 0 -0.995076 -0.0991112
    outer loop
      vertex 34 44.8624 -148.939
      vertex 37.2 44.8374 -148.688
      vertex 34 44.8374 -148.688
    endloop
  endfacet
  facet normal 0 -0.995076 -0.0991112
    outer loop
      vertex 34 44.8624 -148.939
      vertex 37.2 44.8624 -148.939
      vertex 37.2 44.8374 -148.688
    endloop
  endfacet
  facet normal 0 -0.986844 -0.161674
    outer loop
      vertex 34 44.9086 -149.221
      vertex 37.2 44.8624 -148.939
      vertex 34 44.8624 -148.939
    endloop
  endfacet
  facet normal 0 -0.986844 -0.161674
    outer loop
      vertex 34 44.9086 -149.221
      vertex 37.2 44.9086 -149.221
      vertex 37.2 44.8624 -148.939
    endloop
  endfacet
  facet normal 0 -0.974868 -0.222782
    outer loop
      vertex 34 44.9799 -149.533
      vertex 37.2 44.9086 -149.221
      vertex 34 44.9086 -149.221
    endloop
  endfacet
  facet normal 0 -0.974868 -0.222782
    outer loop
      vertex 34 44.9799 -149.533
      vertex 37.2 44.9799 -149.533
      vertex 37.2 44.9086 -149.221
    endloop
  endfacet
  facet normal 0 -0.275138 -0.961405
    outer loop
      vertex 34 45.5285 -149.69
      vertex 37.2 44.9799 -149.533
      vertex 34 44.9799 -149.533
    endloop
  endfacet
  facet normal 0 -0.275138 -0.961405
    outer loop
      vertex 34 45.5285 -149.69
      vertex 37.2 45.5285 -149.69
      vertex 37.2 44.9799 -149.533
    endloop
  endfacet
  facet normal 0 0.709916 -0.704287
    outer loop
      vertex 34 45.7537 -149.463
      vertex 37.2 45.5285 -149.69
      vertex 34 45.5285 -149.69
    endloop
  endfacet
  facet normal 0 0.709916 -0.704287
    outer loop
      vertex 34 45.7537 -149.463
      vertex 37.2 45.7537 -149.463
      vertex 37.2 45.5285 -149.69
    endloop
  endfacet
  facet normal 0 0.753613 -0.657318
    outer loop
      vertex 34 45.9421 -149.247
      vertex 37.2 45.7537 -149.463
      vertex 34 45.7537 -149.463
    endloop
  endfacet
  facet normal 0 0.753613 -0.657318
    outer loop
      vertex 34 45.9421 -149.247
      vertex 37.2 45.9421 -149.247
      vertex 37.2 45.7537 -149.463
    endloop
  endfacet
  facet normal 0 0.792521 -0.609845
    outer loop
      vertex 34 46.096 -149.047
      vertex 37.2 45.9421 -149.247
      vertex 34 45.9421 -149.247
    endloop
  endfacet
  facet normal 0 0.792521 -0.609845
    outer loop
      vertex 34 46.096 -149.047
      vertex 37.2 46.096 -149.047
      vertex 37.2 45.9421 -149.247
    endloop
  endfacet
  facet normal 0 0.828583 -0.559866
    outer loop
      vertex 34 46.2183 -148.866
      vertex 37.2 46.096 -149.047
      vertex 34 46.096 -149.047
    endloop
  endfacet
  facet normal 0 0.828583 -0.559866
    outer loop
      vertex 34 46.2183 -148.866
      vertex 37.2 46.2183 -148.866
      vertex 37.2 46.096 -149.047
    endloop
  endfacet
  facet normal 0 0.863387 -0.504542
    outer loop
      vertex 34 46.3118 -148.706
      vertex 37.2 46.2183 -148.866
      vertex 34 46.2183 -148.866
    endloop
  endfacet
  facet normal 0 0.863387 -0.504542
    outer loop
      vertex 34 46.3118 -148.706
      vertex 37.2 46.3118 -148.706
      vertex 37.2 46.2183 -148.866
    endloop
  endfacet
  facet normal 0 0.892568 -0.450912
    outer loop
      vertex 34 46.38 -148.571
      vertex 37.2 46.3118 -148.706
      vertex 34 46.3118 -148.706
    endloop
  endfacet
  facet normal 0 0.892568 -0.450912
    outer loop
      vertex 34 46.38 -148.571
      vertex 37.2 46.38 -148.571
      vertex 37.2 46.3118 -148.706
    endloop
  endfacet
  facet normal 0 0.920407 -0.390962
    outer loop
      vertex 34 46.4263 -148.462
      vertex 37.2 46.38 -148.571
      vertex 34 46.38 -148.571
    endloop
  endfacet
  facet normal 0 0.920407 -0.390962
    outer loop
      vertex 34 46.4263 -148.462
      vertex 37.2 46.4263 -148.462
      vertex 37.2 46.38 -148.571
    endloop
  endfacet
  facet normal 0 0.941796 -0.336185
    outer loop
      vertex 34 46.4545 -148.383
      vertex 37.2 46.4263 -148.462
      vertex 34 46.4263 -148.462
    endloop
  endfacet
  facet normal 0 0.941796 -0.336185
    outer loop
      vertex 34 46.4545 -148.383
      vertex 37.2 46.4545 -148.383
      vertex 37.2 46.4263 -148.462
    endloop
  endfacet
  facet normal 0 0.962041 -0.272905
    outer loop
      vertex 34 46.4684 -148.334
      vertex 37.2 46.4545 -148.383
      vertex 34 46.4545 -148.383
    endloop
  endfacet
  facet normal 0 0.962041 -0.272905
    outer loop
      vertex 34 46.4684 -148.334
      vertex 37.2 46.4684 -148.334
      vertex 37.2 46.4545 -148.383
    endloop
  endfacet
  facet normal 0 0.974288 -0.225304
    outer loop
      vertex 34 46.4721 -148.318
      vertex 37.2 46.4684 -148.334
      vertex 34 46.4684 -148.334
    endloop
  endfacet
  facet normal 0 0.974288 -0.225304
    outer loop
      vertex 34 46.4721 -148.318
      vertex 37.2 46.4721 -148.318
      vertex 37.2 46.4684 -148.334
    endloop
  endfacet
  facet normal 0 0.855108 -0.51845
    outer loop
      vertex 34 46.8668 -147.667
      vertex 37.2 46.4721 -148.318
      vertex 34 46.4721 -148.318
    endloop
  endfacet
  facet normal 0 0.855108 -0.51845
    outer loop
      vertex 34 46.8668 -147.667
      vertex 37.2 46.8668 -147.667
      vertex 37.2 46.4721 -148.318
    endloop
  endfacet
  facet normal 0 0.285254 0.958452
    outer loop
      vertex 34 46.85 -147.662
      vertex 37.2 46.8668 -147.667
      vertex 34 46.8668 -147.667
    endloop
  endfacet
  facet normal -0 0.285254 0.958452
    outer loop
      vertex 34 46.85 -147.662
      vertex 37.2 46.85 -147.662
      vertex 37.2 46.8668 -147.667
    endloop
  endfacet
  facet normal 0 -0.131229 -0.991352
    outer loop
      vertex 34 47.1975 -147.708
      vertex 37.2 46.85 -147.662
      vertex 34 46.85 -147.662
    endloop
  endfacet
  facet normal 0 -0.131229 -0.991352
    outer loop
      vertex 34 47.1975 -147.708
      vertex 37.2 47.1975 -147.708
      vertex 37.2 46.85 -147.662
    endloop
  endfacet
  facet normal 0 -0.0741659 -0.997246
    outer loop
      vertex 34 47.5471 -147.734
      vertex 37.2 47.1975 -147.708
      vertex 34 47.1975 -147.708
    endloop
  endfacet
  facet normal 0 -0.0741659 -0.997246
    outer loop
      vertex 34 47.5471 -147.734
      vertex 37.2 47.5471 -147.734
      vertex 37.2 47.1975 -147.708
    endloop
  endfacet
  facet normal 0 -0.114191 0.993459
    outer loop
      vertex 34 47.5297 -147.736
      vertex 37.2 47.5471 -147.734
      vertex 34 47.5471 -147.734
    endloop
  endfacet
  facet normal 0 -0.114191 0.993459
    outer loop
      vertex 34 47.5297 -147.736
      vertex 37.2 47.5297 -147.736
      vertex 37.2 47.5471 -147.734
    endloop
  endfacet
  facet normal 0 -0.943571 -0.33117
    outer loop
      vertex 34 47.7817 -148.454
      vertex 37.2 47.5297 -147.736
      vertex 34 47.5297 -147.736
    endloop
  endfacet
  facet normal 0 -0.943571 -0.33117
    outer loop
      vertex 34 47.7817 -148.454
      vertex 37.2 47.7817 -148.454
      vertex 37.2 47.5297 -147.736
    endloop
  endfacet
  facet normal 0 -0.999931 -0.0117639
    outer loop
      vertex 34 47.7819 -148.471
      vertex 37.2 47.7817 -148.454
      vertex 34 47.7817 -148.454
    endloop
  endfacet
  facet normal 0 -0.999931 -0.0117639
    outer loop
      vertex 34 47.7819 -148.471
      vertex 37.2 47.7819 -148.471
      vertex 37.2 47.7817 -148.454
    endloop
  endfacet
  facet normal 0 -0.997379 -0.0723588
    outer loop
      vertex 34 47.7856 -148.522
      vertex 37.2 47.7819 -148.471
      vertex 34 47.7819 -148.471
    endloop
  endfacet
  facet normal 0 -0.997379 -0.0723588
    outer loop
      vertex 34 47.7856 -148.522
      vertex 37.2 47.7856 -148.522
      vertex 37.2 47.7819 -148.471
    endloop
  endfacet
  facet normal 0 -0.991018 -0.133728
    outer loop
      vertex 34 47.7968 -148.605
      vertex 37.2 47.7856 -148.522
      vertex 34 47.7856 -148.522
    endloop
  endfacet
  facet normal 0 -0.991018 -0.133728
    outer loop
      vertex 34 47.7968 -148.605
      vertex 37.2 47.7968 -148.605
      vertex 37.2 47.7856 -148.522
    endloop
  endfacet
  facet normal 0 -0.980905 -0.19449
    outer loop
      vertex 34 47.8198 -148.721
      vertex 37.2 47.7968 -148.605
      vertex 34 47.7968 -148.605
    endloop
  endfacet
  facet normal 0 -0.980905 -0.19449
    outer loop
      vertex 34 47.8198 -148.721
      vertex 37.2 47.8198 -148.721
      vertex 37.2 47.7968 -148.605
    endloop
  endfacet
  facet normal 0 -0.96629 -0.257457
    outer loop
      vertex 34 47.8587 -148.867
      vertex 37.2 47.8198 -148.721
      vertex 34 47.8198 -148.721
    endloop
  endfacet
  facet normal 0 -0.96629 -0.257457
    outer loop
      vertex 34 47.8587 -148.867
      vertex 37.2 47.8587 -148.867
      vertex 37.2 47.8198 -148.721
    endloop
  endfacet
  facet normal 0 -0.948791 -0.315904
    outer loop
      vertex 34 47.9173 -149.043
      vertex 37.2 47.8587 -148.867
      vertex 34 47.8587 -148.867
    endloop
  endfacet
  facet normal 0 -0.948791 -0.315904
    outer loop
      vertex 34 47.9173 -149.043
      vertex 37.2 47.9173 -149.043
      vertex 37.2 47.8587 -148.867
    endloop
  endfacet
  facet normal 0 -0.926247 -0.376918
    outer loop
      vertex 34 47.9995 -149.245
      vertex 37.2 47.9173 -149.043
      vertex 34 47.9173 -149.043
    endloop
  endfacet
  facet normal 0 -0.926247 -0.376918
    outer loop
      vertex 34 47.9995 -149.245
      vertex 37.2 47.9995 -149.245
      vertex 37.2 47.9173 -149.043
    endloop
  endfacet
  facet normal 0 -0.901585 -0.432603
    outer loop
      vertex 34 48.1089 -149.473
      vertex 37.2 47.9995 -149.245
      vertex 34 47.9995 -149.245
    endloop
  endfacet
  facet normal 0 -0.901585 -0.432603
    outer loop
      vertex 34 48.1089 -149.473
      vertex 37.2 48.1089 -149.473
      vertex 37.2 47.9995 -149.245
    endloop
  endfacet
  facet normal 0 -0.872506 -0.488603
    outer loop
      vertex 34 48.2489 -149.723
      vertex 37.2 48.1089 -149.473
      vertex 34 48.1089 -149.473
    endloop
  endfacet
  facet normal 0 -0.872506 -0.488603
    outer loop
      vertex 34 48.2489 -149.723
      vertex 37.2 48.2489 -149.723
      vertex 37.2 48.1089 -149.473
    endloop
  endfacet
  facet normal 0 -0.839158 -0.543887
    outer loop
      vertex 34 48.4226 -149.991
      vertex 37.2 48.2489 -149.723
      vertex 34 48.2489 -149.723
    endloop
  endfacet
  facet normal 0 -0.839158 -0.543887
    outer loop
      vertex 34 48.4226 -149.991
      vertex 37.2 48.4226 -149.991
      vertex 37.2 48.2489 -149.723
    endloop
  endfacet
  facet normal 0 0.0701257 -0.997538
    outer loop
      vertex 34 48.9916 -149.951
      vertex 37.2 48.4226 -149.991
      vertex 34 48.4226 -149.991
    endloop
  endfacet
  facet normal 0 0.0701257 -0.997538
    outer loop
      vertex 34 48.9916 -149.951
      vertex 37.2 48.9916 -149.951
      vertex 37.2 48.4226 -149.991
    endloop
  endfacet
  facet normal 0 0.908206 -0.418524
    outer loop
      vertex 34 49.1257 -149.66
      vertex 37.2 48.9916 -149.951
      vertex 34 48.9916 -149.951
    endloop
  endfacet
  facet normal 0 0.908206 -0.418524
    outer loop
      vertex 34 49.1257 -149.66
      vertex 37.2 49.1257 -149.66
      vertex 37.2 48.9916 -149.951
    endloop
  endfacet
  facet normal 0 0.932176 -0.362007
    outer loop
      vertex 34 49.229 -149.394
      vertex 37.2 49.1257 -149.66
      vertex 34 49.1257 -149.66
    endloop
  endfacet
  facet normal 0 0.932176 -0.362007
    outer loop
      vertex 34 49.229 -149.394
      vertex 37.2 49.229 -149.394
      vertex 37.2 49.1257 -149.66
    endloop
  endfacet
  facet normal 0 0.953475 -0.301472
    outer loop
      vertex 34 49.3052 -149.153
      vertex 37.2 49.229 -149.394
      vertex 34 49.229 -149.394
    endloop
  endfacet
  facet normal 0 0.953475 -0.301472
    outer loop
      vertex 34 49.3052 -149.153
      vertex 37.2 49.3052 -149.153
      vertex 37.2 49.229 -149.394
    endloop
  endfacet
  facet normal 0 0.970623 -0.240605
    outer loop
      vertex 34 49.358 -148.94
      vertex 37.2 49.3052 -149.153
      vertex 34 49.3052 -149.153
    endloop
  endfacet
  facet normal 0 0.970623 -0.240605
    outer loop
      vertex 34 49.358 -148.94
      vertex 37.2 49.358 -148.94
      vertex 37.2 49.3052 -149.153
    endloop
  endfacet
  facet normal 0 0.983766 -0.179456
    outer loop
      vertex 34 49.3912 -148.758
      vertex 37.2 49.358 -148.94
      vertex 34 49.358 -148.94
    endloop
  endfacet
  facet normal 0 0.983766 -0.179456
    outer loop
      vertex 34 49.3912 -148.758
      vertex 37.2 49.3912 -148.758
      vertex 37.2 49.358 -148.94
    endloop
  endfacet
  facet normal 0 0.993033 -0.11784
    outer loop
      vertex 34 49.409 -148.608
      vertex 37.2 49.3912 -148.758
      vertex 34 49.3912 -148.758
    endloop
  endfacet
  facet normal 0 0.993033 -0.11784
    outer loop
      vertex 34 49.409 -148.608
      vertex 37.2 49.409 -148.608
      vertex 37.2 49.3912 -148.758
    endloop
  endfacet
  facet normal 0 0.998486 -0.0550014
    outer loop
      vertex 34 49.4155 -148.49
      vertex 37.2 49.409 -148.608
      vertex 34 49.409 -148.608
    endloop
  endfacet
  facet normal 0 0.998486 -0.0550014
    outer loop
      vertex 34 49.4155 -148.49
      vertex 37.2 49.4155 -148.49
      vertex 37.2 49.409 -148.608
    endloop
  endfacet
  facet normal 0 0.999965 0.00833304
    outer loop
      vertex 34 49.4148 -148.406
      vertex 37.2 49.4155 -148.49
      vertex 34 49.4155 -148.49
    endloop
  endfacet
  facet normal -0 0.999965 0.00833304
    outer loop
      vertex 34 49.4148 -148.406
      vertex 37.2 49.4148 -148.406
      vertex 37.2 49.4155 -148.49
    endloop
  endfacet
  facet normal 0 0.997559 0.0698291
    outer loop
      vertex 34 49.4113 -148.356
      vertex 37.2 49.4148 -148.406
      vertex 34 49.4148 -148.406
    endloop
  endfacet
  facet normal -0 0.997559 0.0698291
    outer loop
      vertex 34 49.4113 -148.356
      vertex 37.2 49.4113 -148.356
      vertex 37.2 49.4148 -148.406
    endloop
  endfacet
  facet normal 0 0.992456 0.122598
    outer loop
      vertex 34 49.4092 -148.339
      vertex 37.2 49.4113 -148.356
      vertex 34 49.4113 -148.356
    endloop
  endfacet
  facet normal -0 0.992456 0.122598
    outer loop
      vertex 34 49.4092 -148.339
      vertex 37.2 49.4092 -148.339
      vertex 37.2 49.4113 -148.356
    endloop
  endfacet
  facet normal 0 0.980908 -0.194474
    outer loop
      vertex 34 49.5573 -147.592
      vertex 37.2 49.4092 -148.339
      vertex 34 49.4092 -148.339
    endloop
  endfacet
  facet normal 0 0.980908 -0.194474
    outer loop
      vertex 34 49.5573 -147.592
      vertex 37.2 49.5573 -147.592
      vertex 37.2 49.4092 -148.339
    endloop
  endfacet
  facet normal 0 -0.0577071 0.998334
    outer loop
      vertex 34 49.54 -147.593
      vertex 37.2 49.5573 -147.592
      vertex 34 49.5573 -147.592
    endloop
  endfacet
  facet normal 0 -0.0577071 0.998334
    outer loop
      vertex 34 49.54 -147.593
      vertex 37.2 49.54 -147.593
      vertex 37.2 49.5573 -147.592
    endloop
  endfacet
  facet normal 0 0.214029 -0.976827
    outer loop
      vertex 34 49.8823 -147.518
      vertex 37.2 49.54 -147.593
      vertex 34 49.54 -147.593
    endloop
  endfacet
  facet normal 0 0.214029 -0.976827
    outer loop
      vertex 34 49.8823 -147.518
      vertex 37.2 49.8823 -147.518
      vertex 37.2 49.54 -147.593
    endloop
  endfacet
  facet normal 0 0.271101 -0.962551
    outer loop
      vertex 34 50.2196 -147.423
      vertex 37.2 49.8823 -147.518
      vertex 34 49.8823 -147.518
    endloop
  endfacet
  facet normal 0 0.271101 -0.962551
    outer loop
      vertex 34 50.2196 -147.423
      vertex 37.2 50.2196 -147.423
      vertex 37.2 49.8823 -147.518
    endloop
  endfacet
  facet normal 0 -0.405064 0.914288
    outer loop
      vertex 34 50.2038 -147.43
      vertex 37.2 50.2196 -147.423
      vertex 34 50.2196 -147.423
    endloop
  endfacet
  facet normal 0 -0.405064 0.914288
    outer loop
      vertex 34 50.2038 -147.43
      vertex 37.2 50.2038 -147.43
      vertex 37.2 50.2196 -147.423
    endloop
  endfacet
  facet normal 0 -0.773512 -0.633781
    outer loop
      vertex 34 50.6864 -148.019
      vertex 37.2 50.2038 -147.43
      vertex 34 50.2038 -147.43
    endloop
  endfacet
  facet normal 0 -0.773512 -0.633781
    outer loop
      vertex 34 50.6864 -148.019
      vertex 37.2 50.6864 -148.019
      vertex 37.2 50.2038 -147.43
    endloop
  endfacet
  facet normal 0 -0.936329 -0.351123
    outer loop
      vertex 34 50.6924 -148.035
      vertex 37.2 50.6864 -148.019
      vertex 34 50.6864 -148.019
    endloop
  endfacet
  facet normal 0 -0.936329 -0.351123
    outer loop
      vertex 34 50.6924 -148.035
      vertex 37.2 50.6924 -148.035
      vertex 37.2 50.6864 -148.019
    endloop
  endfacet
  facet normal 0 -0.911922 -0.410365
    outer loop
      vertex 34 50.7131 -148.081
      vertex 37.2 50.6924 -148.035
      vertex 34 50.6924 -148.035
    endloop
  endfacet
  facet normal 0 -0.911922 -0.410365
    outer loop
      vertex 34 50.7131 -148.081
      vertex 37.2 50.7131 -148.081
      vertex 37.2 50.6924 -148.035
    endloop
  endfacet
  facet normal 0 -0.886732 -0.462283
    outer loop
      vertex 34 50.7522 -148.156
      vertex 37.2 50.7131 -148.081
      vertex 34 50.7131 -148.081
    endloop
  endfacet
  facet normal 0 -0.886732 -0.462283
    outer loop
      vertex 34 50.7522 -148.156
      vertex 37.2 50.7522 -148.156
      vertex 37.2 50.7131 -148.081
    endloop
  endfacet
  facet normal 0 -0.853324 -0.521381
    outer loop
      vertex 34 50.8133 -148.256
      vertex 37.2 50.7522 -148.156
      vertex 34 50.7522 -148.156
    endloop
  endfacet
  facet normal 0 -0.853324 -0.521381
    outer loop
      vertex 34 50.8133 -148.256
      vertex 37.2 50.8133 -148.256
      vertex 37.2 50.7522 -148.156
    endloop
  endfacet
  facet normal 0 -0.822003 -0.569484
    outer loop
      vertex 34 50.8999 -148.381
      vertex 37.2 50.8133 -148.256
      vertex 34 50.8133 -148.256
    endloop
  endfacet
  facet normal 0 -0.822003 -0.569484
    outer loop
      vertex 34 50.8999 -148.381
      vertex 37.2 50.8999 -148.381
      vertex 37.2 50.8133 -148.256
    endloop
  endfacet
  facet normal 0 -0.782972 -0.622057
    outer loop
      vertex 34 51.0151 -148.526
      vertex 37.2 50.8999 -148.381
      vertex 34 50.8999 -148.381
    endloop
  endfacet
  facet normal 0 -0.782972 -0.622057
    outer loop
      vertex 34 51.0151 -148.526
      vertex 37.2 51.0151 -148.526
      vertex 37.2 50.8999 -148.381
    endloop
  endfacet
  facet normal 0 -0.741471 -0.670985
    outer loop
      vertex 34 51.1617 -148.688
      vertex 37.2 51.0151 -148.526
      vertex 34 51.0151 -148.526
    endloop
  endfacet
  facet normal 0 -0.741471 -0.670985
    outer loop
      vertex 34 51.1617 -148.688
      vertex 37.2 51.1617 -148.688
      vertex 37.2 51.0151 -148.526
    endloop
  endfacet
  facet normal 0 -0.697927 -0.716169
    outer loop
      vertex 34 51.3423 -148.864
      vertex 37.2 51.1617 -148.688
      vertex 34 51.1617 -148.688
    endloop
  endfacet
  facet normal 0 -0.697927 -0.716169
    outer loop
      vertex 34 51.3423 -148.864
      vertex 37.2 51.3423 -148.864
      vertex 37.2 51.1617 -148.688
    endloop
  endfacet
  facet normal 0 -0.652974 -0.75738
    outer loop
      vertex 34 51.5592 -149.051
      vertex 37.2 51.3423 -148.864
      vertex 34 51.3423 -148.864
    endloop
  endfacet
  facet normal 0 -0.652974 -0.75738
    outer loop
      vertex 34 51.5592 -149.051
      vertex 37.2 51.5592 -149.051
      vertex 37.2 51.3423 -148.864
    endloop
  endfacet
  facet normal 0 -0.603496 -0.797366
    outer loop
      vertex 34 51.8142 -149.244
      vertex 37.2 51.5592 -149.051
      vertex 34 51.5592 -149.051
    endloop
  endfacet
  facet normal 0 -0.603496 -0.797366
    outer loop
      vertex 34 51.8142 -149.244
      vertex 37.2 51.8142 -149.244
      vertex 37.2 51.5592 -149.051
    endloop
  endfacet
  facet normal 0 0.408316 -0.912841
    outer loop
      vertex 34 52.3351 -149.011
      vertex 37.2 51.8142 -149.244
      vertex 34 51.8142 -149.244
    endloop
  endfacet
  facet normal 0 0.408316 -0.912841
    outer loop
      vertex 34 52.3351 -149.011
      vertex 37.2 52.3351 -149.011
      vertex 37.2 51.8142 -149.244
    endloop
  endfacet
  facet normal 0 0.996494 -0.0836679
    outer loop
      vertex 34 52.3618 -148.693
      vertex 37.2 52.3351 -149.011
      vertex 34 52.3351 -149.011
    endloop
  endfacet
  facet normal 0 0.996494 -0.0836679
    outer loop
      vertex 34 52.3618 -148.693
      vertex 37.2 52.3618 -148.693
      vertex 37.2 52.3351 -149.011
    endloop
  endfacet
  facet normal 0 0.999787 -0.020625
    outer loop
      vertex 34 52.3677 -148.407
      vertex 37.2 52.3618 -148.693
      vertex 34 52.3618 -148.693
    endloop
  endfacet
  facet normal 0 0.999787 -0.020625
    outer loop
      vertex 34 52.3677 -148.407
      vertex 37.2 52.3677 -148.407
      vertex 37.2 52.3618 -148.693
    endloop
  endfacet
  facet normal 0 0.99909 0.0426489
    outer loop
      vertex 34 52.3569 -148.154
      vertex 37.2 52.3677 -148.407
      vertex 34 52.3677 -148.407
    endloop
  endfacet
  facet normal -0 0.99909 0.0426489
    outer loop
      vertex 34 52.3569 -148.154
      vertex 37.2 52.3569 -148.154
      vertex 37.2 52.3677 -148.407
    endloop
  endfacet
  facet normal 0 0.99443 0.1054
    outer loop
      vertex 34 52.3339 -147.937
      vertex 37.2 52.3569 -148.154
      vertex 34 52.3569 -148.154
    endloop
  endfacet
  facet normal -0 0.99443 0.1054
    outer loop
      vertex 34 52.3339 -147.937
      vertex 37.2 52.3339 -147.937
      vertex 37.2 52.3569 -148.154
    endloop
  endfacet
  facet normal 0 0.985865 0.167543
    outer loop
      vertex 34 52.3028 -147.754
      vertex 37.2 52.3339 -147.937
      vertex 34 52.3339 -147.937
    endloop
  endfacet
  facet normal -0 0.985865 0.167543
    outer loop
      vertex 34 52.3028 -147.754
      vertex 37.2 52.3028 -147.754
      vertex 37.2 52.3339 -147.937
    endloop
  endfacet
  facet normal 0 0.973252 0.22974
    outer loop
      vertex 34 52.2681 -147.607
      vertex 37.2 52.3028 -147.754
      vertex 34 52.3028 -147.754
    endloop
  endfacet
  facet normal -0 0.973252 0.22974
    outer loop
      vertex 34 52.2681 -147.607
      vertex 37.2 52.2681 -147.607
      vertex 37.2 52.3028 -147.754
    endloop
  endfacet
  facet normal 0 0.957124 0.289678
    outer loop
      vertex 34 52.2339 -147.494
      vertex 37.2 52.2681 -147.607
      vertex 34 52.2681 -147.607
    endloop
  endfacet
  facet normal -0 0.957124 0.289678
    outer loop
      vertex 34 52.2339 -147.494
      vertex 37.2 52.2339 -147.494
      vertex 37.2 52.2681 -147.607
    endloop
  endfacet
  facet normal 0 0.937591 0.34774
    outer loop
      vertex 34 52.2046 -147.415
      vertex 37.2 52.2339 -147.494
      vertex 34 52.2339 -147.494
    endloop
  endfacet
  facet normal -0 0.937591 0.34774
    outer loop
      vertex 34 52.2046 -147.415
      vertex 37.2 52.2046 -147.415
      vertex 37.2 52.2339 -147.494
    endloop
  endfacet
  facet normal 0 0.912662 0.408714
    outer loop
      vertex 34 52.184 -147.369
      vertex 37.2 52.2046 -147.415
      vertex 34 52.2046 -147.415
    endloop
  endfacet
  facet normal -0 0.912662 0.408714
    outer loop
      vertex 34 52.184 -147.369
      vertex 37.2 52.184 -147.369
      vertex 37.2 52.2046 -147.415
    endloop
  endfacet
  facet normal 0 0.889632 0.456678
    outer loop
      vertex 34 52.1763 -147.354
      vertex 37.2 52.184 -147.369
      vertex 34 52.184 -147.369
    endloop
  endfacet
  facet normal -0 0.889632 0.456678
    outer loop
      vertex 34 52.1763 -147.354
      vertex 37.2 52.1763 -147.354
      vertex 37.2 52.184 -147.369
    endloop
  endfacet
  facet normal 0 0.988262 0.152767
    outer loop
      vertex 34 52.0599 -146.601
      vertex 37.2 52.1763 -147.354
      vertex 34 52.1763 -147.354
    endloop
  endfacet
  facet normal -0 0.988262 0.152767
    outer loop
      vertex 34 52.0599 -146.601
      vertex 37.2 52.0599 -146.601
      vertex 37.2 52.1763 -147.354
    endloop
  endfacet
  facet normal 0 -0.449459 0.893301
    outer loop
      vertex 34 52.044 -146.609
      vertex 37.2 52.0599 -146.601
      vertex 34 52.0599 -146.601
    endloop
  endfacet
  facet normal 0 -0.449459 0.893301
    outer loop
      vertex 34 52.044 -146.609
      vertex 37.2 52.044 -146.609
      vertex 37.2 52.0599 -146.601
    endloop
  endfacet
  facet normal 0 0.536137 -0.844131
    outer loop
      vertex 34 52.34 -146.421
      vertex 37.2 52.044 -146.609
      vertex 34 52.044 -146.609
    endloop
  endfacet
  facet normal 0 0.536137 -0.844131
    outer loop
      vertex 34 52.34 -146.421
      vertex 37.2 52.34 -146.421
      vertex 37.2 52.044 -146.609
    endloop
  endfacet
  facet normal 0 0.58447 -0.811415
    outer loop
      vertex 34 52.6246 -146.216
      vertex 37.2 52.34 -146.421
      vertex 34 52.34 -146.421
    endloop
  endfacet
  facet normal 0 0.58447 -0.811415
    outer loop
      vertex 34 52.6246 -146.216
      vertex 37.2 52.6246 -146.216
      vertex 37.2 52.34 -146.421
    endloop
  endfacet
  facet normal 0 -0.692532 0.721387
    outer loop
      vertex 34 52.6121 -146.228
      vertex 37.2 52.6246 -146.216
      vertex 34 52.6246 -146.216
    endloop
  endfacet
  facet normal 0 -0.692532 0.721387
    outer loop
      vertex 34 52.6121 -146.228
      vertex 37.2 52.6121 -146.228
      vertex 37.2 52.6246 -146.216
    endloop
  endfacet
  facet normal 0 -0.51063 -0.859801
    outer loop
      vertex 34 53.2671 -146.617
      vertex 37.2 52.6121 -146.228
      vertex 34 52.6121 -146.228
    endloop
  endfacet
  facet normal 0 -0.51063 -0.859801
    outer loop
      vertex 34 53.2671 -146.617
      vertex 37.2 53.2671 -146.617
      vertex 37.2 52.6121 -146.228
    endloop
  endfacet
  facet normal 0 -0.737154 -0.675725
    outer loop
      vertex 34 53.2781 -146.629
      vertex 37.2 53.2671 -146.617
      vertex 34 53.2671 -146.617
    endloop
  endfacet
  facet normal 0 -0.737154 -0.675725
    outer loop
      vertex 34 53.2781 -146.629
      vertex 37.2 53.2781 -146.629
      vertex 37.2 53.2671 -146.617
    endloop
  endfacet
  facet normal 0 -0.72451 -0.689264
    outer loop
      vertex 34 53.3133 -146.666
      vertex 37.2 53.2781 -146.629
      vertex 34 53.2781 -146.629
    endloop
  endfacet
  facet normal 0 -0.72451 -0.689264
    outer loop
      vertex 34 53.3133 -146.666
      vertex 37.2 53.3133 -146.666
      vertex 37.2 53.2781 -146.629
    endloop
  endfacet
  facet normal 0 -0.668503 -0.74371
    outer loop
      vertex 34 53.3756 -146.722
      vertex 37.2 53.3133 -146.666
      vertex 34 53.3133 -146.666
    endloop
  endfacet
  facet normal 0 -0.668503 -0.74371
    outer loop
      vertex 34 53.3756 -146.722
      vertex 37.2 53.3756 -146.722
      vertex 37.2 53.3133 -146.666
    endloop
  endfacet
  facet normal 0 -0.627172 -0.77888
    outer loop
      vertex 34 53.4675 -146.796
      vertex 37.2 53.3756 -146.722
      vertex 34 53.3756 -146.722
    endloop
  endfacet
  facet normal 0 -0.627172 -0.77888
    outer loop
      vertex 34 53.4675 -146.796
      vertex 37.2 53.4675 -146.796
      vertex 37.2 53.3756 -146.722
    endloop
  endfacet
  facet normal 0 -0.574969 -0.818175
    outer loop
      vertex 34 53.5913 -146.883
      vertex 37.2 53.4675 -146.796
      vertex 34 53.4675 -146.796
    endloop
  endfacet
  facet normal 0 -0.574969 -0.818175
    outer loop
      vertex 34 53.5913 -146.883
      vertex 37.2 53.5913 -146.883
      vertex 37.2 53.4675 -146.796
    endloop
  endfacet
  facet normal 0 -0.523676 -0.851918
    outer loop
      vertex 34 53.7491 -146.98
      vertex 37.2 53.5913 -146.883
      vertex 34 53.5913 -146.883
    endloop
  endfacet
  facet normal 0 -0.523676 -0.851918
    outer loop
      vertex 34 53.7491 -146.98
      vertex 37.2 53.7491 -146.98
      vertex 37.2 53.5913 -146.883
    endloop
  endfacet
  facet normal 0 -0.470256 -0.88253
    outer loop
      vertex 34 53.9424 -147.083
      vertex 37.2 53.7491 -146.98
      vertex 34 53.7491 -146.98
    endloop
  endfacet
  facet normal 0 -0.470256 -0.88253
    outer loop
      vertex 34 53.9424 -147.083
      vertex 37.2 53.9424 -147.083
      vertex 37.2 53.7491 -146.98
    endloop
  endfacet
  facet normal 0 -0.411863 -0.911246
    outer loop
      vertex 34 54.1725 -147.187
      vertex 37.2 53.9424 -147.083
      vertex 34 53.9424 -147.083
    endloop
  endfacet
  facet normal 0 -0.411863 -0.911246
    outer loop
      vertex 34 54.1725 -147.187
      vertex 37.2 54.1725 -147.187
      vertex 37.2 53.9424 -147.083
    endloop
  endfacet
  facet normal 0 -0.353 -0.935623
    outer loop
      vertex 34 54.4402 -147.288
      vertex 37.2 54.1725 -147.187
      vertex 34 54.1725 -147.187
    endloop
  endfacet
  facet normal 0 -0.353 -0.935623
    outer loop
      vertex 34 54.4402 -147.288
      vertex 37.2 54.4402 -147.288
      vertex 37.2 54.1725 -147.187
    endloop
  endfacet
  facet normal 0 -0.293998 -0.955806
    outer loop
      vertex 34 54.7458 -147.382
      vertex 37.2 54.4402 -147.288
      vertex 34 54.4402 -147.288
    endloop
  endfacet
  facet normal 0 -0.293998 -0.955806
    outer loop
      vertex 34 54.7458 -147.382
      vertex 37.2 54.7458 -147.382
      vertex 37.2 54.4402 -147.288
    endloop
  endfacet
  facet normal 0 0.695626 -0.718404
    outer loop
      vertex 34 55.1558 -146.985
      vertex 37.2 54.7458 -147.382
      vertex 34 54.7458 -147.382
    endloop
  endfacet
  facet normal 0 0.695626 -0.718404
    outer loop
      vertex 34 55.1558 -146.985
      vertex 37.2 55.1558 -146.985
      vertex 37.2 54.7458 -147.382
    endloop
  endfacet
  facet normal 0 0.964764 0.263117
    outer loop
      vertex 34 55.0718 -146.677
      vertex 37.2 55.1558 -146.985
      vertex 34 55.1558 -146.985
    endloop
  endfacet
  facet normal -0 0.964764 0.263117
    outer loop
      vertex 34 55.0718 -146.677
      vertex 37.2 55.0718 -146.677
      vertex 37.2 55.1558 -146.985
    endloop
  endfacet
  facet normal 0 0.946602 0.322404
    outer loop
      vertex 34 54.9795 -146.406
      vertex 37.2 55.0718 -146.677
      vertex 34 55.0718 -146.677
    endloop
  endfacet
  facet normal -0 0.946602 0.322404
    outer loop
      vertex 34 54.9795 -146.406
      vertex 37.2 54.9795 -146.406
      vertex 37.2 55.0718 -146.677
    endloop
  endfacet
  facet normal 0 0.924176 0.381966
    outer loop
      vertex 34 54.8832 -146.173
      vertex 37.2 54.9795 -146.406
      vertex 34 54.9795 -146.406
    endloop
  endfacet
  facet normal -0 0.924176 0.381966
    outer loop
      vertex 34 54.8832 -146.173
      vertex 37.2 54.8832 -146.173
      vertex 37.2 54.9795 -146.406
    endloop
  endfacet
  facet normal 0 0.898764 0.438433
    outer loop
      vertex 34 54.7871 -145.976
      vertex 37.2 54.8832 -146.173
      vertex 34 54.8832 -146.173
    endloop
  endfacet
  facet normal -0 0.898764 0.438433
    outer loop
      vertex 34 54.7871 -145.976
      vertex 37.2 54.7871 -145.976
      vertex 37.2 54.8832 -146.173
    endloop
  endfacet
  facet normal 0 0.869172 0.49451
    outer loop
      vertex 34 54.6955 -145.815
      vertex 37.2 54.7871 -145.976
      vertex 34 54.7871 -145.976
    endloop
  endfacet
  facet normal -0 0.869172 0.49451
    outer loop
      vertex 34 54.6955 -145.815
      vertex 37.2 54.6955 -145.815
      vertex 37.2 54.7871 -145.976
    endloop
  endfacet
  facet normal 0 0.836784 0.547533
    outer loop
      vertex 34 54.6124 -145.688
      vertex 37.2 54.6955 -145.815
      vertex 34 54.6955 -145.815
    endloop
  endfacet
  facet normal -0 0.836784 0.547533
    outer loop
      vertex 34 54.6124 -145.688
      vertex 37.2 54.6124 -145.688
      vertex 37.2 54.6955 -145.815
    endloop
  endfacet
  facet normal 0 0.799183 0.601088
    outer loop
      vertex 34 54.5417 -145.594
      vertex 37.2 54.6124 -145.688
      vertex 34 54.6124 -145.688
    endloop
  endfacet
  facet normal -0 0.799183 0.601088
    outer loop
      vertex 34 54.5417 -145.594
      vertex 37.2 54.5417 -145.594
      vertex 37.2 54.6124 -145.688
    endloop
  endfacet
  facet normal 0 0.760765 0.649028
    outer loop
      vertex 34 54.4871 -145.53
      vertex 37.2 54.5417 -145.594
      vertex 34 54.5417 -145.594
    endloop
  endfacet
  facet normal -0 0.760765 0.649028
    outer loop
      vertex 34 54.4871 -145.53
      vertex 37.2 54.4871 -145.53
      vertex 37.2 54.5417 -145.594
    endloop
  endfacet
  facet normal 0 0.716995 0.697078
    outer loop
      vertex 34 54.4521 -145.494
      vertex 37.2 54.4871 -145.53
      vertex 34 54.4871 -145.53
    endloop
  endfacet
  facet normal -0 0.716995 0.697078
    outer loop
      vertex 34 54.4521 -145.494
      vertex 37.2 54.4521 -145.494
      vertex 37.2 54.4871 -145.53
    endloop
  endfacet
  facet normal 0 0.695421 0.718602
    outer loop
      vertex 34 54.4397 -145.482
      vertex 37.2 54.4521 -145.494
      vertex 34 54.4521 -145.494
    endloop
  endfacet
  facet normal -0 0.695421 0.718602
    outer loop
      vertex 34 54.4397 -145.482
      vertex 37.2 54.4397 -145.482
      vertex 37.2 54.4521 -145.494
    endloop
  endfacet
  facet normal 0 0.876244 0.481868
    outer loop
      vertex 34 54.0729 -144.815
      vertex 37.2 54.4397 -145.482
      vertex 34 54.4397 -145.482
    endloop
  endfacet
  facet normal -0 0.876244 0.481868
    outer loop
      vertex 34 54.0729 -144.815
      vertex 37.2 54.0729 -144.815
      vertex 37.2 54.4397 -145.482
    endloop
  endfacet
  facet normal 0 -0.695421 0.718602
    outer loop
      vertex 34 54.0605 -144.827
      vertex 37.2 54.0729 -144.815
      vertex 34 54.0729 -144.815
    endloop
  endfacet
  facet normal 0 -0.695421 0.718602
    outer loop
      vertex 34 54.0605 -144.827
      vertex 37.2 54.0605 -144.827
      vertex 37.2 54.0729 -144.815
    endloop
  endfacet
  facet normal 0 0.79255 -0.609807
    outer loop
      vertex 34 54.2744 -144.549
      vertex 37.2 54.0605 -144.827
      vertex 34 54.0605 -144.827
    endloop
  endfacet
  facet normal 0 0.79255 -0.609807
    outer loop
      vertex 34 54.2744 -144.549
      vertex 37.2 54.2744 -144.549
      vertex 37.2 54.0605 -144.827
    endloop
  endfacet
  facet normal 0 0.826661 -0.5627
    outer loop
      vertex 34 54.4718 -144.259
      vertex 37.2 54.2744 -144.549
      vertex 34 54.2744 -144.549
    endloop
  endfacet
  facet normal 0 0.826661 -0.5627
    outer loop
      vertex 34 54.4718 -144.259
      vertex 37.2 54.4718 -144.259
      vertex 37.2 54.2744 -144.549
    endloop
  endfacet
  facet normal 0 -0.901083 0.433646
    outer loop
      vertex 34 54.4641 -144.275
      vertex 37.2 54.4718 -144.259
      vertex 34 54.4718 -144.259
    endloop
  endfacet
  facet normal 0 -0.901083 0.433646
    outer loop
      vertex 34 54.4641 -144.275
      vertex 37.2 54.4641 -144.275
      vertex 37.2 54.4718 -144.259
    endloop
  endfacet
  facet normal 0 -0.185121 -0.982716
    outer loop
      vertex 34 55.2126 -144.416
      vertex 37.2 54.4641 -144.275
      vertex 34 54.4641 -144.275
    endloop
  endfacet
  facet normal 0 -0.185121 -0.982716
    outer loop
      vertex 34 55.2126 -144.416
      vertex 37.2 55.2126 -144.416
      vertex 37.2 54.4641 -144.275
    endloop
  endfacet
  facet normal 0 -0.478015 -0.878352
    outer loop
      vertex 34 55.2273 -144.424
      vertex 37.2 55.2126 -144.416
      vertex 34 55.2126 -144.416
    endloop
  endfacet
  facet normal 0 -0.478015 -0.878352
    outer loop
      vertex 34 55.2273 -144.424
      vertex 37.2 55.2273 -144.424
      vertex 37.2 55.2126 -144.416
    endloop
  endfacet
  facet normal 0 -0.436079 -0.899908
    outer loop
      vertex 34 55.2727 -144.446
      vertex 37.2 55.2273 -144.424
      vertex 34 55.2273 -144.424
    endloop
  endfacet
  facet normal 0 -0.436079 -0.899908
    outer loop
      vertex 34 55.2727 -144.446
      vertex 37.2 55.2727 -144.446
      vertex 37.2 55.2273 -144.424
    endloop
  endfacet
  facet normal 0 -0.379973 -0.924997
    outer loop
      vertex 34 55.3506 -144.478
      vertex 37.2 55.2727 -144.446
      vertex 34 55.2727 -144.446
    endloop
  endfacet
  facet normal 0 -0.379973 -0.924997
    outer loop
      vertex 34 55.3506 -144.478
      vertex 37.2 55.3506 -144.478
      vertex 37.2 55.2727 -144.446
    endloop
  endfacet
  facet normal 0 -0.322588 -0.94654
    outer loop
      vertex 34 55.4621 -144.516
      vertex 37.2 55.3506 -144.478
      vertex 34 55.3506 -144.478
    endloop
  endfacet
  facet normal 0 -0.322588 -0.94654
    outer loop
      vertex 34 55.4621 -144.516
      vertex 37.2 55.4621 -144.516
      vertex 37.2 55.3506 -144.478
    endloop
  endfacet
  facet normal 0 -0.263731 -0.964596
    outer loop
      vertex 34 55.6084 -144.556
      vertex 37.2 55.4621 -144.516
      vertex 34 55.4621 -144.516
    endloop
  endfacet
  facet normal 0 -0.263731 -0.964596
    outer loop
      vertex 34 55.6084 -144.556
      vertex 37.2 55.6084 -144.556
      vertex 37.2 55.4621 -144.516
    endloop
  endfacet
  facet normal 0 -0.199854 -0.979826
    outer loop
      vertex 34 55.7898 -144.593
      vertex 37.2 55.6084 -144.556
      vertex 34 55.6084 -144.556
    endloop
  endfacet
  facet normal 0 -0.199854 -0.979826
    outer loop
      vertex 34 55.7898 -144.593
      vertex 37.2 55.7898 -144.593
      vertex 37.2 55.6084 -144.556
    endloop
  endfacet
  facet normal 0 -0.137132 -0.990553
    outer loop
      vertex 34 56.0065 -144.623
      vertex 37.2 55.7898 -144.593
      vertex 34 55.7898 -144.593
    endloop
  endfacet
  facet normal 0 -0.137132 -0.990553
    outer loop
      vertex 34 56.0065 -144.623
      vertex 37.2 56.0065 -144.623
      vertex 37.2 55.7898 -144.593
    endloop
  endfacet
  facet normal 0 -0.0752428 -0.997165
    outer loop
      vertex 34 56.2583 -144.642
      vertex 37.2 56.0065 -144.623
      vertex 34 56.0065 -144.623
    endloop
  endfacet
  facet normal 0 -0.0752428 -0.997165
    outer loop
      vertex 34 56.2583 -144.642
      vertex 37.2 56.2583 -144.642
      vertex 37.2 56.0065 -144.623
    endloop
  endfacet
  facet normal 0 -0.0139798 -0.999902
    outer loop
      vertex 34 56.5444 -144.646
      vertex 37.2 56.2583 -144.642
      vertex 34 56.2583 -144.642
    endloop
  endfacet
  facet normal 0 -0.0139798 -0.999902
    outer loop
      vertex 34 56.5444 -144.646
      vertex 37.2 56.5444 -144.646
      vertex 37.2 56.2583 -144.642
    endloop
  endfacet
  facet normal 0 0.0500312 -0.998748
    outer loop
      vertex 34 56.8638 -144.63
      vertex 37.2 56.5444 -144.646
      vertex 34 56.5444 -144.646
    endloop
  endfacet
  facet normal 0 0.0500312 -0.998748
    outer loop
      vertex 34 56.8638 -144.63
      vertex 37.2 56.8638 -144.63
      vertex 37.2 56.5444 -144.646
    endloop
  endfacet
  facet normal 0 0.899282 -0.43737
    outer loop
      vertex 34 57.1133 -144.117
      vertex 37.2 56.8638 -144.63
      vertex 34 56.8638 -144.63
    endloop
  endfacet
  facet normal 0 0.899282 -0.43737
    outer loop
      vertex 34 57.1133 -144.117
      vertex 37.2 57.1133 -144.117
      vertex 37.2 56.8638 -144.63
    endloop
  endfacet
  facet normal 0 0.817763 0.575555
    outer loop
      vertex 34 56.9289 -143.855
      vertex 37.2 57.1133 -144.117
      vertex 34 57.1133 -144.117
    endloop
  endfacet
  facet normal -0 0.817763 0.575555
    outer loop
      vertex 34 56.9289 -143.855
      vertex 37.2 56.9289 -143.855
      vertex 37.2 57.1133 -144.117
    endloop
  endfacet
  facet normal 0 0.779162 0.626823
    outer loop
      vertex 34 56.7495 -143.632
      vertex 37.2 56.9289 -143.855
      vertex 34 56.9289 -143.855
    endloop
  endfacet
  facet normal -0 0.779162 0.626823
    outer loop
      vertex 34 56.7495 -143.632
      vertex 37.2 56.7495 -143.632
      vertex 37.2 56.9289 -143.855
    endloop
  endfacet
  facet normal 0 0.737549 0.675294
    outer loop
      vertex 34 56.5792 -143.446
      vertex 37.2 56.7495 -143.632
      vertex 34 56.7495 -143.632
    endloop
  endfacet
  facet normal -0 0.737549 0.675294
    outer loop
      vertex 34 56.5792 -143.446
      vertex 37.2 56.5792 -143.446
      vertex 37.2 56.7495 -143.632
    endloop
  endfacet
  facet normal 0 0.694203 0.719779
    outer loop
      vertex 34 56.4216 -143.294
      vertex 37.2 56.5792 -143.446
      vertex 34 56.5792 -143.446
    endloop
  endfacet
  facet normal -0 0.694203 0.719779
    outer loop
      vertex 34 56.4216 -143.294
      vertex 37.2 56.4216 -143.294
      vertex 37.2 56.5792 -143.446
    endloop
  endfacet
  facet normal 0 0.647852 0.761766
    outer loop
      vertex 34 56.2805 -143.174
      vertex 37.2 56.4216 -143.294
      vertex 34 56.4216 -143.294
    endloop
  endfacet
  facet normal -0 0.647852 0.761766
    outer loop
      vertex 34 56.2805 -143.174
      vertex 37.2 56.2805 -143.174
      vertex 37.2 56.4216 -143.294
    endloop
  endfacet
  facet normal 0 0.595544 0.803323
    outer loop
      vertex 34 56.1591 -143.084
      vertex 37.2 56.2805 -143.174
      vertex 34 56.2805 -143.174
    endloop
  endfacet
  facet normal -0 0.595544 0.803323
    outer loop
      vertex 34 56.1591 -143.084
      vertex 37.2 56.1591 -143.084
      vertex 37.2 56.2805 -143.174
    endloop
  endfacet
  facet normal 0 0.550394 0.834905
    outer loop
      vertex 34 56.0605 -143.019
      vertex 37.2 56.1591 -143.084
      vertex 34 56.1591 -143.084
    endloop
  endfacet
  facet normal -0 0.550394 0.834905
    outer loop
      vertex 34 56.0605 -143.019
      vertex 37.2 56.0605 -143.019
      vertex 37.2 56.1591 -143.084
    endloop
  endfacet
  facet normal 0 0.488676 0.872465
    outer loop
      vertex 34 55.9873 -142.978
      vertex 37.2 56.0605 -143.019
      vertex 34 56.0605 -143.019
    endloop
  endfacet
  facet normal -0 0.488676 0.872465
    outer loop
      vertex 34 55.9873 -142.978
      vertex 37.2 55.9873 -142.978
      vertex 37.2 56.0605 -143.019
    endloop
  endfacet
  facet normal 0 0.436079 0.899908
    outer loop
      vertex 34 55.9419 -142.956
      vertex 37.2 55.9873 -142.978
      vertex 34 55.9873 -142.978
    endloop
  endfacet
  facet normal -0 0.436079 0.899908
    outer loop
      vertex 34 55.9419 -142.956
      vertex 37.2 55.9419 -142.956
      vertex 37.2 55.9873 -142.978
    endloop
  endfacet
  facet normal 0 0.411587 0.911371
    outer loop
      vertex 34 55.9264 -142.949
      vertex 37.2 55.9419 -142.956
      vertex 34 55.9419 -142.956
    endloop
  endfacet
  facet normal -0 0.411587 0.911371
    outer loop
      vertex 34 55.9264 -142.949
      vertex 37.2 55.9264 -142.949
      vertex 37.2 55.9419 -142.956
    endloop
  endfacet
  facet normal 0 0.658969 0.75217
    outer loop
      vertex 34 55.3534 -142.447
      vertex 37.2 55.9264 -142.949
      vertex 34 55.9264 -142.949
    endloop
  endfacet
  facet normal -0 0.658969 0.75217
    outer loop
      vertex 34 55.3534 -142.447
      vertex 37.2 55.3534 -142.447
      vertex 37.2 55.9264 -142.949
    endloop
  endfacet
  facet normal 0 -0.903278 0.429057
    outer loop
      vertex 34 55.3458 -142.463
      vertex 37.2 55.3534 -142.447
      vertex 34 55.3534 -142.447
    endloop
  endfacet
  facet normal 0 -0.903278 0.429057
    outer loop
      vertex 34 55.3458 -142.463
      vertex 37.2 55.3458 -142.463
      vertex 37.2 55.3534 -142.447
    endloop
  endfacet
  facet normal 0 0.953068 -0.302756
    outer loop
      vertex 34 55.4519 -142.129
      vertex 37.2 55.3458 -142.463
      vertex 34 55.3458 -142.463
    endloop
  endfacet
  facet normal 0 0.953068 -0.302756
    outer loop
      vertex 34 55.4519 -142.129
      vertex 37.2 55.4519 -142.129
      vertex 37.2 55.3458 -142.463
    endloop
  endfacet
  facet normal 0 0.969196 -0.24629
    outer loop
      vertex 34 55.5383 -141.789
      vertex 37.2 55.4519 -142.129
      vertex 34 55.4519 -142.129
    endloop
  endfacet
  facet normal 0 0.969196 -0.24629
    outer loop
      vertex 34 55.5383 -141.789
      vertex 37.2 55.5383 -141.789
      vertex 37.2 55.4519 -142.129
    endloop
  endfacet
  facet normal 0 -0.994441 0.105294
    outer loop
      vertex 34 55.5365 -141.806
      vertex 37.2 55.5383 -141.789
      vertex 34 55.5383 -141.789
    endloop
  endfacet
  facet normal 0 -0.994441 0.105294
    outer loop
      vertex 34 55.5365 -141.806
      vertex 37.2 55.5365 -141.806
      vertex 37.2 55.5383 -141.789
    endloop
  endfacet
  facet normal 0 0.161523 -0.986869
    outer loop
      vertex 34 56.288 -141.683
      vertex 37.2 55.5365 -141.806
      vertex 34 55.5365 -141.806
    endloop
  endfacet
  facet normal 0 0.161523 -0.986869
    outer loop
      vertex 34 56.288 -141.683
      vertex 37.2 56.288 -141.683
      vertex 37.2 55.5365 -141.806
    endloop
  endfacet
  facet normal 0 -0.17681 -0.984245
    outer loop
      vertex 34 56.3047 -141.686
      vertex 37.2 56.288 -141.683
      vertex 34 56.288 -141.683
    endloop
  endfacet
  facet normal 0 -0.17681 -0.984245
    outer loop
      vertex 34 56.3047 -141.686
      vertex 37.2 56.3047 -141.686
      vertex 37.2 56.288 -141.683
    endloop
  endfacet
  facet normal 0 -0.0991112 -0.995076
    outer loop
      vertex 34 56.3549 -141.691
      vertex 37.2 56.3047 -141.686
      vertex 34 56.3047 -141.686
    endloop
  endfacet
  facet normal 0 -0.0991112 -0.995076
    outer loop
      vertex 34 56.3549 -141.691
      vertex 37.2 56.3549 -141.691
      vertex 37.2 56.3047 -141.686
    endloop
  endfacet
  facet normal 0 -0.0356491 -0.999364
    outer loop
      vertex 34 56.439 -141.694
      vertex 37.2 56.3549 -141.691
      vertex 34 56.3549 -141.691
    endloop
  endfacet
  facet normal 0 -0.0356491 -0.999364
    outer loop
      vertex 34 56.439 -141.694
      vertex 37.2 56.439 -141.694
      vertex 37.2 56.3549 -141.691
    endloop
  endfacet
  facet normal 0 0.0169755 -0.999856
    outer loop
      vertex 34 56.5568 -141.692
      vertex 37.2 56.439 -141.694
      vertex 34 56.439 -141.694
    endloop
  endfacet
  facet normal 0 0.0169755 -0.999856
    outer loop
      vertex 34 56.5568 -141.692
      vertex 37.2 56.5568 -141.692
      vertex 37.2 56.439 -141.694
    endloop
  endfacet
  facet normal 0 0.0858318 -0.99631
    outer loop
      vertex 34 56.7077 -141.679
      vertex 37.2 56.5568 -141.692
      vertex 34 56.5568 -141.692
    endloop
  endfacet
  facet normal 0 0.0858318 -0.99631
    outer loop
      vertex 34 56.7077 -141.679
      vertex 37.2 56.7077 -141.679
      vertex 37.2 56.5568 -141.692
    endloop
  endfacet
  facet normal 0 0.145805 -0.989313
    outer loop
      vertex 34 56.8909 -141.652
      vertex 37.2 56.7077 -141.679
      vertex 34 56.7077 -141.679
    endloop
  endfacet
  facet normal 0 0.145805 -0.989313
    outer loop
      vertex 34 56.8909 -141.652
      vertex 37.2 56.8909 -141.652
      vertex 37.2 56.7077 -141.679
    endloop
  endfacet
  facet normal 0 0.210153 -0.977669
    outer loop
      vertex 34 57.1049 -141.606
      vertex 37.2 56.8909 -141.652
      vertex 34 56.8909 -141.652
    endloop
  endfacet
  facet normal 0 0.210153 -0.977669
    outer loop
      vertex 34 57.1049 -141.606
      vertex 37.2 57.1049 -141.606
      vertex 37.2 56.8909 -141.652
    endloop
  endfacet
  facet normal 0 0.269483 -0.963005
    outer loop
      vertex 34 57.3479 -141.538
      vertex 37.2 57.1049 -141.606
      vertex 34 57.1049 -141.606
    endloop
  endfacet
  facet normal 0 0.269483 -0.963005
    outer loop
      vertex 34 57.3479 -141.538
      vertex 37.2 57.3479 -141.538
      vertex 37.2 57.1049 -141.606
    endloop
  endfacet
  facet normal 0 0.331797 -0.943351
    outer loop
      vertex 34 57.618 -141.443
      vertex 37.2 57.3479 -141.538
      vertex 34 57.3479 -141.538
    endloop
  endfacet
  facet normal 0 0.331797 -0.943351
    outer loop
      vertex 34 57.618 -141.443
      vertex 37.2 57.618 -141.443
      vertex 37.2 57.3479 -141.538
    endloop
  endfacet
  facet normal 0 0.387945 -0.921682
    outer loop
      vertex 34 57.9126 -141.319
      vertex 37.2 57.618 -141.443
      vertex 34 57.618 -141.443
    endloop
  endfacet
  facet normal 0 0.387945 -0.921682
    outer loop
      vertex 34 57.9126 -141.319
      vertex 37.2 57.9126 -141.319
      vertex 37.2 57.618 -141.443
    endloop
  endfacet
  facet normal 0 0.99463 -0.103491
    outer loop
      vertex 34 57.9717 -140.751
      vertex 37.2 57.9126 -141.319
      vertex 34 57.9126 -141.319
    endloop
  endfacet
  facet normal 0 0.99463 -0.103491
    outer loop
      vertex 34 57.9717 -140.751
      vertex 37.2 57.9717 -140.751
      vertex 37.2 57.9126 -141.319
    endloop
  endfacet
  facet normal 0 0.569487 0.822001
    outer loop
      vertex 34 57.709 -140.569
      vertex 37.2 57.9717 -140.751
      vertex 34 57.9717 -140.751
    endloop
  endfacet
  facet normal -0 0.569487 0.822001
    outer loop
      vertex 34 57.709 -140.569
      vertex 37.2 57.709 -140.569
      vertex 37.2 57.9717 -140.751
    endloop
  endfacet
  facet normal 0 0.517372 0.855761
    outer loop
      vertex 34 57.4642 -140.421
      vertex 37.2 57.709 -140.569
      vertex 34 57.709 -140.569
    endloop
  endfacet
  facet normal -0 0.517372 0.855761
    outer loop
      vertex 34 57.4642 -140.421
      vertex 37.2 57.4642 -140.421
      vertex 37.2 57.709 -140.569
    endloop
  endfacet
  facet normal 0 0.463297 0.886203
    outer loop
      vertex 34 57.2404 -140.304
      vertex 37.2 57.4642 -140.421
      vertex 34 57.4642 -140.421
    endloop
  endfacet
  facet normal -0 0.463297 0.886203
    outer loop
      vertex 34 57.2404 -140.304
      vertex 37.2 57.2404 -140.304
      vertex 37.2 57.4642 -140.421
    endloop
  endfacet
  facet normal 0 0.406562 0.913623
    outer loop
      vertex 34 57.0404 -140.215
      vertex 37.2 57.2404 -140.304
      vertex 34 57.2404 -140.304
    endloop
  endfacet
  facet normal -0 0.406562 0.913623
    outer loop
      vertex 34 57.0404 -140.215
      vertex 37.2 57.0404 -140.215
      vertex 37.2 57.2404 -140.304
    endloop
  endfacet
  facet normal 0 0.345906 0.938269
    outer loop
      vertex 34 56.8668 -140.151
      vertex 37.2 57.0404 -140.215
      vertex 34 57.0404 -140.215
    endloop
  endfacet
  facet normal -0 0.345906 0.938269
    outer loop
      vertex 34 56.8668 -140.151
      vertex 37.2 56.8668 -140.151
      vertex 37.2 57.0404 -140.215
    endloop
  endfacet
  facet normal 0 0.290374 0.956913
    outer loop
      vertex 34 56.7218 -140.107
      vertex 37.2 56.8668 -140.151
      vertex 34 56.8668 -140.151
    endloop
  endfacet
  facet normal -0 0.290374 0.956913
    outer loop
      vertex 34 56.7218 -140.107
      vertex 37.2 56.7218 -140.107
      vertex 37.2 56.8668 -140.151
    endloop
  endfacet
  facet normal 0 0.228945 0.973439
    outer loop
      vertex 34 56.607 -140.08
      vertex 37.2 56.7218 -140.107
      vertex 34 56.7218 -140.107
    endloop
  endfacet
  facet normal -0 0.228945 0.973439
    outer loop
      vertex 34 56.607 -140.08
      vertex 37.2 56.607 -140.08
      vertex 37.2 56.7218 -140.107
    endloop
  endfacet
  facet normal 0 0.166325 0.986071
    outer loop
      vertex 34 56.524 -140.066
      vertex 37.2 56.607 -140.08
      vertex 34 56.607 -140.08
    endloop
  endfacet
  facet normal -0 0.166325 0.986071
    outer loop
      vertex 34 56.524 -140.066
      vertex 37.2 56.524 -140.066
      vertex 37.2 56.607 -140.08
    endloop
  endfacet
  facet normal 0 0.0991112 0.995076
    outer loop
      vertex 34 56.4738 -140.061
      vertex 37.2 56.524 -140.066
      vertex 34 56.524 -140.066
    endloop
  endfacet
  facet normal -0 0.0991112 0.995076
    outer loop
      vertex 34 56.4738 -140.061
      vertex 37.2 56.4738 -140.061
      vertex 37.2 56.524 -140.066
    endloop
  endfacet
  facet normal 0 0.0594186 0.998233
    outer loop
      vertex 34 56.457 -140.06
      vertex 37.2 56.4738 -140.061
      vertex 34 56.4738 -140.061
    endloop
  endfacet
  facet normal -0 0.0594186 0.998233
    outer loop
      vertex 34 56.457 -140.06
      vertex 37.2 56.457 -140.06
      vertex 37.2 56.4738 -140.061
    endloop
  endfacet
  facet normal 0 0.361178 0.932497
    outer loop
      vertex 34 55.747 -139.785
      vertex 37.2 56.457 -140.06
      vertex 34 56.457 -140.06
    endloop
  endfacet
  facet normal -0 0.361178 0.932497
    outer loop
      vertex 34 55.747 -139.785
      vertex 37.2 55.747 -139.785
      vertex 37.2 56.457 -140.06
    endloop
  endfacet
  facet normal 0 -0.994441 0.105294
    outer loop
      vertex 34 55.7452 -139.802
      vertex 37.2 55.747 -139.785
      vertex 34 55.747 -139.785
    endloop
  endfacet
  facet normal 0 -0.994441 0.105294
    outer loop
      vertex 34 55.7452 -139.802
      vertex 37.2 55.7452 -139.802
      vertex 37.2 55.747 -139.785
    endloop
  endfacet
  facet normal 0 0.999131 0.041678
    outer loop
      vertex 34 55.7306 -139.452
      vertex 37.2 55.7452 -139.802
      vertex 34 55.7452 -139.802
    endloop
  endfacet
  facet normal -0 0.999131 0.041678
    outer loop
      vertex 34 55.7306 -139.452
      vertex 37.2 55.7306 -139.452
      vertex 37.2 55.7452 -139.802
    endloop
  endfacet
  facet normal 0 0.995009 0.099786
    outer loop
      vertex 34 55.6956 -139.103
      vertex 37.2 55.7306 -139.452
      vertex 34 55.7306 -139.452
    endloop
  endfacet
  facet normal -0 0.995009 0.099786
    outer loop
      vertex 34 55.6956 -139.103
      vertex 37.2 55.6956 -139.103
      vertex 37.2 55.7306 -139.452
    endloop
  endfacet
  facet normal 0 -0.969468 -0.245218
    outer loop
      vertex 34 55.6999 -139.12
      vertex 37.2 55.6956 -139.103
      vertex 34 55.6956 -139.103
    endloop
  endfacet
  facet normal 0 -0.969468 -0.245218
    outer loop
      vertex 34 55.6999 -139.12
      vertex 37.2 55.6999 -139.12
      vertex 37.2 55.6956 -139.103
    endloop
  endfacet
  facet normal 0 0.489762 -0.871856
    outer loop
      vertex 34 56.3639 -138.747
      vertex 37.2 55.6999 -139.12
      vertex 34 55.6999 -139.12
    endloop
  endfacet
  facet normal 0 0.489762 -0.871856
    outer loop
      vertex 34 56.3639 -138.747
      vertex 37.2 56.3639 -138.747
      vertex 37.2 55.6999 -139.12
    endloop
  endfacet
  facet normal 0 0.178885 -0.98387
    outer loop
      vertex 34 56.3804 -138.744
      vertex 37.2 56.3639 -138.747
      vertex 34 56.3639 -138.747
    endloop
  endfacet
  facet normal 0 0.178885 -0.98387
    outer loop
      vertex 34 56.3804 -138.744
      vertex 37.2 56.3804 -138.744
      vertex 37.2 56.3639 -138.747
    endloop
  endfacet
  facet normal 0 0.256435 -0.966562
    outer loop
      vertex 34 56.4294 -138.731
      vertex 37.2 56.3804 -138.744
      vertex 34 56.3804 -138.744
    endloop
  endfacet
  facet normal 0 0.256435 -0.966562
    outer loop
      vertex 34 56.4294 -138.731
      vertex 37.2 56.4294 -138.731
      vertex 37.2 56.3804 -138.744
    endloop
  endfacet
  facet normal 0 0.297597 -0.954692
    outer loop
      vertex 34 56.5096 -138.706
      vertex 37.2 56.4294 -138.731
      vertex 34 56.4294 -138.731
    endloop
  endfacet
  facet normal 0 0.297597 -0.954692
    outer loop
      vertex 34 56.5096 -138.706
      vertex 37.2 56.5096 -138.706
      vertex 37.2 56.4294 -138.731
    endloop
  endfacet
  facet normal 0 0.364655 -0.931143
    outer loop
      vertex 34 56.6194 -138.663
      vertex 37.2 56.5096 -138.706
      vertex 34 56.5096 -138.706
    endloop
  endfacet
  facet normal 0 0.364655 -0.931143
    outer loop
      vertex 34 56.6194 -138.663
      vertex 37.2 56.6194 -138.663
      vertex 37.2 56.5096 -138.706
    endloop
  endfacet
  facet normal 0 0.422235 -0.906486
    outer loop
      vertex 34 56.7568 -138.599
      vertex 37.2 56.6194 -138.663
      vertex 34 56.6194 -138.663
    endloop
  endfacet
  facet normal 0 0.422235 -0.906486
    outer loop
      vertex 34 56.7568 -138.599
      vertex 37.2 56.7568 -138.599
      vertex 37.2 56.6194 -138.663
    endloop
  endfacet
  facet normal 0 0.475517 -0.879707
    outer loop
      vertex 34 56.9196 -138.511
      vertex 37.2 56.7568 -138.599
      vertex 34 56.7568 -138.599
    endloop
  endfacet
  facet normal 0 0.475517 -0.879707
    outer loop
      vertex 34 56.9196 -138.511
      vertex 37.2 56.9196 -138.511
      vertex 37.2 56.7568 -138.599
    endloop
  endfacet
  facet normal 0 0.53041 -0.847741
    outer loop
      vertex 34 57.105 -138.395
      vertex 37.2 56.9196 -138.511
      vertex 34 56.9196 -138.511
    endloop
  endfacet
  facet normal 0 0.53041 -0.847741
    outer loop
      vertex 34 57.105 -138.395
      vertex 37.2 57.105 -138.395
      vertex 37.2 56.9196 -138.511
    endloop
  endfacet
  facet normal 0 0.582549 -0.812795
    outer loop
      vertex 34 57.3101 -138.248
      vertex 37.2 57.105 -138.395
      vertex 34 57.105 -138.395
    endloop
  endfacet
  facet normal 0 0.582549 -0.812795
    outer loop
      vertex 34 57.3101 -138.248
      vertex 37.2 57.3101 -138.248
      vertex 37.2 57.105 -138.395
    endloop
  endfacet
  facet normal 0 0.632762 -0.774347
    outer loop
      vertex 34 57.5316 -138.067
      vertex 37.2 57.3101 -138.248
      vertex 34 57.3101 -138.248
    endloop
  endfacet
  facet normal 0 0.632762 -0.774347
    outer loop
      vertex 34 57.5316 -138.067
      vertex 37.2 57.5316 -138.067
      vertex 37.2 57.3101 -138.248
    endloop
  endfacet
  facet normal 0 0.681182 -0.732114
    outer loop
      vertex 34 57.7659 -137.849
      vertex 37.2 57.5316 -138.067
      vertex 34 57.5316 -138.067
    endloop
  endfacet
  facet normal 0 0.681182 -0.732114
    outer loop
      vertex 34 57.7659 -137.849
      vertex 37.2 57.7659 -137.849
      vertex 37.2 57.5316 -138.067
    endloop
  endfacet
  facet normal 0 0.969998 0.243113
    outer loop
      vertex 34 57.6273 -137.296
      vertex 37.2 57.7659 -137.849
      vertex 34 57.7659 -137.849
    endloop
  endfacet
  facet normal -0 0.969998 0.243113
    outer loop
      vertex 34 57.6273 -137.296
      vertex 37.2 57.6273 -137.296
      vertex 37.2 57.7659 -137.849
    endloop
  endfacet
  facet normal 0 0.256339 0.966587
    outer loop
      vertex 34 57.3181 -137.214
      vertex 37.2 57.6273 -137.296
      vertex 34 57.6273 -137.296
    endloop
  endfacet
  facet normal -0 0.256339 0.966587
    outer loop
      vertex 34 57.3181 -137.214
      vertex 37.2 57.3181 -137.214
      vertex 37.2 57.6273 -137.296
    endloop
  endfacet
  facet normal 0 0.195646 0.980675
    outer loop
      vertex 34 57.0374 -137.158
      vertex 37.2 57.3181 -137.214
      vertex 34 57.3181 -137.214
    endloop
  endfacet
  facet normal -0 0.195646 0.980675
    outer loop
      vertex 34 57.0374 -137.158
      vertex 37.2 57.0374 -137.158
      vertex 37.2 57.3181 -137.214
    endloop
  endfacet
  facet normal 0 0.130711 0.991421
    outer loop
      vertex 34 56.7871 -137.125
      vertex 37.2 57.0374 -137.158
      vertex 34 57.0374 -137.158
    endloop
  endfacet
  facet normal -0 0.130711 0.991421
    outer loop
      vertex 34 56.7871 -137.125
      vertex 37.2 56.7871 -137.125
      vertex 37.2 57.0374 -137.158
    endloop
  endfacet
  facet normal 0 0.0685511 0.997648
    outer loop
      vertex 34 56.5688 -137.11
      vertex 37.2 56.7871 -137.125
      vertex 34 56.7871 -137.125
    endloop
  endfacet
  facet normal -0 0.0685511 0.997648
    outer loop
      vertex 34 56.5688 -137.11
      vertex 37.2 56.5688 -137.11
      vertex 37.2 56.7871 -137.125
    endloop
  endfacet
  facet normal 0 0.00540241 0.999985
    outer loop
      vertex 34 56.3837 -137.109
      vertex 37.2 56.5688 -137.11
      vertex 34 56.5688 -137.11
    endloop
  endfacet
  facet normal -0 0.00540241 0.999985
    outer loop
      vertex 34 56.3837 -137.109
      vertex 37.2 56.3837 -137.109
      vertex 37.2 56.5688 -137.11
    endloop
  endfacet
  facet normal 0 -0.0593795 0.998235
    outer loop
      vertex 34 56.2324 -137.118
      vertex 37.2 56.3837 -137.109
      vertex 34 56.3837 -137.109
    endloop
  endfacet
  facet normal 0 -0.0593795 0.998235
    outer loop
      vertex 34 56.2324 -137.118
      vertex 37.2 56.2324 -137.118
      vertex 37.2 56.3837 -137.109
    endloop
  endfacet
  facet normal 0 -0.118811 0.992917
    outer loop
      vertex 34 56.1154 -137.132
      vertex 37.2 56.2324 -137.118
      vertex 34 56.2324 -137.118
    endloop
  endfacet
  facet normal 0 -0.118811 0.992917
    outer loop
      vertex 34 56.1154 -137.132
      vertex 37.2 56.1154 -137.132
      vertex 37.2 56.2324 -137.118
    endloop
  endfacet
  facet normal 0 -0.178467 0.983946
    outer loop
      vertex 34 56.0327 -137.147
      vertex 37.2 56.1154 -137.132
      vertex 34 56.1154 -137.132
    endloop
  endfacet
  facet normal 0 -0.178467 0.983946
    outer loop
      vertex 34 56.0327 -137.147
      vertex 37.2 56.0327 -137.147
      vertex 37.2 56.1154 -137.132
    endloop
  endfacet
  facet normal 0 -0.237869 0.971297
    outer loop
      vertex 34 55.9837 -137.159
      vertex 37.2 56.0327 -137.147
      vertex 34 56.0327 -137.147
    endloop
  endfacet
  facet normal 0 -0.237869 0.971297
    outer loop
      vertex 34 55.9837 -137.159
      vertex 37.2 55.9837 -137.159
      vertex 37.2 56.0327 -137.147
    endloop
  endfacet
  facet normal 0 -0.296586 0.955006
    outer loop
      vertex 34 55.9676 -137.164
      vertex 37.2 55.9837 -137.159
      vertex 34 55.9837 -137.159
    endloop
  endfacet
  facet normal 0 -0.296586 0.955006
    outer loop
      vertex 34 55.9676 -137.164
      vertex 37.2 55.9676 -137.164
      vertex 37.2 55.9837 -137.159
    endloop
  endfacet
  facet normal 0 0.0210093 0.999779
    outer loop
      vertex 34 55.2062 -137.148
      vertex 37.2 55.9676 -137.164
      vertex 34 55.9676 -137.164
    endloop
  endfacet
  facet normal -0 0.0210093 0.999779
    outer loop
      vertex 34 55.2062 -137.148
      vertex 37.2 55.2062 -137.148
      vertex 37.2 55.9676 -137.164
    endloop
  endfacet
  facet normal 0 -0.970811 -0.239847
    outer loop
      vertex 34 55.2104 -137.165
      vertex 37.2 55.2062 -137.148
      vertex 34 55.2062 -137.148
    endloop
  endfacet
  facet normal 0 -0.970811 -0.239847
    outer loop
      vertex 34 55.2104 -137.165
      vertex 37.2 55.2104 -137.165
      vertex 37.2 55.2062 -137.148
    endloop
  endfacet
  facet normal 0 0.924589 0.380965
    outer loop
      vertex 34 55.0769 -136.841
      vertex 37.2 55.2104 -137.165
      vertex 34 55.2104 -137.165
    endloop
  endfacet
  facet normal -0 0.924589 0.380965
    outer loop
      vertex 34 55.0769 -136.841
      vertex 37.2 55.0769 -136.841
      vertex 37.2 55.2104 -137.165
    endloop
  endfacet
  facet normal 0 0.900944 0.433936
    outer loop
      vertex 34 54.9247 -136.525
      vertex 37.2 55.0769 -136.841
      vertex 34 55.0769 -136.841
    endloop
  endfacet
  facet normal -0 0.900944 0.433936
    outer loop
      vertex 34 54.9247 -136.525
      vertex 37.2 54.9247 -136.525
      vertex 37.2 55.0769 -136.841
    endloop
  endfacet
  facet normal 0 -0.819232 -0.573462
    outer loop
      vertex 34 54.9345 -136.539
      vertex 37.2 54.9247 -136.525
      vertex 34 54.9247 -136.525
    endloop
  endfacet
  facet normal 0 -0.819232 -0.573462
    outer loop
      vertex 34 54.9345 -136.539
      vertex 37.2 54.9345 -136.539
      vertex 37.2 54.9247 -136.525
    endloop
  endfacet
  facet normal 0 0.758068 -0.652175
    outer loop
      vertex 34 55.4309 -135.962
      vertex 37.2 54.9345 -136.539
      vertex 34 54.9345 -136.539
    endloop
  endfacet
  facet normal 0 0.758068 -0.652175
    outer loop
      vertex 34 55.4309 -135.962
      vertex 37.2 55.4309 -135.962
      vertex 37.2 54.9345 -136.539
    endloop
  endfacet
  facet normal 0 0.529999 -0.847998
    outer loop
      vertex 34 55.4453 -135.953
      vertex 37.2 55.4309 -135.962
      vertex 34 55.4309 -135.962
    endloop
  endfacet
  facet normal 0 0.529999 -0.847998
    outer loop
      vertex 34 55.4453 -135.953
      vertex 37.2 55.4453 -135.953
      vertex 37.2 55.4309 -135.962
    endloop
  endfacet
  facet normal 0 0.556534 -0.830825
    outer loop
      vertex 34 55.4871 -135.925
      vertex 37.2 55.4453 -135.953
      vertex 34 55.4453 -135.953
    endloop
  endfacet
  facet normal 0 0.556534 -0.830825
    outer loop
      vertex 34 55.4871 -135.925
      vertex 37.2 55.4871 -135.925
      vertex 37.2 55.4453 -135.953
    endloop
  endfacet
  facet normal 0 0.615414 -0.788204
    outer loop
      vertex 34 55.5537 -135.873
      vertex 37.2 55.4871 -135.925
      vertex 34 55.4871 -135.925
    endloop
  endfacet
  facet normal 0 0.615414 -0.788204
    outer loop
      vertex 34 55.5537 -135.873
      vertex 37.2 55.5537 -135.873
      vertex 37.2 55.4871 -135.925
    endloop
  endfacet
  facet normal 0 0.655968 -0.754789
    outer loop
      vertex 34 55.6423 -135.796
      vertex 37.2 55.5537 -135.873
      vertex 34 55.5537 -135.873
    endloop
  endfacet
  facet normal 0 0.655968 -0.754789
    outer loop
      vertex 34 55.6423 -135.796
      vertex 37.2 55.6423 -135.796
      vertex 37.2 55.5537 -135.873
    endloop
  endfacet
  facet normal 0 0.705786 -0.708425
    outer loop
      vertex 34 55.7497 -135.689
      vertex 37.2 55.6423 -135.796
      vertex 34 55.6423 -135.796
    endloop
  endfacet
  facet normal 0 0.705786 -0.708425
    outer loop
      vertex 34 55.7497 -135.689
      vertex 37.2 55.7497 -135.689
      vertex 37.2 55.6423 -135.796
    endloop
  endfacet
  facet normal 0 0.749429 -0.662085
    outer loop
      vertex 34 55.8725 -135.55
      vertex 37.2 55.7497 -135.689
      vertex 34 55.7497 -135.689
    endloop
  endfacet
  facet normal 0 0.749429 -0.662085
    outer loop
      vertex 34 55.8725 -135.55
      vertex 37.2 55.8725 -135.55
      vertex 37.2 55.7497 -135.689
    endloop
  endfacet
  facet normal 0 0.787747 -0.615999
    outer loop
      vertex 34 56.007 -135.378
      vertex 37.2 55.8725 -135.55
      vertex 34 55.8725 -135.55
    endloop
  endfacet
  facet normal 0 0.787747 -0.615999
    outer loop
      vertex 34 56.007 -135.378
      vertex 37.2 56.007 -135.378
      vertex 37.2 55.8725 -135.55
    endloop
  endfacet
  facet normal 0 0.826411 -0.563067
    outer loop
      vertex 34 56.1494 -135.169
      vertex 37.2 56.007 -135.378
      vertex 34 56.007 -135.378
    endloop
  endfacet
  facet normal 0 0.826411 -0.563067
    outer loop
      vertex 34 56.1494 -135.169
      vertex 37.2 56.1494 -135.169
      vertex 37.2 56.007 -135.378
    endloop
  endfacet
  facet normal 0 0.859797 -0.510636
    outer loop
      vertex 34 56.2955 -134.923
      vertex 37.2 56.1494 -135.169
      vertex 34 56.1494 -135.169
    endloop
  endfacet
  facet normal 0 0.859797 -0.510636
    outer loop
      vertex 34 56.2955 -134.923
      vertex 37.2 56.2955 -134.923
      vertex 37.2 56.1494 -135.169
    endloop
  endfacet
  facet normal 0 0.889742 -0.456463
    outer loop
      vertex 34 56.4412 -134.639
      vertex 37.2 56.2955 -134.923
      vertex 34 56.2955 -134.923
    endloop
  endfacet
  facet normal 0 0.889742 -0.456463
    outer loop
      vertex 34 56.4412 -134.639
      vertex 37.2 56.4412 -134.639
      vertex 37.2 56.2955 -134.923
    endloop
  endfacet
  facet normal 0 0.828747 0.559623
    outer loop
      vertex 34 56.1218 -134.166
      vertex 37.2 56.4412 -134.639
      vertex 34 56.4412 -134.639
    endloop
  endfacet
  facet normal -0 0.828747 0.559623
    outer loop
      vertex 34 56.1218 -134.166
      vertex 37.2 56.1218 -134.166
      vertex 37.2 56.4412 -134.639
    endloop
  endfacet
  facet normal 0 -0.0906767 0.99588
    outer loop
      vertex 34 55.8033 -134.195
      vertex 37.2 56.1218 -134.166
      vertex 34 56.1218 -134.166
    endloop
  endfacet
  facet normal 0 -0.0906767 0.99588
    outer loop
      vertex 34 55.8033 -134.195
      vertex 37.2 55.8033 -134.195
      vertex 37.2 56.1218 -134.166
    endloop
  endfacet
  facet normal 0 -0.153737 0.988112
    outer loop
      vertex 34 55.5205 -134.239
      vertex 37.2 55.8033 -134.195
      vertex 34 55.8033 -134.195
    endloop
  endfacet
  facet normal 0 -0.153737 0.988112
    outer loop
      vertex 34 55.5205 -134.239
      vertex 37.2 55.5205 -134.239
      vertex 37.2 55.8033 -134.195
    endloop
  endfacet
  facet normal 0 -0.213992 0.976835
    outer loop
      vertex 34 55.274 -134.293
      vertex 37.2 55.5205 -134.239
      vertex 34 55.5205 -134.239
    endloop
  endfacet
  facet normal 0 -0.213992 0.976835
    outer loop
      vertex 34 55.274 -134.293
      vertex 37.2 55.274 -134.293
      vertex 37.2 55.5205 -134.239
    endloop
  endfacet
  facet normal 0 -0.278579 0.960413
    outer loop
      vertex 34 55.0637 -134.354
      vertex 37.2 55.274 -134.293
      vertex 34 55.274 -134.293
    endloop
  endfacet
  facet normal 0 -0.278579 0.960413
    outer loop
      vertex 34 55.0637 -134.354
      vertex 37.2 55.0637 -134.354
      vertex 37.2 55.274 -134.293
    endloop
  endfacet
  facet normal 0 -0.334967 0.94223
    outer loop
      vertex 34 54.8893 -134.416
      vertex 37.2 55.0637 -134.354
      vertex 34 55.0637 -134.354
    endloop
  endfacet
  facet normal 0 -0.334967 0.94223
    outer loop
      vertex 34 54.8893 -134.416
      vertex 37.2 54.8893 -134.416
      vertex 37.2 55.0637 -134.354
    endloop
  endfacet
  facet normal 0 -0.395829 0.918324
    outer loop
      vertex 34 54.7501 -134.476
      vertex 37.2 54.8893 -134.416
      vertex 34 54.8893 -134.416
    endloop
  endfacet
  facet normal 0 -0.395829 0.918324
    outer loop
      vertex 34 54.7501 -134.476
      vertex 37.2 54.7501 -134.476
      vertex 37.2 54.8893 -134.416
    endloop
  endfacet
  facet normal 0 -0.450269 0.892893
    outer loop
      vertex 34 54.645 -134.529
      vertex 37.2 54.7501 -134.476
      vertex 34 54.7501 -134.476
    endloop
  endfacet
  facet normal 0 -0.450269 0.892893
    outer loop
      vertex 34 54.645 -134.529
      vertex 37.2 54.645 -134.529
      vertex 37.2 54.7501 -134.476
    endloop
  endfacet
  facet normal 0 -0.510128 0.860099
    outer loop
      vertex 34 54.5725 -134.572
      vertex 37.2 54.645 -134.529
      vertex 34 54.645 -134.529
    endloop
  endfacet
  facet normal 0 -0.510128 0.860099
    outer loop
      vertex 34 54.5725 -134.572
      vertex 37.2 54.5725 -134.572
      vertex 37.2 54.645 -134.529
    endloop
  endfacet
  facet normal 0 -0.555616 0.831439
    outer loop
      vertex 34 54.5306 -134.6
      vertex 37.2 54.5725 -134.572
      vertex 34 54.5725 -134.572
    endloop
  endfacet
  facet normal 0 -0.555616 0.831439
    outer loop
      vertex 34 54.5306 -134.6
      vertex 37.2 54.5306 -134.6
      vertex 37.2 54.5725 -134.572
    endloop
  endfacet
  facet normal 0 -0.595228 0.803557
    outer loop
      vertex 34 54.5171 -134.61
      vertex 37.2 54.5306 -134.6
      vertex 34 54.5306 -134.6
    endloop
  endfacet
  facet normal 0 -0.595228 0.803557
    outer loop
      vertex 34 54.5171 -134.61
      vertex 37.2 54.5171 -134.61
      vertex 37.2 54.5306 -134.6
    endloop
  endfacet
  facet normal 0 -0.321738 0.946829
    outer loop
      vertex 34 53.7961 -134.855
      vertex 37.2 54.5171 -134.61
      vertex 34 54.5171 -134.61
    endloop
  endfacet
  facet normal 0 -0.321738 0.946829
    outer loop
      vertex 34 53.7961 -134.855
      vertex 37.2 53.7961 -134.855
      vertex 37.2 54.5171 -134.61
    endloop
  endfacet
  facet normal 0 -0.837166 -0.546949
    outer loop
      vertex 34 53.8059 -134.87
      vertex 37.2 53.7961 -134.855
      vertex 34 53.7961 -134.855
    endloop
  endfacet
  facet normal 0 -0.837166 -0.546949
    outer loop
      vertex 34 53.8059 -134.87
      vertex 37.2 53.8059 -134.87
      vertex 37.2 53.7961 -134.855
    endloop
  endfacet
  facet normal 0 0.738739 0.673992
    outer loop
      vertex 34 53.5696 -134.611
      vertex 37.2 53.8059 -134.87
      vertex 34 53.8059 -134.87
    endloop
  endfacet
  facet normal -0 0.738739 0.673992
    outer loop
      vertex 34 53.5696 -134.611
      vertex 37.2 53.5696 -134.611
      vertex 37.2 53.8059 -134.87
    endloop
  endfacet
  facet normal 0 0.698502 0.715608
    outer loop
      vertex 34 53.3186 -134.366
      vertex 37.2 53.5696 -134.611
      vertex 34 53.5696 -134.611
    endloop
  endfacet
  facet normal -0 0.698502 0.715608
    outer loop
      vertex 34 53.3186 -134.366
      vertex 37.2 53.3186 -134.366
      vertex 37.2 53.5696 -134.611
    endloop
  endfacet
  facet normal 0 -0.578499 -0.815683
    outer loop
      vertex 34 53.3327 -134.376
      vertex 37.2 53.3186 -134.366
      vertex 34 53.3186 -134.366
    endloop
  endfacet
  facet normal 0 -0.578499 -0.815683
    outer loop
      vertex 34 53.3327 -134.376
      vertex 37.2 53.3327 -134.376
      vertex 37.2 53.3186 -134.366
    endloop
  endfacet
  facet normal 0 0.935506 -0.353311
    outer loop
      vertex 34 53.6016 -133.664
      vertex 37.2 53.3327 -134.376
      vertex 34 53.3327 -134.376
    endloop
  endfacet
  facet normal 0 0.935506 -0.353311
    outer loop
      vertex 34 53.6016 -133.664
      vertex 37.2 53.6016 -133.664
      vertex 37.2 53.3327 -134.376
    endloop
  endfacet
  facet normal 0 0.775019 -0.631938
    outer loop
      vertex 34 53.6122 -133.651
      vertex 37.2 53.6016 -133.664
      vertex 34 53.6016 -133.664
    endloop
  endfacet
  facet normal 0 0.775019 -0.631938
    outer loop
      vertex 34 53.6122 -133.651
      vertex 37.2 53.6122 -133.651
      vertex 37.2 53.6016 -133.664
    endloop
  endfacet
  facet normal 0 0.810784 -0.585346
    outer loop
      vertex 34 53.6418 -133.61
      vertex 37.2 53.6122 -133.651
      vertex 34 53.6122 -133.651
    endloop
  endfacet
  facet normal 0 0.810784 -0.585346
    outer loop
      vertex 34 53.6418 -133.61
      vertex 37.2 53.6418 -133.61
      vertex 37.2 53.6122 -133.651
    endloop
  endfacet
  facet normal 0 0.84464 -0.535335
    outer loop
      vertex 34 53.6868 -133.539
      vertex 37.2 53.6418 -133.61
      vertex 34 53.6418 -133.61
    endloop
  endfacet
  facet normal 0 0.84464 -0.535335
    outer loop
      vertex 34 53.6868 -133.539
      vertex 37.2 53.6868 -133.539
      vertex 37.2 53.6418 -133.61
    endloop
  endfacet
  facet normal 0 0.877992 -0.478675
    outer loop
      vertex 34 53.7435 -133.435
      vertex 37.2 53.6868 -133.539
      vertex 34 53.6868 -133.539
    endloop
  endfacet
  facet normal 0 0.877992 -0.478675
    outer loop
      vertex 34 53.7435 -133.435
      vertex 37.2 53.7435 -133.435
      vertex 37.2 53.6868 -133.539
    endloop
  endfacet
  facet normal 0 0.905253 -0.424874
    outer loop
      vertex 34 53.8078 -133.298
      vertex 37.2 53.7435 -133.435
      vertex 34 53.7435 -133.435
    endloop
  endfacet
  facet normal 0 0.905253 -0.424874
    outer loop
      vertex 34 53.8078 -133.298
      vertex 37.2 53.8078 -133.298
      vertex 37.2 53.7435 -133.435
    endloop
  endfacet
  facet normal 0 0.929961 -0.367659
    outer loop
      vertex 34 53.8758 -133.126
      vertex 37.2 53.8078 -133.298
      vertex 34 53.8078 -133.298
    endloop
  endfacet
  facet normal 0 0.929961 -0.367659
    outer loop
      vertex 34 53.8758 -133.126
      vertex 37.2 53.8758 -133.126
      vertex 37.2 53.8078 -133.298
    endloop
  endfacet
  facet normal 0 0.951303 -0.308259
    outer loop
      vertex 34 53.9432 -132.918
      vertex 37.2 53.8758 -133.126
      vertex 34 53.8758 -133.126
    endloop
  endfacet
  facet normal 0 0.951303 -0.308259
    outer loop
      vertex 34 53.9432 -132.918
      vertex 37.2 53.9432 -132.918
      vertex 37.2 53.8758 -133.126
    endloop
  endfacet
  facet normal 0 0.968968 -0.247186
    outer loop
      vertex 34 54.0057 -132.673
      vertex 37.2 53.9432 -132.918
      vertex 34 53.9432 -132.918
    endloop
  endfacet
  facet normal 0 0.968968 -0.247186
    outer loop
      vertex 34 54.0057 -132.673
      vertex 37.2 54.0057 -132.673
      vertex 37.2 53.9432 -132.918
    endloop
  endfacet
  facet normal 0 0.982546 -0.186019
    outer loop
      vertex 34 54.0589 -132.392
      vertex 37.2 54.0057 -132.673
      vertex 34 54.0057 -132.673
    endloop
  endfacet
  facet normal 0 0.982546 -0.186019
    outer loop
      vertex 34 54.0589 -132.392
      vertex 37.2 54.0589 -132.392
      vertex 37.2 54.0057 -132.673
    endloop
  endfacet
  facet normal 0 0.992326 -0.123649
    outer loop
      vertex 34 54.0984 -132.075
      vertex 37.2 54.0589 -132.392
      vertex 34 54.0589 -132.392
    endloop
  endfacet
  facet normal 0 0.992326 -0.123649
    outer loop
      vertex 34 54.0984 -132.075
      vertex 37.2 54.0984 -132.075
      vertex 37.2 54.0589 -132.392
    endloop
  endfacet
  facet normal 0 0.587192 0.809448
    outer loop
      vertex 34 53.6366 -131.74
      vertex 37.2 54.0984 -132.075
      vertex 34 54.0984 -132.075
    endloop
  endfacet
  facet normal -0 0.587192 0.809448
    outer loop
      vertex 34 53.6366 -131.74
      vertex 37.2 53.6366 -131.74
      vertex 37.2 54.0984 -132.075
    endloop
  endfacet
  facet normal 0 -0.425315 0.905045
    outer loop
      vertex 34 53.3472 -131.876
      vertex 37.2 53.6366 -131.74
      vertex 34 53.6366 -131.74
    endloop
  endfacet
  facet normal 0 -0.425315 0.905045
    outer loop
      vertex 34 53.3472 -131.876
      vertex 37.2 53.3472 -131.876
      vertex 37.2 53.6366 -131.74
    endloop
  endfacet
  facet normal 0 -0.482227 0.876046
    outer loop
      vertex 34 53.0965 -132.014
      vertex 37.2 53.3472 -131.876
      vertex 34 53.3472 -131.876
    endloop
  endfacet
  facet normal 0 -0.482227 0.876046
    outer loop
      vertex 34 53.0965 -132.014
      vertex 37.2 53.0965 -132.014
      vertex 37.2 53.3472 -131.876
    endloop
  endfacet
  facet normal 0 -0.538155 0.842846
    outer loop
      vertex 34 52.8835 -132.15
      vertex 37.2 53.0965 -132.014
      vertex 34 53.0965 -132.014
    endloop
  endfacet
  facet normal 0 -0.538155 0.842846
    outer loop
      vertex 34 52.8835 -132.15
      vertex 37.2 52.8835 -132.15
      vertex 37.2 53.0965 -132.014
    endloop
  endfacet
  facet normal 0 -0.586209 0.81016
    outer loop
      vertex 34 52.7066 -132.278
      vertex 37.2 52.8835 -132.15
      vertex 34 52.8835 -132.15
    endloop
  endfacet
  facet normal 0 -0.586209 0.81016
    outer loop
      vertex 34 52.7066 -132.278
      vertex 37.2 52.7066 -132.278
      vertex 37.2 52.8835 -132.15
    endloop
  endfacet
  facet normal 0 -0.637523 0.770431
    outer loop
      vertex 34 52.564 -132.396
      vertex 37.2 52.7066 -132.278
      vertex 34 52.7066 -132.278
    endloop
  endfacet
  facet normal 0 -0.637523 0.770431
    outer loop
      vertex 34 52.564 -132.396
      vertex 37.2 52.564 -132.396
      vertex 37.2 52.7066 -132.278
    endloop
  endfacet
  facet normal 0 -0.686023 0.72758
    outer loop
      vertex 34 52.4537 -132.5
      vertex 37.2 52.564 -132.396
      vertex 34 52.564 -132.396
    endloop
  endfacet
  facet normal 0 -0.686023 0.72758
    outer loop
      vertex 34 52.4537 -132.5
      vertex 37.2 52.4537 -132.5
      vertex 37.2 52.564 -132.396
    endloop
  endfacet
  facet normal 0 -0.729643 0.683828
    outer loop
      vertex 34 52.3731 -132.586
      vertex 37.2 52.4537 -132.5
      vertex 34 52.4537 -132.5
    endloop
  endfacet
  facet normal 0 -0.729643 0.683828
    outer loop
      vertex 34 52.3731 -132.586
      vertex 37.2 52.3731 -132.586
      vertex 37.2 52.4537 -132.5
    endloop
  endfacet
  facet normal 0 -0.771519 0.636206
    outer loop
      vertex 34 52.3195 -132.651
      vertex 37.2 52.3731 -132.586
      vertex 34 52.3731 -132.586
    endloop
  endfacet
  facet normal 0 -0.771519 0.636206
    outer loop
      vertex 34 52.3195 -132.651
      vertex 37.2 52.3195 -132.651
      vertex 37.2 52.3731 -132.586
    endloop
  endfacet
  facet normal 0 -0.809845 0.586644
    outer loop
      vertex 34 52.2898 -132.692
      vertex 37.2 52.3195 -132.651
      vertex 34 52.3195 -132.651
    endloop
  endfacet
  facet normal 0 -0.809845 0.586644
    outer loop
      vertex 34 52.2898 -132.692
      vertex 37.2 52.2898 -132.692
      vertex 37.2 52.3195 -132.651
    endloop
  endfacet
  facet normal 0 -0.838444 0.544988
    outer loop
      vertex 34 52.2807 -132.706
      vertex 37.2 52.2898 -132.692
      vertex 34 52.2898 -132.692
    endloop
  endfacet
  facet normal 0 -0.838444 0.544988
    outer loop
      vertex 34 52.2807 -132.706
      vertex 37.2 52.2807 -132.706
      vertex 37.2 52.2898 -132.692
    endloop
  endfacet
  facet normal 0 -0.626327 0.77956
    outer loop
      vertex 34 51.687 -133.183
      vertex 37.2 52.2807 -132.706
      vertex 34 52.2807 -132.706
    endloop
  endfacet
  facet normal 0 -0.626327 0.77956
    outer loop
      vertex 34 51.687 -133.183
      vertex 37.2 51.687 -133.183
      vertex 37.2 52.2807 -132.706
    endloop
  endfacet
  facet normal 0 -0.575779 -0.817606
    outer loop
      vertex 34 51.7012 -133.193
      vertex 37.2 51.687 -133.183
      vertex 34 51.687 -133.183
    endloop
  endfacet
  facet normal 0 -0.575779 -0.817606
    outer loop
      vertex 34 51.7012 -133.193
      vertex 37.2 51.7012 -133.193
      vertex 37.2 51.687 -133.183
    endloop
  endfacet
  facet normal 0 0.462332 0.886707
    outer loop
      vertex 34 51.3905 -133.031
      vertex 37.2 51.7012 -133.193
      vertex 34 51.7012 -133.193
    endloop
  endfacet
  facet normal -0 0.462332 0.886707
    outer loop
      vertex 34 51.3905 -133.031
      vertex 37.2 51.3905 -133.031
      vertex 37.2 51.7012 -133.193
    endloop
  endfacet
  facet normal 0 0.410899 0.911681
    outer loop
      vertex 34 51.071 -132.887
      vertex 37.2 51.3905 -133.031
      vertex 34 51.3905 -133.031
    endloop
  endfacet
  facet normal -0 0.410899 0.911681
    outer loop
      vertex 34 51.071 -132.887
      vertex 37.2 51.071 -132.887
      vertex 37.2 51.3905 -133.031
    endloop
  endfacet
  facet normal 0 -0.286822 -0.957984
    outer loop
      vertex 34 51.0877 -132.892
      vertex 37.2 51.071 -132.887
      vertex 34 51.071 -132.887
    endloop
  endfacet
  facet normal 0 -0.286822 -0.957984
    outer loop
      vertex 34 51.0877 -132.892
      vertex 37.2 51.0877 -132.892
      vertex 37.2 51.071 -132.887
    endloop
  endfacet
  facet normal 0 0.99993 -0.0118102
    outer loop
      vertex 34 51.0967 -132.13
      vertex 37.2 51.0877 -132.892
      vertex 34 51.0877 -132.892
    endloop
  endfacet
  facet normal 0 0.99993 -0.0118102
    outer loop
      vertex 34 51.0967 -132.13
      vertex 37.2 51.0967 -132.13
      vertex 37.2 51.0877 -132.892
    endloop
  endfacet
  facet normal 0 0.945687 -0.32508
    outer loop
      vertex 34 51.1022 -132.114
      vertex 37.2 51.0967 -132.13
      vertex 34 51.0967 -132.13
    endloop
  endfacet
  facet normal 0 0.945687 -0.32508
    outer loop
      vertex 34 51.1022 -132.114
      vertex 37.2 51.1022 -132.114
      vertex 37.2 51.0967 -132.13
    endloop
  endfacet
  facet normal 0 0.961069 -0.276307
    outer loop
      vertex 34 51.116 -132.066
      vertex 37.2 51.1022 -132.114
      vertex 34 51.1022 -132.114
    endloop
  endfacet
  facet normal 0 0.961069 -0.276307
    outer loop
      vertex 34 51.116 -132.066
      vertex 37.2 51.116 -132.066
      vertex 37.2 51.1022 -132.114
    endloop
  endfacet
  facet normal 0 0.977283 -0.211941
    outer loop
      vertex 34 51.134 -131.983
      vertex 37.2 51.116 -132.066
      vertex 34 51.116 -132.066
    endloop
  endfacet
  facet normal 0 0.977283 -0.211941
    outer loop
      vertex 34 51.134 -131.983
      vertex 37.2 51.134 -131.983
      vertex 37.2 51.116 -132.066
    endloop
  endfacet
  facet normal 0 0.988303 -0.152505
    outer loop
      vertex 34 51.1519 -131.867
      vertex 37.2 51.134 -131.983
      vertex 34 51.134 -131.983
    endloop
  endfacet
  facet normal 0 0.988303 -0.152505
    outer loop
      vertex 34 51.1519 -131.867
      vertex 37.2 51.1519 -131.867
      vertex 37.2 51.134 -131.983
    endloop
  endfacet
  facet normal 0 0.995969 -0.0897031
    outer loop
      vertex 34 51.1655 -131.716
      vertex 37.2 51.1519 -131.867
      vertex 34 51.1519 -131.867
    endloop
  endfacet
  facet normal 0 0.995969 -0.0897031
    outer loop
      vertex 34 51.1655 -131.716
      vertex 37.2 51.1655 -131.716
      vertex 37.2 51.1519 -131.867
    endloop
  endfacet
  facet normal 0 0.999649 -0.0264772
    outer loop
      vertex 34 51.1704 -131.531
      vertex 37.2 51.1655 -131.716
      vertex 34 51.1655 -131.716
    endloop
  endfacet
  facet normal 0 0.999649 -0.0264772
    outer loop
      vertex 34 51.1704 -131.531
      vertex 37.2 51.1704 -131.531
      vertex 37.2 51.1655 -131.716
    endloop
  endfacet
  facet normal 0 0.999366 0.0355939
    outer loop
      vertex 34 51.1626 -131.312
      vertex 37.2 51.1704 -131.531
      vertex 34 51.1704 -131.531
    endloop
  endfacet
  facet normal -0 0.999366 0.0355939
    outer loop
      vertex 34 51.1626 -131.312
      vertex 37.2 51.1626 -131.312
      vertex 37.2 51.1704 -131.531
    endloop
  endfacet
  facet normal 0 0.995076 0.0991112
    outer loop
      vertex 34 51.1376 -131.061
      vertex 37.2 51.1626 -131.312
      vertex 34 51.1626 -131.312
    endloop
  endfacet
  facet normal -0 0.995076 0.0991112
    outer loop
      vertex 34 51.1376 -131.061
      vertex 37.2 51.1376 -131.061
      vertex 37.2 51.1626 -131.312
    endloop
  endfacet
  facet normal 0 0.986844 0.161674
    outer loop
      vertex 34 51.0914 -130.779
      vertex 37.2 51.1376 -131.061
      vertex 34 51.1376 -131.061
    endloop
  endfacet
  facet normal -0 0.986844 0.161674
    outer loop
      vertex 34 51.0914 -130.779
      vertex 37.2 51.0914 -130.779
      vertex 37.2 51.1376 -131.061
    endloop
  endfacet
  facet normal 0 0.974868 0.222782
    outer loop
      vertex 34 51.0201 -130.467
      vertex 37.2 51.0914 -130.779
      vertex 34 51.0914 -130.779
    endloop
  endfacet
  facet normal -0 0.974868 0.222782
    outer loop
      vertex 34 51.0201 -130.467
      vertex 37.2 51.0201 -130.467
      vertex 37.2 51.0914 -130.779
    endloop
  endfacet
  facet normal 0 0.275138 0.961405
    outer loop
      vertex 34 50.4715 -130.31
      vertex 37.2 51.0201 -130.467
      vertex 34 51.0201 -130.467
    endloop
  endfacet
  facet normal -0 0.275138 0.961405
    outer loop
      vertex 34 50.4715 -130.31
      vertex 37.2 50.4715 -130.31
      vertex 37.2 51.0201 -130.467
    endloop
  endfacet
  facet normal 0 -0.709916 0.704287
    outer loop
      vertex 34 50.2463 -130.537
      vertex 37.2 50.4715 -130.31
      vertex 34 50.4715 -130.31
    endloop
  endfacet
  facet normal 0 -0.709916 0.704287
    outer loop
      vertex 34 50.2463 -130.537
      vertex 37.2 50.2463 -130.537
      vertex 37.2 50.4715 -130.31
    endloop
  endfacet
  facet normal 0 -0.753613 0.657318
    outer loop
      vertex 34 50.0579 -130.753
      vertex 37.2 50.2463 -130.537
      vertex 34 50.2463 -130.537
    endloop
  endfacet
  facet normal 0 -0.753613 0.657318
    outer loop
      vertex 34 50.0579 -130.753
      vertex 37.2 50.0579 -130.753
      vertex 37.2 50.2463 -130.537
    endloop
  endfacet
  facet normal 0 -0.792521 0.609845
    outer loop
      vertex 34 49.904 -130.953
      vertex 37.2 50.0579 -130.753
      vertex 34 50.0579 -130.753
    endloop
  endfacet
  facet normal 0 -0.792521 0.609845
    outer loop
      vertex 34 49.904 -130.953
      vertex 37.2 49.904 -130.953
      vertex 37.2 50.0579 -130.753
    endloop
  endfacet
  facet normal 0 -0.828583 0.559866
    outer loop
      vertex 34 49.7817 -131.134
      vertex 37.2 49.904 -130.953
      vertex 34 49.904 -130.953
    endloop
  endfacet
  facet normal 0 -0.828583 0.559866
    outer loop
      vertex 34 49.7817 -131.134
      vertex 37.2 49.7817 -131.134
      vertex 37.2 49.904 -130.953
    endloop
  endfacet
  facet normal 0 -0.863387 0.504542
    outer loop
      vertex 34 49.6882 -131.294
      vertex 37.2 49.7817 -131.134
      vertex 34 49.7817 -131.134
    endloop
  endfacet
  facet normal 0 -0.863387 0.504542
    outer loop
      vertex 34 49.6882 -131.294
      vertex 37.2 49.6882 -131.294
      vertex 37.2 49.7817 -131.134
    endloop
  endfacet
  facet normal 0 -0.892568 0.450912
    outer loop
      vertex 34 49.62 -131.429
      vertex 37.2 49.6882 -131.294
      vertex 34 49.6882 -131.294
    endloop
  endfacet
  facet normal 0 -0.892568 0.450912
    outer loop
      vertex 34 49.62 -131.429
      vertex 37.2 49.62 -131.429
      vertex 37.2 49.6882 -131.294
    endloop
  endfacet
  facet normal 0 -0.920407 0.390962
    outer loop
      vertex 34 49.5737 -131.538
      vertex 37.2 49.62 -131.429
      vertex 34 49.62 -131.429
    endloop
  endfacet
  facet normal 0 -0.920407 0.390962
    outer loop
      vertex 34 49.5737 -131.538
      vertex 37.2 49.5737 -131.538
      vertex 37.2 49.62 -131.429
    endloop
  endfacet
  facet normal 0 -0.941796 0.336185
    outer loop
      vertex 34 49.5455 -131.617
      vertex 37.2 49.5737 -131.538
      vertex 34 49.5737 -131.538
    endloop
  endfacet
  facet normal 0 -0.941796 0.336185
    outer loop
      vertex 34 49.5455 -131.617
      vertex 37.2 49.5455 -131.617
      vertex 37.2 49.5737 -131.538
    endloop
  endfacet
  facet normal 0 -0.962041 0.272905
    outer loop
      vertex 34 49.5316 -131.666
      vertex 37.2 49.5455 -131.617
      vertex 34 49.5455 -131.617
    endloop
  endfacet
  facet normal 0 -0.962041 0.272905
    outer loop
      vertex 34 49.5316 -131.666
      vertex 37.2 49.5316 -131.666
      vertex 37.2 49.5455 -131.617
    endloop
  endfacet
  facet normal 0 -0.974288 0.225304
    outer loop
      vertex 34 49.5279 -131.682
      vertex 37.2 49.5316 -131.666
      vertex 34 49.5316 -131.666
    endloop
  endfacet
  facet normal 0 -0.974288 0.225304
    outer loop
      vertex 34 49.5279 -131.682
      vertex 37.2 49.5279 -131.682
      vertex 37.2 49.5316 -131.666
    endloop
  endfacet
  facet normal 0 -0.855108 0.51845
    outer loop
      vertex 34 49.1332 -132.333
      vertex 37.2 49.5279 -131.682
      vertex 34 49.5279 -131.682
    endloop
  endfacet
  facet normal 0 -0.855108 0.51845
    outer loop
      vertex 34 49.1332 -132.333
      vertex 37.2 49.1332 -132.333
      vertex 37.2 49.5279 -131.682
    endloop
  endfacet
  facet normal 0 -0.285254 -0.958452
    outer loop
      vertex 34 49.15 -132.338
      vertex 37.2 49.1332 -132.333
      vertex 34 49.1332 -132.333
    endloop
  endfacet
  facet normal 0 -0.285254 -0.958452
    outer loop
      vertex 34 49.15 -132.338
      vertex 37.2 49.15 -132.338
      vertex 37.2 49.1332 -132.333
    endloop
  endfacet
  facet normal 0 0.131229 0.991352
    outer loop
      vertex 34 48.8025 -132.292
      vertex 37.2 49.15 -132.338
      vertex 34 49.15 -132.338
    endloop
  endfacet
  facet normal -0 0.131229 0.991352
    outer loop
      vertex 34 48.8025 -132.292
      vertex 37.2 48.8025 -132.292
      vertex 37.2 49.15 -132.338
    endloop
  endfacet
  facet normal 0 0.0741659 0.997246
    outer loop
      vertex 34 48.4529 -132.266
      vertex 37.2 48.8025 -132.292
      vertex 34 48.8025 -132.292
    endloop
  endfacet
  facet normal -0 0.0741659 0.997246
    outer loop
      vertex 34 48.4529 -132.266
      vertex 37.2 48.4529 -132.266
      vertex 37.2 48.8025 -132.292
    endloop
  endfacet
  facet normal 0 0.114191 -0.993459
    outer loop
      vertex 34 48.4703 -132.264
      vertex 37.2 48.4529 -132.266
      vertex 34 48.4529 -132.266
    endloop
  endfacet
  facet normal 0 0.114191 -0.993459
    outer loop
      vertex 34 48.4703 -132.264
      vertex 37.2 48.4703 -132.264
      vertex 37.2 48.4529 -132.266
    endloop
  endfacet
  facet normal 0 0.943571 0.33117
    outer loop
      vertex 34 48.2183 -131.546
      vertex 37.2 48.4703 -132.264
      vertex 34 48.4703 -132.264
    endloop
  endfacet
  facet normal -0 0.943571 0.33117
    outer loop
      vertex 34 48.2183 -131.546
      vertex 37.2 48.2183 -131.546
      vertex 37.2 48.4703 -132.264
    endloop
  endfacet
  facet normal 0 0.999931 0.0117639
    outer loop
      vertex 34 48.2181 -131.529
      vertex 37.2 48.2183 -131.546
      vertex 34 48.2183 -131.546
    endloop
  endfacet
  facet normal -0 0.999931 0.0117639
    outer loop
      vertex 34 48.2181 -131.529
      vertex 37.2 48.2181 -131.529
      vertex 37.2 48.2183 -131.546
    endloop
  endfacet
  facet normal 0 0.997379 0.0723588
    outer loop
      vertex 34 48.2144 -131.478
      vertex 37.2 48.2181 -131.529
      vertex 34 48.2181 -131.529
    endloop
  endfacet
  facet normal -0 0.997379 0.0723588
    outer loop
      vertex 34 48.2144 -131.478
      vertex 37.2 48.2144 -131.478
      vertex 37.2 48.2181 -131.529
    endloop
  endfacet
  facet normal 0 0.991018 0.133728
    outer loop
      vertex 34 48.2032 -131.395
      vertex 37.2 48.2144 -131.478
      vertex 34 48.2144 -131.478
    endloop
  endfacet
  facet normal -0 0.991018 0.133728
    outer loop
      vertex 34 48.2032 -131.395
      vertex 37.2 48.2032 -131.395
      vertex 37.2 48.2144 -131.478
    endloop
  endfacet
  facet normal 0 0.980905 0.19449
    outer loop
      vertex 34 48.1802 -131.279
      vertex 37.2 48.2032 -131.395
      vertex 34 48.2032 -131.395
    endloop
  endfacet
  facet normal -0 0.980905 0.19449
    outer loop
      vertex 34 48.1802 -131.279
      vertex 37.2 48.1802 -131.279
      vertex 37.2 48.2032 -131.395
    endloop
  endfacet
  facet normal 0 0.96629 0.257457
    outer loop
      vertex 34 48.1413 -131.133
      vertex 37.2 48.1802 -131.279
      vertex 34 48.1802 -131.279
    endloop
  endfacet
  facet normal -0 0.96629 0.257457
    outer loop
      vertex 34 48.1413 -131.133
      vertex 37.2 48.1413 -131.133
      vertex 37.2 48.1802 -131.279
    endloop
  endfacet
  facet normal 0 0.948791 0.315904
    outer loop
      vertex 34 48.0827 -130.957
      vertex 37.2 48.1413 -131.133
      vertex 34 48.1413 -131.133
    endloop
  endfacet
  facet normal -0 0.948791 0.315904
    outer loop
      vertex 34 48.0827 -130.957
      vertex 37.2 48.0827 -130.957
      vertex 37.2 48.1413 -131.133
    endloop
  endfacet
  facet normal 0 0.926247 0.376918
    outer loop
      vertex 34 48.0005 -130.755
      vertex 37.2 48.0827 -130.957
      vertex 34 48.0827 -130.957
    endloop
  endfacet
  facet normal -0 0.926247 0.376918
    outer loop
      vertex 34 48.0005 -130.755
      vertex 37.2 48.0005 -130.755
      vertex 37.2 48.0827 -130.957
    endloop
  endfacet
  facet normal 0 0.901585 0.432603
    outer loop
      vertex 34 47.8911 -130.527
      vertex 37.2 48.0005 -130.755
      vertex 34 48.0005 -130.755
    endloop
  endfacet
  facet normal -0 0.901585 0.432603
    outer loop
      vertex 34 47.8911 -130.527
      vertex 37.2 47.8911 -130.527
      vertex 37.2 48.0005 -130.755
    endloop
  endfacet
  facet normal 0 0.872506 0.488603
    outer loop
      vertex 34 47.7511 -130.277
      vertex 37.2 47.8911 -130.527
      vertex 34 47.8911 -130.527
    endloop
  endfacet
  facet normal -0 0.872506 0.488603
    outer loop
      vertex 34 47.7511 -130.277
      vertex 37.2 47.7511 -130.277
      vertex 37.2 47.8911 -130.527
    endloop
  endfacet
  facet normal 0 0.839158 0.543887
    outer loop
      vertex 34 47.5774 -130.009
      vertex 37.2 47.7511 -130.277
      vertex 34 47.7511 -130.277
    endloop
  endfacet
  facet normal -0 0.839158 0.543887
    outer loop
      vertex 34 47.5774 -130.009
      vertex 37.2 47.5774 -130.009
      vertex 37.2 47.7511 -130.277
    endloop
  endfacet
  facet normal 0 -0.0701257 0.997538
    outer loop
      vertex 34 47.0084 -130.049
      vertex 37.2 47.5774 -130.009
      vertex 34 47.5774 -130.009
    endloop
  endfacet
  facet normal 0 -0.0701257 0.997538
    outer loop
      vertex 34 47.0084 -130.049
      vertex 37.2 47.0084 -130.049
      vertex 37.2 47.5774 -130.009
    endloop
  endfacet
  facet normal 0 -0.908206 0.418524
    outer loop
      vertex 34 46.8743 -130.34
      vertex 37.2 47.0084 -130.049
      vertex 34 47.0084 -130.049
    endloop
  endfacet
  facet normal 0 -0.908206 0.418524
    outer loop
      vertex 34 46.8743 -130.34
      vertex 37.2 46.8743 -130.34
      vertex 37.2 47.0084 -130.049
    endloop
  endfacet
  facet normal 0 -0.932176 0.362007
    outer loop
      vertex 34 46.771 -130.606
      vertex 37.2 46.8743 -130.34
      vertex 34 46.8743 -130.34
    endloop
  endfacet
  facet normal 0 -0.932176 0.362007
    outer loop
      vertex 34 46.771 -130.606
      vertex 37.2 46.771 -130.606
      vertex 37.2 46.8743 -130.34
    endloop
  endfacet
  facet normal 0 -0.953475 0.301472
    outer loop
      vertex 34 46.6948 -130.847
      vertex 37.2 46.771 -130.606
      vertex 34 46.771 -130.606
    endloop
  endfacet
  facet normal 0 -0.953475 0.301472
    outer loop
      vertex 34 46.6948 -130.847
      vertex 37.2 46.6948 -130.847
      vertex 37.2 46.771 -130.606
    endloop
  endfacet
  facet normal 0 -0.970623 0.240605
    outer loop
      vertex 34 46.642 -131.06
      vertex 37.2 46.6948 -130.847
      vertex 34 46.6948 -130.847
    endloop
  endfacet
  facet normal 0 -0.970623 0.240605
    outer loop
      vertex 34 46.642 -131.06
      vertex 37.2 46.642 -131.06
      vertex 37.2 46.6948 -130.847
    endloop
  endfacet
  facet normal 0 -0.983766 0.179456
    outer loop
      vertex 34 46.6088 -131.242
      vertex 37.2 46.642 -131.06
      vertex 34 46.642 -131.06
    endloop
  endfacet
  facet normal 0 -0.983766 0.179456
    outer loop
      vertex 34 46.6088 -131.242
      vertex 37.2 46.6088 -131.242
      vertex 37.2 46.642 -131.06
    endloop
  endfacet
  facet normal 0 -0.993033 0.11784
    outer loop
      vertex 34 46.591 -131.392
      vertex 37.2 46.6088 -131.242
      vertex 34 46.6088 -131.242
    endloop
  endfacet
  facet normal 0 -0.993033 0.11784
    outer loop
      vertex 34 46.591 -131.392
      vertex 37.2 46.591 -131.392
      vertex 37.2 46.6088 -131.242
    endloop
  endfacet
  facet normal 0 -0.998486 0.0550014
    outer loop
      vertex 34 46.5845 -131.51
      vertex 37.2 46.591 -131.392
      vertex 34 46.591 -131.392
    endloop
  endfacet
  facet normal 0 -0.998486 0.0550014
    outer loop
      vertex 34 46.5845 -131.51
      vertex 37.2 46.5845 -131.51
      vertex 37.2 46.591 -131.392
    endloop
  endfacet
  facet normal 0 -0.999965 -0.00833304
    outer loop
      vertex 34 46.5852 -131.594
      vertex 37.2 46.5845 -131.51
      vertex 34 46.5845 -131.51
    endloop
  endfacet
  facet normal 0 -0.999965 -0.00833304
    outer loop
      vertex 34 46.5852 -131.594
      vertex 37.2 46.5852 -131.594
      vertex 37.2 46.5845 -131.51
    endloop
  endfacet
  facet normal 0 -0.997559 -0.0698291
    outer loop
      vertex 34 46.5887 -131.644
      vertex 37.2 46.5852 -131.594
      vertex 34 46.5852 -131.594
    endloop
  endfacet
  facet normal 0 -0.997559 -0.0698291
    outer loop
      vertex 34 46.5887 -131.644
      vertex 37.2 46.5887 -131.644
      vertex 37.2 46.5852 -131.594
    endloop
  endfacet
  facet normal 0 -0.992456 -0.122598
    outer loop
      vertex 34 46.5908 -131.661
      vertex 37.2 46.5887 -131.644
      vertex 34 46.5887 -131.644
    endloop
  endfacet
  facet normal 0 -0.992456 -0.122598
    outer loop
      vertex 34 46.5908 -131.661
      vertex 37.2 46.5908 -131.661
      vertex 37.2 46.5887 -131.644
    endloop
  endfacet
  facet normal 0 -0.980908 0.194474
    outer loop
      vertex 34 46.4427 -132.408
      vertex 37.2 46.5908 -131.661
      vertex 34 46.5908 -131.661
    endloop
  endfacet
  facet normal 0 -0.980908 0.194474
    outer loop
      vertex 34 46.4427 -132.408
      vertex 37.2 46.4427 -132.408
      vertex 37.2 46.5908 -131.661
    endloop
  endfacet
  facet normal 0 0.0577071 -0.998334
    outer loop
      vertex 34 46.46 -132.407
      vertex 37.2 46.4427 -132.408
      vertex 34 46.4427 -132.408
    endloop
  endfacet
  facet normal 0 0.0577071 -0.998334
    outer loop
      vertex 34 46.46 -132.407
      vertex 37.2 46.46 -132.407
      vertex 37.2 46.4427 -132.408
    endloop
  endfacet
  facet normal 0 -0.214029 0.976827
    outer loop
      vertex 34 46.1177 -132.482
      vertex 37.2 46.46 -132.407
      vertex 34 46.46 -132.407
    endloop
  endfacet
  facet normal 0 -0.214029 0.976827
    outer loop
      vertex 34 46.1177 -132.482
      vertex 37.2 46.1177 -132.482
      vertex 37.2 46.46 -132.407
    endloop
  endfacet
  facet normal 0 -0.271101 0.962551
    outer loop
      vertex 34 45.7804 -132.577
      vertex 37.2 46.1177 -132.482
      vertex 34 46.1177 -132.482
    endloop
  endfacet
  facet normal 0 -0.271101 0.962551
    outer loop
      vertex 34 45.7804 -132.577
      vertex 37.2 45.7804 -132.577
      vertex 37.2 46.1177 -132.482
    endloop
  endfacet
  facet normal 0 0.405064 -0.914288
    outer loop
      vertex 34 45.7962 -132.57
      vertex 37.2 45.7804 -132.577
      vertex 34 45.7804 -132.577
    endloop
  endfacet
  facet normal 0 0.405064 -0.914288
    outer loop
      vertex 34 45.7962 -132.57
      vertex 37.2 45.7962 -132.57
      vertex 37.2 45.7804 -132.577
    endloop
  endfacet
  facet normal 0 0.773512 0.633781
    outer loop
      vertex 34 45.3136 -131.981
      vertex 37.2 45.7962 -132.57
      vertex 34 45.7962 -132.57
    endloop
  endfacet
  facet normal -0 0.773512 0.633781
    outer loop
      vertex 34 45.3136 -131.981
      vertex 37.2 45.3136 -131.981
      vertex 37.2 45.7962 -132.57
    endloop
  endfacet
  facet normal 0 0.936329 0.351123
    outer loop
      vertex 34 45.3076 -131.965
      vertex 37.2 45.3136 -131.981
      vertex 34 45.3136 -131.981
    endloop
  endfacet
  facet normal -0 0.936329 0.351123
    outer loop
      vertex 34 45.3076 -131.965
      vertex 37.2 45.3076 -131.965
      vertex 37.2 45.3136 -131.981
    endloop
  endfacet
  facet normal 0 0.911922 0.410365
    outer loop
      vertex 34 45.2869 -131.919
      vertex 37.2 45.3076 -131.965
      vertex 34 45.3076 -131.965
    endloop
  endfacet
  facet normal -0 0.911922 0.410365
    outer loop
      vertex 34 45.2869 -131.919
      vertex 37.2 45.2869 -131.919
      vertex 37.2 45.3076 -131.965
    endloop
  endfacet
  facet normal 0 0.886732 0.462283
    outer loop
      vertex 34 45.2478 -131.844
      vertex 37.2 45.2869 -131.919
      vertex 34 45.2869 -131.919
    endloop
  endfacet
  facet normal -0 0.886732 0.462283
    outer loop
      vertex 34 45.2478 -131.844
      vertex 37.2 45.2478 -131.844
      vertex 37.2 45.2869 -131.919
    endloop
  endfacet
  facet normal 0 0.853324 0.521381
    outer loop
      vertex 34 45.1867 -131.744
      vertex 37.2 45.2478 -131.844
      vertex 34 45.2478 -131.844
    endloop
  endfacet
  facet normal -0 0.853324 0.521381
    outer loop
      vertex 34 45.1867 -131.744
      vertex 37.2 45.1867 -131.744
      vertex 37.2 45.2478 -131.844
    endloop
  endfacet
  facet normal 0 0.822003 0.569484
    outer loop
      vertex 34 45.1001 -131.619
      vertex 37.2 45.1867 -131.744
      vertex 34 45.1867 -131.744
    endloop
  endfacet
  facet normal -0 0.822003 0.569484
    outer loop
      vertex 34 45.1001 -131.619
      vertex 37.2 45.1001 -131.619
      vertex 37.2 45.1867 -131.744
    endloop
  endfacet
  facet normal 0 0.782972 0.622057
    outer loop
      vertex 34 44.9849 -131.474
      vertex 37.2 45.1001 -131.619
      vertex 34 45.1001 -131.619
    endloop
  endfacet
  facet normal -0 0.782972 0.622057
    outer loop
      vertex 34 44.9849 -131.474
      vertex 37.2 44.9849 -131.474
      vertex 37.2 45.1001 -131.619
    endloop
  endfacet
  facet normal 0 0.741471 0.670985
    outer loop
      vertex 34 44.8383 -131.312
      vertex 37.2 44.9849 -131.474
      vertex 34 44.9849 -131.474
    endloop
  endfacet
  facet normal -0 0.741471 0.670985
    outer loop
      vertex 34 44.8383 -131.312
      vertex 37.2 44.8383 -131.312
      vertex 37.2 44.9849 -131.474
    endloop
  endfacet
  facet normal 0 0.697927 0.716169
    outer loop
      vertex 34 44.6577 -131.136
      vertex 37.2 44.8383 -131.312
      vertex 34 44.8383 -131.312
    endloop
  endfacet
  facet normal -0 0.697927 0.716169
    outer loop
      vertex 34 44.6577 -131.136
      vertex 37.2 44.6577 -131.136
      vertex 37.2 44.8383 -131.312
    endloop
  endfacet
  facet normal 0 0.652974 0.75738
    outer loop
      vertex 34 44.4408 -130.949
      vertex 37.2 44.6577 -131.136
      vertex 34 44.6577 -131.136
    endloop
  endfacet
  facet normal -0 0.652974 0.75738
    outer loop
      vertex 34 44.4408 -130.949
      vertex 37.2 44.4408 -130.949
      vertex 37.2 44.6577 -131.136
    endloop
  endfacet
  facet normal 0 0.603496 0.797366
    outer loop
      vertex 34 44.1858 -130.756
      vertex 37.2 44.4408 -130.949
      vertex 34 44.4408 -130.949
    endloop
  endfacet
  facet normal -0 0.603496 0.797366
    outer loop
      vertex 34 44.1858 -130.756
      vertex 37.2 44.1858 -130.756
      vertex 37.2 44.4408 -130.949
    endloop
  endfacet
  facet normal 0 -0.408316 0.912841
    outer loop
      vertex 34 43.6649 -130.989
      vertex 37.2 44.1858 -130.756
      vertex 34 44.1858 -130.756
    endloop
  endfacet
  facet normal 0 -0.408316 0.912841
    outer loop
      vertex 34 43.6649 -130.989
      vertex 37.2 43.6649 -130.989
      vertex 37.2 44.1858 -130.756
    endloop
  endfacet
  facet normal 0 0.537859 -0.843035
    outer loop
      vertex 34 48.3144 -137.57
      vertex 37.2 48.3144 -137.57
      vertex 34 47.9539 -137.8
    endloop
  endfacet
  facet normal 0 0.537859 -0.843035
    outer loop
      vertex 37.2 47.9539 -137.8
      vertex 34 47.9539 -137.8
      vertex 37.2 48.3144 -137.57
    endloop
  endfacet
  facet normal 0 -0.735815 -0.677183
    outer loop
      vertex 34 48.6043 -137.885
      vertex 37.2 48.6043 -137.885
      vertex 34 48.3144 -137.57
    endloop
  endfacet
  facet normal -0 -0.735815 -0.677183
    outer loop
      vertex 37.2 48.3144 -137.57
      vertex 34 48.3144 -137.57
      vertex 37.2 48.6043 -137.885
    endloop
  endfacet
  facet normal 0 0.266498 -0.963835
    outer loop
      vertex 34 49.0166 -137.771
      vertex 37.2 49.0166 -137.771
      vertex 34 48.6043 -137.885
    endloop
  endfacet
  facet normal 0 0.266498 -0.963835
    outer loop
      vertex 37.2 48.6043 -137.885
      vertex 34 48.6043 -137.885
      vertex 37.2 49.0166 -137.771
    endloop
  endfacet
  facet normal 0 -0.902324 -0.431058
    outer loop
      vertex 34 49.201 -138.157
      vertex 37.2 49.201 -138.157
      vertex 34 49.0166 -137.771
    endloop
  endfacet
  facet normal -0 -0.902324 -0.431058
    outer loop
      vertex 37.2 49.0166 -137.771
      vertex 34 49.0166 -137.771
      vertex 37.2 49.201 -138.157
    endloop
  endfacet
  facet normal 0 -0.0303953 -0.999538
    outer loop
      vertex 34 49.6285 -138.17
      vertex 37.2 49.6285 -138.17
      vertex 34 49.201 -138.157
    endloop
  endfacet
  facet normal -0 -0.0303953 -0.999538
    outer loop
      vertex 37.2 49.201 -138.157
      vertex 34 49.201 -138.157
      vertex 37.2 49.6285 -138.17
    endloop
  endfacet
  facet normal 0 -0.989294 -0.145938
    outer loop
      vertex 34 49.6909 -138.593
      vertex 37.2 49.6909 -138.593
      vertex 34 49.6285 -138.17
    endloop
  endfacet
  facet normal -0 -0.989294 -0.145938
    outer loop
      vertex 37.2 49.6285 -138.17
      vertex 34 49.6285 -138.17
      vertex 37.2 49.6909 -138.593
    endloop
  endfacet
  facet normal 0 -0.322745 -0.946486
    outer loop
      vertex 34 50.0956 -138.731
      vertex 37.2 50.0956 -138.731
      vertex 34 49.6909 -138.593
    endloop
  endfacet
  facet normal -0 -0.322745 -0.946486
    outer loop
      vertex 37.2 49.6909 -138.593
      vertex 34 49.6909 -138.593
      vertex 37.2 50.0956 -138.731
    endloop
  endfacet
  facet normal 0 -0.988399 0.151882
    outer loop
      vertex 34 50.0306 -139.154
      vertex 37.2 50.0306 -139.154
      vertex 34 50.0956 -138.731
    endloop
  endfacet
  facet normal 0 -0.988399 0.151882
    outer loop
      vertex 37.2 50.0956 -138.731
      vertex 34 50.0956 -138.731
      vertex 37.2 50.0306 -139.154
    endloop
  endfacet
  facet normal 0 -0.587198 -0.809444
    outer loop
      vertex 34 50.3766 -139.405
      vertex 37.2 50.3766 -139.405
      vertex 34 50.0306 -139.154
    endloop
  endfacet
  facet normal -0 -0.587198 -0.809444
    outer loop
      vertex 37.2 50.0306 -139.154
      vertex 34 50.0306 -139.154
      vertex 37.2 50.3766 -139.405
    endloop
  endfacet
  facet normal 0 -0.899784 0.436337
    outer loop
      vertex 34 50.1899 -139.79
      vertex 37.2 50.1899 -139.79
      vertex 34 50.3766 -139.405
    endloop
  endfacet
  facet normal 0 -0.899784 0.436337
    outer loop
      vertex 37.2 50.3766 -139.405
      vertex 34 50.3766 -139.405
      vertex 37.2 50.1899 -139.79
    endloop
  endfacet
  facet normal 0 -0.8 -0.6
    outer loop
      vertex 34 50.4464 -140.132
      vertex 37.2 50.4464 -140.132
      vertex 34 50.1899 -139.79
    endloop
  endfacet
  facet normal -0 -0.8 -0.6
    outer loop
      vertex 37.2 50.1899 -139.79
      vertex 34 50.1899 -139.79
      vertex 37.2 50.4464 -140.132
    endloop
  endfacet
  facet normal 0 -0.731444 0.681902
    outer loop
      vertex 34 50.1546 -140.445
      vertex 37.2 50.1546 -140.445
      vertex 34 50.4464 -140.132
    endloop
  endfacet
  facet normal 0 -0.731444 0.681902
    outer loop
      vertex 37.2 50.4464 -140.132
      vertex 34 50.4464 -140.132
      vertex 37.2 50.1546 -140.445
    endloop
  endfacet
  facet normal 0 -0.9412 -0.337849
    outer loop
      vertex 34 50.2989 -140.847
      vertex 37.2 50.2989 -140.847
      vertex 34 50.1546 -140.445
    endloop
  endfacet
  facet normal -0 -0.9412 -0.337849
    outer loop
      vertex 37.2 50.1546 -140.445
      vertex 34 50.1546 -140.445
      vertex 37.2 50.2989 -140.847
    endloop
  endfacet
  facet normal 0 -0.497799 0.867292
    outer loop
      vertex 34 49.9278 -141.06
      vertex 37.2 49.9278 -141.06
      vertex 34 50.2989 -140.847
    endloop
  endfacet
  facet normal 0 -0.497799 0.867292
    outer loop
      vertex 37.2 50.2989 -140.847
      vertex 34 50.2989 -140.847
      vertex 37.2 49.9278 -141.06
    endloop
  endfacet
  facet normal 0 -0.998991 -0.0449195
    outer loop
      vertex 34 49.947 -141.487
      vertex 37.2 49.947 -141.487
      vertex 34 49.9278 -141.06
    endloop
  endfacet
  facet normal -0 -0.998991 -0.0449195
    outer loop
      vertex 37.2 49.9278 -141.06
      vertex 34 49.9278 -141.06
      vertex 37.2 49.947 -141.487
    endloop
  endfacet
  facet normal 0 -0.219802 0.975545
    outer loop
      vertex 34 49.5298 -141.581
      vertex 37.2 49.5298 -141.581
      vertex 34 49.947 -141.487
    endloop
  endfacet
  facet normal 0 -0.219802 0.975545
    outer loop
      vertex 37.2 49.947 -141.487
      vertex 34 49.947 -141.487
      vertex 37.2 49.5298 -141.581
    endloop
  endfacet
  facet normal 0 -0.967845 0.251546
    outer loop
      vertex 34 49.4222 -141.995
      vertex 37.2 49.4222 -141.995
      vertex 34 49.5298 -141.581
    endloop
  endfacet
  facet normal 0 -0.967845 0.251546
    outer loop
      vertex 37.2 49.5298 -141.581
      vertex 34 49.5298 -141.581
      vertex 37.2 49.4222 -141.995
    endloop
  endfacet
  facet normal -0 0.0771614 0.997019
    outer loop
      vertex 34 48.9958 -141.962
      vertex 37.2 48.9958 -141.962
      vertex 34 49.4222 -141.995
    endloop
  endfacet
  facet normal 0 0.0771614 0.997019
    outer loop
      vertex 37.2 49.4222 -141.995
      vertex 34 49.4222 -141.995
      vertex 37.2 48.9958 -141.962
    endloop
  endfacet
  facet normal 0 -0.850823 0.525453
    outer loop
      vertex 34 48.771 -142.326
      vertex 37.2 48.771 -142.326
      vertex 34 48.9958 -141.962
    endloop
  endfacet
  facet normal 0 -0.850823 0.525453
    outer loop
      vertex 37.2 48.9958 -141.962
      vertex 34 48.9958 -141.962
      vertex 37.2 48.771 -142.326
    endloop
  endfacet
  facet normal -0 0.369294 0.929313
    outer loop
      vertex 34 48.3734 -142.168
      vertex 37.2 48.3734 -142.168
      vertex 34 48.771 -142.326
    endloop
  endfacet
  facet normal 0 0.369294 0.929313
    outer loop
      vertex 37.2 48.771 -142.326
      vertex 34 48.771 -142.326
      vertex 37.2 48.3734 -142.168
    endloop
  endfacet
  facet normal 0 -0.657394 0.753547
    outer loop
      vertex 34 48.0513 -142.449
      vertex 37.2 48.0513 -142.449
      vertex 34 48.3734 -142.168
    endloop
  endfacet
  facet normal 0 -0.657394 0.753547
    outer loop
      vertex 37.2 48.3734 -142.168
      vertex 34 48.3734 -142.168
      vertex 37.2 48.0513 -142.449
    endloop
  endfacet
  facet normal -0 0.624866 0.780732
    outer loop
      vertex 34 47.7177 -142.182
      vertex 37.2 47.7177 -142.182
      vertex 34 48.0513 -142.449
    endloop
  endfacet
  facet normal 0 0.624866 0.780732
    outer loop
      vertex 37.2 48.0513 -142.449
      vertex 34 48.0513 -142.449
      vertex 37.2 47.7177 -142.182
    endloop
  endfacet
  facet normal 0 -0.406833 0.913503
    outer loop
      vertex 34 47.327 -142.356
      vertex 37.2 47.327 -142.356
      vertex 34 47.7177 -142.182
    endloop
  endfacet
  facet normal 0 -0.406833 0.913503
    outer loop
      vertex 37.2 47.7177 -142.182
      vertex 34 47.7177 -142.182
      vertex 37.2 47.327 -142.356
    endloop
  endfacet
  facet normal -0 0.827817 0.560998
    outer loop
      vertex 34 47.0871 -142.002
      vertex 37.2 47.0871 -142.002
      vertex 34 47.327 -142.356
    endloop
  endfacet
  facet normal 0 0.827817 0.560998
    outer loop
      vertex 37.2 47.327 -142.356
      vertex 34 47.327 -142.356
      vertex 37.2 47.0871 -142.002
    endloop
  endfacet
  facet normal 0 -0.119256 0.992864
    outer loop
      vertex 34 46.6625 -142.053
      vertex 37.2 46.6625 -142.053
      vertex 34 47.0871 -142.002
    endloop
  endfacet
  facet normal 0 -0.119256 0.992864
    outer loop
      vertex 37.2 47.0871 -142.002
      vertex 34 47.0871 -142.002
      vertex 37.2 46.6625 -142.053
    endloop
  endfacet
  facet normal -0 0.956464 0.29185
    outer loop
      vertex 34 46.5377 -141.644
      vertex 37.2 46.5377 -141.644
      vertex 34 46.6625 -142.053
    endloop
  endfacet
  facet normal 0 0.956464 0.29185
    outer loop
      vertex 37.2 46.6625 -142.053
      vertex 34 46.6625 -142.053
      vertex 37.2 46.5377 -141.644
    endloop
  endfacet
  facet normal -0 0.179996 0.983667
    outer loop
      vertex 34 46.1169 -141.567
      vertex 37.2 46.1169 -141.567
      vertex 34 46.5377 -141.644
    endloop
  endfacet
  facet normal 0 0.179996 0.983667
    outer loop
      vertex 37.2 46.5377 -141.644
      vertex 34 46.5377 -141.644
      vertex 37.2 46.1169 -141.567
    endloop
  endfacet
  facet normal 0 0.999995 -0.00304448
    outer loop
      vertex 34 46.1182 -141.14
      vertex 37.2 46.1182 -141.14
      vertex 34 46.1169 -141.567
    endloop
  endfacet
  facet normal 0 0.999995 -0.00304448
    outer loop
      vertex 37.2 46.1169 -141.567
      vertex 34 46.1169 -141.567
      vertex 37.2 46.1182 -141.14
    endloop
  endfacet
  facet normal -0 0.460631 0.887592
    outer loop
      vertex 34 45.7386 -140.943
      vertex 37.2 45.7386 -140.943
      vertex 34 46.1182 -141.14
    endloop
  endfacet
  facet normal 0 0.460631 0.887592
    outer loop
      vertex 37.2 46.1182 -141.14
      vertex 34 46.1182 -141.14
      vertex 37.2 45.7386 -140.943
    endloop
  endfacet
  facet normal 0 0.95482 -0.297185
    outer loop
      vertex 34 45.8659 -140.534
      vertex 37.2 45.8659 -140.534
      vertex 34 45.7386 -140.943
    endloop
  endfacet
  facet normal 0 0.95482 -0.297185
    outer loop
      vertex 37.2 45.7386 -140.943
      vertex 34 45.7386 -140.943
      vertex 37.2 45.8659 -140.534
    endloop
  endfacet
  facet normal -0 0.70159 0.712581
    outer loop
      vertex 34 45.5612 -140.234
      vertex 37.2 45.5612 -140.234
      vertex 34 45.8659 -140.534
    endloop
  endfacet
  facet normal 0 0.70159 0.712581
    outer loop
      vertex 37.2 45.8659 -140.534
      vertex 34 45.8659 -140.534
      vertex 37.2 45.5612 -140.234
    endloop
  endfacet
  facet normal 0 0.824042 -0.566529
    outer loop
      vertex 34 45.8032 -139.882
      vertex 37.2 45.8032 -139.882
      vertex 34 45.5612 -140.234
    endloop
  endfacet
  facet normal 0 0.824042 -0.566529
    outer loop
      vertex 37.2 45.5612 -140.234
      vertex 34 45.5612 -140.234
      vertex 37.2 45.8032 -139.882
    endloop
  endfacet
  facet normal -0 0.880763 0.473556
    outer loop
      vertex 34 45.6005 -139.505
      vertex 37.2 45.6005 -139.505
      vertex 34 45.8032 -139.882
    endloop
  endfacet
  facet normal 0 0.880763 0.473556
    outer loop
      vertex 37.2 45.8032 -139.882
      vertex 34 45.8032 -139.882
      vertex 37.2 45.6005 -139.505
    endloop
  endfacet
  facet normal 0 0.621612 -0.783325
    outer loop
      vertex 34 45.9357 -139.239
      vertex 37.2 45.9357 -139.239
      vertex 34 45.6005 -139.505
    endloop
  endfacet
  facet normal 0 0.621612 -0.783325
    outer loop
      vertex 37.2 45.6005 -139.505
      vertex 34 45.6005 -139.505
      vertex 37.2 45.9357 -139.239
    endloop
  endfacet
  facet normal -0 0.981117 0.193414
    outer loop
      vertex 34 45.8531 -138.82
      vertex 37.2 45.8531 -138.82
      vertex 34 45.9357 -139.239
    endloop
  endfacet
  facet normal 0 0.981117 0.193414
    outer loop
      vertex 37.2 45.9357 -139.239
      vertex 34 45.9357 -139.239
      vertex 37.2 45.8531 -138.82
    endloop
  endfacet
  facet normal 0 0.362503 -0.931983
    outer loop
      vertex 34 46.2516 -138.665
      vertex 37.2 46.2516 -138.665
      vertex 34 45.8531 -138.82
    endloop
  endfacet
  facet normal 0 0.362503 -0.931983
    outer loop
      vertex 37.2 45.8531 -138.82
      vertex 34 45.8531 -138.82
      vertex 37.2 46.2516 -138.665
    endloop
  endfacet
  facet normal 0 0.994516 -0.104588
    outer loop
      vertex 34 46.2964 -138.239
      vertex 37.2 46.2964 -138.239
      vertex 34 46.2516 -138.665
    endloop
  endfacet
  facet normal 0 0.994516 -0.104588
    outer loop
      vertex 37.2 46.2516 -138.665
      vertex 34 46.2516 -138.665
      vertex 37.2 46.2964 -138.239
    endloop
  endfacet
  facet normal 0 0.0701666 -0.997535
    outer loop
      vertex 34 46.7229 -138.209
      vertex 37.2 46.7229 -138.209
      vertex 34 46.2964 -138.239
    endloop
  endfacet
  facet normal 0 0.0701666 -0.997535
    outer loop
      vertex 37.2 46.2964 -138.239
      vertex 34 46.2964 -138.239
      vertex 37.2 46.7229 -138.209
    endloop
  endfacet
  facet normal 0 0.919784 -0.392426
    outer loop
      vertex 34 46.891 -137.815
      vertex 37.2 46.891 -137.815
      vertex 34 46.7229 -138.209
    endloop
  endfacet
  facet normal 0 0.919784 -0.392426
    outer loop
      vertex 37.2 46.7229 -138.209
      vertex 34 46.7229 -138.209
      vertex 37.2 46.891 -137.815
    endloop
  endfacet
  facet normal 0 -0.22672 -0.97396
    outer loop
      vertex 34 47.3077 -137.912
      vertex 37.2 47.3077 -137.912
      vertex 34 46.891 -137.815
    endloop
  endfacet
  facet normal -0 -0.22672 -0.97396
    outer loop
      vertex 37.2 46.891 -137.815
      vertex 34 46.891 -137.815
      vertex 37.2 47.3077 -137.912
    endloop
  endfacet
  facet normal 0 0.762632 -0.646833
    outer loop
      vertex 34 47.5842 -137.586
      vertex 37.2 47.5842 -137.586
      vertex 34 47.3077 -137.912
    endloop
  endfacet
  facet normal 0 0.762632 -0.646833
    outer loop
      vertex 37.2 47.3077 -137.912
      vertex 34 47.3077 -137.912
      vertex 37.2 47.5842 -137.586
    endloop
  endfacet
  facet normal 0 -0.500972 -0.865464
    outer loop
      vertex 34 47.9539 -137.8
      vertex 37.2 47.9539 -137.8
      vertex 34 47.5842 -137.586
    endloop
  endfacet
  facet normal -0 -0.500972 -0.865464
    outer loop
      vertex 37.2 47.5842 -137.586
      vertex 34 47.5842 -137.586
      vertex 37.2 47.9539 -137.8
    endloop
  endfacet
endsolid OpenSCAD_Model
