solid OpenSCAD_Model
  facet normal -1 0 0
    outer loop
      vertex 34 54.8863 -132.749
      vertex 34 54.1597 -132.474
      vertex 34 54.4616 -132.368
    endloop
  endfacet
  facet normal -1 0 0
    outer loop
      vertex 34 56.3624 -135.034
      vertex 34 56.6822 -135.038
      vertex 34 56.7766 -135.81
    endloop
  endfacet
  facet normal -1 0 0
    outer loop
      vertex 34 56.0366 -136.61
      vertex 34 55.1758 -135.247
      vertex 34 55.2859 -135.205
    endloop
  endfacet
  facet normal -1 0 0
    outer loop
      vertex 34 56.4426 -136.232
      vertex 34 55.8258 -135.077
      vertex 34 56.0766 -135.049
    endloop
  endfacet
  facet normal -1 -0 0
    outer loop
      vertex 34 55.9404 -136.678
      vertex 34 55.8689 -136.722
      vertex 34 55.1758 -135.247
    endloop
  endfacet
  facet normal -1 0 -0
    outer loop
      vertex 34 55.1758 -135.247
      vertex 34 55.8689 -136.722
      vertex 34 55.0992 -135.281
    endloop
  endfacet
  facet normal -1 0 -0
    outer loop
      vertex 34 55.0992 -135.281
      vertex 34 55.8689 -136.722
      vertex 34 55.0402 -135.314
    endloop
  endfacet
  facet normal -1 0 -0
    outer loop
      vertex 34 55.0546 -135.305
      vertex 34 55.0992 -135.281
      vertex 34 55.0402 -135.314
    endloop
  endfacet
  facet normal -1 0 0
    outer loop
      vertex 34 55.0402 -135.314
      vertex 34 55.8689 -136.722
      vertex 34 55.8091 -136.753
    endloop
  endfacet
  facet normal -1 0 0
    outer loop
      vertex 34 54.3059 -135.499
      vertex 34 55.0402 -135.314
      vertex 34 55.8091 -136.753
    endloop
  endfacet
  facet normal -1 0 0
    outer loop
      vertex 34 55.8091 -136.753
      vertex 34 55.8689 -136.722
      vertex 34 55.8243 -136.746
    endloop
  endfacet
  facet normal -1 0 0
    outer loop
      vertex 34 55.0402 -135.314
      vertex 34 54.3059 -135.499
      vertex 34 54.2977 -135.483
    endloop
  endfacet
  facet normal -1 0 0
    outer loop
      vertex 34 56.4871 -142.572
      vertex 34 56.8035 -141.068
      vertex 34 56.6721 -142.563
    endloop
  endfacet
  facet normal -1 0 0
    outer loop
      vertex 34 40.2955 -136.162
      vertex 34 40.2041 -136.088
      vertex 34 41.1527 -134.784
    endloop
  endfacet
  facet normal -1 0 0
    outer loop
      vertex 34 49.6358 -138.176
      vertex 34 52.386 -133.613
      vertex 34 53.8734 -134.947
    endloop
  endfacet
  facet normal -1 0 0
    outer loop
      vertex 34 49.0255 -137.775
      vertex 34 48.3241 -137.572
      vertex 34 49.9372 -132.498
    endloop
  endfacet
  facet normal -1 0 0
    outer loop
      vertex 34 53.8734 -134.947
      vertex 34 54.2276 -134.278
      vertex 34 53.8864 -134.959
    endloop
  endfacet
  facet normal -1 0 0
    outer loop
      vertex 34 54.2276 -134.278
      vertex 34 54.2732 -134.228
      vertex 34 54.2395 -134.266
    endloop
  endfacet
  facet normal -1 0 0
    outer loop
      vertex 34 46.8998 -137.811
      vertex 34 44.3482 -133.164
      vertex 34 44.6621 -133.008
    endloop
  endfacet
  facet normal -1 0 0
    outer loop
      vertex 34 54.3923 -134.065
      vertex 34 53.3268 -132.91
      vertex 34 54.4706 -133.936
    endloop
  endfacet
  facet normal -1 0 0
    outer loop
      vertex 34 53.4808 -132.807
      vertex 34 54.6446 -133.571
      vertex 34 54.556 -133.772
    endloop
  endfacet
  facet normal -1 0 0
    outer loop
      vertex 34 53.6701 -132.697
      vertex 34 53.8961 -132.585
      vertex 34 54.6446 -133.571
    endloop
  endfacet
  facet normal -1 0 0
    outer loop
      vertex 34 54.6446 -133.571
      vertex 34 53.8961 -132.585
      vertex 34 54.7321 -133.335
    endloop
  endfacet
  facet normal -1 0 0
    outer loop
      vertex 34 54.7321 -133.335
      vertex 34 53.8961 -132.585
      vertex 34 54.1597 -132.474
    endloop
  endfacet
  facet normal -1 -0 0
    outer loop
      vertex 34 54.8141 -133.06
      vertex 34 54.7321 -133.335
      vertex 34 54.1597 -132.474
    endloop
  endfacet
  facet normal -1 -0 0
    outer loop
      vertex 34 54.8863 -132.749
      vertex 34 54.8141 -133.06
      vertex 34 54.1597 -132.474
    endloop
  endfacet
  facet normal -1 0 -0
    outer loop
      vertex 34 53.6701 -132.697
      vertex 34 54.6446 -133.571
      vertex 34 53.4808 -132.807
    endloop
  endfacet
  facet normal -1 0 0
    outer loop
      vertex 34 53.4808 -132.807
      vertex 34 54.556 -133.772
      vertex 34 54.4706 -133.936
    endloop
  endfacet
  facet normal -1 0 0
    outer loop
      vertex 34 53.3268 -132.91
      vertex 34 53.4808 -132.807
      vertex 34 54.4706 -133.936
    endloop
  endfacet
  facet normal -1 -0 -0
    outer loop
      vertex 34 51.991 -130.831
      vertex 34 52.0297 -131.148
      vertex 34 51.4616 -130.618
    endloop
  endfacet
  facet normal -1 0 0
    outer loop
      vertex 34 53.2063 -133.002
      vertex 34 53.3268 -132.91
      vertex 34 54.3923 -134.065
    endloop
  endfacet
  facet normal -1 0 0
    outer loop
      vertex 34 53.1173 -133.079
      vertex 34 53.2063 -133.002
      vertex 34 54.3923 -134.065
    endloop
  endfacet
  facet normal -1 0 0
    outer loop
      vertex 34 54.3253 -134.162
      vertex 34 53.1173 -133.079
      vertex 34 54.3923 -134.065
    endloop
  endfacet
  facet normal -1 0 0
    outer loop
      vertex 34 54.3253 -134.162
      vertex 34 53.0573 -133.138
      vertex 34 53.1173 -133.079
    endloop
  endfacet
  facet normal -1 -0 0
    outer loop
      vertex 34 54.3253 -134.162
      vertex 34 54.2732 -134.228
      vertex 34 53.0573 -133.138
    endloop
  endfacet
  facet normal -1 0 0
    outer loop
      vertex 34 53.0573 -133.138
      vertex 34 54.2732 -134.228
      vertex 34 54.2276 -134.278
    endloop
  endfacet
  facet normal -1 0 -0
    outer loop
      vertex 34 53.0235 -133.175
      vertex 34 53.0573 -133.138
      vertex 34 53.0129 -133.189
    endloop
  endfacet
  facet normal -1 0 0
    outer loop
      vertex 34 53.0129 -133.189
      vertex 34 53.0573 -133.138
      vertex 34 54.2276 -134.278
    endloop
  endfacet
  facet normal -1 0 0
    outer loop
      vertex 34 53.8734 -134.947
      vertex 34 53.0129 -133.189
      vertex 34 54.2276 -134.278
    endloop
  endfacet
  facet normal -1 0 0
    outer loop
      vertex 34 53.8734 -134.947
      vertex 34 52.386 -133.613
      vertex 34 53.0129 -133.189
    endloop
  endfacet
  facet normal -1 0 0
    outer loop
      vertex 34 52.386 -133.613
      vertex 34 52.3731 -133.602
      vertex 34 53.0129 -133.189
    endloop
  endfacet
  facet normal -1 0 0
    outer loop
      vertex 34 48.3241 -137.572
      vertex 34 49.5964 -132.416
      vertex 34 49.9372 -132.498
    endloop
  endfacet
  facet normal -1 0 -0
    outer loop
      vertex 34 52.0939 -133.42
      vertex 34 52.386 -133.613
      vertex 34 49.0255 -137.775
    endloop
  endfacet
  facet normal -1 0 0
    outer loop
      vertex 34 51.791 -133.243
      vertex 34 51.895 -132.493
      vertex 34 51.8072 -133.25
    endloop
  endfacet
  facet normal -1 0 0
    outer loop
      vertex 34 51.895 -132.493
      vertex 34 51.9209 -132.431
      vertex 34 51.9021 -132.478
    endloop
  endfacet
  facet normal -1 -0 0
    outer loop
      vertex 34 49.0957 -131.546
      vertex 34 47.4618 -131.56
      vertex 34 47.4632 -131.493
    endloop
  endfacet
  facet normal -1 0 0
    outer loop
      vertex 34 51.9771 -132.237
      vertex 34 50.5806 -131.516
      vertex 34 52.0063 -132.088
    endloop
  endfacet
  facet normal -1 0 0
    outer loop
      vertex 34 50.6902 -131.366
      vertex 34 52.0452 -131.687
      vertex 34 52.0304 -131.905
    endloop
  endfacet
  facet normal -1 0 0
    outer loop
      vertex 34 50.8306 -131.199
      vertex 34 51.0044 -131.015
      vertex 34 52.0452 -131.687
    endloop
  endfacet
  facet normal -1 0 0
    outer loop
      vertex 34 52.0452 -131.687
      vertex 34 51.0044 -131.015
      vertex 34 52.0464 -131.434
    endloop
  endfacet
  facet normal -1 0 0
    outer loop
      vertex 34 52.0464 -131.434
      vertex 34 51.0044 -131.015
      vertex 34 51.214 -130.821
    endloop
  endfacet
  facet normal -1 -0 -0
    outer loop
      vertex 34 52.0297 -131.148
      vertex 34 52.0464 -131.434
      vertex 34 51.214 -130.821
    endloop
  endfacet
  facet normal -1 0 -0
    outer loop
      vertex 34 51.4616 -130.618
      vertex 34 52.0297 -131.148
      vertex 34 51.214 -130.821
    endloop
  endfacet
  facet normal -1 0 -0
    outer loop
      vertex 34 50.8306 -131.199
      vertex 34 52.0452 -131.687
      vertex 34 50.6902 -131.366
    endloop
  endfacet
  facet normal -1 0 0
    outer loop
      vertex 34 50.6902 -131.366
      vertex 34 52.0304 -131.905
      vertex 34 52.0063 -132.088
    endloop
  endfacet
  facet normal -1 0 0
    outer loop
      vertex 34 50.5806 -131.516
      vertex 34 50.6902 -131.366
      vertex 34 52.0063 -132.088
    endloop
  endfacet
  facet normal -1 -0 0
    outer loop
      vertex 34 48.6143 -130.019
      vertex 34 47.8807 -130.275
      vertex 34 48.0441 -130
    endloop
  endfacet
  facet normal -1 0 0
    outer loop
      vertex 34 50.4988 -131.643
      vertex 34 50.5806 -131.516
      vertex 34 51.9771 -132.237
    endloop
  endfacet
  facet normal -1 0 0
    outer loop
      vertex 34 50.4415 -131.746
      vertex 34 50.4988 -131.643
      vertex 34 51.9771 -132.237
    endloop
  endfacet
  facet normal -1 0 0
    outer loop
      vertex 34 51.9473 -132.351
      vertex 34 50.4415 -131.746
      vertex 34 51.9771 -132.237
    endloop
  endfacet
  facet normal -1 0 0
    outer loop
      vertex 34 51.9473 -132.351
      vertex 34 50.4053 -131.822
      vertex 34 50.4415 -131.746
    endloop
  endfacet
  facet normal -1 -0 0
    outer loop
      vertex 34 51.9473 -132.351
      vertex 34 51.9209 -132.431
      vertex 34 50.4053 -131.822
    endloop
  endfacet
  facet normal -1 0 0
    outer loop
      vertex 34 50.4053 -131.822
      vertex 34 51.9209 -132.431
      vertex 34 51.895 -132.493
    endloop
  endfacet
  facet normal -1 0 -0
    outer loop
      vertex 34 50.3864 -131.869
      vertex 34 50.4053 -131.822
      vertex 34 50.381 -131.885
    endloop
  endfacet
  facet normal -1 0 0
    outer loop
      vertex 34 50.381 -131.885
      vertex 34 50.4053 -131.822
      vertex 34 51.895 -132.493
    endloop
  endfacet
  facet normal -1 0 0
    outer loop
      vertex 34 51.791 -133.243
      vertex 34 50.381 -131.885
      vertex 34 51.895 -132.493
    endloop
  endfacet
  facet normal -1 0 0
    outer loop
      vertex 34 51.791 -133.243
      vertex 34 49.9372 -132.498
      vertex 34 50.381 -131.885
    endloop
  endfacet
  facet normal -1 0 0
    outer loop
      vertex 34 49.9372 -132.498
      vertex 34 49.921 -132.492
      vertex 34 50.381 -131.885
    endloop
  endfacet
  facet normal -1 0 0
    outer loop
      vertex 34 46.5608 -132.387
      vertex 34 46.9063 -132.328
      vertex 34 47.5939 -137.584
    endloop
  endfacet
  facet normal -1 0 0
    outer loop
      vertex 34 49.2515 -132.354
      vertex 34 49.0926 -131.614
      vertex 34 49.2688 -132.355
    endloop
  endfacet
  facet normal -1 0 0
    outer loop
      vertex 34 49.0926 -131.614
      vertex 34 49.0957 -131.546
      vertex 34 49.0941 -131.597
    endloop
  endfacet
  facet normal -1 0 0
    outer loop
      vertex 34 44.5859 -132.189
      vertex 34 44.5649 -132.108
      vertex 34 46.1071 -131.603
    endloop
  endfacet
  facet normal -1 0 0
    outer loop
      vertex 34 49.0822 -131.345
      vertex 34 47.5232 -131.145
      vertex 34 49.0587 -131.195
    endloop
  endfacet
  facet normal -1 0 0
    outer loop
      vertex 34 47.5751 -130.967
      vertex 34 48.9578 -130.804
      vertex 34 49.0186 -131.015
    endloop
  endfacet
  facet normal -1 0 0
    outer loop
      vertex 34 47.6496 -130.761
      vertex 34 48.8726 -130.567
      vertex 34 48.9578 -130.804
    endloop
  endfacet
  facet normal -1 0 0
    outer loop
      vertex 34 47.6496 -130.761
      vertex 34 47.7503 -130.53
      vertex 34 48.8726 -130.567
    endloop
  endfacet
  facet normal -1 0 0
    outer loop
      vertex 34 48.8726 -130.567
      vertex 34 47.7503 -130.53
      vertex 34 47.8807 -130.275
    endloop
  endfacet
  facet normal -1 -0 -0
    outer loop
      vertex 34 48.7592 -130.304
      vertex 34 48.8726 -130.567
      vertex 34 47.8807 -130.275
    endloop
  endfacet
  facet normal -1 0 -0
    outer loop
      vertex 34 48.6143 -130.019
      vertex 34 48.7592 -130.304
      vertex 34 47.8807 -130.275
    endloop
  endfacet
  facet normal -1 0 -0
    outer loop
      vertex 34 47.6496 -130.761
      vertex 34 48.9578 -130.804
      vertex 34 47.5751 -130.967
    endloop
  endfacet
  facet normal -1 0 0
    outer loop
      vertex 34 47.5751 -130.967
      vertex 34 49.0186 -131.015
      vertex 34 49.0587 -131.195
    endloop
  endfacet
  facet normal -1 0 0
    outer loop
      vertex 34 47.5232 -131.145
      vertex 34 47.5751 -130.967
      vertex 34 49.0587 -131.195
    endloop
  endfacet
  facet normal -1 0 0
    outer loop
      vertex 34 45.1635 -130.411
      vertex 34 44.5618 -130.902
      vertex 34 44.6213 -130.588
    endloop
  endfacet
  facet normal -1 0 0
    outer loop
      vertex 34 47.4899 -131.293
      vertex 34 47.5232 -131.145
      vertex 34 49.0822 -131.345
    endloop
  endfacet
  facet normal -1 0 0
    outer loop
      vertex 34 47.4713 -131.409
      vertex 34 47.4899 -131.293
      vertex 34 49.0822 -131.345
    endloop
  endfacet
  facet normal -1 0 0
    outer loop
      vertex 34 49.0931 -131.462
      vertex 34 47.4713 -131.409
      vertex 34 49.0822 -131.345
    endloop
  endfacet
  facet normal -1 -0 -0
    outer loop
      vertex 34 49.0931 -131.462
      vertex 34 49.0957 -131.546
      vertex 34 47.4713 -131.409
    endloop
  endfacet
  facet normal -1 0 -0
    outer loop
      vertex 34 47.4713 -131.409
      vertex 34 49.0957 -131.546
      vertex 34 47.4632 -131.493
    endloop
  endfacet
  facet normal -1 0 0
    outer loop
      vertex 34 47.4632 -131.493
      vertex 34 47.4618 -131.56
      vertex 34 47.4615 -131.543
    endloop
  endfacet
  facet normal -1 0 0
    outer loop
      vertex 34 49.0957 -131.546
      vertex 34 49.0926 -131.614
      vertex 34 47.4618 -131.56
    endloop
  endfacet
  facet normal -1 0 0
    outer loop
      vertex 34 47.4618 -131.56
      vertex 34 49.0926 -131.614
      vertex 34 49.2515 -132.354
    endloop
  endfacet
  facet normal -1 0 0
    outer loop
      vertex 34 47.2372 -132.288
      vertex 34 47.4618 -131.56
      vertex 34 47.2546 -132.288
    endloop
  endfacet
  facet normal -1 0 0
    outer loop
      vertex 34 42.0041 -135.093
      vertex 34 42.2304 -134.826
      vertex 34 46.3034 -138.232
    endloop
  endfacet
  facet normal -1 0 0
    outer loop
      vertex 34 47.2546 -132.288
      vertex 34 47.4618 -131.56
      vertex 34 49.2515 -132.354
    endloop
  endfacet
  facet normal -1 0 0
    outer loop
      vertex 34 45.6026 -139.495
      vertex 34 45.8578 -138.811
      vertex 34 45.9388 -139.231
    endloop
  endfacet
  facet normal -1 0 0
    outer loop
      vertex 34 46.5608 -132.387
      vertex 34 46.1584 -131.746
      vertex 34 46.5774 -132.382
    endloop
  endfacet
  facet normal -1 0 0
    outer loop
      vertex 34 46.1584 -131.746
      vertex 34 46.1383 -131.681
      vertex 34 46.1541 -131.729
    endloop
  endfacet
  facet normal -1 0 0
    outer loop
      vertex 34 42.0122 -133.658
      vertex 34 43.2657 -132.674
      vertex 34 43.3494 -132.757
    endloop
  endfacet
  facet normal -1 0 0
    outer loop
      vertex 34 44.5425 -131.992
      vertex 34 44.5233 -131.842
      vertex 34 45.9835 -131.364
    endloop
  endfacet
  facet normal -1 0 0
    outer loop
      vertex 34 44.5113 -131.657
      vertex 34 45.755 -131.031
      vertex 34 45.884 -131.208
    endloop
  endfacet
  facet normal -1 0 0
    outer loop
      vertex 34 44.5109 -131.438
      vertex 34 45.5936 -130.837
      vertex 34 45.755 -131.031
    endloop
  endfacet
  facet normal -1 0 0
    outer loop
      vertex 34 44.5109 -131.438
      vertex 34 44.5263 -131.186
      vertex 34 45.5936 -130.837
    endloop
  endfacet
  facet normal -1 -0 0
    outer loop
      vertex 34 45.5936 -130.837
      vertex 34 44.5263 -131.186
      vertex 34 45.3972 -130.629
    endloop
  endfacet
  facet normal -1 0 0
    outer loop
      vertex 34 45.3972 -130.629
      vertex 34 44.5263 -131.186
      vertex 34 44.5618 -130.902
    endloop
  endfacet
  facet normal -1 0 -0
    outer loop
      vertex 34 45.1635 -130.411
      vertex 34 45.3972 -130.629
      vertex 34 44.5618 -130.902
    endloop
  endfacet
  facet normal -1 0 0
    outer loop
      vertex 34 44.5109 -131.438
      vertex 34 45.755 -131.031
      vertex 34 44.5113 -131.657
    endloop
  endfacet
  facet normal -1 0 0
    outer loop
      vertex 34 44.5113 -131.657
      vertex 34 45.884 -131.208
      vertex 34 44.5233 -131.842
    endloop
  endfacet
  facet normal -1 0 0
    outer loop
      vertex 34 44.5233 -131.842
      vertex 34 45.884 -131.208
      vertex 34 45.9835 -131.364
    endloop
  endfacet
  facet normal -1 0 -0
    outer loop
      vertex 34 42.0548 -131.959
      vertex 34 42.3491 -132.084
      vertex 34 41.606 -132.311
    endloop
  endfacet
  facet normal -1 0 0
    outer loop
      vertex 34 44.5425 -131.992
      vertex 34 45.9835 -131.364
      vertex 34 46.0567 -131.497
    endloop
  endfacet
  facet normal -1 0 0
    outer loop
      vertex 34 44.5649 -132.108
      vertex 34 44.5425 -131.992
      vertex 34 46.0567 -131.497
    endloop
  endfacet
  facet normal -1 -0 0
    outer loop
      vertex 34 46.1071 -131.603
      vertex 34 44.5649 -132.108
      vertex 34 46.0567 -131.497
    endloop
  endfacet
  facet normal -1 -0 0
    outer loop
      vertex 34 46.1383 -131.681
      vertex 34 44.5859 -132.189
      vertex 34 46.1071 -131.603
    endloop
  endfacet
  facet normal -1 0 0
    outer loop
      vertex 34 46.1383 -131.681
      vertex 34 44.6076 -132.253
      vertex 34 44.5859 -132.189
    endloop
  endfacet
  facet normal -1 0 0
    outer loop
      vertex 34 44.5859 -132.189
      vertex 34 44.6076 -132.253
      vertex 34 44.6015 -132.237
    endloop
  endfacet
  facet normal -1 0 -0
    outer loop
      vertex 34 46.1383 -131.681
      vertex 34 46.1584 -131.746
      vertex 34 44.6076 -132.253
    endloop
  endfacet
  facet normal -1 0 0
    outer loop
      vertex 34 44.6076 -132.253
      vertex 34 46.1584 -131.746
      vertex 34 44.6621 -133.008
    endloop
  endfacet
  facet normal -1 0 0
    outer loop
      vertex 34 44.6454 -133.014
      vertex 34 44.6076 -132.253
      vertex 34 44.6621 -133.008
    endloop
  endfacet
  facet normal -1 0 0
    outer loop
      vertex 34 44.6621 -133.008
      vertex 34 46.1584 -131.746
      vertex 34 46.5608 -132.387
    endloop
  endfacet
  facet normal -1 0 0
    outer loop
      vertex 34 45.8578 -138.811
      vertex 34 40.8086 -137.111
      vertex 34 40.9487 -136.79
    endloop
  endfacet
  facet normal -1 0 0
    outer loop
      vertex 34 44.0439 -133.338
      vertex 34 43.4464 -132.873
      vertex 34 44.0576 -133.328
    endloop
  endfacet
  facet normal -1 0 0
    outer loop
      vertex 34 43.4464 -132.873
      vertex 34 43.4055 -132.82
      vertex 34 43.4367 -132.86
    endloop
  endfacet
  facet normal -1 0 -0
    outer loop
      vertex 34 40.9043 -134.681
      vertex 34 41.0456 -134.735
      vertex 34 40.2041 -136.088
    endloop
  endfacet
  facet normal -1 0 0
    outer loop
      vertex 34 42.0122 -133.658
      vertex 34 41.9427 -133.523
      vertex 34 43.1515 -132.575
    endloop
  endfacet
  facet normal -1 0 0
    outer loop
      vertex 34 41.8682 -133.353
      vertex 34 41.793 -133.148
      vertex 34 43.0046 -132.462
    endloop
  endfacet
  facet normal -1 0 0
    outer loop
      vertex 34 41.793 -133.148
      vertex 34 41.7213 -132.906
      vertex 34 42.8229 -132.34
    endloop
  endfacet
  facet normal -1 -0 0
    outer loop
      vertex 34 42.8229 -132.34
      vertex 34 41.7213 -132.906
      vertex 34 42.6049 -132.213
    endloop
  endfacet
  facet normal -1 -0 0
    outer loop
      vertex 34 42.6049 -132.213
      vertex 34 41.7213 -132.906
      vertex 34 42.3491 -132.084
    endloop
  endfacet
  facet normal -1 0 0
    outer loop
      vertex 34 42.3491 -132.084
      vertex 34 41.7213 -132.906
      vertex 34 41.6575 -132.627
    endloop
  endfacet
  facet normal -1 0 0
    outer loop
      vertex 34 41.606 -132.311
      vertex 34 42.3491 -132.084
      vertex 34 41.6575 -132.627
    endloop
  endfacet
  facet normal -1 0 0
    outer loop
      vertex 34 41.793 -133.148
      vertex 34 42.8229 -132.34
      vertex 34 43.0046 -132.462
    endloop
  endfacet
  facet normal -1 0 0
    outer loop
      vertex 34 41.8682 -133.353
      vertex 34 43.0046 -132.462
      vertex 34 41.9427 -133.523
    endloop
  endfacet
  facet normal -1 0 0
    outer loop
      vertex 34 41.9427 -133.523
      vertex 34 43.0046 -132.462
      vertex 34 43.1515 -132.575
    endloop
  endfacet
  facet normal -1 0 0
    outer loop
      vertex 34 39.6633 -134.477
      vertex 34 39.5183 -135.241
      vertex 34 39.3619 -134.962
    endloop
  endfacet
  facet normal -1 0 0
    outer loop
      vertex 34 42.0122 -133.658
      vertex 34 43.1515 -132.575
      vertex 34 43.2657 -132.674
    endloop
  endfacet
  facet normal -1 0 0
    outer loop
      vertex 34 42.0727 -133.759
      vertex 34 42.0122 -133.658
      vertex 34 43.3494 -132.757
    endloop
  endfacet
  facet normal -1 0 0
    outer loop
      vertex 34 42.1204 -133.828
      vertex 34 42.0727 -133.759
      vertex 34 43.3494 -132.757
    endloop
  endfacet
  facet normal -1 -0 0
    outer loop
      vertex 34 43.4055 -132.82
      vertex 34 42.1204 -133.828
      vertex 34 43.3494 -132.757
    endloop
  endfacet
  facet normal -1 0 -0
    outer loop
      vertex 34 43.4055 -132.82
      vertex 34 43.4464 -132.873
      vertex 34 42.1204 -133.828
    endloop
  endfacet
  facet normal -1 0 0
    outer loop
      vertex 34 42.1204 -133.828
      vertex 34 42.1626 -133.88
      vertex 34 42.1515 -133.868
    endloop
  endfacet
  facet normal -1 0 0
    outer loop
      vertex 34 42.1204 -133.828
      vertex 34 43.4464 -132.873
      vertex 34 42.1626 -133.88
    endloop
  endfacet
  facet normal -1 0 0
    outer loop
      vertex 34 42.1626 -133.88
      vertex 34 43.4464 -132.873
      vertex 34 42.472 -134.572
    endloop
  endfacet
  facet normal -1 0 0
    outer loop
      vertex 34 42.4583 -134.582
      vertex 34 42.1626 -133.88
      vertex 34 42.472 -134.572
    endloop
  endfacet
  facet normal -1 -0 0
    outer loop
      vertex 34 45.8037 -139.873
      vertex 34 45.5603 -140.224
      vertex 34 45.6026 -139.495
    endloop
  endfacet
  facet normal -1 0 0
    outer loop
      vertex 34 42.472 -134.572
      vertex 34 43.4464 -132.873
      vertex 34 44.0439 -133.338
    endloop
  endfacet
  facet normal -1 -0 0
    outer loop
      vertex 34 45.6026 -139.495
      vertex 34 45.5603 -140.224
      vertex 34 40.2759 -139.395
    endloop
  endfacet
  facet normal -1 0 -0
    outer loop
      vertex 34 44.3482 -133.164
      vertex 34 46.8998 -137.811
      vertex 34 44.0439 -133.338
    endloop
  endfacet
  facet normal -1 0 0
    outer loop
      vertex 34 42.0041 -135.093
      vertex 34 41.2835 -134.861
      vertex 34 42.0133 -135.078
    endloop
  endfacet
  facet normal -1 0 0
    outer loop
      vertex 34 41.2835 -134.861
      vertex 34 41.2268 -134.824
      vertex 34 41.2697 -134.851
    endloop
  endfacet
  facet normal -1 -0 0
    outer loop
      vertex 34 39.6644 -137.431
      vertex 34 39.3362 -138.99
      vertex 34 39.5129 -137.428
    endloop
  endfacet
  facet normal -1 0 0
    outer loop
      vertex 34 40.2041 -136.088
      vertex 34 40.0927 -135.985
      vertex 34 40.9043 -134.681
    endloop
  endfacet
  facet normal -1 0 0
    outer loop
      vertex 34 39.9648 -135.851
      vertex 34 39.8238 -135.684
      vertex 34 40.7277 -134.625
    endloop
  endfacet
  facet normal -1 0 0
    outer loop
      vertex 34 39.8238 -135.684
      vertex 34 40.2668 -134.528
      vertex 34 40.5153 -134.573
    endloop
  endfacet
  facet normal -1 0 0
    outer loop
      vertex 34 39.8238 -135.684
      vertex 34 39.6736 -135.481
      vertex 34 40.2668 -134.528
    endloop
  endfacet
  facet normal -1 -0 0
    outer loop
      vertex 34 40.2668 -134.528
      vertex 34 39.6736 -135.481
      vertex 34 39.9826 -134.494
    endloop
  endfacet
  facet normal -1 0 0
    outer loop
      vertex 34 39.9826 -134.494
      vertex 34 39.6736 -135.481
      vertex 34 39.5183 -135.241
    endloop
  endfacet
  facet normal -1 0 -0
    outer loop
      vertex 34 39.6633 -134.477
      vertex 34 39.9826 -134.494
      vertex 34 39.5183 -135.241
    endloop
  endfacet
  facet normal -1 0 0
    outer loop
      vertex 34 39.8238 -135.684
      vertex 34 40.5153 -134.573
      vertex 34 40.7277 -134.625
    endloop
  endfacet
  facet normal -1 0 0
    outer loop
      vertex 34 39.9648 -135.851
      vertex 34 40.7277 -134.625
      vertex 34 40.0927 -135.985
    endloop
  endfacet
  facet normal -1 0 0
    outer loop
      vertex 34 40.0927 -135.985
      vertex 34 40.7277 -134.625
      vertex 34 40.9043 -134.681
    endloop
  endfacet
  facet normal -1 0 -0
    outer loop
      vertex 34 38.2772 -137.662
      vertex 34 38.5831 -137.569
      vertex 34 38.1597 -138.22
    endloop
  endfacet
  facet normal -1 0 0
    outer loop
      vertex 34 40.2041 -136.088
      vertex 34 41.0456 -134.735
      vertex 34 41.1527 -134.784
    endloop
  endfacet
  facet normal -1 0 0
    outer loop
      vertex 34 40.2955 -136.162
      vertex 34 41.1527 -134.784
      vertex 34 41.2268 -134.824
    endloop
  endfacet
  facet normal -1 0 0
    outer loop
      vertex 34 40.364 -136.211
      vertex 34 40.2955 -136.162
      vertex 34 41.2268 -134.824
    endloop
  endfacet
  facet normal -1 0 0
    outer loop
      vertex 34 40.4216 -136.246
      vertex 34 40.364 -136.211
      vertex 34 41.2268 -134.824
    endloop
  endfacet
  facet normal -1 0 0
    outer loop
      vertex 34 40.4216 -136.246
      vertex 34 40.4069 -136.238
      vertex 34 40.364 -136.211
    endloop
  endfacet
  facet normal -1 -0 0
    outer loop
      vertex 34 41.2835 -134.861
      vertex 34 40.4216 -136.246
      vertex 34 41.2268 -134.824
    endloop
  endfacet
  facet normal -1 0 0
    outer loop
      vertex 34 41.2835 -134.861
      vertex 34 40.9487 -136.79
      vertex 34 40.4216 -136.246
    endloop
  endfacet
  facet normal -1 0 0
    outer loop
      vertex 34 40.4216 -136.246
      vertex 34 40.9487 -136.79
      vertex 34 40.9395 -136.804
    endloop
  endfacet
  facet normal -1 0 -0
    outer loop
      vertex 34 41.2835 -134.861
      vertex 34 42.0041 -135.093
      vertex 34 40.9487 -136.79
    endloop
  endfacet
  facet normal -1 0 0
    outer loop
      vertex 34 40.634 -142.409
      vertex 34 40.5348 -142.073
      vertex 34 45.7348 -140.934
    endloop
  endfacet
  facet normal -1 0 -0
    outer loop
      vertex 34 47.709 -142.181
      vertex 34 48.0415 -142.45
      vertex 34 47.3176 -142.353
    endloop
  endfacet
  facet normal -1 0 0
    outer loop
      vertex 34 39.5129 -137.428
      vertex 34 39.1965 -138.932
      vertex 34 39.3279 -137.437
    endloop
  endfacet
  facet normal -1 -0 0
    outer loop
      vertex 34 40.6875 -137.44
      vertex 34 39.9308 -137.468
      vertex 34 40.6911 -137.423
    endloop
  endfacet
  facet normal -1 0 0
    outer loop
      vertex 34 39.9308 -137.468
      vertex 34 39.8651 -137.453
      vertex 34 39.9146 -137.463
    endloop
  endfacet
  facet normal -1 0 0
    outer loop
      vertex 34 38.717 -141.89
      vertex 34 38.4435 -141.806
      vertex 34 38.5585 -140.779
    endloop
  endfacet
  facet normal -1 0 0
    outer loop
      vertex 34 39.3362 -138.99
      vertex 34 39.1965 -138.932
      vertex 34 39.5129 -137.428
    endloop
  endfacet
  facet normal -1 0 0
    outer loop
      vertex 34 39.0305 -138.85
      vertex 34 38.8408 -138.741
      vertex 34 39.3279 -137.437
    endloop
  endfacet
  facet normal -1 0 0
    outer loop
      vertex 34 38.8408 -138.741
      vertex 34 38.8616 -137.503
      vertex 34 39.1104 -137.46
    endloop
  endfacet
  facet normal -1 0 0
    outer loop
      vertex 34 38.8408 -138.741
      vertex 34 38.6302 -138.601
      vertex 34 38.8616 -137.503
    endloop
  endfacet
  facet normal -1 0 0
    outer loop
      vertex 34 38.8616 -137.503
      vertex 34 38.6302 -138.601
      vertex 34 38.5831 -137.569
    endloop
  endfacet
  facet normal -1 0 -0
    outer loop
      vertex 34 38.5831 -137.569
      vertex 34 38.6302 -138.601
      vertex 34 38.4021 -138.429
    endloop
  endfacet
  facet normal -1 0 0
    outer loop
      vertex 34 38.1597 -138.22
      vertex 34 38.5831 -137.569
      vertex 34 38.4021 -138.429
    endloop
  endfacet
  facet normal -1 0 0
    outer loop
      vertex 34 38.8408 -138.741
      vertex 34 39.1104 -137.46
      vertex 34 39.3279 -137.437
    endloop
  endfacet
  facet normal -1 0 0
    outer loop
      vertex 34 39.0305 -138.85
      vertex 34 39.3279 -137.437
      vertex 34 39.1965 -138.932
    endloop
  endfacet
  facet normal -1 0 -0
    outer loop
      vertex 34 39.6644 -137.431
      vertex 34 39.7818 -137.441
      vertex 34 39.3362 -138.99
    endloop
  endfacet
  facet normal -1 0 0
    outer loop
      vertex 34 39.5513 -140.38
      vertex 34 39.4846 -140.389
      vertex 34 39.5346 -140.382
    endloop
  endfacet
  facet normal -1 0 0
    outer loop
      vertex 34 39.3362 -138.99
      vertex 34 39.7818 -137.441
      vertex 34 39.4476 -139.029
    endloop
  endfacet
  facet normal -1 0 0
    outer loop
      vertex 34 39.4476 -139.029
      vertex 34 39.7818 -137.441
      vertex 34 39.8651 -137.453
    endloop
  endfacet
  facet normal -1 0 0
    outer loop
      vertex 34 39.5287 -139.051
      vertex 34 39.4476 -139.029
      vertex 34 39.8651 -137.453
    endloop
  endfacet
  facet normal -1 0 0
    outer loop
      vertex 34 39.5947 -139.064
      vertex 34 39.5287 -139.051
      vertex 34 39.8651 -137.453
    endloop
  endfacet
  facet normal -1 0 0
    outer loop
      vertex 34 39.5947 -139.064
      vertex 34 39.5781 -139.062
      vertex 34 39.5287 -139.051
    endloop
  endfacet
  facet normal -1 -0 0
    outer loop
      vertex 34 39.9308 -137.468
      vertex 34 39.5947 -139.064
      vertex 34 39.8651 -137.453
    endloop
  endfacet
  facet normal -1 0 -0
    outer loop
      vertex 34 39.9308 -137.468
      vertex 34 40.2759 -139.395
      vertex 34 39.5947 -139.064
    endloop
  endfacet
  facet normal -1 0 0
    outer loop
      vertex 34 39.9308 -137.468
      vertex 34 40.6875 -137.44
      vertex 34 40.2759 -139.395
    endloop
  endfacet
  facet normal -1 0 0
    outer loop
      vertex 34 41.6941 -144.501
      vertex 34 45.7348 -140.934
      vertex 34 46.1106 -141.56
    endloop
  endfacet
  facet normal -1 0 0
    outer loop
      vertex 34 39.5947 -139.064
      vertex 34 40.2759 -139.395
      vertex 34 40.2724 -139.412
    endloop
  endfacet
  facet normal -1 0 0
    outer loop
      vertex 34 41.9023 -144.783
      vertex 34 46.1106 -141.56
      vertex 34 42.1266 -145.053
    endloop
  endfacet
  facet normal -1 0 -0
    outer loop
      vertex 34 39.1452 -140.486
      vertex 34 39.3621 -142.007
      vertex 34 38.9742 -140.557
    endloop
  endfacet
  facet normal -1 0 0
    outer loop
      vertex 34 38.4435 -141.806
      vertex 34 38.1444 -141.693
      vertex 34 38.0639 -141.128
    endloop
  endfacet
  facet normal -1 0 0
    outer loop
      vertex 34 39.5513 -140.38
      vertex 34 40.2504 -140.078
      vertex 34 40.2529 -140.095
    endloop
  endfacet
  facet normal -1 0 0
    outer loop
      vertex 34 40.1311 -143.278
      vertex 34 40.1757 -143.254
      vertex 34 40.1909 -143.247
    endloop
  endfacet
  facet normal -1 0 0
    outer loop
      vertex 34 39.5134 -142.014
      vertex 34 39.3621 -142.007
      vertex 34 39.1452 -140.486
    endloop
  endfacet
  facet normal -1 0 0
    outer loop
      vertex 34 39.178 -141.987
      vertex 34 38.9624 -141.949
      vertex 34 38.9742 -140.557
    endloop
  endfacet
  facet normal -1 0 0
    outer loop
      vertex 34 38.9624 -141.949
      vertex 34 38.5585 -140.779
      vertex 34 38.7777 -140.654
    endloop
  endfacet
  facet normal -1 0 0
    outer loop
      vertex 34 38.9624 -141.949
      vertex 34 38.717 -141.89
      vertex 34 38.5585 -140.779
    endloop
  endfacet
  facet normal -1 0 0
    outer loop
      vertex 34 38.5585 -140.779
      vertex 34 38.4435 -141.806
      vertex 34 38.3194 -140.936
    endloop
  endfacet
  facet normal -1 0 -0
    outer loop
      vertex 34 38.3194 -140.936
      vertex 34 38.4435 -141.806
      vertex 34 38.0639 -141.128
    endloop
  endfacet
  facet normal -1 0 0
    outer loop
      vertex 34 38.7777 -140.654
      vertex 34 38.9742 -140.557
      vertex 34 38.9624 -141.949
    endloop
  endfacet
  facet normal -1 0 0
    outer loop
      vertex 34 38.9742 -140.557
      vertex 34 39.3621 -142.007
      vertex 34 39.178 -141.987
    endloop
  endfacet
  facet normal -1 0 -0
    outer loop
      vertex 34 39.2886 -140.437
      vertex 34 39.5134 -142.014
      vertex 34 39.1452 -140.486
    endloop
  endfacet
  facet normal -1 0 0
    outer loop
      vertex 34 39.2886 -140.437
      vertex 34 39.4022 -140.406
      vertex 34 39.5134 -142.014
    endloop
  endfacet
  facet normal -1 0 0
    outer loop
      vertex 34 41.7268 -145.772
      vertex 34 41.7605 -145.734
      vertex 34 41.7724 -145.722
    endloop
  endfacet
  facet normal -1 0 0
    outer loop
      vertex 34 39.5134 -142.014
      vertex 34 39.4022 -140.406
      vertex 34 39.6312 -142.012
    endloop
  endfacet
  facet normal -1 0 0
    outer loop
      vertex 34 39.6312 -142.012
      vertex 34 39.4022 -140.406
      vertex 34 39.7151 -142.006
    endloop
  endfacet
  facet normal -1 0 0
    outer loop
      vertex 34 39.7151 -142.006
      vertex 34 39.4022 -140.406
      vertex 34 39.4846 -140.389
    endloop
  endfacet
  facet normal -1 0 -0
    outer loop
      vertex 34 39.5513 -140.38
      vertex 34 39.7151 -142.006
      vertex 34 39.4846 -140.389
    endloop
  endfacet
  facet normal -1 0 0
    outer loop
      vertex 34 39.7816 -141.996
      vertex 34 39.7651 -141.999
      vertex 34 39.7151 -142.006
    endloop
  endfacet
  facet normal -1 0 0
    outer loop
      vertex 34 39.5513 -140.38
      vertex 34 39.7816 -141.996
      vertex 34 39.7151 -142.006
    endloop
  endfacet
  facet normal -1 0 0
    outer loop
      vertex 34 39.5513 -140.38
      vertex 34 40.2529 -140.095
      vertex 34 39.7816 -141.996
    endloop
  endfacet
  facet normal -1 0 0
    outer loop
      vertex 34 39.7816 -141.996
      vertex 34 40.5348 -142.073
      vertex 34 40.5373 -142.09
    endloop
  endfacet
  facet normal -1 0 0
    outer loop
      vertex 34 39.7816 -141.996
      vertex 34 40.2529 -140.095
      vertex 34 40.5348 -142.073
    endloop
  endfacet
  facet normal -1 0 0
    outer loop
      vertex 34 47.3176 -142.353
      vertex 34 46.6543 -142.047
      vertex 34 47.0791 -141.998
    endloop
  endfacet
  facet normal -1 0 0
    outer loop
      vertex 34 43.9061 -146.58
      vertex 34 46.6543 -142.047
      vertex 34 44.209 -146.757
    endloop
  endfacet
  facet normal -1 0 0
    outer loop
      vertex 34 39.8456 -143.485
      vertex 34 40.5695 -144.841
      vertex 34 40.3896 -144.884
    endloop
  endfacet
  facet normal -1 0 -0
    outer loop
      vertex 34 39.2234 -144.19
      vertex 34 39.3178 -144.962
      vertex 34 39.049 -144.459
    endloop
  endfacet
  facet normal -1 0 0
    outer loop
      vertex 34 40.1909 -143.247
      vertex 34 40.7445 -142.724
      vertex 34 40.7527 -142.739
    endloop
  endfacet
  facet normal -1 0 0
    outer loop
      vertex 34 40.5695 -144.841
      vertex 34 39.8456 -143.485
      vertex 34 39.9634 -143.39
    endloop
  endfacet
  facet normal -1 0 0
    outer loop
      vertex 34 39.5574 -143.768
      vertex 34 39.7091 -143.611
      vertex 34 40.3896 -144.884
    endloop
  endfacet
  facet normal -1 0 0
    outer loop
      vertex 34 39.9234 -144.951
      vertex 34 39.5574 -143.768
      vertex 34 40.1742 -144.923
    endloop
  endfacet
  facet normal -1 0 0
    outer loop
      vertex 34 39.9234 -144.951
      vertex 34 39.3942 -143.961
      vertex 34 39.5574 -143.768
    endloop
  endfacet
  facet normal -1 0 0
    outer loop
      vertex 34 39.9234 -144.951
      vertex 34 39.2234 -144.19
      vertex 34 39.3942 -143.961
    endloop
  endfacet
  facet normal -1 -0 0
    outer loop
      vertex 34 39.9234 -144.951
      vertex 34 39.6376 -144.966
      vertex 34 39.2234 -144.19
    endloop
  endfacet
  facet normal -1 0 0
    outer loop
      vertex 34 39.2234 -144.19
      vertex 34 39.6376 -144.966
      vertex 34 39.3178 -144.962
    endloop
  endfacet
  facet normal -1 0 0
    outer loop
      vertex 34 39.5574 -143.768
      vertex 34 40.3896 -144.884
      vertex 34 40.1742 -144.923
    endloop
  endfacet
  facet normal -1 0 0
    outer loop
      vertex 34 39.7091 -143.611
      vertex 34 39.8456 -143.485
      vertex 34 40.3896 -144.884
    endloop
  endfacet
  facet normal -1 0 0
    outer loop
      vertex 34 39.9634 -143.39
      vertex 34 40.7141 -144.795
      vertex 34 40.5695 -144.841
    endloop
  endfacet
  facet normal -1 0 0
    outer loop
      vertex 34 39.9634 -143.39
      vertex 34 40.8242 -144.753
      vertex 34 40.7141 -144.795
    endloop
  endfacet
  facet normal -1 0 0
    outer loop
      vertex 34 44.0791 -147.569
      vertex 34 44.0979 -147.522
      vertex 34 44.105 -147.507
    endloop
  endfacet
  facet normal -1 0 0
    outer loop
      vertex 34 39.9634 -143.39
      vertex 34 40.0596 -143.322
      vertex 34 40.8242 -144.753
    endloop
  endfacet
  facet normal -1 0 0
    outer loop
      vertex 34 40.8242 -144.753
      vertex 34 40.0596 -143.322
      vertex 34 40.1311 -143.278
    endloop
  endfacet
  facet normal -1 -0 0
    outer loop
      vertex 34 40.9008 -144.719
      vertex 34 40.8242 -144.753
      vertex 34 40.1311 -143.278
    endloop
  endfacet
  facet normal -1 -0 0
    outer loop
      vertex 34 40.9598 -144.686
      vertex 34 40.9008 -144.719
      vertex 34 40.1311 -143.278
    endloop
  endfacet
  facet normal -1 0 0
    outer loop
      vertex 34 40.9598 -144.686
      vertex 34 40.9454 -144.695
      vertex 34 40.9008 -144.719
    endloop
  endfacet
  facet normal -1 0 -0
    outer loop
      vertex 34 40.1909 -143.247
      vertex 34 40.9598 -144.686
      vertex 34 40.1311 -143.278
    endloop
  endfacet
  facet normal -1 0 0
    outer loop
      vertex 34 40.1909 -143.247
      vertex 34 41.6941 -144.501
      vertex 34 40.9598 -144.686
    endloop
  endfacet
  facet normal -1 0 0
    outer loop
      vertex 34 40.1909 -143.247
      vertex 34 40.7527 -142.739
      vertex 34 41.6941 -144.501
    endloop
  endfacet
  facet normal -1 0 0
    outer loop
      vertex 34 40.9598 -144.686
      vertex 34 41.6941 -144.501
      vertex 34 41.7023 -144.517
    endloop
  endfacet
  facet normal -1 0 0
    outer loop
      vertex 34 46.4036 -147.584
      vertex 34 46.0628 -147.502
      vertex 34 47.3176 -142.353
    endloop
  endfacet
  facet normal -1 0 0
    outer loop
      vertex 34 40.5348 -142.073
      vertex 34 45.5603 -140.224
      vertex 34 45.7348 -140.934
    endloop
  endfacet
  facet normal -1 0 0
    outer loop
      vertex 34 48.0415 -142.45
      vertex 34 48.3647 -142.17
      vertex 34 48.7617 -142.329
    endloop
  endfacet
  facet normal -1 0 0
    outer loop
      vertex 34 41.5294 -146.064
      vertex 34 42.6732 -147.09
      vertex 34 42.5192 -147.193
    endloop
  endfacet
  facet normal -1 0 0
    outer loop
      vertex 34 41.3554 -146.429
      vertex 34 42.5192 -147.193
      vertex 34 42.3299 -147.303
    endloop
  endfacet
  facet normal -1 0 0
    outer loop
      vertex 34 41.7724 -145.722
      vertex 34 42.1136 -145.041
      vertex 34 42.1266 -145.053
    endloop
  endfacet
  facet normal -1 0 0
    outer loop
      vertex 34 42.6732 -147.09
      vertex 34 41.5294 -146.064
      vertex 34 41.6077 -145.935
    endloop
  endfacet
  facet normal -1 0 0
    outer loop
      vertex 34 41.3554 -146.429
      vertex 34 41.444 -146.228
      vertex 34 42.5192 -147.193
    endloop
  endfacet
  facet normal -1 0 0
    outer loop
      vertex 34 42.1039 -147.415
      vertex 34 41.3554 -146.429
      vertex 34 42.3299 -147.303
    endloop
  endfacet
  facet normal -1 0 0
    outer loop
      vertex 34 42.1039 -147.415
      vertex 34 41.2679 -146.665
      vertex 34 41.3554 -146.429
    endloop
  endfacet
  facet normal -1 -0 0
    outer loop
      vertex 34 42.1039 -147.415
      vertex 34 41.8403 -147.526
      vertex 34 41.2679 -146.665
    endloop
  endfacet
  facet normal -1 0 -0
    outer loop
      vertex 34 41.2679 -146.665
      vertex 34 41.8403 -147.526
      vertex 34 41.1859 -146.94
    endloop
  endfacet
  facet normal -1 0 -0
    outer loop
      vertex 34 41.1859 -146.94
      vertex 34 41.8403 -147.526
      vertex 34 41.1137 -147.251
    endloop
  endfacet
  facet normal -1 0 0
    outer loop
      vertex 34 41.1137 -147.251
      vertex 34 41.8403 -147.526
      vertex 34 41.5384 -147.632
    endloop
  endfacet
  facet normal -1 0 0
    outer loop
      vertex 34 41.444 -146.228
      vertex 34 41.5294 -146.064
      vertex 34 42.5192 -147.193
    endloop
  endfacet
  facet normal -1 0 0
    outer loop
      vertex 34 41.6077 -145.935
      vertex 34 42.7937 -146.998
      vertex 34 42.6732 -147.09
    endloop
  endfacet
  facet normal -1 0 0
    outer loop
      vertex 34 41.6077 -145.935
      vertex 34 42.8827 -146.921
      vertex 34 42.7937 -146.998
    endloop
  endfacet
  facet normal -1 0 0
    outer loop
      vertex 34 46.9043 -148.454
      vertex 34 46.9059 -148.403
      vertex 34 46.9074 -148.386
    endloop
  endfacet
  facet normal -1 0 0
    outer loop
      vertex 34 41.6077 -145.935
      vertex 34 41.6747 -145.838
      vertex 34 42.8827 -146.921
    endloop
  endfacet
  facet normal -1 0 0
    outer loop
      vertex 34 42.8827 -146.921
      vertex 34 41.6747 -145.838
      vertex 34 42.9427 -146.862
    endloop
  endfacet
  facet normal -1 0 0
    outer loop
      vertex 34 42.9427 -146.862
      vertex 34 41.6747 -145.838
      vertex 34 41.7268 -145.772
    endloop
  endfacet
  facet normal -1 0 -0
    outer loop
      vertex 34 41.7724 -145.722
      vertex 34 42.9427 -146.862
      vertex 34 41.7268 -145.772
    endloop
  endfacet
  facet normal -1 0 0
    outer loop
      vertex 34 42.9871 -146.811
      vertex 34 42.9765 -146.825
      vertex 34 42.9427 -146.862
    endloop
  endfacet
  facet normal -1 0 0
    outer loop
      vertex 34 41.7724 -145.722
      vertex 34 42.9871 -146.811
      vertex 34 42.9427 -146.862
    endloop
  endfacet
  facet normal -1 0 0
    outer loop
      vertex 34 41.7724 -145.722
      vertex 34 42.1266 -145.053
      vertex 34 42.9871 -146.811
    endloop
  endfacet
  facet normal -1 0 0
    outer loop
      vertex 34 42.9871 -146.811
      vertex 34 42.1266 -145.053
      vertex 34 43.614 -146.387
    endloop
  endfacet
  facet normal -1 -0 0
    outer loop
      vertex 34 49.0937 -147.672
      vertex 34 48.7454 -147.712
      vertex 34 48.0415 -142.45
    endloop
  endfacet
  facet normal -1 0 0
    outer loop
      vertex 34 42.9871 -146.811
      vertex 34 43.614 -146.387
      vertex 34 43.6269 -146.398
    endloop
  endfacet
  facet normal -1 0 0
    outer loop
      vertex 34 47.2546 -132.288
      vertex 34 49.2515 -132.354
      vertex 34 48.3241 -137.572
    endloop
  endfacet
  facet normal -1 0 0
    outer loop
      vertex 34 44.0229 -147.763
      vertex 34 45.5012 -148.357
      vertex 34 45.4194 -148.484
    endloop
  endfacet
  facet normal -1 0 0
    outer loop
      vertex 34 43.9696 -148.095
      vertex 34 43.9937 -147.912
      vertex 34 45.3098 -148.634
    endloop
  endfacet
  facet normal -1 0 0
    outer loop
      vertex 34 44.105 -147.507
      vertex 34 44.1928 -146.75
      vertex 34 44.209 -146.757
    endloop
  endfacet
  facet normal -1 0 0
    outer loop
      vertex 34 45.4194 -148.484
      vertex 34 43.9937 -147.912
      vertex 34 44.0229 -147.763
    endloop
  endfacet
  facet normal -1 0 0
    outer loop
      vertex 34 43.9548 -148.313
      vertex 34 43.9696 -148.095
      vertex 34 45.3098 -148.634
    endloop
  endfacet
  facet normal -1 0 0
    outer loop
      vertex 34 44.9956 -148.985
      vertex 34 43.9548 -148.313
      vertex 34 45.1694 -148.801
    endloop
  endfacet
  facet normal -1 0 0
    outer loop
      vertex 34 44.9956 -148.985
      vertex 34 43.9536 -148.566
      vertex 34 43.9548 -148.313
    endloop
  endfacet
  facet normal -1 -0 0
    outer loop
      vertex 34 44.9956 -148.985
      vertex 34 44.786 -149.179
      vertex 34 43.9536 -148.566
    endloop
  endfacet
  facet normal -1 0 0
    outer loop
      vertex 34 43.9536 -148.566
      vertex 34 44.786 -149.179
      vertex 34 43.9703 -148.852
    endloop
  endfacet
  facet normal -1 0 0
    outer loop
      vertex 34 43.9703 -148.852
      vertex 34 44.786 -149.179
      vertex 34 44.5384 -149.382
    endloop
  endfacet
  facet normal -1 0 0
    outer loop
      vertex 34 44.009 -149.169
      vertex 34 43.9703 -148.852
      vertex 34 44.5384 -149.382
    endloop
  endfacet
  facet normal -1 0 0
    outer loop
      vertex 34 45.1694 -148.801
      vertex 34 43.9548 -148.313
      vertex 34 45.3098 -148.634
    endloop
  endfacet
  facet normal -1 0 0
    outer loop
      vertex 34 45.3098 -148.634
      vertex 34 43.9937 -147.912
      vertex 34 45.4194 -148.484
    endloop
  endfacet
  facet normal -1 0 0
    outer loop
      vertex 34 44.0229 -147.763
      vertex 34 45.5585 -148.254
      vertex 34 45.5012 -148.357
    endloop
  endfacet
  facet normal -1 0 0
    outer loop
      vertex 34 49.8617 -148.319
      vertex 34 49.8459 -148.271
      vertex 34 49.8416 -148.254
    endloop
  endfacet
  facet normal -1 0 0
    outer loop
      vertex 34 44.0229 -147.763
      vertex 34 44.0527 -147.649
      vertex 34 45.5585 -148.254
    endloop
  endfacet
  facet normal -1 0 0
    outer loop
      vertex 34 45.5585 -148.254
      vertex 34 44.0527 -147.649
      vertex 34 45.5947 -148.178
    endloop
  endfacet
  facet normal -1 0 0
    outer loop
      vertex 34 45.5947 -148.178
      vertex 34 44.0527 -147.649
      vertex 34 44.0791 -147.569
    endloop
  endfacet
  facet normal -1 0 -0
    outer loop
      vertex 34 44.105 -147.507
      vertex 34 45.5947 -148.178
      vertex 34 44.0791 -147.569
    endloop
  endfacet
  facet normal -1 0 0
    outer loop
      vertex 34 45.619 -148.115
      vertex 34 45.6136 -148.131
      vertex 34 45.5947 -148.178
    endloop
  endfacet
  facet normal -1 0 0
    outer loop
      vertex 34 44.105 -147.507
      vertex 34 45.619 -148.115
      vertex 34 45.5947 -148.178
    endloop
  endfacet
  facet normal -1 0 0
    outer loop
      vertex 34 44.105 -147.507
      vertex 34 44.209 -146.757
      vertex 34 45.619 -148.115
    endloop
  endfacet
  facet normal -1 0 0
    outer loop
      vertex 34 45.619 -148.115
      vertex 34 44.209 -146.757
      vertex 34 46.0628 -147.502
    endloop
  endfacet
  facet normal -1 -0 0
    outer loop
      vertex 34 51.6518 -146.836
      vertex 34 51.3379 -146.992
      vertex 34 49.4142 -142.001
    endloop
  endfacet
  facet normal -1 0 0
    outer loop
      vertex 34 49.4142 -142.001
      vertex 34 49.5235 -141.587
      vertex 34 49.9411 -141.495
    endloop
  endfacet
  facet normal -1 0 0
    outer loop
      vertex 34 45.619 -148.115
      vertex 34 46.0628 -147.502
      vertex 34 46.079 -147.508
    endloop
  endfacet
  facet normal -1 0 0
    outer loop
      vertex 34 49.0255 -137.775
      vertex 34 51.791 -133.243
      vertex 34 52.0939 -133.42
    endloop
  endfacet
  facet normal -1 0 0
    outer loop
      vertex 34 46.9413 -148.805
      vertex 34 48.4768 -148.855
      vertex 34 48.4249 -149.033
    endloop
  endfacet
  facet normal -1 0 0
    outer loop
      vertex 34 46.9814 -148.985
      vertex 34 46.9413 -148.805
      vertex 34 48.4249 -149.033
    endloop
  endfacet
  facet normal -1 0 0
    outer loop
      vertex 34 46.9074 -148.386
      vertex 34 46.7312 -147.645
      vertex 34 46.7485 -147.646
    endloop
  endfacet
  facet normal -1 0 0
    outer loop
      vertex 34 48.4768 -148.855
      vertex 34 46.9413 -148.805
      vertex 34 46.9178 -148.655
    endloop
  endfacet
  facet normal -1 0 0
    outer loop
      vertex 34 47.0422 -149.196
      vertex 34 46.9814 -148.985
      vertex 34 48.4249 -149.033
    endloop
  endfacet
  facet normal -1 0 0
    outer loop
      vertex 34 47.1274 -149.433
      vertex 34 47.0422 -149.196
      vertex 34 48.3504 -149.239
    endloop
  endfacet
  facet normal -1 0 0
    outer loop
      vertex 34 48.2497 -149.47
      vertex 34 47.1274 -149.433
      vertex 34 48.3504 -149.239
    endloop
  endfacet
  facet normal -1 -0 0
    outer loop
      vertex 34 48.2497 -149.47
      vertex 34 48.1193 -149.725
      vertex 34 47.1274 -149.433
    endloop
  endfacet
  facet normal -1 0 0
    outer loop
      vertex 34 47.1274 -149.433
      vertex 34 48.1193 -149.725
      vertex 34 47.2408 -149.696
    endloop
  endfacet
  facet normal -1 0 0
    outer loop
      vertex 34 47.2408 -149.696
      vertex 34 48.1193 -149.725
      vertex 34 47.3857 -149.981
    endloop
  endfacet
  facet normal -1 0 0
    outer loop
      vertex 34 47.3857 -149.981
      vertex 34 48.1193 -149.725
      vertex 34 47.9559 -150
    endloop
  endfacet
  facet normal -1 0 0
    outer loop
      vertex 34 48.3504 -149.239
      vertex 34 47.0422 -149.196
      vertex 34 48.4249 -149.033
    endloop
  endfacet
  facet normal -1 0 0
    outer loop
      vertex 34 49.8416 -148.254
      vertex 34 49.4226 -147.618
      vertex 34 49.4392 -147.613
    endloop
  endfacet
  facet normal -1 0 0
    outer loop
      vertex 34 46.9178 -148.655
      vertex 34 48.5101 -148.707
      vertex 34 48.4768 -148.855
    endloop
  endfacet
  facet normal -1 0 0
    outer loop
      vertex 34 46.9178 -148.655
      vertex 34 48.5287 -148.591
      vertex 34 48.5101 -148.707
    endloop
  endfacet
  facet normal -1 0 -0
    outer loop
      vertex 34 49.9411 -141.495
      vertex 34 53.528 -145.428
      vertex 34 49.4142 -142.001
    endloop
  endfacet
  facet normal -1 0 0
    outer loop
      vertex 34 46.9178 -148.655
      vertex 34 46.9069 -148.538
      vertex 34 48.5287 -148.591
    endloop
  endfacet
  facet normal -1 0 0
    outer loop
      vertex 34 48.5287 -148.591
      vertex 34 46.9069 -148.538
      vertex 34 46.9043 -148.454
    endloop
  endfacet
  facet normal -1 -0 0
    outer loop
      vertex 34 48.5368 -148.507
      vertex 34 48.5287 -148.591
      vertex 34 46.9043 -148.454
    endloop
  endfacet
  facet normal -1 0 0
    outer loop
      vertex 34 48.5382 -148.44
      vertex 34 48.5368 -148.507
      vertex 34 46.9043 -148.454
    endloop
  endfacet
  facet normal -1 0 -0
    outer loop
      vertex 34 48.5382 -148.44
      vertex 34 48.5385 -148.457
      vertex 34 48.5368 -148.507
    endloop
  endfacet
  facet normal -1 0 -0
    outer loop
      vertex 34 46.9074 -148.386
      vertex 34 48.5382 -148.44
      vertex 34 46.9043 -148.454
    endloop
  endfacet
  facet normal -1 0 0
    outer loop
      vertex 34 46.9074 -148.386
      vertex 34 46.7485 -147.646
      vertex 34 48.5382 -148.44
    endloop
  endfacet
  facet normal -1 0 0
    outer loop
      vertex 34 48.5382 -148.44
      vertex 34 48.7454 -147.712
      vertex 34 48.7628 -147.712
    endloop
  endfacet
  facet normal -1 0 0
    outer loop
      vertex 34 48.5382 -148.44
      vertex 34 46.7485 -147.646
      vertex 34 48.7454 -147.712
    endloop
  endfacet
  facet normal -1 0 -0
    outer loop
      vertex 34 50.2955 -140.856
      vertex 34 55.0513 -143.21
      vertex 34 49.9411 -141.495
    endloop
  endfacet
  facet normal -1 0 0
    outer loop
      vertex 34 53.7696 -145.174
      vertex 34 49.9411 -141.495
      vertex 34 53.9959 -144.907
    endloop
  endfacet
  facet normal -1 0 0
    outer loop
      vertex 34 49.9433 -148.503
      vertex 34 51.4575 -148.008
      vertex 34 50.0165 -148.636
    endloop
  endfacet
  facet normal -1 0 0
    outer loop
      vertex 34 50.116 -148.792
      vertex 34 51.4767 -148.158
      vertex 34 51.4887 -148.343
    endloop
  endfacet
  facet normal -1 0 0
    outer loop
      vertex 34 52.5945 -147.18
      vertex 34 52.5633 -147.14
      vertex 34 52.5536 -147.127
    endloop
  endfacet
  facet normal -1 -0 0
    outer loop
      vertex 34 51.4767 -148.158
      vertex 34 50.0165 -148.636
      vertex 34 51.4575 -148.008
    endloop
  endfacet
  facet normal -1 0 0
    outer loop
      vertex 34 50.245 -148.969
      vertex 34 50.116 -148.792
      vertex 34 51.4887 -148.343
    endloop
  endfacet
  facet normal -1 0 0
    outer loop
      vertex 34 50.4064 -149.163
      vertex 34 50.245 -148.969
      vertex 34 51.4891 -148.562
    endloop
  endfacet
  facet normal -1 -0 0
    outer loop
      vertex 34 51.4737 -148.814
      vertex 34 50.4064 -149.163
      vertex 34 51.4891 -148.562
    endloop
  endfacet
  facet normal -1 0 0
    outer loop
      vertex 34 51.4737 -148.814
      vertex 34 50.6028 -149.371
      vertex 34 50.4064 -149.163
    endloop
  endfacet
  facet normal -1 0 0
    outer loop
      vertex 34 51.4737 -148.814
      vertex 34 51.4382 -149.098
      vertex 34 50.6028 -149.371
    endloop
  endfacet
  facet normal -1 0 0
    outer loop
      vertex 34 50.6028 -149.371
      vertex 34 51.4382 -149.098
      vertex 34 50.8365 -149.589
    endloop
  endfacet
  facet normal -1 0 0
    outer loop
      vertex 34 50.8365 -149.589
      vertex 34 51.4382 -149.098
      vertex 34 51.3787 -149.412
    endloop
  endfacet
  facet normal -1 -0 0
    outer loop
      vertex 34 51.4891 -148.562
      vertex 34 50.245 -148.969
      vertex 34 51.4887 -148.343
    endloop
  endfacet
  facet normal -1 0 0
    outer loop
      vertex 34 49.9411 -141.495
      vertex 34 55.0513 -143.21
      vertex 34 53.9959 -144.907
    endloop
  endfacet
  facet normal -1 0 0
    outer loop
      vertex 34 50.116 -148.792
      vertex 34 50.0165 -148.636
      vertex 34 51.4767 -148.158
    endloop
  endfacet
  facet normal -1 0 0
    outer loop
      vertex 34 51.9424 -146.672
      vertex 34 51.9561 -146.662
      vertex 34 52.5536 -147.127
    endloop
  endfacet
  facet normal -1 0 0
    outer loop
      vertex 34 49.9433 -148.503
      vertex 34 51.4351 -147.892
      vertex 34 51.4575 -148.008
    endloop
  endfacet
  facet normal -1 0 0
    outer loop
      vertex 34 49.9433 -148.503
      vertex 34 49.8929 -148.397
      vertex 34 51.4351 -147.892
    endloop
  endfacet
  facet normal -1 -0 0
    outer loop
      vertex 34 51.4351 -147.892
      vertex 34 49.8929 -148.397
      vertex 34 51.4141 -147.811
    endloop
  endfacet
  facet normal -1 0 0
    outer loop
      vertex 34 51.4141 -147.811
      vertex 34 49.8929 -148.397
      vertex 34 49.8617 -148.319
    endloop
  endfacet
  facet normal -1 0 -0
    outer loop
      vertex 34 51.3924 -147.747
      vertex 34 51.4141 -147.811
      vertex 34 49.8617 -148.319
    endloop
  endfacet
  facet normal -1 0 0
    outer loop
      vertex 34 51.3924 -147.747
      vertex 34 51.3985 -147.763
      vertex 34 51.4141 -147.811
    endloop
  endfacet
  facet normal -1 0 0
    outer loop
      vertex 34 49.8416 -148.254
      vertex 34 51.3924 -147.747
      vertex 34 49.8617 -148.319
    endloop
  endfacet
  facet normal -1 0 0
    outer loop
      vertex 34 49.8416 -148.254
      vertex 34 51.3379 -146.992
      vertex 34 51.3924 -147.747
    endloop
  endfacet
  facet normal -1 0 0
    outer loop
      vertex 34 49.8416 -148.254
      vertex 34 49.4392 -147.613
      vertex 34 51.3379 -146.992
    endloop
  endfacet
  facet normal -1 0 0
    outer loop
      vertex 34 49.9411 -141.495
      vertex 34 53.7696 -145.174
      vertex 34 53.528 -145.428
    endloop
  endfacet
  facet normal -1 0 0
    outer loop
      vertex 34 51.3924 -147.747
      vertex 34 51.3379 -146.992
      vertex 34 51.3546 -146.986
    endloop
  endfacet
  facet normal -1 0 0
    outer loop
      vertex 34 51.9561 -146.662
      vertex 34 49.4142 -142.001
      vertex 34 53.528 -145.428
    endloop
  endfacet
  facet normal -1 0 0
    outer loop
      vertex 34 50.2955 -140.856
      vertex 34 55.1914 -142.889
      vertex 34 55.0513 -143.21
    endloop
  endfacet
  facet normal -1 0 0
    outer loop
      vertex 34 52.9954 -147.538
      vertex 34 54.0573 -146.477
      vertex 34 54.1318 -146.647
    endloop
  endfacet
  facet normal -1 -0 0
    outer loop
      vertex 34 54.0573 -146.477
      vertex 34 52.8485 -147.425
      vertex 34 53.9878 -146.342
    endloop
  endfacet
  facet normal -1 -0 0
    outer loop
      vertex 34 54.207 -146.852
      vertex 34 52.9954 -147.538
      vertex 34 54.1318 -146.647
    endloop
  endfacet
  facet normal -1 -0 0
    outer loop
      vertex 34 54.2787 -147.094
      vertex 34 53.1771 -147.66
      vertex 34 54.207 -146.852
    endloop
  endfacet
  facet normal -1 0 0
    outer loop
      vertex 34 54.2787 -147.094
      vertex 34 53.3951 -147.787
      vertex 34 53.1771 -147.66
    endloop
  endfacet
  facet normal -1 0 0
    outer loop
      vertex 34 54.2787 -147.094
      vertex 34 53.6509 -147.916
      vertex 34 53.3951 -147.787
    endloop
  endfacet
  facet normal -1 0 -0
    outer loop
      vertex 34 54.2787 -147.094
      vertex 34 54.3425 -147.373
      vertex 34 53.6509 -147.916
    endloop
  endfacet
  facet normal -1 0 0
    outer loop
      vertex 34 53.6509 -147.916
      vertex 34 54.3425 -147.373
      vertex 34 54.394 -147.689
    endloop
  endfacet
  facet normal -1 0 0
    outer loop
      vertex 34 53.9452 -148.041
      vertex 34 53.6509 -147.916
      vertex 34 54.394 -147.689
    endloop
  endfacet
  facet normal -1 0 0
    outer loop
      vertex 34 54.207 -146.852
      vertex 34 53.1771 -147.66
      vertex 34 52.9954 -147.538
    endloop
  endfacet
  facet normal -1 0 0
    outer loop
      vertex 34 55.1914 -142.889
      vertex 34 50.2955 -140.856
      vertex 34 55.3125 -142.56
    endloop
  endfacet
  facet normal -1 0 0
    outer loop
      vertex 34 54.0573 -146.477
      vertex 34 52.9954 -147.538
      vertex 34 52.8485 -147.425
    endloop
  endfacet
  facet normal -1 0 0
    outer loop
      vertex 34 54.7165 -145.139
      vertex 34 54.7732 -145.176
      vertex 34 54.7303 -145.149
    endloop
  endfacet
  facet normal -1 0 0
    outer loop
      vertex 34 53.9878 -146.342
      vertex 34 52.8485 -147.425
      vertex 34 52.7343 -147.326
    endloop
  endfacet
  facet normal -1 -0 0
    outer loop
      vertex 34 56.0352 -144.149
      vertex 34 55.2723 -145.375
      vertex 34 55.9073 -144.015
    endloop
  endfacet
  facet normal -1 0 0
    outer loop
      vertex 34 52.6506 -147.243
      vertex 34 53.9878 -146.342
      vertex 34 52.7343 -147.326
    endloop
  endfacet
  facet normal -1 0 0
    outer loop
      vertex 34 52.6506 -147.243
      vertex 34 53.9273 -146.241
      vertex 34 53.9878 -146.342
    endloop
  endfacet
  facet normal -1 0 0
    outer loop
      vertex 34 52.6506 -147.243
      vertex 34 53.8796 -146.172
      vertex 34 53.9273 -146.241
    endloop
  endfacet
  facet normal -1 0 0
    outer loop
      vertex 34 52.6506 -147.243
      vertex 34 52.5945 -147.18
      vertex 34 53.8796 -146.172
    endloop
  endfacet
  facet normal -1 0 0
    outer loop
      vertex 34 53.8796 -146.172
      vertex 34 52.5945 -147.18
      vertex 34 52.5536 -147.127
    endloop
  endfacet
  facet normal -1 0 -0
    outer loop
      vertex 34 50.4459 -140.142
      vertex 34 55.3125 -142.56
      vertex 34 50.2955 -140.856
    endloop
  endfacet
  facet normal -1 -0 -0
    outer loop
      vertex 34 53.8485 -146.132
      vertex 34 53.8796 -146.172
      vertex 34 53.8374 -146.12
    endloop
  endfacet
  facet normal -1 0 -0
    outer loop
      vertex 34 53.8374 -146.12
      vertex 34 53.8796 -146.172
      vertex 34 52.5536 -147.127
    endloop
  endfacet
  facet normal -1 0 -0
    outer loop
      vertex 34 53.528 -145.428
      vertex 34 53.8374 -146.12
      vertex 34 52.5536 -147.127
    endloop
  endfacet
  facet normal -1 0 0
    outer loop
      vertex 34 51.9561 -146.662
      vertex 34 53.528 -145.428
      vertex 34 52.5536 -147.127
    endloop
  endfacet
  facet normal -1 0 0
    outer loop
      vertex 34 53.528 -145.428
      vertex 34 53.5417 -145.418
      vertex 34 53.8374 -146.12
    endloop
  endfacet
  facet normal -1 0 -0
    outer loop
      vertex 34 53.9959 -144.907
      vertex 34 54.7165 -145.139
      vertex 34 53.9867 -144.922
    endloop
  endfacet
  facet normal -1 0 -0
    outer loop
      vertex 34 55.7959 -143.912
      vertex 34 55.9073 -144.015
      vertex 34 55.0957 -145.319
    endloop
  endfacet
  facet normal -1 0 -0
    outer loop
      vertex 34 56.0352 -144.149
      vertex 34 56.1762 -144.316
      vertex 34 55.2723 -145.375
    endloop
  endfacet
  facet normal -1 0 0
    outer loop
      vertex 34 55.7332 -145.472
      vertex 34 55.4847 -145.427
      vertex 34 56.1762 -144.316
    endloop
  endfacet
  facet normal -1 -0 0
    outer loop
      vertex 34 56.3264 -144.519
      vertex 34 55.7332 -145.472
      vertex 34 56.1762 -144.316
    endloop
  endfacet
  facet normal -1 0 0
    outer loop
      vertex 34 56.3264 -144.519
      vertex 34 56.0174 -145.506
      vertex 34 55.7332 -145.472
    endloop
  endfacet
  facet normal -1 0 -0
    outer loop
      vertex 34 56.3264 -144.519
      vertex 34 56.4817 -144.759
      vertex 34 56.0174 -145.506
    endloop
  endfacet
  facet normal -1 0 0
    outer loop
      vertex 34 56.0174 -145.506
      vertex 34 56.4817 -144.759
      vertex 34 56.3367 -145.523
    endloop
  endfacet
  facet normal -1 0 0
    outer loop
      vertex 34 56.3367 -145.523
      vertex 34 56.4817 -144.759
      vertex 34 56.6381 -145.038
    endloop
  endfacet
  facet normal -1 0 0
    outer loop
      vertex 34 56.1762 -144.316
      vertex 34 55.4847 -145.427
      vertex 34 55.2723 -145.375
    endloop
  endfacet
  facet normal -1 -0 0
    outer loop
      vertex 34 55.7458 -140.255
      vertex 34 55.7241 -140.605
      vertex 34 50.4459 -140.142
    endloop
  endfacet
  facet normal -1 0 0
    outer loop
      vertex 34 55.2723 -145.375
      vertex 34 55.0957 -145.319
      vertex 34 55.9073 -144.015
    endloop
  endfacet
  facet normal -1 0 0
    outer loop
      vertex 34 55.0957 -145.319
      vertex 34 54.9544 -145.265
      vertex 34 55.7959 -143.912
    endloop
  endfacet
  facet normal -1 0 0
    outer loop
      vertex 34 55.7959 -143.912
      vertex 34 54.9544 -145.265
      vertex 34 54.8473 -145.216
    endloop
  endfacet
  facet normal -1 0 -0
    outer loop
      vertex 34 55.7045 -143.838
      vertex 34 55.7959 -143.912
      vertex 34 54.8473 -145.216
    endloop
  endfacet
  facet normal -1 0 0
    outer loop
      vertex 34 54.7732 -145.176
      vertex 34 55.7045 -143.838
      vertex 34 54.8473 -145.216
    endloop
  endfacet
  facet normal -1 0 0
    outer loop
      vertex 34 54.7732 -145.176
      vertex 34 55.636 -143.789
      vertex 34 55.7045 -143.838
    endloop
  endfacet
  facet normal -1 0 0
    outer loop
      vertex 34 54.7732 -145.176
      vertex 34 55.5784 -143.754
      vertex 34 55.636 -143.789
    endloop
  endfacet
  facet normal -1 0 0
    outer loop
      vertex 34 55.636 -143.789
      vertex 34 55.5784 -143.754
      vertex 34 55.5931 -143.762
    endloop
  endfacet
  facet normal -1 0 0
    outer loop
      vertex 34 54.7732 -145.176
      vertex 34 54.7165 -145.139
      vertex 34 55.5784 -143.754
    endloop
  endfacet
  facet normal -1 -0 0
    outer loop
      vertex 34 55.5784 -143.754
      vertex 34 54.7165 -145.139
      vertex 34 55.0513 -143.21
    endloop
  endfacet
  facet normal -1 0 -0
    outer loop
      vertex 34 55.0605 -143.196
      vertex 34 55.5784 -143.754
      vertex 34 55.0513 -143.21
    endloop
  endfacet
  facet normal -1 0 0
    outer loop
      vertex 34 50.1007 -138.739
      vertex 34 53.8734 -134.947
      vertex 34 54.0977 -135.217
    endloop
  endfacet
  facet normal -1 0 0
    outer loop
      vertex 34 55.0513 -143.21
      vertex 34 54.7165 -145.139
      vertex 34 53.9959 -144.907
    endloop
  endfacet
  facet normal -1 0 0
    outer loop
      vertex 34 50.1907 -139.798
      vertex 34 50.379 -139.414
      vertex 34 50.4459 -140.142
    endloop
  endfacet
  facet normal -1 0 0
    outer loop
      vertex 34 55.7471 -139.905
      vertex 34 55.7458 -140.255
      vertex 34 50.4459 -140.142
    endloop
  endfacet
  facet normal -1 0 0
    outer loop
      vertex 34 56.6721 -142.563
      vertex 34 56.8035 -141.068
      vertex 34 56.9695 -141.15
    endloop
  endfacet
  facet normal -1 0 0
    outer loop
      vertex 34 56.0692 -142.532
      vertex 34 55.3089 -142.577
      vertex 34 55.3125 -142.56
    endloop
  endfacet
  facet normal -1 0 0
    outer loop
      vertex 34 56.1349 -142.547
      vertex 34 56.0854 -142.537
      vertex 34 56.0692 -142.532
    endloop
  endfacet
  facet normal -1 -0 0
    outer loop
      vertex 34 56.8035 -141.068
      vertex 34 56.4871 -142.572
      vertex 34 56.6638 -141.01
    endloop
  endfacet
  facet normal -1 -0 0
    outer loop
      vertex 34 57.1592 -141.259
      vertex 34 56.6721 -142.563
      vertex 34 56.9695 -141.15
    endloop
  endfacet
  facet normal -1 -0 0
    outer loop
      vertex 34 57.1384 -142.497
      vertex 34 56.8896 -142.54
      vertex 34 57.1592 -141.259
    endloop
  endfacet
  facet normal -1 -0 0
    outer loop
      vertex 34 57.3698 -141.399
      vertex 34 57.1384 -142.497
      vertex 34 57.1592 -141.259
    endloop
  endfacet
  facet normal -1 0 -0
    outer loop
      vertex 34 57.3698 -141.399
      vertex 34 57.4169 -142.431
      vertex 34 57.1384 -142.497
    endloop
  endfacet
  facet normal -1 0 0
    outer loop
      vertex 34 57.3698 -141.399
      vertex 34 57.5979 -141.571
      vertex 34 57.4169 -142.431
    endloop
  endfacet
  facet normal -1 0 0
    outer loop
      vertex 34 57.4169 -142.431
      vertex 34 57.5979 -141.571
      vertex 34 57.8403 -141.78
    endloop
  endfacet
  facet normal -1 0 0
    outer loop
      vertex 34 57.1592 -141.259
      vertex 34 56.8896 -142.54
      vertex 34 56.6721 -142.563
    endloop
  endfacet
  facet normal -1 0 0
    outer loop
      vertex 34 57.8403 -141.78
      vertex 34 57.7228 -142.338
      vertex 34 57.4169 -142.431
    endloop
  endfacet
  facet normal -1 0 0
    outer loop
      vertex 34 50.379 -139.414
      vertex 34 55.7471 -139.905
      vertex 34 50.4459 -140.142
    endloop
  endfacet
  facet normal -1 0 0
    outer loop
      vertex 34 56.6638 -141.01
      vertex 34 56.4871 -142.572
      vertex 34 56.3356 -142.569
    endloop
  endfacet
  facet normal -1 0 0
    outer loop
      vertex 34 56.2182 -142.559
      vertex 34 56.6638 -141.01
      vertex 34 56.3356 -142.569
    endloop
  endfacet
  facet normal -1 0 0
    outer loop
      vertex 34 56.2182 -142.559
      vertex 34 56.5524 -140.971
      vertex 34 56.6638 -141.01
    endloop
  endfacet
  facet normal -1 0 0
    outer loop
      vertex 34 56.2182 -142.559
      vertex 34 56.1349 -142.547
      vertex 34 56.5524 -140.971
    endloop
  endfacet
  facet normal -1 -0 0
    outer loop
      vertex 34 56.5524 -140.971
      vertex 34 56.1349 -142.547
      vertex 34 56.4713 -140.949
    endloop
  endfacet
  facet normal -1 -0 0
    outer loop
      vertex 34 56.4713 -140.949
      vertex 34 56.1349 -142.547
      vertex 34 56.4053 -140.936
    endloop
  endfacet
  facet normal -1 -0 -0
    outer loop
      vertex 34 56.4219 -140.938
      vertex 34 56.4713 -140.949
      vertex 34 56.4053 -140.936
    endloop
  endfacet
  facet normal -1 0 0
    outer loop
      vertex 34 56.4053 -140.936
      vertex 34 56.1349 -142.547
      vertex 34 56.0692 -142.532
    endloop
  endfacet
  facet normal -1 0 0
    outer loop
      vertex 34 55.7241 -140.605
      vertex 34 56.4053 -140.936
      vertex 34 56.0692 -142.532
    endloop
  endfacet
  facet normal -1 0 0
    outer loop
      vertex 34 55.3125 -142.56
      vertex 34 55.7241 -140.605
      vertex 34 56.0692 -142.532
    endloop
  endfacet
  facet normal -1 0 0
    outer loop
      vertex 34 55.7241 -140.605
      vertex 34 55.7276 -140.588
      vertex 34 56.4053 -140.936
    endloop
  endfacet
  facet normal -1 0 0
    outer loop
      vertex 34 50.379 -139.414
      vertex 34 55.4652 -137.927
      vertex 34 55.7471 -139.905
    endloop
  endfacet
  facet normal -1 0 0
    outer loop
      vertex 34 56.7114 -139.563
      vertex 34 56.4866 -137.986
      vertex 34 56.8548 -139.514
    endloop
  endfacet
  facet normal -1 0 0
    outer loop
      vertex 34 50.379 -139.414
      vertex 34 55.366 -137.591
      vertex 34 55.4652 -137.927
    endloop
  endfacet
  facet normal -1 0 0
    outer loop
      vertex 34 55.7471 -139.905
      vertex 34 56.4487 -139.62
      vertex 34 55.7496 -139.922
    endloop
  endfacet
  facet normal -1 -0 0
    outer loop
      vertex 34 56.4654 -139.618
      vertex 34 56.4487 -139.62
      vertex 34 56.5154 -139.611
    endloop
  endfacet
  facet normal -1 0 0
    outer loop
      vertex 34 56.8548 -139.514
      vertex 34 56.4866 -137.986
      vertex 34 56.6379 -137.993
    endloop
  endfacet
  facet normal -1 0 0
    outer loop
      vertex 34 57.0258 -139.443
      vertex 34 56.822 -138.013
      vertex 34 57.0376 -138.051
    endloop
  endfacet
  facet normal -1 0 0
    outer loop
      vertex 34 57.2223 -139.346
      vertex 34 57.0376 -138.051
      vertex 34 57.4415 -139.221
    endloop
  endfacet
  facet normal -1 -0 0
    outer loop
      vertex 34 57.2223 -139.346
      vertex 34 57.0258 -139.443
      vertex 34 57.0376 -138.051
    endloop
  endfacet
  facet normal -1 -0 -0
    outer loop
      vertex 34 57.283 -138.11
      vertex 34 57.4415 -139.221
      vertex 34 57.0376 -138.051
    endloop
  endfacet
  facet normal -1 0 0
    outer loop
      vertex 34 57.283 -138.11
      vertex 34 57.5565 -138.194
      vertex 34 57.4415 -139.221
    endloop
  endfacet
  facet normal -1 0 0
    outer loop
      vertex 34 57.4415 -139.221
      vertex 34 57.5565 -138.194
      vertex 34 57.6806 -139.064
    endloop
  endfacet
  facet normal -1 -0 0
    outer loop
      vertex 34 57.9361 -138.872
      vertex 34 57.6806 -139.064
      vertex 34 57.5565 -138.194
    endloop
  endfacet
  facet normal -1 -0 -0
    outer loop
      vertex 34 57.8556 -138.307
      vertex 34 57.9361 -138.872
      vertex 34 57.5565 -138.194
    endloop
  endfacet
  facet normal -1 0 0
    outer loop
      vertex 34 55.9404 -136.678
      vertex 34 55.1758 -135.247
      vertex 34 56.0366 -136.61
    endloop
  endfacet
  facet normal -1 -0 -0
    outer loop
      vertex 34 56.822 -138.013
      vertex 34 57.0258 -139.443
      vertex 34 56.6379 -137.993
    endloop
  endfacet
  facet normal -1 0 0
    outer loop
      vertex 34 56.6379 -137.993
      vertex 34 57.0258 -139.443
      vertex 34 56.8548 -139.514
    endloop
  endfacet
  facet normal -1 0 0
    outer loop
      vertex 34 56.5978 -139.594
      vertex 34 56.4866 -137.986
      vertex 34 56.7114 -139.563
    endloop
  endfacet
  facet normal -1 -0 0
    outer loop
      vertex 34 56.7766 -135.81
      vertex 34 56.6058 -136.039
      vertex 34 56.0766 -135.049
    endloop
  endfacet
  facet normal -1 0 0
    outer loop
      vertex 34 56.5978 -139.594
      vertex 34 56.3688 -137.988
      vertex 34 56.4866 -137.986
    endloop
  endfacet
  facet normal -1 0 0
    outer loop
      vertex 34 56.2909 -136.389
      vertex 34 55.6104 -135.116
      vertex 34 56.4426 -136.232
    endloop
  endfacet
  facet normal -1 0 0
    outer loop
      vertex 34 56.5978 -139.594
      vertex 34 56.2849 -137.994
      vertex 34 56.3688 -137.988
    endloop
  endfacet
  facet normal -1 0 0
    outer loop
      vertex 34 55.4305 -135.159
      vertex 34 56.1544 -136.515
      vertex 34 56.0366 -136.61
    endloop
  endfacet
  facet normal -1 -0 0
    outer loop
      vertex 34 56.5978 -139.594
      vertex 34 56.5154 -139.611
      vertex 34 56.2849 -137.994
    endloop
  endfacet
  facet normal -1 0 0
    outer loop
      vertex 34 56.2849 -137.994
      vertex 34 56.5154 -139.611
      vertex 34 56.4487 -139.62
    endloop
  endfacet
  facet normal -1 0 -0
    outer loop
      vertex 34 56.2349 -138.001
      vertex 34 56.2849 -137.994
      vertex 34 56.2184 -138.004
    endloop
  endfacet
  facet normal -1 0 0
    outer loop
      vertex 34 55.2473 -137.261
      vertex 34 55.8091 -136.753
      vertex 34 55.2555 -137.276
    endloop
  endfacet
  facet normal -1 0 0
    outer loop
      vertex 34 56.2184 -138.004
      vertex 34 56.2849 -137.994
      vertex 34 56.4487 -139.62
    endloop
  endfacet
  facet normal -1 0 0
    outer loop
      vertex 34 55.7471 -139.905
      vertex 34 56.2184 -138.004
      vertex 34 56.4487 -139.62
    endloop
  endfacet
  facet normal -1 0 0
    outer loop
      vertex 34 55.4652 -137.927
      vertex 34 55.4627 -137.91
      vertex 34 56.2184 -138.004
    endloop
  endfacet
  facet normal -1 0 0
    outer loop
      vertex 34 55.7471 -139.905
      vertex 34 55.4652 -137.927
      vertex 34 56.2184 -138.004
    endloop
  endfacet
  facet normal -1 -0 0
    outer loop
      vertex 34 55.366 -137.591
      vertex 34 50.379 -139.414
      vertex 34 55.2473 -137.261
    endloop
  endfacet
  facet normal -1 -0 0
    outer loop
      vertex 34 55.8091 -136.753
      vertex 34 55.2473 -137.261
      vertex 34 54.3059 -135.499
    endloop
  endfacet
  facet normal -1 -0 0
    outer loop
      vertex 34 55.2473 -137.261
      vertex 34 50.1007 -138.739
      vertex 34 54.3059 -135.499
    endloop
  endfacet
  facet normal -1 0 0
    outer loop
      vertex 34 56.0366 -136.61
      vertex 34 55.2859 -135.205
      vertex 34 55.4305 -135.159
    endloop
  endfacet
  facet normal -1 0 0
    outer loop
      vertex 34 55.4305 -135.159
      vertex 34 55.6104 -135.116
      vertex 34 56.1544 -136.515
    endloop
  endfacet
  facet normal -1 0 0
    outer loop
      vertex 34 56.1544 -136.515
      vertex 34 55.6104 -135.116
      vertex 34 56.2909 -136.389
    endloop
  endfacet
  facet normal -1 0 0
    outer loop
      vertex 34 56.4426 -136.232
      vertex 34 55.6104 -135.116
      vertex 34 55.8258 -135.077
    endloop
  endfacet
  facet normal -1 -0 0
    outer loop
      vertex 34 56.6058 -136.039
      vertex 34 56.4426 -136.232
      vertex 34 56.0766 -135.049
    endloop
  endfacet
  facet normal -1 0 -0
    outer loop
      vertex 34 56.3624 -135.034
      vertex 34 56.7766 -135.81
      vertex 34 56.0766 -135.049
    endloop
  endfacet
  facet normal -1 -0 0
    outer loop
      vertex 34 56.951 -135.541
      vertex 34 56.7766 -135.81
      vertex 34 56.6822 -135.038
    endloop
  endfacet
  facet normal -1 0 0
    outer loop
      vertex 34 55.3125 -142.56
      vertex 34 50.4459 -140.142
      vertex 34 55.7241 -140.605
    endloop
  endfacet
  facet normal -1 -0 0
    outer loop
      vertex 34 49.4142 -142.001
      vertex 34 48.7617 -142.329
      vertex 34 48.9879 -141.966
    endloop
  endfacet
  facet normal -1 0 0
    outer loop
      vertex 34 51.3379 -146.992
      vertex 34 48.7617 -142.329
      vertex 34 49.4142 -142.001
    endloop
  endfacet
  facet normal -1 0 0
    outer loop
      vertex 34 50.1528 -140.453
      vertex 34 50.4459 -140.142
      vertex 34 50.2955 -140.856
    endloop
  endfacet
  facet normal -1 0 0
    outer loop
      vertex 34 49.6358 -138.176
      vertex 34 49.2084 -138.162
      vertex 34 49.0255 -137.775
    endloop
  endfacet
  facet normal -1 -0 0
    outer loop
      vertex 34 49.4392 -147.613
      vertex 34 49.0937 -147.672
      vertex 34 48.0415 -142.45
    endloop
  endfacet
  facet normal -1 0 0
    outer loop
      vertex 34 50.2955 -140.856
      vertex 34 49.9411 -141.495
      vertex 34 49.9236 -141.068
    endloop
  endfacet
  facet normal -1 0 0
    outer loop
      vertex 34 46.7485 -147.646
      vertex 34 46.4036 -147.584
      vertex 34 47.3176 -142.353
    endloop
  endfacet
  facet normal -1 0 0
    outer loop
      vertex 34 51.6518 -146.836
      vertex 34 49.4142 -142.001
      vertex 34 51.9561 -146.662
    endloop
  endfacet
  facet normal -1 0 0
    outer loop
      vertex 34 49.4392 -147.613
      vertex 34 48.0415 -142.45
      vertex 34 48.7617 -142.329
    endloop
  endfacet
  facet normal -1 0 0
    outer loop
      vertex 34 49.4392 -147.613
      vertex 34 48.7617 -142.329
      vertex 34 51.3379 -146.992
    endloop
  endfacet
  facet normal -1 0 0
    outer loop
      vertex 34 43.614 -146.387
      vertex 34 42.1266 -145.053
      vertex 34 46.1106 -141.56
    endloop
  endfacet
  facet normal -1 0 0
    outer loop
      vertex 34 46.7485 -147.646
      vertex 34 47.3176 -142.353
      vertex 34 48.0415 -142.45
    endloop
  endfacet
  facet normal -1 0 0
    outer loop
      vertex 34 46.7485 -147.646
      vertex 34 48.0415 -142.45
      vertex 34 48.7454 -147.712
    endloop
  endfacet
  facet normal -1 0 0
    outer loop
      vertex 34 41.6941 -144.501
      vertex 34 40.7527 -142.739
      vertex 34 45.7348 -140.934
    endloop
  endfacet
  facet normal -1 0 0
    outer loop
      vertex 34 44.209 -146.757
      vertex 34 46.6543 -142.047
      vertex 34 47.3176 -142.353
    endloop
  endfacet
  facet normal -1 0 0
    outer loop
      vertex 34 44.209 -146.757
      vertex 34 47.3176 -142.353
      vertex 34 46.0628 -147.502
    endloop
  endfacet
  facet normal -1 0 0
    outer loop
      vertex 34 40.5348 -142.073
      vertex 34 40.2529 -140.095
      vertex 34 45.5603 -140.224
    endloop
  endfacet
  facet normal -1 0 0
    outer loop
      vertex 34 43.614 -146.387
      vertex 34 46.1106 -141.56
      vertex 34 46.6543 -142.047
    endloop
  endfacet
  facet normal -1 0 0
    outer loop
      vertex 34 43.614 -146.387
      vertex 34 46.6543 -142.047
      vertex 34 43.9061 -146.58
    endloop
  endfacet
  facet normal -1 0 0
    outer loop
      vertex 34 45.5603 -140.224
      vertex 34 40.2542 -139.745
      vertex 34 40.2759 -139.395
    endloop
  endfacet
  facet normal -1 0 0
    outer loop
      vertex 34 41.9023 -144.783
      vertex 34 41.6941 -144.501
      vertex 34 46.1106 -141.56
    endloop
  endfacet
  facet normal -1 0 0
    outer loop
      vertex 34 46.6543 -142.047
      vertex 34 46.1106 -141.56
      vertex 34 46.5311 -141.638
    endloop
  endfacet
  facet normal -1 0 0
    outer loop
      vertex 34 40.6875 -137.44
      vertex 34 40.8086 -137.111
      vertex 34 45.8578 -138.811
    endloop
  endfacet
  facet normal -1 -0 0
    outer loop
      vertex 34 46.1136 -141.132
      vertex 34 46.1106 -141.56
      vertex 34 45.7348 -140.934
    endloop
  endfacet
  facet normal -1 0 0
    outer loop
      vertex 34 40.7527 -142.739
      vertex 34 40.634 -142.409
      vertex 34 45.7348 -140.934
    endloop
  endfacet
  facet normal -1 0 0
    outer loop
      vertex 34 45.8578 -138.811
      vertex 34 42.0041 -135.093
      vertex 34 46.3034 -138.232
    endloop
  endfacet
  facet normal -1 0 0
    outer loop
      vertex 34 40.2529 -140.095
      vertex 34 40.2542 -139.745
      vertex 34 45.5603 -140.224
    endloop
  endfacet
  facet normal -1 0 0
    outer loop
      vertex 34 45.7348 -140.934
      vertex 34 45.5603 -140.224
      vertex 34 45.8638 -140.526
    endloop
  endfacet
  facet normal -1 0 0
    outer loop
      vertex 34 46.3034 -138.232
      vertex 34 42.2304 -134.826
      vertex 34 42.472 -134.572
    endloop
  endfacet
  facet normal -1 0 0
    outer loop
      vertex 34 40.6875 -137.44
      vertex 34 45.8578 -138.811
      vertex 34 45.6026 -139.495
    endloop
  endfacet
  facet normal -1 0 -0
    outer loop
      vertex 34 40.6875 -137.44
      vertex 34 45.6026 -139.495
      vertex 34 40.2759 -139.395
    endloop
  endfacet
  facet normal -1 0 0
    outer loop
      vertex 34 46.3034 -138.232
      vertex 34 46.257 -138.658
      vertex 34 45.8578 -138.811
    endloop
  endfacet
  facet normal -1 0 0
    outer loop
      vertex 34 40.9487 -136.79
      vertex 34 42.0041 -135.093
      vertex 34 45.8578 -138.811
    endloop
  endfacet
  facet normal -1 0 0
    outer loop
      vertex 34 46.8998 -137.811
      vertex 34 46.7301 -138.204
      vertex 34 46.3034 -138.232
    endloop
  endfacet
  facet normal -1 0 0
    outer loop
      vertex 34 44.0439 -133.338
      vertex 34 46.8998 -137.811
      vertex 34 46.3034 -138.232
    endloop
  endfacet
  facet normal -1 0 -0
    outer loop
      vertex 34 44.0439 -133.338
      vertex 34 46.3034 -138.232
      vertex 34 42.472 -134.572
    endloop
  endfacet
  facet normal -1 0 0
    outer loop
      vertex 34 46.5608 -132.387
      vertex 34 47.5939 -137.584
      vertex 34 46.8998 -137.811
    endloop
  endfacet
  facet normal -1 0 -0
    outer loop
      vertex 34 46.5608 -132.387
      vertex 34 46.8998 -137.811
      vertex 34 44.6621 -133.008
    endloop
  endfacet
  facet normal -1 0 0
    outer loop
      vertex 34 47.2546 -132.288
      vertex 34 48.3241 -137.572
      vertex 34 47.5939 -137.584
    endloop
  endfacet
  facet normal -1 0 0
    outer loop
      vertex 34 46.9063 -132.328
      vertex 34 47.2546 -132.288
      vertex 34 47.5939 -137.584
    endloop
  endfacet
  facet normal -1 0 0
    outer loop
      vertex 34 46.8998 -137.811
      vertex 34 47.5939 -137.584
      vertex 34 47.3161 -137.909
    endloop
  endfacet
  facet normal -1 0 0
    outer loop
      vertex 34 47.9628 -137.8
      vertex 34 47.5939 -137.584
      vertex 34 48.3241 -137.572
    endloop
  endfacet
  facet normal -1 0 -0
    outer loop
      vertex 34 49.2515 -132.354
      vertex 34 49.5964 -132.416
      vertex 34 48.3241 -137.572
    endloop
  endfacet
  facet normal -1 0 -0
    outer loop
      vertex 34 49.9372 -132.498
      vertex 34 51.791 -133.243
      vertex 34 49.0255 -137.775
    endloop
  endfacet
  facet normal -1 0 0
    outer loop
      vertex 34 48.6128 -137.887
      vertex 34 48.3241 -137.572
      vertex 34 49.0255 -137.775
    endloop
  endfacet
  facet normal -1 0 0
    outer loop
      vertex 34 55.2473 -137.261
      vertex 34 50.379 -139.414
      vertex 34 50.1007 -138.739
    endloop
  endfacet
  facet normal -1 0 0
    outer loop
      vertex 34 49.6358 -138.176
      vertex 34 49.0255 -137.775
      vertex 34 52.386 -133.613
    endloop
  endfacet
  facet normal -1 0 0
    outer loop
      vertex 34 50.1007 -138.739
      vertex 34 49.6358 -138.176
      vertex 34 53.8734 -134.947
    endloop
  endfacet
  facet normal -1 0 0
    outer loop
      vertex 34 50.379 -139.414
      vertex 34 50.034 -139.162
      vertex 34 50.1007 -138.739
    endloop
  endfacet
  facet normal -1 -0 0
    outer loop
      vertex 34 54.3059 -135.499
      vertex 34 50.1007 -138.739
      vertex 34 54.0977 -135.217
    endloop
  endfacet
  facet normal -1 0 0
    outer loop
      vertex 34 50.1007 -138.739
      vertex 34 49.6966 -138.599
      vertex 34 49.6358 -138.176
    endloop
  endfacet
  facet normal 1 0 0
    outer loop
      vertex 37.2 54.4616 -132.368
      vertex 37.2 54.1597 -132.474
      vertex 37.2 54.8863 -132.749
    endloop
  endfacet
  facet normal 1 0 0
    outer loop
      vertex 37.2 56.7766 -135.81
      vertex 37.2 56.6822 -135.038
      vertex 37.2 56.3624 -135.034
    endloop
  endfacet
  facet normal 1 0 0
    outer loop
      vertex 37.2 55.2859 -135.205
      vertex 37.2 55.1758 -135.247
      vertex 37.2 56.0366 -136.61
    endloop
  endfacet
  facet normal 1 0 0
    outer loop
      vertex 37.2 56.0766 -135.049
      vertex 37.2 55.8258 -135.077
      vertex 37.2 56.4426 -136.232
    endloop
  endfacet
  facet normal 1 0 0
    outer loop
      vertex 37.2 55.1758 -135.247
      vertex 37.2 55.8689 -136.722
      vertex 37.2 55.9404 -136.678
    endloop
  endfacet
  facet normal 1 -0 0
    outer loop
      vertex 37.2 55.0992 -135.281
      vertex 37.2 55.8689 -136.722
      vertex 37.2 55.1758 -135.247
    endloop
  endfacet
  facet normal 1 -0 0
    outer loop
      vertex 37.2 55.0402 -135.314
      vertex 37.2 55.8689 -136.722
      vertex 37.2 55.0992 -135.281
    endloop
  endfacet
  facet normal 1 0 0
    outer loop
      vertex 37.2 55.0402 -135.314
      vertex 37.2 55.0992 -135.281
      vertex 37.2 55.0546 -135.305
    endloop
  endfacet
  facet normal 1 0 -0
    outer loop
      vertex 37.2 55.8091 -136.753
      vertex 37.2 55.8689 -136.722
      vertex 37.2 55.0402 -135.314
    endloop
  endfacet
  facet normal 1 0 0
    outer loop
      vertex 37.2 55.8091 -136.753
      vertex 37.2 55.0402 -135.314
      vertex 37.2 54.3059 -135.499
    endloop
  endfacet
  facet normal 1 0 -0
    outer loop
      vertex 37.2 55.8243 -136.746
      vertex 37.2 55.8689 -136.722
      vertex 37.2 55.8091 -136.753
    endloop
  endfacet
  facet normal 1 -0 0
    outer loop
      vertex 37.2 54.2977 -135.483
      vertex 37.2 54.3059 -135.499
      vertex 37.2 55.0402 -135.314
    endloop
  endfacet
  facet normal 1 0 -0
    outer loop
      vertex 37.2 56.6721 -142.563
      vertex 37.2 56.8035 -141.068
      vertex 37.2 56.4871 -142.572
    endloop
  endfacet
  facet normal 1 0 0
    outer loop
      vertex 37.2 41.1527 -134.784
      vertex 37.2 40.2041 -136.088
      vertex 37.2 40.2955 -136.162
    endloop
  endfacet
  facet normal 1 0 0
    outer loop
      vertex 37.2 53.8734 -134.947
      vertex 37.2 52.386 -133.613
      vertex 37.2 49.6358 -138.176
    endloop
  endfacet
  facet normal 1 0 0
    outer loop
      vertex 37.2 49.9372 -132.498
      vertex 37.2 48.3241 -137.572
      vertex 37.2 49.0255 -137.775
    endloop
  endfacet
  facet normal 1 0 -0
    outer loop
      vertex 37.2 53.8864 -134.959
      vertex 37.2 54.2276 -134.278
      vertex 37.2 53.8734 -134.947
    endloop
  endfacet
  facet normal 1 0 -0
    outer loop
      vertex 37.2 54.2395 -134.266
      vertex 37.2 54.2732 -134.228
      vertex 37.2 54.2276 -134.278
    endloop
  endfacet
  facet normal 1 0 0
    outer loop
      vertex 37.2 44.6621 -133.008
      vertex 37.2 44.3482 -133.164
      vertex 37.2 46.8998 -137.811
    endloop
  endfacet
  facet normal 1 0 0
    outer loop
      vertex 37.2 54.4706 -133.936
      vertex 37.2 53.3268 -132.91
      vertex 37.2 54.3923 -134.065
    endloop
  endfacet
  facet normal 1 0 -0
    outer loop
      vertex 37.2 54.556 -133.772
      vertex 37.2 54.6446 -133.571
      vertex 37.2 53.4808 -132.807
    endloop
  endfacet
  facet normal 1 0 0
    outer loop
      vertex 37.2 54.6446 -133.571
      vertex 37.2 53.8961 -132.585
      vertex 37.2 53.6701 -132.697
    endloop
  endfacet
  facet normal 1 0 0
    outer loop
      vertex 37.2 54.7321 -133.335
      vertex 37.2 53.8961 -132.585
      vertex 37.2 54.6446 -133.571
    endloop
  endfacet
  facet normal 1 0 0
    outer loop
      vertex 37.2 54.1597 -132.474
      vertex 37.2 53.8961 -132.585
      vertex 37.2 54.7321 -133.335
    endloop
  endfacet
  facet normal 1 0 0
    outer loop
      vertex 37.2 54.1597 -132.474
      vertex 37.2 54.7321 -133.335
      vertex 37.2 54.8141 -133.06
    endloop
  endfacet
  facet normal 1 0 0
    outer loop
      vertex 37.2 54.1597 -132.474
      vertex 37.2 54.8141 -133.06
      vertex 37.2 54.8863 -132.749
    endloop
  endfacet
  facet normal 1 -0 0
    outer loop
      vertex 37.2 53.4808 -132.807
      vertex 37.2 54.6446 -133.571
      vertex 37.2 53.6701 -132.697
    endloop
  endfacet
  facet normal 1 0 -0
    outer loop
      vertex 37.2 54.4706 -133.936
      vertex 37.2 54.556 -133.772
      vertex 37.2 53.4808 -132.807
    endloop
  endfacet
  facet normal 1 0 0
    outer loop
      vertex 37.2 54.4706 -133.936
      vertex 37.2 53.4808 -132.807
      vertex 37.2 53.3268 -132.91
    endloop
  endfacet
  facet normal 1 0 0
    outer loop
      vertex 37.2 51.4616 -130.618
      vertex 37.2 52.0297 -131.148
      vertex 37.2 51.991 -130.831
    endloop
  endfacet
  facet normal 1 0 0
    outer loop
      vertex 37.2 54.3923 -134.065
      vertex 37.2 53.3268 -132.91
      vertex 37.2 53.2063 -133.002
    endloop
  endfacet
  facet normal 1 0 0
    outer loop
      vertex 37.2 54.3923 -134.065
      vertex 37.2 53.2063 -133.002
      vertex 37.2 53.1173 -133.079
    endloop
  endfacet
  facet normal 1 0 0
    outer loop
      vertex 37.2 54.3923 -134.065
      vertex 37.2 53.1173 -133.079
      vertex 37.2 54.3253 -134.162
    endloop
  endfacet
  facet normal 1 0 0
    outer loop
      vertex 37.2 53.1173 -133.079
      vertex 37.2 53.0573 -133.138
      vertex 37.2 54.3253 -134.162
    endloop
  endfacet
  facet normal 1 0 0
    outer loop
      vertex 37.2 53.0573 -133.138
      vertex 37.2 54.2732 -134.228
      vertex 37.2 54.3253 -134.162
    endloop
  endfacet
  facet normal 1 0 -0
    outer loop
      vertex 37.2 54.2276 -134.278
      vertex 37.2 54.2732 -134.228
      vertex 37.2 53.0573 -133.138
    endloop
  endfacet
  facet normal 1 0 0
    outer loop
      vertex 37.2 53.0129 -133.189
      vertex 37.2 53.0573 -133.138
      vertex 37.2 53.0235 -133.175
    endloop
  endfacet
  facet normal 1 0 0
    outer loop
      vertex 37.2 54.2276 -134.278
      vertex 37.2 53.0573 -133.138
      vertex 37.2 53.0129 -133.189
    endloop
  endfacet
  facet normal 1 0 0
    outer loop
      vertex 37.2 54.2276 -134.278
      vertex 37.2 53.0129 -133.189
      vertex 37.2 53.8734 -134.947
    endloop
  endfacet
  facet normal 1 0 0
    outer loop
      vertex 37.2 53.0129 -133.189
      vertex 37.2 52.386 -133.613
      vertex 37.2 53.8734 -134.947
    endloop
  endfacet
  facet normal 1 0 0
    outer loop
      vertex 37.2 53.0129 -133.189
      vertex 37.2 52.3731 -133.602
      vertex 37.2 52.386 -133.613
    endloop
  endfacet
  facet normal 1 0 0
    outer loop
      vertex 37.2 49.9372 -132.498
      vertex 37.2 49.5964 -132.416
      vertex 37.2 48.3241 -137.572
    endloop
  endfacet
  facet normal 1 0 0
    outer loop
      vertex 37.2 49.0255 -137.775
      vertex 37.2 52.386 -133.613
      vertex 37.2 52.0939 -133.42
    endloop
  endfacet
  facet normal 1 0 -0
    outer loop
      vertex 37.2 51.8072 -133.25
      vertex 37.2 51.895 -132.493
      vertex 37.2 51.791 -133.243
    endloop
  endfacet
  facet normal 1 0 -0
    outer loop
      vertex 37.2 51.9021 -132.478
      vertex 37.2 51.9209 -132.431
      vertex 37.2 51.895 -132.493
    endloop
  endfacet
  facet normal 1 0 0
    outer loop
      vertex 37.2 47.4632 -131.493
      vertex 37.2 47.4618 -131.56
      vertex 37.2 49.0957 -131.546
    endloop
  endfacet
  facet normal 1 0 0
    outer loop
      vertex 37.2 52.0063 -132.088
      vertex 37.2 50.5806 -131.516
      vertex 37.2 51.9771 -132.237
    endloop
  endfacet
  facet normal 1 0 -0
    outer loop
      vertex 37.2 52.0304 -131.905
      vertex 37.2 52.0452 -131.687
      vertex 37.2 50.6902 -131.366
    endloop
  endfacet
  facet normal 1 0 0
    outer loop
      vertex 37.2 52.0452 -131.687
      vertex 37.2 51.0044 -131.015
      vertex 37.2 50.8306 -131.199
    endloop
  endfacet
  facet normal 1 0 0
    outer loop
      vertex 37.2 52.0464 -131.434
      vertex 37.2 51.0044 -131.015
      vertex 37.2 52.0452 -131.687
    endloop
  endfacet
  facet normal 1 0 0
    outer loop
      vertex 37.2 51.214 -130.821
      vertex 37.2 51.0044 -131.015
      vertex 37.2 52.0464 -131.434
    endloop
  endfacet
  facet normal 1 0 0
    outer loop
      vertex 37.2 51.214 -130.821
      vertex 37.2 52.0464 -131.434
      vertex 37.2 52.0297 -131.148
    endloop
  endfacet
  facet normal 1 -0 0
    outer loop
      vertex 37.2 51.214 -130.821
      vertex 37.2 52.0297 -131.148
      vertex 37.2 51.4616 -130.618
    endloop
  endfacet
  facet normal 1 -0 0
    outer loop
      vertex 37.2 50.6902 -131.366
      vertex 37.2 52.0452 -131.687
      vertex 37.2 50.8306 -131.199
    endloop
  endfacet
  facet normal 1 0 -0
    outer loop
      vertex 37.2 52.0063 -132.088
      vertex 37.2 52.0304 -131.905
      vertex 37.2 50.6902 -131.366
    endloop
  endfacet
  facet normal 1 0 0
    outer loop
      vertex 37.2 52.0063 -132.088
      vertex 37.2 50.6902 -131.366
      vertex 37.2 50.5806 -131.516
    endloop
  endfacet
  facet normal 1 0 0
    outer loop
      vertex 37.2 48.0441 -130
      vertex 37.2 47.8807 -130.275
      vertex 37.2 48.6143 -130.019
    endloop
  endfacet
  facet normal 1 0 0
    outer loop
      vertex 37.2 51.9771 -132.237
      vertex 37.2 50.5806 -131.516
      vertex 37.2 50.4988 -131.643
    endloop
  endfacet
  facet normal 1 0 0
    outer loop
      vertex 37.2 51.9771 -132.237
      vertex 37.2 50.4988 -131.643
      vertex 37.2 50.4415 -131.746
    endloop
  endfacet
  facet normal 1 0 0
    outer loop
      vertex 37.2 51.9771 -132.237
      vertex 37.2 50.4415 -131.746
      vertex 37.2 51.9473 -132.351
    endloop
  endfacet
  facet normal 1 0 0
    outer loop
      vertex 37.2 50.4415 -131.746
      vertex 37.2 50.4053 -131.822
      vertex 37.2 51.9473 -132.351
    endloop
  endfacet
  facet normal 1 0 0
    outer loop
      vertex 37.2 50.4053 -131.822
      vertex 37.2 51.9209 -132.431
      vertex 37.2 51.9473 -132.351
    endloop
  endfacet
  facet normal 1 0 -0
    outer loop
      vertex 37.2 51.895 -132.493
      vertex 37.2 51.9209 -132.431
      vertex 37.2 50.4053 -131.822
    endloop
  endfacet
  facet normal 1 0 0
    outer loop
      vertex 37.2 50.381 -131.885
      vertex 37.2 50.4053 -131.822
      vertex 37.2 50.3864 -131.869
    endloop
  endfacet
  facet normal 1 0 0
    outer loop
      vertex 37.2 51.895 -132.493
      vertex 37.2 50.4053 -131.822
      vertex 37.2 50.381 -131.885
    endloop
  endfacet
  facet normal 1 0 0
    outer loop
      vertex 37.2 51.895 -132.493
      vertex 37.2 50.381 -131.885
      vertex 37.2 51.791 -133.243
    endloop
  endfacet
  facet normal 1 0 0
    outer loop
      vertex 37.2 50.381 -131.885
      vertex 37.2 49.9372 -132.498
      vertex 37.2 51.791 -133.243
    endloop
  endfacet
  facet normal 1 0 0
    outer loop
      vertex 37.2 50.381 -131.885
      vertex 37.2 49.921 -132.492
      vertex 37.2 49.9372 -132.498
    endloop
  endfacet
  facet normal 1 0 0
    outer loop
      vertex 37.2 47.5939 -137.584
      vertex 37.2 46.9063 -132.328
      vertex 37.2 46.5608 -132.387
    endloop
  endfacet
  facet normal 1 0 0
    outer loop
      vertex 37.2 49.2688 -132.355
      vertex 37.2 49.0926 -131.614
      vertex 37.2 49.2515 -132.354
    endloop
  endfacet
  facet normal 1 0 -0
    outer loop
      vertex 37.2 49.0941 -131.597
      vertex 37.2 49.0957 -131.546
      vertex 37.2 49.0926 -131.614
    endloop
  endfacet
  facet normal 1 0 0
    outer loop
      vertex 37.2 46.1071 -131.603
      vertex 37.2 44.5649 -132.108
      vertex 37.2 44.5859 -132.189
    endloop
  endfacet
  facet normal 1 0 0
    outer loop
      vertex 37.2 49.0587 -131.195
      vertex 37.2 47.5232 -131.145
      vertex 37.2 49.0822 -131.345
    endloop
  endfacet
  facet normal 1 0 0
    outer loop
      vertex 37.2 49.0186 -131.015
      vertex 37.2 48.9578 -130.804
      vertex 37.2 47.5751 -130.967
    endloop
  endfacet
  facet normal 1 0 0
    outer loop
      vertex 37.2 48.9578 -130.804
      vertex 37.2 48.8726 -130.567
      vertex 37.2 47.6496 -130.761
    endloop
  endfacet
  facet normal 1 0 0
    outer loop
      vertex 37.2 48.8726 -130.567
      vertex 37.2 47.7503 -130.53
      vertex 37.2 47.6496 -130.761
    endloop
  endfacet
  facet normal 1 0 0
    outer loop
      vertex 37.2 47.8807 -130.275
      vertex 37.2 47.7503 -130.53
      vertex 37.2 48.8726 -130.567
    endloop
  endfacet
  facet normal 1 0 0
    outer loop
      vertex 37.2 47.8807 -130.275
      vertex 37.2 48.8726 -130.567
      vertex 37.2 48.7592 -130.304
    endloop
  endfacet
  facet normal 1 -0 0
    outer loop
      vertex 37.2 47.8807 -130.275
      vertex 37.2 48.7592 -130.304
      vertex 37.2 48.6143 -130.019
    endloop
  endfacet
  facet normal 1 0 0
    outer loop
      vertex 37.2 47.5751 -130.967
      vertex 37.2 48.9578 -130.804
      vertex 37.2 47.6496 -130.761
    endloop
  endfacet
  facet normal 1 0 0
    outer loop
      vertex 37.2 49.0587 -131.195
      vertex 37.2 49.0186 -131.015
      vertex 37.2 47.5751 -130.967
    endloop
  endfacet
  facet normal 1 0 0
    outer loop
      vertex 37.2 49.0587 -131.195
      vertex 37.2 47.5751 -130.967
      vertex 37.2 47.5232 -131.145
    endloop
  endfacet
  facet normal 1 -0 0
    outer loop
      vertex 37.2 44.6213 -130.588
      vertex 37.2 44.5618 -130.902
      vertex 37.2 45.1635 -130.411
    endloop
  endfacet
  facet normal 1 0 0
    outer loop
      vertex 37.2 49.0822 -131.345
      vertex 37.2 47.5232 -131.145
      vertex 37.2 47.4899 -131.293
    endloop
  endfacet
  facet normal 1 0 0
    outer loop
      vertex 37.2 49.0822 -131.345
      vertex 37.2 47.4899 -131.293
      vertex 37.2 47.4713 -131.409
    endloop
  endfacet
  facet normal 1 0 0
    outer loop
      vertex 37.2 49.0822 -131.345
      vertex 37.2 47.4713 -131.409
      vertex 37.2 49.0931 -131.462
    endloop
  endfacet
  facet normal 1 0 0
    outer loop
      vertex 37.2 47.4713 -131.409
      vertex 37.2 49.0957 -131.546
      vertex 37.2 49.0931 -131.462
    endloop
  endfacet
  facet normal 1 -0 0
    outer loop
      vertex 37.2 47.4632 -131.493
      vertex 37.2 49.0957 -131.546
      vertex 37.2 47.4713 -131.409
    endloop
  endfacet
  facet normal 1 -0 0
    outer loop
      vertex 37.2 47.4615 -131.543
      vertex 37.2 47.4618 -131.56
      vertex 37.2 47.4632 -131.493
    endloop
  endfacet
  facet normal 1 -0 0
    outer loop
      vertex 37.2 47.4618 -131.56
      vertex 37.2 49.0926 -131.614
      vertex 37.2 49.0957 -131.546
    endloop
  endfacet
  facet normal 1 0 0
    outer loop
      vertex 37.2 49.2515 -132.354
      vertex 37.2 49.0926 -131.614
      vertex 37.2 47.4618 -131.56
    endloop
  endfacet
  facet normal 1 0 -0
    outer loop
      vertex 37.2 47.2546 -132.288
      vertex 37.2 47.4618 -131.56
      vertex 37.2 47.2372 -132.288
    endloop
  endfacet
  facet normal 1 0 0
    outer loop
      vertex 37.2 46.3034 -138.232
      vertex 37.2 42.2304 -134.826
      vertex 37.2 42.0041 -135.093
    endloop
  endfacet
  facet normal 1 0 0
    outer loop
      vertex 37.2 49.2515 -132.354
      vertex 37.2 47.4618 -131.56
      vertex 37.2 47.2546 -132.288
    endloop
  endfacet
  facet normal 1 0 0
    outer loop
      vertex 37.2 45.9388 -139.231
      vertex 37.2 45.8578 -138.811
      vertex 37.2 45.6026 -139.495
    endloop
  endfacet
  facet normal 1 0 0
    outer loop
      vertex 37.2 46.5774 -132.382
      vertex 37.2 46.1584 -131.746
      vertex 37.2 46.5608 -132.387
    endloop
  endfacet
  facet normal 1 0 0
    outer loop
      vertex 37.2 46.1541 -131.729
      vertex 37.2 46.1383 -131.681
      vertex 37.2 46.1584 -131.746
    endloop
  endfacet
  facet normal 1 0 0
    outer loop
      vertex 37.2 43.3494 -132.757
      vertex 37.2 43.2657 -132.674
      vertex 37.2 42.0122 -133.658
    endloop
  endfacet
  facet normal 1 0 0
    outer loop
      vertex 37.2 45.9835 -131.364
      vertex 37.2 44.5233 -131.842
      vertex 37.2 44.5425 -131.992
    endloop
  endfacet
  facet normal 1 0 0
    outer loop
      vertex 37.2 45.884 -131.208
      vertex 37.2 45.755 -131.031
      vertex 37.2 44.5113 -131.657
    endloop
  endfacet
  facet normal 1 0 0
    outer loop
      vertex 37.2 45.755 -131.031
      vertex 37.2 45.5936 -130.837
      vertex 37.2 44.5109 -131.438
    endloop
  endfacet
  facet normal 1 0 0
    outer loop
      vertex 37.2 45.5936 -130.837
      vertex 37.2 44.5263 -131.186
      vertex 37.2 44.5109 -131.438
    endloop
  endfacet
  facet normal 1 0 0
    outer loop
      vertex 37.2 45.3972 -130.629
      vertex 37.2 44.5263 -131.186
      vertex 37.2 45.5936 -130.837
    endloop
  endfacet
  facet normal 1 -0 0
    outer loop
      vertex 37.2 44.5618 -130.902
      vertex 37.2 44.5263 -131.186
      vertex 37.2 45.3972 -130.629
    endloop
  endfacet
  facet normal 1 0 0
    outer loop
      vertex 37.2 44.5618 -130.902
      vertex 37.2 45.3972 -130.629
      vertex 37.2 45.1635 -130.411
    endloop
  endfacet
  facet normal 1 0 -0
    outer loop
      vertex 37.2 44.5113 -131.657
      vertex 37.2 45.755 -131.031
      vertex 37.2 44.5109 -131.438
    endloop
  endfacet
  facet normal 1 0 -0
    outer loop
      vertex 37.2 44.5233 -131.842
      vertex 37.2 45.884 -131.208
      vertex 37.2 44.5113 -131.657
    endloop
  endfacet
  facet normal 1 0 0
    outer loop
      vertex 37.2 45.9835 -131.364
      vertex 37.2 45.884 -131.208
      vertex 37.2 44.5233 -131.842
    endloop
  endfacet
  facet normal 1 0 0
    outer loop
      vertex 37.2 41.606 -132.311
      vertex 37.2 42.3491 -132.084
      vertex 37.2 42.0548 -131.959
    endloop
  endfacet
  facet normal 1 0 0
    outer loop
      vertex 37.2 46.0567 -131.497
      vertex 37.2 45.9835 -131.364
      vertex 37.2 44.5425 -131.992
    endloop
  endfacet
  facet normal 1 0 0
    outer loop
      vertex 37.2 46.0567 -131.497
      vertex 37.2 44.5425 -131.992
      vertex 37.2 44.5649 -132.108
    endloop
  endfacet
  facet normal 1 0 0
    outer loop
      vertex 37.2 46.0567 -131.497
      vertex 37.2 44.5649 -132.108
      vertex 37.2 46.1071 -131.603
    endloop
  endfacet
  facet normal 1 0 0
    outer loop
      vertex 37.2 46.1071 -131.603
      vertex 37.2 44.5859 -132.189
      vertex 37.2 46.1383 -131.681
    endloop
  endfacet
  facet normal 1 -0 0
    outer loop
      vertex 37.2 44.5859 -132.189
      vertex 37.2 44.6076 -132.253
      vertex 37.2 46.1383 -131.681
    endloop
  endfacet
  facet normal 1 -0 -0
    outer loop
      vertex 37.2 44.6015 -132.237
      vertex 37.2 44.6076 -132.253
      vertex 37.2 44.5859 -132.189
    endloop
  endfacet
  facet normal 1 0 0
    outer loop
      vertex 37.2 44.6076 -132.253
      vertex 37.2 46.1584 -131.746
      vertex 37.2 46.1383 -131.681
    endloop
  endfacet
  facet normal 1 0 -0
    outer loop
      vertex 37.2 44.6621 -133.008
      vertex 37.2 46.1584 -131.746
      vertex 37.2 44.6076 -132.253
    endloop
  endfacet
  facet normal 1 0 0
    outer loop
      vertex 37.2 44.6621 -133.008
      vertex 37.2 44.6076 -132.253
      vertex 37.2 44.6454 -133.014
    endloop
  endfacet
  facet normal 1 0 0
    outer loop
      vertex 37.2 46.5608 -132.387
      vertex 37.2 46.1584 -131.746
      vertex 37.2 44.6621 -133.008
    endloop
  endfacet
  facet normal 1 0 0
    outer loop
      vertex 37.2 40.9487 -136.79
      vertex 37.2 40.8086 -137.111
      vertex 37.2 45.8578 -138.811
    endloop
  endfacet
  facet normal 1 0 0
    outer loop
      vertex 37.2 44.0576 -133.328
      vertex 37.2 43.4464 -132.873
      vertex 37.2 44.0439 -133.338
    endloop
  endfacet
  facet normal 1 0 0
    outer loop
      vertex 37.2 43.4367 -132.86
      vertex 37.2 43.4055 -132.82
      vertex 37.2 43.4464 -132.873
    endloop
  endfacet
  facet normal 1 0 0
    outer loop
      vertex 37.2 40.2041 -136.088
      vertex 37.2 41.0456 -134.735
      vertex 37.2 40.9043 -134.681
    endloop
  endfacet
  facet normal 1 0 0
    outer loop
      vertex 37.2 43.1515 -132.575
      vertex 37.2 41.9427 -133.523
      vertex 37.2 42.0122 -133.658
    endloop
  endfacet
  facet normal 1 0 0
    outer loop
      vertex 37.2 43.0046 -132.462
      vertex 37.2 41.793 -133.148
      vertex 37.2 41.8682 -133.353
    endloop
  endfacet
  facet normal 1 0 0
    outer loop
      vertex 37.2 42.8229 -132.34
      vertex 37.2 41.7213 -132.906
      vertex 37.2 41.793 -133.148
    endloop
  endfacet
  facet normal 1 0 0
    outer loop
      vertex 37.2 42.6049 -132.213
      vertex 37.2 41.7213 -132.906
      vertex 37.2 42.8229 -132.34
    endloop
  endfacet
  facet normal 1 0 0
    outer loop
      vertex 37.2 42.3491 -132.084
      vertex 37.2 41.7213 -132.906
      vertex 37.2 42.6049 -132.213
    endloop
  endfacet
  facet normal 1 -0 0
    outer loop
      vertex 37.2 41.6575 -132.627
      vertex 37.2 41.7213 -132.906
      vertex 37.2 42.3491 -132.084
    endloop
  endfacet
  facet normal 1 0 -0
    outer loop
      vertex 37.2 41.6575 -132.627
      vertex 37.2 42.3491 -132.084
      vertex 37.2 41.606 -132.311
    endloop
  endfacet
  facet normal 1 0 0
    outer loop
      vertex 37.2 43.0046 -132.462
      vertex 37.2 42.8229 -132.34
      vertex 37.2 41.793 -133.148
    endloop
  endfacet
  facet normal 1 0 -0
    outer loop
      vertex 37.2 41.9427 -133.523
      vertex 37.2 43.0046 -132.462
      vertex 37.2 41.8682 -133.353
    endloop
  endfacet
  facet normal 1 0 0
    outer loop
      vertex 37.2 43.1515 -132.575
      vertex 37.2 43.0046 -132.462
      vertex 37.2 41.9427 -133.523
    endloop
  endfacet
  facet normal 1 -0 0
    outer loop
      vertex 37.2 39.3619 -134.962
      vertex 37.2 39.5183 -135.241
      vertex 37.2 39.6633 -134.477
    endloop
  endfacet
  facet normal 1 0 0
    outer loop
      vertex 37.2 43.2657 -132.674
      vertex 37.2 43.1515 -132.575
      vertex 37.2 42.0122 -133.658
    endloop
  endfacet
  facet normal 1 0 0
    outer loop
      vertex 37.2 43.3494 -132.757
      vertex 37.2 42.0122 -133.658
      vertex 37.2 42.0727 -133.759
    endloop
  endfacet
  facet normal 1 0 0
    outer loop
      vertex 37.2 43.3494 -132.757
      vertex 37.2 42.0727 -133.759
      vertex 37.2 42.1204 -133.828
    endloop
  endfacet
  facet normal 1 0 0
    outer loop
      vertex 37.2 43.3494 -132.757
      vertex 37.2 42.1204 -133.828
      vertex 37.2 43.4055 -132.82
    endloop
  endfacet
  facet normal 1 0 0
    outer loop
      vertex 37.2 42.1204 -133.828
      vertex 37.2 43.4464 -132.873
      vertex 37.2 43.4055 -132.82
    endloop
  endfacet
  facet normal 1 -0 -0
    outer loop
      vertex 37.2 42.1515 -133.868
      vertex 37.2 42.1626 -133.88
      vertex 37.2 42.1204 -133.828
    endloop
  endfacet
  facet normal 1 0 -0
    outer loop
      vertex 37.2 42.1626 -133.88
      vertex 37.2 43.4464 -132.873
      vertex 37.2 42.1204 -133.828
    endloop
  endfacet
  facet normal 1 0 -0
    outer loop
      vertex 37.2 42.472 -134.572
      vertex 37.2 43.4464 -132.873
      vertex 37.2 42.1626 -133.88
    endloop
  endfacet
  facet normal 1 0 0
    outer loop
      vertex 37.2 42.472 -134.572
      vertex 37.2 42.1626 -133.88
      vertex 37.2 42.4583 -134.582
    endloop
  endfacet
  facet normal 1 0 0
    outer loop
      vertex 37.2 45.6026 -139.495
      vertex 37.2 45.5603 -140.224
      vertex 37.2 45.8037 -139.873
    endloop
  endfacet
  facet normal 1 0 0
    outer loop
      vertex 37.2 44.0439 -133.338
      vertex 37.2 43.4464 -132.873
      vertex 37.2 42.472 -134.572
    endloop
  endfacet
  facet normal 1 0 0
    outer loop
      vertex 37.2 40.2759 -139.395
      vertex 37.2 45.5603 -140.224
      vertex 37.2 45.6026 -139.495
    endloop
  endfacet
  facet normal 1 -0 0
    outer loop
      vertex 37.2 44.0439 -133.338
      vertex 37.2 46.8998 -137.811
      vertex 37.2 44.3482 -133.164
    endloop
  endfacet
  facet normal 1 0 0
    outer loop
      vertex 37.2 42.0133 -135.078
      vertex 37.2 41.2835 -134.861
      vertex 37.2 42.0041 -135.093
    endloop
  endfacet
  facet normal 1 0 0
    outer loop
      vertex 37.2 41.2697 -134.851
      vertex 37.2 41.2268 -134.824
      vertex 37.2 41.2835 -134.861
    endloop
  endfacet
  facet normal 1 0 0
    outer loop
      vertex 37.2 39.5129 -137.428
      vertex 37.2 39.3362 -138.99
      vertex 37.2 39.6644 -137.431
    endloop
  endfacet
  facet normal 1 0 0
    outer loop
      vertex 37.2 40.9043 -134.681
      vertex 37.2 40.0927 -135.985
      vertex 37.2 40.2041 -136.088
    endloop
  endfacet
  facet normal 1 0 0
    outer loop
      vertex 37.2 40.7277 -134.625
      vertex 37.2 39.8238 -135.684
      vertex 37.2 39.9648 -135.851
    endloop
  endfacet
  facet normal 1 0 0
    outer loop
      vertex 37.2 40.5153 -134.573
      vertex 37.2 40.2668 -134.528
      vertex 37.2 39.8238 -135.684
    endloop
  endfacet
  facet normal 1 0 0
    outer loop
      vertex 37.2 40.2668 -134.528
      vertex 37.2 39.6736 -135.481
      vertex 37.2 39.8238 -135.684
    endloop
  endfacet
  facet normal 1 0 0
    outer loop
      vertex 37.2 39.9826 -134.494
      vertex 37.2 39.6736 -135.481
      vertex 37.2 40.2668 -134.528
    endloop
  endfacet
  facet normal 1 -0 0
    outer loop
      vertex 37.2 39.5183 -135.241
      vertex 37.2 39.6736 -135.481
      vertex 37.2 39.9826 -134.494
    endloop
  endfacet
  facet normal 1 0 0
    outer loop
      vertex 37.2 39.5183 -135.241
      vertex 37.2 39.9826 -134.494
      vertex 37.2 39.6633 -134.477
    endloop
  endfacet
  facet normal 1 0 0
    outer loop
      vertex 37.2 40.7277 -134.625
      vertex 37.2 40.5153 -134.573
      vertex 37.2 39.8238 -135.684
    endloop
  endfacet
  facet normal 1 0 -0
    outer loop
      vertex 37.2 40.0927 -135.985
      vertex 37.2 40.7277 -134.625
      vertex 37.2 39.9648 -135.851
    endloop
  endfacet
  facet normal 1 0 0
    outer loop
      vertex 37.2 40.9043 -134.681
      vertex 37.2 40.7277 -134.625
      vertex 37.2 40.0927 -135.985
    endloop
  endfacet
  facet normal 1 0 0
    outer loop
      vertex 37.2 38.1597 -138.22
      vertex 37.2 38.5831 -137.569
      vertex 37.2 38.2772 -137.662
    endloop
  endfacet
  facet normal 1 0 0
    outer loop
      vertex 37.2 41.1527 -134.784
      vertex 37.2 41.0456 -134.735
      vertex 37.2 40.2041 -136.088
    endloop
  endfacet
  facet normal 1 0 0
    outer loop
      vertex 37.2 41.2268 -134.824
      vertex 37.2 41.1527 -134.784
      vertex 37.2 40.2955 -136.162
    endloop
  endfacet
  facet normal 1 0 0
    outer loop
      vertex 37.2 41.2268 -134.824
      vertex 37.2 40.2955 -136.162
      vertex 37.2 40.364 -136.211
    endloop
  endfacet
  facet normal 1 0 0
    outer loop
      vertex 37.2 41.2268 -134.824
      vertex 37.2 40.364 -136.211
      vertex 37.2 40.4216 -136.246
    endloop
  endfacet
  facet normal 1 0 0
    outer loop
      vertex 37.2 40.364 -136.211
      vertex 37.2 40.4069 -136.238
      vertex 37.2 40.4216 -136.246
    endloop
  endfacet
  facet normal 1 0 0
    outer loop
      vertex 37.2 41.2268 -134.824
      vertex 37.2 40.4216 -136.246
      vertex 37.2 41.2835 -134.861
    endloop
  endfacet
  facet normal 1 -0 0
    outer loop
      vertex 37.2 40.4216 -136.246
      vertex 37.2 40.9487 -136.79
      vertex 37.2 41.2835 -134.861
    endloop
  endfacet
  facet normal 1 0 -0
    outer loop
      vertex 37.2 40.9395 -136.804
      vertex 37.2 40.9487 -136.79
      vertex 37.2 40.4216 -136.246
    endloop
  endfacet
  facet normal 1 0 0
    outer loop
      vertex 37.2 40.9487 -136.79
      vertex 37.2 42.0041 -135.093
      vertex 37.2 41.2835 -134.861
    endloop
  endfacet
  facet normal 1 0 0
    outer loop
      vertex 37.2 45.7348 -140.934
      vertex 37.2 40.5348 -142.073
      vertex 37.2 40.634 -142.409
    endloop
  endfacet
  facet normal 1 -0 0
    outer loop
      vertex 37.2 47.3176 -142.353
      vertex 37.2 48.0415 -142.45
      vertex 37.2 47.709 -142.181
    endloop
  endfacet
  facet normal 1 -0 0
    outer loop
      vertex 37.2 39.3279 -137.437
      vertex 37.2 39.1965 -138.932
      vertex 37.2 39.5129 -137.428
    endloop
  endfacet
  facet normal 1 0 0
    outer loop
      vertex 37.2 40.6911 -137.423
      vertex 37.2 39.9308 -137.468
      vertex 37.2 40.6875 -137.44
    endloop
  endfacet
  facet normal 1 0 0
    outer loop
      vertex 37.2 39.9146 -137.463
      vertex 37.2 39.8651 -137.453
      vertex 37.2 39.9308 -137.468
    endloop
  endfacet
  facet normal 1 0 0
    outer loop
      vertex 37.2 38.5585 -140.779
      vertex 37.2 38.4435 -141.806
      vertex 37.2 38.717 -141.89
    endloop
  endfacet
  facet normal 1 0 0
    outer loop
      vertex 37.2 39.5129 -137.428
      vertex 37.2 39.1965 -138.932
      vertex 37.2 39.3362 -138.99
    endloop
  endfacet
  facet normal 1 0 0
    outer loop
      vertex 37.2 39.3279 -137.437
      vertex 37.2 38.8408 -138.741
      vertex 37.2 39.0305 -138.85
    endloop
  endfacet
  facet normal 1 0 0
    outer loop
      vertex 37.2 39.1104 -137.46
      vertex 37.2 38.8616 -137.503
      vertex 37.2 38.8408 -138.741
    endloop
  endfacet
  facet normal 1 0 0
    outer loop
      vertex 37.2 38.8616 -137.503
      vertex 37.2 38.6302 -138.601
      vertex 37.2 38.8408 -138.741
    endloop
  endfacet
  facet normal 1 -0 0
    outer loop
      vertex 37.2 38.5831 -137.569
      vertex 37.2 38.6302 -138.601
      vertex 37.2 38.8616 -137.503
    endloop
  endfacet
  facet normal 1 -0 0
    outer loop
      vertex 37.2 38.4021 -138.429
      vertex 37.2 38.6302 -138.601
      vertex 37.2 38.5831 -137.569
    endloop
  endfacet
  facet normal 1 0 -0
    outer loop
      vertex 37.2 38.4021 -138.429
      vertex 37.2 38.5831 -137.569
      vertex 37.2 38.1597 -138.22
    endloop
  endfacet
  facet normal 1 0 0
    outer loop
      vertex 37.2 39.3279 -137.437
      vertex 37.2 39.1104 -137.46
      vertex 37.2 38.8408 -138.741
    endloop
  endfacet
  facet normal 1 0 -0
    outer loop
      vertex 37.2 39.1965 -138.932
      vertex 37.2 39.3279 -137.437
      vertex 37.2 39.0305 -138.85
    endloop
  endfacet
  facet normal 1 0 0
    outer loop
      vertex 37.2 39.3362 -138.99
      vertex 37.2 39.7818 -137.441
      vertex 37.2 39.6644 -137.431
    endloop
  endfacet
  facet normal 1 -0 0
    outer loop
      vertex 37.2 39.5346 -140.382
      vertex 37.2 39.4846 -140.389
      vertex 37.2 39.5513 -140.38
    endloop
  endfacet
  facet normal 1 0 -0
    outer loop
      vertex 37.2 39.4476 -139.029
      vertex 37.2 39.7818 -137.441
      vertex 37.2 39.3362 -138.99
    endloop
  endfacet
  facet normal 1 0 0
    outer loop
      vertex 37.2 39.8651 -137.453
      vertex 37.2 39.7818 -137.441
      vertex 37.2 39.4476 -139.029
    endloop
  endfacet
  facet normal 1 0 0
    outer loop
      vertex 37.2 39.8651 -137.453
      vertex 37.2 39.4476 -139.029
      vertex 37.2 39.5287 -139.051
    endloop
  endfacet
  facet normal 1 0 0
    outer loop
      vertex 37.2 39.8651 -137.453
      vertex 37.2 39.5287 -139.051
      vertex 37.2 39.5947 -139.064
    endloop
  endfacet
  facet normal 1 0 0
    outer loop
      vertex 37.2 39.5287 -139.051
      vertex 37.2 39.5781 -139.062
      vertex 37.2 39.5947 -139.064
    endloop
  endfacet
  facet normal 1 0 0
    outer loop
      vertex 37.2 39.8651 -137.453
      vertex 37.2 39.5947 -139.064
      vertex 37.2 39.9308 -137.468
    endloop
  endfacet
  facet normal 1 -0 0
    outer loop
      vertex 37.2 39.5947 -139.064
      vertex 37.2 40.2759 -139.395
      vertex 37.2 39.9308 -137.468
    endloop
  endfacet
  facet normal 1 0 -0
    outer loop
      vertex 37.2 40.2759 -139.395
      vertex 37.2 40.6875 -137.44
      vertex 37.2 39.9308 -137.468
    endloop
  endfacet
  facet normal 1 0 0
    outer loop
      vertex 37.2 46.1106 -141.56
      vertex 37.2 45.7348 -140.934
      vertex 37.2 41.6941 -144.501
    endloop
  endfacet
  facet normal 1 0 -0
    outer loop
      vertex 37.2 40.2724 -139.412
      vertex 37.2 40.2759 -139.395
      vertex 37.2 39.5947 -139.064
    endloop
  endfacet
  facet normal 1 0 -0
    outer loop
      vertex 37.2 42.1266 -145.053
      vertex 37.2 46.1106 -141.56
      vertex 37.2 41.9023 -144.783
    endloop
  endfacet
  facet normal 1 -0 0
    outer loop
      vertex 37.2 38.9742 -140.557
      vertex 37.2 39.3621 -142.007
      vertex 37.2 39.1452 -140.486
    endloop
  endfacet
  facet normal 1 0 0
    outer loop
      vertex 37.2 38.0639 -141.128
      vertex 37.2 38.1444 -141.693
      vertex 37.2 38.4435 -141.806
    endloop
  endfacet
  facet normal 1 0 0
    outer loop
      vertex 37.2 40.2529 -140.095
      vertex 37.2 40.2504 -140.078
      vertex 37.2 39.5513 -140.38
    endloop
  endfacet
  facet normal 1 0 0
    outer loop
      vertex 37.2 40.1909 -143.247
      vertex 37.2 40.1757 -143.254
      vertex 37.2 40.1311 -143.278
    endloop
  endfacet
  facet normal 1 0 0
    outer loop
      vertex 37.2 39.1452 -140.486
      vertex 37.2 39.3621 -142.007
      vertex 37.2 39.5134 -142.014
    endloop
  endfacet
  facet normal 1 0 0
    outer loop
      vertex 37.2 38.9742 -140.557
      vertex 37.2 38.9624 -141.949
      vertex 37.2 39.178 -141.987
    endloop
  endfacet
  facet normal 1 0 0
    outer loop
      vertex 37.2 38.7777 -140.654
      vertex 37.2 38.5585 -140.779
      vertex 37.2 38.9624 -141.949
    endloop
  endfacet
  facet normal 1 0 0
    outer loop
      vertex 37.2 38.5585 -140.779
      vertex 37.2 38.717 -141.89
      vertex 37.2 38.9624 -141.949
    endloop
  endfacet
  facet normal 1 -0 0
    outer loop
      vertex 37.2 38.3194 -140.936
      vertex 37.2 38.4435 -141.806
      vertex 37.2 38.5585 -140.779
    endloop
  endfacet
  facet normal 1 -0 0
    outer loop
      vertex 37.2 38.0639 -141.128
      vertex 37.2 38.4435 -141.806
      vertex 37.2 38.3194 -140.936
    endloop
  endfacet
  facet normal 1 0 -0
    outer loop
      vertex 37.2 38.9624 -141.949
      vertex 37.2 38.9742 -140.557
      vertex 37.2 38.7777 -140.654
    endloop
  endfacet
  facet normal 1 -0 -0
    outer loop
      vertex 37.2 39.178 -141.987
      vertex 37.2 39.3621 -142.007
      vertex 37.2 38.9742 -140.557
    endloop
  endfacet
  facet normal 1 -0 0
    outer loop
      vertex 37.2 39.1452 -140.486
      vertex 37.2 39.5134 -142.014
      vertex 37.2 39.2886 -140.437
    endloop
  endfacet
  facet normal 1 0 0
    outer loop
      vertex 37.2 39.5134 -142.014
      vertex 37.2 39.4022 -140.406
      vertex 37.2 39.2886 -140.437
    endloop
  endfacet
  facet normal 1 0 0
    outer loop
      vertex 37.2 41.7724 -145.722
      vertex 37.2 41.7605 -145.734
      vertex 37.2 41.7268 -145.772
    endloop
  endfacet
  facet normal 1 0 0
    outer loop
      vertex 37.2 39.6312 -142.012
      vertex 37.2 39.4022 -140.406
      vertex 37.2 39.5134 -142.014
    endloop
  endfacet
  facet normal 1 0 0
    outer loop
      vertex 37.2 39.7151 -142.006
      vertex 37.2 39.4022 -140.406
      vertex 37.2 39.6312 -142.012
    endloop
  endfacet
  facet normal 1 0 0
    outer loop
      vertex 37.2 39.4846 -140.389
      vertex 37.2 39.4022 -140.406
      vertex 37.2 39.7151 -142.006
    endloop
  endfacet
  facet normal 1 -0 0
    outer loop
      vertex 37.2 39.4846 -140.389
      vertex 37.2 39.7151 -142.006
      vertex 37.2 39.5513 -140.38
    endloop
  endfacet
  facet normal 1 0 0
    outer loop
      vertex 37.2 39.7151 -142.006
      vertex 37.2 39.7651 -141.999
      vertex 37.2 39.7816 -141.996
    endloop
  endfacet
  facet normal 1 0 -0
    outer loop
      vertex 37.2 39.7151 -142.006
      vertex 37.2 39.7816 -141.996
      vertex 37.2 39.5513 -140.38
    endloop
  endfacet
  facet normal 1 0 -0
    outer loop
      vertex 37.2 39.7816 -141.996
      vertex 37.2 40.2529 -140.095
      vertex 37.2 39.5513 -140.38
    endloop
  endfacet
  facet normal 1 0 0
    outer loop
      vertex 37.2 40.5373 -142.09
      vertex 37.2 40.5348 -142.073
      vertex 37.2 39.7816 -141.996
    endloop
  endfacet
  facet normal 1 0 0
    outer loop
      vertex 37.2 40.5348 -142.073
      vertex 37.2 40.2529 -140.095
      vertex 37.2 39.7816 -141.996
    endloop
  endfacet
  facet normal 1 0 0
    outer loop
      vertex 37.2 47.0791 -141.998
      vertex 37.2 46.6543 -142.047
      vertex 37.2 47.3176 -142.353
    endloop
  endfacet
  facet normal 1 0 -0
    outer loop
      vertex 37.2 44.209 -146.757
      vertex 37.2 46.6543 -142.047
      vertex 37.2 43.9061 -146.58
    endloop
  endfacet
  facet normal 1 0 -0
    outer loop
      vertex 37.2 40.3896 -144.884
      vertex 37.2 40.5695 -144.841
      vertex 37.2 39.8456 -143.485
    endloop
  endfacet
  facet normal 1 -0 0
    outer loop
      vertex 37.2 39.049 -144.459
      vertex 37.2 39.3178 -144.962
      vertex 37.2 39.2234 -144.19
    endloop
  endfacet
  facet normal 1 0 0
    outer loop
      vertex 37.2 40.7527 -142.739
      vertex 37.2 40.7445 -142.724
      vertex 37.2 40.1909 -143.247
    endloop
  endfacet
  facet normal 1 0 0
    outer loop
      vertex 37.2 39.9634 -143.39
      vertex 37.2 39.8456 -143.485
      vertex 37.2 40.5695 -144.841
    endloop
  endfacet
  facet normal 1 0 0
    outer loop
      vertex 37.2 40.3896 -144.884
      vertex 37.2 39.7091 -143.611
      vertex 37.2 39.5574 -143.768
    endloop
  endfacet
  facet normal 1 0 0
    outer loop
      vertex 37.2 40.1742 -144.923
      vertex 37.2 39.5574 -143.768
      vertex 37.2 39.9234 -144.951
    endloop
  endfacet
  facet normal 1 0 0
    outer loop
      vertex 37.2 39.5574 -143.768
      vertex 37.2 39.3942 -143.961
      vertex 37.2 39.9234 -144.951
    endloop
  endfacet
  facet normal 1 0 0
    outer loop
      vertex 37.2 39.3942 -143.961
      vertex 37.2 39.2234 -144.19
      vertex 37.2 39.9234 -144.951
    endloop
  endfacet
  facet normal 1 0 0
    outer loop
      vertex 37.2 39.2234 -144.19
      vertex 37.2 39.6376 -144.966
      vertex 37.2 39.9234 -144.951
    endloop
  endfacet
  facet normal 1 -0 -0
    outer loop
      vertex 37.2 39.3178 -144.962
      vertex 37.2 39.6376 -144.966
      vertex 37.2 39.2234 -144.19
    endloop
  endfacet
  facet normal 1 0 -0
    outer loop
      vertex 37.2 40.1742 -144.923
      vertex 37.2 40.3896 -144.884
      vertex 37.2 39.5574 -143.768
    endloop
  endfacet
  facet normal 1 0 0
    outer loop
      vertex 37.2 40.3896 -144.884
      vertex 37.2 39.8456 -143.485
      vertex 37.2 39.7091 -143.611
    endloop
  endfacet
  facet normal 1 0 -0
    outer loop
      vertex 37.2 40.5695 -144.841
      vertex 37.2 40.7141 -144.795
      vertex 37.2 39.9634 -143.39
    endloop
  endfacet
  facet normal 1 0 -0
    outer loop
      vertex 37.2 40.7141 -144.795
      vertex 37.2 40.8242 -144.753
      vertex 37.2 39.9634 -143.39
    endloop
  endfacet
  facet normal 1 0 0
    outer loop
      vertex 37.2 44.105 -147.507
      vertex 37.2 44.0979 -147.522
      vertex 37.2 44.0791 -147.569
    endloop
  endfacet
  facet normal 1 0 0
    outer loop
      vertex 37.2 40.8242 -144.753
      vertex 37.2 40.0596 -143.322
      vertex 37.2 39.9634 -143.39
    endloop
  endfacet
  facet normal 1 0 0
    outer loop
      vertex 37.2 40.1311 -143.278
      vertex 37.2 40.0596 -143.322
      vertex 37.2 40.8242 -144.753
    endloop
  endfacet
  facet normal 1 0 0
    outer loop
      vertex 37.2 40.1311 -143.278
      vertex 37.2 40.8242 -144.753
      vertex 37.2 40.9008 -144.719
    endloop
  endfacet
  facet normal 1 0 0
    outer loop
      vertex 37.2 40.1311 -143.278
      vertex 37.2 40.9008 -144.719
      vertex 37.2 40.9598 -144.686
    endloop
  endfacet
  facet normal 1 0 0
    outer loop
      vertex 37.2 40.9008 -144.719
      vertex 37.2 40.9454 -144.695
      vertex 37.2 40.9598 -144.686
    endloop
  endfacet
  facet normal 1 -0 0
    outer loop
      vertex 37.2 40.1311 -143.278
      vertex 37.2 40.9598 -144.686
      vertex 37.2 40.1909 -143.247
    endloop
  endfacet
  facet normal 1 0 -0
    outer loop
      vertex 37.2 40.9598 -144.686
      vertex 37.2 41.6941 -144.501
      vertex 37.2 40.1909 -143.247
    endloop
  endfacet
  facet normal 1 0 0
    outer loop
      vertex 37.2 41.6941 -144.501
      vertex 37.2 40.7527 -142.739
      vertex 37.2 40.1909 -143.247
    endloop
  endfacet
  facet normal 1 0 0
    outer loop
      vertex 37.2 41.7023 -144.517
      vertex 37.2 41.6941 -144.501
      vertex 37.2 40.9598 -144.686
    endloop
  endfacet
  facet normal 1 0 0
    outer loop
      vertex 37.2 47.3176 -142.353
      vertex 37.2 46.0628 -147.502
      vertex 37.2 46.4036 -147.584
    endloop
  endfacet
  facet normal 1 0 0
    outer loop
      vertex 37.2 45.7348 -140.934
      vertex 37.2 45.5603 -140.224
      vertex 37.2 40.5348 -142.073
    endloop
  endfacet
  facet normal 1 0 0
    outer loop
      vertex 37.2 48.7617 -142.329
      vertex 37.2 48.3647 -142.17
      vertex 37.2 48.0415 -142.45
    endloop
  endfacet
  facet normal 1 0 -0
    outer loop
      vertex 37.2 42.5192 -147.193
      vertex 37.2 42.6732 -147.09
      vertex 37.2 41.5294 -146.064
    endloop
  endfacet
  facet normal 1 0 -0
    outer loop
      vertex 37.2 42.3299 -147.303
      vertex 37.2 42.5192 -147.193
      vertex 37.2 41.3554 -146.429
    endloop
  endfacet
  facet normal 1 0 0
    outer loop
      vertex 37.2 42.1266 -145.053
      vertex 37.2 42.1136 -145.041
      vertex 37.2 41.7724 -145.722
    endloop
  endfacet
  facet normal 1 0 0
    outer loop
      vertex 37.2 41.6077 -145.935
      vertex 37.2 41.5294 -146.064
      vertex 37.2 42.6732 -147.09
    endloop
  endfacet
  facet normal 1 0 0
    outer loop
      vertex 37.2 42.5192 -147.193
      vertex 37.2 41.444 -146.228
      vertex 37.2 41.3554 -146.429
    endloop
  endfacet
  facet normal 1 0 0
    outer loop
      vertex 37.2 42.3299 -147.303
      vertex 37.2 41.3554 -146.429
      vertex 37.2 42.1039 -147.415
    endloop
  endfacet
  facet normal 1 0 0
    outer loop
      vertex 37.2 41.3554 -146.429
      vertex 37.2 41.2679 -146.665
      vertex 37.2 42.1039 -147.415
    endloop
  endfacet
  facet normal 1 0 0
    outer loop
      vertex 37.2 41.2679 -146.665
      vertex 37.2 41.8403 -147.526
      vertex 37.2 42.1039 -147.415
    endloop
  endfacet
  facet normal 1 -0 0
    outer loop
      vertex 37.2 41.1859 -146.94
      vertex 37.2 41.8403 -147.526
      vertex 37.2 41.2679 -146.665
    endloop
  endfacet
  facet normal 1 -0 0
    outer loop
      vertex 37.2 41.1137 -147.251
      vertex 37.2 41.8403 -147.526
      vertex 37.2 41.1859 -146.94
    endloop
  endfacet
  facet normal 1 0 -0
    outer loop
      vertex 37.2 41.5384 -147.632
      vertex 37.2 41.8403 -147.526
      vertex 37.2 41.1137 -147.251
    endloop
  endfacet
  facet normal 1 0 0
    outer loop
      vertex 37.2 42.5192 -147.193
      vertex 37.2 41.5294 -146.064
      vertex 37.2 41.444 -146.228
    endloop
  endfacet
  facet normal 1 0 -0
    outer loop
      vertex 37.2 42.6732 -147.09
      vertex 37.2 42.7937 -146.998
      vertex 37.2 41.6077 -145.935
    endloop
  endfacet
  facet normal 1 0 -0
    outer loop
      vertex 37.2 42.7937 -146.998
      vertex 37.2 42.8827 -146.921
      vertex 37.2 41.6077 -145.935
    endloop
  endfacet
  facet normal 1 0 0
    outer loop
      vertex 37.2 46.9074 -148.386
      vertex 37.2 46.9059 -148.403
      vertex 37.2 46.9043 -148.454
    endloop
  endfacet
  facet normal 1 0 0
    outer loop
      vertex 37.2 42.8827 -146.921
      vertex 37.2 41.6747 -145.838
      vertex 37.2 41.6077 -145.935
    endloop
  endfacet
  facet normal 1 0 0
    outer loop
      vertex 37.2 42.9427 -146.862
      vertex 37.2 41.6747 -145.838
      vertex 37.2 42.8827 -146.921
    endloop
  endfacet
  facet normal 1 0 0
    outer loop
      vertex 37.2 41.7268 -145.772
      vertex 37.2 41.6747 -145.838
      vertex 37.2 42.9427 -146.862
    endloop
  endfacet
  facet normal 1 -0 0
    outer loop
      vertex 37.2 41.7268 -145.772
      vertex 37.2 42.9427 -146.862
      vertex 37.2 41.7724 -145.722
    endloop
  endfacet
  facet normal 1 0 0
    outer loop
      vertex 37.2 42.9427 -146.862
      vertex 37.2 42.9765 -146.825
      vertex 37.2 42.9871 -146.811
    endloop
  endfacet
  facet normal 1 0 -0
    outer loop
      vertex 37.2 42.9427 -146.862
      vertex 37.2 42.9871 -146.811
      vertex 37.2 41.7724 -145.722
    endloop
  endfacet
  facet normal 1 0 0
    outer loop
      vertex 37.2 42.9871 -146.811
      vertex 37.2 42.1266 -145.053
      vertex 37.2 41.7724 -145.722
    endloop
  endfacet
  facet normal 1 0 0
    outer loop
      vertex 37.2 43.614 -146.387
      vertex 37.2 42.1266 -145.053
      vertex 37.2 42.9871 -146.811
    endloop
  endfacet
  facet normal 1 0 0
    outer loop
      vertex 37.2 48.0415 -142.45
      vertex 37.2 48.7454 -147.712
      vertex 37.2 49.0937 -147.672
    endloop
  endfacet
  facet normal 1 0 0
    outer loop
      vertex 37.2 43.6269 -146.398
      vertex 37.2 43.614 -146.387
      vertex 37.2 42.9871 -146.811
    endloop
  endfacet
  facet normal 1 0 -0
    outer loop
      vertex 37.2 48.3241 -137.572
      vertex 37.2 49.2515 -132.354
      vertex 37.2 47.2546 -132.288
    endloop
  endfacet
  facet normal 1 0 -0
    outer loop
      vertex 37.2 45.4194 -148.484
      vertex 37.2 45.5012 -148.357
      vertex 37.2 44.0229 -147.763
    endloop
  endfacet
  facet normal 1 0 0
    outer loop
      vertex 37.2 45.3098 -148.634
      vertex 37.2 43.9937 -147.912
      vertex 37.2 43.9696 -148.095
    endloop
  endfacet
  facet normal 1 0 0
    outer loop
      vertex 37.2 44.209 -146.757
      vertex 37.2 44.1928 -146.75
      vertex 37.2 44.105 -147.507
    endloop
  endfacet
  facet normal 1 0 0
    outer loop
      vertex 37.2 44.0229 -147.763
      vertex 37.2 43.9937 -147.912
      vertex 37.2 45.4194 -148.484
    endloop
  endfacet
  facet normal 1 0 0
    outer loop
      vertex 37.2 45.3098 -148.634
      vertex 37.2 43.9696 -148.095
      vertex 37.2 43.9548 -148.313
    endloop
  endfacet
  facet normal 1 0 0
    outer loop
      vertex 37.2 45.1694 -148.801
      vertex 37.2 43.9548 -148.313
      vertex 37.2 44.9956 -148.985
    endloop
  endfacet
  facet normal 1 0 0
    outer loop
      vertex 37.2 43.9548 -148.313
      vertex 37.2 43.9536 -148.566
      vertex 37.2 44.9956 -148.985
    endloop
  endfacet
  facet normal 1 0 0
    outer loop
      vertex 37.2 43.9536 -148.566
      vertex 37.2 44.786 -149.179
      vertex 37.2 44.9956 -148.985
    endloop
  endfacet
  facet normal 1 -0 -0
    outer loop
      vertex 37.2 43.9703 -148.852
      vertex 37.2 44.786 -149.179
      vertex 37.2 43.9536 -148.566
    endloop
  endfacet
  facet normal 1 0 -0
    outer loop
      vertex 37.2 44.5384 -149.382
      vertex 37.2 44.786 -149.179
      vertex 37.2 43.9703 -148.852
    endloop
  endfacet
  facet normal 1 0 0
    outer loop
      vertex 37.2 44.5384 -149.382
      vertex 37.2 43.9703 -148.852
      vertex 37.2 44.009 -149.169
    endloop
  endfacet
  facet normal 1 0 0
    outer loop
      vertex 37.2 45.3098 -148.634
      vertex 37.2 43.9548 -148.313
      vertex 37.2 45.1694 -148.801
    endloop
  endfacet
  facet normal 1 0 0
    outer loop
      vertex 37.2 45.4194 -148.484
      vertex 37.2 43.9937 -147.912
      vertex 37.2 45.3098 -148.634
    endloop
  endfacet
  facet normal 1 0 -0
    outer loop
      vertex 37.2 45.5012 -148.357
      vertex 37.2 45.5585 -148.254
      vertex 37.2 44.0229 -147.763
    endloop
  endfacet
  facet normal 1 0 0
    outer loop
      vertex 37.2 49.8416 -148.254
      vertex 37.2 49.8459 -148.271
      vertex 37.2 49.8617 -148.319
    endloop
  endfacet
  facet normal 1 0 0
    outer loop
      vertex 37.2 45.5585 -148.254
      vertex 37.2 44.0527 -147.649
      vertex 37.2 44.0229 -147.763
    endloop
  endfacet
  facet normal 1 0 0
    outer loop
      vertex 37.2 45.5947 -148.178
      vertex 37.2 44.0527 -147.649
      vertex 37.2 45.5585 -148.254
    endloop
  endfacet
  facet normal 1 0 0
    outer loop
      vertex 37.2 44.0791 -147.569
      vertex 37.2 44.0527 -147.649
      vertex 37.2 45.5947 -148.178
    endloop
  endfacet
  facet normal 1 -0 0
    outer loop
      vertex 37.2 44.0791 -147.569
      vertex 37.2 45.5947 -148.178
      vertex 37.2 44.105 -147.507
    endloop
  endfacet
  facet normal 1 0 0
    outer loop
      vertex 37.2 45.5947 -148.178
      vertex 37.2 45.6136 -148.131
      vertex 37.2 45.619 -148.115
    endloop
  endfacet
  facet normal 1 0 -0
    outer loop
      vertex 37.2 45.5947 -148.178
      vertex 37.2 45.619 -148.115
      vertex 37.2 44.105 -147.507
    endloop
  endfacet
  facet normal 1 0 0
    outer loop
      vertex 37.2 45.619 -148.115
      vertex 37.2 44.209 -146.757
      vertex 37.2 44.105 -147.507
    endloop
  endfacet
  facet normal 1 0 0
    outer loop
      vertex 37.2 46.0628 -147.502
      vertex 37.2 44.209 -146.757
      vertex 37.2 45.619 -148.115
    endloop
  endfacet
  facet normal 1 0 0
    outer loop
      vertex 37.2 49.4142 -142.001
      vertex 37.2 51.3379 -146.992
      vertex 37.2 51.6518 -146.836
    endloop
  endfacet
  facet normal 1 0 0
    outer loop
      vertex 37.2 49.9411 -141.495
      vertex 37.2 49.5235 -141.587
      vertex 37.2 49.4142 -142.001
    endloop
  endfacet
  facet normal 1 0 0
    outer loop
      vertex 37.2 46.079 -147.508
      vertex 37.2 46.0628 -147.502
      vertex 37.2 45.619 -148.115
    endloop
  endfacet
  facet normal 1 0 0
    outer loop
      vertex 37.2 52.0939 -133.42
      vertex 37.2 51.791 -133.243
      vertex 37.2 49.0255 -137.775
    endloop
  endfacet
  facet normal 1 0 -0
    outer loop
      vertex 37.2 48.4249 -149.033
      vertex 37.2 48.4768 -148.855
      vertex 37.2 46.9413 -148.805
    endloop
  endfacet
  facet normal 1 0 0
    outer loop
      vertex 37.2 48.4249 -149.033
      vertex 37.2 46.9413 -148.805
      vertex 37.2 46.9814 -148.985
    endloop
  endfacet
  facet normal 1 0 0
    outer loop
      vertex 37.2 46.7485 -147.646
      vertex 37.2 46.7312 -147.645
      vertex 37.2 46.9074 -148.386
    endloop
  endfacet
  facet normal 1 0 0
    outer loop
      vertex 37.2 46.9178 -148.655
      vertex 37.2 46.9413 -148.805
      vertex 37.2 48.4768 -148.855
    endloop
  endfacet
  facet normal 1 0 0
    outer loop
      vertex 37.2 48.4249 -149.033
      vertex 37.2 46.9814 -148.985
      vertex 37.2 47.0422 -149.196
    endloop
  endfacet
  facet normal 1 0 0
    outer loop
      vertex 37.2 48.3504 -149.239
      vertex 37.2 47.0422 -149.196
      vertex 37.2 47.1274 -149.433
    endloop
  endfacet
  facet normal 1 0 0
    outer loop
      vertex 37.2 48.3504 -149.239
      vertex 37.2 47.1274 -149.433
      vertex 37.2 48.2497 -149.47
    endloop
  endfacet
  facet normal 1 0 0
    outer loop
      vertex 37.2 47.1274 -149.433
      vertex 37.2 48.1193 -149.725
      vertex 37.2 48.2497 -149.47
    endloop
  endfacet
  facet normal 1 -0 -0
    outer loop
      vertex 37.2 47.2408 -149.696
      vertex 37.2 48.1193 -149.725
      vertex 37.2 47.1274 -149.433
    endloop
  endfacet
  facet normal 1 0 -0
    outer loop
      vertex 37.2 47.3857 -149.981
      vertex 37.2 48.1193 -149.725
      vertex 37.2 47.2408 -149.696
    endloop
  endfacet
  facet normal 1 0 -0
    outer loop
      vertex 37.2 47.9559 -150
      vertex 37.2 48.1193 -149.725
      vertex 37.2 47.3857 -149.981
    endloop
  endfacet
  facet normal 1 0 0
    outer loop
      vertex 37.2 48.4249 -149.033
      vertex 37.2 47.0422 -149.196
      vertex 37.2 48.3504 -149.239
    endloop
  endfacet
  facet normal 1 0 0
    outer loop
      vertex 37.2 49.4392 -147.613
      vertex 37.2 49.4226 -147.618
      vertex 37.2 49.8416 -148.254
    endloop
  endfacet
  facet normal 1 0 -0
    outer loop
      vertex 37.2 48.4768 -148.855
      vertex 37.2 48.5101 -148.707
      vertex 37.2 46.9178 -148.655
    endloop
  endfacet
  facet normal 1 0 -0
    outer loop
      vertex 37.2 48.5101 -148.707
      vertex 37.2 48.5287 -148.591
      vertex 37.2 46.9178 -148.655
    endloop
  endfacet
  facet normal 1 -0 0
    outer loop
      vertex 37.2 49.4142 -142.001
      vertex 37.2 53.528 -145.428
      vertex 37.2 49.9411 -141.495
    endloop
  endfacet
  facet normal 1 0 0
    outer loop
      vertex 37.2 48.5287 -148.591
      vertex 37.2 46.9069 -148.538
      vertex 37.2 46.9178 -148.655
    endloop
  endfacet
  facet normal 1 0 0
    outer loop
      vertex 37.2 46.9043 -148.454
      vertex 37.2 46.9069 -148.538
      vertex 37.2 48.5287 -148.591
    endloop
  endfacet
  facet normal 1 0 0
    outer loop
      vertex 37.2 46.9043 -148.454
      vertex 37.2 48.5287 -148.591
      vertex 37.2 48.5368 -148.507
    endloop
  endfacet
  facet normal 1 -0 0
    outer loop
      vertex 37.2 46.9043 -148.454
      vertex 37.2 48.5368 -148.507
      vertex 37.2 48.5382 -148.44
    endloop
  endfacet
  facet normal 1 0 0
    outer loop
      vertex 37.2 48.5368 -148.507
      vertex 37.2 48.5385 -148.457
      vertex 37.2 48.5382 -148.44
    endloop
  endfacet
  facet normal 1 0 0
    outer loop
      vertex 37.2 46.9043 -148.454
      vertex 37.2 48.5382 -148.44
      vertex 37.2 46.9074 -148.386
    endloop
  endfacet
  facet normal 1 0 0
    outer loop
      vertex 37.2 48.5382 -148.44
      vertex 37.2 46.7485 -147.646
      vertex 37.2 46.9074 -148.386
    endloop
  endfacet
  facet normal 1 0 0
    outer loop
      vertex 37.2 48.7628 -147.712
      vertex 37.2 48.7454 -147.712
      vertex 37.2 48.5382 -148.44
    endloop
  endfacet
  facet normal 1 0 0
    outer loop
      vertex 37.2 48.7454 -147.712
      vertex 37.2 46.7485 -147.646
      vertex 37.2 48.5382 -148.44
    endloop
  endfacet
  facet normal 1 -0 0
    outer loop
      vertex 37.2 49.9411 -141.495
      vertex 37.2 55.0513 -143.21
      vertex 37.2 50.2955 -140.856
    endloop
  endfacet
  facet normal 1 0 0
    outer loop
      vertex 37.2 53.9959 -144.907
      vertex 37.2 49.9411 -141.495
      vertex 37.2 53.7696 -145.174
    endloop
  endfacet
  facet normal 1 0 -0
    outer loop
      vertex 37.2 50.0165 -148.636
      vertex 37.2 51.4575 -148.008
      vertex 37.2 49.9433 -148.503
    endloop
  endfacet
  facet normal 1 0 0
    outer loop
      vertex 37.2 51.4887 -148.343
      vertex 37.2 51.4767 -148.158
      vertex 37.2 50.116 -148.792
    endloop
  endfacet
  facet normal 1 0 0
    outer loop
      vertex 37.2 52.5536 -147.127
      vertex 37.2 52.5633 -147.14
      vertex 37.2 52.5945 -147.18
    endloop
  endfacet
  facet normal 1 0 0
    outer loop
      vertex 37.2 51.4575 -148.008
      vertex 37.2 50.0165 -148.636
      vertex 37.2 51.4767 -148.158
    endloop
  endfacet
  facet normal 1 0 0
    outer loop
      vertex 37.2 51.4887 -148.343
      vertex 37.2 50.116 -148.792
      vertex 37.2 50.245 -148.969
    endloop
  endfacet
  facet normal 1 0 0
    outer loop
      vertex 37.2 51.4891 -148.562
      vertex 37.2 50.245 -148.969
      vertex 37.2 50.4064 -149.163
    endloop
  endfacet
  facet normal 1 0 0
    outer loop
      vertex 37.2 51.4891 -148.562
      vertex 37.2 50.4064 -149.163
      vertex 37.2 51.4737 -148.814
    endloop
  endfacet
  facet normal 1 -0 0
    outer loop
      vertex 37.2 50.4064 -149.163
      vertex 37.2 50.6028 -149.371
      vertex 37.2 51.4737 -148.814
    endloop
  endfacet
  facet normal 1 0 0
    outer loop
      vertex 37.2 50.6028 -149.371
      vertex 37.2 51.4382 -149.098
      vertex 37.2 51.4737 -148.814
    endloop
  endfacet
  facet normal 1 0 -0
    outer loop
      vertex 37.2 50.8365 -149.589
      vertex 37.2 51.4382 -149.098
      vertex 37.2 50.6028 -149.371
    endloop
  endfacet
  facet normal 1 0 -0
    outer loop
      vertex 37.2 51.3787 -149.412
      vertex 37.2 51.4382 -149.098
      vertex 37.2 50.8365 -149.589
    endloop
  endfacet
  facet normal 1 0 0
    outer loop
      vertex 37.2 51.4887 -148.343
      vertex 37.2 50.245 -148.969
      vertex 37.2 51.4891 -148.562
    endloop
  endfacet
  facet normal 1 0 -0
    outer loop
      vertex 37.2 53.9959 -144.907
      vertex 37.2 55.0513 -143.21
      vertex 37.2 49.9411 -141.495
    endloop
  endfacet
  facet normal 1 0 0
    outer loop
      vertex 37.2 51.4767 -148.158
      vertex 37.2 50.0165 -148.636
      vertex 37.2 50.116 -148.792
    endloop
  endfacet
  facet normal 1 0 0
    outer loop
      vertex 37.2 52.5536 -147.127
      vertex 37.2 51.9561 -146.662
      vertex 37.2 51.9424 -146.672
    endloop
  endfacet
  facet normal 1 0 0
    outer loop
      vertex 37.2 51.4575 -148.008
      vertex 37.2 51.4351 -147.892
      vertex 37.2 49.9433 -148.503
    endloop
  endfacet
  facet normal 1 0 0
    outer loop
      vertex 37.2 51.4351 -147.892
      vertex 37.2 49.8929 -148.397
      vertex 37.2 49.9433 -148.503
    endloop
  endfacet
  facet normal 1 0 0
    outer loop
      vertex 37.2 51.4141 -147.811
      vertex 37.2 49.8929 -148.397
      vertex 37.2 51.4351 -147.892
    endloop
  endfacet
  facet normal 1 -0 0
    outer loop
      vertex 37.2 49.8617 -148.319
      vertex 37.2 49.8929 -148.397
      vertex 37.2 51.4141 -147.811
    endloop
  endfacet
  facet normal 1 0 0
    outer loop
      vertex 37.2 49.8617 -148.319
      vertex 37.2 51.4141 -147.811
      vertex 37.2 51.3924 -147.747
    endloop
  endfacet
  facet normal 1 0 0
    outer loop
      vertex 37.2 51.4141 -147.811
      vertex 37.2 51.3985 -147.763
      vertex 37.2 51.3924 -147.747
    endloop
  endfacet
  facet normal 1 0 -0
    outer loop
      vertex 37.2 49.8617 -148.319
      vertex 37.2 51.3924 -147.747
      vertex 37.2 49.8416 -148.254
    endloop
  endfacet
  facet normal 1 0 0
    outer loop
      vertex 37.2 51.3924 -147.747
      vertex 37.2 51.3379 -146.992
      vertex 37.2 49.8416 -148.254
    endloop
  endfacet
  facet normal 1 0 0
    outer loop
      vertex 37.2 51.3379 -146.992
      vertex 37.2 49.4392 -147.613
      vertex 37.2 49.8416 -148.254
    endloop
  endfacet
  facet normal 1 0 -0
    outer loop
      vertex 37.2 53.528 -145.428
      vertex 37.2 53.7696 -145.174
      vertex 37.2 49.9411 -141.495
    endloop
  endfacet
  facet normal 1 0 0
    outer loop
      vertex 37.2 51.3546 -146.986
      vertex 37.2 51.3379 -146.992
      vertex 37.2 51.3924 -147.747
    endloop
  endfacet
  facet normal 1 0 0
    outer loop
      vertex 37.2 53.528 -145.428
      vertex 37.2 49.4142 -142.001
      vertex 37.2 51.9561 -146.662
    endloop
  endfacet
  facet normal 1 0 -0
    outer loop
      vertex 37.2 55.0513 -143.21
      vertex 37.2 55.1914 -142.889
      vertex 37.2 50.2955 -140.856
    endloop
  endfacet
  facet normal 1 0 0
    outer loop
      vertex 37.2 54.1318 -146.647
      vertex 37.2 54.0573 -146.477
      vertex 37.2 52.9954 -147.538
    endloop
  endfacet
  facet normal 1 0 0
    outer loop
      vertex 37.2 53.9878 -146.342
      vertex 37.2 52.8485 -147.425
      vertex 37.2 54.0573 -146.477
    endloop
  endfacet
  facet normal 1 0 0
    outer loop
      vertex 37.2 54.1318 -146.647
      vertex 37.2 52.9954 -147.538
      vertex 37.2 54.207 -146.852
    endloop
  endfacet
  facet normal 1 0 0
    outer loop
      vertex 37.2 54.207 -146.852
      vertex 37.2 53.1771 -147.66
      vertex 37.2 54.2787 -147.094
    endloop
  endfacet
  facet normal 1 -0 0
    outer loop
      vertex 37.2 53.1771 -147.66
      vertex 37.2 53.3951 -147.787
      vertex 37.2 54.2787 -147.094
    endloop
  endfacet
  facet normal 1 -0 0
    outer loop
      vertex 37.2 53.3951 -147.787
      vertex 37.2 53.6509 -147.916
      vertex 37.2 54.2787 -147.094
    endloop
  endfacet
  facet normal 1 0 0
    outer loop
      vertex 37.2 53.6509 -147.916
      vertex 37.2 54.3425 -147.373
      vertex 37.2 54.2787 -147.094
    endloop
  endfacet
  facet normal 1 0 0
    outer loop
      vertex 37.2 54.394 -147.689
      vertex 37.2 54.3425 -147.373
      vertex 37.2 53.6509 -147.916
    endloop
  endfacet
  facet normal 1 0 0
    outer loop
      vertex 37.2 54.394 -147.689
      vertex 37.2 53.6509 -147.916
      vertex 37.2 53.9452 -148.041
    endloop
  endfacet
  facet normal 1 -0 0
    outer loop
      vertex 37.2 52.9954 -147.538
      vertex 37.2 53.1771 -147.66
      vertex 37.2 54.207 -146.852
    endloop
  endfacet
  facet normal 1 0 0
    outer loop
      vertex 37.2 55.3125 -142.56
      vertex 37.2 50.2955 -140.856
      vertex 37.2 55.1914 -142.889
    endloop
  endfacet
  facet normal 1 -0 0
    outer loop
      vertex 37.2 52.8485 -147.425
      vertex 37.2 52.9954 -147.538
      vertex 37.2 54.0573 -146.477
    endloop
  endfacet
  facet normal 1 -0 -0
    outer loop
      vertex 37.2 54.7303 -145.149
      vertex 37.2 54.7732 -145.176
      vertex 37.2 54.7165 -145.139
    endloop
  endfacet
  facet normal 1 -0 0
    outer loop
      vertex 37.2 52.7343 -147.326
      vertex 37.2 52.8485 -147.425
      vertex 37.2 53.9878 -146.342
    endloop
  endfacet
  facet normal 1 0 0
    outer loop
      vertex 37.2 55.9073 -144.015
      vertex 37.2 55.2723 -145.375
      vertex 37.2 56.0352 -144.149
    endloop
  endfacet
  facet normal 1 0 -0
    outer loop
      vertex 37.2 52.7343 -147.326
      vertex 37.2 53.9878 -146.342
      vertex 37.2 52.6506 -147.243
    endloop
  endfacet
  facet normal 1 0 0
    outer loop
      vertex 37.2 53.9878 -146.342
      vertex 37.2 53.9273 -146.241
      vertex 37.2 52.6506 -147.243
    endloop
  endfacet
  facet normal 1 0 0
    outer loop
      vertex 37.2 53.9273 -146.241
      vertex 37.2 53.8796 -146.172
      vertex 37.2 52.6506 -147.243
    endloop
  endfacet
  facet normal 1 0 0
    outer loop
      vertex 37.2 53.8796 -146.172
      vertex 37.2 52.5945 -147.18
      vertex 37.2 52.6506 -147.243
    endloop
  endfacet
  facet normal 1 -0 0
    outer loop
      vertex 37.2 52.5536 -147.127
      vertex 37.2 52.5945 -147.18
      vertex 37.2 53.8796 -146.172
    endloop
  endfacet
  facet normal 1 -0 0
    outer loop
      vertex 37.2 50.2955 -140.856
      vertex 37.2 55.3125 -142.56
      vertex 37.2 50.4459 -140.142
    endloop
  endfacet
  facet normal 1 0 0
    outer loop
      vertex 37.2 53.8374 -146.12
      vertex 37.2 53.8796 -146.172
      vertex 37.2 53.8485 -146.132
    endloop
  endfacet
  facet normal 1 0 0
    outer loop
      vertex 37.2 52.5536 -147.127
      vertex 37.2 53.8796 -146.172
      vertex 37.2 53.8374 -146.12
    endloop
  endfacet
  facet normal 1 0 0
    outer loop
      vertex 37.2 52.5536 -147.127
      vertex 37.2 53.8374 -146.12
      vertex 37.2 53.528 -145.428
    endloop
  endfacet
  facet normal 1 0 -0
    outer loop
      vertex 37.2 52.5536 -147.127
      vertex 37.2 53.528 -145.428
      vertex 37.2 51.9561 -146.662
    endloop
  endfacet
  facet normal 1 0 0
    outer loop
      vertex 37.2 53.8374 -146.12
      vertex 37.2 53.5417 -145.418
      vertex 37.2 53.528 -145.428
    endloop
  endfacet
  facet normal 1 -0 0
    outer loop
      vertex 37.2 53.9867 -144.922
      vertex 37.2 54.7165 -145.139
      vertex 37.2 53.9959 -144.907
    endloop
  endfacet
  facet normal 1 0 0
    outer loop
      vertex 37.2 55.0957 -145.319
      vertex 37.2 55.9073 -144.015
      vertex 37.2 55.7959 -143.912
    endloop
  endfacet
  facet normal 1 0 0
    outer loop
      vertex 37.2 55.2723 -145.375
      vertex 37.2 56.1762 -144.316
      vertex 37.2 56.0352 -144.149
    endloop
  endfacet
  facet normal 1 0 0
    outer loop
      vertex 37.2 56.1762 -144.316
      vertex 37.2 55.4847 -145.427
      vertex 37.2 55.7332 -145.472
    endloop
  endfacet
  facet normal 1 0 0
    outer loop
      vertex 37.2 56.1762 -144.316
      vertex 37.2 55.7332 -145.472
      vertex 37.2 56.3264 -144.519
    endloop
  endfacet
  facet normal 1 -0 0
    outer loop
      vertex 37.2 55.7332 -145.472
      vertex 37.2 56.0174 -145.506
      vertex 37.2 56.3264 -144.519
    endloop
  endfacet
  facet normal 1 0 0
    outer loop
      vertex 37.2 56.0174 -145.506
      vertex 37.2 56.4817 -144.759
      vertex 37.2 56.3264 -144.519
    endloop
  endfacet
  facet normal 1 0 -0
    outer loop
      vertex 37.2 56.3367 -145.523
      vertex 37.2 56.4817 -144.759
      vertex 37.2 56.0174 -145.506
    endloop
  endfacet
  facet normal 1 0 0
    outer loop
      vertex 37.2 56.6381 -145.038
      vertex 37.2 56.4817 -144.759
      vertex 37.2 56.3367 -145.523
    endloop
  endfacet
  facet normal 1 -0 0
    outer loop
      vertex 37.2 55.2723 -145.375
      vertex 37.2 55.4847 -145.427
      vertex 37.2 56.1762 -144.316
    endloop
  endfacet
  facet normal 1 0 0
    outer loop
      vertex 37.2 50.4459 -140.142
      vertex 37.2 55.7241 -140.605
      vertex 37.2 55.7458 -140.255
    endloop
  endfacet
  facet normal 1 0 0
    outer loop
      vertex 37.2 55.9073 -144.015
      vertex 37.2 55.0957 -145.319
      vertex 37.2 55.2723 -145.375
    endloop
  endfacet
  facet normal 1 0 0
    outer loop
      vertex 37.2 55.7959 -143.912
      vertex 37.2 54.9544 -145.265
      vertex 37.2 55.0957 -145.319
    endloop
  endfacet
  facet normal 1 -0 0
    outer loop
      vertex 37.2 54.8473 -145.216
      vertex 37.2 54.9544 -145.265
      vertex 37.2 55.7959 -143.912
    endloop
  endfacet
  facet normal 1 0 0
    outer loop
      vertex 37.2 54.8473 -145.216
      vertex 37.2 55.7959 -143.912
      vertex 37.2 55.7045 -143.838
    endloop
  endfacet
  facet normal 1 0 -0
    outer loop
      vertex 37.2 54.8473 -145.216
      vertex 37.2 55.7045 -143.838
      vertex 37.2 54.7732 -145.176
    endloop
  endfacet
  facet normal 1 0 0
    outer loop
      vertex 37.2 55.7045 -143.838
      vertex 37.2 55.636 -143.789
      vertex 37.2 54.7732 -145.176
    endloop
  endfacet
  facet normal 1 0 0
    outer loop
      vertex 37.2 55.636 -143.789
      vertex 37.2 55.5784 -143.754
      vertex 37.2 54.7732 -145.176
    endloop
  endfacet
  facet normal 1 0 0
    outer loop
      vertex 37.2 55.5931 -143.762
      vertex 37.2 55.5784 -143.754
      vertex 37.2 55.636 -143.789
    endloop
  endfacet
  facet normal 1 0 0
    outer loop
      vertex 37.2 55.5784 -143.754
      vertex 37.2 54.7165 -145.139
      vertex 37.2 54.7732 -145.176
    endloop
  endfacet
  facet normal 1 0 0
    outer loop
      vertex 37.2 55.0513 -143.21
      vertex 37.2 54.7165 -145.139
      vertex 37.2 55.5784 -143.754
    endloop
  endfacet
  facet normal 1 -0 0
    outer loop
      vertex 37.2 55.0513 -143.21
      vertex 37.2 55.5784 -143.754
      vertex 37.2 55.0605 -143.196
    endloop
  endfacet
  facet normal 1 0 0
    outer loop
      vertex 37.2 54.0977 -135.217
      vertex 37.2 53.8734 -134.947
      vertex 37.2 50.1007 -138.739
    endloop
  endfacet
  facet normal 1 -0 0
    outer loop
      vertex 37.2 53.9959 -144.907
      vertex 37.2 54.7165 -145.139
      vertex 37.2 55.0513 -143.21
    endloop
  endfacet
  facet normal 1 0 0
    outer loop
      vertex 37.2 50.4459 -140.142
      vertex 37.2 50.379 -139.414
      vertex 37.2 50.1907 -139.798
    endloop
  endfacet
  facet normal 1 -0 0
    outer loop
      vertex 37.2 50.4459 -140.142
      vertex 37.2 55.7458 -140.255
      vertex 37.2 55.7471 -139.905
    endloop
  endfacet
  facet normal 1 0 0
    outer loop
      vertex 37.2 56.9695 -141.15
      vertex 37.2 56.8035 -141.068
      vertex 37.2 56.6721 -142.563
    endloop
  endfacet
  facet normal 1 -0 0
    outer loop
      vertex 37.2 55.3125 -142.56
      vertex 37.2 55.3089 -142.577
      vertex 37.2 56.0692 -142.532
    endloop
  endfacet
  facet normal 1 0 0
    outer loop
      vertex 37.2 56.0692 -142.532
      vertex 37.2 56.0854 -142.537
      vertex 37.2 56.1349 -142.547
    endloop
  endfacet
  facet normal 1 0 0
    outer loop
      vertex 37.2 56.6638 -141.01
      vertex 37.2 56.4871 -142.572
      vertex 37.2 56.8035 -141.068
    endloop
  endfacet
  facet normal 1 0 0
    outer loop
      vertex 37.2 56.9695 -141.15
      vertex 37.2 56.6721 -142.563
      vertex 37.2 57.1592 -141.259
    endloop
  endfacet
  facet normal 1 0 0
    outer loop
      vertex 37.2 57.1592 -141.259
      vertex 37.2 56.8896 -142.54
      vertex 37.2 57.1384 -142.497
    endloop
  endfacet
  facet normal 1 0 0
    outer loop
      vertex 37.2 57.1592 -141.259
      vertex 37.2 57.1384 -142.497
      vertex 37.2 57.3698 -141.399
    endloop
  endfacet
  facet normal 1 0 0
    outer loop
      vertex 37.2 57.1384 -142.497
      vertex 37.2 57.4169 -142.431
      vertex 37.2 57.3698 -141.399
    endloop
  endfacet
  facet normal 1 0 -0
    outer loop
      vertex 37.2 57.4169 -142.431
      vertex 37.2 57.5979 -141.571
      vertex 37.2 57.3698 -141.399
    endloop
  endfacet
  facet normal 1 0 0
    outer loop
      vertex 37.2 57.8403 -141.78
      vertex 37.2 57.5979 -141.571
      vertex 37.2 57.4169 -142.431
    endloop
  endfacet
  facet normal 1 0 0
    outer loop
      vertex 37.2 56.6721 -142.563
      vertex 37.2 56.8896 -142.54
      vertex 37.2 57.1592 -141.259
    endloop
  endfacet
  facet normal 1 0 0
    outer loop
      vertex 37.2 57.4169 -142.431
      vertex 37.2 57.7228 -142.338
      vertex 37.2 57.8403 -141.78
    endloop
  endfacet
  facet normal 1 0 -0
    outer loop
      vertex 37.2 50.4459 -140.142
      vertex 37.2 55.7471 -139.905
      vertex 37.2 50.379 -139.414
    endloop
  endfacet
  facet normal 1 -0 0
    outer loop
      vertex 37.2 56.3356 -142.569
      vertex 37.2 56.4871 -142.572
      vertex 37.2 56.6638 -141.01
    endloop
  endfacet
  facet normal 1 0 -0
    outer loop
      vertex 37.2 56.3356 -142.569
      vertex 37.2 56.6638 -141.01
      vertex 37.2 56.2182 -142.559
    endloop
  endfacet
  facet normal 1 0 0
    outer loop
      vertex 37.2 56.6638 -141.01
      vertex 37.2 56.5524 -140.971
      vertex 37.2 56.2182 -142.559
    endloop
  endfacet
  facet normal 1 0 0
    outer loop
      vertex 37.2 56.5524 -140.971
      vertex 37.2 56.1349 -142.547
      vertex 37.2 56.2182 -142.559
    endloop
  endfacet
  facet normal 1 0 0
    outer loop
      vertex 37.2 56.4713 -140.949
      vertex 37.2 56.1349 -142.547
      vertex 37.2 56.5524 -140.971
    endloop
  endfacet
  facet normal 1 0 0
    outer loop
      vertex 37.2 56.4053 -140.936
      vertex 37.2 56.1349 -142.547
      vertex 37.2 56.4713 -140.949
    endloop
  endfacet
  facet normal 1 0 0
    outer loop
      vertex 37.2 56.4053 -140.936
      vertex 37.2 56.4713 -140.949
      vertex 37.2 56.4219 -140.938
    endloop
  endfacet
  facet normal 1 -0 0
    outer loop
      vertex 37.2 56.0692 -142.532
      vertex 37.2 56.1349 -142.547
      vertex 37.2 56.4053 -140.936
    endloop
  endfacet
  facet normal 1 0 -0
    outer loop
      vertex 37.2 56.0692 -142.532
      vertex 37.2 56.4053 -140.936
      vertex 37.2 55.7241 -140.605
    endloop
  endfacet
  facet normal 1 0 0
    outer loop
      vertex 37.2 56.0692 -142.532
      vertex 37.2 55.7241 -140.605
      vertex 37.2 55.3125 -142.56
    endloop
  endfacet
  facet normal 1 0 0
    outer loop
      vertex 37.2 56.4053 -140.936
      vertex 37.2 55.7276 -140.588
      vertex 37.2 55.7241 -140.605
    endloop
  endfacet
  facet normal 1 0 0
    outer loop
      vertex 37.2 55.7471 -139.905
      vertex 37.2 55.4652 -137.927
      vertex 37.2 50.379 -139.414
    endloop
  endfacet
  facet normal 1 0 0
    outer loop
      vertex 37.2 56.8548 -139.514
      vertex 37.2 56.4866 -137.986
      vertex 37.2 56.7114 -139.563
    endloop
  endfacet
  facet normal 1 0 0
    outer loop
      vertex 37.2 55.4652 -137.927
      vertex 37.2 55.366 -137.591
      vertex 37.2 50.379 -139.414
    endloop
  endfacet
  facet normal 1 0 -0
    outer loop
      vertex 37.2 55.7496 -139.922
      vertex 37.2 56.4487 -139.62
      vertex 37.2 55.7471 -139.905
    endloop
  endfacet
  facet normal 1 0 0
    outer loop
      vertex 37.2 56.5154 -139.611
      vertex 37.2 56.4487 -139.62
      vertex 37.2 56.4654 -139.618
    endloop
  endfacet
  facet normal 1 0 0
    outer loop
      vertex 37.2 56.6379 -137.993
      vertex 37.2 56.4866 -137.986
      vertex 37.2 56.8548 -139.514
    endloop
  endfacet
  facet normal 1 0 0
    outer loop
      vertex 37.2 57.0376 -138.051
      vertex 37.2 56.822 -138.013
      vertex 37.2 57.0258 -139.443
    endloop
  endfacet
  facet normal 1 0 0
    outer loop
      vertex 37.2 57.4415 -139.221
      vertex 37.2 57.0376 -138.051
      vertex 37.2 57.2223 -139.346
    endloop
  endfacet
  facet normal 1 0 0
    outer loop
      vertex 37.2 57.0376 -138.051
      vertex 37.2 57.0258 -139.443
      vertex 37.2 57.2223 -139.346
    endloop
  endfacet
  facet normal 1 0 0
    outer loop
      vertex 37.2 57.0376 -138.051
      vertex 37.2 57.4415 -139.221
      vertex 37.2 57.283 -138.11
    endloop
  endfacet
  facet normal 1 0 -0
    outer loop
      vertex 37.2 57.4415 -139.221
      vertex 37.2 57.5565 -138.194
      vertex 37.2 57.283 -138.11
    endloop
  endfacet
  facet normal 1 0 0
    outer loop
      vertex 37.2 57.6806 -139.064
      vertex 37.2 57.5565 -138.194
      vertex 37.2 57.4415 -139.221
    endloop
  endfacet
  facet normal 1 0 0
    outer loop
      vertex 37.2 57.5565 -138.194
      vertex 37.2 57.6806 -139.064
      vertex 37.2 57.9361 -138.872
    endloop
  endfacet
  facet normal 1 0 0
    outer loop
      vertex 37.2 57.5565 -138.194
      vertex 37.2 57.9361 -138.872
      vertex 37.2 57.8556 -138.307
    endloop
  endfacet
  facet normal 1 0 0
    outer loop
      vertex 37.2 56.0366 -136.61
      vertex 37.2 55.1758 -135.247
      vertex 37.2 55.9404 -136.678
    endloop
  endfacet
  facet normal 1 0 0
    outer loop
      vertex 37.2 56.6379 -137.993
      vertex 37.2 57.0258 -139.443
      vertex 37.2 56.822 -138.013
    endloop
  endfacet
  facet normal 1 0 -0
    outer loop
      vertex 37.2 56.8548 -139.514
      vertex 37.2 57.0258 -139.443
      vertex 37.2 56.6379 -137.993
    endloop
  endfacet
  facet normal 1 0 0
    outer loop
      vertex 37.2 56.7114 -139.563
      vertex 37.2 56.4866 -137.986
      vertex 37.2 56.5978 -139.594
    endloop
  endfacet
  facet normal 1 0 0
    outer loop
      vertex 37.2 56.0766 -135.049
      vertex 37.2 56.6058 -136.039
      vertex 37.2 56.7766 -135.81
    endloop
  endfacet
  facet normal 1 0 0
    outer loop
      vertex 37.2 56.4866 -137.986
      vertex 37.2 56.3688 -137.988
      vertex 37.2 56.5978 -139.594
    endloop
  endfacet
  facet normal 1 0 0
    outer loop
      vertex 37.2 56.4426 -136.232
      vertex 37.2 55.6104 -135.116
      vertex 37.2 56.2909 -136.389
    endloop
  endfacet
  facet normal 1 0 0
    outer loop
      vertex 37.2 56.3688 -137.988
      vertex 37.2 56.2849 -137.994
      vertex 37.2 56.5978 -139.594
    endloop
  endfacet
  facet normal 1 0 -0
    outer loop
      vertex 37.2 56.0366 -136.61
      vertex 37.2 56.1544 -136.515
      vertex 37.2 55.4305 -135.159
    endloop
  endfacet
  facet normal 1 0 0
    outer loop
      vertex 37.2 56.2849 -137.994
      vertex 37.2 56.5154 -139.611
      vertex 37.2 56.5978 -139.594
    endloop
  endfacet
  facet normal 1 0 -0
    outer loop
      vertex 37.2 56.4487 -139.62
      vertex 37.2 56.5154 -139.611
      vertex 37.2 56.2849 -137.994
    endloop
  endfacet
  facet normal 1 0 0
    outer loop
      vertex 37.2 56.2184 -138.004
      vertex 37.2 56.2849 -137.994
      vertex 37.2 56.2349 -138.001
    endloop
  endfacet
  facet normal 1 0 -0
    outer loop
      vertex 37.2 55.2555 -137.276
      vertex 37.2 55.8091 -136.753
      vertex 37.2 55.2473 -137.261
    endloop
  endfacet
  facet normal 1 0 0
    outer loop
      vertex 37.2 56.4487 -139.62
      vertex 37.2 56.2849 -137.994
      vertex 37.2 56.2184 -138.004
    endloop
  endfacet
  facet normal 1 0 0
    outer loop
      vertex 37.2 56.4487 -139.62
      vertex 37.2 56.2184 -138.004
      vertex 37.2 55.7471 -139.905
    endloop
  endfacet
  facet normal 1 0 0
    outer loop
      vertex 37.2 56.2184 -138.004
      vertex 37.2 55.4627 -137.91
      vertex 37.2 55.4652 -137.927
    endloop
  endfacet
  facet normal 1 0 0
    outer loop
      vertex 37.2 56.2184 -138.004
      vertex 37.2 55.4652 -137.927
      vertex 37.2 55.7471 -139.905
    endloop
  endfacet
  facet normal 1 0 0
    outer loop
      vertex 37.2 55.2473 -137.261
      vertex 37.2 50.379 -139.414
      vertex 37.2 55.366 -137.591
    endloop
  endfacet
  facet normal 1 0 0
    outer loop
      vertex 37.2 54.3059 -135.499
      vertex 37.2 55.2473 -137.261
      vertex 37.2 55.8091 -136.753
    endloop
  endfacet
  facet normal 1 0 0
    outer loop
      vertex 37.2 54.3059 -135.499
      vertex 37.2 50.1007 -138.739
      vertex 37.2 55.2473 -137.261
    endloop
  endfacet
  facet normal 1 0 0
    outer loop
      vertex 37.2 55.4305 -135.159
      vertex 37.2 55.2859 -135.205
      vertex 37.2 56.0366 -136.61
    endloop
  endfacet
  facet normal 1 0 0
    outer loop
      vertex 37.2 56.1544 -136.515
      vertex 37.2 55.6104 -135.116
      vertex 37.2 55.4305 -135.159
    endloop
  endfacet
  facet normal 1 0 0
    outer loop
      vertex 37.2 56.2909 -136.389
      vertex 37.2 55.6104 -135.116
      vertex 37.2 56.1544 -136.515
    endloop
  endfacet
  facet normal 1 0 0
    outer loop
      vertex 37.2 55.8258 -135.077
      vertex 37.2 55.6104 -135.116
      vertex 37.2 56.4426 -136.232
    endloop
  endfacet
  facet normal 1 0 0
    outer loop
      vertex 37.2 56.0766 -135.049
      vertex 37.2 56.4426 -136.232
      vertex 37.2 56.6058 -136.039
    endloop
  endfacet
  facet normal 1 -0 0
    outer loop
      vertex 37.2 56.0766 -135.049
      vertex 37.2 56.7766 -135.81
      vertex 37.2 56.3624 -135.034
    endloop
  endfacet
  facet normal 1 0 0
    outer loop
      vertex 37.2 56.6822 -135.038
      vertex 37.2 56.7766 -135.81
      vertex 37.2 56.951 -135.541
    endloop
  endfacet
  facet normal 1 0 0
    outer loop
      vertex 37.2 55.7241 -140.605
      vertex 37.2 50.4459 -140.142
      vertex 37.2 55.3125 -142.56
    endloop
  endfacet
  facet normal 1 0 0
    outer loop
      vertex 37.2 48.9879 -141.966
      vertex 37.2 48.7617 -142.329
      vertex 37.2 49.4142 -142.001
    endloop
  endfacet
  facet normal 1 0 0
    outer loop
      vertex 37.2 49.4142 -142.001
      vertex 37.2 48.7617 -142.329
      vertex 37.2 51.3379 -146.992
    endloop
  endfacet
  facet normal 1 0 -0
    outer loop
      vertex 37.2 50.2955 -140.856
      vertex 37.2 50.4459 -140.142
      vertex 37.2 50.1528 -140.453
    endloop
  endfacet
  facet normal 1 0 0
    outer loop
      vertex 37.2 49.0255 -137.775
      vertex 37.2 49.2084 -138.162
      vertex 37.2 49.6358 -138.176
    endloop
  endfacet
  facet normal 1 0 0
    outer loop
      vertex 37.2 48.0415 -142.45
      vertex 37.2 49.0937 -147.672
      vertex 37.2 49.4392 -147.613
    endloop
  endfacet
  facet normal 1 -0 0
    outer loop
      vertex 37.2 49.9236 -141.068
      vertex 37.2 49.9411 -141.495
      vertex 37.2 50.2955 -140.856
    endloop
  endfacet
  facet normal 1 0 0
    outer loop
      vertex 37.2 47.3176 -142.353
      vertex 37.2 46.4036 -147.584
      vertex 37.2 46.7485 -147.646
    endloop
  endfacet
  facet normal 1 0 0
    outer loop
      vertex 37.2 51.9561 -146.662
      vertex 37.2 49.4142 -142.001
      vertex 37.2 51.6518 -146.836
    endloop
  endfacet
  facet normal 1 0 0
    outer loop
      vertex 37.2 48.7617 -142.329
      vertex 37.2 48.0415 -142.45
      vertex 37.2 49.4392 -147.613
    endloop
  endfacet
  facet normal 1 0 0
    outer loop
      vertex 37.2 51.3379 -146.992
      vertex 37.2 48.7617 -142.329
      vertex 37.2 49.4392 -147.613
    endloop
  endfacet
  facet normal 1 0 0
    outer loop
      vertex 37.2 46.1106 -141.56
      vertex 37.2 42.1266 -145.053
      vertex 37.2 43.614 -146.387
    endloop
  endfacet
  facet normal 1 0 0
    outer loop
      vertex 37.2 48.0415 -142.45
      vertex 37.2 47.3176 -142.353
      vertex 37.2 46.7485 -147.646
    endloop
  endfacet
  facet normal 1 0 0
    outer loop
      vertex 37.2 48.7454 -147.712
      vertex 37.2 48.0415 -142.45
      vertex 37.2 46.7485 -147.646
    endloop
  endfacet
  facet normal 1 0 0
    outer loop
      vertex 37.2 45.7348 -140.934
      vertex 37.2 40.7527 -142.739
      vertex 37.2 41.6941 -144.501
    endloop
  endfacet
  facet normal 1 0 0
    outer loop
      vertex 37.2 47.3176 -142.353
      vertex 37.2 46.6543 -142.047
      vertex 37.2 44.209 -146.757
    endloop
  endfacet
  facet normal 1 0 -0
    outer loop
      vertex 37.2 46.0628 -147.502
      vertex 37.2 47.3176 -142.353
      vertex 37.2 44.209 -146.757
    endloop
  endfacet
  facet normal 1 0 0
    outer loop
      vertex 37.2 45.5603 -140.224
      vertex 37.2 40.2529 -140.095
      vertex 37.2 40.5348 -142.073
    endloop
  endfacet
  facet normal 1 0 0
    outer loop
      vertex 37.2 46.6543 -142.047
      vertex 37.2 46.1106 -141.56
      vertex 37.2 43.614 -146.387
    endloop
  endfacet
  facet normal 1 0 -0
    outer loop
      vertex 37.2 43.9061 -146.58
      vertex 37.2 46.6543 -142.047
      vertex 37.2 43.614 -146.387
    endloop
  endfacet
  facet normal 1 0 0
    outer loop
      vertex 37.2 40.2759 -139.395
      vertex 37.2 40.2542 -139.745
      vertex 37.2 45.5603 -140.224
    endloop
  endfacet
  facet normal 1 0 0
    outer loop
      vertex 37.2 46.1106 -141.56
      vertex 37.2 41.6941 -144.501
      vertex 37.2 41.9023 -144.783
    endloop
  endfacet
  facet normal 1 0 0
    outer loop
      vertex 37.2 46.5311 -141.638
      vertex 37.2 46.1106 -141.56
      vertex 37.2 46.6543 -142.047
    endloop
  endfacet
  facet normal 1 0 0
    outer loop
      vertex 37.2 45.8578 -138.811
      vertex 37.2 40.8086 -137.111
      vertex 37.2 40.6875 -137.44
    endloop
  endfacet
  facet normal 1 0 0
    outer loop
      vertex 37.2 45.7348 -140.934
      vertex 37.2 46.1106 -141.56
      vertex 37.2 46.1136 -141.132
    endloop
  endfacet
  facet normal 1 0 0
    outer loop
      vertex 37.2 45.7348 -140.934
      vertex 37.2 40.634 -142.409
      vertex 37.2 40.7527 -142.739
    endloop
  endfacet
  facet normal 1 0 0
    outer loop
      vertex 37.2 46.3034 -138.232
      vertex 37.2 42.0041 -135.093
      vertex 37.2 45.8578 -138.811
    endloop
  endfacet
  facet normal 1 0 0
    outer loop
      vertex 37.2 45.5603 -140.224
      vertex 37.2 40.2542 -139.745
      vertex 37.2 40.2529 -140.095
    endloop
  endfacet
  facet normal 1 0 0
    outer loop
      vertex 37.2 45.8638 -140.526
      vertex 37.2 45.5603 -140.224
      vertex 37.2 45.7348 -140.934
    endloop
  endfacet
  facet normal 1 0 0
    outer loop
      vertex 37.2 42.472 -134.572
      vertex 37.2 42.2304 -134.826
      vertex 37.2 46.3034 -138.232
    endloop
  endfacet
  facet normal 1 0 -0
    outer loop
      vertex 37.2 45.6026 -139.495
      vertex 37.2 45.8578 -138.811
      vertex 37.2 40.6875 -137.44
    endloop
  endfacet
  facet normal 1 -0 0
    outer loop
      vertex 37.2 40.2759 -139.395
      vertex 37.2 45.6026 -139.495
      vertex 37.2 40.6875 -137.44
    endloop
  endfacet
  facet normal 1 0 0
    outer loop
      vertex 37.2 45.8578 -138.811
      vertex 37.2 46.257 -138.658
      vertex 37.2 46.3034 -138.232
    endloop
  endfacet
  facet normal 1 0 0
    outer loop
      vertex 37.2 45.8578 -138.811
      vertex 37.2 42.0041 -135.093
      vertex 37.2 40.9487 -136.79
    endloop
  endfacet
  facet normal 1 0 0
    outer loop
      vertex 37.2 46.3034 -138.232
      vertex 37.2 46.7301 -138.204
      vertex 37.2 46.8998 -137.811
    endloop
  endfacet
  facet normal 1 0 -0
    outer loop
      vertex 37.2 46.3034 -138.232
      vertex 37.2 46.8998 -137.811
      vertex 37.2 44.0439 -133.338
    endloop
  endfacet
  facet normal 1 -0 0
    outer loop
      vertex 37.2 42.472 -134.572
      vertex 37.2 46.3034 -138.232
      vertex 37.2 44.0439 -133.338
    endloop
  endfacet
  facet normal 1 0 -0
    outer loop
      vertex 37.2 46.8998 -137.811
      vertex 37.2 47.5939 -137.584
      vertex 37.2 46.5608 -132.387
    endloop
  endfacet
  facet normal 1 -0 0
    outer loop
      vertex 37.2 44.6621 -133.008
      vertex 37.2 46.8998 -137.811
      vertex 37.2 46.5608 -132.387
    endloop
  endfacet
  facet normal 1 0 -0
    outer loop
      vertex 37.2 47.5939 -137.584
      vertex 37.2 48.3241 -137.572
      vertex 37.2 47.2546 -132.288
    endloop
  endfacet
  facet normal 1 0 0
    outer loop
      vertex 37.2 47.5939 -137.584
      vertex 37.2 47.2546 -132.288
      vertex 37.2 46.9063 -132.328
    endloop
  endfacet
  facet normal 1 0 -0
    outer loop
      vertex 37.2 47.3161 -137.909
      vertex 37.2 47.5939 -137.584
      vertex 37.2 46.8998 -137.811
    endloop
  endfacet
  facet normal 1 0 0
    outer loop
      vertex 37.2 48.3241 -137.572
      vertex 37.2 47.5939 -137.584
      vertex 37.2 47.9628 -137.8
    endloop
  endfacet
  facet normal 1 0 0
    outer loop
      vertex 37.2 48.3241 -137.572
      vertex 37.2 49.5964 -132.416
      vertex 37.2 49.2515 -132.354
    endloop
  endfacet
  facet normal 1 0 0
    outer loop
      vertex 37.2 49.0255 -137.775
      vertex 37.2 51.791 -133.243
      vertex 37.2 49.9372 -132.498
    endloop
  endfacet
  facet normal 1 0 0
    outer loop
      vertex 37.2 49.0255 -137.775
      vertex 37.2 48.3241 -137.572
      vertex 37.2 48.6128 -137.887
    endloop
  endfacet
  facet normal 1 -0 0
    outer loop
      vertex 37.2 50.1007 -138.739
      vertex 37.2 50.379 -139.414
      vertex 37.2 55.2473 -137.261
    endloop
  endfacet
  facet normal 1 0 0
    outer loop
      vertex 37.2 52.386 -133.613
      vertex 37.2 49.0255 -137.775
      vertex 37.2 49.6358 -138.176
    endloop
  endfacet
  facet normal 1 0 0
    outer loop
      vertex 37.2 53.8734 -134.947
      vertex 37.2 49.6358 -138.176
      vertex 37.2 50.1007 -138.739
    endloop
  endfacet
  facet normal 1 0 0
    outer loop
      vertex 37.2 50.1007 -138.739
      vertex 37.2 50.034 -139.162
      vertex 37.2 50.379 -139.414
    endloop
  endfacet
  facet normal 1 0 0
    outer loop
      vertex 37.2 54.0977 -135.217
      vertex 37.2 50.1007 -138.739
      vertex 37.2 54.3059 -135.499
    endloop
  endfacet
  facet normal 1 0 0
    outer loop
      vertex 37.2 49.6358 -138.176
      vertex 37.2 49.6966 -138.599
      vertex 37.2 50.1007 -138.739
    endloop
  endfacet
  facet normal 0 0.0125068 0.999922
    outer loop
      vertex 34 56.3624 -135.034
      vertex 37.2 56.6822 -135.038
      vertex 34 56.6822 -135.038
    endloop
  endfacet
  facet normal -0 0.0125068 0.999922
    outer loop
      vertex 34 56.3624 -135.034
      vertex 37.2 56.3624 -135.034
      vertex 37.2 56.6822 -135.038
    endloop
  endfacet
  facet normal 0 -0.0524121 0.998626
    outer loop
      vertex 34 56.0766 -135.049
      vertex 37.2 56.3624 -135.034
      vertex 34 56.3624 -135.034
    endloop
  endfacet
  facet normal 0 -0.0524121 0.998626
    outer loop
      vertex 34 56.0766 -135.049
      vertex 37.2 56.0766 -135.049
      vertex 37.2 56.3624 -135.034
    endloop
  endfacet
  facet normal 0 -0.110953 0.993826
    outer loop
      vertex 34 55.8258 -135.077
      vertex 37.2 56.0766 -135.049
      vertex 34 56.0766 -135.049
    endloop
  endfacet
  facet normal 0 -0.110953 0.993826
    outer loop
      vertex 34 55.8258 -135.077
      vertex 37.2 55.8258 -135.077
      vertex 37.2 56.0766 -135.049
    endloop
  endfacet
  facet normal 0 -0.178162 0.984001
    outer loop
      vertex 34 55.6104 -135.116
      vertex 37.2 55.8258 -135.077
      vertex 34 55.8258 -135.077
    endloop
  endfacet
  facet normal 0 -0.178162 0.984001
    outer loop
      vertex 34 55.6104 -135.116
      vertex 37.2 55.6104 -135.116
      vertex 37.2 55.8258 -135.077
    endloop
  endfacet
  facet normal 0 -0.232473 0.972603
    outer loop
      vertex 34 55.4305 -135.159
      vertex 37.2 55.6104 -135.116
      vertex 34 55.6104 -135.116
    endloop
  endfacet
  facet normal 0 -0.232473 0.972603
    outer loop
      vertex 34 55.4305 -135.159
      vertex 37.2 55.4305 -135.159
      vertex 37.2 55.6104 -135.116
    endloop
  endfacet
  facet normal 0 -0.303149 0.952943
    outer loop
      vertex 34 55.2859 -135.205
      vertex 37.2 55.4305 -135.159
      vertex 34 55.4305 -135.159
    endloop
  endfacet
  facet normal 0 -0.303149 0.952943
    outer loop
      vertex 34 55.2859 -135.205
      vertex 37.2 55.2859 -135.205
      vertex 37.2 55.4305 -135.159
    endloop
  endfacet
  facet normal 0 -0.356419 0.934326
    outer loop
      vertex 34 55.1758 -135.247
      vertex 37.2 55.2859 -135.205
      vertex 34 55.2859 -135.205
    endloop
  endfacet
  facet normal 0 -0.356419 0.934326
    outer loop
      vertex 34 55.1758 -135.247
      vertex 37.2 55.1758 -135.247
      vertex 37.2 55.2859 -135.205
    endloop
  endfacet
  facet normal 0 -0.405696 0.914008
    outer loop
      vertex 34 55.0992 -135.281
      vertex 37.2 55.1758 -135.247
      vertex 34 55.1758 -135.247
    endloop
  endfacet
  facet normal 0 -0.405696 0.914008
    outer loop
      vertex 34 55.0992 -135.281
      vertex 37.2 55.0992 -135.281
      vertex 37.2 55.1758 -135.247
    endloop
  endfacet
  facet normal 0 -0.473864 0.880598
    outer loop
      vertex 34 55.0546 -135.305
      vertex 37.2 55.0992 -135.281
      vertex 34 55.0992 -135.281
    endloop
  endfacet
  facet normal 0 -0.473864 0.880598
    outer loop
      vertex 34 55.0546 -135.305
      vertex 37.2 55.0546 -135.305
      vertex 37.2 55.0992 -135.281
    endloop
  endfacet
  facet normal 0 -0.529999 0.847998
    outer loop
      vertex 34 55.0402 -135.314
      vertex 37.2 55.0546 -135.305
      vertex 34 55.0546 -135.305
    endloop
  endfacet
  facet normal 0 -0.529999 0.847998
    outer loop
      vertex 34 55.0402 -135.314
      vertex 37.2 55.0402 -135.314
      vertex 37.2 55.0546 -135.305
    endloop
  endfacet
  facet normal 0 -0.221933 0.975062
    outer loop
      vertex 34 54.2977 -135.483
      vertex 37.2 55.0402 -135.314
      vertex 34 55.0402 -135.314
    endloop
  endfacet
  facet normal 0 -0.221933 0.975062
    outer loop
      vertex 34 54.2977 -135.483
      vertex 37.2 54.2977 -135.483
      vertex 37.2 55.0402 -135.314
    endloop
  endfacet
  facet normal 0 -0.889933 -0.456091
    outer loop
      vertex 34 54.3059 -135.499
      vertex 37.2 54.2977 -135.483
      vertex 34 54.2977 -135.483
    endloop
  endfacet
  facet normal 0 -0.889933 -0.456091
    outer loop
      vertex 34 54.3059 -135.499
      vertex 37.2 54.3059 -135.499
      vertex 37.2 54.2977 -135.483
    endloop
  endfacet
  facet normal 0 0.804496 0.593958
    outer loop
      vertex 34 54.0977 -135.217
      vertex 37.2 54.3059 -135.499
      vertex 34 54.3059 -135.499
    endloop
  endfacet
  facet normal -0 0.804496 0.593958
    outer loop
      vertex 34 54.0977 -135.217
      vertex 37.2 54.0977 -135.217
      vertex 37.2 54.3059 -135.499
    endloop
  endfacet
  facet normal 0 0.769201 0.639007
    outer loop
      vertex 34 53.8734 -134.947
      vertex 37.2 54.0977 -135.217
      vertex 34 54.0977 -135.217
    endloop
  endfacet
  facet normal -0 0.769201 0.639007
    outer loop
      vertex 34 53.8734 -134.947
      vertex 37.2 53.8734 -134.947
      vertex 37.2 54.0977 -135.217
    endloop
  endfacet
  facet normal 0 -0.67828 -0.734803
    outer loop
      vertex 34 53.8864 -134.959
      vertex 37.2 53.8734 -134.947
      vertex 34 53.8734 -134.947
    endloop
  endfacet
  facet normal 0 -0.67828 -0.734803
    outer loop
      vertex 34 53.8864 -134.959
      vertex 37.2 53.8864 -134.959
      vertex 37.2 53.8734 -134.947
    endloop
  endfacet
  facet normal 0 0.894059 -0.447949
    outer loop
      vertex 34 54.2276 -134.278
      vertex 37.2 53.8864 -134.959
      vertex 34 53.8864 -134.959
    endloop
  endfacet
  facet normal 0 0.894059 -0.447949
    outer loop
      vertex 34 54.2276 -134.278
      vertex 37.2 54.2276 -134.278
      vertex 37.2 53.8864 -134.959
    endloop
  endfacet
  facet normal 0 0.710059 -0.704142
    outer loop
      vertex 34 54.2395 -134.266
      vertex 37.2 54.2276 -134.278
      vertex 34 54.2276 -134.278
    endloop
  endfacet
  facet normal 0 0.710059 -0.704142
    outer loop
      vertex 34 54.2395 -134.266
      vertex 37.2 54.2395 -134.266
      vertex 37.2 54.2276 -134.278
    endloop
  endfacet
  facet normal 0 0.748169 -0.663508
    outer loop
      vertex 34 54.2732 -134.228
      vertex 37.2 54.2395 -134.266
      vertex 34 54.2395 -134.266
    endloop
  endfacet
  facet normal 0 0.748169 -0.663508
    outer loop
      vertex 34 54.2732 -134.228
      vertex 37.2 54.2732 -134.228
      vertex 37.2 54.2395 -134.266
    endloop
  endfacet
  facet normal 0 0.784913 -0.619606
    outer loop
      vertex 34 54.3253 -134.162
      vertex 37.2 54.2732 -134.228
      vertex 34 54.2732 -134.228
    endloop
  endfacet
  facet normal 0 0.784913 -0.619606
    outer loop
      vertex 34 54.3253 -134.162
      vertex 37.2 54.3253 -134.162
      vertex 37.2 54.2732 -134.228
    endloop
  endfacet
  facet normal 0 0.822802 -0.568327
    outer loop
      vertex 34 54.3923 -134.065
      vertex 37.2 54.3253 -134.162
      vertex 34 54.3253 -134.162
    endloop
  endfacet
  facet normal 0 0.822802 -0.568327
    outer loop
      vertex 34 54.3923 -134.065
      vertex 37.2 54.3923 -134.065
      vertex 37.2 54.3253 -134.162
    endloop
  endfacet
  facet normal 0 0.854851 -0.518874
    outer loop
      vertex 34 54.4706 -133.936
      vertex 37.2 54.3923 -134.065
      vertex 34 54.3923 -134.065
    endloop
  endfacet
  facet normal 0 0.854851 -0.518874
    outer loop
      vertex 34 54.4706 -133.936
      vertex 37.2 54.4706 -133.936
      vertex 37.2 54.3923 -134.065
    endloop
  endfacet
  facet normal 0 0.886951 -0.461864
    outer loop
      vertex 34 54.556 -133.772
      vertex 37.2 54.4706 -133.936
      vertex 34 54.4706 -133.936
    endloop
  endfacet
  facet normal 0 0.886951 -0.461864
    outer loop
      vertex 34 54.556 -133.772
      vertex 37.2 54.556 -133.772
      vertex 37.2 54.4706 -133.936
    endloop
  endfacet
  facet normal 0 0.915046 -0.403349
    outer loop
      vertex 34 54.6446 -133.571
      vertex 37.2 54.556 -133.772
      vertex 34 54.556 -133.772
    endloop
  endfacet
  facet normal 0 0.915046 -0.403349
    outer loop
      vertex 34 54.6446 -133.571
      vertex 37.2 54.6446 -133.571
      vertex 37.2 54.556 -133.772
    endloop
  endfacet
  facet normal 0 0.937629 -0.347638
    outer loop
      vertex 34 54.7321 -133.335
      vertex 37.2 54.6446 -133.571
      vertex 34 54.6446 -133.571
    endloop
  endfacet
  facet normal 0 0.937629 -0.347638
    outer loop
      vertex 34 54.7321 -133.335
      vertex 37.2 54.7321 -133.335
      vertex 37.2 54.6446 -133.571
    endloop
  endfacet
  facet normal 0 0.958305 -0.285749
    outer loop
      vertex 34 54.8141 -133.06
      vertex 37.2 54.7321 -133.335
      vertex 34 54.7321 -133.335
    endloop
  endfacet
  facet normal 0 0.958305 -0.285749
    outer loop
      vertex 34 54.8141 -133.06
      vertex 37.2 54.8141 -133.06
      vertex 37.2 54.7321 -133.335
    endloop
  endfacet
  facet normal 0 0.974095 -0.22614
    outer loop
      vertex 34 54.8863 -132.749
      vertex 37.2 54.8141 -133.06
      vertex 34 54.8141 -133.06
    endloop
  endfacet
  facet normal 0 0.974095 -0.22614
    outer loop
      vertex 34 54.8863 -132.749
      vertex 37.2 54.8863 -132.749
      vertex 37.2 54.8141 -133.06
    endloop
  endfacet
  facet normal 0 0.667773 0.744365
    outer loop
      vertex 34 54.4616 -132.368
      vertex 37.2 54.8863 -132.749
      vertex 34 54.8863 -132.749
    endloop
  endfacet
  facet normal -0 0.667773 0.744365
    outer loop
      vertex 34 54.4616 -132.368
      vertex 37.2 54.4616 -132.368
      vertex 37.2 54.8863 -132.749
    endloop
  endfacet
  facet normal 0 -0.331283 0.943531
    outer loop
      vertex 34 54.1597 -132.474
      vertex 37.2 54.4616 -132.368
      vertex 34 54.4616 -132.368
    endloop
  endfacet
  facet normal 0 -0.331283 0.943531
    outer loop
      vertex 34 54.1597 -132.474
      vertex 37.2 54.1597 -132.474
      vertex 37.2 54.4616 -132.368
    endloop
  endfacet
  facet normal 0 -0.388088 0.921622
    outer loop
      vertex 34 53.8961 -132.585
      vertex 37.2 54.1597 -132.474
      vertex 34 54.1597 -132.474
    endloop
  endfacet
  facet normal 0 -0.388088 0.921622
    outer loop
      vertex 34 53.8961 -132.585
      vertex 37.2 53.8961 -132.585
      vertex 37.2 54.1597 -132.474
    endloop
  endfacet
  facet normal 0 -0.444039 0.896007
    outer loop
      vertex 34 53.6701 -132.697
      vertex 37.2 53.8961 -132.585
      vertex 34 53.8961 -132.585
    endloop
  endfacet
  facet normal 0 -0.444039 0.896007
    outer loop
      vertex 34 53.6701 -132.697
      vertex 37.2 53.6701 -132.697
      vertex 37.2 53.8961 -132.585
    endloop
  endfacet
  facet normal 0 -0.502422 0.864623
    outer loop
      vertex 34 53.4808 -132.807
      vertex 37.2 53.6701 -132.697
      vertex 34 53.6701 -132.697
    endloop
  endfacet
  facet normal 0 -0.502422 0.864623
    outer loop
      vertex 34 53.4808 -132.807
      vertex 37.2 53.4808 -132.807
      vertex 37.2 53.6701 -132.697
    endloop
  endfacet
  facet normal 0 -0.555945 0.831219
    outer loop
      vertex 34 53.3268 -132.91
      vertex 37.2 53.4808 -132.807
      vertex 34 53.4808 -132.807
    endloop
  endfacet
  facet normal 0 -0.555945 0.831219
    outer loop
      vertex 34 53.3268 -132.91
      vertex 37.2 53.3268 -132.91
      vertex 37.2 53.4808 -132.807
    endloop
  endfacet
  facet normal 0 -0.606838 0.794826
    outer loop
      vertex 34 53.2063 -133.002
      vertex 37.2 53.3268 -132.91
      vertex 34 53.3268 -132.91
    endloop
  endfacet
  facet normal 0 -0.606838 0.794826
    outer loop
      vertex 34 53.2063 -133.002
      vertex 37.2 53.2063 -133.002
      vertex 37.2 53.3268 -132.91
    endloop
  endfacet
  facet normal 0 -0.654283 0.75625
    outer loop
      vertex 34 53.1173 -133.079
      vertex 37.2 53.2063 -133.002
      vertex 34 53.2063 -133.002
    endloop
  endfacet
  facet normal 0 -0.654283 0.75625
    outer loop
      vertex 34 53.1173 -133.079
      vertex 37.2 53.1173 -133.079
      vertex 37.2 53.2063 -133.002
    endloop
  endfacet
  facet normal 0 -0.70114 0.713024
    outer loop
      vertex 34 53.0573 -133.138
      vertex 37.2 53.1173 -133.079
      vertex 34 53.1173 -133.079
    endloop
  endfacet
  facet normal 0 -0.70114 0.713024
    outer loop
      vertex 34 53.0573 -133.138
      vertex 37.2 53.0573 -133.138
      vertex 37.2 53.1173 -133.079
    endloop
  endfacet
  facet normal 0 -0.738313 0.674459
    outer loop
      vertex 34 53.0235 -133.175
      vertex 37.2 53.0573 -133.138
      vertex 34 53.0573 -133.138
    endloop
  endfacet
  facet normal 0 -0.738313 0.674459
    outer loop
      vertex 34 53.0235 -133.175
      vertex 37.2 53.0235 -133.175
      vertex 37.2 53.0573 -133.138
    endloop
  endfacet
  facet normal 0 -0.797258 0.603638
    outer loop
      vertex 34 53.0129 -133.189
      vertex 37.2 53.0235 -133.175
      vertex 34 53.0235 -133.175
    endloop
  endfacet
  facet normal 0 -0.797258 0.603638
    outer loop
      vertex 34 53.0129 -133.189
      vertex 37.2 53.0129 -133.189
      vertex 37.2 53.0235 -133.175
    endloop
  endfacet
  facet normal 0 -0.542336 0.840162
    outer loop
      vertex 34 52.3731 -133.602
      vertex 37.2 53.0129 -133.189
      vertex 34 53.0129 -133.189
    endloop
  endfacet
  facet normal 0 -0.542336 0.840162
    outer loop
      vertex 34 52.3731 -133.602
      vertex 37.2 52.3731 -133.602
      vertex 37.2 53.0129 -133.189
    endloop
  endfacet
  facet normal 0 -0.648846 -0.76092
    outer loop
      vertex 34 52.386 -133.613
      vertex 37.2 52.3731 -133.602
      vertex 34 52.3731 -133.602
    endloop
  endfacet
  facet normal 0 -0.648846 -0.76092
    outer loop
      vertex 34 52.386 -133.613
      vertex 37.2 52.386 -133.613
      vertex 37.2 52.3731 -133.602
    endloop
  endfacet
  facet normal 0 0.551268 0.834328
    outer loop
      vertex 34 52.0939 -133.42
      vertex 37.2 52.386 -133.613
      vertex 34 52.386 -133.613
    endloop
  endfacet
  facet normal -0 0.551268 0.834328
    outer loop
      vertex 34 52.0939 -133.42
      vertex 37.2 52.0939 -133.42
      vertex 37.2 52.386 -133.613
    endloop
  endfacet
  facet normal 0 0.504527 0.863396
    outer loop
      vertex 34 51.791 -133.243
      vertex 37.2 52.0939 -133.42
      vertex 34 52.0939 -133.42
    endloop
  endfacet
  facet normal -0 0.504527 0.863396
    outer loop
      vertex 34 51.791 -133.243
      vertex 37.2 51.791 -133.243
      vertex 37.2 52.0939 -133.42
    endloop
  endfacet
  facet normal 0 -0.396653 -0.917969
    outer loop
      vertex 34 51.8072 -133.25
      vertex 37.2 51.791 -133.243
      vertex 34 51.791 -133.243
    endloop
  endfacet
  facet normal 0 -0.396653 -0.917969
    outer loop
      vertex 34 51.8072 -133.25
      vertex 37.2 51.8072 -133.25
      vertex 37.2 51.791 -133.243
    endloop
  endfacet
  facet normal 0 0.993341 -0.115212
    outer loop
      vertex 34 51.895 -132.493
      vertex 37.2 51.8072 -133.25
      vertex 34 51.8072 -133.25
    endloop
  endfacet
  facet normal 0 0.993341 -0.115212
    outer loop
      vertex 34 51.895 -132.493
      vertex 37.2 51.895 -132.493
      vertex 37.2 51.8072 -133.25
    endloop
  endfacet
  facet normal 0 0.90386 -0.427827
    outer loop
      vertex 34 51.9021 -132.478
      vertex 37.2 51.895 -132.493
      vertex 34 51.895 -132.493
    endloop
  endfacet
  facet normal 0 0.90386 -0.427827
    outer loop
      vertex 34 51.9021 -132.478
      vertex 37.2 51.9021 -132.478
      vertex 37.2 51.895 -132.493
    endloop
  endfacet
  facet normal 0 0.928477 -0.371391
    outer loop
      vertex 34 51.9209 -132.431
      vertex 37.2 51.9021 -132.478
      vertex 34 51.9021 -132.478
    endloop
  endfacet
  facet normal 0 0.928477 -0.371391
    outer loop
      vertex 34 51.9209 -132.431
      vertex 37.2 51.9209 -132.431
      vertex 37.2 51.9021 -132.478
    endloop
  endfacet
  facet normal 0 0.949629 -0.313377
    outer loop
      vertex 34 51.9473 -132.351
      vertex 37.2 51.9209 -132.431
      vertex 34 51.9209 -132.431
    endloop
  endfacet
  facet normal 0 0.949629 -0.313377
    outer loop
      vertex 34 51.9473 -132.351
      vertex 37.2 51.9473 -132.351
      vertex 37.2 51.9209 -132.431
    endloop
  endfacet
  facet normal 0 0.967491 -0.252906
    outer loop
      vertex 34 51.9771 -132.237
      vertex 37.2 51.9473 -132.351
      vertex 34 51.9473 -132.351
    endloop
  endfacet
  facet normal 0 0.967491 -0.252906
    outer loop
      vertex 34 51.9771 -132.237
      vertex 37.2 51.9771 -132.237
      vertex 37.2 51.9473 -132.351
    endloop
  endfacet
  facet normal 0 0.981333 -0.192315
    outer loop
      vertex 34 52.0063 -132.088
      vertex 37.2 51.9771 -132.237
      vertex 34 51.9771 -132.237
    endloop
  endfacet
  facet normal 0 0.981333 -0.192315
    outer loop
      vertex 34 52.0063 -132.088
      vertex 37.2 52.0063 -132.088
      vertex 37.2 51.9771 -132.237
    endloop
  endfacet
  facet normal 0 0.99144 -0.130567
    outer loop
      vertex 34 52.0304 -131.905
      vertex 37.2 52.0063 -132.088
      vertex 34 52.0063 -132.088
    endloop
  endfacet
  facet normal 0 0.99144 -0.130567
    outer loop
      vertex 34 52.0304 -131.905
      vertex 37.2 52.0304 -131.905
      vertex 37.2 52.0063 -132.088
    endloop
  endfacet
  facet normal 0 0.997703 -0.067734
    outer loop
      vertex 34 52.0452 -131.687
      vertex 37.2 52.0304 -131.905
      vertex 34 52.0304 -131.905
    endloop
  endfacet
  facet normal 0 0.997703 -0.067734
    outer loop
      vertex 34 52.0452 -131.687
      vertex 37.2 52.0452 -131.687
      vertex 37.2 52.0304 -131.905
    endloop
  endfacet
  facet normal 0 0.999989 -0.00474303
    outer loop
      vertex 34 52.0464 -131.434
      vertex 37.2 52.0452 -131.687
      vertex 34 52.0452 -131.687
    endloop
  endfacet
  facet normal 0 0.999989 -0.00474303
    outer loop
      vertex 34 52.0464 -131.434
      vertex 37.2 52.0464 -131.434
      vertex 37.2 52.0452 -131.687
    endloop
  endfacet
  facet normal 0 0.9983 0.0582923
    outer loop
      vertex 34 52.0297 -131.148
      vertex 37.2 52.0464 -131.434
      vertex 34 52.0464 -131.434
    endloop
  endfacet
  facet normal -0 0.9983 0.0582923
    outer loop
      vertex 34 52.0297 -131.148
      vertex 37.2 52.0297 -131.148
      vertex 37.2 52.0464 -131.434
    endloop
  endfacet
  facet normal 0 0.99263 0.121182
    outer loop
      vertex 34 51.991 -130.831
      vertex 37.2 52.0297 -131.148
      vertex 34 52.0297 -131.148
    endloop
  endfacet
  facet normal -0 0.99263 0.121182
    outer loop
      vertex 34 51.991 -130.831
      vertex 37.2 51.991 -130.831
      vertex 37.2 52.0297 -131.148
    endloop
  endfacet
  facet normal 0 0.373263 0.927725
    outer loop
      vertex 34 51.4616 -130.618
      vertex 37.2 51.991 -130.831
      vertex 34 51.991 -130.831
    endloop
  endfacet
  facet normal -0 0.373263 0.927725
    outer loop
      vertex 34 51.4616 -130.618
      vertex 37.2 51.4616 -130.618
      vertex 37.2 51.991 -130.831
    endloop
  endfacet
  facet normal 0 -0.63402 0.773317
    outer loop
      vertex 34 51.214 -130.821
      vertex 37.2 51.4616 -130.618
      vertex 34 51.4616 -130.618
    endloop
  endfacet
  facet normal 0 -0.63402 0.773317
    outer loop
      vertex 34 51.214 -130.821
      vertex 37.2 51.214 -130.821
      vertex 37.2 51.4616 -130.618
    endloop
  endfacet
  facet normal 0 -0.679268 0.73389
    outer loop
      vertex 34 51.0044 -131.015
      vertex 37.2 51.214 -130.821
      vertex 34 51.214 -130.821
    endloop
  endfacet
  facet normal 0 -0.679268 0.73389
    outer loop
      vertex 34 51.0044 -131.015
      vertex 37.2 51.0044 -131.015
      vertex 37.2 51.214 -130.821
    endloop
  endfacet
  facet normal 0 -0.726969 0.68667
    outer loop
      vertex 34 50.8306 -131.199
      vertex 37.2 51.0044 -131.015
      vertex 34 51.0044 -131.015
    endloop
  endfacet
  facet normal 0 -0.726969 0.68667
    outer loop
      vertex 34 50.8306 -131.199
      vertex 37.2 50.8306 -131.199
      vertex 37.2 51.0044 -131.015
    endloop
  endfacet
  facet normal 0 -0.765434 0.643515
    outer loop
      vertex 34 50.6902 -131.366
      vertex 37.2 50.8306 -131.199
      vertex 34 50.8306 -131.199
    endloop
  endfacet
  facet normal 0 -0.765434 0.643515
    outer loop
      vertex 34 50.6902 -131.366
      vertex 37.2 50.6902 -131.366
      vertex 37.2 50.8306 -131.199
    endloop
  endfacet
  facet normal 0 -0.807431 0.589963
    outer loop
      vertex 34 50.5806 -131.516
      vertex 37.2 50.6902 -131.366
      vertex 34 50.6902 -131.366
    endloop
  endfacet
  facet normal 0 -0.807431 0.589963
    outer loop
      vertex 34 50.5806 -131.516
      vertex 37.2 50.5806 -131.516
      vertex 37.2 50.6902 -131.366
    endloop
  endfacet
  facet normal 0 -0.840705 0.541493
    outer loop
      vertex 34 50.4988 -131.643
      vertex 37.2 50.5806 -131.516
      vertex 34 50.5806 -131.516
    endloop
  endfacet
  facet normal 0 -0.840705 0.541493
    outer loop
      vertex 34 50.4988 -131.643
      vertex 37.2 50.4988 -131.643
      vertex 37.2 50.5806 -131.516
    endloop
  endfacet
  facet normal 0 -0.873877 0.486147
    outer loop
      vertex 34 50.4415 -131.746
      vertex 37.2 50.4988 -131.643
      vertex 34 50.4988 -131.643
    endloop
  endfacet
  facet normal 0 -0.873877 0.486147
    outer loop
      vertex 34 50.4415 -131.746
      vertex 37.2 50.4415 -131.746
      vertex 37.2 50.4988 -131.643
    endloop
  endfacet
  facet normal 0 -0.902817 0.430026
    outer loop
      vertex 34 50.4053 -131.822
      vertex 37.2 50.4415 -131.746
      vertex 34 50.4415 -131.746
    endloop
  endfacet
  facet normal 0 -0.902817 0.430026
    outer loop
      vertex 34 50.4053 -131.822
      vertex 37.2 50.4053 -131.822
      vertex 37.2 50.4415 -131.746
    endloop
  endfacet
  facet normal 0 -0.927794 0.373092
    outer loop
      vertex 34 50.3864 -131.869
      vertex 37.2 50.4053 -131.822
      vertex 34 50.4053 -131.822
    endloop
  endfacet
  facet normal 0 -0.927794 0.373092
    outer loop
      vertex 34 50.3864 -131.869
      vertex 37.2 50.3864 -131.869
      vertex 37.2 50.4053 -131.822
    endloop
  endfacet
  facet normal 0 -0.947492 0.319779
    outer loop
      vertex 34 50.381 -131.885
      vertex 37.2 50.3864 -131.869
      vertex 34 50.3864 -131.869
    endloop
  endfacet
  facet normal 0 -0.947492 0.319779
    outer loop
      vertex 34 50.381 -131.885
      vertex 37.2 50.381 -131.885
      vertex 37.2 50.3864 -131.869
    endloop
  endfacet
  facet normal 0 -0.796996 0.603984
    outer loop
      vertex 34 49.921 -132.492
      vertex 37.2 50.381 -131.885
      vertex 34 50.381 -131.885
    endloop
  endfacet
  facet normal 0 -0.796996 0.603984
    outer loop
      vertex 34 49.921 -132.492
      vertex 37.2 49.921 -132.492
      vertex 37.2 50.381 -131.885
    endloop
  endfacet
  facet normal 0 -0.347314 -0.937749
    outer loop
      vertex 34 49.9372 -132.498
      vertex 37.2 49.921 -132.492
      vertex 34 49.921 -132.492
    endloop
  endfacet
  facet normal 0 -0.347314 -0.937749
    outer loop
      vertex 34 49.9372 -132.498
      vertex 37.2 49.9372 -132.498
      vertex 37.2 49.921 -132.492
    endloop
  endfacet
  facet normal 0 0.233934 0.972252
    outer loop
      vertex 34 49.5964 -132.416
      vertex 37.2 49.9372 -132.498
      vertex 34 49.9372 -132.498
    endloop
  endfacet
  facet normal -0 0.233934 0.972252
    outer loop
      vertex 34 49.5964 -132.416
      vertex 37.2 49.5964 -132.416
      vertex 37.2 49.9372 -132.498
    endloop
  endfacet
  facet normal 0 0.176926 0.984224
    outer loop
      vertex 34 49.2515 -132.354
      vertex 37.2 49.5964 -132.416
      vertex 34 49.5964 -132.416
    endloop
  endfacet
  facet normal -0 0.176926 0.984224
    outer loop
      vertex 34 49.2515 -132.354
      vertex 37.2 49.2515 -132.354
      vertex 37.2 49.5964 -132.416
    endloop
  endfacet
  facet normal 0 -0.0577071 -0.998334
    outer loop
      vertex 34 49.2688 -132.355
      vertex 37.2 49.2515 -132.354
      vertex 34 49.2515 -132.354
    endloop
  endfacet
  facet normal 0 -0.0577071 -0.998334
    outer loop
      vertex 34 49.2688 -132.355
      vertex 37.2 49.2688 -132.355
      vertex 37.2 49.2515 -132.354
    endloop
  endfacet
  facet normal 0 0.972874 0.231337
    outer loop
      vertex 34 49.0926 -131.614
      vertex 37.2 49.2688 -132.355
      vertex 34 49.2688 -132.355
    endloop
  endfacet
  facet normal -0 0.972874 0.231337
    outer loop
      vertex 34 49.0926 -131.614
      vertex 37.2 49.0926 -131.614
      vertex 37.2 49.2688 -132.355
    endloop
  endfacet
  facet normal 0 0.99613 -0.0878938
    outer loop
      vertex 34 49.0941 -131.597
      vertex 37.2 49.0926 -131.614
      vertex 34 49.0926 -131.614
    endloop
  endfacet
  facet normal 0 0.99613 -0.0878938
    outer loop
      vertex 34 49.0941 -131.597
      vertex 37.2 49.0941 -131.597
      vertex 37.2 49.0926 -131.614
    endloop
  endfacet
  facet normal 0 0.999508 -0.0313571
    outer loop
      vertex 34 49.0957 -131.546
      vertex 37.2 49.0941 -131.597
      vertex 34 49.0941 -131.597
    endloop
  endfacet
  facet normal 0 0.999508 -0.0313571
    outer loop
      vertex 34 49.0957 -131.546
      vertex 37.2 49.0957 -131.546
      vertex 37.2 49.0941 -131.597
    endloop
  endfacet
  facet normal 0 0.999521 0.0309376
    outer loop
      vertex 34 49.0931 -131.462
      vertex 37.2 49.0957 -131.546
      vertex 34 49.0957 -131.546
    endloop
  endfacet
  facet normal -0 0.999521 0.0309376
    outer loop
      vertex 34 49.0931 -131.462
      vertex 37.2 49.0931 -131.462
      vertex 37.2 49.0957 -131.546
    endloop
  endfacet
  facet normal 0 0.995688 0.0927607
    outer loop
      vertex 34 49.0822 -131.345
      vertex 37.2 49.0931 -131.462
      vertex 34 49.0931 -131.462
    endloop
  endfacet
  facet normal -0 0.995688 0.0927607
    outer loop
      vertex 34 49.0822 -131.345
      vertex 37.2 49.0822 -131.345
      vertex 37.2 49.0931 -131.462
    endloop
  endfacet
  facet normal 0 0.987949 0.154779
    outer loop
      vertex 34 49.0587 -131.195
      vertex 37.2 49.0822 -131.345
      vertex 34 49.0822 -131.345
    endloop
  endfacet
  facet normal -0 0.987949 0.154779
    outer loop
      vertex 34 49.0587 -131.195
      vertex 37.2 49.0587 -131.195
      vertex 37.2 49.0822 -131.345
    endloop
  endfacet
  facet normal 0 0.976072 0.217447
    outer loop
      vertex 34 49.0186 -131.015
      vertex 37.2 49.0587 -131.195
      vertex 34 49.0587 -131.195
    endloop
  endfacet
  facet normal -0 0.976072 0.217447
    outer loop
      vertex 34 49.0186 -131.015
      vertex 37.2 49.0186 -131.015
      vertex 37.2 49.0587 -131.195
    endloop
  endfacet
  facet normal 0 0.960903 0.276886
    outer loop
      vertex 34 48.9578 -130.804
      vertex 37.2 49.0186 -131.015
      vertex 34 49.0186 -131.015
    endloop
  endfacet
  facet normal -0 0.960903 0.276886
    outer loop
      vertex 34 48.9578 -130.804
      vertex 37.2 48.9578 -130.804
      vertex 37.2 49.0186 -131.015
    endloop
  endfacet
  facet normal 0 0.941039 0.338298
    outer loop
      vertex 34 48.8726 -130.567
      vertex 37.2 48.9578 -130.804
      vertex 34 48.9578 -130.804
    endloop
  endfacet
  facet normal -0 0.941039 0.338298
    outer loop
      vertex 34 48.8726 -130.567
      vertex 37.2 48.8726 -130.567
      vertex 37.2 48.9578 -130.804
    endloop
  endfacet
  facet normal 0 0.918276 0.395941
    outer loop
      vertex 34 48.7592 -130.304
      vertex 37.2 48.8726 -130.567
      vertex 34 48.8726 -130.567
    endloop
  endfacet
  facet normal -0 0.918276 0.395941
    outer loop
      vertex 34 48.7592 -130.304
      vertex 37.2 48.7592 -130.304
      vertex 37.2 48.8726 -130.567
    endloop
  endfacet
  facet normal 0 0.891404 0.453209
    outer loop
      vertex 34 48.6143 -130.019
      vertex 37.2 48.7592 -130.304
      vertex 34 48.7592 -130.304
    endloop
  endfacet
  facet normal -0 0.891404 0.453209
    outer loop
      vertex 34 48.6143 -130.019
      vertex 37.2 48.6143 -130.019
      vertex 37.2 48.7592 -130.304
    endloop
  endfacet
  facet normal 0 0.0333032 0.999445
    outer loop
      vertex 34 48.0441 -130
      vertex 37.2 48.6143 -130.019
      vertex 34 48.6143 -130.019
    endloop
  endfacet
  facet normal -0 0.0333032 0.999445
    outer loop
      vertex 34 48.0441 -130
      vertex 37.2 48.0441 -130
      vertex 37.2 48.6143 -130.019
    endloop
  endfacet
  facet normal 0 -0.859692 0.510813
    outer loop
      vertex 34 47.8807 -130.275
      vertex 37.2 48.0441 -130
      vertex 34 48.0441 -130
    endloop
  endfacet
  facet normal 0 -0.859692 0.510813
    outer loop
      vertex 34 47.8807 -130.275
      vertex 37.2 47.8807 -130.275
      vertex 37.2 48.0441 -130
    endloop
  endfacet
  facet normal 0 -0.89034 0.455296
    outer loop
      vertex 34 47.7503 -130.53
      vertex 37.2 47.8807 -130.275
      vertex 34 47.8807 -130.275
    endloop
  endfacet
  facet normal 0 -0.89034 0.455296
    outer loop
      vertex 34 47.7503 -130.53
      vertex 37.2 47.7503 -130.53
      vertex 37.2 47.8807 -130.275
    endloop
  endfacet
  facet normal 0 -0.916685 0.399611
    outer loop
      vertex 34 47.6496 -130.761
      vertex 37.2 47.7503 -130.53
      vertex 34 47.7503 -130.53
    endloop
  endfacet
  facet normal 0 -0.916685 0.399611
    outer loop
      vertex 34 47.6496 -130.761
      vertex 37.2 47.6496 -130.761
      vertex 37.2 47.7503 -130.53
    endloop
  endfacet
  facet normal 0 -0.940392 0.340093
    outer loop
      vertex 34 47.5751 -130.967
      vertex 37.2 47.6496 -130.761
      vertex 34 47.6496 -130.761
    endloop
  endfacet
  facet normal 0 -0.940392 0.340093
    outer loop
      vertex 34 47.5751 -130.967
      vertex 37.2 47.5751 -130.967
      vertex 37.2 47.6496 -130.761
    endloop
  endfacet
  facet normal 0 -0.960024 0.279917
    outer loop
      vertex 34 47.5232 -131.145
      vertex 37.2 47.5751 -130.967
      vertex 34 47.5751 -130.967
    endloop
  endfacet
  facet normal 0 -0.960024 0.279917
    outer loop
      vertex 34 47.5232 -131.145
      vertex 37.2 47.5232 -131.145
      vertex 37.2 47.5751 -130.967
    endloop
  endfacet
  facet normal 0 -0.97561 0.219512
    outer loop
      vertex 34 47.4899 -131.293
      vertex 37.2 47.5232 -131.145
      vertex 34 47.5232 -131.145
    endloop
  endfacet
  facet normal 0 -0.97561 0.219512
    outer loop
      vertex 34 47.4899 -131.293
      vertex 37.2 47.4899 -131.293
      vertex 37.2 47.5232 -131.145
    endloop
  endfacet
  facet normal 0 -0.987387 0.158322
    outer loop
      vertex 34 47.4713 -131.409
      vertex 37.2 47.4899 -131.293
      vertex 34 47.4899 -131.293
    endloop
  endfacet
  facet normal 0 -0.987387 0.158322
    outer loop
      vertex 34 47.4713 -131.409
      vertex 37.2 47.4713 -131.409
      vertex 37.2 47.4899 -131.293
    endloop
  endfacet
  facet normal 0 -0.995383 0.0959834
    outer loop
      vertex 34 47.4632 -131.493
      vertex 37.2 47.4713 -131.409
      vertex 34 47.4713 -131.409
    endloop
  endfacet
  facet normal 0 -0.995383 0.0959834
    outer loop
      vertex 34 47.4632 -131.493
      vertex 37.2 47.4632 -131.493
      vertex 37.2 47.4713 -131.409
    endloop
  endfacet
  facet normal 0 -0.999423 0.0339804
    outer loop
      vertex 34 47.4615 -131.543
      vertex 37.2 47.4632 -131.493
      vertex 34 47.4632 -131.493
    endloop
  endfacet
  facet normal 0 -0.999423 0.0339804
    outer loop
      vertex 34 47.4615 -131.543
      vertex 37.2 47.4615 -131.543
      vertex 37.2 47.4632 -131.493
    endloop
  endfacet
  facet normal 0 -0.999844 -0.0176443
    outer loop
      vertex 34 47.4618 -131.56
      vertex 37.2 47.4615 -131.543
      vertex 34 47.4615 -131.543
    endloop
  endfacet
  facet normal 0 -0.999844 -0.0176443
    outer loop
      vertex 34 47.4618 -131.56
      vertex 37.2 47.4618 -131.56
      vertex 37.2 47.4615 -131.543
    endloop
  endfacet
  facet normal 0 -0.955557 0.294805
    outer loop
      vertex 34 47.2372 -132.288
      vertex 37.2 47.4618 -131.56
      vertex 34 47.4618 -131.56
    endloop
  endfacet
  facet normal 0 -0.955557 0.294805
    outer loop
      vertex 34 47.2372 -132.288
      vertex 37.2 47.2372 -132.288
      vertex 37.2 47.4618 -131.56
    endloop
  endfacet
  facet normal 0 0 -1
    outer loop
      vertex 34 47.2546 -132.288
      vertex 37.2 47.2372 -132.288
      vertex 34 47.2372 -132.288
    endloop
  endfacet
  facet normal 0 0 -1
    outer loop
      vertex 34 47.2546 -132.288
      vertex 37.2 47.2546 -132.288
      vertex 37.2 47.2372 -132.288
    endloop
  endfacet
  facet normal 0 -0.114094 0.99347
    outer loop
      vertex 34 46.9063 -132.328
      vertex 37.2 47.2546 -132.288
      vertex 34 47.2546 -132.288
    endloop
  endfacet
  facet normal 0 -0.114094 0.99347
    outer loop
      vertex 34 46.9063 -132.328
      vertex 37.2 46.9063 -132.328
      vertex 37.2 47.2546 -132.288
    endloop
  endfacet
  facet normal 0 -0.16833 0.985731
    outer loop
      vertex 34 46.5608 -132.387
      vertex 37.2 46.9063 -132.328
      vertex 34 46.9063 -132.328
    endloop
  endfacet
  facet normal 0 -0.16833 0.985731
    outer loop
      vertex 34 46.5608 -132.387
      vertex 37.2 46.5608 -132.387
      vertex 37.2 46.9063 -132.328
    endloop
  endfacet
  facet normal 0 0.288406 -0.957508
    outer loop
      vertex 34 46.5774 -132.382
      vertex 37.2 46.5608 -132.387
      vertex 34 46.5608 -132.387
    endloop
  endfacet
  facet normal 0 0.288406 -0.957508
    outer loop
      vertex 34 46.5774 -132.382
      vertex 37.2 46.5774 -132.382
      vertex 37.2 46.5608 -132.387
    endloop
  endfacet
  facet normal 0 0.835068 0.550147
    outer loop
      vertex 34 46.1584 -131.746
      vertex 37.2 46.5774 -132.382
      vertex 34 46.5774 -132.382
    endloop
  endfacet
  facet normal -0 0.835068 0.550147
    outer loop
      vertex 34 46.1584 -131.746
      vertex 37.2 46.1584 -131.746
      vertex 37.2 46.5774 -132.382
    endloop
  endfacet
  facet normal 0 0.969468 0.245218
    outer loop
      vertex 34 46.1541 -131.729
      vertex 37.2 46.1584 -131.746
      vertex 34 46.1584 -131.746
    endloop
  endfacet
  facet normal -0 0.969468 0.245218
    outer loop
      vertex 34 46.1541 -131.729
      vertex 37.2 46.1541 -131.729
      vertex 37.2 46.1584 -131.746
    endloop
  endfacet
  facet normal 0 0.949864 0.312664
    outer loop
      vertex 34 46.1383 -131.681
      vertex 37.2 46.1541 -131.729
      vertex 34 46.1541 -131.729
    endloop
  endfacet
  facet normal -0 0.949864 0.312664
    outer loop
      vertex 34 46.1383 -131.681
      vertex 37.2 46.1383 -131.681
      vertex 37.2 46.1541 -131.729
    endloop
  endfacet
  facet normal 0 0.928477 0.371391
    outer loop
      vertex 34 46.1071 -131.603
      vertex 37.2 46.1383 -131.681
      vertex 34 46.1383 -131.681
    endloop
  endfacet
  facet normal -0 0.928477 0.371391
    outer loop
      vertex 34 46.1071 -131.603
      vertex 37.2 46.1071 -131.603
      vertex 37.2 46.1383 -131.681
    endloop
  endfacet
  facet normal 0 0.903112 0.429404
    outer loop
      vertex 34 46.0567 -131.497
      vertex 37.2 46.1071 -131.603
      vertex 34 46.1071 -131.603
    endloop
  endfacet
  facet normal -0 0.903112 0.429404
    outer loop
      vertex 34 46.0567 -131.497
      vertex 37.2 46.0567 -131.497
      vertex 37.2 46.1071 -131.603
    endloop
  endfacet
  facet normal 0 0.876077 0.482172
    outer loop
      vertex 34 45.9835 -131.364
      vertex 37.2 46.0567 -131.497
      vertex 34 46.0567 -131.497
    endloop
  endfacet
  facet normal -0 0.876077 0.482172
    outer loop
      vertex 34 45.9835 -131.364
      vertex 37.2 45.9835 -131.364
      vertex 37.2 46.0567 -131.497
    endloop
  endfacet
  facet normal 0 0.843105 0.537749
    outer loop
      vertex 34 45.884 -131.208
      vertex 37.2 45.9835 -131.364
      vertex 34 45.9835 -131.364
    endloop
  endfacet
  facet normal -0 0.843105 0.537749
    outer loop
      vertex 34 45.884 -131.208
      vertex 37.2 45.884 -131.208
      vertex 37.2 45.9835 -131.364
    endloop
  endfacet
  facet normal 0 0.808143 0.588986
    outer loop
      vertex 34 45.755 -131.031
      vertex 37.2 45.884 -131.208
      vertex 34 45.884 -131.208
    endloop
  endfacet
  facet normal -0 0.808143 0.588986
    outer loop
      vertex 34 45.755 -131.031
      vertex 37.2 45.755 -131.031
      vertex 37.2 45.884 -131.208
    endloop
  endfacet
  facet normal 0 0.768741 0.639561
    outer loop
      vertex 34 45.5936 -130.837
      vertex 37.2 45.755 -131.031
      vertex 34 45.755 -131.031
    endloop
  endfacet
  facet normal -0 0.768741 0.639561
    outer loop
      vertex 34 45.5936 -130.837
      vertex 37.2 45.5936 -130.837
      vertex 37.2 45.755 -131.031
    endloop
  endfacet
  facet normal 0 0.727091 0.686541
    outer loop
      vertex 34 45.3972 -130.629
      vertex 37.2 45.5936 -130.837
      vertex 34 45.5936 -130.837
    endloop
  endfacet
  facet normal -0 0.727091 0.686541
    outer loop
      vertex 34 45.3972 -130.629
      vertex 37.2 45.3972 -130.629
      vertex 37.2 45.5936 -130.837
    endloop
  endfacet
  facet normal 0 0.682118 0.731243
    outer loop
      vertex 34 45.1635 -130.411
      vertex 37.2 45.3972 -130.629
      vertex 34 45.3972 -130.629
    endloop
  endfacet
  facet normal -0 0.682118 0.731243
    outer loop
      vertex 34 45.1635 -130.411
      vertex 37.2 45.1635 -130.411
      vertex 37.2 45.3972 -130.629
    endloop
  endfacet
  facet normal 0 -0.310331 0.950629
    outer loop
      vertex 34 44.6213 -130.588
      vertex 37.2 45.1635 -130.411
      vertex 34 45.1635 -130.411
    endloop
  endfacet
  facet normal 0 -0.310331 0.950629
    outer loop
      vertex 34 44.6213 -130.588
      vertex 37.2 44.6213 -130.588
      vertex 37.2 45.1635 -130.411
    endloop
  endfacet
  facet normal 0 -0.982516 0.186177
    outer loop
      vertex 34 44.5618 -130.902
      vertex 37.2 44.6213 -130.588
      vertex 34 44.6213 -130.588
    endloop
  endfacet
  facet normal 0 -0.982516 0.186177
    outer loop
      vertex 34 44.5618 -130.902
      vertex 37.2 44.5618 -130.902
      vertex 37.2 44.6213 -130.588
    endloop
  endfacet
  facet normal 0 -0.992278 0.124035
    outer loop
      vertex 34 44.5263 -131.186
      vertex 37.2 44.5618 -130.902
      vertex 34 44.5618 -130.902
    endloop
  endfacet
  facet normal 0 -0.992278 0.124035
    outer loop
      vertex 34 44.5263 -131.186
      vertex 37.2 44.5263 -131.186
      vertex 37.2 44.5618 -130.902
    endloop
  endfacet
  facet normal 0 -0.998138 0.0609973
    outer loop
      vertex 34 44.5109 -131.438
      vertex 37.2 44.5263 -131.186
      vertex 34 44.5263 -131.186
    endloop
  endfacet
  facet normal 0 -0.998138 0.0609973
    outer loop
      vertex 34 44.5109 -131.438
      vertex 37.2 44.5109 -131.438
      vertex 37.2 44.5263 -131.186
    endloop
  endfacet
  facet normal 0 -0.999998 -0.00182648
    outer loop
      vertex 34 44.5113 -131.657
      vertex 37.2 44.5109 -131.438
      vertex 34 44.5109 -131.438
    endloop
  endfacet
  facet normal 0 -0.999998 -0.00182648
    outer loop
      vertex 34 44.5113 -131.657
      vertex 37.2 44.5113 -131.657
      vertex 37.2 44.5109 -131.438
    endloop
  endfacet
  facet normal 0 -0.997903 -0.0647288
    outer loop
      vertex 34 44.5233 -131.842
      vertex 37.2 44.5113 -131.657
      vertex 34 44.5113 -131.657
    endloop
  endfacet
  facet normal 0 -0.997903 -0.0647288
    outer loop
      vertex 34 44.5233 -131.842
      vertex 37.2 44.5233 -131.842
      vertex 37.2 44.5113 -131.657
    endloop
  endfacet
  facet normal 0 -0.991907 -0.126964
    outer loop
      vertex 34 44.5425 -131.992
      vertex 37.2 44.5233 -131.842
      vertex 34 44.5233 -131.842
    endloop
  endfacet
  facet normal 0 -0.991907 -0.126964
    outer loop
      vertex 34 44.5425 -131.992
      vertex 37.2 44.5425 -131.992
      vertex 37.2 44.5233 -131.842
    endloop
  endfacet
  facet normal 0 -0.981861 -0.189601
    outer loop
      vertex 34 44.5649 -132.108
      vertex 37.2 44.5425 -131.992
      vertex 34 44.5425 -131.992
    endloop
  endfacet
  facet normal 0 -0.981861 -0.189601
    outer loop
      vertex 34 44.5649 -132.108
      vertex 37.2 44.5649 -132.108
      vertex 37.2 44.5425 -131.992
    endloop
  endfacet
  facet normal 0 -0.967997 -0.250962
    outer loop
      vertex 34 44.5859 -132.189
      vertex 37.2 44.5649 -132.108
      vertex 34 44.5649 -132.108
    endloop
  endfacet
  facet normal 0 -0.967997 -0.250962
    outer loop
      vertex 34 44.5859 -132.189
      vertex 37.2 44.5859 -132.189
      vertex 37.2 44.5649 -132.108
    endloop
  endfacet
  facet normal 0 -0.951034 -0.309086
    outer loop
      vertex 34 44.6015 -132.237
      vertex 37.2 44.5859 -132.189
      vertex 34 44.5859 -132.189
    endloop
  endfacet
  facet normal 0 -0.951034 -0.309086
    outer loop
      vertex 34 44.6015 -132.237
      vertex 37.2 44.6015 -132.237
      vertex 37.2 44.5859 -132.189
    endloop
  endfacet
  facet normal 0 -0.934395 -0.356238
    outer loop
      vertex 34 44.6076 -132.253
      vertex 37.2 44.6015 -132.237
      vertex 34 44.6015 -132.237
    endloop
  endfacet
  facet normal 0 -0.934395 -0.356238
    outer loop
      vertex 34 44.6076 -132.253
      vertex 37.2 44.6076 -132.253
      vertex 37.2 44.6015 -132.237
    endloop
  endfacet
  facet normal 0 -0.998769 -0.0496103
    outer loop
      vertex 34 44.6454 -133.014
      vertex 37.2 44.6076 -132.253
      vertex 34 44.6076 -132.253
    endloop
  endfacet
  facet normal 0 -0.998769 -0.0496103
    outer loop
      vertex 34 44.6454 -133.014
      vertex 37.2 44.6454 -133.014
      vertex 37.2 44.6076 -132.253
    endloop
  endfacet
  facet normal 0 0.338121 -0.941103
    outer loop
      vertex 34 44.6621 -133.008
      vertex 37.2 44.6454 -133.014
      vertex 34 44.6454 -133.014
    endloop
  endfacet
  facet normal 0 0.338121 -0.941103
    outer loop
      vertex 34 44.6621 -133.008
      vertex 37.2 44.6621 -133.008
      vertex 37.2 44.6454 -133.014
    endloop
  endfacet
  facet normal 0 -0.445044 0.895509
    outer loop
      vertex 34 44.3482 -133.164
      vertex 37.2 44.6621 -133.008
      vertex 34 44.6621 -133.008
    endloop
  endfacet
  facet normal 0 -0.445044 0.895509
    outer loop
      vertex 34 44.3482 -133.164
      vertex 37.2 44.3482 -133.164
      vertex 37.2 44.6621 -133.008
    endloop
  endfacet
  facet normal 0 -0.496385 0.868103
    outer loop
      vertex 34 44.0439 -133.338
      vertex 37.2 44.3482 -133.164
      vertex 34 44.3482 -133.164
    endloop
  endfacet
  facet normal 0 -0.496385 0.868103
    outer loop
      vertex 34 44.0439 -133.338
      vertex 37.2 44.0439 -133.338
      vertex 37.2 44.3482 -133.164
    endloop
  endfacet
  facet normal 0 0.589573 -0.807715
    outer loop
      vertex 34 44.0576 -133.328
      vertex 37.2 44.0439 -133.338
      vertex 34 44.0439 -133.338
    endloop
  endfacet
  facet normal 0 0.589573 -0.807715
    outer loop
      vertex 34 44.0576 -133.328
      vertex 37.2 44.0576 -133.328
      vertex 37.2 44.0439 -133.338
    endloop
  endfacet
  facet normal 0 0.59714 0.802137
    outer loop
      vertex 34 43.4464 -132.873
      vertex 37.2 44.0576 -133.328
      vertex 34 44.0576 -133.328
    endloop
  endfacet
  facet normal -0 0.59714 0.802137
    outer loop
      vertex 34 43.4464 -132.873
      vertex 37.2 43.4464 -132.873
      vertex 37.2 44.0576 -133.328
    endloop
  endfacet
  facet normal 0 0.801477 0.598025
    outer loop
      vertex 34 43.4367 -132.86
      vertex 37.2 43.4464 -132.873
      vertex 34 43.4464 -132.873
    endloop
  endfacet
  facet normal -0 0.801477 0.598025
    outer loop
      vertex 34 43.4367 -132.86
      vertex 37.2 43.4367 -132.86
      vertex 37.2 43.4464 -132.873
    endloop
  endfacet
  facet normal 0 0.788502 0.615032
    outer loop
      vertex 34 43.4055 -132.82
      vertex 37.2 43.4367 -132.86
      vertex 34 43.4367 -132.86
    endloop
  endfacet
  facet normal -0 0.788502 0.615032
    outer loop
      vertex 34 43.4055 -132.82
      vertex 37.2 43.4055 -132.82
      vertex 37.2 43.4367 -132.86
    endloop
  endfacet
  facet normal 0 0.74682 0.665026
    outer loop
      vertex 34 43.3494 -132.757
      vertex 37.2 43.4055 -132.82
      vertex 34 43.4055 -132.82
    endloop
  endfacet
  facet normal -0 0.74682 0.665026
    outer loop
      vertex 34 43.3494 -132.757
      vertex 37.2 43.3494 -132.757
      vertex 37.2 43.4055 -132.82
    endloop
  endfacet
  facet normal 0 0.704131 0.71007
    outer loop
      vertex 34 43.2657 -132.674
      vertex 37.2 43.3494 -132.757
      vertex 34 43.3494 -132.757
    endloop
  endfacet
  facet normal -0 0.704131 0.71007
    outer loop
      vertex 34 43.2657 -132.674
      vertex 37.2 43.2657 -132.674
      vertex 37.2 43.3494 -132.757
    endloop
  endfacet
  facet normal 0 0.655031 0.755602
    outer loop
      vertex 34 43.1515 -132.575
      vertex 37.2 43.2657 -132.674
      vertex 34 43.2657 -132.674
    endloop
  endfacet
  facet normal -0 0.655031 0.755602
    outer loop
      vertex 34 43.1515 -132.575
      vertex 37.2 43.1515 -132.575
      vertex 37.2 43.2657 -132.674
    endloop
  endfacet
  facet normal 0 0.609711 0.792624
    outer loop
      vertex 34 43.0046 -132.462
      vertex 37.2 43.1515 -132.575
      vertex 34 43.1515 -132.575
    endloop
  endfacet
  facet normal -0 0.609711 0.792624
    outer loop
      vertex 34 43.0046 -132.462
      vertex 37.2 43.0046 -132.462
      vertex 37.2 43.1515 -132.575
    endloop
  endfacet
  facet normal 0 0.557439 0.830218
    outer loop
      vertex 34 42.8229 -132.34
      vertex 37.2 43.0046 -132.462
      vertex 34 43.0046 -132.462
    endloop
  endfacet
  facet normal -0 0.557439 0.830218
    outer loop
      vertex 34 42.8229 -132.34
      vertex 37.2 42.8229 -132.34
      vertex 37.2 43.0046 -132.462
    endloop
  endfacet
  facet normal 0 0.503378 0.864066
    outer loop
      vertex 34 42.6049 -132.213
      vertex 37.2 42.8229 -132.34
      vertex 34 42.8229 -132.34
    endloop
  endfacet
  facet normal -0 0.503378 0.864066
    outer loop
      vertex 34 42.6049 -132.213
      vertex 37.2 42.6049 -132.213
      vertex 37.2 42.8229 -132.34
    endloop
  endfacet
  facet normal 0 0.450283 0.892886
    outer loop
      vertex 34 42.3491 -132.084
      vertex 37.2 42.6049 -132.213
      vertex 34 42.6049 -132.213
    endloop
  endfacet
  facet normal -0 0.450283 0.892886
    outer loop
      vertex 34 42.3491 -132.084
      vertex 37.2 42.3491 -132.084
      vertex 37.2 42.6049 -132.213
    endloop
  endfacet
  facet normal 0 0.390935 0.920418
    outer loop
      vertex 34 42.0548 -131.959
      vertex 37.2 42.3491 -132.084
      vertex 34 42.3491 -132.084
    endloop
  endfacet
  facet normal -0 0.390935 0.920418
    outer loop
      vertex 34 42.0548 -131.959
      vertex 37.2 42.0548 -131.959
      vertex 37.2 42.3491 -132.084
    endloop
  endfacet
  facet normal 0 -0.61714 0.786853
    outer loop
      vertex 34 41.606 -132.311
      vertex 37.2 42.0548 -131.959
      vertex 34 42.0548 -131.959
    endloop
  endfacet
  facet normal 0 -0.61714 0.786853
    outer loop
      vertex 34 41.606 -132.311
      vertex 37.2 41.606 -132.311
      vertex 37.2 42.0548 -131.959
    endloop
  endfacet
  facet normal 0 -0.986978 -0.160853
    outer loop
      vertex 34 41.6575 -132.627
      vertex 37.2 41.606 -132.311
      vertex 34 41.606 -132.311
    endloop
  endfacet
  facet normal 0 -0.986978 -0.160853
    outer loop
      vertex 34 41.6575 -132.627
      vertex 37.2 41.6575 -132.627
      vertex 37.2 41.606 -132.311
    endloop
  endfacet
  facet normal 0 -0.974837 -0.22292
    outer loop
      vertex 34 41.7213 -132.906
      vertex 37.2 41.6575 -132.627
      vertex 34 41.6575 -132.627
    endloop
  endfacet
  facet normal 0 -0.974837 -0.22292
    outer loop
      vertex 34 41.7213 -132.906
      vertex 37.2 41.7213 -132.906
      vertex 37.2 41.6575 -132.627
    endloop
  endfacet
  facet normal 0 -0.958802 -0.284075
    outer loop
      vertex 34 41.793 -133.148
      vertex 37.2 41.7213 -132.906
      vertex 34 41.7213 -132.906
    endloop
  endfacet
  facet normal 0 -0.958802 -0.284075
    outer loop
      vertex 34 41.793 -133.148
      vertex 37.2 41.793 -133.148
      vertex 37.2 41.7213 -132.906
    endloop
  endfacet
  facet normal 0 -0.938827 -0.344389
    outer loop
      vertex 34 41.8682 -133.353
      vertex 37.2 41.793 -133.148
      vertex 34 41.793 -133.148
    endloop
  endfacet
  facet normal 0 -0.938827 -0.344389
    outer loop
      vertex 34 41.8682 -133.353
      vertex 37.2 41.8682 -133.353
      vertex 37.2 41.793 -133.148
    endloop
  endfacet
  facet normal 0 -0.91591 -0.401384
    outer loop
      vertex 34 41.9427 -133.523
      vertex 37.2 41.8682 -133.353
      vertex 34 41.8682 -133.353
    endloop
  endfacet
  facet normal 0 -0.91591 -0.401384
    outer loop
      vertex 34 41.9427 -133.523
      vertex 37.2 41.9427 -133.523
      vertex 37.2 41.8682 -133.353
    endloop
  endfacet
  facet normal 0 -0.889096 -0.45772
    outer loop
      vertex 34 42.0122 -133.658
      vertex 37.2 41.9427 -133.523
      vertex 34 41.9427 -133.523
    endloop
  endfacet
  facet normal 0 -0.889096 -0.45772
    outer loop
      vertex 34 42.0122 -133.658
      vertex 37.2 42.0122 -133.658
      vertex 37.2 41.9427 -133.523
    endloop
  endfacet
  facet normal 0 -0.857867 -0.513871
    outer loop
      vertex 34 42.0727 -133.759
      vertex 37.2 42.0122 -133.658
      vertex 34 42.0122 -133.658
    endloop
  endfacet
  facet normal 0 -0.857867 -0.513871
    outer loop
      vertex 34 42.0727 -133.759
      vertex 37.2 42.0727 -133.759
      vertex 37.2 42.0122 -133.658
    endloop
  endfacet
  facet normal 0 -0.822578 -0.568652
    outer loop
      vertex 34 42.1204 -133.828
      vertex 37.2 42.0727 -133.759
      vertex 34 42.0727 -133.759
    endloop
  endfacet
  facet normal 0 -0.822578 -0.568652
    outer loop
      vertex 34 42.1204 -133.828
      vertex 37.2 42.1204 -133.828
      vertex 37.2 42.0727 -133.759
    endloop
  endfacet
  facet normal 0 -0.789458 -0.613804
    outer loop
      vertex 34 42.1515 -133.868
      vertex 37.2 42.1204 -133.828
      vertex 34 42.1204 -133.828
    endloop
  endfacet
  facet normal 0 -0.789458 -0.613804
    outer loop
      vertex 34 42.1515 -133.868
      vertex 37.2 42.1515 -133.868
      vertex 37.2 42.1204 -133.828
    endloop
  endfacet
  facet normal 0 -0.734099 -0.679042
    outer loop
      vertex 34 42.1626 -133.88
      vertex 37.2 42.1515 -133.868
      vertex 34 42.1515 -133.868
    endloop
  endfacet
  facet normal 0 -0.734099 -0.679042
    outer loop
      vertex 34 42.1626 -133.88
      vertex 37.2 42.1626 -133.88
      vertex 37.2 42.1515 -133.868
    endloop
  endfacet
  facet normal 0 -0.921579 -0.388192
    outer loop
      vertex 34 42.4583 -134.582
      vertex 37.2 42.1626 -133.88
      vertex 34 42.1626 -133.88
    endloop
  endfacet
  facet normal 0 -0.921579 -0.388192
    outer loop
      vertex 34 42.4583 -134.582
      vertex 37.2 42.4583 -134.582
      vertex 37.2 42.1626 -133.88
    endloop
  endfacet
  facet normal 0 0.589573 -0.807715
    outer loop
      vertex 34 42.472 -134.572
      vertex 37.2 42.4583 -134.582
      vertex 34 42.4583 -134.582
    endloop
  endfacet
  facet normal 0 0.589573 -0.807715
    outer loop
      vertex 34 42.472 -134.572
      vertex 37.2 42.472 -134.572
      vertex 37.2 42.4583 -134.582
    endloop
  endfacet
  facet normal 0 -0.724572 0.689199
    outer loop
      vertex 34 42.2304 -134.826
      vertex 37.2 42.472 -134.572
      vertex 34 42.472 -134.572
    endloop
  endfacet
  facet normal 0 -0.724572 0.689199
    outer loop
      vertex 34 42.2304 -134.826
      vertex 37.2 42.2304 -134.826
      vertex 37.2 42.472 -134.572
    endloop
  endfacet
  facet normal 0 -0.762855 0.64657
    outer loop
      vertex 34 42.0041 -135.093
      vertex 37.2 42.2304 -134.826
      vertex 34 42.2304 -134.826
    endloop
  endfacet
  facet normal 0 -0.762855 0.64657
    outer loop
      vertex 34 42.0041 -135.093
      vertex 37.2 42.0041 -135.093
      vertex 37.2 42.2304 -134.826
    endloop
  endfacet
  facet normal 0 0.852438 -0.522829
    outer loop
      vertex 34 42.0133 -135.078
      vertex 37.2 42.0041 -135.093
      vertex 34 42.0041 -135.093
    endloop
  endfacet
  facet normal 0 0.852438 -0.522829
    outer loop
      vertex 34 42.0133 -135.078
      vertex 37.2 42.0133 -135.078
      vertex 37.2 42.0041 -135.093
    endloop
  endfacet
  facet normal 0 0.285009 0.958525
    outer loop
      vertex 34 41.2835 -134.861
      vertex 37.2 42.0133 -135.078
      vertex 34 42.0133 -135.078
    endloop
  endfacet
  facet normal -0 0.285009 0.958525
    outer loop
      vertex 34 41.2835 -134.861
      vertex 37.2 41.2835 -134.861
      vertex 37.2 42.0133 -135.078
    endloop
  endfacet
  facet normal 0 0.586775 0.80975
    outer loop
      vertex 34 41.2697 -134.851
      vertex 37.2 41.2835 -134.861
      vertex 34 41.2835 -134.861
    endloop
  endfacet
  facet normal -0 0.586775 0.80975
    outer loop
      vertex 34 41.2697 -134.851
      vertex 37.2 41.2697 -134.851
      vertex 37.2 41.2835 -134.861
    endloop
  endfacet
  facet normal 0 0.532656 0.846332
    outer loop
      vertex 34 41.2268 -134.824
      vertex 37.2 41.2697 -134.851
      vertex 34 41.2697 -134.851
    endloop
  endfacet
  facet normal -0 0.532656 0.846332
    outer loop
      vertex 34 41.2268 -134.824
      vertex 37.2 41.2268 -134.824
      vertex 37.2 41.2697 -134.851
    endloop
  endfacet
  facet normal 0 0.47502 0.879975
    outer loop
      vertex 34 41.1527 -134.784
      vertex 37.2 41.2268 -134.824
      vertex 34 41.2268 -134.824
    endloop
  endfacet
  facet normal -0 0.47502 0.879975
    outer loop
      vertex 34 41.1527 -134.784
      vertex 37.2 41.1527 -134.784
      vertex 37.2 41.2268 -134.824
    endloop
  endfacet
  facet normal 0 0.416041 0.909346
    outer loop
      vertex 34 41.0456 -134.735
      vertex 37.2 41.1527 -134.784
      vertex 34 41.1527 -134.784
    endloop
  endfacet
  facet normal -0 0.416041 0.909346
    outer loop
      vertex 34 41.0456 -134.735
      vertex 37.2 41.0456 -134.735
      vertex 37.2 41.1527 -134.784
    endloop
  endfacet
  facet normal 0 0.356985 0.93411
    outer loop
      vertex 34 40.9043 -134.681
      vertex 37.2 41.0456 -134.735
      vertex 34 41.0456 -134.735
    endloop
  endfacet
  facet normal -0 0.356985 0.93411
    outer loop
      vertex 34 40.9043 -134.681
      vertex 37.2 40.9043 -134.681
      vertex 37.2 41.0456 -134.735
    endloop
  endfacet
  facet normal 0 0.302268 0.953223
    outer loop
      vertex 34 40.7277 -134.625
      vertex 37.2 40.9043 -134.681
      vertex 34 40.9043 -134.681
    endloop
  endfacet
  facet normal -0 0.302268 0.953223
    outer loop
      vertex 34 40.7277 -134.625
      vertex 37.2 40.7277 -134.625
      vertex 37.2 40.9043 -134.681
    endloop
  endfacet
  facet normal 0 0.237798 0.971315
    outer loop
      vertex 34 40.5153 -134.573
      vertex 37.2 40.7277 -134.625
      vertex 34 40.7277 -134.625
    endloop
  endfacet
  facet normal -0 0.237798 0.971315
    outer loop
      vertex 34 40.5153 -134.573
      vertex 37.2 40.5153 -134.573
      vertex 37.2 40.7277 -134.625
    endloop
  endfacet
  facet normal 0 0.178188 0.983996
    outer loop
      vertex 34 40.2668 -134.528
      vertex 37.2 40.5153 -134.573
      vertex 34 40.5153 -134.573
    endloop
  endfacet
  facet normal -0 0.178188 0.983996
    outer loop
      vertex 34 40.2668 -134.528
      vertex 37.2 40.2668 -134.528
      vertex 37.2 40.5153 -134.573
    endloop
  endfacet
  facet normal 0 0.118787 0.99292
    outer loop
      vertex 34 39.9826 -134.494
      vertex 37.2 40.2668 -134.528
      vertex 34 40.2668 -134.528
    endloop
  endfacet
  facet normal -0 0.118787 0.99292
    outer loop
      vertex 34 39.9826 -134.494
      vertex 37.2 39.9826 -134.494
      vertex 37.2 40.2668 -134.528
    endloop
  endfacet
  facet normal 0 0.0531662 0.998586
    outer loop
      vertex 34 39.6633 -134.477
      vertex 37.2 39.9826 -134.494
      vertex 34 39.9826 -134.494
    endloop
  endfacet
  facet normal -0 0.0531662 0.998586
    outer loop
      vertex 34 39.6633 -134.477
      vertex 37.2 39.6633 -134.477
      vertex 37.2 39.9826 -134.494
    endloop
  endfacet
  facet normal 0 -0.849353 0.527825
    outer loop
      vertex 34 39.3619 -134.962
      vertex 37.2 39.6633 -134.477
      vertex 34 39.6633 -134.477
    endloop
  endfacet
  facet normal 0 -0.849353 0.527825
    outer loop
      vertex 34 39.3619 -134.962
      vertex 37.2 39.3619 -134.962
      vertex 37.2 39.6633 -134.477
    endloop
  endfacet
  facet normal 0 -0.872293 -0.488984
    outer loop
      vertex 34 39.5183 -135.241
      vertex 37.2 39.3619 -134.962
      vertex 34 39.3619 -134.962
    endloop
  endfacet
  facet normal 0 -0.872293 -0.488984
    outer loop
      vertex 34 39.5183 -135.241
      vertex 37.2 39.5183 -135.241
      vertex 37.2 39.3619 -134.962
    endloop
  endfacet
  facet normal 0 -0.839561 -0.543266
    outer loop
      vertex 34 39.6736 -135.481
      vertex 37.2 39.5183 -135.241
      vertex 34 39.5183 -135.241
    endloop
  endfacet
  facet normal 0 -0.839561 -0.543266
    outer loop
      vertex 34 39.6736 -135.481
      vertex 37.2 39.6736 -135.481
      vertex 37.2 39.5183 -135.241
    endloop
  endfacet
  facet normal 0 -0.80388 -0.594792
    outer loop
      vertex 34 39.8238 -135.684
      vertex 37.2 39.6736 -135.481
      vertex 34 39.6736 -135.481
    endloop
  endfacet
  facet normal 0 -0.80388 -0.594792
    outer loop
      vertex 34 39.8238 -135.684
      vertex 37.2 39.8238 -135.684
      vertex 37.2 39.6736 -135.481
    endloop
  endfacet
  facet normal 0 -0.76408 -0.645121
    outer loop
      vertex 34 39.9648 -135.851
      vertex 37.2 39.8238 -135.684
      vertex 34 39.8238 -135.684
    endloop
  endfacet
  facet normal 0 -0.76408 -0.645121
    outer loop
      vertex 34 39.9648 -135.851
      vertex 37.2 39.9648 -135.851
      vertex 37.2 39.8238 -135.684
    endloop
  endfacet
  facet normal 0 -0.72338 -0.69045
    outer loop
      vertex 34 40.0927 -135.985
      vertex 37.2 39.9648 -135.851
      vertex 34 39.9648 -135.851
    endloop
  endfacet
  facet normal 0 -0.72338 -0.69045
    outer loop
      vertex 34 40.0927 -135.985
      vertex 37.2 40.0927 -135.985
      vertex 37.2 39.9648 -135.851
    endloop
  endfacet
  facet normal 0 -0.678882 -0.734247
    outer loop
      vertex 34 40.2041 -136.088
      vertex 37.2 40.0927 -135.985
      vertex 34 40.0927 -135.985
    endloop
  endfacet
  facet normal 0 -0.678882 -0.734247
    outer loop
      vertex 34 40.2041 -136.088
      vertex 37.2 40.2041 -136.088
      vertex 37.2 40.0927 -135.985
    endloop
  endfacet
  facet normal 0 -0.629247 -0.777205
    outer loop
      vertex 34 40.2955 -136.162
      vertex 37.2 40.2041 -136.088
      vertex 34 40.2041 -136.088
    endloop
  endfacet
  facet normal 0 -0.629247 -0.777205
    outer loop
      vertex 34 40.2955 -136.162
      vertex 37.2 40.2955 -136.162
      vertex 37.2 40.2041 -136.088
    endloop
  endfacet
  facet normal 0 -0.5818 -0.813332
    outer loop
      vertex 34 40.364 -136.211
      vertex 37.2 40.2955 -136.162
      vertex 34 40.2955 -136.162
    endloop
  endfacet
  facet normal 0 -0.5818 -0.813332
    outer loop
      vertex 34 40.364 -136.211
      vertex 37.2 40.364 -136.211
      vertex 37.2 40.2955 -136.162
    endloop
  endfacet
  facet normal 0 -0.532656 -0.846332
    outer loop
      vertex 34 40.4069 -136.238
      vertex 37.2 40.364 -136.211
      vertex 34 40.364 -136.211
    endloop
  endfacet
  facet normal 0 -0.532656 -0.846332
    outer loop
      vertex 34 40.4069 -136.238
      vertex 37.2 40.4069 -136.238
      vertex 37.2 40.364 -136.211
    endloop
  endfacet
  facet normal 0 -0.478015 -0.878352
    outer loop
      vertex 34 40.4216 -136.246
      vertex 37.2 40.4069 -136.238
      vertex 34 40.4069 -136.238
    endloop
  endfacet
  facet normal 0 -0.478015 -0.878352
    outer loop
      vertex 34 40.4216 -136.246
      vertex 37.2 40.4216 -136.246
      vertex 37.2 40.4069 -136.238
    endloop
  endfacet
  facet normal 0 -0.732953 -0.68028
    outer loop
      vertex 34 40.9395 -136.804
      vertex 37.2 40.4216 -136.246
      vertex 34 40.4216 -136.246
    endloop
  endfacet
  facet normal 0 -0.732953 -0.68028
    outer loop
      vertex 34 40.9395 -136.804
      vertex 37.2 40.9395 -136.804
      vertex 37.2 40.4216 -136.246
    endloop
  endfacet
  facet normal 0 0.835705 -0.549178
    outer loop
      vertex 34 40.9487 -136.79
      vertex 37.2 40.9395 -136.804
      vertex 34 40.9395 -136.804
    endloop
  endfacet
  facet normal 0 0.835705 -0.549178
    outer loop
      vertex 34 40.9487 -136.79
      vertex 37.2 40.9487 -136.79
      vertex 37.2 40.9395 -136.804
    endloop
  endfacet
  facet normal 0 -0.916511 0.40001
    outer loop
      vertex 34 40.8086 -137.111
      vertex 37.2 40.9487 -136.79
      vertex 34 40.9487 -136.79
    endloop
  endfacet
  facet normal 0 -0.916511 0.40001
    outer loop
      vertex 34 40.8086 -137.111
      vertex 37.2 40.8086 -137.111
      vertex 37.2 40.9487 -136.79
    endloop
  endfacet
  facet normal 0 -0.938445 0.345428
    outer loop
      vertex 34 40.6875 -137.44
      vertex 37.2 40.8086 -137.111
      vertex 34 40.8086 -137.111
    endloop
  endfacet
  facet normal 0 -0.938445 0.345428
    outer loop
      vertex 34 40.6875 -137.44
      vertex 37.2 40.6875 -137.44
      vertex 37.2 40.8086 -137.111
    endloop
  endfacet
  facet normal 0 0.978305 -0.20717
    outer loop
      vertex 34 40.6911 -137.423
      vertex 37.2 40.6875 -137.44
      vertex 34 40.6875 -137.44
    endloop
  endfacet
  facet normal 0 0.978305 -0.20717
    outer loop
      vertex 34 40.6911 -137.423
      vertex 37.2 40.6911 -137.423
      vertex 37.2 40.6875 -137.44
    endloop
  endfacet
  facet normal 0 -0.0590838 0.998253
    outer loop
      vertex 34 39.9308 -137.468
      vertex 37.2 40.6911 -137.423
      vertex 34 40.6911 -137.423
    endloop
  endfacet
  facet normal 0 -0.0590838 0.998253
    outer loop
      vertex 34 39.9308 -137.468
      vertex 37.2 39.9308 -137.468
      vertex 37.2 40.6911 -137.423
    endloop
  endfacet
  facet normal 0 0.294915 0.955524
    outer loop
      vertex 34 39.9146 -137.463
      vertex 37.2 39.9308 -137.468
      vertex 34 39.9308 -137.468
    endloop
  endfacet
  facet normal -0 0.294915 0.955524
    outer loop
      vertex 34 39.9146 -137.463
      vertex 37.2 39.9146 -137.463
      vertex 37.2 39.9308 -137.468
    endloop
  endfacet
  facet normal 0 0.19802 0.980198
    outer loop
      vertex 34 39.8651 -137.453
      vertex 37.2 39.9146 -137.463
      vertex 34 39.9146 -137.463
    endloop
  endfacet
  facet normal -0 0.19802 0.980198
    outer loop
      vertex 34 39.8651 -137.453
      vertex 37.2 39.8651 -137.453
      vertex 37.2 39.9146 -137.463
    endloop
  endfacet
  facet normal 0 0.142586 0.989782
    outer loop
      vertex 34 39.7818 -137.441
      vertex 37.2 39.8651 -137.453
      vertex 34 39.8651 -137.453
    endloop
  endfacet
  facet normal -0 0.142586 0.989782
    outer loop
      vertex 34 39.7818 -137.441
      vertex 37.2 39.7818 -137.441
      vertex 37.2 39.8651 -137.453
    endloop
  endfacet
  facet normal 0 0.0848715 0.996392
    outer loop
      vertex 34 39.6644 -137.431
      vertex 37.2 39.7818 -137.441
      vertex 34 39.7818 -137.441
    endloop
  endfacet
  facet normal -0 0.0848715 0.996392
    outer loop
      vertex 34 39.6644 -137.431
      vertex 37.2 39.6644 -137.431
      vertex 37.2 39.7818 -137.441
    endloop
  endfacet
  facet normal 0 0.0197981 0.999804
    outer loop
      vertex 34 39.5129 -137.428
      vertex 37.2 39.6644 -137.431
      vertex 34 39.6644 -137.431
    endloop
  endfacet
  facet normal -0 0.0197981 0.999804
    outer loop
      vertex 34 39.5129 -137.428
      vertex 37.2 39.5129 -137.428
      vertex 37.2 39.6644 -137.431
    endloop
  endfacet
  facet normal 0 -0.0485912 0.998819
    outer loop
      vertex 34 39.3279 -137.437
      vertex 37.2 39.5129 -137.428
      vertex 34 39.5129 -137.428
    endloop
  endfacet
  facet normal 0 -0.0485912 0.998819
    outer loop
      vertex 34 39.3279 -137.437
      vertex 37.2 39.3279 -137.437
      vertex 37.2 39.5129 -137.428
    endloop
  endfacet
  facet normal 0 -0.105161 0.994455
    outer loop
      vertex 34 39.1104 -137.46
      vertex 37.2 39.3279 -137.437
      vertex 34 39.3279 -137.437
    endloop
  endfacet
  facet normal 0 -0.105161 0.994455
    outer loop
      vertex 34 39.1104 -137.46
      vertex 37.2 39.1104 -137.46
      vertex 37.2 39.3279 -137.437
    endloop
  endfacet
  facet normal 0 -0.170305 0.985391
    outer loop
      vertex 34 38.8616 -137.503
      vertex 37.2 39.1104 -137.46
      vertex 34 39.1104 -137.46
    endloop
  endfacet
  facet normal 0 -0.170305 0.985391
    outer loop
      vertex 34 38.8616 -137.503
      vertex 37.2 38.8616 -137.503
      vertex 37.2 39.1104 -137.46
    endloop
  endfacet
  facet normal 0 -0.230597 0.973049
    outer loop
      vertex 34 38.5831 -137.569
      vertex 37.2 38.8616 -137.503
      vertex 34 38.8616 -137.503
    endloop
  endfacet
  facet normal 0 -0.230597 0.973049
    outer loop
      vertex 34 38.5831 -137.569
      vertex 37.2 38.5831 -137.569
      vertex 37.2 38.8616 -137.503
    endloop
  endfacet
  facet normal 0 -0.290875 0.956761
    outer loop
      vertex 34 38.2772 -137.662
      vertex 37.2 38.5831 -137.569
      vertex 34 38.5831 -137.569
    endloop
  endfacet
  facet normal 0 -0.290875 0.956761
    outer loop
      vertex 34 38.2772 -137.662
      vertex 37.2 38.2772 -137.662
      vertex 37.2 38.5831 -137.569
    endloop
  endfacet
  facet normal 0 -0.97854 0.206055
    outer loop
      vertex 34 38.1597 -138.22
      vertex 37.2 38.2772 -137.662
      vertex 34 38.2772 -137.662
    endloop
  endfacet
  facet normal 0 -0.97854 0.206055
    outer loop
      vertex 34 38.1597 -138.22
      vertex 37.2 38.1597 -138.22
      vertex 37.2 38.2772 -137.662
    endloop
  endfacet
  facet normal 0 -0.653001 -0.757357
    outer loop
      vertex 34 38.4021 -138.429
      vertex 37.2 38.1597 -138.22
      vertex 34 38.1597 -138.22
    endloop
  endfacet
  facet normal 0 -0.653001 -0.757357
    outer loop
      vertex 34 38.4021 -138.429
      vertex 37.2 38.4021 -138.429
      vertex 37.2 38.1597 -138.22
    endloop
  endfacet
  facet normal 0 -0.60207 -0.798443
    outer loop
      vertex 34 38.6302 -138.601
      vertex 37.2 38.4021 -138.429
      vertex 34 38.4021 -138.429
    endloop
  endfacet
  facet normal 0 -0.60207 -0.798443
    outer loop
      vertex 34 38.6302 -138.601
      vertex 37.2 38.6302 -138.601
      vertex 37.2 38.4021 -138.429
    endloop
  endfacet
  facet normal 0 -0.553605 -0.83278
    outer loop
      vertex 34 38.8408 -138.741
      vertex 37.2 38.6302 -138.601
      vertex 34 38.6302 -138.601
    endloop
  endfacet
  facet normal 0 -0.553605 -0.83278
    outer loop
      vertex 34 38.8408 -138.741
      vertex 37.2 38.8408 -138.741
      vertex 37.2 38.6302 -138.601
    endloop
  endfacet
  facet normal 0 -0.498205 -0.867059
    outer loop
      vertex 34 39.0305 -138.85
      vertex 37.2 38.8408 -138.741
      vertex 34 38.8408 -138.741
    endloop
  endfacet
  facet normal 0 -0.498205 -0.867059
    outer loop
      vertex 34 39.0305 -138.85
      vertex 37.2 39.0305 -138.85
      vertex 37.2 38.8408 -138.741
    endloop
  endfacet
  facet normal 0 -0.442888 -0.896577
    outer loop
      vertex 34 39.1965 -138.932
      vertex 37.2 39.0305 -138.85
      vertex 34 39.0305 -138.85
    endloop
  endfacet
  facet normal 0 -0.442888 -0.896577
    outer loop
      vertex 34 39.1965 -138.932
      vertex 37.2 39.1965 -138.932
      vertex 37.2 39.0305 -138.85
    endloop
  endfacet
  facet normal 0 -0.383442 -0.923565
    outer loop
      vertex 34 39.3362 -138.99
      vertex 37.2 39.1965 -138.932
      vertex 34 39.1965 -138.932
    endloop
  endfacet
  facet normal 0 -0.383442 -0.923565
    outer loop
      vertex 34 39.3362 -138.99
      vertex 37.2 39.3362 -138.99
      vertex 37.2 39.1965 -138.932
    endloop
  endfacet
  facet normal 0 -0.330426 -0.943832
    outer loop
      vertex 34 39.4476 -139.029
      vertex 37.2 39.3362 -138.99
      vertex 34 39.3362 -138.99
    endloop
  endfacet
  facet normal 0 -0.330426 -0.943832
    outer loop
      vertex 34 39.4476 -139.029
      vertex 37.2 39.4476 -139.029
      vertex 37.2 39.3362 -138.99
    endloop
  endfacet
  facet normal 0 -0.261808 -0.96512
    outer loop
      vertex 34 39.5287 -139.051
      vertex 37.2 39.4476 -139.029
      vertex 34 39.4476 -139.029
    endloop
  endfacet
  facet normal 0 -0.261808 -0.96512
    outer loop
      vertex 34 39.5287 -139.051
      vertex 37.2 39.5287 -139.051
      vertex 37.2 39.4476 -139.029
    endloop
  endfacet
  facet normal 0 -0.217349 -0.976094
    outer loop
      vertex 34 39.5781 -139.062
      vertex 37.2 39.5287 -139.051
      vertex 34 39.5287 -139.051
    endloop
  endfacet
  facet normal 0 -0.217349 -0.976094
    outer loop
      vertex 34 39.5781 -139.062
      vertex 37.2 39.5781 -139.062
      vertex 37.2 39.5287 -139.051
    endloop
  endfacet
  facet normal 0 -0.119617 -0.99282
    outer loop
      vertex 34 39.5947 -139.064
      vertex 37.2 39.5781 -139.062
      vertex 34 39.5781 -139.062
    endloop
  endfacet
  facet normal 0 -0.119617 -0.99282
    outer loop
      vertex 34 39.5947 -139.064
      vertex 37.2 39.5947 -139.064
      vertex 37.2 39.5781 -139.062
    endloop
  endfacet
  facet normal 0 -0.456796 -0.889571
    outer loop
      vertex 34 40.2724 -139.412
      vertex 37.2 39.5947 -139.064
      vertex 34 39.5947 -139.064
    endloop
  endfacet
  facet normal 0 -0.456796 -0.889571
    outer loop
      vertex 34 40.2724 -139.412
      vertex 37.2 40.2724 -139.412
      vertex 37.2 39.5947 -139.064
    endloop
  endfacet
  facet normal 0 0.979457 -0.201653
    outer loop
      vertex 34 40.2759 -139.395
      vertex 37.2 40.2724 -139.412
      vertex 34 40.2724 -139.412
    endloop
  endfacet
  facet normal 0 0.979457 -0.201653
    outer loop
      vertex 34 40.2759 -139.395
      vertex 37.2 40.2759 -139.395
      vertex 37.2 40.2724 -139.412
    endloop
  endfacet
  facet normal 0 -0.998084 0.0618812
    outer loop
      vertex 34 40.2542 -139.745
      vertex 37.2 40.2759 -139.395
      vertex 34 40.2759 -139.395
    endloop
  endfacet
  facet normal 0 -0.998084 0.0618812
    outer loop
      vertex 34 40.2542 -139.745
      vertex 37.2 40.2542 -139.745
      vertex 37.2 40.2759 -139.395
    endloop
  endfacet
  facet normal 0 -0.999993 0.00371426
    outer loop
      vertex 34 40.2529 -140.095
      vertex 37.2 40.2542 -139.745
      vertex 34 40.2542 -139.745
    endloop
  endfacet
  facet normal 0 -0.999993 0.00371426
    outer loop
      vertex 34 40.2529 -140.095
      vertex 37.2 40.2529 -140.095
      vertex 37.2 40.2542 -139.745
    endloop
  endfacet
  facet normal 0 0.989359 0.145494
    outer loop
      vertex 34 40.2504 -140.078
      vertex 37.2 40.2529 -140.095
      vertex 34 40.2529 -140.095
    endloop
  endfacet
  facet normal -0 0.989359 0.145494
    outer loop
      vertex 34 40.2504 -140.078
      vertex 37.2 40.2504 -140.078
      vertex 37.2 40.2529 -140.095
    endloop
  endfacet
  facet normal 0 -0.396564 0.918007
    outer loop
      vertex 34 39.5513 -140.38
      vertex 37.2 40.2504 -140.078
      vertex 34 40.2504 -140.078
    endloop
  endfacet
  facet normal 0 -0.396564 0.918007
    outer loop
      vertex 34 39.5513 -140.38
      vertex 37.2 39.5513 -140.38
      vertex 37.2 40.2504 -140.078
    endloop
  endfacet
  facet normal 0 -0.118911 0.992905
    outer loop
      vertex 34 39.5346 -140.382
      vertex 37.2 39.5513 -140.38
      vertex 34 39.5513 -140.38
    endloop
  endfacet
  facet normal 0 -0.118911 0.992905
    outer loop
      vertex 34 39.5346 -140.382
      vertex 37.2 39.5346 -140.382
      vertex 37.2 39.5513 -140.38
    endloop
  endfacet
  facet normal 0 -0.138648 0.990342
    outer loop
      vertex 34 39.4846 -140.389
      vertex 37.2 39.5346 -140.382
      vertex 34 39.5346 -140.382
    endloop
  endfacet
  facet normal 0 -0.138648 0.990342
    outer loop
      vertex 34 39.4846 -140.389
      vertex 37.2 39.4846 -140.389
      vertex 37.2 39.5346 -140.382
    endloop
  endfacet
  facet normal 0 -0.202055 0.979374
    outer loop
      vertex 34 39.4022 -140.406
      vertex 37.2 39.4846 -140.389
      vertex 34 39.4846 -140.389
    endloop
  endfacet
  facet normal 0 -0.202055 0.979374
    outer loop
      vertex 34 39.4022 -140.406
      vertex 37.2 39.4022 -140.406
      vertex 37.2 39.4846 -140.389
    endloop
  endfacet
  facet normal 0 -0.263261 0.964725
    outer loop
      vertex 34 39.2886 -140.437
      vertex 37.2 39.4022 -140.406
      vertex 34 39.4022 -140.406
    endloop
  endfacet
  facet normal 0 -0.263261 0.964725
    outer loop
      vertex 34 39.2886 -140.437
      vertex 37.2 39.2886 -140.437
      vertex 37.2 39.4022 -140.406
    endloop
  endfacet
  facet normal 0 -0.323346 0.946281
    outer loop
      vertex 34 39.1452 -140.486
      vertex 37.2 39.2886 -140.437
      vertex 34 39.2886 -140.437
    endloop
  endfacet
  facet normal 0 -0.323346 0.946281
    outer loop
      vertex 34 39.1452 -140.486
      vertex 37.2 39.1452 -140.486
      vertex 37.2 39.2886 -140.437
    endloop
  endfacet
  facet normal 0 -0.383465 0.923556
    outer loop
      vertex 34 38.9742 -140.557
      vertex 37.2 39.1452 -140.486
      vertex 34 39.1452 -140.486
    endloop
  endfacet
  facet normal 0 -0.383465 0.923556
    outer loop
      vertex 34 38.9742 -140.557
      vertex 37.2 38.9742 -140.557
      vertex 37.2 39.1452 -140.486
    endloop
  endfacet
  facet normal 0 -0.442644 0.896697
    outer loop
      vertex 34 38.7777 -140.654
      vertex 37.2 38.9742 -140.557
      vertex 34 38.9742 -140.557
    endloop
  endfacet
  facet normal 0 -0.442644 0.896697
    outer loop
      vertex 34 38.7777 -140.654
      vertex 37.2 38.7777 -140.654
      vertex 37.2 38.9742 -140.557
    endloop
  endfacet
  facet normal 0 -0.495371 0.868682
    outer loop
      vertex 34 38.5585 -140.779
      vertex 37.2 38.7777 -140.654
      vertex 34 38.7777 -140.654
    endloop
  endfacet
  facet normal 0 -0.495371 0.868682
    outer loop
      vertex 34 38.5585 -140.779
      vertex 37.2 38.5585 -140.779
      vertex 37.2 38.7777 -140.654
    endloop
  endfacet
  facet normal 0 -0.548878 0.835903
    outer loop
      vertex 34 38.3194 -140.936
      vertex 37.2 38.5585 -140.779
      vertex 34 38.5585 -140.779
    endloop
  endfacet
  facet normal 0 -0.548878 0.835903
    outer loop
      vertex 34 38.3194 -140.936
      vertex 37.2 38.3194 -140.936
      vertex 37.2 38.5585 -140.779
    endloop
  endfacet
  facet normal 0 -0.600751 0.799436
    outer loop
      vertex 34 38.0639 -141.128
      vertex 37.2 38.3194 -140.936
      vertex 34 38.3194 -140.936
    endloop
  endfacet
  facet normal 0 -0.600751 0.799436
    outer loop
      vertex 34 38.0639 -141.128
      vertex 37.2 38.0639 -141.128
      vertex 37.2 38.3194 -140.936
    endloop
  endfacet
  facet normal 0 -0.990002 -0.141053
    outer loop
      vertex 34 38.1444 -141.693
      vertex 37.2 38.0639 -141.128
      vertex 34 38.0639 -141.128
    endloop
  endfacet
  facet normal 0 -0.990002 -0.141053
    outer loop
      vertex 34 38.1444 -141.693
      vertex 37.2 38.1444 -141.693
      vertex 37.2 38.0639 -141.128
    endloop
  endfacet
  facet normal 0 -0.353419 -0.935465
    outer loop
      vertex 34 38.4435 -141.806
      vertex 37.2 38.1444 -141.693
      vertex 34 38.1444 -141.693
    endloop
  endfacet
  facet normal 0 -0.353419 -0.935465
    outer loop
      vertex 34 38.4435 -141.806
      vertex 37.2 38.4435 -141.806
      vertex 37.2 38.1444 -141.693
    endloop
  endfacet
  facet normal 0 -0.293595 -0.95593
    outer loop
      vertex 34 38.717 -141.89
      vertex 37.2 38.4435 -141.806
      vertex 34 38.4435 -141.806
    endloop
  endfacet
  facet normal 0 -0.293595 -0.95593
    outer loop
      vertex 34 38.717 -141.89
      vertex 37.2 38.717 -141.89
      vertex 37.2 38.4435 -141.806
    endloop
  endfacet
  facet normal 0 -0.233763 -0.972294
    outer loop
      vertex 34 38.9624 -141.949
      vertex 37.2 38.717 -141.89
      vertex 34 38.717 -141.89
    endloop
  endfacet
  facet normal 0 -0.233763 -0.972294
    outer loop
      vertex 34 38.9624 -141.949
      vertex 37.2 38.9624 -141.949
      vertex 37.2 38.717 -141.89
    endloop
  endfacet
  facet normal 0 -0.173577 -0.98482
    outer loop
      vertex 34 39.178 -141.987
      vertex 37.2 38.9624 -141.949
      vertex 34 38.9624 -141.949
    endloop
  endfacet
  facet normal 0 -0.173577 -0.98482
    outer loop
      vertex 34 39.178 -141.987
      vertex 37.2 39.178 -141.987
      vertex 37.2 38.9624 -141.949
    endloop
  endfacet
  facet normal 0 -0.108001 -0.994151
    outer loop
      vertex 34 39.3621 -142.007
      vertex 37.2 39.178 -141.987
      vertex 34 39.178 -141.987
    endloop
  endfacet
  facet normal 0 -0.108001 -0.994151
    outer loop
      vertex 34 39.3621 -142.007
      vertex 37.2 39.3621 -142.007
      vertex 37.2 39.178 -141.987
    endloop
  endfacet
  facet normal 0 -0.0462163 -0.998931
    outer loop
      vertex 34 39.5134 -142.014
      vertex 37.2 39.3621 -142.007
      vertex 34 39.3621 -142.007
    endloop
  endfacet
  facet normal 0 -0.0462163 -0.998931
    outer loop
      vertex 34 39.5134 -142.014
      vertex 37.2 39.5134 -142.014
      vertex 37.2 39.3621 -142.007
    endloop
  endfacet
  facet normal 0 0.0169755 -0.999856
    outer loop
      vertex 34 39.6312 -142.012
      vertex 37.2 39.5134 -142.014
      vertex 34 39.5134 -142.014
    endloop
  endfacet
  facet normal 0 0.0169755 -0.999856
    outer loop
      vertex 34 39.6312 -142.012
      vertex 37.2 39.6312 -142.012
      vertex 37.2 39.5134 -142.014
    endloop
  endfacet
  facet normal 0 0.0713315 -0.997453
    outer loop
      vertex 34 39.7151 -142.006
      vertex 37.2 39.6312 -142.012
      vertex 34 39.6312 -142.012
    endloop
  endfacet
  facet normal 0 0.0713315 -0.997453
    outer loop
      vertex 34 39.7151 -142.006
      vertex 37.2 39.7151 -142.006
      vertex 37.2 39.6312 -142.012
    endloop
  endfacet
  facet normal 0 0.138648 -0.990342
    outer loop
      vertex 34 39.7651 -141.999
      vertex 37.2 39.7151 -142.006
      vertex 34 39.7151 -142.006
    endloop
  endfacet
  facet normal 0 0.138648 -0.990342
    outer loop
      vertex 34 39.7651 -141.999
      vertex 37.2 39.7651 -141.999
      vertex 37.2 39.7151 -142.006
    endloop
  endfacet
  facet normal 0 0.178885 -0.98387
    outer loop
      vertex 34 39.7816 -141.996
      vertex 37.2 39.7651 -141.999
      vertex 34 39.7651 -141.999
    endloop
  endfacet
  facet normal 0 0.178885 -0.98387
    outer loop
      vertex 34 39.7816 -141.996
      vertex 37.2 39.7816 -141.996
      vertex 37.2 39.7651 -141.999
    endloop
  endfacet
  facet normal 0 -0.123437 -0.992352
    outer loop
      vertex 34 40.5373 -142.09
      vertex 37.2 39.7816 -141.996
      vertex 34 39.7816 -141.996
    endloop
  endfacet
  facet normal 0 -0.123437 -0.992352
    outer loop
      vertex 34 40.5373 -142.09
      vertex 37.2 40.5373 -142.09
      vertex 37.2 39.7816 -141.996
    endloop
  endfacet
  facet normal 0 0.989359 0.145494
    outer loop
      vertex 34 40.5348 -142.073
      vertex 37.2 40.5373 -142.09
      vertex 34 40.5373 -142.09
    endloop
  endfacet
  facet normal -0 0.989359 0.145494
    outer loop
      vertex 34 40.5348 -142.073
      vertex 37.2 40.5348 -142.073
      vertex 37.2 40.5373 -142.09
    endloop
  endfacet
  facet normal 0 -0.959074 -0.283155
    outer loop
      vertex 34 40.634 -142.409
      vertex 37.2 40.5348 -142.073
      vertex 34 40.5348 -142.073
    endloop
  endfacet
  facet normal 0 -0.959074 -0.283155
    outer loop
      vertex 34 40.634 -142.409
      vertex 37.2 40.634 -142.409
      vertex 37.2 40.5348 -142.073
    endloop
  endfacet
  facet normal 0 -0.940978 -0.338467
    outer loop
      vertex 34 40.7527 -142.739
      vertex 37.2 40.634 -142.409
      vertex 34 40.634 -142.409
    endloop
  endfacet
  facet normal 0 -0.940978 -0.338467
    outer loop
      vertex 34 40.7527 -142.739
      vertex 37.2 40.7527 -142.739
      vertex 37.2 40.634 -142.409
    endloop
  endfacet
  facet normal 0 0.877448 0.479672
    outer loop
      vertex 34 40.7445 -142.724
      vertex 37.2 40.7527 -142.739
      vertex 34 40.7527 -142.739
    endloop
  endfacet
  facet normal -0 0.877448 0.479672
    outer loop
      vertex 34 40.7445 -142.724
      vertex 37.2 40.7445 -142.724
      vertex 37.2 40.7527 -142.739
    endloop
  endfacet
  facet normal 0 -0.686731 0.726911
    outer loop
      vertex 34 40.1909 -143.247
      vertex 37.2 40.7445 -142.724
      vertex 34 40.7445 -142.724
    endloop
  endfacet
  facet normal 0 -0.686731 0.726911
    outer loop
      vertex 34 40.1909 -143.247
      vertex 37.2 40.1909 -143.247
      vertex 37.2 40.7445 -142.724
    endloop
  endfacet
  facet normal 0 -0.4183 0.908309
    outer loop
      vertex 34 40.1757 -143.254
      vertex 37.2 40.1909 -143.247
      vertex 34 40.1909 -143.247
    endloop
  endfacet
  facet normal 0 -0.4183 0.908309
    outer loop
      vertex 34 40.1757 -143.254
      vertex 37.2 40.1757 -143.254
      vertex 37.2 40.1909 -143.247
    endloop
  endfacet
  facet normal 0 -0.473864 0.880598
    outer loop
      vertex 34 40.1311 -143.278
      vertex 37.2 40.1757 -143.254
      vertex 34 40.1757 -143.254
    endloop
  endfacet
  facet normal 0 -0.473864 0.880598
    outer loop
      vertex 34 40.1311 -143.278
      vertex 37.2 40.1311 -143.278
      vertex 37.2 40.1757 -143.254
    endloop
  endfacet
  facet normal 0 -0.524097 0.851658
    outer loop
      vertex 34 40.0596 -143.322
      vertex 37.2 40.1311 -143.278
      vertex 34 40.1311 -143.278
    endloop
  endfacet
  facet normal 0 -0.524097 0.851658
    outer loop
      vertex 34 40.0596 -143.322
      vertex 37.2 40.0596 -143.322
      vertex 37.2 40.1311 -143.278
    endloop
  endfacet
  facet normal 0 -0.577216 0.816591
    outer loop
      vertex 34 39.9634 -143.39
      vertex 37.2 40.0596 -143.322
      vertex 34 40.0596 -143.322
    endloop
  endfacet
  facet normal 0 -0.577216 0.816591
    outer loop
      vertex 34 39.9634 -143.39
      vertex 37.2 39.9634 -143.39
      vertex 37.2 40.0596 -143.322
    endloop
  endfacet
  facet normal 0 -0.627752 0.778413
    outer loop
      vertex 34 39.8456 -143.485
      vertex 37.2 39.9634 -143.39
      vertex 34 39.9634 -143.39
    endloop
  endfacet
  facet normal 0 -0.627752 0.778413
    outer loop
      vertex 34 39.8456 -143.485
      vertex 37.2 39.8456 -143.485
      vertex 37.2 39.9634 -143.39
    endloop
  endfacet
  facet normal 0 -0.67828 0.734803
    outer loop
      vertex 34 39.7091 -143.611
      vertex 37.2 39.8456 -143.485
      vertex 34 39.8456 -143.485
    endloop
  endfacet
  facet normal 0 -0.67828 0.734803
    outer loop
      vertex 34 39.7091 -143.611
      vertex 37.2 39.7091 -143.611
      vertex 37.2 39.8456 -143.485
    endloop
  endfacet
  facet normal 0 -0.719141 0.694864
    outer loop
      vertex 34 39.5574 -143.768
      vertex 37.2 39.7091 -143.611
      vertex 34 39.7091 -143.611
    endloop
  endfacet
  facet normal 0 -0.719141 0.694864
    outer loop
      vertex 34 39.5574 -143.768
      vertex 37.2 39.5574 -143.768
      vertex 37.2 39.7091 -143.611
    endloop
  endfacet
  facet normal 0 -0.763596 0.645694
    outer loop
      vertex 34 39.3942 -143.961
      vertex 37.2 39.5574 -143.768
      vertex 34 39.5574 -143.768
    endloop
  endfacet
  facet normal 0 -0.763596 0.645694
    outer loop
      vertex 34 39.3942 -143.961
      vertex 37.2 39.3942 -143.961
      vertex 37.2 39.5574 -143.768
    endloop
  endfacet
  facet normal 0 -0.801593 0.59787
    outer loop
      vertex 34 39.2234 -144.19
      vertex 37.2 39.3942 -143.961
      vertex 34 39.3942 -143.961
    endloop
  endfacet
  facet normal 0 -0.801593 0.59787
    outer loop
      vertex 34 39.2234 -144.19
      vertex 37.2 39.2234 -144.19
      vertex 37.2 39.3942 -143.961
    endloop
  endfacet
  facet normal 0 -0.839084 0.544001
    outer loop
      vertex 34 39.049 -144.459
      vertex 37.2 39.2234 -144.19
      vertex 34 39.2234 -144.19
    endloop
  endfacet
  facet normal 0 -0.839084 0.544001
    outer loop
      vertex 34 39.049 -144.459
      vertex 37.2 39.049 -144.459
      vertex 37.2 39.2234 -144.19
    endloop
  endfacet
  facet normal 0 -0.881964 -0.471316
    outer loop
      vertex 34 39.3178 -144.962
      vertex 37.2 39.049 -144.459
      vertex 34 39.049 -144.459
    endloop
  endfacet
  facet normal 0 -0.881964 -0.471316
    outer loop
      vertex 34 39.3178 -144.962
      vertex 37.2 39.3178 -144.962
      vertex 37.2 39.049 -144.459
    endloop
  endfacet
  facet normal 0 -0.0125068 -0.999922
    outer loop
      vertex 34 39.6376 -144.966
      vertex 37.2 39.3178 -144.962
      vertex 34 39.3178 -144.962
    endloop
  endfacet
  facet normal 0 -0.0125068 -0.999922
    outer loop
      vertex 34 39.6376 -144.966
      vertex 37.2 39.6376 -144.966
      vertex 37.2 39.3178 -144.962
    endloop
  endfacet
  facet normal 0 0.0524121 -0.998626
    outer loop
      vertex 34 39.9234 -144.951
      vertex 37.2 39.6376 -144.966
      vertex 34 39.6376 -144.966
    endloop
  endfacet
  facet normal 0 0.0524121 -0.998626
    outer loop
      vertex 34 39.9234 -144.951
      vertex 37.2 39.9234 -144.951
      vertex 37.2 39.6376 -144.966
    endloop
  endfacet
  facet normal 0 0.110953 -0.993826
    outer loop
      vertex 34 40.1742 -144.923
      vertex 37.2 39.9234 -144.951
      vertex 34 39.9234 -144.951
    endloop
  endfacet
  facet normal 0 0.110953 -0.993826
    outer loop
      vertex 34 40.1742 -144.923
      vertex 37.2 40.1742 -144.923
      vertex 37.2 39.9234 -144.951
    endloop
  endfacet
  facet normal 0 0.178162 -0.984001
    outer loop
      vertex 34 40.3896 -144.884
      vertex 37.2 40.1742 -144.923
      vertex 34 40.1742 -144.923
    endloop
  endfacet
  facet normal 0 0.178162 -0.984001
    outer loop
      vertex 34 40.3896 -144.884
      vertex 37.2 40.3896 -144.884
      vertex 37.2 40.1742 -144.923
    endloop
  endfacet
  facet normal 0 0.232473 -0.972603
    outer loop
      vertex 34 40.5695 -144.841
      vertex 37.2 40.3896 -144.884
      vertex 34 40.3896 -144.884
    endloop
  endfacet
  facet normal 0 0.232473 -0.972603
    outer loop
      vertex 34 40.5695 -144.841
      vertex 37.2 40.5695 -144.841
      vertex 37.2 40.3896 -144.884
    endloop
  endfacet
  facet normal 0 0.303149 -0.952943
    outer loop
      vertex 34 40.7141 -144.795
      vertex 37.2 40.5695 -144.841
      vertex 34 40.5695 -144.841
    endloop
  endfacet
  facet normal 0 0.303149 -0.952943
    outer loop
      vertex 34 40.7141 -144.795
      vertex 37.2 40.7141 -144.795
      vertex 37.2 40.5695 -144.841
    endloop
  endfacet
  facet normal 0 0.356419 -0.934326
    outer loop
      vertex 34 40.8242 -144.753
      vertex 37.2 40.7141 -144.795
      vertex 34 40.7141 -144.795
    endloop
  endfacet
  facet normal 0 0.356419 -0.934326
    outer loop
      vertex 34 40.8242 -144.753
      vertex 37.2 40.8242 -144.753
      vertex 37.2 40.7141 -144.795
    endloop
  endfacet
  facet normal 0 0.405696 -0.914008
    outer loop
      vertex 34 40.9008 -144.719
      vertex 37.2 40.8242 -144.753
      vertex 34 40.8242 -144.753
    endloop
  endfacet
  facet normal 0 0.405696 -0.914008
    outer loop
      vertex 34 40.9008 -144.719
      vertex 37.2 40.9008 -144.719
      vertex 37.2 40.8242 -144.753
    endloop
  endfacet
  facet normal 0 0.473864 -0.880598
    outer loop
      vertex 34 40.9454 -144.695
      vertex 37.2 40.9008 -144.719
      vertex 34 40.9008 -144.719
    endloop
  endfacet
  facet normal 0 0.473864 -0.880598
    outer loop
      vertex 34 40.9454 -144.695
      vertex 37.2 40.9454 -144.695
      vertex 37.2 40.9008 -144.719
    endloop
  endfacet
  facet normal 0 0.529999 -0.847998
    outer loop
      vertex 34 40.9598 -144.686
      vertex 37.2 40.9454 -144.695
      vertex 34 40.9454 -144.695
    endloop
  endfacet
  facet normal 0 0.529999 -0.847998
    outer loop
      vertex 34 40.9598 -144.686
      vertex 37.2 40.9598 -144.686
      vertex 37.2 40.9454 -144.695
    endloop
  endfacet
  facet normal 0 0.221933 -0.975062
    outer loop
      vertex 34 41.7023 -144.517
      vertex 37.2 40.9598 -144.686
      vertex 34 40.9598 -144.686
    endloop
  endfacet
  facet normal 0 0.221933 -0.975062
    outer loop
      vertex 34 41.7023 -144.517
      vertex 37.2 41.7023 -144.517
      vertex 37.2 40.9598 -144.686
    endloop
  endfacet
  facet normal 0 0.889933 0.456091
    outer loop
      vertex 34 41.6941 -144.501
      vertex 37.2 41.7023 -144.517
      vertex 34 41.7023 -144.517
    endloop
  endfacet
  facet normal -0 0.889933 0.456091
    outer loop
      vertex 34 41.6941 -144.501
      vertex 37.2 41.6941 -144.501
      vertex 37.2 41.7023 -144.517
    endloop
  endfacet
  facet normal 0 -0.804496 -0.593958
    outer loop
      vertex 34 41.9023 -144.783
      vertex 37.2 41.6941 -144.501
      vertex 34 41.6941 -144.501
    endloop
  endfacet
  facet normal 0 -0.804496 -0.593958
    outer loop
      vertex 34 41.9023 -144.783
      vertex 37.2 41.9023 -144.783
      vertex 37.2 41.6941 -144.501
    endloop
  endfacet
  facet normal 0 -0.769201 -0.639007
    outer loop
      vertex 34 42.1266 -145.053
      vertex 37.2 41.9023 -144.783
      vertex 34 41.9023 -144.783
    endloop
  endfacet
  facet normal 0 -0.769201 -0.639007
    outer loop
      vertex 34 42.1266 -145.053
      vertex 37.2 42.1266 -145.053
      vertex 37.2 41.9023 -144.783
    endloop
  endfacet
  facet normal 0 0.67828 0.734803
    outer loop
      vertex 34 42.1136 -145.041
      vertex 37.2 42.1266 -145.053
      vertex 34 42.1266 -145.053
    endloop
  endfacet
  facet normal -0 0.67828 0.734803
    outer loop
      vertex 34 42.1136 -145.041
      vertex 37.2 42.1136 -145.041
      vertex 37.2 42.1266 -145.053
    endloop
  endfacet
  facet normal 0 -0.894059 0.447949
    outer loop
      vertex 34 41.7724 -145.722
      vertex 37.2 42.1136 -145.041
      vertex 34 42.1136 -145.041
    endloop
  endfacet
  facet normal 0 -0.894059 0.447949
    outer loop
      vertex 34 41.7724 -145.722
      vertex 37.2 41.7724 -145.722
      vertex 37.2 42.1136 -145.041
    endloop
  endfacet
  facet normal 0 -0.710059 0.704142
    outer loop
      vertex 34 41.7605 -145.734
      vertex 37.2 41.7724 -145.722
      vertex 34 41.7724 -145.722
    endloop
  endfacet
  facet normal 0 -0.710059 0.704142
    outer loop
      vertex 34 41.7605 -145.734
      vertex 37.2 41.7605 -145.734
      vertex 37.2 41.7724 -145.722
    endloop
  endfacet
  facet normal 0 -0.748169 0.663508
    outer loop
      vertex 34 41.7268 -145.772
      vertex 37.2 41.7605 -145.734
      vertex 34 41.7605 -145.734
    endloop
  endfacet
  facet normal 0 -0.748169 0.663508
    outer loop
      vertex 34 41.7268 -145.772
      vertex 37.2 41.7268 -145.772
      vertex 37.2 41.7605 -145.734
    endloop
  endfacet
  facet normal 0 -0.784913 0.619606
    outer loop
      vertex 34 41.6747 -145.838
      vertex 37.2 41.7268 -145.772
      vertex 34 41.7268 -145.772
    endloop
  endfacet
  facet normal 0 -0.784913 0.619606
    outer loop
      vertex 34 41.6747 -145.838
      vertex 37.2 41.6747 -145.838
      vertex 37.2 41.7268 -145.772
    endloop
  endfacet
  facet normal 0 -0.822802 0.568327
    outer loop
      vertex 34 41.6077 -145.935
      vertex 37.2 41.6747 -145.838
      vertex 34 41.6747 -145.838
    endloop
  endfacet
  facet normal 0 -0.822802 0.568327
    outer loop
      vertex 34 41.6077 -145.935
      vertex 37.2 41.6077 -145.935
      vertex 37.2 41.6747 -145.838
    endloop
  endfacet
  facet normal 0 -0.854851 0.518874
    outer loop
      vertex 34 41.5294 -146.064
      vertex 37.2 41.6077 -145.935
      vertex 34 41.6077 -145.935
    endloop
  endfacet
  facet normal 0 -0.854851 0.518874
    outer loop
      vertex 34 41.5294 -146.064
      vertex 37.2 41.5294 -146.064
      vertex 37.2 41.6077 -145.935
    endloop
  endfacet
  facet normal 0 -0.886951 0.461864
    outer loop
      vertex 34 41.444 -146.228
      vertex 37.2 41.5294 -146.064
      vertex 34 41.5294 -146.064
    endloop
  endfacet
  facet normal 0 -0.886951 0.461864
    outer loop
      vertex 34 41.444 -146.228
      vertex 37.2 41.444 -146.228
      vertex 37.2 41.5294 -146.064
    endloop
  endfacet
  facet normal 0 -0.915046 0.403349
    outer loop
      vertex 34 41.3554 -146.429
      vertex 37.2 41.444 -146.228
      vertex 34 41.444 -146.228
    endloop
  endfacet
  facet normal 0 -0.915046 0.403349
    outer loop
      vertex 34 41.3554 -146.429
      vertex 37.2 41.3554 -146.429
      vertex 37.2 41.444 -146.228
    endloop
  endfacet
  facet normal 0 -0.937629 0.347638
    outer loop
      vertex 34 41.2679 -146.665
      vertex 37.2 41.3554 -146.429
      vertex 34 41.3554 -146.429
    endloop
  endfacet
  facet normal 0 -0.937629 0.347638
    outer loop
      vertex 34 41.2679 -146.665
      vertex 37.2 41.2679 -146.665
      vertex 37.2 41.3554 -146.429
    endloop
  endfacet
  facet normal 0 -0.958305 0.285749
    outer loop
      vertex 34 41.1859 -146.94
      vertex 37.2 41.2679 -146.665
      vertex 34 41.2679 -146.665
    endloop
  endfacet
  facet normal 0 -0.958305 0.285749
    outer loop
      vertex 34 41.1859 -146.94
      vertex 37.2 41.1859 -146.94
      vertex 37.2 41.2679 -146.665
    endloop
  endfacet
  facet normal 0 -0.974095 0.22614
    outer loop
      vertex 34 41.1137 -147.251
      vertex 37.2 41.1859 -146.94
      vertex 34 41.1859 -146.94
    endloop
  endfacet
  facet normal 0 -0.974095 0.22614
    outer loop
      vertex 34 41.1137 -147.251
      vertex 37.2 41.1137 -147.251
      vertex 37.2 41.1859 -146.94
    endloop
  endfacet
  facet normal 0 -0.667773 -0.744365
    outer loop
      vertex 34 41.5384 -147.632
      vertex 37.2 41.1137 -147.251
      vertex 34 41.1137 -147.251
    endloop
  endfacet
  facet normal 0 -0.667773 -0.744365
    outer loop
      vertex 34 41.5384 -147.632
      vertex 37.2 41.5384 -147.632
      vertex 37.2 41.1137 -147.251
    endloop
  endfacet
  facet normal 0 0.331283 -0.943531
    outer loop
      vertex 34 41.8403 -147.526
      vertex 37.2 41.5384 -147.632
      vertex 34 41.5384 -147.632
    endloop
  endfacet
  facet normal 0 0.331283 -0.943531
    outer loop
      vertex 34 41.8403 -147.526
      vertex 37.2 41.8403 -147.526
      vertex 37.2 41.5384 -147.632
    endloop
  endfacet
  facet normal 0 0.388088 -0.921622
    outer loop
      vertex 34 42.1039 -147.415
      vertex 37.2 41.8403 -147.526
      vertex 34 41.8403 -147.526
    endloop
  endfacet
  facet normal 0 0.388088 -0.921622
    outer loop
      vertex 34 42.1039 -147.415
      vertex 37.2 42.1039 -147.415
      vertex 37.2 41.8403 -147.526
    endloop
  endfacet
  facet normal 0 0.444039 -0.896007
    outer loop
      vertex 34 42.3299 -147.303
      vertex 37.2 42.1039 -147.415
      vertex 34 42.1039 -147.415
    endloop
  endfacet
  facet normal 0 0.444039 -0.896007
    outer loop
      vertex 34 42.3299 -147.303
      vertex 37.2 42.3299 -147.303
      vertex 37.2 42.1039 -147.415
    endloop
  endfacet
  facet normal 0 0.502422 -0.864623
    outer loop
      vertex 34 42.5192 -147.193
      vertex 37.2 42.3299 -147.303
      vertex 34 42.3299 -147.303
    endloop
  endfacet
  facet normal 0 0.502422 -0.864623
    outer loop
      vertex 34 42.5192 -147.193
      vertex 37.2 42.5192 -147.193
      vertex 37.2 42.3299 -147.303
    endloop
  endfacet
  facet normal 0 0.555945 -0.831219
    outer loop
      vertex 34 42.6732 -147.09
      vertex 37.2 42.5192 -147.193
      vertex 34 42.5192 -147.193
    endloop
  endfacet
  facet normal 0 0.555945 -0.831219
    outer loop
      vertex 34 42.6732 -147.09
      vertex 37.2 42.6732 -147.09
      vertex 37.2 42.5192 -147.193
    endloop
  endfacet
  facet normal 0 0.606838 -0.794826
    outer loop
      vertex 34 42.7937 -146.998
      vertex 37.2 42.6732 -147.09
      vertex 34 42.6732 -147.09
    endloop
  endfacet
  facet normal 0 0.606838 -0.794826
    outer loop
      vertex 34 42.7937 -146.998
      vertex 37.2 42.7937 -146.998
      vertex 37.2 42.6732 -147.09
    endloop
  endfacet
  facet normal 0 0.654283 -0.75625
    outer loop
      vertex 34 42.8827 -146.921
      vertex 37.2 42.7937 -146.998
      vertex 34 42.7937 -146.998
    endloop
  endfacet
  facet normal 0 0.654283 -0.75625
    outer loop
      vertex 34 42.8827 -146.921
      vertex 37.2 42.8827 -146.921
      vertex 37.2 42.7937 -146.998
    endloop
  endfacet
  facet normal 0 0.70114 -0.713024
    outer loop
      vertex 34 42.9427 -146.862
      vertex 37.2 42.8827 -146.921
      vertex 34 42.8827 -146.921
    endloop
  endfacet
  facet normal 0 0.70114 -0.713024
    outer loop
      vertex 34 42.9427 -146.862
      vertex 37.2 42.9427 -146.862
      vertex 37.2 42.8827 -146.921
    endloop
  endfacet
  facet normal 0 0.738313 -0.674459
    outer loop
      vertex 34 42.9765 -146.825
      vertex 37.2 42.9427 -146.862
      vertex 34 42.9427 -146.862
    endloop
  endfacet
  facet normal 0 0.738313 -0.674459
    outer loop
      vertex 34 42.9765 -146.825
      vertex 37.2 42.9765 -146.825
      vertex 37.2 42.9427 -146.862
    endloop
  endfacet
  facet normal 0 0.797258 -0.603638
    outer loop
      vertex 34 42.9871 -146.811
      vertex 37.2 42.9765 -146.825
      vertex 34 42.9765 -146.825
    endloop
  endfacet
  facet normal 0 0.797258 -0.603638
    outer loop
      vertex 34 42.9871 -146.811
      vertex 37.2 42.9871 -146.811
      vertex 37.2 42.9765 -146.825
    endloop
  endfacet
  facet normal 0 0.542336 -0.840162
    outer loop
      vertex 34 43.6269 -146.398
      vertex 37.2 42.9871 -146.811
      vertex 34 42.9871 -146.811
    endloop
  endfacet
  facet normal 0 0.542336 -0.840162
    outer loop
      vertex 34 43.6269 -146.398
      vertex 37.2 43.6269 -146.398
      vertex 37.2 42.9871 -146.811
    endloop
  endfacet
  facet normal 0 0.648846 0.76092
    outer loop
      vertex 34 43.614 -146.387
      vertex 37.2 43.6269 -146.398
      vertex 34 43.6269 -146.398
    endloop
  endfacet
  facet normal -0 0.648846 0.76092
    outer loop
      vertex 34 43.614 -146.387
      vertex 37.2 43.614 -146.387
      vertex 37.2 43.6269 -146.398
    endloop
  endfacet
  facet normal 0 -0.551268 -0.834328
    outer loop
      vertex 34 43.9061 -146.58
      vertex 37.2 43.614 -146.387
      vertex 34 43.614 -146.387
    endloop
  endfacet
  facet normal 0 -0.551268 -0.834328
    outer loop
      vertex 34 43.9061 -146.58
      vertex 37.2 43.9061 -146.58
      vertex 37.2 43.614 -146.387
    endloop
  endfacet
  facet normal 0 -0.504527 -0.863396
    outer loop
      vertex 34 44.209 -146.757
      vertex 37.2 43.9061 -146.58
      vertex 34 43.9061 -146.58
    endloop
  endfacet
  facet normal 0 -0.504527 -0.863396
    outer loop
      vertex 34 44.209 -146.757
      vertex 37.2 44.209 -146.757
      vertex 37.2 43.9061 -146.58
    endloop
  endfacet
  facet normal 0 0.396653 0.917969
    outer loop
      vertex 34 44.1928 -146.75
      vertex 37.2 44.209 -146.757
      vertex 34 44.209 -146.757
    endloop
  endfacet
  facet normal -0 0.396653 0.917969
    outer loop
      vertex 34 44.1928 -146.75
      vertex 37.2 44.1928 -146.75
      vertex 37.2 44.209 -146.757
    endloop
  endfacet
  facet normal 0 -0.993341 0.115212
    outer loop
      vertex 34 44.105 -147.507
      vertex 37.2 44.1928 -146.75
      vertex 34 44.1928 -146.75
    endloop
  endfacet
  facet normal 0 -0.993341 0.115212
    outer loop
      vertex 34 44.105 -147.507
      vertex 37.2 44.105 -147.507
      vertex 37.2 44.1928 -146.75
    endloop
  endfacet
  facet normal 0 -0.90386 0.427827
    outer loop
      vertex 34 44.0979 -147.522
      vertex 37.2 44.105 -147.507
      vertex 34 44.105 -147.507
    endloop
  endfacet
  facet normal 0 -0.90386 0.427827
    outer loop
      vertex 34 44.0979 -147.522
      vertex 37.2 44.0979 -147.522
      vertex 37.2 44.105 -147.507
    endloop
  endfacet
  facet normal 0 -0.928477 0.371391
    outer loop
      vertex 34 44.0791 -147.569
      vertex 37.2 44.0979 -147.522
      vertex 34 44.0979 -147.522
    endloop
  endfacet
  facet normal 0 -0.928477 0.371391
    outer loop
      vertex 34 44.0791 -147.569
      vertex 37.2 44.0791 -147.569
      vertex 37.2 44.0979 -147.522
    endloop
  endfacet
  facet normal 0 -0.949629 0.313377
    outer loop
      vertex 34 44.0527 -147.649
      vertex 37.2 44.0791 -147.569
      vertex 34 44.0791 -147.569
    endloop
  endfacet
  facet normal 0 -0.949629 0.313377
    outer loop
      vertex 34 44.0527 -147.649
      vertex 37.2 44.0527 -147.649
      vertex 37.2 44.0791 -147.569
    endloop
  endfacet
  facet normal 0 -0.967491 0.252906
    outer loop
      vertex 34 44.0229 -147.763
      vertex 37.2 44.0527 -147.649
      vertex 34 44.0527 -147.649
    endloop
  endfacet
  facet normal 0 -0.967491 0.252906
    outer loop
      vertex 34 44.0229 -147.763
      vertex 37.2 44.0229 -147.763
      vertex 37.2 44.0527 -147.649
    endloop
  endfacet
  facet normal 0 -0.981333 0.192315
    outer loop
      vertex 34 43.9937 -147.912
      vertex 37.2 44.0229 -147.763
      vertex 34 44.0229 -147.763
    endloop
  endfacet
  facet normal 0 -0.981333 0.192315
    outer loop
      vertex 34 43.9937 -147.912
      vertex 37.2 43.9937 -147.912
      vertex 37.2 44.0229 -147.763
    endloop
  endfacet
  facet normal 0 -0.99144 0.130567
    outer loop
      vertex 34 43.9696 -148.095
      vertex 37.2 43.9937 -147.912
      vertex 34 43.9937 -147.912
    endloop
  endfacet
  facet normal 0 -0.99144 0.130567
    outer loop
      vertex 34 43.9696 -148.095
      vertex 37.2 43.9696 -148.095
      vertex 37.2 43.9937 -147.912
    endloop
  endfacet
  facet normal 0 -0.997703 0.067734
    outer loop
      vertex 34 43.9548 -148.313
      vertex 37.2 43.9696 -148.095
      vertex 34 43.9696 -148.095
    endloop
  endfacet
  facet normal 0 -0.997703 0.067734
    outer loop
      vertex 34 43.9548 -148.313
      vertex 37.2 43.9548 -148.313
      vertex 37.2 43.9696 -148.095
    endloop
  endfacet
  facet normal 0 -0.999989 0.00474303
    outer loop
      vertex 34 43.9536 -148.566
      vertex 37.2 43.9548 -148.313
      vertex 34 43.9548 -148.313
    endloop
  endfacet
  facet normal 0 -0.999989 0.00474303
    outer loop
      vertex 34 43.9536 -148.566
      vertex 37.2 43.9536 -148.566
      vertex 37.2 43.9548 -148.313
    endloop
  endfacet
  facet normal 0 -0.9983 -0.0582923
    outer loop
      vertex 34 43.9703 -148.852
      vertex 37.2 43.9536 -148.566
      vertex 34 43.9536 -148.566
    endloop
  endfacet
  facet normal 0 -0.9983 -0.0582923
    outer loop
      vertex 34 43.9703 -148.852
      vertex 37.2 43.9703 -148.852
      vertex 37.2 43.9536 -148.566
    endloop
  endfacet
  facet normal 0 -0.99263 -0.121182
    outer loop
      vertex 34 44.009 -149.169
      vertex 37.2 43.9703 -148.852
      vertex 34 43.9703 -148.852
    endloop
  endfacet
  facet normal 0 -0.99263 -0.121182
    outer loop
      vertex 34 44.009 -149.169
      vertex 37.2 44.009 -149.169
      vertex 37.2 43.9703 -148.852
    endloop
  endfacet
  facet normal 0 -0.373263 -0.927725
    outer loop
      vertex 34 44.5384 -149.382
      vertex 37.2 44.009 -149.169
      vertex 34 44.009 -149.169
    endloop
  endfacet
  facet normal 0 -0.373263 -0.927725
    outer loop
      vertex 34 44.5384 -149.382
      vertex 37.2 44.5384 -149.382
      vertex 37.2 44.009 -149.169
    endloop
  endfacet
  facet normal 0 0.63402 -0.773317
    outer loop
      vertex 34 44.786 -149.179
      vertex 37.2 44.5384 -149.382
      vertex 34 44.5384 -149.382
    endloop
  endfacet
  facet normal 0 0.63402 -0.773317
    outer loop
      vertex 34 44.786 -149.179
      vertex 37.2 44.786 -149.179
      vertex 37.2 44.5384 -149.382
    endloop
  endfacet
  facet normal 0 0.679268 -0.73389
    outer loop
      vertex 34 44.9956 -148.985
      vertex 37.2 44.786 -149.179
      vertex 34 44.786 -149.179
    endloop
  endfacet
  facet normal 0 0.679268 -0.73389
    outer loop
      vertex 34 44.9956 -148.985
      vertex 37.2 44.9956 -148.985
      vertex 37.2 44.786 -149.179
    endloop
  endfacet
  facet normal 0 0.726969 -0.68667
    outer loop
      vertex 34 45.1694 -148.801
      vertex 37.2 44.9956 -148.985
      vertex 34 44.9956 -148.985
    endloop
  endfacet
  facet normal 0 0.726969 -0.68667
    outer loop
      vertex 34 45.1694 -148.801
      vertex 37.2 45.1694 -148.801
      vertex 37.2 44.9956 -148.985
    endloop
  endfacet
  facet normal 0 0.765434 -0.643515
    outer loop
      vertex 34 45.3098 -148.634
      vertex 37.2 45.1694 -148.801
      vertex 34 45.1694 -148.801
    endloop
  endfacet
  facet normal 0 0.765434 -0.643515
    outer loop
      vertex 34 45.3098 -148.634
      vertex 37.2 45.3098 -148.634
      vertex 37.2 45.1694 -148.801
    endloop
  endfacet
  facet normal 0 0.807431 -0.589963
    outer loop
      vertex 34 45.4194 -148.484
      vertex 37.2 45.3098 -148.634
      vertex 34 45.3098 -148.634
    endloop
  endfacet
  facet normal 0 0.807431 -0.589963
    outer loop
      vertex 34 45.4194 -148.484
      vertex 37.2 45.4194 -148.484
      vertex 37.2 45.3098 -148.634
    endloop
  endfacet
  facet normal 0 0.840705 -0.541493
    outer loop
      vertex 34 45.5012 -148.357
      vertex 37.2 45.4194 -148.484
      vertex 34 45.4194 -148.484
    endloop
  endfacet
  facet normal 0 0.840705 -0.541493
    outer loop
      vertex 34 45.5012 -148.357
      vertex 37.2 45.5012 -148.357
      vertex 37.2 45.4194 -148.484
    endloop
  endfacet
  facet normal 0 0.873877 -0.486147
    outer loop
      vertex 34 45.5585 -148.254
      vertex 37.2 45.5012 -148.357
      vertex 34 45.5012 -148.357
    endloop
  endfacet
  facet normal 0 0.873877 -0.486147
    outer loop
      vertex 34 45.5585 -148.254
      vertex 37.2 45.5585 -148.254
      vertex 37.2 45.5012 -148.357
    endloop
  endfacet
  facet normal 0 0.902817 -0.430026
    outer loop
      vertex 34 45.5947 -148.178
      vertex 37.2 45.5585 -148.254
      vertex 34 45.5585 -148.254
    endloop
  endfacet
  facet normal 0 0.902817 -0.430026
    outer loop
      vertex 34 45.5947 -148.178
      vertex 37.2 45.5947 -148.178
      vertex 37.2 45.5585 -148.254
    endloop
  endfacet
  facet normal 0 0.927794 -0.373092
    outer loop
      vertex 34 45.6136 -148.131
      vertex 37.2 45.5947 -148.178
      vertex 34 45.5947 -148.178
    endloop
  endfacet
  facet normal 0 0.927794 -0.373092
    outer loop
      vertex 34 45.6136 -148.131
      vertex 37.2 45.6136 -148.131
      vertex 37.2 45.5947 -148.178
    endloop
  endfacet
  facet normal 0 0.947492 -0.319779
    outer loop
      vertex 34 45.619 -148.115
      vertex 37.2 45.6136 -148.131
      vertex 34 45.6136 -148.131
    endloop
  endfacet
  facet normal 0 0.947492 -0.319779
    outer loop
      vertex 34 45.619 -148.115
      vertex 37.2 45.619 -148.115
      vertex 37.2 45.6136 -148.131
    endloop
  endfacet
  facet normal 0 0.796996 -0.603984
    outer loop
      vertex 34 46.079 -147.508
      vertex 37.2 45.619 -148.115
      vertex 34 45.619 -148.115
    endloop
  endfacet
  facet normal 0 0.796996 -0.603984
    outer loop
      vertex 34 46.079 -147.508
      vertex 37.2 46.079 -147.508
      vertex 37.2 45.619 -148.115
    endloop
  endfacet
  facet normal 0 0.347314 0.937749
    outer loop
      vertex 34 46.0628 -147.502
      vertex 37.2 46.079 -147.508
      vertex 34 46.079 -147.508
    endloop
  endfacet
  facet normal -0 0.347314 0.937749
    outer loop
      vertex 34 46.0628 -147.502
      vertex 37.2 46.0628 -147.502
      vertex 37.2 46.079 -147.508
    endloop
  endfacet
  facet normal 0 -0.233934 -0.972252
    outer loop
      vertex 34 46.4036 -147.584
      vertex 37.2 46.0628 -147.502
      vertex 34 46.0628 -147.502
    endloop
  endfacet
  facet normal 0 -0.233934 -0.972252
    outer loop
      vertex 34 46.4036 -147.584
      vertex 37.2 46.4036 -147.584
      vertex 37.2 46.0628 -147.502
    endloop
  endfacet
  facet normal 0 -0.176926 -0.984224
    outer loop
      vertex 34 46.7485 -147.646
      vertex 37.2 46.4036 -147.584
      vertex 34 46.4036 -147.584
    endloop
  endfacet
  facet normal 0 -0.176926 -0.984224
    outer loop
      vertex 34 46.7485 -147.646
      vertex 37.2 46.7485 -147.646
      vertex 37.2 46.4036 -147.584
    endloop
  endfacet
  facet normal 0 0.0577071 0.998334
    outer loop
      vertex 34 46.7312 -147.645
      vertex 37.2 46.7485 -147.646
      vertex 34 46.7485 -147.646
    endloop
  endfacet
  facet normal -0 0.0577071 0.998334
    outer loop
      vertex 34 46.7312 -147.645
      vertex 37.2 46.7312 -147.645
      vertex 37.2 46.7485 -147.646
    endloop
  endfacet
  facet normal 0 -0.972874 -0.231337
    outer loop
      vertex 34 46.9074 -148.386
      vertex 37.2 46.7312 -147.645
      vertex 34 46.7312 -147.645
    endloop
  endfacet
  facet normal 0 -0.972874 -0.231337
    outer loop
      vertex 34 46.9074 -148.386
      vertex 37.2 46.9074 -148.386
      vertex 37.2 46.7312 -147.645
    endloop
  endfacet
  facet normal 0 -0.99613 0.0878938
    outer loop
      vertex 34 46.9059 -148.403
      vertex 37.2 46.9074 -148.386
      vertex 34 46.9074 -148.386
    endloop
  endfacet
  facet normal 0 -0.99613 0.0878938
    outer loop
      vertex 34 46.9059 -148.403
      vertex 37.2 46.9059 -148.403
      vertex 37.2 46.9074 -148.386
    endloop
  endfacet
  facet normal 0 -0.999508 0.0313571
    outer loop
      vertex 34 46.9043 -148.454
      vertex 37.2 46.9059 -148.403
      vertex 34 46.9059 -148.403
    endloop
  endfacet
  facet normal 0 -0.999508 0.0313571
    outer loop
      vertex 34 46.9043 -148.454
      vertex 37.2 46.9043 -148.454
      vertex 37.2 46.9059 -148.403
    endloop
  endfacet
  facet normal 0 -0.999521 -0.0309376
    outer loop
      vertex 34 46.9069 -148.538
      vertex 37.2 46.9043 -148.454
      vertex 34 46.9043 -148.454
    endloop
  endfacet
  facet normal 0 -0.999521 -0.0309376
    outer loop
      vertex 34 46.9069 -148.538
      vertex 37.2 46.9069 -148.538
      vertex 37.2 46.9043 -148.454
    endloop
  endfacet
  facet normal 0 -0.995688 -0.0927607
    outer loop
      vertex 34 46.9178 -148.655
      vertex 37.2 46.9069 -148.538
      vertex 34 46.9069 -148.538
    endloop
  endfacet
  facet normal 0 -0.995688 -0.0927607
    outer loop
      vertex 34 46.9178 -148.655
      vertex 37.2 46.9178 -148.655
      vertex 37.2 46.9069 -148.538
    endloop
  endfacet
  facet normal 0 -0.987949 -0.154779
    outer loop
      vertex 34 46.9413 -148.805
      vertex 37.2 46.9178 -148.655
      vertex 34 46.9178 -148.655
    endloop
  endfacet
  facet normal 0 -0.987949 -0.154779
    outer loop
      vertex 34 46.9413 -148.805
      vertex 37.2 46.9413 -148.805
      vertex 37.2 46.9178 -148.655
    endloop
  endfacet
  facet normal 0 -0.976072 -0.217447
    outer loop
      vertex 34 46.9814 -148.985
      vertex 37.2 46.9413 -148.805
      vertex 34 46.9413 -148.805
    endloop
  endfacet
  facet normal 0 -0.976072 -0.217447
    outer loop
      vertex 34 46.9814 -148.985
      vertex 37.2 46.9814 -148.985
      vertex 37.2 46.9413 -148.805
    endloop
  endfacet
  facet normal 0 -0.960903 -0.276886
    outer loop
      vertex 34 47.0422 -149.196
      vertex 37.2 46.9814 -148.985
      vertex 34 46.9814 -148.985
    endloop
  endfacet
  facet normal 0 -0.960903 -0.276886
    outer loop
      vertex 34 47.0422 -149.196
      vertex 37.2 47.0422 -149.196
      vertex 37.2 46.9814 -148.985
    endloop
  endfacet
  facet normal 0 -0.941039 -0.338298
    outer loop
      vertex 34 47.1274 -149.433
      vertex 37.2 47.0422 -149.196
      vertex 34 47.0422 -149.196
    endloop
  endfacet
  facet normal 0 -0.941039 -0.338298
    outer loop
      vertex 34 47.1274 -149.433
      vertex 37.2 47.1274 -149.433
      vertex 37.2 47.0422 -149.196
    endloop
  endfacet
  facet normal 0 -0.918276 -0.395941
    outer loop
      vertex 34 47.2408 -149.696
      vertex 37.2 47.1274 -149.433
      vertex 34 47.1274 -149.433
    endloop
  endfacet
  facet normal 0 -0.918276 -0.395941
    outer loop
      vertex 34 47.2408 -149.696
      vertex 37.2 47.2408 -149.696
      vertex 37.2 47.1274 -149.433
    endloop
  endfacet
  facet normal 0 -0.891404 -0.453209
    outer loop
      vertex 34 47.3857 -149.981
      vertex 37.2 47.2408 -149.696
      vertex 34 47.2408 -149.696
    endloop
  endfacet
  facet normal 0 -0.891404 -0.453209
    outer loop
      vertex 34 47.3857 -149.981
      vertex 37.2 47.3857 -149.981
      vertex 37.2 47.2408 -149.696
    endloop
  endfacet
  facet normal 0 -0.0333032 -0.999445
    outer loop
      vertex 34 47.9559 -150
      vertex 37.2 47.3857 -149.981
      vertex 34 47.3857 -149.981
    endloop
  endfacet
  facet normal 0 -0.0333032 -0.999445
    outer loop
      vertex 34 47.9559 -150
      vertex 37.2 47.9559 -150
      vertex 37.2 47.3857 -149.981
    endloop
  endfacet
  facet normal 0 0.859692 -0.510813
    outer loop
      vertex 34 48.1193 -149.725
      vertex 37.2 47.9559 -150
      vertex 34 47.9559 -150
    endloop
  endfacet
  facet normal 0 0.859692 -0.510813
    outer loop
      vertex 34 48.1193 -149.725
      vertex 37.2 48.1193 -149.725
      vertex 37.2 47.9559 -150
    endloop
  endfacet
  facet normal 0 0.89034 -0.455296
    outer loop
      vertex 34 48.2497 -149.47
      vertex 37.2 48.1193 -149.725
      vertex 34 48.1193 -149.725
    endloop
  endfacet
  facet normal 0 0.89034 -0.455296
    outer loop
      vertex 34 48.2497 -149.47
      vertex 37.2 48.2497 -149.47
      vertex 37.2 48.1193 -149.725
    endloop
  endfacet
  facet normal 0 0.916685 -0.399611
    outer loop
      vertex 34 48.3504 -149.239
      vertex 37.2 48.2497 -149.47
      vertex 34 48.2497 -149.47
    endloop
  endfacet
  facet normal 0 0.916685 -0.399611
    outer loop
      vertex 34 48.3504 -149.239
      vertex 37.2 48.3504 -149.239
      vertex 37.2 48.2497 -149.47
    endloop
  endfacet
  facet normal 0 0.940392 -0.340093
    outer loop
      vertex 34 48.4249 -149.033
      vertex 37.2 48.3504 -149.239
      vertex 34 48.3504 -149.239
    endloop
  endfacet
  facet normal 0 0.940392 -0.340093
    outer loop
      vertex 34 48.4249 -149.033
      vertex 37.2 48.4249 -149.033
      vertex 37.2 48.3504 -149.239
    endloop
  endfacet
  facet normal 0 0.960024 -0.279917
    outer loop
      vertex 34 48.4768 -148.855
      vertex 37.2 48.4249 -149.033
      vertex 34 48.4249 -149.033
    endloop
  endfacet
  facet normal 0 0.960024 -0.279917
    outer loop
      vertex 34 48.4768 -148.855
      vertex 37.2 48.4768 -148.855
      vertex 37.2 48.4249 -149.033
    endloop
  endfacet
  facet normal 0 0.97561 -0.219512
    outer loop
      vertex 34 48.5101 -148.707
      vertex 37.2 48.4768 -148.855
      vertex 34 48.4768 -148.855
    endloop
  endfacet
  facet normal 0 0.97561 -0.219512
    outer loop
      vertex 34 48.5101 -148.707
      vertex 37.2 48.5101 -148.707
      vertex 37.2 48.4768 -148.855
    endloop
  endfacet
  facet normal 0 0.987387 -0.158322
    outer loop
      vertex 34 48.5287 -148.591
      vertex 37.2 48.5101 -148.707
      vertex 34 48.5101 -148.707
    endloop
  endfacet
  facet normal 0 0.987387 -0.158322
    outer loop
      vertex 34 48.5287 -148.591
      vertex 37.2 48.5287 -148.591
      vertex 37.2 48.5101 -148.707
    endloop
  endfacet
  facet normal 0 0.995383 -0.0959834
    outer loop
      vertex 34 48.5368 -148.507
      vertex 37.2 48.5287 -148.591
      vertex 34 48.5287 -148.591
    endloop
  endfacet
  facet normal 0 0.995383 -0.0959834
    outer loop
      vertex 34 48.5368 -148.507
      vertex 37.2 48.5368 -148.507
      vertex 37.2 48.5287 -148.591
    endloop
  endfacet
  facet normal 0 0.999423 -0.0339804
    outer loop
      vertex 34 48.5385 -148.457
      vertex 37.2 48.5368 -148.507
      vertex 34 48.5368 -148.507
    endloop
  endfacet
  facet normal 0 0.999423 -0.0339804
    outer loop
      vertex 34 48.5385 -148.457
      vertex 37.2 48.5385 -148.457
      vertex 37.2 48.5368 -148.507
    endloop
  endfacet
  facet normal 0 0.999844 0.0176443
    outer loop
      vertex 34 48.5382 -148.44
      vertex 37.2 48.5385 -148.457
      vertex 34 48.5385 -148.457
    endloop
  endfacet
  facet normal -0 0.999844 0.0176443
    outer loop
      vertex 34 48.5382 -148.44
      vertex 37.2 48.5382 -148.44
      vertex 37.2 48.5385 -148.457
    endloop
  endfacet
  facet normal 0 0.955557 -0.294805
    outer loop
      vertex 34 48.7628 -147.712
      vertex 37.2 48.5382 -148.44
      vertex 34 48.5382 -148.44
    endloop
  endfacet
  facet normal 0 0.955557 -0.294805
    outer loop
      vertex 34 48.7628 -147.712
      vertex 37.2 48.7628 -147.712
      vertex 37.2 48.5382 -148.44
    endloop
  endfacet
  facet normal 0 0 1
    outer loop
      vertex 34 48.7454 -147.712
      vertex 37.2 48.7628 -147.712
      vertex 34 48.7628 -147.712
    endloop
  endfacet
  facet normal 0 0 1
    outer loop
      vertex 34 48.7454 -147.712
      vertex 37.2 48.7454 -147.712
      vertex 37.2 48.7628 -147.712
    endloop
  endfacet
  facet normal 0 0.114094 -0.99347
    outer loop
      vertex 34 49.0937 -147.672
      vertex 37.2 48.7454 -147.712
      vertex 34 48.7454 -147.712
    endloop
  endfacet
  facet normal 0 0.114094 -0.99347
    outer loop
      vertex 34 49.0937 -147.672
      vertex 37.2 49.0937 -147.672
      vertex 37.2 48.7454 -147.712
    endloop
  endfacet
  facet normal 0 0.16833 -0.985731
    outer loop
      vertex 34 49.4392 -147.613
      vertex 37.2 49.0937 -147.672
      vertex 34 49.0937 -147.672
    endloop
  endfacet
  facet normal 0 0.16833 -0.985731
    outer loop
      vertex 34 49.4392 -147.613
      vertex 37.2 49.4392 -147.613
      vertex 37.2 49.0937 -147.672
    endloop
  endfacet
  facet normal 0 -0.288406 0.957508
    outer loop
      vertex 34 49.4226 -147.618
      vertex 37.2 49.4392 -147.613
      vertex 34 49.4392 -147.613
    endloop
  endfacet
  facet normal 0 -0.288406 0.957508
    outer loop
      vertex 34 49.4226 -147.618
      vertex 37.2 49.4226 -147.618
      vertex 37.2 49.4392 -147.613
    endloop
  endfacet
  facet normal 0 -0.835068 -0.550147
    outer loop
      vertex 34 49.8416 -148.254
      vertex 37.2 49.4226 -147.618
      vertex 34 49.4226 -147.618
    endloop
  endfacet
  facet normal 0 -0.835068 -0.550147
    outer loop
      vertex 34 49.8416 -148.254
      vertex 37.2 49.8416 -148.254
      vertex 37.2 49.4226 -147.618
    endloop
  endfacet
  facet normal 0 -0.969468 -0.245218
    outer loop
      vertex 34 49.8459 -148.271
      vertex 37.2 49.8416 -148.254
      vertex 34 49.8416 -148.254
    endloop
  endfacet
  facet normal 0 -0.969468 -0.245218
    outer loop
      vertex 34 49.8459 -148.271
      vertex 37.2 49.8459 -148.271
      vertex 37.2 49.8416 -148.254
    endloop
  endfacet
  facet normal 0 -0.949864 -0.312664
    outer loop
      vertex 34 49.8617 -148.319
      vertex 37.2 49.8459 -148.271
      vertex 34 49.8459 -148.271
    endloop
  endfacet
  facet normal 0 -0.949864 -0.312664
    outer loop
      vertex 34 49.8617 -148.319
      vertex 37.2 49.8617 -148.319
      vertex 37.2 49.8459 -148.271
    endloop
  endfacet
  facet normal 0 -0.928477 -0.371391
    outer loop
      vertex 34 49.8929 -148.397
      vertex 37.2 49.8617 -148.319
      vertex 34 49.8617 -148.319
    endloop
  endfacet
  facet normal 0 -0.928477 -0.371391
    outer loop
      vertex 34 49.8929 -148.397
      vertex 37.2 49.8929 -148.397
      vertex 37.2 49.8617 -148.319
    endloop
  endfacet
  facet normal 0 -0.903112 -0.429404
    outer loop
      vertex 34 49.9433 -148.503
      vertex 37.2 49.8929 -148.397
      vertex 34 49.8929 -148.397
    endloop
  endfacet
  facet normal 0 -0.903112 -0.429404
    outer loop
      vertex 34 49.9433 -148.503
      vertex 37.2 49.9433 -148.503
      vertex 37.2 49.8929 -148.397
    endloop
  endfacet
  facet normal 0 -0.876077 -0.482172
    outer loop
      vertex 34 50.0165 -148.636
      vertex 37.2 49.9433 -148.503
      vertex 34 49.9433 -148.503
    endloop
  endfacet
  facet normal 0 -0.876077 -0.482172
    outer loop
      vertex 34 50.0165 -148.636
      vertex 37.2 50.0165 -148.636
      vertex 37.2 49.9433 -148.503
    endloop
  endfacet
  facet normal 0 -0.843105 -0.537749
    outer loop
      vertex 34 50.116 -148.792
      vertex 37.2 50.0165 -148.636
      vertex 34 50.0165 -148.636
    endloop
  endfacet
  facet normal 0 -0.843105 -0.537749
    outer loop
      vertex 34 50.116 -148.792
      vertex 37.2 50.116 -148.792
      vertex 37.2 50.0165 -148.636
    endloop
  endfacet
  facet normal 0 -0.808143 -0.588986
    outer loop
      vertex 34 50.245 -148.969
      vertex 37.2 50.116 -148.792
      vertex 34 50.116 -148.792
    endloop
  endfacet
  facet normal 0 -0.808143 -0.588986
    outer loop
      vertex 34 50.245 -148.969
      vertex 37.2 50.245 -148.969
      vertex 37.2 50.116 -148.792
    endloop
  endfacet
  facet normal 0 -0.768741 -0.639561
    outer loop
      vertex 34 50.4064 -149.163
      vertex 37.2 50.245 -148.969
      vertex 34 50.245 -148.969
    endloop
  endfacet
  facet normal 0 -0.768741 -0.639561
    outer loop
      vertex 34 50.4064 -149.163
      vertex 37.2 50.4064 -149.163
      vertex 37.2 50.245 -148.969
    endloop
  endfacet
  facet normal 0 -0.727091 -0.686541
    outer loop
      vertex 34 50.6028 -149.371
      vertex 37.2 50.4064 -149.163
      vertex 34 50.4064 -149.163
    endloop
  endfacet
  facet normal 0 -0.727091 -0.686541
    outer loop
      vertex 34 50.6028 -149.371
      vertex 37.2 50.6028 -149.371
      vertex 37.2 50.4064 -149.163
    endloop
  endfacet
  facet normal 0 -0.682118 -0.731243
    outer loop
      vertex 34 50.8365 -149.589
      vertex 37.2 50.6028 -149.371
      vertex 34 50.6028 -149.371
    endloop
  endfacet
  facet normal 0 -0.682118 -0.731243
    outer loop
      vertex 34 50.8365 -149.589
      vertex 37.2 50.8365 -149.589
      vertex 37.2 50.6028 -149.371
    endloop
  endfacet
  facet normal 0 0.310331 -0.950629
    outer loop
      vertex 34 51.3787 -149.412
      vertex 37.2 50.8365 -149.589
      vertex 34 50.8365 -149.589
    endloop
  endfacet
  facet normal 0 0.310331 -0.950629
    outer loop
      vertex 34 51.3787 -149.412
      vertex 37.2 51.3787 -149.412
      vertex 37.2 50.8365 -149.589
    endloop
  endfacet
  facet normal 0 0.982516 -0.186177
    outer loop
      vertex 34 51.4382 -149.098
      vertex 37.2 51.3787 -149.412
      vertex 34 51.3787 -149.412
    endloop
  endfacet
  facet normal 0 0.982516 -0.186177
    outer loop
      vertex 34 51.4382 -149.098
      vertex 37.2 51.4382 -149.098
      vertex 37.2 51.3787 -149.412
    endloop
  endfacet
  facet normal 0 0.992278 -0.124035
    outer loop
      vertex 34 51.4737 -148.814
      vertex 37.2 51.4382 -149.098
      vertex 34 51.4382 -149.098
    endloop
  endfacet
  facet normal 0 0.992278 -0.124035
    outer loop
      vertex 34 51.4737 -148.814
      vertex 37.2 51.4737 -148.814
      vertex 37.2 51.4382 -149.098
    endloop
  endfacet
  facet normal 0 0.998138 -0.0609973
    outer loop
      vertex 34 51.4891 -148.562
      vertex 37.2 51.4737 -148.814
      vertex 34 51.4737 -148.814
    endloop
  endfacet
  facet normal 0 0.998138 -0.0609973
    outer loop
      vertex 34 51.4891 -148.562
      vertex 37.2 51.4891 -148.562
      vertex 37.2 51.4737 -148.814
    endloop
  endfacet
  facet normal 0 0.999998 0.00182648
    outer loop
      vertex 34 51.4887 -148.343
      vertex 37.2 51.4891 -148.562
      vertex 34 51.4891 -148.562
    endloop
  endfacet
  facet normal -0 0.999998 0.00182648
    outer loop
      vertex 34 51.4887 -148.343
      vertex 37.2 51.4887 -148.343
      vertex 37.2 51.4891 -148.562
    endloop
  endfacet
  facet normal 0 0.997903 0.0647288
    outer loop
      vertex 34 51.4767 -148.158
      vertex 37.2 51.4887 -148.343
      vertex 34 51.4887 -148.343
    endloop
  endfacet
  facet normal -0 0.997903 0.0647288
    outer loop
      vertex 34 51.4767 -148.158
      vertex 37.2 51.4767 -148.158
      vertex 37.2 51.4887 -148.343
    endloop
  endfacet
  facet normal 0 0.991907 0.126964
    outer loop
      vertex 34 51.4575 -148.008
      vertex 37.2 51.4767 -148.158
      vertex 34 51.4767 -148.158
    endloop
  endfacet
  facet normal -0 0.991907 0.126964
    outer loop
      vertex 34 51.4575 -148.008
      vertex 37.2 51.4575 -148.008
      vertex 37.2 51.4767 -148.158
    endloop
  endfacet
  facet normal 0 0.981861 0.189601
    outer loop
      vertex 34 51.4351 -147.892
      vertex 37.2 51.4575 -148.008
      vertex 34 51.4575 -148.008
    endloop
  endfacet
  facet normal -0 0.981861 0.189601
    outer loop
      vertex 34 51.4351 -147.892
      vertex 37.2 51.4351 -147.892
      vertex 37.2 51.4575 -148.008
    endloop
  endfacet
  facet normal 0 0.967997 0.250962
    outer loop
      vertex 34 51.4141 -147.811
      vertex 37.2 51.4351 -147.892
      vertex 34 51.4351 -147.892
    endloop
  endfacet
  facet normal -0 0.967997 0.250962
    outer loop
      vertex 34 51.4141 -147.811
      vertex 37.2 51.4141 -147.811
      vertex 37.2 51.4351 -147.892
    endloop
  endfacet
  facet normal 0 0.951034 0.309086
    outer loop
      vertex 34 51.3985 -147.763
      vertex 37.2 51.4141 -147.811
      vertex 34 51.4141 -147.811
    endloop
  endfacet
  facet normal -0 0.951034 0.309086
    outer loop
      vertex 34 51.3985 -147.763
      vertex 37.2 51.3985 -147.763
      vertex 37.2 51.4141 -147.811
    endloop
  endfacet
  facet normal 0 0.934395 0.356238
    outer loop
      vertex 34 51.3924 -147.747
      vertex 37.2 51.3985 -147.763
      vertex 34 51.3985 -147.763
    endloop
  endfacet
  facet normal -0 0.934395 0.356238
    outer loop
      vertex 34 51.3924 -147.747
      vertex 37.2 51.3924 -147.747
      vertex 37.2 51.3985 -147.763
    endloop
  endfacet
  facet normal 0 0.998769 0.0496103
    outer loop
      vertex 34 51.3546 -146.986
      vertex 37.2 51.3924 -147.747
      vertex 34 51.3924 -147.747
    endloop
  endfacet
  facet normal -0 0.998769 0.0496103
    outer loop
      vertex 34 51.3546 -146.986
      vertex 37.2 51.3546 -146.986
      vertex 37.2 51.3924 -147.747
    endloop
  endfacet
  facet normal 0 -0.338121 0.941103
    outer loop
      vertex 34 51.3379 -146.992
      vertex 37.2 51.3546 -146.986
      vertex 34 51.3546 -146.986
    endloop
  endfacet
  facet normal 0 -0.338121 0.941103
    outer loop
      vertex 34 51.3379 -146.992
      vertex 37.2 51.3379 -146.992
      vertex 37.2 51.3546 -146.986
    endloop
  endfacet
  facet normal 0 0.445044 -0.895509
    outer loop
      vertex 34 51.6518 -146.836
      vertex 37.2 51.3379 -146.992
      vertex 34 51.3379 -146.992
    endloop
  endfacet
  facet normal 0 0.445044 -0.895509
    outer loop
      vertex 34 51.6518 -146.836
      vertex 37.2 51.6518 -146.836
      vertex 37.2 51.3379 -146.992
    endloop
  endfacet
  facet normal 0 0.496385 -0.868103
    outer loop
      vertex 34 51.9561 -146.662
      vertex 37.2 51.6518 -146.836
      vertex 34 51.6518 -146.836
    endloop
  endfacet
  facet normal 0 0.496385 -0.868103
    outer loop
      vertex 34 51.9561 -146.662
      vertex 37.2 51.9561 -146.662
      vertex 37.2 51.6518 -146.836
    endloop
  endfacet
  facet normal 0 -0.589573 0.807715
    outer loop
      vertex 34 51.9424 -146.672
      vertex 37.2 51.9561 -146.662
      vertex 34 51.9561 -146.662
    endloop
  endfacet
  facet normal 0 -0.589573 0.807715
    outer loop
      vertex 34 51.9424 -146.672
      vertex 37.2 51.9424 -146.672
      vertex 37.2 51.9561 -146.662
    endloop
  endfacet
  facet normal 0 -0.59714 -0.802137
    outer loop
      vertex 34 52.5536 -147.127
      vertex 37.2 51.9424 -146.672
      vertex 34 51.9424 -146.672
    endloop
  endfacet
  facet normal 0 -0.59714 -0.802137
    outer loop
      vertex 34 52.5536 -147.127
      vertex 37.2 52.5536 -147.127
      vertex 37.2 51.9424 -146.672
    endloop
  endfacet
  facet normal 0 -0.801477 -0.598025
    outer loop
      vertex 34 52.5633 -147.14
      vertex 37.2 52.5536 -147.127
      vertex 34 52.5536 -147.127
    endloop
  endfacet
  facet normal 0 -0.801477 -0.598025
    outer loop
      vertex 34 52.5633 -147.14
      vertex 37.2 52.5633 -147.14
      vertex 37.2 52.5536 -147.127
    endloop
  endfacet
  facet normal 0 -0.788502 -0.615032
    outer loop
      vertex 34 52.5945 -147.18
      vertex 37.2 52.5633 -147.14
      vertex 34 52.5633 -147.14
    endloop
  endfacet
  facet normal 0 -0.788502 -0.615032
    outer loop
      vertex 34 52.5945 -147.18
      vertex 37.2 52.5945 -147.18
      vertex 37.2 52.5633 -147.14
    endloop
  endfacet
  facet normal 0 -0.74682 -0.665026
    outer loop
      vertex 34 52.6506 -147.243
      vertex 37.2 52.5945 -147.18
      vertex 34 52.5945 -147.18
    endloop
  endfacet
  facet normal 0 -0.74682 -0.665026
    outer loop
      vertex 34 52.6506 -147.243
      vertex 37.2 52.6506 -147.243
      vertex 37.2 52.5945 -147.18
    endloop
  endfacet
  facet normal 0 -0.704131 -0.71007
    outer loop
      vertex 34 52.7343 -147.326
      vertex 37.2 52.6506 -147.243
      vertex 34 52.6506 -147.243
    endloop
  endfacet
  facet normal 0 -0.704131 -0.71007
    outer loop
      vertex 34 52.7343 -147.326
      vertex 37.2 52.7343 -147.326
      vertex 37.2 52.6506 -147.243
    endloop
  endfacet
  facet normal 0 -0.655031 -0.755602
    outer loop
      vertex 34 52.8485 -147.425
      vertex 37.2 52.7343 -147.326
      vertex 34 52.7343 -147.326
    endloop
  endfacet
  facet normal 0 -0.655031 -0.755602
    outer loop
      vertex 34 52.8485 -147.425
      vertex 37.2 52.8485 -147.425
      vertex 37.2 52.7343 -147.326
    endloop
  endfacet
  facet normal 0 -0.609711 -0.792624
    outer loop
      vertex 34 52.9954 -147.538
      vertex 37.2 52.8485 -147.425
      vertex 34 52.8485 -147.425
    endloop
  endfacet
  facet normal 0 -0.609711 -0.792624
    outer loop
      vertex 34 52.9954 -147.538
      vertex 37.2 52.9954 -147.538
      vertex 37.2 52.8485 -147.425
    endloop
  endfacet
  facet normal 0 -0.557439 -0.830218
    outer loop
      vertex 34 53.1771 -147.66
      vertex 37.2 52.9954 -147.538
      vertex 34 52.9954 -147.538
    endloop
  endfacet
  facet normal 0 -0.557439 -0.830218
    outer loop
      vertex 34 53.1771 -147.66
      vertex 37.2 53.1771 -147.66
      vertex 37.2 52.9954 -147.538
    endloop
  endfacet
  facet normal 0 -0.503378 -0.864066
    outer loop
      vertex 34 53.3951 -147.787
      vertex 37.2 53.1771 -147.66
      vertex 34 53.1771 -147.66
    endloop
  endfacet
  facet normal 0 -0.503378 -0.864066
    outer loop
      vertex 34 53.3951 -147.787
      vertex 37.2 53.3951 -147.787
      vertex 37.2 53.1771 -147.66
    endloop
  endfacet
  facet normal 0 -0.450283 -0.892886
    outer loop
      vertex 34 53.6509 -147.916
      vertex 37.2 53.3951 -147.787
      vertex 34 53.3951 -147.787
    endloop
  endfacet
  facet normal 0 -0.450283 -0.892886
    outer loop
      vertex 34 53.6509 -147.916
      vertex 37.2 53.6509 -147.916
      vertex 37.2 53.3951 -147.787
    endloop
  endfacet
  facet normal 0 -0.390935 -0.920418
    outer loop
      vertex 34 53.9452 -148.041
      vertex 37.2 53.6509 -147.916
      vertex 34 53.6509 -147.916
    endloop
  endfacet
  facet normal 0 -0.390935 -0.920418
    outer loop
      vertex 34 53.9452 -148.041
      vertex 37.2 53.9452 -148.041
      vertex 37.2 53.6509 -147.916
    endloop
  endfacet
  facet normal 0 0.61714 -0.786853
    outer loop
      vertex 34 54.394 -147.689
      vertex 37.2 53.9452 -148.041
      vertex 34 53.9452 -148.041
    endloop
  endfacet
  facet normal 0 0.61714 -0.786853
    outer loop
      vertex 34 54.394 -147.689
      vertex 37.2 54.394 -147.689
      vertex 37.2 53.9452 -148.041
    endloop
  endfacet
  facet normal 0 0.986978 0.160853
    outer loop
      vertex 34 54.3425 -147.373
      vertex 37.2 54.394 -147.689
      vertex 34 54.394 -147.689
    endloop
  endfacet
  facet normal -0 0.986978 0.160853
    outer loop
      vertex 34 54.3425 -147.373
      vertex 37.2 54.3425 -147.373
      vertex 37.2 54.394 -147.689
    endloop
  endfacet
  facet normal 0 0.974837 0.22292
    outer loop
      vertex 34 54.2787 -147.094
      vertex 37.2 54.3425 -147.373
      vertex 34 54.3425 -147.373
    endloop
  endfacet
  facet normal -0 0.974837 0.22292
    outer loop
      vertex 34 54.2787 -147.094
      vertex 37.2 54.2787 -147.094
      vertex 37.2 54.3425 -147.373
    endloop
  endfacet
  facet normal 0 0.958802 0.284075
    outer loop
      vertex 34 54.207 -146.852
      vertex 37.2 54.2787 -147.094
      vertex 34 54.2787 -147.094
    endloop
  endfacet
  facet normal -0 0.958802 0.284075
    outer loop
      vertex 34 54.207 -146.852
      vertex 37.2 54.207 -146.852
      vertex 37.2 54.2787 -147.094
    endloop
  endfacet
  facet normal 0 0.938827 0.344389
    outer loop
      vertex 34 54.1318 -146.647
      vertex 37.2 54.207 -146.852
      vertex 34 54.207 -146.852
    endloop
  endfacet
  facet normal -0 0.938827 0.344389
    outer loop
      vertex 34 54.1318 -146.647
      vertex 37.2 54.1318 -146.647
      vertex 37.2 54.207 -146.852
    endloop
  endfacet
  facet normal 0 0.91591 0.401384
    outer loop
      vertex 34 54.0573 -146.477
      vertex 37.2 54.1318 -146.647
      vertex 34 54.1318 -146.647
    endloop
  endfacet
  facet normal -0 0.91591 0.401384
    outer loop
      vertex 34 54.0573 -146.477
      vertex 37.2 54.0573 -146.477
      vertex 37.2 54.1318 -146.647
    endloop
  endfacet
  facet normal 0 0.889096 0.45772
    outer loop
      vertex 34 53.9878 -146.342
      vertex 37.2 54.0573 -146.477
      vertex 34 54.0573 -146.477
    endloop
  endfacet
  facet normal -0 0.889096 0.45772
    outer loop
      vertex 34 53.9878 -146.342
      vertex 37.2 53.9878 -146.342
      vertex 37.2 54.0573 -146.477
    endloop
  endfacet
  facet normal 0 0.857867 0.513871
    outer loop
      vertex 34 53.9273 -146.241
      vertex 37.2 53.9878 -146.342
      vertex 34 53.9878 -146.342
    endloop
  endfacet
  facet normal -0 0.857867 0.513871
    outer loop
      vertex 34 53.9273 -146.241
      vertex 37.2 53.9273 -146.241
      vertex 37.2 53.9878 -146.342
    endloop
  endfacet
  facet normal 0 0.822578 0.568652
    outer loop
      vertex 34 53.8796 -146.172
      vertex 37.2 53.9273 -146.241
      vertex 34 53.9273 -146.241
    endloop
  endfacet
  facet normal -0 0.822578 0.568652
    outer loop
      vertex 34 53.8796 -146.172
      vertex 37.2 53.8796 -146.172
      vertex 37.2 53.9273 -146.241
    endloop
  endfacet
  facet normal 0 0.789458 0.613804
    outer loop
      vertex 34 53.8485 -146.132
      vertex 37.2 53.8796 -146.172
      vertex 34 53.8796 -146.172
    endloop
  endfacet
  facet normal -0 0.789458 0.613804
    outer loop
      vertex 34 53.8485 -146.132
      vertex 37.2 53.8485 -146.132
      vertex 37.2 53.8796 -146.172
    endloop
  endfacet
  facet normal 0 0.734099 0.679042
    outer loop
      vertex 34 53.8374 -146.12
      vertex 37.2 53.8485 -146.132
      vertex 34 53.8485 -146.132
    endloop
  endfacet
  facet normal -0 0.734099 0.679042
    outer loop
      vertex 34 53.8374 -146.12
      vertex 37.2 53.8374 -146.12
      vertex 37.2 53.8485 -146.132
    endloop
  endfacet
  facet normal 0 0.921579 0.388192
    outer loop
      vertex 34 53.5417 -145.418
      vertex 37.2 53.8374 -146.12
      vertex 34 53.8374 -146.12
    endloop
  endfacet
  facet normal -0 0.921579 0.388192
    outer loop
      vertex 34 53.5417 -145.418
      vertex 37.2 53.5417 -145.418
      vertex 37.2 53.8374 -146.12
    endloop
  endfacet
  facet normal 0 -0.589573 0.807715
    outer loop
      vertex 34 53.528 -145.428
      vertex 37.2 53.5417 -145.418
      vertex 34 53.5417 -145.418
    endloop
  endfacet
  facet normal 0 -0.589573 0.807715
    outer loop
      vertex 34 53.528 -145.428
      vertex 37.2 53.528 -145.428
      vertex 37.2 53.5417 -145.418
    endloop
  endfacet
  facet normal 0 0.724572 -0.689199
    outer loop
      vertex 34 53.7696 -145.174
      vertex 37.2 53.528 -145.428
      vertex 34 53.528 -145.428
    endloop
  endfacet
  facet normal 0 0.724572 -0.689199
    outer loop
      vertex 34 53.7696 -145.174
      vertex 37.2 53.7696 -145.174
      vertex 37.2 53.528 -145.428
    endloop
  endfacet
  facet normal 0 0.762855 -0.64657
    outer loop
      vertex 34 53.9959 -144.907
      vertex 37.2 53.7696 -145.174
      vertex 34 53.7696 -145.174
    endloop
  endfacet
  facet normal 0 0.762855 -0.64657
    outer loop
      vertex 34 53.9959 -144.907
      vertex 37.2 53.9959 -144.907
      vertex 37.2 53.7696 -145.174
    endloop
  endfacet
  facet normal 0 -0.852438 0.522829
    outer loop
      vertex 34 53.9867 -144.922
      vertex 37.2 53.9959 -144.907
      vertex 34 53.9959 -144.907
    endloop
  endfacet
  facet normal 0 -0.852438 0.522829
    outer loop
      vertex 34 53.9867 -144.922
      vertex 37.2 53.9867 -144.922
      vertex 37.2 53.9959 -144.907
    endloop
  endfacet
  facet normal 0 -0.285009 -0.958525
    outer loop
      vertex 34 54.7165 -145.139
      vertex 37.2 53.9867 -144.922
      vertex 34 53.9867 -144.922
    endloop
  endfacet
  facet normal 0 -0.285009 -0.958525
    outer loop
      vertex 34 54.7165 -145.139
      vertex 37.2 54.7165 -145.139
      vertex 37.2 53.9867 -144.922
    endloop
  endfacet
  facet normal 0 -0.586775 -0.80975
    outer loop
      vertex 34 54.7303 -145.149
      vertex 37.2 54.7165 -145.139
      vertex 34 54.7165 -145.139
    endloop
  endfacet
  facet normal 0 -0.586775 -0.80975
    outer loop
      vertex 34 54.7303 -145.149
      vertex 37.2 54.7303 -145.149
      vertex 37.2 54.7165 -145.139
    endloop
  endfacet
  facet normal 0 -0.532656 -0.846332
    outer loop
      vertex 34 54.7732 -145.176
      vertex 37.2 54.7303 -145.149
      vertex 34 54.7303 -145.149
    endloop
  endfacet
  facet normal 0 -0.532656 -0.846332
    outer loop
      vertex 34 54.7732 -145.176
      vertex 37.2 54.7732 -145.176
      vertex 37.2 54.7303 -145.149
    endloop
  endfacet
  facet normal 0 -0.47502 -0.879975
    outer loop
      vertex 34 54.8473 -145.216
      vertex 37.2 54.7732 -145.176
      vertex 34 54.7732 -145.176
    endloop
  endfacet
  facet normal 0 -0.47502 -0.879975
    outer loop
      vertex 34 54.8473 -145.216
      vertex 37.2 54.8473 -145.216
      vertex 37.2 54.7732 -145.176
    endloop
  endfacet
  facet normal 0 -0.416041 -0.909346
    outer loop
      vertex 34 54.9544 -145.265
      vertex 37.2 54.8473 -145.216
      vertex 34 54.8473 -145.216
    endloop
  endfacet
  facet normal 0 -0.416041 -0.909346
    outer loop
      vertex 34 54.9544 -145.265
      vertex 37.2 54.9544 -145.265
      vertex 37.2 54.8473 -145.216
    endloop
  endfacet
  facet normal 0 -0.356985 -0.93411
    outer loop
      vertex 34 55.0957 -145.319
      vertex 37.2 54.9544 -145.265
      vertex 34 54.9544 -145.265
    endloop
  endfacet
  facet normal 0 -0.356985 -0.93411
    outer loop
      vertex 34 55.0957 -145.319
      vertex 37.2 55.0957 -145.319
      vertex 37.2 54.9544 -145.265
    endloop
  endfacet
  facet normal 0 -0.302268 -0.953223
    outer loop
      vertex 34 55.2723 -145.375
      vertex 37.2 55.0957 -145.319
      vertex 34 55.0957 -145.319
    endloop
  endfacet
  facet normal 0 -0.302268 -0.953223
    outer loop
      vertex 34 55.2723 -145.375
      vertex 37.2 55.2723 -145.375
      vertex 37.2 55.0957 -145.319
    endloop
  endfacet
  facet normal 0 -0.237798 -0.971315
    outer loop
      vertex 34 55.4847 -145.427
      vertex 37.2 55.2723 -145.375
      vertex 34 55.2723 -145.375
    endloop
  endfacet
  facet normal 0 -0.237798 -0.971315
    outer loop
      vertex 34 55.4847 -145.427
      vertex 37.2 55.4847 -145.427
      vertex 37.2 55.2723 -145.375
    endloop
  endfacet
  facet normal 0 -0.178188 -0.983996
    outer loop
      vertex 34 55.7332 -145.472
      vertex 37.2 55.4847 -145.427
      vertex 34 55.4847 -145.427
    endloop
  endfacet
  facet normal 0 -0.178188 -0.983996
    outer loop
      vertex 34 55.7332 -145.472
      vertex 37.2 55.7332 -145.472
      vertex 37.2 55.4847 -145.427
    endloop
  endfacet
  facet normal 0 -0.118787 -0.99292
    outer loop
      vertex 34 56.0174 -145.506
      vertex 37.2 55.7332 -145.472
      vertex 34 55.7332 -145.472
    endloop
  endfacet
  facet normal 0 -0.118787 -0.99292
    outer loop
      vertex 34 56.0174 -145.506
      vertex 37.2 56.0174 -145.506
      vertex 37.2 55.7332 -145.472
    endloop
  endfacet
  facet normal 0 -0.0531662 -0.998586
    outer loop
      vertex 34 56.3367 -145.523
      vertex 37.2 56.0174 -145.506
      vertex 34 56.0174 -145.506
    endloop
  endfacet
  facet normal 0 -0.0531662 -0.998586
    outer loop
      vertex 34 56.3367 -145.523
      vertex 37.2 56.3367 -145.523
      vertex 37.2 56.0174 -145.506
    endloop
  endfacet
  facet normal 0 0.849353 -0.527825
    outer loop
      vertex 34 56.6381 -145.038
      vertex 37.2 56.3367 -145.523
      vertex 34 56.3367 -145.523
    endloop
  endfacet
  facet normal 0 0.849353 -0.527825
    outer loop
      vertex 34 56.6381 -145.038
      vertex 37.2 56.6381 -145.038
      vertex 37.2 56.3367 -145.523
    endloop
  endfacet
  facet normal 0 0.872293 0.488984
    outer loop
      vertex 34 56.4817 -144.759
      vertex 37.2 56.6381 -145.038
      vertex 34 56.6381 -145.038
    endloop
  endfacet
  facet normal -0 0.872293 0.488984
    outer loop
      vertex 34 56.4817 -144.759
      vertex 37.2 56.4817 -144.759
      vertex 37.2 56.6381 -145.038
    endloop
  endfacet
  facet normal 0 0.839561 0.543266
    outer loop
      vertex 34 56.3264 -144.519
      vertex 37.2 56.4817 -144.759
      vertex 34 56.4817 -144.759
    endloop
  endfacet
  facet normal -0 0.839561 0.543266
    outer loop
      vertex 34 56.3264 -144.519
      vertex 37.2 56.3264 -144.519
      vertex 37.2 56.4817 -144.759
    endloop
  endfacet
  facet normal 0 0.80388 0.594792
    outer loop
      vertex 34 56.1762 -144.316
      vertex 37.2 56.3264 -144.519
      vertex 34 56.3264 -144.519
    endloop
  endfacet
  facet normal -0 0.80388 0.594792
    outer loop
      vertex 34 56.1762 -144.316
      vertex 37.2 56.1762 -144.316
      vertex 37.2 56.3264 -144.519
    endloop
  endfacet
  facet normal 0 0.76408 0.645121
    outer loop
      vertex 34 56.0352 -144.149
      vertex 37.2 56.1762 -144.316
      vertex 34 56.1762 -144.316
    endloop
  endfacet
  facet normal -0 0.76408 0.645121
    outer loop
      vertex 34 56.0352 -144.149
      vertex 37.2 56.0352 -144.149
      vertex 37.2 56.1762 -144.316
    endloop
  endfacet
  facet normal 0 0.72338 0.69045
    outer loop
      vertex 34 55.9073 -144.015
      vertex 37.2 56.0352 -144.149
      vertex 34 56.0352 -144.149
    endloop
  endfacet
  facet normal -0 0.72338 0.69045
    outer loop
      vertex 34 55.9073 -144.015
      vertex 37.2 55.9073 -144.015
      vertex 37.2 56.0352 -144.149
    endloop
  endfacet
  facet normal 0 0.678882 0.734247
    outer loop
      vertex 34 55.7959 -143.912
      vertex 37.2 55.9073 -144.015
      vertex 34 55.9073 -144.015
    endloop
  endfacet
  facet normal -0 0.678882 0.734247
    outer loop
      vertex 34 55.7959 -143.912
      vertex 37.2 55.7959 -143.912
      vertex 37.2 55.9073 -144.015
    endloop
  endfacet
  facet normal 0 0.629247 0.777205
    outer loop
      vertex 34 55.7045 -143.838
      vertex 37.2 55.7959 -143.912
      vertex 34 55.7959 -143.912
    endloop
  endfacet
  facet normal -0 0.629247 0.777205
    outer loop
      vertex 34 55.7045 -143.838
      vertex 37.2 55.7045 -143.838
      vertex 37.2 55.7959 -143.912
    endloop
  endfacet
  facet normal 0 0.5818 0.813332
    outer loop
      vertex 34 55.636 -143.789
      vertex 37.2 55.7045 -143.838
      vertex 34 55.7045 -143.838
    endloop
  endfacet
  facet normal -0 0.5818 0.813332
    outer loop
      vertex 34 55.636 -143.789
      vertex 37.2 55.636 -143.789
      vertex 37.2 55.7045 -143.838
    endloop
  endfacet
  facet normal 0 0.532656 0.846332
    outer loop
      vertex 34 55.5931 -143.762
      vertex 37.2 55.636 -143.789
      vertex 34 55.636 -143.789
    endloop
  endfacet
  facet normal -0 0.532656 0.846332
    outer loop
      vertex 34 55.5931 -143.762
      vertex 37.2 55.5931 -143.762
      vertex 37.2 55.636 -143.789
    endloop
  endfacet
  facet normal 0 0.478015 0.878352
    outer loop
      vertex 34 55.5784 -143.754
      vertex 37.2 55.5931 -143.762
      vertex 34 55.5931 -143.762
    endloop
  endfacet
  facet normal -0 0.478015 0.878352
    outer loop
      vertex 34 55.5784 -143.754
      vertex 37.2 55.5784 -143.754
      vertex 37.2 55.5931 -143.762
    endloop
  endfacet
  facet normal 0 0.732953 0.68028
    outer loop
      vertex 34 55.0605 -143.196
      vertex 37.2 55.5784 -143.754
      vertex 34 55.5784 -143.754
    endloop
  endfacet
  facet normal -0 0.732953 0.68028
    outer loop
      vertex 34 55.0605 -143.196
      vertex 37.2 55.0605 -143.196
      vertex 37.2 55.5784 -143.754
    endloop
  endfacet
  facet normal 0 -0.835705 0.549178
    outer loop
      vertex 34 55.0513 -143.21
      vertex 37.2 55.0605 -143.196
      vertex 34 55.0605 -143.196
    endloop
  endfacet
  facet normal 0 -0.835705 0.549178
    outer loop
      vertex 34 55.0513 -143.21
      vertex 37.2 55.0513 -143.21
      vertex 37.2 55.0605 -143.196
    endloop
  endfacet
  facet normal 0 0.916511 -0.40001
    outer loop
      vertex 34 55.1914 -142.889
      vertex 37.2 55.0513 -143.21
      vertex 34 55.0513 -143.21
    endloop
  endfacet
  facet normal 0 0.916511 -0.40001
    outer loop
      vertex 34 55.1914 -142.889
      vertex 37.2 55.1914 -142.889
      vertex 37.2 55.0513 -143.21
    endloop
  endfacet
  facet normal 0 0.938445 -0.345428
    outer loop
      vertex 34 55.3125 -142.56
      vertex 37.2 55.1914 -142.889
      vertex 34 55.1914 -142.889
    endloop
  endfacet
  facet normal 0 0.938445 -0.345428
    outer loop
      vertex 34 55.3125 -142.56
      vertex 37.2 55.3125 -142.56
      vertex 37.2 55.1914 -142.889
    endloop
  endfacet
  facet normal 0 -0.978305 0.20717
    outer loop
      vertex 34 55.3089 -142.577
      vertex 37.2 55.3125 -142.56
      vertex 34 55.3125 -142.56
    endloop
  endfacet
  facet normal 0 -0.978305 0.20717
    outer loop
      vertex 34 55.3089 -142.577
      vertex 37.2 55.3089 -142.577
      vertex 37.2 55.3125 -142.56
    endloop
  endfacet
  facet normal 0 0.0590838 -0.998253
    outer loop
      vertex 34 56.0692 -142.532
      vertex 37.2 55.3089 -142.577
      vertex 34 55.3089 -142.577
    endloop
  endfacet
  facet normal 0 0.0590838 -0.998253
    outer loop
      vertex 34 56.0692 -142.532
      vertex 37.2 56.0692 -142.532
      vertex 37.2 55.3089 -142.577
    endloop
  endfacet
  facet normal 0 -0.294915 -0.955524
    outer loop
      vertex 34 56.0854 -142.537
      vertex 37.2 56.0692 -142.532
      vertex 34 56.0692 -142.532
    endloop
  endfacet
  facet normal 0 -0.294915 -0.955524
    outer loop
      vertex 34 56.0854 -142.537
      vertex 37.2 56.0854 -142.537
      vertex 37.2 56.0692 -142.532
    endloop
  endfacet
  facet normal 0 -0.19802 -0.980198
    outer loop
      vertex 34 56.1349 -142.547
      vertex 37.2 56.0854 -142.537
      vertex 34 56.0854 -142.537
    endloop
  endfacet
  facet normal 0 -0.19802 -0.980198
    outer loop
      vertex 34 56.1349 -142.547
      vertex 37.2 56.1349 -142.547
      vertex 37.2 56.0854 -142.537
    endloop
  endfacet
  facet normal 0 -0.142586 -0.989782
    outer loop
      vertex 34 56.2182 -142.559
      vertex 37.2 56.1349 -142.547
      vertex 34 56.1349 -142.547
    endloop
  endfacet
  facet normal 0 -0.142586 -0.989782
    outer loop
      vertex 34 56.2182 -142.559
      vertex 37.2 56.2182 -142.559
      vertex 37.2 56.1349 -142.547
    endloop
  endfacet
  facet normal 0 -0.0848715 -0.996392
    outer loop
      vertex 34 56.3356 -142.569
      vertex 37.2 56.2182 -142.559
      vertex 34 56.2182 -142.559
    endloop
  endfacet
  facet normal 0 -0.0848715 -0.996392
    outer loop
      vertex 34 56.3356 -142.569
      vertex 37.2 56.3356 -142.569
      vertex 37.2 56.2182 -142.559
    endloop
  endfacet
  facet normal 0 -0.0197981 -0.999804
    outer loop
      vertex 34 56.4871 -142.572
      vertex 37.2 56.3356 -142.569
      vertex 34 56.3356 -142.569
    endloop
  endfacet
  facet normal 0 -0.0197981 -0.999804
    outer loop
      vertex 34 56.4871 -142.572
      vertex 37.2 56.4871 -142.572
      vertex 37.2 56.3356 -142.569
    endloop
  endfacet
  facet normal 0 0.0485912 -0.998819
    outer loop
      vertex 34 56.6721 -142.563
      vertex 37.2 56.4871 -142.572
      vertex 34 56.4871 -142.572
    endloop
  endfacet
  facet normal 0 0.0485912 -0.998819
    outer loop
      vertex 34 56.6721 -142.563
      vertex 37.2 56.6721 -142.563
      vertex 37.2 56.4871 -142.572
    endloop
  endfacet
  facet normal 0 0.105161 -0.994455
    outer loop
      vertex 34 56.8896 -142.54
      vertex 37.2 56.6721 -142.563
      vertex 34 56.6721 -142.563
    endloop
  endfacet
  facet normal 0 0.105161 -0.994455
    outer loop
      vertex 34 56.8896 -142.54
      vertex 37.2 56.8896 -142.54
      vertex 37.2 56.6721 -142.563
    endloop
  endfacet
  facet normal 0 0.170305 -0.985391
    outer loop
      vertex 34 57.1384 -142.497
      vertex 37.2 56.8896 -142.54
      vertex 34 56.8896 -142.54
    endloop
  endfacet
  facet normal 0 0.170305 -0.985391
    outer loop
      vertex 34 57.1384 -142.497
      vertex 37.2 57.1384 -142.497
      vertex 37.2 56.8896 -142.54
    endloop
  endfacet
  facet normal 0 0.230597 -0.973049
    outer loop
      vertex 34 57.4169 -142.431
      vertex 37.2 57.1384 -142.497
      vertex 34 57.1384 -142.497
    endloop
  endfacet
  facet normal 0 0.230597 -0.973049
    outer loop
      vertex 34 57.4169 -142.431
      vertex 37.2 57.4169 -142.431
      vertex 37.2 57.1384 -142.497
    endloop
  endfacet
  facet normal 0 0.290875 -0.956761
    outer loop
      vertex 34 57.7228 -142.338
      vertex 37.2 57.4169 -142.431
      vertex 34 57.4169 -142.431
    endloop
  endfacet
  facet normal 0 0.290875 -0.956761
    outer loop
      vertex 34 57.7228 -142.338
      vertex 37.2 57.7228 -142.338
      vertex 37.2 57.4169 -142.431
    endloop
  endfacet
  facet normal 0 0.97854 -0.206055
    outer loop
      vertex 34 57.8403 -141.78
      vertex 37.2 57.7228 -142.338
      vertex 34 57.7228 -142.338
    endloop
  endfacet
  facet normal 0 0.97854 -0.206055
    outer loop
      vertex 34 57.8403 -141.78
      vertex 37.2 57.8403 -141.78
      vertex 37.2 57.7228 -142.338
    endloop
  endfacet
  facet normal 0 0.653001 0.757357
    outer loop
      vertex 34 57.5979 -141.571
      vertex 37.2 57.8403 -141.78
      vertex 34 57.8403 -141.78
    endloop
  endfacet
  facet normal -0 0.653001 0.757357
    outer loop
      vertex 34 57.5979 -141.571
      vertex 37.2 57.5979 -141.571
      vertex 37.2 57.8403 -141.78
    endloop
  endfacet
  facet normal 0 0.60207 0.798443
    outer loop
      vertex 34 57.3698 -141.399
      vertex 37.2 57.5979 -141.571
      vertex 34 57.5979 -141.571
    endloop
  endfacet
  facet normal -0 0.60207 0.798443
    outer loop
      vertex 34 57.3698 -141.399
      vertex 37.2 57.3698 -141.399
      vertex 37.2 57.5979 -141.571
    endloop
  endfacet
  facet normal 0 0.553605 0.83278
    outer loop
      vertex 34 57.1592 -141.259
      vertex 37.2 57.3698 -141.399
      vertex 34 57.3698 -141.399
    endloop
  endfacet
  facet normal -0 0.553605 0.83278
    outer loop
      vertex 34 57.1592 -141.259
      vertex 37.2 57.1592 -141.259
      vertex 37.2 57.3698 -141.399
    endloop
  endfacet
  facet normal 0 0.498205 0.867059
    outer loop
      vertex 34 56.9695 -141.15
      vertex 37.2 57.1592 -141.259
      vertex 34 57.1592 -141.259
    endloop
  endfacet
  facet normal -0 0.498205 0.867059
    outer loop
      vertex 34 56.9695 -141.15
      vertex 37.2 56.9695 -141.15
      vertex 37.2 57.1592 -141.259
    endloop
  endfacet
  facet normal 0 0.442888 0.896577
    outer loop
      vertex 34 56.8035 -141.068
      vertex 37.2 56.9695 -141.15
      vertex 34 56.9695 -141.15
    endloop
  endfacet
  facet normal -0 0.442888 0.896577
    outer loop
      vertex 34 56.8035 -141.068
      vertex 37.2 56.8035 -141.068
      vertex 37.2 56.9695 -141.15
    endloop
  endfacet
  facet normal 0 0.383442 0.923565
    outer loop
      vertex 34 56.6638 -141.01
      vertex 37.2 56.8035 -141.068
      vertex 34 56.8035 -141.068
    endloop
  endfacet
  facet normal -0 0.383442 0.923565
    outer loop
      vertex 34 56.6638 -141.01
      vertex 37.2 56.6638 -141.01
      vertex 37.2 56.8035 -141.068
    endloop
  endfacet
  facet normal 0 0.330426 0.943832
    outer loop
      vertex 34 56.5524 -140.971
      vertex 37.2 56.6638 -141.01
      vertex 34 56.6638 -141.01
    endloop
  endfacet
  facet normal -0 0.330426 0.943832
    outer loop
      vertex 34 56.5524 -140.971
      vertex 37.2 56.5524 -140.971
      vertex 37.2 56.6638 -141.01
    endloop
  endfacet
  facet normal 0 0.261808 0.96512
    outer loop
      vertex 34 56.4713 -140.949
      vertex 37.2 56.5524 -140.971
      vertex 34 56.5524 -140.971
    endloop
  endfacet
  facet normal -0 0.261808 0.96512
    outer loop
      vertex 34 56.4713 -140.949
      vertex 37.2 56.4713 -140.949
      vertex 37.2 56.5524 -140.971
    endloop
  endfacet
  facet normal 0 0.217349 0.976094
    outer loop
      vertex 34 56.4219 -140.938
      vertex 37.2 56.4713 -140.949
      vertex 34 56.4713 -140.949
    endloop
  endfacet
  facet normal -0 0.217349 0.976094
    outer loop
      vertex 34 56.4219 -140.938
      vertex 37.2 56.4219 -140.938
      vertex 37.2 56.4713 -140.949
    endloop
  endfacet
  facet normal 0 0.119617 0.99282
    outer loop
      vertex 34 56.4053 -140.936
      vertex 37.2 56.4219 -140.938
      vertex 34 56.4219 -140.938
    endloop
  endfacet
  facet normal -0 0.119617 0.99282
    outer loop
      vertex 34 56.4053 -140.936
      vertex 37.2 56.4053 -140.936
      vertex 37.2 56.4219 -140.938
    endloop
  endfacet
  facet normal 0 0.456796 0.889571
    outer loop
      vertex 34 55.7276 -140.588
      vertex 37.2 56.4053 -140.936
      vertex 34 56.4053 -140.936
    endloop
  endfacet
  facet normal -0 0.456796 0.889571
    outer loop
      vertex 34 55.7276 -140.588
      vertex 37.2 55.7276 -140.588
      vertex 37.2 56.4053 -140.936
    endloop
  endfacet
  facet normal 0 -0.979457 0.201653
    outer loop
      vertex 34 55.7241 -140.605
      vertex 37.2 55.7276 -140.588
      vertex 34 55.7276 -140.588
    endloop
  endfacet
  facet normal 0 -0.979457 0.201653
    outer loop
      vertex 34 55.7241 -140.605
      vertex 37.2 55.7241 -140.605
      vertex 37.2 55.7276 -140.588
    endloop
  endfacet
  facet normal 0 0.998084 -0.0618812
    outer loop
      vertex 34 55.7458 -140.255
      vertex 37.2 55.7241 -140.605
      vertex 34 55.7241 -140.605
    endloop
  endfacet
  facet normal 0 0.998084 -0.0618812
    outer loop
      vertex 34 55.7458 -140.255
      vertex 37.2 55.7458 -140.255
      vertex 37.2 55.7241 -140.605
    endloop
  endfacet
  facet normal 0 0.999993 -0.00371426
    outer loop
      vertex 34 55.7471 -139.905
      vertex 37.2 55.7458 -140.255
      vertex 34 55.7458 -140.255
    endloop
  endfacet
  facet normal 0 0.999993 -0.00371426
    outer loop
      vertex 34 55.7471 -139.905
      vertex 37.2 55.7471 -139.905
      vertex 37.2 55.7458 -140.255
    endloop
  endfacet
  facet normal 0 -0.989359 -0.145494
    outer loop
      vertex 34 55.7496 -139.922
      vertex 37.2 55.7471 -139.905
      vertex 34 55.7471 -139.905
    endloop
  endfacet
  facet normal 0 -0.989359 -0.145494
    outer loop
      vertex 34 55.7496 -139.922
      vertex 37.2 55.7496 -139.922
      vertex 37.2 55.7471 -139.905
    endloop
  endfacet
  facet normal 0 0.396564 -0.918007
    outer loop
      vertex 34 56.4487 -139.62
      vertex 37.2 55.7496 -139.922
      vertex 34 55.7496 -139.922
    endloop
  endfacet
  facet normal 0 0.396564 -0.918007
    outer loop
      vertex 34 56.4487 -139.62
      vertex 37.2 56.4487 -139.62
      vertex 37.2 55.7496 -139.922
    endloop
  endfacet
  facet normal 0 0.118911 -0.992905
    outer loop
      vertex 34 56.4654 -139.618
      vertex 37.2 56.4487 -139.62
      vertex 34 56.4487 -139.62
    endloop
  endfacet
  facet normal 0 0.118911 -0.992905
    outer loop
      vertex 34 56.4654 -139.618
      vertex 37.2 56.4654 -139.618
      vertex 37.2 56.4487 -139.62
    endloop
  endfacet
  facet normal 0 0.138648 -0.990342
    outer loop
      vertex 34 56.5154 -139.611
      vertex 37.2 56.4654 -139.618
      vertex 34 56.4654 -139.618
    endloop
  endfacet
  facet normal 0 0.138648 -0.990342
    outer loop
      vertex 34 56.5154 -139.611
      vertex 37.2 56.5154 -139.611
      vertex 37.2 56.4654 -139.618
    endloop
  endfacet
  facet normal 0 0.202055 -0.979374
    outer loop
      vertex 34 56.5978 -139.594
      vertex 37.2 56.5154 -139.611
      vertex 34 56.5154 -139.611
    endloop
  endfacet
  facet normal 0 0.202055 -0.979374
    outer loop
      vertex 34 56.5978 -139.594
      vertex 37.2 56.5978 -139.594
      vertex 37.2 56.5154 -139.611
    endloop
  endfacet
  facet normal 0 0.263261 -0.964725
    outer loop
      vertex 34 56.7114 -139.563
      vertex 37.2 56.5978 -139.594
      vertex 34 56.5978 -139.594
    endloop
  endfacet
  facet normal 0 0.263261 -0.964725
    outer loop
      vertex 34 56.7114 -139.563
      vertex 37.2 56.7114 -139.563
      vertex 37.2 56.5978 -139.594
    endloop
  endfacet
  facet normal 0 0.323346 -0.946281
    outer loop
      vertex 34 56.8548 -139.514
      vertex 37.2 56.7114 -139.563
      vertex 34 56.7114 -139.563
    endloop
  endfacet
  facet normal 0 0.323346 -0.946281
    outer loop
      vertex 34 56.8548 -139.514
      vertex 37.2 56.8548 -139.514
      vertex 37.2 56.7114 -139.563
    endloop
  endfacet
  facet normal 0 0.383465 -0.923556
    outer loop
      vertex 34 57.0258 -139.443
      vertex 37.2 56.8548 -139.514
      vertex 34 56.8548 -139.514
    endloop
  endfacet
  facet normal 0 0.383465 -0.923556
    outer loop
      vertex 34 57.0258 -139.443
      vertex 37.2 57.0258 -139.443
      vertex 37.2 56.8548 -139.514
    endloop
  endfacet
  facet normal 0 0.442644 -0.896697
    outer loop
      vertex 34 57.2223 -139.346
      vertex 37.2 57.0258 -139.443
      vertex 34 57.0258 -139.443
    endloop
  endfacet
  facet normal 0 0.442644 -0.896697
    outer loop
      vertex 34 57.2223 -139.346
      vertex 37.2 57.2223 -139.346
      vertex 37.2 57.0258 -139.443
    endloop
  endfacet
  facet normal 0 0.495371 -0.868682
    outer loop
      vertex 34 57.4415 -139.221
      vertex 37.2 57.2223 -139.346
      vertex 34 57.2223 -139.346
    endloop
  endfacet
  facet normal 0 0.495371 -0.868682
    outer loop
      vertex 34 57.4415 -139.221
      vertex 37.2 57.4415 -139.221
      vertex 37.2 57.2223 -139.346
    endloop
  endfacet
  facet normal 0 0.548878 -0.835903
    outer loop
      vertex 34 57.6806 -139.064
      vertex 37.2 57.4415 -139.221
      vertex 34 57.4415 -139.221
    endloop
  endfacet
  facet normal 0 0.548878 -0.835903
    outer loop
      vertex 34 57.6806 -139.064
      vertex 37.2 57.6806 -139.064
      vertex 37.2 57.4415 -139.221
    endloop
  endfacet
  facet normal 0 0.600751 -0.799436
    outer loop
      vertex 34 57.9361 -138.872
      vertex 37.2 57.6806 -139.064
      vertex 34 57.6806 -139.064
    endloop
  endfacet
  facet normal 0 0.600751 -0.799436
    outer loop
      vertex 34 57.9361 -138.872
      vertex 37.2 57.9361 -138.872
      vertex 37.2 57.6806 -139.064
    endloop
  endfacet
  facet normal 0 0.990002 0.141053
    outer loop
      vertex 34 57.8556 -138.307
      vertex 37.2 57.9361 -138.872
      vertex 34 57.9361 -138.872
    endloop
  endfacet
  facet normal -0 0.990002 0.141053
    outer loop
      vertex 34 57.8556 -138.307
      vertex 37.2 57.8556 -138.307
      vertex 37.2 57.9361 -138.872
    endloop
  endfacet
  facet normal 0 0.353419 0.935465
    outer loop
      vertex 34 57.5565 -138.194
      vertex 37.2 57.8556 -138.307
      vertex 34 57.8556 -138.307
    endloop
  endfacet
  facet normal -0 0.353419 0.935465
    outer loop
      vertex 34 57.5565 -138.194
      vertex 37.2 57.5565 -138.194
      vertex 37.2 57.8556 -138.307
    endloop
  endfacet
  facet normal 0 0.293595 0.95593
    outer loop
      vertex 34 57.283 -138.11
      vertex 37.2 57.5565 -138.194
      vertex 34 57.5565 -138.194
    endloop
  endfacet
  facet normal -0 0.293595 0.95593
    outer loop
      vertex 34 57.283 -138.11
      vertex 37.2 57.283 -138.11
      vertex 37.2 57.5565 -138.194
    endloop
  endfacet
  facet normal 0 0.233763 0.972294
    outer loop
      vertex 34 57.0376 -138.051
      vertex 37.2 57.283 -138.11
      vertex 34 57.283 -138.11
    endloop
  endfacet
  facet normal -0 0.233763 0.972294
    outer loop
      vertex 34 57.0376 -138.051
      vertex 37.2 57.0376 -138.051
      vertex 37.2 57.283 -138.11
    endloop
  endfacet
  facet normal 0 0.173577 0.98482
    outer loop
      vertex 34 56.822 -138.013
      vertex 37.2 57.0376 -138.051
      vertex 34 57.0376 -138.051
    endloop
  endfacet
  facet normal -0 0.173577 0.98482
    outer loop
      vertex 34 56.822 -138.013
      vertex 37.2 56.822 -138.013
      vertex 37.2 57.0376 -138.051
    endloop
  endfacet
  facet normal 0 0.108001 0.994151
    outer loop
      vertex 34 56.6379 -137.993
      vertex 37.2 56.822 -138.013
      vertex 34 56.822 -138.013
    endloop
  endfacet
  facet normal -0 0.108001 0.994151
    outer loop
      vertex 34 56.6379 -137.993
      vertex 37.2 56.6379 -137.993
      vertex 37.2 56.822 -138.013
    endloop
  endfacet
  facet normal 0 0.0462163 0.998931
    outer loop
      vertex 34 56.4866 -137.986
      vertex 37.2 56.6379 -137.993
      vertex 34 56.6379 -137.993
    endloop
  endfacet
  facet normal -0 0.0462163 0.998931
    outer loop
      vertex 34 56.4866 -137.986
      vertex 37.2 56.4866 -137.986
      vertex 37.2 56.6379 -137.993
    endloop
  endfacet
  facet normal 0 -0.0169755 0.999856
    outer loop
      vertex 34 56.3688 -137.988
      vertex 37.2 56.4866 -137.986
      vertex 34 56.4866 -137.986
    endloop
  endfacet
  facet normal 0 -0.0169755 0.999856
    outer loop
      vertex 34 56.3688 -137.988
      vertex 37.2 56.3688 -137.988
      vertex 37.2 56.4866 -137.986
    endloop
  endfacet
  facet normal 0 -0.0713315 0.997453
    outer loop
      vertex 34 56.2849 -137.994
      vertex 37.2 56.3688 -137.988
      vertex 34 56.3688 -137.988
    endloop
  endfacet
  facet normal 0 -0.0713315 0.997453
    outer loop
      vertex 34 56.2849 -137.994
      vertex 37.2 56.2849 -137.994
      vertex 37.2 56.3688 -137.988
    endloop
  endfacet
  facet normal 0 -0.138648 0.990342
    outer loop
      vertex 34 56.2349 -138.001
      vertex 37.2 56.2849 -137.994
      vertex 34 56.2849 -137.994
    endloop
  endfacet
  facet normal 0 -0.138648 0.990342
    outer loop
      vertex 34 56.2349 -138.001
      vertex 37.2 56.2349 -138.001
      vertex 37.2 56.2849 -137.994
    endloop
  endfacet
  facet normal 0 -0.178885 0.98387
    outer loop
      vertex 34 56.2184 -138.004
      vertex 37.2 56.2349 -138.001
      vertex 34 56.2349 -138.001
    endloop
  endfacet
  facet normal 0 -0.178885 0.98387
    outer loop
      vertex 34 56.2184 -138.004
      vertex 37.2 56.2184 -138.004
      vertex 37.2 56.2349 -138.001
    endloop
  endfacet
  facet normal 0 0.123437 0.992352
    outer loop
      vertex 34 55.4627 -137.91
      vertex 37.2 56.2184 -138.004
      vertex 34 56.2184 -138.004
    endloop
  endfacet
  facet normal -0 0.123437 0.992352
    outer loop
      vertex 34 55.4627 -137.91
      vertex 37.2 55.4627 -137.91
      vertex 37.2 56.2184 -138.004
    endloop
  endfacet
  facet normal 0 -0.989359 -0.145494
    outer loop
      vertex 34 55.4652 -137.927
      vertex 37.2 55.4627 -137.91
      vertex 34 55.4627 -137.91
    endloop
  endfacet
  facet normal 0 -0.989359 -0.145494
    outer loop
      vertex 34 55.4652 -137.927
      vertex 37.2 55.4652 -137.927
      vertex 37.2 55.4627 -137.91
    endloop
  endfacet
  facet normal 0 0.959074 0.283155
    outer loop
      vertex 34 55.366 -137.591
      vertex 37.2 55.4652 -137.927
      vertex 34 55.4652 -137.927
    endloop
  endfacet
  facet normal -0 0.959074 0.283155
    outer loop
      vertex 34 55.366 -137.591
      vertex 37.2 55.366 -137.591
      vertex 37.2 55.4652 -137.927
    endloop
  endfacet
  facet normal 0 0.940978 0.338467
    outer loop
      vertex 34 55.2473 -137.261
      vertex 37.2 55.366 -137.591
      vertex 34 55.366 -137.591
    endloop
  endfacet
  facet normal -0 0.940978 0.338467
    outer loop
      vertex 34 55.2473 -137.261
      vertex 37.2 55.2473 -137.261
      vertex 37.2 55.366 -137.591
    endloop
  endfacet
  facet normal 0 -0.877448 -0.479672
    outer loop
      vertex 34 55.2555 -137.276
      vertex 37.2 55.2473 -137.261
      vertex 34 55.2473 -137.261
    endloop
  endfacet
  facet normal 0 -0.877448 -0.479672
    outer loop
      vertex 34 55.2555 -137.276
      vertex 37.2 55.2555 -137.276
      vertex 37.2 55.2473 -137.261
    endloop
  endfacet
  facet normal 0 0.686731 -0.726911
    outer loop
      vertex 34 55.8091 -136.753
      vertex 37.2 55.2555 -137.276
      vertex 34 55.2555 -137.276
    endloop
  endfacet
  facet normal 0 0.686731 -0.726911
    outer loop
      vertex 34 55.8091 -136.753
      vertex 37.2 55.8091 -136.753
      vertex 37.2 55.2555 -137.276
    endloop
  endfacet
  facet normal 0 0.4183 -0.908309
    outer loop
      vertex 34 55.8243 -136.746
      vertex 37.2 55.8091 -136.753
      vertex 34 55.8091 -136.753
    endloop
  endfacet
  facet normal 0 0.4183 -0.908309
    outer loop
      vertex 34 55.8243 -136.746
      vertex 37.2 55.8243 -136.746
      vertex 37.2 55.8091 -136.753
    endloop
  endfacet
  facet normal 0 0.473864 -0.880598
    outer loop
      vertex 34 55.8689 -136.722
      vertex 37.2 55.8243 -136.746
      vertex 34 55.8243 -136.746
    endloop
  endfacet
  facet normal 0 0.473864 -0.880598
    outer loop
      vertex 34 55.8689 -136.722
      vertex 37.2 55.8689 -136.722
      vertex 37.2 55.8243 -136.746
    endloop
  endfacet
  facet normal 0 0.524097 -0.851658
    outer loop
      vertex 34 55.9404 -136.678
      vertex 37.2 55.8689 -136.722
      vertex 34 55.8689 -136.722
    endloop
  endfacet
  facet normal 0 0.524097 -0.851658
    outer loop
      vertex 34 55.9404 -136.678
      vertex 37.2 55.9404 -136.678
      vertex 37.2 55.8689 -136.722
    endloop
  endfacet
  facet normal 0 0.577216 -0.816591
    outer loop
      vertex 34 56.0366 -136.61
      vertex 37.2 55.9404 -136.678
      vertex 34 55.9404 -136.678
    endloop
  endfacet
  facet normal 0 0.577216 -0.816591
    outer loop
      vertex 34 56.0366 -136.61
      vertex 37.2 56.0366 -136.61
      vertex 37.2 55.9404 -136.678
    endloop
  endfacet
  facet normal 0 0.627752 -0.778413
    outer loop
      vertex 34 56.1544 -136.515
      vertex 37.2 56.0366 -136.61
      vertex 34 56.0366 -136.61
    endloop
  endfacet
  facet normal 0 0.627752 -0.778413
    outer loop
      vertex 34 56.1544 -136.515
      vertex 37.2 56.1544 -136.515
      vertex 37.2 56.0366 -136.61
    endloop
  endfacet
  facet normal 0 0.67828 -0.734803
    outer loop
      vertex 34 56.2909 -136.389
      vertex 37.2 56.1544 -136.515
      vertex 34 56.1544 -136.515
    endloop
  endfacet
  facet normal 0 0.67828 -0.734803
    outer loop
      vertex 34 56.2909 -136.389
      vertex 37.2 56.2909 -136.389
      vertex 37.2 56.1544 -136.515
    endloop
  endfacet
  facet normal 0 0.719141 -0.694864
    outer loop
      vertex 34 56.4426 -136.232
      vertex 37.2 56.2909 -136.389
      vertex 34 56.2909 -136.389
    endloop
  endfacet
  facet normal 0 0.719141 -0.694864
    outer loop
      vertex 34 56.4426 -136.232
      vertex 37.2 56.4426 -136.232
      vertex 37.2 56.2909 -136.389
    endloop
  endfacet
  facet normal 0 0.763596 -0.645694
    outer loop
      vertex 34 56.6058 -136.039
      vertex 37.2 56.4426 -136.232
      vertex 34 56.4426 -136.232
    endloop
  endfacet
  facet normal 0 0.763596 -0.645694
    outer loop
      vertex 34 56.6058 -136.039
      vertex 37.2 56.6058 -136.039
      vertex 37.2 56.4426 -136.232
    endloop
  endfacet
  facet normal 0 0.801593 -0.59787
    outer loop
      vertex 34 56.7766 -135.81
      vertex 37.2 56.6058 -136.039
      vertex 34 56.6058 -136.039
    endloop
  endfacet
  facet normal 0 0.801593 -0.59787
    outer loop
      vertex 34 56.7766 -135.81
      vertex 37.2 56.7766 -135.81
      vertex 37.2 56.6058 -136.039
    endloop
  endfacet
  facet normal 0 0.839084 -0.544001
    outer loop
      vertex 34 56.951 -135.541
      vertex 37.2 56.7766 -135.81
      vertex 34 56.7766 -135.81
    endloop
  endfacet
  facet normal 0 0.839084 -0.544001
    outer loop
      vertex 34 56.951 -135.541
      vertex 37.2 56.951 -135.541
      vertex 37.2 56.7766 -135.81
    endloop
  endfacet
  facet normal 0 0.881964 0.471316
    outer loop
      vertex 34 56.6822 -135.038
      vertex 37.2 56.951 -135.541
      vertex 34 56.951 -135.541
    endloop
  endfacet
  facet normal -0 0.881964 0.471316
    outer loop
      vertex 34 56.6822 -135.038
      vertex 37.2 56.6822 -135.038
      vertex 37.2 56.951 -135.541
    endloop
  endfacet
  facet normal 0 -0.803127 -0.595808
    outer loop
      vertex 34 50.4459 -140.142
      vertex 37.2 50.4459 -140.142
      vertex 34 50.1907 -139.798
    endloop
  endfacet
  facet normal -0 -0.803127 -0.595808
    outer loop
      vertex 37.2 50.1907 -139.798
      vertex 34 50.1907 -139.798
      vertex 37.2 50.4459 -140.142
    endloop
  endfacet
  facet normal 0 -0.72774 0.685854
    outer loop
      vertex 34 50.1528 -140.453
      vertex 37.2 50.1528 -140.453
      vertex 34 50.4459 -140.142
    endloop
  endfacet
  facet normal 0 -0.72774 0.685854
    outer loop
      vertex 37.2 50.4459 -140.142
      vertex 34 50.4459 -140.142
      vertex 37.2 50.1528 -140.453
    endloop
  endfacet
  facet normal 0 -0.942649 -0.333787
    outer loop
      vertex 34 50.2955 -140.856
      vertex 37.2 50.2955 -140.856
      vertex 34 50.1528 -140.453
    endloop
  endfacet
  facet normal -0 -0.942649 -0.333787
    outer loop
      vertex 37.2 50.1528 -140.453
      vertex 34 50.1528 -140.453
      vertex 37.2 50.2955 -140.856
    endloop
  endfacet
  facet normal 0 -0.495233 0.86876
    outer loop
      vertex 34 49.9236 -141.068
      vertex 37.2 49.9236 -141.068
      vertex 34 50.2955 -140.856
    endloop
  endfacet
  facet normal 0 -0.495233 0.86876
    outer loop
      vertex 37.2 50.2955 -140.856
      vertex 34 50.2955 -140.856
      vertex 37.2 49.9236 -141.068
    endloop
  endfacet
  facet normal 0 -0.999161 -0.0409492
    outer loop
      vertex 34 49.9411 -141.495
      vertex 37.2 49.9411 -141.495
      vertex 34 49.9236 -141.068
    endloop
  endfacet
  facet normal -0 -0.999161 -0.0409492
    outer loop
      vertex 37.2 49.9236 -141.068
      vertex 34 49.9236 -141.068
      vertex 37.2 49.9411 -141.495
    endloop
  endfacet
  facet normal 0 -0.215147 0.976582
    outer loop
      vertex 34 49.5235 -141.587
      vertex 37.2 49.5235 -141.587
      vertex 34 49.9411 -141.495
    endloop
  endfacet
  facet normal 0 -0.215147 0.976582
    outer loop
      vertex 37.2 49.9411 -141.495
      vertex 34 49.9411 -141.495
      vertex 37.2 49.5235 -141.587
    endloop
  endfacet
  facet normal 0 -0.966872 0.255263
    outer loop
      vertex 34 49.4142 -142.001
      vertex 37.2 49.4142 -142.001
      vertex 34 49.5235 -141.587
    endloop
  endfacet
  facet normal 0 -0.966872 0.255263
    outer loop
      vertex 37.2 49.5235 -141.587
      vertex 34 49.5235 -141.587
      vertex 37.2 49.4142 -142.001
    endloop
  endfacet
  facet normal -0 0.0818265 0.996647
    outer loop
      vertex 34 48.9879 -141.966
      vertex 37.2 48.9879 -141.966
      vertex 34 49.4142 -142.001
    endloop
  endfacet
  facet normal 0 0.0818265 0.996647
    outer loop
      vertex 37.2 49.4142 -142.001
      vertex 34 49.4142 -142.001
      vertex 37.2 48.9879 -141.966
    endloop
  endfacet
  facet normal 0 -0.848707 0.528864
    outer loop
      vertex 34 48.7617 -142.329
      vertex 37.2 48.7617 -142.329
      vertex 34 48.9879 -141.966
    endloop
  endfacet
  facet normal 0 -0.848707 0.528864
    outer loop
      vertex 37.2 48.9879 -141.966
      vertex 34 48.9879 -141.966
      vertex 37.2 48.7617 -142.329
    endloop
  endfacet
  facet normal -0 0.371794 0.928315
    outer loop
      vertex 34 48.3647 -142.17
      vertex 37.2 48.3647 -142.17
      vertex 34 48.7617 -142.329
    endloop
  endfacet
  facet normal 0 0.371794 0.928315
    outer loop
      vertex 37.2 48.7617 -142.329
      vertex 34 48.7617 -142.329
      vertex 37.2 48.3647 -142.17
    endloop
  endfacet
  facet normal 0 -0.654788 0.755813
    outer loop
      vertex 34 48.0415 -142.45
      vertex 37.2 48.0415 -142.45
      vertex 34 48.3647 -142.17
    endloop
  endfacet
  facet normal 0 -0.654788 0.755813
    outer loop
      vertex 37.2 48.3647 -142.17
      vertex 34 48.3647 -142.17
      vertex 37.2 48.0415 -142.45
    endloop
  endfacet
  facet normal -0 0.628963 0.777435
    outer loop
      vertex 34 47.709 -142.181
      vertex 37.2 47.709 -142.181
      vertex 34 48.0415 -142.45
    endloop
  endfacet
  facet normal 0 0.628963 0.777435
    outer loop
      vertex 37.2 48.0415 -142.45
      vertex 34 48.0415 -142.45
      vertex 37.2 47.709 -142.181
    endloop
  endfacet
  facet normal 0 -0.402315 0.915501
    outer loop
      vertex 34 47.3176 -142.353
      vertex 37.2 47.3176 -142.353
      vertex 34 47.709 -142.181
    endloop
  endfacet
  facet normal 0 -0.402315 0.915501
    outer loop
      vertex 37.2 47.709 -142.181
      vertex 34 47.709 -142.181
      vertex 37.2 47.3176 -142.353
    endloop
  endfacet
  facet normal -0 0.830067 0.557664
    outer loop
      vertex 34 47.0791 -141.998
      vertex 37.2 47.0791 -141.998
      vertex 34 47.3176 -142.353
    endloop
  endfacet
  facet normal 0 0.830067 0.557664
    outer loop
      vertex 37.2 47.3176 -142.353
      vertex 34 47.3176 -142.353
      vertex 37.2 47.0791 -141.998
    endloop
  endfacet
  facet normal 0 -0.114589 0.993413
    outer loop
      vertex 34 46.6543 -142.047
      vertex 37.2 46.6543 -142.047
      vertex 34 47.0791 -141.998
    endloop
  endfacet
  facet normal 0 -0.114589 0.993413
    outer loop
      vertex 37.2 47.0791 -141.998
      vertex 34 47.0791 -141.998
      vertex 37.2 46.6543 -142.047
    endloop
  endfacet
  facet normal -0 0.957504 0.288422
    outer loop
      vertex 34 46.5311 -141.638
      vertex 37.2 46.5311 -141.638
      vertex 34 46.6543 -142.047
    endloop
  endfacet
  facet normal 0 0.957504 0.288422
    outer loop
      vertex 37.2 46.6543 -142.047
      vertex 34 46.6543 -142.047
      vertex 37.2 46.5311 -141.638
    endloop
  endfacet
  facet normal -0 0.182382 0.983228
    outer loop
      vertex 34 46.1106 -141.56
      vertex 37.2 46.1106 -141.56
      vertex 34 46.5311 -141.638
    endloop
  endfacet
  facet normal 0 0.182382 0.983228
    outer loop
      vertex 37.2 46.5311 -141.638
      vertex 34 46.5311 -141.638
      vertex 37.2 46.1106 -141.56
    endloop
  endfacet
  facet normal 0 0.999975 -0.00700917
    outer loop
      vertex 34 46.1136 -141.132
      vertex 37.2 46.1136 -141.132
      vertex 34 46.1106 -141.56
    endloop
  endfacet
  facet normal 0 0.999975 -0.00700917
    outer loop
      vertex 37.2 46.1106 -141.56
      vertex 34 46.1106 -141.56
      vertex 37.2 46.1136 -141.132
    endloop
  endfacet
  facet normal -0 0.463238 0.886234
    outer loop
      vertex 34 45.7348 -140.934
      vertex 37.2 45.7348 -140.934
      vertex 34 46.1136 -141.132
    endloop
  endfacet
  facet normal 0 0.463238 0.886234
    outer loop
      vertex 37.2 46.1136 -141.132
      vertex 34 46.1136 -141.132
      vertex 37.2 45.7348 -140.934
    endloop
  endfacet
  facet normal 0 0.953477 -0.301467
    outer loop
      vertex 34 45.8638 -140.526
      vertex 37.2 45.8638 -140.526
      vertex 34 45.7348 -140.934
    endloop
  endfacet
  facet normal 0 0.953477 -0.301467
    outer loop
      vertex 37.2 45.7348 -140.934
      vertex 34 45.7348 -140.934
      vertex 37.2 45.8638 -140.526
    endloop
  endfacet
  facet normal -0 0.705353 0.708856
    outer loop
      vertex 34 45.5603 -140.224
      vertex 37.2 45.5603 -140.224
      vertex 34 45.8638 -140.526
    endloop
  endfacet
  facet normal 0 0.705353 0.708856
    outer loop
      vertex 37.2 45.8638 -140.526
      vertex 34 45.8638 -140.526
      vertex 37.2 45.5603 -140.224
    endloop
  endfacet
  facet normal 0 0.821754 -0.569843
    outer loop
      vertex 34 45.8037 -139.873
      vertex 37.2 45.8037 -139.873
      vertex 34 45.5603 -140.224
    endloop
  endfacet
  facet normal 0 0.821754 -0.569843
    outer loop
      vertex 37.2 45.5603 -140.224
      vertex 34 45.5603 -140.224
      vertex 37.2 45.8037 -139.873
    endloop
  endfacet
  facet normal -0 0.882837 0.469679
    outer loop
      vertex 34 45.6026 -139.495
      vertex 37.2 45.6026 -139.495
      vertex 34 45.8037 -139.873
    endloop
  endfacet
  facet normal 0 0.882837 0.469679
    outer loop
      vertex 37.2 45.8037 -139.873
      vertex 34 45.8037 -139.873
      vertex 37.2 45.6026 -139.495
    endloop
  endfacet
  facet normal 0 0.617594 -0.786497
    outer loop
      vertex 34 45.9388 -139.231
      vertex 37.2 45.9388 -139.231
      vertex 34 45.6026 -139.495
    endloop
  endfacet
  facet normal 0 0.617594 -0.786497
    outer loop
      vertex 37.2 45.6026 -139.495
      vertex 34 45.6026 -139.495
      vertex 37.2 45.9388 -139.231
    endloop
  endfacet
  facet normal -0 0.981906 0.189368
    outer loop
      vertex 34 45.8578 -138.811
      vertex 37.2 45.8578 -138.811
      vertex 34 45.9388 -139.231
    endloop
  endfacet
  facet normal 0 0.981906 0.189368
    outer loop
      vertex 37.2 45.9388 -139.231
      vertex 34 45.9388 -139.231
      vertex 37.2 45.8578 -138.811
    endloop
  endfacet
  facet normal 0 0.357882 -0.933767
    outer loop
      vertex 34 46.257 -138.658
      vertex 37.2 46.257 -138.658
      vertex 34 45.8578 -138.811
    endloop
  endfacet
  facet normal 0 0.357882 -0.933767
    outer loop
      vertex 37.2 45.8578 -138.811
      vertex 34 45.8578 -138.811
      vertex 37.2 46.257 -138.658
    endloop
  endfacet
  facet normal 0 0.99412 -0.10828
    outer loop
      vertex 34 46.3034 -138.232
      vertex 37.2 46.3034 -138.232
      vertex 34 46.257 -138.658
    endloop
  endfacet
  facet normal 0 0.99412 -0.10828
    outer loop
      vertex 37.2 46.257 -138.658
      vertex 34 46.257 -138.658
      vertex 37.2 46.3034 -138.232
    endloop
  endfacet
  facet normal 0 0.065479 -0.997854
    outer loop
      vertex 34 46.7301 -138.204
      vertex 37.2 46.7301 -138.204
      vertex 34 46.3034 -138.232
    endloop
  endfacet
  facet normal 0 0.065479 -0.997854
    outer loop
      vertex 37.2 46.3034 -138.232
      vertex 34 46.3034 -138.232
      vertex 37.2 46.7301 -138.204
    endloop
  endfacet
  facet normal 0 0.918066 -0.396427
    outer loop
      vertex 34 46.8998 -137.811
      vertex 37.2 46.8998 -137.811
      vertex 34 46.7301 -138.204
    endloop
  endfacet
  facet normal 0 0.918066 -0.396427
    outer loop
      vertex 37.2 46.7301 -138.204
      vertex 34 46.7301 -138.204
      vertex 37.2 46.8998 -137.811
    endloop
  endfacet
  facet normal 0 -0.229144 -0.973393
    outer loop
      vertex 34 47.3161 -137.909
      vertex 37.2 47.3161 -137.909
      vertex 34 46.8998 -137.811
    endloop
  endfacet
  facet normal -0 -0.229144 -0.973393
    outer loop
      vertex 37.2 46.8998 -137.811
      vertex 34 46.8998 -137.811
      vertex 37.2 47.3161 -137.909
    endloop
  endfacet
  facet normal 0 0.760147 -0.649751
    outer loop
      vertex 34 47.5939 -137.584
      vertex 37.2 47.5939 -137.584
      vertex 34 47.3161 -137.909
    endloop
  endfacet
  facet normal 0 0.760147 -0.649751
    outer loop
      vertex 37.2 47.3161 -137.909
      vertex 34 47.3161 -137.909
      vertex 37.2 47.5939 -137.584
    endloop
  endfacet
  facet normal 0 -0.505281 -0.862955
    outer loop
      vertex 34 47.9628 -137.8
      vertex 37.2 47.9628 -137.8
      vertex 34 47.5939 -137.584
    endloop
  endfacet
  facet normal -0 -0.505281 -0.862955
    outer loop
      vertex 37.2 47.5939 -137.584
      vertex 34 47.5939 -137.584
      vertex 37.2 47.9628 -137.8
    endloop
  endfacet
  facet normal 0 0.533676 -0.845689
    outer loop
      vertex 34 48.3241 -137.572
      vertex 37.2 48.3241 -137.572
      vertex 34 47.9628 -137.8
    endloop
  endfacet
  facet normal 0 0.533676 -0.845689
    outer loop
      vertex 37.2 47.9628 -137.8
      vertex 34 47.9628 -137.8
      vertex 37.2 48.3241 -137.572
    endloop
  endfacet
  facet normal 0 -0.737212 -0.675661
    outer loop
      vertex 34 48.6128 -137.887
      vertex 37.2 48.6128 -137.887
      vertex 34 48.3241 -137.572
    endloop
  endfacet
  facet normal -0 -0.737212 -0.675661
    outer loop
      vertex 37.2 48.3241 -137.572
      vertex 34 48.3241 -137.572
      vertex 37.2 48.6128 -137.887
    endloop
  endfacet
  facet normal 0 0.26191 -0.965092
    outer loop
      vertex 34 49.0255 -137.775
      vertex 37.2 49.0255 -137.775
      vertex 34 48.6128 -137.887
    endloop
  endfacet
  facet normal 0 0.26191 -0.965092
    outer loop
      vertex 37.2 48.6128 -137.887
      vertex 34 48.6128 -137.887
      vertex 37.2 49.0255 -137.775
    endloop
  endfacet
  facet normal 0 -0.904113 -0.427293
    outer loop
      vertex 34 49.2084 -138.162
      vertex 37.2 49.2084 -138.162
      vertex 34 49.0255 -137.775
    endloop
  endfacet
  facet normal -0 -0.904113 -0.427293
    outer loop
      vertex 37.2 49.0255 -137.775
      vertex 34 49.0255 -137.775
      vertex 37.2 49.2084 -138.162
    endloop
  endfacet
  facet normal 0 -0.0327386 -0.999464
    outer loop
      vertex 34 49.6358 -138.176
      vertex 37.2 49.6358 -138.176
      vertex 34 49.2084 -138.162
    endloop
  endfacet
  facet normal -0 -0.0327386 -0.999464
    outer loop
      vertex 37.2 49.2084 -138.162
      vertex 34 49.2084 -138.162
      vertex 37.2 49.6358 -138.176
    endloop
  endfacet
  facet normal 0 -0.989827 -0.142273
    outer loop
      vertex 34 49.6966 -138.599
      vertex 37.2 49.6966 -138.599
      vertex 34 49.6358 -138.176
    endloop
  endfacet
  facet normal -0 -0.989827 -0.142273
    outer loop
      vertex 37.2 49.6358 -138.176
      vertex 34 49.6358 -138.176
      vertex 37.2 49.6966 -138.599
    endloop
  endfacet
  facet normal 0 -0.32736 -0.9449
    outer loop
      vertex 34 50.1007 -138.739
      vertex 37.2 50.1007 -138.739
      vertex 34 49.6966 -138.599
    endloop
  endfacet
  facet normal -0 -0.32736 -0.9449
    outer loop
      vertex 37.2 49.6966 -138.599
      vertex 34 49.6966 -138.599
      vertex 37.2 50.1007 -138.739
    endloop
  endfacet
  facet normal 0 -0.987795 0.155759
    outer loop
      vertex 34 50.034 -139.162
      vertex 37.2 50.034 -139.162
      vertex 34 50.1007 -138.739
    endloop
  endfacet
  facet normal 0 -0.987795 0.155759
    outer loop
      vertex 37.2 50.1007 -138.739
      vertex 34 50.1007 -138.739
      vertex 37.2 50.034 -139.162
    endloop
  endfacet
  facet normal 0 -0.589841 -0.80752
    outer loop
      vertex 34 50.379 -139.414
      vertex 37.2 50.379 -139.414
      vertex 34 50.034 -139.162
    endloop
  endfacet
  facet normal -0 -0.589841 -0.80752
    outer loop
      vertex 37.2 50.034 -139.162
      vertex 34 50.034 -139.162
      vertex 37.2 50.379 -139.414
    endloop
  endfacet
  facet normal 0 -0.897861 0.440279
    outer loop
      vertex 34 50.1907 -139.798
      vertex 37.2 50.1907 -139.798
      vertex 34 50.379 -139.414
    endloop
  endfacet
  facet normal 0 -0.897861 0.440279
    outer loop
      vertex 37.2 50.379 -139.414
      vertex 34 50.379 -139.414
      vertex 37.2 50.1907 -139.798
    endloop
  endfacet
endsolid OpenSCAD_Model
