solid OpenSCAD_Model
  facet normal 1 -0 0
    outer loop
      vertex 37.4 56 -178.25
      vertex 37.4 58.25 -178.75
      vertex 37.4 58.25 -178.25
    endloop
  endfacet
  facet normal 1 0 0
    outer loop
      vertex 37.4 58.25 -178.75
      vertex 37.4 56 -178.25
      vertex 37.4 56 -178.75
    endloop
  endfacet
  facet normal 1 -0 0
    outer loop
      vertex 37.4 56 -177.25
      vertex 37.4 58.25 -177.75
      vertex 37.4 58.25 -177.25
    endloop
  endfacet
  facet normal 1 0 0
    outer loop
      vertex 37.4 58.25 -177.75
      vertex 37.4 56 -177.25
      vertex 37.4 56 -177.75
    endloop
  endfacet
  facet normal 1 -0 0
    outer loop
      vertex 37.4 56 -176.25
      vertex 37.4 58.25 -176.75
      vertex 37.4 58.25 -176.25
    endloop
  endfacet
  facet normal 1 0 0
    outer loop
      vertex 37.4 58.25 -176.75
      vertex 37.4 56 -176.25
      vertex 37.4 56 -176.75
    endloop
  endfacet
  facet normal 1 -0 0
    outer loop
      vertex 37.4 56 -175.25
      vertex 37.4 58.25 -175.75
      vertex 37.4 58.25 -175.25
    endloop
  endfacet
  facet normal 1 0 0
    outer loop
      vertex 37.4 58.25 -175.75
      vertex 37.4 56 -175.25
      vertex 37.4 56 -175.75
    endloop
  endfacet
  facet normal 1 -0 0
    outer loop
      vertex 37.4 56 -174.25
      vertex 37.4 58.25 -174.75
      vertex 37.4 58.25 -174.25
    endloop
  endfacet
  facet normal 1 0 0
    outer loop
      vertex 37.4 58.25 -174.75
      vertex 37.4 56 -174.25
      vertex 37.4 56 -174.75
    endloop
  endfacet
  facet normal 1 -0 0
    outer loop
      vertex 37.4 56 -173.25
      vertex 37.4 58.25 -173.75
      vertex 37.4 58.25 -173.25
    endloop
  endfacet
  facet normal 1 0 0
    outer loop
      vertex 37.4 58.25 -173.75
      vertex 37.4 56 -173.25
      vertex 37.4 56 -173.75
    endloop
  endfacet
  facet normal 1 -0 0
    outer loop
      vertex 37.4 56 -172.25
      vertex 37.4 58.25 -172.75
      vertex 37.4 58.25 -172.25
    endloop
  endfacet
  facet normal 1 0 0
    outer loop
      vertex 37.4 58.25 -172.75
      vertex 37.4 56 -172.25
      vertex 37.4 56 -172.75
    endloop
  endfacet
  facet normal 1 -0 0
    outer loop
      vertex 37.4 56 -171.25
      vertex 37.4 58.25 -171.75
      vertex 37.4 58.25 -171.25
    endloop
  endfacet
  facet normal 1 0 0
    outer loop
      vertex 37.4 58.25 -171.75
      vertex 37.4 56 -171.25
      vertex 37.4 56 -171.75
    endloop
  endfacet
  facet normal 1 -0 0
    outer loop
      vertex 37.4 56 -170.25
      vertex 37.4 58.25 -170.75
      vertex 37.4 58.25 -170.25
    endloop
  endfacet
  facet normal 1 0 0
    outer loop
      vertex 37.4 58.25 -170.75
      vertex 37.4 56 -170.25
      vertex 37.4 56 -170.75
    endloop
  endfacet
  facet normal 1 -0 0
    outer loop
      vertex 37.4 56 -169.25
      vertex 37.4 58.25 -169.75
      vertex 37.4 58.25 -169.25
    endloop
  endfacet
  facet normal 1 0 0
    outer loop
      vertex 37.4 58.25 -169.75
      vertex 37.4 56 -169.25
      vertex 37.4 56 -169.75
    endloop
  endfacet
  facet normal 1 -0 0
    outer loop
      vertex 37.4 56 -168.25
      vertex 37.4 58.25 -168.75
      vertex 37.4 58.25 -168.25
    endloop
  endfacet
  facet normal 1 0 0
    outer loop
      vertex 37.4 58.25 -168.75
      vertex 37.4 56 -168.25
      vertex 37.4 56 -168.75
    endloop
  endfacet
  facet normal 1 -0 0
    outer loop
      vertex 37.4 56 -167.25
      vertex 37.4 58.25 -167.75
      vertex 37.4 58.25 -167.25
    endloop
  endfacet
  facet normal 1 0 0
    outer loop
      vertex 37.4 58.25 -167.75
      vertex 37.4 56 -167.25
      vertex 37.4 56 -167.75
    endloop
  endfacet
  facet normal 1 -0 0
    outer loop
      vertex 37.4 56 -166.25
      vertex 37.4 58.25 -166.75
      vertex 37.4 58.25 -166.25
    endloop
  endfacet
  facet normal 1 0 0
    outer loop
      vertex 37.4 58.25 -166.75
      vertex 37.4 56 -166.25
      vertex 37.4 56 -166.75
    endloop
  endfacet
  facet normal 1 -0 0
    outer loop
      vertex 37.4 56 -165.25
      vertex 37.4 58.25 -165.75
      vertex 37.4 58.25 -165.25
    endloop
  endfacet
  facet normal 1 0 0
    outer loop
      vertex 37.4 58.25 -165.75
      vertex 37.4 56 -165.25
      vertex 37.4 56 -165.75
    endloop
  endfacet
  facet normal 1 -0 0
    outer loop
      vertex 37.4 56 -164.25
      vertex 37.4 58.25 -164.75
      vertex 37.4 58.25 -164.25
    endloop
  endfacet
  facet normal 1 0 0
    outer loop
      vertex 37.4 58.25 -164.75
      vertex 37.4 56 -164.25
      vertex 37.4 56 -164.75
    endloop
  endfacet
  facet normal 1 -0 0
    outer loop
      vertex 37.4 56 -163.25
      vertex 37.4 58.25 -163.75
      vertex 37.4 58.25 -163.25
    endloop
  endfacet
  facet normal 1 0 0
    outer loop
      vertex 37.4 58.25 -163.75
      vertex 37.4 56 -163.25
      vertex 37.4 56 -163.75
    endloop
  endfacet
  facet normal 1 -0 0
    outer loop
      vertex 37.4 56 -162.25
      vertex 37.4 58.25 -162.75
      vertex 37.4 58.25 -162.25
    endloop
  endfacet
  facet normal 1 0 0
    outer loop
      vertex 37.4 58.25 -162.75
      vertex 37.4 56 -162.25
      vertex 37.4 56 -162.75
    endloop
  endfacet
  facet normal 1 -0 0
    outer loop
      vertex 37.4 56 -161.25
      vertex 37.4 58.25 -161.75
      vertex 37.4 58.25 -161.25
    endloop
  endfacet
  facet normal 1 0 0
    outer loop
      vertex 37.4 58.25 -161.75
      vertex 37.4 56 -161.25
      vertex 37.4 56 -161.75
    endloop
  endfacet
  facet normal 1 -0 0
    outer loop
      vertex 37.4 56 -160.25
      vertex 37.4 58.25 -160.75
      vertex 37.4 58.25 -160.25
    endloop
  endfacet
  facet normal 1 0 0
    outer loop
      vertex 37.4 58.25 -160.75
      vertex 37.4 56 -160.25
      vertex 37.4 56 -160.75
    endloop
  endfacet
  facet normal 1 -0 0
    outer loop
      vertex 37.4 56 -159.25
      vertex 37.4 58.25 -159.75
      vertex 37.4 58.25 -159.25
    endloop
  endfacet
  facet normal 1 0 0
    outer loop
      vertex 37.4 58.25 -159.75
      vertex 37.4 56 -159.25
      vertex 37.4 56 -159.75
    endloop
  endfacet
  facet normal 1 -0 0
    outer loop
      vertex 37.4 56 -158.25
      vertex 37.4 58.25 -158.75
      vertex 37.4 58.25 -158.25
    endloop
  endfacet
  facet normal 1 0 0
    outer loop
      vertex 37.4 58.25 -158.75
      vertex 37.4 56 -158.25
      vertex 37.4 56 -158.75
    endloop
  endfacet
  facet normal 1 -0 0
    outer loop
      vertex 37.4 56 -157.25
      vertex 37.4 58.25 -157.75
      vertex 37.4 58.25 -157.25
    endloop
  endfacet
  facet normal 1 0 0
    outer loop
      vertex 37.4 58.25 -157.75
      vertex 37.4 56 -157.25
      vertex 37.4 56 -157.75
    endloop
  endfacet
  facet normal 1 -0 0
    outer loop
      vertex 37.4 56 -156.25
      vertex 37.4 58.25 -156.75
      vertex 37.4 58.25 -156.25
    endloop
  endfacet
  facet normal 1 0 0
    outer loop
      vertex 37.4 58.25 -156.75
      vertex 37.4 56 -156.25
      vertex 37.4 56 -156.75
    endloop
  endfacet
  facet normal 1 -0 0
    outer loop
      vertex 37.4 56 -155.25
      vertex 37.4 58.25 -155.75
      vertex 37.4 58.25 -155.25
    endloop
  endfacet
  facet normal 1 0 0
    outer loop
      vertex 37.4 58.25 -155.75
      vertex 37.4 56 -155.25
      vertex 37.4 56 -155.75
    endloop
  endfacet
  facet normal 1 -0 0
    outer loop
      vertex 37.4 56 -154.25
      vertex 37.4 58.25 -154.75
      vertex 37.4 58.25 -154.25
    endloop
  endfacet
  facet normal 1 0 0
    outer loop
      vertex 37.4 58.25 -154.75
      vertex 37.4 56 -154.25
      vertex 37.4 56 -154.75
    endloop
  endfacet
  facet normal 1 -0 0
    outer loop
      vertex 37.4 56 -153.25
      vertex 37.4 58.25 -153.75
      vertex 37.4 58.25 -153.25
    endloop
  endfacet
  facet normal 1 0 0
    outer loop
      vertex 37.4 58.25 -153.75
      vertex 37.4 56 -153.25
      vertex 37.4 56 -153.75
    endloop
  endfacet
  facet normal 1 -0 0
    outer loop
      vertex 37.4 56 -152.25
      vertex 37.4 58.25 -152.75
      vertex 37.4 58.25 -152.25
    endloop
  endfacet
  facet normal 1 0 0
    outer loop
      vertex 37.4 58.25 -152.75
      vertex 37.4 56 -152.25
      vertex 37.4 56 -152.75
    endloop
  endfacet
  facet normal 1 -0 0
    outer loop
      vertex 37.4 56 -151.25
      vertex 37.4 58.25 -151.75
      vertex 37.4 58.25 -151.25
    endloop
  endfacet
  facet normal 1 0 0
    outer loop
      vertex 37.4 58.25 -151.75
      vertex 37.4 56 -151.25
      vertex 37.4 56 -151.75
    endloop
  endfacet
  facet normal 1 -0 0
    outer loop
      vertex 37.4 56 -150.25
      vertex 37.4 58.25 -150.75
      vertex 37.4 58.25 -150.25
    endloop
  endfacet
  facet normal 1 0 0
    outer loop
      vertex 37.4 58.25 -150.75
      vertex 37.4 56 -150.25
      vertex 37.4 56 -150.75
    endloop
  endfacet
  facet normal 1 -0 0
    outer loop
      vertex 37.4 56 -149.25
      vertex 37.4 58.25 -149.75
      vertex 37.4 58.25 -149.25
    endloop
  endfacet
  facet normal 1 0 0
    outer loop
      vertex 37.4 58.25 -149.75
      vertex 37.4 56 -149.25
      vertex 37.4 56 -149.75
    endloop
  endfacet
  facet normal 1 -0 0
    outer loop
      vertex 37.4 56 -148.25
      vertex 37.4 58.25 -148.75
      vertex 37.4 58.25 -148.25
    endloop
  endfacet
  facet normal 1 0 0
    outer loop
      vertex 37.4 58.25 -148.75
      vertex 37.4 56 -148.25
      vertex 37.4 56 -148.75
    endloop
  endfacet
  facet normal 1 -0 0
    outer loop
      vertex 37.4 56 -147.25
      vertex 37.4 58.25 -147.75
      vertex 37.4 58.25 -147.25
    endloop
  endfacet
  facet normal 1 0 0
    outer loop
      vertex 37.4 58.25 -147.75
      vertex 37.4 56 -147.25
      vertex 37.4 56 -147.75
    endloop
  endfacet
  facet normal 1 -0 0
    outer loop
      vertex 37.4 56 -146.25
      vertex 37.4 58.25 -146.75
      vertex 37.4 58.25 -146.25
    endloop
  endfacet
  facet normal 1 0 0
    outer loop
      vertex 37.4 58.25 -146.75
      vertex 37.4 56 -146.25
      vertex 37.4 56 -146.75
    endloop
  endfacet
  facet normal 1 -0 0
    outer loop
      vertex 37.4 56 -145.25
      vertex 37.4 58.25 -145.75
      vertex 37.4 58.25 -145.25
    endloop
  endfacet
  facet normal 1 0 0
    outer loop
      vertex 37.4 58.25 -145.75
      vertex 37.4 56 -145.25
      vertex 37.4 56 -145.75
    endloop
  endfacet
  facet normal 1 -0 0
    outer loop
      vertex 37.4 56 -144.25
      vertex 37.4 58.25 -144.75
      vertex 37.4 58.25 -144.25
    endloop
  endfacet
  facet normal 1 0 0
    outer loop
      vertex 37.4 58.25 -144.75
      vertex 37.4 56 -144.25
      vertex 37.4 56 -144.75
    endloop
  endfacet
  facet normal 1 -0 0
    outer loop
      vertex 37.4 56 -143.25
      vertex 37.4 58.25 -143.75
      vertex 37.4 58.25 -143.25
    endloop
  endfacet
  facet normal 1 0 0
    outer loop
      vertex 37.4 58.25 -143.75
      vertex 37.4 56 -143.25
      vertex 37.4 56 -143.75
    endloop
  endfacet
  facet normal 1 -0 0
    outer loop
      vertex 37.4 56 -142.25
      vertex 37.4 58.25 -142.75
      vertex 37.4 58.25 -142.25
    endloop
  endfacet
  facet normal 1 0 0
    outer loop
      vertex 37.4 58.25 -142.75
      vertex 37.4 56 -142.25
      vertex 37.4 56 -142.75
    endloop
  endfacet
  facet normal 1 -0 0
    outer loop
      vertex 37.4 56 -141.25
      vertex 37.4 58.25 -141.75
      vertex 37.4 58.25 -141.25
    endloop
  endfacet
  facet normal 1 0 0
    outer loop
      vertex 37.4 58.25 -141.75
      vertex 37.4 56 -141.25
      vertex 37.4 56 -141.75
    endloop
  endfacet
  facet normal 1 -0 0
    outer loop
      vertex 37.4 56 -140.25
      vertex 37.4 58.25 -140.75
      vertex 37.4 58.25 -140.25
    endloop
  endfacet
  facet normal 1 0 0
    outer loop
      vertex 37.4 58.25 -140.75
      vertex 37.4 56 -140.25
      vertex 37.4 56 -140.75
    endloop
  endfacet
  facet normal 1 -0 0
    outer loop
      vertex 37.4 56 -139.25
      vertex 37.4 58.25 -139.75
      vertex 37.4 58.25 -139.25
    endloop
  endfacet
  facet normal 1 0 0
    outer loop
      vertex 37.4 58.25 -139.75
      vertex 37.4 56 -139.25
      vertex 37.4 56 -139.75
    endloop
  endfacet
  facet normal 1 -0 0
    outer loop
      vertex 37.4 56 -138.25
      vertex 37.4 58.25 -138.75
      vertex 37.4 58.25 -138.25
    endloop
  endfacet
  facet normal 1 0 0
    outer loop
      vertex 37.4 58.25 -138.75
      vertex 37.4 56 -138.25
      vertex 37.4 56 -138.75
    endloop
  endfacet
  facet normal 1 -0 0
    outer loop
      vertex 37.4 56 -137.25
      vertex 37.4 58.25 -137.75
      vertex 37.4 58.25 -137.25
    endloop
  endfacet
  facet normal 1 0 0
    outer loop
      vertex 37.4 58.25 -137.75
      vertex 37.4 56 -137.25
      vertex 37.4 56 -137.75
    endloop
  endfacet
  facet normal 1 -0 0
    outer loop
      vertex 37.4 56 -136.25
      vertex 37.4 58.25 -136.75
      vertex 37.4 58.25 -136.25
    endloop
  endfacet
  facet normal 1 0 0
    outer loop
      vertex 37.4 58.25 -136.75
      vertex 37.4 56 -136.25
      vertex 37.4 56 -136.75
    endloop
  endfacet
  facet normal 1 -0 0
    outer loop
      vertex 37.4 56 -135.25
      vertex 37.4 58.25 -135.75
      vertex 37.4 58.25 -135.25
    endloop
  endfacet
  facet normal 1 0 0
    outer loop
      vertex 37.4 58.25 -135.75
      vertex 37.4 56 -135.25
      vertex 37.4 56 -135.75
    endloop
  endfacet
  facet normal 1 -0 0
    outer loop
      vertex 37.4 56 -134.25
      vertex 37.4 58.25 -134.75
      vertex 37.4 58.25 -134.25
    endloop
  endfacet
  facet normal 1 0 0
    outer loop
      vertex 37.4 58.25 -134.75
      vertex 37.4 56 -134.25
      vertex 37.4 56 -134.75
    endloop
  endfacet
  facet normal 1 -0 0
    outer loop
      vertex 37.4 56 -133.25
      vertex 37.4 58.25 -133.75
      vertex 37.4 58.25 -133.25
    endloop
  endfacet
  facet normal 1 0 0
    outer loop
      vertex 37.4 58.25 -133.75
      vertex 37.4 56 -133.25
      vertex 37.4 56 -133.75
    endloop
  endfacet
  facet normal 1 -0 0
    outer loop
      vertex 37.4 56 -132.25
      vertex 37.4 58.25 -132.75
      vertex 37.4 58.25 -132.25
    endloop
  endfacet
  facet normal 1 0 0
    outer loop
      vertex 37.4 58.25 -132.75
      vertex 37.4 56 -132.25
      vertex 37.4 56 -132.75
    endloop
  endfacet
  facet normal 1 -0 0
    outer loop
      vertex 37.4 56 -131.25
      vertex 37.4 58.25 -131.75
      vertex 37.4 58.25 -131.25
    endloop
  endfacet
  facet normal 1 0 0
    outer loop
      vertex 37.4 58.25 -131.75
      vertex 37.4 56 -131.25
      vertex 37.4 56 -131.75
    endloop
  endfacet
  facet normal 1 -0 0
    outer loop
      vertex 37.4 56 -130.25
      vertex 37.4 58.25 -130.75
      vertex 37.4 58.25 -130.25
    endloop
  endfacet
  facet normal 1 0 0
    outer loop
      vertex 37.4 58.25 -130.75
      vertex 37.4 56 -130.25
      vertex 37.4 56 -130.75
    endloop
  endfacet
  facet normal 1 -0 0
    outer loop
      vertex 37.4 56 -129.25
      vertex 37.4 58.25 -129.75
      vertex 37.4 58.25 -129.25
    endloop
  endfacet
  facet normal 1 0 0
    outer loop
      vertex 37.4 58.25 -129.75
      vertex 37.4 56 -129.25
      vertex 37.4 56 -129.75
    endloop
  endfacet
  facet normal 1 -0 0
    outer loop
      vertex 37.4 56 -128.25
      vertex 37.4 58.25 -128.75
      vertex 37.4 58.25 -128.25
    endloop
  endfacet
  facet normal 1 0 0
    outer loop
      vertex 37.4 58.25 -128.75
      vertex 37.4 56 -128.25
      vertex 37.4 56 -128.75
    endloop
  endfacet
  facet normal 1 -0 0
    outer loop
      vertex 37.4 56 -127.25
      vertex 37.4 58.25 -127.75
      vertex 37.4 58.25 -127.25
    endloop
  endfacet
  facet normal 1 0 0
    outer loop
      vertex 37.4 58.25 -127.75
      vertex 37.4 56 -127.25
      vertex 37.4 56 -127.75
    endloop
  endfacet
  facet normal 1 0 0
    outer loop
      vertex 37.4 61.5 -127
      vertex 37.4 60 -179
      vertex 37.4 61.5 -187
    endloop
  endfacet
  facet normal 1 0 0
    outer loop
      vertex 37.4 58.25 -127.25
      vertex 37.4 61.5 -127
      vertex 37.4 58.25 -127
    endloop
  endfacet
  facet normal 1 0 0
    outer loop
      vertex 37.4 58.25 -127.75
      vertex 37.4 61.5 -127
      vertex 37.4 58.25 -127.25
    endloop
  endfacet
  facet normal 1 0 0
    outer loop
      vertex 37.4 58.25 -128.25
      vertex 37.4 61.5 -127
      vertex 37.4 58.25 -127.75
    endloop
  endfacet
  facet normal 1 0 0
    outer loop
      vertex 37.4 58.25 -128.75
      vertex 37.4 61.5 -127
      vertex 37.4 58.25 -128.25
    endloop
  endfacet
  facet normal 1 0 0
    outer loop
      vertex 37.4 58.25 -129.25
      vertex 37.4 61.5 -127
      vertex 37.4 58.25 -128.75
    endloop
  endfacet
  facet normal 1 0 0
    outer loop
      vertex 37.4 58.25 -129.75
      vertex 37.4 61.5 -127
      vertex 37.4 58.25 -129.25
    endloop
  endfacet
  facet normal 1 0 0
    outer loop
      vertex 37.4 58.25 -130.25
      vertex 37.4 61.5 -127
      vertex 37.4 58.25 -129.75
    endloop
  endfacet
  facet normal 1 0 0
    outer loop
      vertex 37.4 58.25 -130.75
      vertex 37.4 61.5 -127
      vertex 37.4 58.25 -130.25
    endloop
  endfacet
  facet normal 1 0 0
    outer loop
      vertex 37.4 58.25 -131.25
      vertex 37.4 61.5 -127
      vertex 37.4 58.25 -130.75
    endloop
  endfacet
  facet normal 1 0 0
    outer loop
      vertex 37.4 58.25 -131.75
      vertex 37.4 61.5 -127
      vertex 37.4 58.25 -131.25
    endloop
  endfacet
  facet normal 1 0 0
    outer loop
      vertex 37.4 58.25 -132.25
      vertex 37.4 61.5 -127
      vertex 37.4 58.25 -131.75
    endloop
  endfacet
  facet normal 1 0 0
    outer loop
      vertex 37.4 58.25 -132.75
      vertex 37.4 61.5 -127
      vertex 37.4 58.25 -132.25
    endloop
  endfacet
  facet normal 1 0 0
    outer loop
      vertex 37.4 58.25 -133.25
      vertex 37.4 61.5 -127
      vertex 37.4 58.25 -132.75
    endloop
  endfacet
  facet normal 1 0 0
    outer loop
      vertex 37.4 58.25 -133.75
      vertex 37.4 61.5 -127
      vertex 37.4 58.25 -133.25
    endloop
  endfacet
  facet normal 1 0 0
    outer loop
      vertex 37.4 58.25 -134.25
      vertex 37.4 61.5 -127
      vertex 37.4 58.25 -133.75
    endloop
  endfacet
  facet normal 1 0 0
    outer loop
      vertex 37.4 58.25 -134.75
      vertex 37.4 61.5 -127
      vertex 37.4 58.25 -134.25
    endloop
  endfacet
  facet normal 1 0 0
    outer loop
      vertex 37.4 58.25 -135.25
      vertex 37.4 61.5 -127
      vertex 37.4 58.25 -134.75
    endloop
  endfacet
  facet normal 1 0 0
    outer loop
      vertex 37.4 58.25 -135.75
      vertex 37.4 61.5 -127
      vertex 37.4 58.25 -135.25
    endloop
  endfacet
  facet normal 1 0 0
    outer loop
      vertex 37.4 58.25 -136.25
      vertex 37.4 61.5 -127
      vertex 37.4 58.25 -135.75
    endloop
  endfacet
  facet normal 1 0 0
    outer loop
      vertex 37.4 58.25 -136.75
      vertex 37.4 61.5 -127
      vertex 37.4 58.25 -136.25
    endloop
  endfacet
  facet normal 1 0 0
    outer loop
      vertex 37.4 58.25 -137.25
      vertex 37.4 61.5 -127
      vertex 37.4 58.25 -136.75
    endloop
  endfacet
  facet normal 1 0 0
    outer loop
      vertex 37.4 58.25 -137.75
      vertex 37.4 61.5 -127
      vertex 37.4 58.25 -137.25
    endloop
  endfacet
  facet normal 1 0 0
    outer loop
      vertex 37.4 58.25 -138.25
      vertex 37.4 61.5 -127
      vertex 37.4 58.25 -137.75
    endloop
  endfacet
  facet normal 1 0 0
    outer loop
      vertex 37.4 58.25 -138.75
      vertex 37.4 61.5 -127
      vertex 37.4 58.25 -138.25
    endloop
  endfacet
  facet normal 1 0 0
    outer loop
      vertex 37.4 58.25 -139.25
      vertex 37.4 61.5 -127
      vertex 37.4 58.25 -138.75
    endloop
  endfacet
  facet normal 1 0 0
    outer loop
      vertex 37.4 58.25 -139.75
      vertex 37.4 61.5 -127
      vertex 37.4 58.25 -139.25
    endloop
  endfacet
  facet normal 1 0 0
    outer loop
      vertex 37.4 58.25 -140.25
      vertex 37.4 61.5 -127
      vertex 37.4 58.25 -139.75
    endloop
  endfacet
  facet normal 1 0 0
    outer loop
      vertex 37.4 58.25 -140.75
      vertex 37.4 61.5 -127
      vertex 37.4 58.25 -140.25
    endloop
  endfacet
  facet normal 1 0 0
    outer loop
      vertex 37.4 58.25 -141.25
      vertex 37.4 61.5 -127
      vertex 37.4 58.25 -140.75
    endloop
  endfacet
  facet normal 1 0 0
    outer loop
      vertex 37.4 58.25 -141.75
      vertex 37.4 61.5 -127
      vertex 37.4 58.25 -141.25
    endloop
  endfacet
  facet normal 1 0 0
    outer loop
      vertex 37.4 58.25 -142.25
      vertex 37.4 61.5 -127
      vertex 37.4 58.25 -141.75
    endloop
  endfacet
  facet normal 1 0 0
    outer loop
      vertex 37.4 58.25 -142.75
      vertex 37.4 61.5 -127
      vertex 37.4 58.25 -142.25
    endloop
  endfacet
  facet normal 1 0 0
    outer loop
      vertex 37.4 58.25 -143.25
      vertex 37.4 61.5 -127
      vertex 37.4 58.25 -142.75
    endloop
  endfacet
  facet normal 1 0 0
    outer loop
      vertex 37.4 58.25 -143.75
      vertex 37.4 61.5 -127
      vertex 37.4 58.25 -143.25
    endloop
  endfacet
  facet normal 1 0 0
    outer loop
      vertex 37.4 58.25 -144.25
      vertex 37.4 61.5 -127
      vertex 37.4 58.25 -143.75
    endloop
  endfacet
  facet normal 1 0 0
    outer loop
      vertex 37.4 58.25 -144.75
      vertex 37.4 61.5 -127
      vertex 37.4 58.25 -144.25
    endloop
  endfacet
  facet normal 1 0 0
    outer loop
      vertex 37.4 58.25 -145.25
      vertex 37.4 61.5 -127
      vertex 37.4 58.25 -144.75
    endloop
  endfacet
  facet normal 1 0 0
    outer loop
      vertex 37.4 58.25 -145.75
      vertex 37.4 61.5 -127
      vertex 37.4 58.25 -145.25
    endloop
  endfacet
  facet normal 1 0 0
    outer loop
      vertex 37.4 58.25 -146.25
      vertex 37.4 61.5 -127
      vertex 37.4 58.25 -145.75
    endloop
  endfacet
  facet normal 1 0 0
    outer loop
      vertex 37.4 58.25 -146.75
      vertex 37.4 61.5 -127
      vertex 37.4 58.25 -146.25
    endloop
  endfacet
  facet normal 1 0 0
    outer loop
      vertex 37.4 58.25 -147.25
      vertex 37.4 61.5 -127
      vertex 37.4 58.25 -146.75
    endloop
  endfacet
  facet normal 1 0 0
    outer loop
      vertex 37.4 58.25 -147.75
      vertex 37.4 61.5 -127
      vertex 37.4 58.25 -147.25
    endloop
  endfacet
  facet normal 1 0 0
    outer loop
      vertex 37.4 58.25 -148.25
      vertex 37.4 61.5 -127
      vertex 37.4 58.25 -147.75
    endloop
  endfacet
  facet normal 1 0 0
    outer loop
      vertex 37.4 58.25 -148.75
      vertex 37.4 61.5 -127
      vertex 37.4 58.25 -148.25
    endloop
  endfacet
  facet normal 1 0 0
    outer loop
      vertex 37.4 58.25 -149.25
      vertex 37.4 61.5 -127
      vertex 37.4 58.25 -148.75
    endloop
  endfacet
  facet normal 1 0 0
    outer loop
      vertex 37.4 58.25 -149.75
      vertex 37.4 61.5 -127
      vertex 37.4 58.25 -149.25
    endloop
  endfacet
  facet normal 1 0 0
    outer loop
      vertex 37.4 58.25 -150.25
      vertex 37.4 61.5 -127
      vertex 37.4 58.25 -149.75
    endloop
  endfacet
  facet normal 1 0 0
    outer loop
      vertex 37.4 58.25 -150.75
      vertex 37.4 61.5 -127
      vertex 37.4 58.25 -150.25
    endloop
  endfacet
  facet normal 1 0 0
    outer loop
      vertex 37.4 58.25 -151.25
      vertex 37.4 61.5 -127
      vertex 37.4 58.25 -150.75
    endloop
  endfacet
  facet normal 1 0 0
    outer loop
      vertex 37.4 58.25 -151.75
      vertex 37.4 61.5 -127
      vertex 37.4 58.25 -151.25
    endloop
  endfacet
  facet normal 1 0 0
    outer loop
      vertex 37.4 58.25 -152.25
      vertex 37.4 61.5 -127
      vertex 37.4 58.25 -151.75
    endloop
  endfacet
  facet normal 1 0 0
    outer loop
      vertex 37.4 58.25 -152.75
      vertex 37.4 61.5 -127
      vertex 37.4 58.25 -152.25
    endloop
  endfacet
  facet normal 1 0 0
    outer loop
      vertex 37.4 58.25 -153.25
      vertex 37.4 61.5 -127
      vertex 37.4 58.25 -152.75
    endloop
  endfacet
  facet normal 1 0 0
    outer loop
      vertex 37.4 58.25 -153.75
      vertex 37.4 61.5 -127
      vertex 37.4 58.25 -153.25
    endloop
  endfacet
  facet normal 1 0 0
    outer loop
      vertex 37.4 58.25 -154.25
      vertex 37.4 61.5 -127
      vertex 37.4 58.25 -153.75
    endloop
  endfacet
  facet normal 1 0 0
    outer loop
      vertex 37.4 58.25 -154.75
      vertex 37.4 61.5 -127
      vertex 37.4 58.25 -154.25
    endloop
  endfacet
  facet normal 1 0 0
    outer loop
      vertex 37.4 58.25 -155.25
      vertex 37.4 61.5 -127
      vertex 37.4 58.25 -154.75
    endloop
  endfacet
  facet normal 1 0 0
    outer loop
      vertex 37.4 58.25 -155.75
      vertex 37.4 61.5 -127
      vertex 37.4 58.25 -155.25
    endloop
  endfacet
  facet normal 1 0 0
    outer loop
      vertex 37.4 61.5 -127
      vertex 37.4 58.25 -155.75
      vertex 37.4 60 -179
    endloop
  endfacet
  facet normal 1 -0 0
    outer loop
      vertex 37.4 58.25 -156.25
      vertex 37.4 60 -179
      vertex 37.4 58.25 -155.75
    endloop
  endfacet
  facet normal 1 -0 0
    outer loop
      vertex 37.4 58.25 -156.75
      vertex 37.4 60 -179
      vertex 37.4 58.25 -156.25
    endloop
  endfacet
  facet normal 1 -0 0
    outer loop
      vertex 37.4 58.25 -157.25
      vertex 37.4 60 -179
      vertex 37.4 58.25 -156.75
    endloop
  endfacet
  facet normal 1 -0 0
    outer loop
      vertex 37.4 58.25 -157.75
      vertex 37.4 60 -179
      vertex 37.4 58.25 -157.25
    endloop
  endfacet
  facet normal 1 -0 0
    outer loop
      vertex 37.4 58.25 -158.25
      vertex 37.4 60 -179
      vertex 37.4 58.25 -157.75
    endloop
  endfacet
  facet normal 1 -0 0
    outer loop
      vertex 37.4 58.25 -158.75
      vertex 37.4 60 -179
      vertex 37.4 58.25 -158.25
    endloop
  endfacet
  facet normal 1 -0 0
    outer loop
      vertex 37.4 58.25 -159.25
      vertex 37.4 60 -179
      vertex 37.4 58.25 -158.75
    endloop
  endfacet
  facet normal 1 -0 0
    outer loop
      vertex 37.4 58.25 -159.75
      vertex 37.4 60 -179
      vertex 37.4 58.25 -159.25
    endloop
  endfacet
  facet normal 1 -0 0
    outer loop
      vertex 37.4 58.25 -160.25
      vertex 37.4 60 -179
      vertex 37.4 58.25 -159.75
    endloop
  endfacet
  facet normal 1 -0 0
    outer loop
      vertex 37.4 58.25 -160.75
      vertex 37.4 60 -179
      vertex 37.4 58.25 -160.25
    endloop
  endfacet
  facet normal 1 -0 0
    outer loop
      vertex 37.4 58.25 -161.25
      vertex 37.4 60 -179
      vertex 37.4 58.25 -160.75
    endloop
  endfacet
  facet normal 1 -0 0
    outer loop
      vertex 37.4 58.25 -161.75
      vertex 37.4 60 -179
      vertex 37.4 58.25 -161.25
    endloop
  endfacet
  facet normal 1 -0 0
    outer loop
      vertex 37.4 58.25 -162.25
      vertex 37.4 60 -179
      vertex 37.4 58.25 -161.75
    endloop
  endfacet
  facet normal 1 -0 0
    outer loop
      vertex 37.4 58.25 -162.75
      vertex 37.4 60 -179
      vertex 37.4 58.25 -162.25
    endloop
  endfacet
  facet normal 1 -0 0
    outer loop
      vertex 37.4 58.25 -163.25
      vertex 37.4 60 -179
      vertex 37.4 58.25 -162.75
    endloop
  endfacet
  facet normal 1 -0 0
    outer loop
      vertex 37.4 58.25 -163.75
      vertex 37.4 60 -179
      vertex 37.4 58.25 -163.25
    endloop
  endfacet
  facet normal 1 -0 0
    outer loop
      vertex 37.4 58.25 -164.25
      vertex 37.4 60 -179
      vertex 37.4 58.25 -163.75
    endloop
  endfacet
  facet normal 1 -0 0
    outer loop
      vertex 37.4 58.25 -164.75
      vertex 37.4 60 -179
      vertex 37.4 58.25 -164.25
    endloop
  endfacet
  facet normal 1 -0 0
    outer loop
      vertex 37.4 58.25 -165.25
      vertex 37.4 60 -179
      vertex 37.4 58.25 -164.75
    endloop
  endfacet
  facet normal 1 -0 0
    outer loop
      vertex 37.4 58.25 -165.75
      vertex 37.4 60 -179
      vertex 37.4 58.25 -165.25
    endloop
  endfacet
  facet normal 1 -0 0
    outer loop
      vertex 37.4 58.25 -166.25
      vertex 37.4 60 -179
      vertex 37.4 58.25 -165.75
    endloop
  endfacet
  facet normal 1 -0 0
    outer loop
      vertex 37.4 58.25 -166.75
      vertex 37.4 60 -179
      vertex 37.4 58.25 -166.25
    endloop
  endfacet
  facet normal 1 -0 0
    outer loop
      vertex 37.4 58.25 -167.25
      vertex 37.4 60 -179
      vertex 37.4 58.25 -166.75
    endloop
  endfacet
  facet normal 1 -0 0
    outer loop
      vertex 37.4 58.25 -167.75
      vertex 37.4 60 -179
      vertex 37.4 58.25 -167.25
    endloop
  endfacet
  facet normal 1 -0 0
    outer loop
      vertex 37.4 58.25 -168.25
      vertex 37.4 60 -179
      vertex 37.4 58.25 -167.75
    endloop
  endfacet
  facet normal 1 -0 0
    outer loop
      vertex 37.4 58.25 -168.75
      vertex 37.4 60 -179
      vertex 37.4 58.25 -168.25
    endloop
  endfacet
  facet normal 1 -0 0
    outer loop
      vertex 37.4 58.25 -169.25
      vertex 37.4 60 -179
      vertex 37.4 58.25 -168.75
    endloop
  endfacet
  facet normal 1 -0 0
    outer loop
      vertex 37.4 58.25 -169.75
      vertex 37.4 60 -179
      vertex 37.4 58.25 -169.25
    endloop
  endfacet
  facet normal 1 -0 0
    outer loop
      vertex 37.4 58.25 -170.25
      vertex 37.4 60 -179
      vertex 37.4 58.25 -169.75
    endloop
  endfacet
  facet normal 1 -0 0
    outer loop
      vertex 37.4 58.25 -170.75
      vertex 37.4 60 -179
      vertex 37.4 58.25 -170.25
    endloop
  endfacet
  facet normal 1 -0 0
    outer loop
      vertex 37.4 58.25 -171.25
      vertex 37.4 60 -179
      vertex 37.4 58.25 -170.75
    endloop
  endfacet
  facet normal 1 -0 0
    outer loop
      vertex 37.4 58.25 -171.75
      vertex 37.4 60 -179
      vertex 37.4 58.25 -171.25
    endloop
  endfacet
  facet normal 1 -0 0
    outer loop
      vertex 37.4 58.25 -172.25
      vertex 37.4 60 -179
      vertex 37.4 58.25 -171.75
    endloop
  endfacet
  facet normal 1 -0 0
    outer loop
      vertex 37.4 58.25 -172.75
      vertex 37.4 60 -179
      vertex 37.4 58.25 -172.25
    endloop
  endfacet
  facet normal 1 -0 0
    outer loop
      vertex 37.4 58.25 -173.25
      vertex 37.4 60 -179
      vertex 37.4 58.25 -172.75
    endloop
  endfacet
  facet normal 1 -0 0
    outer loop
      vertex 37.4 58.25 -173.75
      vertex 37.4 60 -179
      vertex 37.4 58.25 -173.25
    endloop
  endfacet
  facet normal 1 -0 0
    outer loop
      vertex 37.4 58.25 -174.25
      vertex 37.4 60 -179
      vertex 37.4 58.25 -173.75
    endloop
  endfacet
  facet normal 1 -0 0
    outer loop
      vertex 37.4 58.25 -174.75
      vertex 37.4 60 -179
      vertex 37.4 58.25 -174.25
    endloop
  endfacet
  facet normal 1 -0 0
    outer loop
      vertex 37.4 58.25 -175.25
      vertex 37.4 60 -179
      vertex 37.4 58.25 -174.75
    endloop
  endfacet
  facet normal 1 -0 0
    outer loop
      vertex 37.4 58.25 -175.75
      vertex 37.4 60 -179
      vertex 37.4 58.25 -175.25
    endloop
  endfacet
  facet normal 1 -0 0
    outer loop
      vertex 37.4 58.25 -176.25
      vertex 37.4 60 -179
      vertex 37.4 58.25 -175.75
    endloop
  endfacet
  facet normal 1 -0 0
    outer loop
      vertex 37.4 58.25 -176.75
      vertex 37.4 60 -179
      vertex 37.4 58.25 -176.25
    endloop
  endfacet
  facet normal 1 -0 0
    outer loop
      vertex 37.4 58.25 -177.25
      vertex 37.4 60 -179
      vertex 37.4 58.25 -176.75
    endloop
  endfacet
  facet normal 1 -0 0
    outer loop
      vertex 37.4 58.25 -177.75
      vertex 37.4 60 -179
      vertex 37.4 58.25 -177.25
    endloop
  endfacet
  facet normal 1 -0 0
    outer loop
      vertex 37.4 58.25 -178.25
      vertex 37.4 60 -179
      vertex 37.4 58.25 -177.75
    endloop
  endfacet
  facet normal 1 -0 0
    outer loop
      vertex 37.4 58.25 -178.75
      vertex 37.4 60 -179
      vertex 37.4 58.25 -178.25
    endloop
  endfacet
  facet normal 1 0 0
    outer loop
      vertex 37.4 60 -179
      vertex 37.4 58.25 -178.75
      vertex 37.4 58.25 -179
    endloop
  endfacet
  facet normal 1 0 0
    outer loop
      vertex 37.4 61.5 -187
      vertex 37.4 60 -179
      vertex 37.4 60 -187
    endloop
  endfacet
  facet normal -1 0 0
    outer loop
      vertex 33.8 56 -127.75
      vertex 33.8 58.25 -127.25
      vertex 33.8 58.25 -127.75
    endloop
  endfacet
  facet normal -1 -0 0
    outer loop
      vertex 33.8 58.25 -127.25
      vertex 33.8 56 -127.75
      vertex 33.8 56 -127.25
    endloop
  endfacet
  facet normal -1 0 0
    outer loop
      vertex 33.8 56 -128.75
      vertex 33.8 58.25 -128.25
      vertex 33.8 58.25 -128.75
    endloop
  endfacet
  facet normal -1 -0 0
    outer loop
      vertex 33.8 58.25 -128.25
      vertex 33.8 56 -128.75
      vertex 33.8 56 -128.25
    endloop
  endfacet
  facet normal -1 0 0
    outer loop
      vertex 33.8 56 -129.75
      vertex 33.8 58.25 -129.25
      vertex 33.8 58.25 -129.75
    endloop
  endfacet
  facet normal -1 -0 0
    outer loop
      vertex 33.8 58.25 -129.25
      vertex 33.8 56 -129.75
      vertex 33.8 56 -129.25
    endloop
  endfacet
  facet normal -1 0 0
    outer loop
      vertex 33.8 56 -130.75
      vertex 33.8 58.25 -130.25
      vertex 33.8 58.25 -130.75
    endloop
  endfacet
  facet normal -1 -0 0
    outer loop
      vertex 33.8 58.25 -130.25
      vertex 33.8 56 -130.75
      vertex 33.8 56 -130.25
    endloop
  endfacet
  facet normal -1 0 0
    outer loop
      vertex 33.8 56 -131.75
      vertex 33.8 58.25 -131.25
      vertex 33.8 58.25 -131.75
    endloop
  endfacet
  facet normal -1 -0 0
    outer loop
      vertex 33.8 58.25 -131.25
      vertex 33.8 56 -131.75
      vertex 33.8 56 -131.25
    endloop
  endfacet
  facet normal -1 0 0
    outer loop
      vertex 33.8 56 -132.75
      vertex 33.8 58.25 -132.25
      vertex 33.8 58.25 -132.75
    endloop
  endfacet
  facet normal -1 -0 0
    outer loop
      vertex 33.8 58.25 -132.25
      vertex 33.8 56 -132.75
      vertex 33.8 56 -132.25
    endloop
  endfacet
  facet normal -1 0 0
    outer loop
      vertex 33.8 56 -133.75
      vertex 33.8 58.25 -133.25
      vertex 33.8 58.25 -133.75
    endloop
  endfacet
  facet normal -1 -0 0
    outer loop
      vertex 33.8 58.25 -133.25
      vertex 33.8 56 -133.75
      vertex 33.8 56 -133.25
    endloop
  endfacet
  facet normal -1 0 0
    outer loop
      vertex 33.8 56 -134.75
      vertex 33.8 58.25 -134.25
      vertex 33.8 58.25 -134.75
    endloop
  endfacet
  facet normal -1 -0 0
    outer loop
      vertex 33.8 58.25 -134.25
      vertex 33.8 56 -134.75
      vertex 33.8 56 -134.25
    endloop
  endfacet
  facet normal -1 0 0
    outer loop
      vertex 33.8 56 -135.75
      vertex 33.8 58.25 -135.25
      vertex 33.8 58.25 -135.75
    endloop
  endfacet
  facet normal -1 -0 0
    outer loop
      vertex 33.8 58.25 -135.25
      vertex 33.8 56 -135.75
      vertex 33.8 56 -135.25
    endloop
  endfacet
  facet normal -1 0 0
    outer loop
      vertex 33.8 56 -136.75
      vertex 33.8 58.25 -136.25
      vertex 33.8 58.25 -136.75
    endloop
  endfacet
  facet normal -1 -0 0
    outer loop
      vertex 33.8 58.25 -136.25
      vertex 33.8 56 -136.75
      vertex 33.8 56 -136.25
    endloop
  endfacet
  facet normal -1 0 0
    outer loop
      vertex 33.8 56 -137.75
      vertex 33.8 58.25 -137.25
      vertex 33.8 58.25 -137.75
    endloop
  endfacet
  facet normal -1 -0 0
    outer loop
      vertex 33.8 58.25 -137.25
      vertex 33.8 56 -137.75
      vertex 33.8 56 -137.25
    endloop
  endfacet
  facet normal -1 0 0
    outer loop
      vertex 33.8 56 -138.75
      vertex 33.8 58.25 -138.25
      vertex 33.8 58.25 -138.75
    endloop
  endfacet
  facet normal -1 -0 0
    outer loop
      vertex 33.8 58.25 -138.25
      vertex 33.8 56 -138.75
      vertex 33.8 56 -138.25
    endloop
  endfacet
  facet normal -1 0 0
    outer loop
      vertex 33.8 56 -139.75
      vertex 33.8 58.25 -139.25
      vertex 33.8 58.25 -139.75
    endloop
  endfacet
  facet normal -1 -0 0
    outer loop
      vertex 33.8 58.25 -139.25
      vertex 33.8 56 -139.75
      vertex 33.8 56 -139.25
    endloop
  endfacet
  facet normal -1 0 0
    outer loop
      vertex 33.8 56 -140.75
      vertex 33.8 58.25 -140.25
      vertex 33.8 58.25 -140.75
    endloop
  endfacet
  facet normal -1 -0 0
    outer loop
      vertex 33.8 58.25 -140.25
      vertex 33.8 56 -140.75
      vertex 33.8 56 -140.25
    endloop
  endfacet
  facet normal -1 0 0
    outer loop
      vertex 33.8 56 -141.75
      vertex 33.8 58.25 -141.25
      vertex 33.8 58.25 -141.75
    endloop
  endfacet
  facet normal -1 -0 0
    outer loop
      vertex 33.8 58.25 -141.25
      vertex 33.8 56 -141.75
      vertex 33.8 56 -141.25
    endloop
  endfacet
  facet normal -1 0 0
    outer loop
      vertex 33.8 56 -142.75
      vertex 33.8 58.25 -142.25
      vertex 33.8 58.25 -142.75
    endloop
  endfacet
  facet normal -1 -0 0
    outer loop
      vertex 33.8 58.25 -142.25
      vertex 33.8 56 -142.75
      vertex 33.8 56 -142.25
    endloop
  endfacet
  facet normal -1 0 0
    outer loop
      vertex 33.8 56 -143.75
      vertex 33.8 58.25 -143.25
      vertex 33.8 58.25 -143.75
    endloop
  endfacet
  facet normal -1 -0 0
    outer loop
      vertex 33.8 58.25 -143.25
      vertex 33.8 56 -143.75
      vertex 33.8 56 -143.25
    endloop
  endfacet
  facet normal -1 0 0
    outer loop
      vertex 33.8 56 -144.75
      vertex 33.8 58.25 -144.25
      vertex 33.8 58.25 -144.75
    endloop
  endfacet
  facet normal -1 -0 0
    outer loop
      vertex 33.8 58.25 -144.25
      vertex 33.8 56 -144.75
      vertex 33.8 56 -144.25
    endloop
  endfacet
  facet normal -1 0 0
    outer loop
      vertex 33.8 56 -145.75
      vertex 33.8 58.25 -145.25
      vertex 33.8 58.25 -145.75
    endloop
  endfacet
  facet normal -1 -0 0
    outer loop
      vertex 33.8 58.25 -145.25
      vertex 33.8 56 -145.75
      vertex 33.8 56 -145.25
    endloop
  endfacet
  facet normal -1 0 0
    outer loop
      vertex 33.8 56 -146.75
      vertex 33.8 58.25 -146.25
      vertex 33.8 58.25 -146.75
    endloop
  endfacet
  facet normal -1 -0 0
    outer loop
      vertex 33.8 58.25 -146.25
      vertex 33.8 56 -146.75
      vertex 33.8 56 -146.25
    endloop
  endfacet
  facet normal -1 0 0
    outer loop
      vertex 33.8 56 -147.75
      vertex 33.8 58.25 -147.25
      vertex 33.8 58.25 -147.75
    endloop
  endfacet
  facet normal -1 -0 0
    outer loop
      vertex 33.8 58.25 -147.25
      vertex 33.8 56 -147.75
      vertex 33.8 56 -147.25
    endloop
  endfacet
  facet normal -1 0 0
    outer loop
      vertex 33.8 56 -148.75
      vertex 33.8 58.25 -148.25
      vertex 33.8 58.25 -148.75
    endloop
  endfacet
  facet normal -1 -0 0
    outer loop
      vertex 33.8 58.25 -148.25
      vertex 33.8 56 -148.75
      vertex 33.8 56 -148.25
    endloop
  endfacet
  facet normal -1 0 0
    outer loop
      vertex 33.8 56 -149.75
      vertex 33.8 58.25 -149.25
      vertex 33.8 58.25 -149.75
    endloop
  endfacet
  facet normal -1 -0 0
    outer loop
      vertex 33.8 58.25 -149.25
      vertex 33.8 56 -149.75
      vertex 33.8 56 -149.25
    endloop
  endfacet
  facet normal -1 0 0
    outer loop
      vertex 33.8 56 -150.75
      vertex 33.8 58.25 -150.25
      vertex 33.8 58.25 -150.75
    endloop
  endfacet
  facet normal -1 -0 0
    outer loop
      vertex 33.8 58.25 -150.25
      vertex 33.8 56 -150.75
      vertex 33.8 56 -150.25
    endloop
  endfacet
  facet normal -1 0 0
    outer loop
      vertex 33.8 56 -151.75
      vertex 33.8 58.25 -151.25
      vertex 33.8 58.25 -151.75
    endloop
  endfacet
  facet normal -1 -0 0
    outer loop
      vertex 33.8 58.25 -151.25
      vertex 33.8 56 -151.75
      vertex 33.8 56 -151.25
    endloop
  endfacet
  facet normal -1 0 0
    outer loop
      vertex 33.8 56 -152.75
      vertex 33.8 58.25 -152.25
      vertex 33.8 58.25 -152.75
    endloop
  endfacet
  facet normal -1 -0 0
    outer loop
      vertex 33.8 58.25 -152.25
      vertex 33.8 56 -152.75
      vertex 33.8 56 -152.25
    endloop
  endfacet
  facet normal -1 0 0
    outer loop
      vertex 33.8 56 -153.75
      vertex 33.8 58.25 -153.25
      vertex 33.8 58.25 -153.75
    endloop
  endfacet
  facet normal -1 -0 0
    outer loop
      vertex 33.8 58.25 -153.25
      vertex 33.8 56 -153.75
      vertex 33.8 56 -153.25
    endloop
  endfacet
  facet normal -1 0 0
    outer loop
      vertex 33.8 56 -154.75
      vertex 33.8 58.25 -154.25
      vertex 33.8 58.25 -154.75
    endloop
  endfacet
  facet normal -1 -0 0
    outer loop
      vertex 33.8 58.25 -154.25
      vertex 33.8 56 -154.75
      vertex 33.8 56 -154.25
    endloop
  endfacet
  facet normal -1 0 0
    outer loop
      vertex 33.8 56 -155.75
      vertex 33.8 58.25 -155.25
      vertex 33.8 58.25 -155.75
    endloop
  endfacet
  facet normal -1 -0 0
    outer loop
      vertex 33.8 58.25 -155.25
      vertex 33.8 56 -155.75
      vertex 33.8 56 -155.25
    endloop
  endfacet
  facet normal -1 0 0
    outer loop
      vertex 33.8 56 -156.75
      vertex 33.8 58.25 -156.25
      vertex 33.8 58.25 -156.75
    endloop
  endfacet
  facet normal -1 -0 0
    outer loop
      vertex 33.8 58.25 -156.25
      vertex 33.8 56 -156.75
      vertex 33.8 56 -156.25
    endloop
  endfacet
  facet normal -1 0 0
    outer loop
      vertex 33.8 56 -157.75
      vertex 33.8 58.25 -157.25
      vertex 33.8 58.25 -157.75
    endloop
  endfacet
  facet normal -1 -0 0
    outer loop
      vertex 33.8 58.25 -157.25
      vertex 33.8 56 -157.75
      vertex 33.8 56 -157.25
    endloop
  endfacet
  facet normal -1 0 0
    outer loop
      vertex 33.8 56 -158.75
      vertex 33.8 58.25 -158.25
      vertex 33.8 58.25 -158.75
    endloop
  endfacet
  facet normal -1 -0 0
    outer loop
      vertex 33.8 58.25 -158.25
      vertex 33.8 56 -158.75
      vertex 33.8 56 -158.25
    endloop
  endfacet
  facet normal -1 0 0
    outer loop
      vertex 33.8 56 -159.75
      vertex 33.8 58.25 -159.25
      vertex 33.8 58.25 -159.75
    endloop
  endfacet
  facet normal -1 -0 0
    outer loop
      vertex 33.8 58.25 -159.25
      vertex 33.8 56 -159.75
      vertex 33.8 56 -159.25
    endloop
  endfacet
  facet normal -1 0 0
    outer loop
      vertex 33.8 56 -160.75
      vertex 33.8 58.25 -160.25
      vertex 33.8 58.25 -160.75
    endloop
  endfacet
  facet normal -1 -0 0
    outer loop
      vertex 33.8 58.25 -160.25
      vertex 33.8 56 -160.75
      vertex 33.8 56 -160.25
    endloop
  endfacet
  facet normal -1 0 0
    outer loop
      vertex 33.8 56 -161.75
      vertex 33.8 58.25 -161.25
      vertex 33.8 58.25 -161.75
    endloop
  endfacet
  facet normal -1 -0 0
    outer loop
      vertex 33.8 58.25 -161.25
      vertex 33.8 56 -161.75
      vertex 33.8 56 -161.25
    endloop
  endfacet
  facet normal -1 0 0
    outer loop
      vertex 33.8 56 -162.75
      vertex 33.8 58.25 -162.25
      vertex 33.8 58.25 -162.75
    endloop
  endfacet
  facet normal -1 -0 0
    outer loop
      vertex 33.8 58.25 -162.25
      vertex 33.8 56 -162.75
      vertex 33.8 56 -162.25
    endloop
  endfacet
  facet normal -1 0 0
    outer loop
      vertex 33.8 56 -163.75
      vertex 33.8 58.25 -163.25
      vertex 33.8 58.25 -163.75
    endloop
  endfacet
  facet normal -1 -0 0
    outer loop
      vertex 33.8 58.25 -163.25
      vertex 33.8 56 -163.75
      vertex 33.8 56 -163.25
    endloop
  endfacet
  facet normal -1 0 0
    outer loop
      vertex 33.8 56 -164.75
      vertex 33.8 58.25 -164.25
      vertex 33.8 58.25 -164.75
    endloop
  endfacet
  facet normal -1 -0 0
    outer loop
      vertex 33.8 58.25 -164.25
      vertex 33.8 56 -164.75
      vertex 33.8 56 -164.25
    endloop
  endfacet
  facet normal -1 0 0
    outer loop
      vertex 33.8 56 -165.75
      vertex 33.8 58.25 -165.25
      vertex 33.8 58.25 -165.75
    endloop
  endfacet
  facet normal -1 -0 0
    outer loop
      vertex 33.8 58.25 -165.25
      vertex 33.8 56 -165.75
      vertex 33.8 56 -165.25
    endloop
  endfacet
  facet normal -1 0 0
    outer loop
      vertex 33.8 56 -166.75
      vertex 33.8 58.25 -166.25
      vertex 33.8 58.25 -166.75
    endloop
  endfacet
  facet normal -1 -0 0
    outer loop
      vertex 33.8 58.25 -166.25
      vertex 33.8 56 -166.75
      vertex 33.8 56 -166.25
    endloop
  endfacet
  facet normal -1 0 0
    outer loop
      vertex 33.8 56 -167.75
      vertex 33.8 58.25 -167.25
      vertex 33.8 58.25 -167.75
    endloop
  endfacet
  facet normal -1 -0 0
    outer loop
      vertex 33.8 58.25 -167.25
      vertex 33.8 56 -167.75
      vertex 33.8 56 -167.25
    endloop
  endfacet
  facet normal -1 0 0
    outer loop
      vertex 33.8 56 -168.75
      vertex 33.8 58.25 -168.25
      vertex 33.8 58.25 -168.75
    endloop
  endfacet
  facet normal -1 -0 0
    outer loop
      vertex 33.8 58.25 -168.25
      vertex 33.8 56 -168.75
      vertex 33.8 56 -168.25
    endloop
  endfacet
  facet normal -1 0 0
    outer loop
      vertex 33.8 56 -169.75
      vertex 33.8 58.25 -169.25
      vertex 33.8 58.25 -169.75
    endloop
  endfacet
  facet normal -1 -0 0
    outer loop
      vertex 33.8 58.25 -169.25
      vertex 33.8 56 -169.75
      vertex 33.8 56 -169.25
    endloop
  endfacet
  facet normal -1 0 0
    outer loop
      vertex 33.8 56 -170.75
      vertex 33.8 58.25 -170.25
      vertex 33.8 58.25 -170.75
    endloop
  endfacet
  facet normal -1 -0 0
    outer loop
      vertex 33.8 58.25 -170.25
      vertex 33.8 56 -170.75
      vertex 33.8 56 -170.25
    endloop
  endfacet
  facet normal -1 0 0
    outer loop
      vertex 33.8 56 -171.75
      vertex 33.8 58.25 -171.25
      vertex 33.8 58.25 -171.75
    endloop
  endfacet
  facet normal -1 -0 0
    outer loop
      vertex 33.8 58.25 -171.25
      vertex 33.8 56 -171.75
      vertex 33.8 56 -171.25
    endloop
  endfacet
  facet normal -1 0 0
    outer loop
      vertex 33.8 56 -172.75
      vertex 33.8 58.25 -172.25
      vertex 33.8 58.25 -172.75
    endloop
  endfacet
  facet normal -1 -0 0
    outer loop
      vertex 33.8 58.25 -172.25
      vertex 33.8 56 -172.75
      vertex 33.8 56 -172.25
    endloop
  endfacet
  facet normal -1 0 0
    outer loop
      vertex 33.8 56 -173.75
      vertex 33.8 58.25 -173.25
      vertex 33.8 58.25 -173.75
    endloop
  endfacet
  facet normal -1 -0 0
    outer loop
      vertex 33.8 58.25 -173.25
      vertex 33.8 56 -173.75
      vertex 33.8 56 -173.25
    endloop
  endfacet
  facet normal -1 0 0
    outer loop
      vertex 33.8 56 -174.75
      vertex 33.8 58.25 -174.25
      vertex 33.8 58.25 -174.75
    endloop
  endfacet
  facet normal -1 -0 0
    outer loop
      vertex 33.8 58.25 -174.25
      vertex 33.8 56 -174.75
      vertex 33.8 56 -174.25
    endloop
  endfacet
  facet normal -1 0 0
    outer loop
      vertex 33.8 56 -175.75
      vertex 33.8 58.25 -175.25
      vertex 33.8 58.25 -175.75
    endloop
  endfacet
  facet normal -1 -0 0
    outer loop
      vertex 33.8 58.25 -175.25
      vertex 33.8 56 -175.75
      vertex 33.8 56 -175.25
    endloop
  endfacet
  facet normal -1 0 0
    outer loop
      vertex 33.8 56 -176.75
      vertex 33.8 58.25 -176.25
      vertex 33.8 58.25 -176.75
    endloop
  endfacet
  facet normal -1 -0 0
    outer loop
      vertex 33.8 58.25 -176.25
      vertex 33.8 56 -176.75
      vertex 33.8 56 -176.25
    endloop
  endfacet
  facet normal -1 0 0
    outer loop
      vertex 33.8 56 -177.75
      vertex 33.8 58.25 -177.25
      vertex 33.8 58.25 -177.75
    endloop
  endfacet
  facet normal -1 -0 0
    outer loop
      vertex 33.8 58.25 -177.25
      vertex 33.8 56 -177.75
      vertex 33.8 56 -177.25
    endloop
  endfacet
  facet normal -1 0 0
    outer loop
      vertex 33.8 56 -178.75
      vertex 33.8 58.25 -178.25
      vertex 33.8 58.25 -178.75
    endloop
  endfacet
  facet normal -1 -0 0
    outer loop
      vertex 33.8 58.25 -178.25
      vertex 33.8 56 -178.75
      vertex 33.8 56 -178.25
    endloop
  endfacet
  facet normal -1 0 0
    outer loop
      vertex 33.8 58.25 -178.75
      vertex 33.8 61.5 -187
      vertex 33.8 58.25 -179
    endloop
  endfacet
  facet normal -1 0 0
    outer loop
      vertex 33.8 42.5 -187
      vertex 33.8 58.25 -179
      vertex 33.8 61.5 -187
    endloop
  endfacet
  facet normal -1 -0 0
    outer loop
      vertex 33.8 58.25 -179
      vertex 33.8 42.5 -187
      vertex 33.8 42.5 -179
    endloop
  endfacet
  facet normal -1 0 0
    outer loop
      vertex 33.8 58.25 -178.25
      vertex 33.8 61.5 -187
      vertex 33.8 58.25 -178.75
    endloop
  endfacet
  facet normal -1 0 0
    outer loop
      vertex 33.8 58.25 -177.75
      vertex 33.8 61.5 -187
      vertex 33.8 58.25 -178.25
    endloop
  endfacet
  facet normal -1 0 0
    outer loop
      vertex 33.8 58.25 -177.25
      vertex 33.8 61.5 -187
      vertex 33.8 58.25 -177.75
    endloop
  endfacet
  facet normal -1 0 0
    outer loop
      vertex 33.8 58.25 -176.75
      vertex 33.8 61.5 -187
      vertex 33.8 58.25 -177.25
    endloop
  endfacet
  facet normal -1 0 0
    outer loop
      vertex 33.8 58.25 -176.25
      vertex 33.8 61.5 -187
      vertex 33.8 58.25 -176.75
    endloop
  endfacet
  facet normal -1 0 0
    outer loop
      vertex 33.8 58.25 -175.75
      vertex 33.8 61.5 -187
      vertex 33.8 58.25 -176.25
    endloop
  endfacet
  facet normal -1 0 0
    outer loop
      vertex 33.8 58.25 -175.25
      vertex 33.8 61.5 -187
      vertex 33.8 58.25 -175.75
    endloop
  endfacet
  facet normal -1 0 0
    outer loop
      vertex 33.8 58.25 -174.75
      vertex 33.8 61.5 -187
      vertex 33.8 58.25 -175.25
    endloop
  endfacet
  facet normal -1 0 0
    outer loop
      vertex 33.8 58.25 -174.25
      vertex 33.8 61.5 -187
      vertex 33.8 58.25 -174.75
    endloop
  endfacet
  facet normal -1 0 0
    outer loop
      vertex 33.8 58.25 -173.75
      vertex 33.8 61.5 -187
      vertex 33.8 58.25 -174.25
    endloop
  endfacet
  facet normal -1 0 0
    outer loop
      vertex 33.8 58.25 -173.25
      vertex 33.8 61.5 -187
      vertex 33.8 58.25 -173.75
    endloop
  endfacet
  facet normal -1 0 0
    outer loop
      vertex 33.8 58.25 -172.75
      vertex 33.8 61.5 -187
      vertex 33.8 58.25 -173.25
    endloop
  endfacet
  facet normal -1 0 0
    outer loop
      vertex 33.8 58.25 -172.25
      vertex 33.8 61.5 -187
      vertex 33.8 58.25 -172.75
    endloop
  endfacet
  facet normal -1 0 0
    outer loop
      vertex 33.8 58.25 -171.75
      vertex 33.8 61.5 -187
      vertex 33.8 58.25 -172.25
    endloop
  endfacet
  facet normal -1 0 0
    outer loop
      vertex 33.8 58.25 -171.25
      vertex 33.8 61.5 -187
      vertex 33.8 58.25 -171.75
    endloop
  endfacet
  facet normal -1 0 0
    outer loop
      vertex 33.8 58.25 -170.75
      vertex 33.8 61.5 -187
      vertex 33.8 58.25 -171.25
    endloop
  endfacet
  facet normal -1 0 0
    outer loop
      vertex 33.8 58.25 -170.25
      vertex 33.8 61.5 -187
      vertex 33.8 58.25 -170.75
    endloop
  endfacet
  facet normal -1 0 0
    outer loop
      vertex 33.8 58.25 -169.75
      vertex 33.8 61.5 -187
      vertex 33.8 58.25 -170.25
    endloop
  endfacet
  facet normal -1 0 0
    outer loop
      vertex 33.8 58.25 -169.25
      vertex 33.8 61.5 -187
      vertex 33.8 58.25 -169.75
    endloop
  endfacet
  facet normal -1 0 0
    outer loop
      vertex 33.8 58.25 -168.75
      vertex 33.8 61.5 -187
      vertex 33.8 58.25 -169.25
    endloop
  endfacet
  facet normal -1 0 0
    outer loop
      vertex 33.8 58.25 -168.25
      vertex 33.8 61.5 -187
      vertex 33.8 58.25 -168.75
    endloop
  endfacet
  facet normal -1 0 0
    outer loop
      vertex 33.8 58.25 -167.75
      vertex 33.8 61.5 -187
      vertex 33.8 58.25 -168.25
    endloop
  endfacet
  facet normal -1 0 0
    outer loop
      vertex 33.8 58.25 -167.25
      vertex 33.8 61.5 -187
      vertex 33.8 58.25 -167.75
    endloop
  endfacet
  facet normal -1 0 0
    outer loop
      vertex 33.8 58.25 -166.75
      vertex 33.8 61.5 -187
      vertex 33.8 58.25 -167.25
    endloop
  endfacet
  facet normal -1 0 0
    outer loop
      vertex 33.8 58.25 -166.25
      vertex 33.8 61.5 -187
      vertex 33.8 58.25 -166.75
    endloop
  endfacet
  facet normal -1 0 0
    outer loop
      vertex 33.8 58.25 -165.75
      vertex 33.8 61.5 -187
      vertex 33.8 58.25 -166.25
    endloop
  endfacet
  facet normal -1 0 0
    outer loop
      vertex 33.8 58.25 -165.25
      vertex 33.8 61.5 -187
      vertex 33.8 58.25 -165.75
    endloop
  endfacet
  facet normal -1 0 0
    outer loop
      vertex 33.8 58.25 -164.75
      vertex 33.8 61.5 -187
      vertex 33.8 58.25 -165.25
    endloop
  endfacet
  facet normal -1 0 0
    outer loop
      vertex 33.8 58.25 -164.25
      vertex 33.8 61.5 -187
      vertex 33.8 58.25 -164.75
    endloop
  endfacet
  facet normal -1 0 0
    outer loop
      vertex 33.8 58.25 -163.75
      vertex 33.8 61.5 -187
      vertex 33.8 58.25 -164.25
    endloop
  endfacet
  facet normal -1 0 0
    outer loop
      vertex 33.8 58.25 -163.25
      vertex 33.8 61.5 -187
      vertex 33.8 58.25 -163.75
    endloop
  endfacet
  facet normal -1 0 0
    outer loop
      vertex 33.8 58.25 -162.75
      vertex 33.8 61.5 -187
      vertex 33.8 58.25 -163.25
    endloop
  endfacet
  facet normal -1 0 0
    outer loop
      vertex 33.8 58.25 -162.25
      vertex 33.8 61.5 -187
      vertex 33.8 58.25 -162.75
    endloop
  endfacet
  facet normal -1 0 0
    outer loop
      vertex 33.8 58.25 -161.75
      vertex 33.8 61.5 -187
      vertex 33.8 58.25 -162.25
    endloop
  endfacet
  facet normal -1 0 0
    outer loop
      vertex 33.8 58.25 -161.25
      vertex 33.8 61.5 -187
      vertex 33.8 58.25 -161.75
    endloop
  endfacet
  facet normal -1 0 0
    outer loop
      vertex 33.8 58.25 -160.75
      vertex 33.8 61.5 -187
      vertex 33.8 58.25 -161.25
    endloop
  endfacet
  facet normal -1 0 0
    outer loop
      vertex 33.8 58.25 -160.25
      vertex 33.8 61.5 -187
      vertex 33.8 58.25 -160.75
    endloop
  endfacet
  facet normal -1 0 0
    outer loop
      vertex 33.8 58.25 -159.75
      vertex 33.8 61.5 -187
      vertex 33.8 58.25 -160.25
    endloop
  endfacet
  facet normal -1 0 0
    outer loop
      vertex 33.8 58.25 -159.25
      vertex 33.8 61.5 -187
      vertex 33.8 58.25 -159.75
    endloop
  endfacet
  facet normal -1 0 0
    outer loop
      vertex 33.8 58.25 -158.75
      vertex 33.8 61.5 -187
      vertex 33.8 58.25 -159.25
    endloop
  endfacet
  facet normal -1 0 0
    outer loop
      vertex 33.8 58.25 -158.25
      vertex 33.8 61.5 -187
      vertex 33.8 58.25 -158.75
    endloop
  endfacet
  facet normal -1 0 0
    outer loop
      vertex 33.8 61.5 -187
      vertex 33.8 58.25 -158.25
      vertex 33.8 61.5 -127
    endloop
  endfacet
  facet normal -1 0 0
    outer loop
      vertex 33.8 58.25 -157.75
      vertex 33.8 61.5 -127
      vertex 33.8 58.25 -158.25
    endloop
  endfacet
  facet normal -1 0 0
    outer loop
      vertex 33.8 58.25 -157.25
      vertex 33.8 61.5 -127
      vertex 33.8 58.25 -157.75
    endloop
  endfacet
  facet normal -1 0 0
    outer loop
      vertex 33.8 58.25 -156.75
      vertex 33.8 61.5 -127
      vertex 33.8 58.25 -157.25
    endloop
  endfacet
  facet normal -1 0 0
    outer loop
      vertex 33.8 58.25 -156.25
      vertex 33.8 61.5 -127
      vertex 33.8 58.25 -156.75
    endloop
  endfacet
  facet normal -1 0 0
    outer loop
      vertex 33.8 58.25 -155.75
      vertex 33.8 61.5 -127
      vertex 33.8 58.25 -156.25
    endloop
  endfacet
  facet normal -1 0 0
    outer loop
      vertex 33.8 58.25 -155.25
      vertex 33.8 61.5 -127
      vertex 33.8 58.25 -155.75
    endloop
  endfacet
  facet normal -1 0 0
    outer loop
      vertex 33.8 58.25 -154.75
      vertex 33.8 61.5 -127
      vertex 33.8 58.25 -155.25
    endloop
  endfacet
  facet normal -1 0 0
    outer loop
      vertex 33.8 58.25 -154.25
      vertex 33.8 61.5 -127
      vertex 33.8 58.25 -154.75
    endloop
  endfacet
  facet normal -1 0 0
    outer loop
      vertex 33.8 58.25 -153.75
      vertex 33.8 61.5 -127
      vertex 33.8 58.25 -154.25
    endloop
  endfacet
  facet normal -1 0 0
    outer loop
      vertex 33.8 58.25 -153.25
      vertex 33.8 61.5 -127
      vertex 33.8 58.25 -153.75
    endloop
  endfacet
  facet normal -1 0 0
    outer loop
      vertex 33.8 58.25 -152.75
      vertex 33.8 61.5 -127
      vertex 33.8 58.25 -153.25
    endloop
  endfacet
  facet normal -1 0 0
    outer loop
      vertex 33.8 58.25 -152.25
      vertex 33.8 61.5 -127
      vertex 33.8 58.25 -152.75
    endloop
  endfacet
  facet normal -1 0 0
    outer loop
      vertex 33.8 58.25 -151.75
      vertex 33.8 61.5 -127
      vertex 33.8 58.25 -152.25
    endloop
  endfacet
  facet normal -1 0 0
    outer loop
      vertex 33.8 58.25 -151.25
      vertex 33.8 61.5 -127
      vertex 33.8 58.25 -151.75
    endloop
  endfacet
  facet normal -1 0 0
    outer loop
      vertex 33.8 58.25 -150.75
      vertex 33.8 61.5 -127
      vertex 33.8 58.25 -151.25
    endloop
  endfacet
  facet normal -1 0 0
    outer loop
      vertex 33.8 58.25 -150.25
      vertex 33.8 61.5 -127
      vertex 33.8 58.25 -150.75
    endloop
  endfacet
  facet normal -1 0 0
    outer loop
      vertex 33.8 58.25 -149.75
      vertex 33.8 61.5 -127
      vertex 33.8 58.25 -150.25
    endloop
  endfacet
  facet normal -1 0 0
    outer loop
      vertex 33.8 58.25 -149.25
      vertex 33.8 61.5 -127
      vertex 33.8 58.25 -149.75
    endloop
  endfacet
  facet normal -1 0 0
    outer loop
      vertex 33.8 58.25 -148.75
      vertex 33.8 61.5 -127
      vertex 33.8 58.25 -149.25
    endloop
  endfacet
  facet normal -1 0 0
    outer loop
      vertex 33.8 58.25 -148.25
      vertex 33.8 61.5 -127
      vertex 33.8 58.25 -148.75
    endloop
  endfacet
  facet normal -1 0 0
    outer loop
      vertex 33.8 58.25 -147.75
      vertex 33.8 61.5 -127
      vertex 33.8 58.25 -148.25
    endloop
  endfacet
  facet normal -1 0 0
    outer loop
      vertex 33.8 58.25 -147.25
      vertex 33.8 61.5 -127
      vertex 33.8 58.25 -147.75
    endloop
  endfacet
  facet normal -1 0 0
    outer loop
      vertex 33.8 58.25 -146.75
      vertex 33.8 61.5 -127
      vertex 33.8 58.25 -147.25
    endloop
  endfacet
  facet normal -1 0 0
    outer loop
      vertex 33.8 58.25 -146.25
      vertex 33.8 61.5 -127
      vertex 33.8 58.25 -146.75
    endloop
  endfacet
  facet normal -1 0 0
    outer loop
      vertex 33.8 58.25 -145.75
      vertex 33.8 61.5 -127
      vertex 33.8 58.25 -146.25
    endloop
  endfacet
  facet normal -1 0 0
    outer loop
      vertex 33.8 58.25 -145.25
      vertex 33.8 61.5 -127
      vertex 33.8 58.25 -145.75
    endloop
  endfacet
  facet normal -1 0 0
    outer loop
      vertex 33.8 58.25 -144.75
      vertex 33.8 61.5 -127
      vertex 33.8 58.25 -145.25
    endloop
  endfacet
  facet normal -1 0 0
    outer loop
      vertex 33.8 58.25 -144.25
      vertex 33.8 61.5 -127
      vertex 33.8 58.25 -144.75
    endloop
  endfacet
  facet normal -1 0 0
    outer loop
      vertex 33.8 58.25 -143.75
      vertex 33.8 61.5 -127
      vertex 33.8 58.25 -144.25
    endloop
  endfacet
  facet normal -1 0 0
    outer loop
      vertex 33.8 58.25 -143.25
      vertex 33.8 61.5 -127
      vertex 33.8 58.25 -143.75
    endloop
  endfacet
  facet normal -1 0 0
    outer loop
      vertex 33.8 58.25 -142.75
      vertex 33.8 61.5 -127
      vertex 33.8 58.25 -143.25
    endloop
  endfacet
  facet normal -1 0 0
    outer loop
      vertex 33.8 58.25 -142.25
      vertex 33.8 61.5 -127
      vertex 33.8 58.25 -142.75
    endloop
  endfacet
  facet normal -1 0 0
    outer loop
      vertex 33.8 58.25 -141.75
      vertex 33.8 61.5 -127
      vertex 33.8 58.25 -142.25
    endloop
  endfacet
  facet normal -1 0 0
    outer loop
      vertex 33.8 58.25 -141.25
      vertex 33.8 61.5 -127
      vertex 33.8 58.25 -141.75
    endloop
  endfacet
  facet normal -1 0 0
    outer loop
      vertex 33.8 58.25 -140.75
      vertex 33.8 61.5 -127
      vertex 33.8 58.25 -141.25
    endloop
  endfacet
  facet normal -1 0 0
    outer loop
      vertex 33.8 58.25 -140.25
      vertex 33.8 61.5 -127
      vertex 33.8 58.25 -140.75
    endloop
  endfacet
  facet normal -1 0 0
    outer loop
      vertex 33.8 58.25 -139.75
      vertex 33.8 61.5 -127
      vertex 33.8 58.25 -140.25
    endloop
  endfacet
  facet normal -1 0 0
    outer loop
      vertex 33.8 58.25 -139.25
      vertex 33.8 61.5 -127
      vertex 33.8 58.25 -139.75
    endloop
  endfacet
  facet normal -1 0 0
    outer loop
      vertex 33.8 58.25 -138.75
      vertex 33.8 61.5 -127
      vertex 33.8 58.25 -139.25
    endloop
  endfacet
  facet normal -1 0 0
    outer loop
      vertex 33.8 58.25 -138.25
      vertex 33.8 61.5 -127
      vertex 33.8 58.25 -138.75
    endloop
  endfacet
  facet normal -1 0 0
    outer loop
      vertex 33.8 58.25 -137.75
      vertex 33.8 61.5 -127
      vertex 33.8 58.25 -138.25
    endloop
  endfacet
  facet normal -1 0 0
    outer loop
      vertex 33.8 58.25 -137.25
      vertex 33.8 61.5 -127
      vertex 33.8 58.25 -137.75
    endloop
  endfacet
  facet normal -1 0 0
    outer loop
      vertex 33.8 58.25 -136.75
      vertex 33.8 61.5 -127
      vertex 33.8 58.25 -137.25
    endloop
  endfacet
  facet normal -1 0 0
    outer loop
      vertex 33.8 58.25 -136.25
      vertex 33.8 61.5 -127
      vertex 33.8 58.25 -136.75
    endloop
  endfacet
  facet normal -1 0 0
    outer loop
      vertex 33.8 58.25 -135.75
      vertex 33.8 61.5 -127
      vertex 33.8 58.25 -136.25
    endloop
  endfacet
  facet normal -1 0 0
    outer loop
      vertex 33.8 58.25 -135.25
      vertex 33.8 61.5 -127
      vertex 33.8 58.25 -135.75
    endloop
  endfacet
  facet normal -1 0 0
    outer loop
      vertex 33.8 58.25 -134.75
      vertex 33.8 61.5 -127
      vertex 33.8 58.25 -135.25
    endloop
  endfacet
  facet normal -1 0 0
    outer loop
      vertex 33.8 58.25 -134.25
      vertex 33.8 61.5 -127
      vertex 33.8 58.25 -134.75
    endloop
  endfacet
  facet normal -1 0 0
    outer loop
      vertex 33.8 58.25 -133.75
      vertex 33.8 61.5 -127
      vertex 33.8 58.25 -134.25
    endloop
  endfacet
  facet normal -1 0 0
    outer loop
      vertex 33.8 58.25 -133.25
      vertex 33.8 61.5 -127
      vertex 33.8 58.25 -133.75
    endloop
  endfacet
  facet normal -1 0 0
    outer loop
      vertex 33.8 58.25 -132.75
      vertex 33.8 61.5 -127
      vertex 33.8 58.25 -133.25
    endloop
  endfacet
  facet normal -1 0 0
    outer loop
      vertex 33.8 58.25 -132.25
      vertex 33.8 61.5 -127
      vertex 33.8 58.25 -132.75
    endloop
  endfacet
  facet normal -1 0 0
    outer loop
      vertex 33.8 58.25 -131.75
      vertex 33.8 61.5 -127
      vertex 33.8 58.25 -132.25
    endloop
  endfacet
  facet normal -1 0 0
    outer loop
      vertex 33.8 58.25 -131.25
      vertex 33.8 61.5 -127
      vertex 33.8 58.25 -131.75
    endloop
  endfacet
  facet normal -1 0 0
    outer loop
      vertex 33.8 58.25 -130.75
      vertex 33.8 61.5 -127
      vertex 33.8 58.25 -131.25
    endloop
  endfacet
  facet normal -1 0 0
    outer loop
      vertex 33.8 58.25 -130.25
      vertex 33.8 61.5 -127
      vertex 33.8 58.25 -130.75
    endloop
  endfacet
  facet normal -1 0 0
    outer loop
      vertex 33.8 58.25 -129.75
      vertex 33.8 61.5 -127
      vertex 33.8 58.25 -130.25
    endloop
  endfacet
  facet normal -1 0 0
    outer loop
      vertex 33.8 58.25 -129.25
      vertex 33.8 61.5 -127
      vertex 33.8 58.25 -129.75
    endloop
  endfacet
  facet normal -1 0 0
    outer loop
      vertex 33.8 58.25 -128.75
      vertex 33.8 61.5 -127
      vertex 33.8 58.25 -129.25
    endloop
  endfacet
  facet normal -1 0 0
    outer loop
      vertex 33.8 58.25 -128.25
      vertex 33.8 61.5 -127
      vertex 33.8 58.25 -128.75
    endloop
  endfacet
  facet normal -1 0 0
    outer loop
      vertex 33.8 58.25 -127.75
      vertex 33.8 61.5 -127
      vertex 33.8 58.25 -128.25
    endloop
  endfacet
  facet normal -1 0 0
    outer loop
      vertex 33.8 58.25 -127.25
      vertex 33.8 61.5 -127
      vertex 33.8 58.25 -127.75
    endloop
  endfacet
  facet normal -1 -0 0
    outer loop
      vertex 33.8 61.5 -127
      vertex 33.8 58.25 -127.25
      vertex 33.8 58.25 -127
    endloop
  endfacet
  facet normal 0 -1 0
    outer loop
      vertex 33.8 58.25 -127.25
      vertex 37.4 58.25 -127
      vertex 33.8 58.25 -127
    endloop
  endfacet
  facet normal 0 -1 -0
    outer loop
      vertex 37.4 58.25 -127
      vertex 33.8 58.25 -127.25
      vertex 37.4 58.25 -127.25
    endloop
  endfacet
  facet normal 0 -1 0
    outer loop
      vertex 33.8 58.25 -177.25
      vertex 37.4 58.25 -176.75
      vertex 33.8 58.25 -176.75
    endloop
  endfacet
  facet normal 0 -1 -0
    outer loop
      vertex 37.4 58.25 -176.75
      vertex 33.8 58.25 -177.25
      vertex 37.4 58.25 -177.25
    endloop
  endfacet
  facet normal 0 -1 0
    outer loop
      vertex 33.8 58.25 -178.25
      vertex 37.4 58.25 -177.75
      vertex 33.8 58.25 -177.75
    endloop
  endfacet
  facet normal 0 -1 -0
    outer loop
      vertex 37.4 58.25 -177.75
      vertex 33.8 58.25 -178.25
      vertex 37.4 58.25 -178.25
    endloop
  endfacet
  facet normal 0 -1 0
    outer loop
      vertex 33.8 58.25 -166.25
      vertex 37.4 58.25 -165.75
      vertex 33.8 58.25 -165.75
    endloop
  endfacet
  facet normal 0 -1 -0
    outer loop
      vertex 37.4 58.25 -165.75
      vertex 33.8 58.25 -166.25
      vertex 37.4 58.25 -166.25
    endloop
  endfacet
  facet normal 0 -1 0
    outer loop
      vertex 33.8 58.25 -167.25
      vertex 37.4 58.25 -166.75
      vertex 33.8 58.25 -166.75
    endloop
  endfacet
  facet normal 0 -1 -0
    outer loop
      vertex 37.4 58.25 -166.75
      vertex 33.8 58.25 -167.25
      vertex 37.4 58.25 -167.25
    endloop
  endfacet
  facet normal 0 -1 0
    outer loop
      vertex 33.8 58.25 -147.25
      vertex 37.4 58.25 -146.75
      vertex 33.8 58.25 -146.75
    endloop
  endfacet
  facet normal 0 -1 -0
    outer loop
      vertex 37.4 58.25 -146.75
      vertex 33.8 58.25 -147.25
      vertex 37.4 58.25 -147.25
    endloop
  endfacet
  facet normal 0 -1 0
    outer loop
      vertex 33.8 58.25 -148.25
      vertex 37.4 58.25 -147.75
      vertex 33.8 58.25 -147.75
    endloop
  endfacet
  facet normal 0 -1 -0
    outer loop
      vertex 37.4 58.25 -147.75
      vertex 33.8 58.25 -148.25
      vertex 37.4 58.25 -148.25
    endloop
  endfacet
  facet normal 0 -1 0
    outer loop
      vertex 33.8 58.25 -149.25
      vertex 37.4 58.25 -148.75
      vertex 33.8 58.25 -148.75
    endloop
  endfacet
  facet normal 0 -1 -0
    outer loop
      vertex 37.4 58.25 -148.75
      vertex 33.8 58.25 -149.25
      vertex 37.4 58.25 -149.25
    endloop
  endfacet
  facet normal 0 -1 0
    outer loop
      vertex 33.8 58.25 -156.25
      vertex 37.4 58.25 -155.75
      vertex 33.8 58.25 -155.75
    endloop
  endfacet
  facet normal 0 -1 -0
    outer loop
      vertex 37.4 58.25 -155.75
      vertex 33.8 58.25 -156.25
      vertex 37.4 58.25 -156.25
    endloop
  endfacet
  facet normal 0 -1 0
    outer loop
      vertex 33.8 58.25 -157.25
      vertex 37.4 58.25 -156.75
      vertex 33.8 58.25 -156.75
    endloop
  endfacet
  facet normal 0 -1 -0
    outer loop
      vertex 37.4 58.25 -156.75
      vertex 33.8 58.25 -157.25
      vertex 37.4 58.25 -157.25
    endloop
  endfacet
  facet normal 0 -1 0
    outer loop
      vertex 33.8 58.25 -128.25
      vertex 37.4 58.25 -127.75
      vertex 33.8 58.25 -127.75
    endloop
  endfacet
  facet normal 0 -1 -0
    outer loop
      vertex 37.4 58.25 -127.75
      vertex 33.8 58.25 -128.25
      vertex 37.4 58.25 -128.25
    endloop
  endfacet
  facet normal 0 -1 0
    outer loop
      vertex 33.8 58.25 -155.25
      vertex 37.4 58.25 -154.75
      vertex 33.8 58.25 -154.75
    endloop
  endfacet
  facet normal 0 -1 -0
    outer loop
      vertex 37.4 58.25 -154.75
      vertex 33.8 58.25 -155.25
      vertex 37.4 58.25 -155.25
    endloop
  endfacet
  facet normal 0 -1 0
    outer loop
      vertex 33.8 58.25 -154.25
      vertex 37.4 58.25 -153.75
      vertex 33.8 58.25 -153.75
    endloop
  endfacet
  facet normal 0 -1 -0
    outer loop
      vertex 37.4 58.25 -153.75
      vertex 33.8 58.25 -154.25
      vertex 37.4 58.25 -154.25
    endloop
  endfacet
  facet normal 0 -1 0
    outer loop
      vertex 33.8 58.25 -173.25
      vertex 37.4 58.25 -172.75
      vertex 33.8 58.25 -172.75
    endloop
  endfacet
  facet normal 0 -1 -0
    outer loop
      vertex 37.4 58.25 -172.75
      vertex 33.8 58.25 -173.25
      vertex 37.4 58.25 -173.25
    endloop
  endfacet
  facet normal 0 -1 0
    outer loop
      vertex 33.8 58.25 -174.25
      vertex 37.4 58.25 -173.75
      vertex 33.8 58.25 -173.75
    endloop
  endfacet
  facet normal 0 -1 -0
    outer loop
      vertex 37.4 58.25 -173.75
      vertex 33.8 58.25 -174.25
      vertex 37.4 58.25 -174.25
    endloop
  endfacet
  facet normal 0 -1 0
    outer loop
      vertex 33.8 58.25 -158.25
      vertex 37.4 58.25 -157.75
      vertex 33.8 58.25 -157.75
    endloop
  endfacet
  facet normal 0 -1 -0
    outer loop
      vertex 37.4 58.25 -157.75
      vertex 33.8 58.25 -158.25
      vertex 37.4 58.25 -158.25
    endloop
  endfacet
  facet normal 0 -1 0
    outer loop
      vertex 33.8 58.25 -159.25
      vertex 37.4 58.25 -158.75
      vertex 33.8 58.25 -158.75
    endloop
  endfacet
  facet normal 0 -1 -0
    outer loop
      vertex 37.4 58.25 -158.75
      vertex 33.8 58.25 -159.25
      vertex 37.4 58.25 -159.25
    endloop
  endfacet
  facet normal 0 -1 0
    outer loop
      vertex 33.8 58.25 -143.25
      vertex 37.4 58.25 -142.75
      vertex 33.8 58.25 -142.75
    endloop
  endfacet
  facet normal 0 -1 -0
    outer loop
      vertex 37.4 58.25 -142.75
      vertex 33.8 58.25 -143.25
      vertex 37.4 58.25 -143.25
    endloop
  endfacet
  facet normal 0 -1 0
    outer loop
      vertex 33.8 58.25 -144.25
      vertex 37.4 58.25 -143.75
      vertex 33.8 58.25 -143.75
    endloop
  endfacet
  facet normal 0 -1 -0
    outer loop
      vertex 37.4 58.25 -143.75
      vertex 33.8 58.25 -144.25
      vertex 37.4 58.25 -144.25
    endloop
  endfacet
  facet normal 0 -1 0
    outer loop
      vertex 33.8 58.25 -165.25
      vertex 37.4 58.25 -164.75
      vertex 33.8 58.25 -164.75
    endloop
  endfacet
  facet normal 0 -1 -0
    outer loop
      vertex 37.4 58.25 -164.75
      vertex 33.8 58.25 -165.25
      vertex 37.4 58.25 -165.25
    endloop
  endfacet
  facet normal 0 -1 0
    outer loop
      vertex 33.8 58.25 -145.25
      vertex 37.4 58.25 -144.75
      vertex 33.8 58.25 -144.75
    endloop
  endfacet
  facet normal 0 -1 -0
    outer loop
      vertex 37.4 58.25 -144.75
      vertex 33.8 58.25 -145.25
      vertex 37.4 58.25 -145.25
    endloop
  endfacet
  facet normal 0 -1 0
    outer loop
      vertex 33.8 58.25 -146.25
      vertex 37.4 58.25 -145.75
      vertex 33.8 58.25 -145.75
    endloop
  endfacet
  facet normal 0 -1 -0
    outer loop
      vertex 37.4 58.25 -145.75
      vertex 33.8 58.25 -146.25
      vertex 37.4 58.25 -146.25
    endloop
  endfacet
  facet normal 0 -1 0
    outer loop
      vertex 33.8 58.25 -179
      vertex 37.4 58.25 -178.75
      vertex 33.8 58.25 -178.75
    endloop
  endfacet
  facet normal 0 -1 -0
    outer loop
      vertex 37.4 58.25 -178.75
      vertex 33.8 58.25 -179
      vertex 37.4 58.25 -179
    endloop
  endfacet
  facet normal 0 -1 0
    outer loop
      vertex 33.8 58.25 -168.25
      vertex 37.4 58.25 -167.75
      vertex 33.8 58.25 -167.75
    endloop
  endfacet
  facet normal 0 -1 -0
    outer loop
      vertex 37.4 58.25 -167.75
      vertex 33.8 58.25 -168.25
      vertex 37.4 58.25 -168.25
    endloop
  endfacet
  facet normal 0 -1 0
    outer loop
      vertex 33.8 58.25 -169.25
      vertex 37.4 58.25 -168.75
      vertex 33.8 58.25 -168.75
    endloop
  endfacet
  facet normal 0 -1 -0
    outer loop
      vertex 37.4 58.25 -168.75
      vertex 33.8 58.25 -169.25
      vertex 37.4 58.25 -169.25
    endloop
  endfacet
  facet normal 0 -1 0
    outer loop
      vertex 33.8 58.25 -150.25
      vertex 37.4 58.25 -149.75
      vertex 33.8 58.25 -149.75
    endloop
  endfacet
  facet normal 0 -1 -0
    outer loop
      vertex 37.4 58.25 -149.75
      vertex 33.8 58.25 -150.25
      vertex 37.4 58.25 -150.25
    endloop
  endfacet
  facet normal 0 -1 0
    outer loop
      vertex 33.8 58.25 -138.25
      vertex 37.4 58.25 -137.75
      vertex 33.8 58.25 -137.75
    endloop
  endfacet
  facet normal 0 -1 -0
    outer loop
      vertex 37.4 58.25 -137.75
      vertex 33.8 58.25 -138.25
      vertex 37.4 58.25 -138.25
    endloop
  endfacet
  facet normal 0 -1 0
    outer loop
      vertex 33.8 58.25 -139.25
      vertex 37.4 58.25 -138.75
      vertex 33.8 58.25 -138.75
    endloop
  endfacet
  facet normal 0 -1 -0
    outer loop
      vertex 37.4 58.25 -138.75
      vertex 33.8 58.25 -139.25
      vertex 37.4 58.25 -139.25
    endloop
  endfacet
  facet normal 0 -1 0
    outer loop
      vertex 33.8 58.25 -163.25
      vertex 37.4 58.25 -162.75
      vertex 33.8 58.25 -162.75
    endloop
  endfacet
  facet normal 0 -1 -0
    outer loop
      vertex 37.4 58.25 -162.75
      vertex 33.8 58.25 -163.25
      vertex 37.4 58.25 -163.25
    endloop
  endfacet
  facet normal 0 -1 0
    outer loop
      vertex 33.8 58.25 -164.25
      vertex 37.4 58.25 -163.75
      vertex 33.8 58.25 -163.75
    endloop
  endfacet
  facet normal 0 -1 -0
    outer loop
      vertex 37.4 58.25 -163.75
      vertex 33.8 58.25 -164.25
      vertex 37.4 58.25 -164.25
    endloop
  endfacet
  facet normal 0 -1 0
    outer loop
      vertex 33.8 58.25 -132.25
      vertex 37.4 58.25 -131.75
      vertex 33.8 58.25 -131.75
    endloop
  endfacet
  facet normal 0 -1 -0
    outer loop
      vertex 37.4 58.25 -131.75
      vertex 33.8 58.25 -132.25
      vertex 37.4 58.25 -132.25
    endloop
  endfacet
  facet normal 0 -1 0
    outer loop
      vertex 33.8 58.25 -133.25
      vertex 37.4 58.25 -132.75
      vertex 33.8 58.25 -132.75
    endloop
  endfacet
  facet normal 0 -1 -0
    outer loop
      vertex 37.4 58.25 -132.75
      vertex 33.8 58.25 -133.25
      vertex 37.4 58.25 -133.25
    endloop
  endfacet
  facet normal 0 -1 0
    outer loop
      vertex 33.8 58.25 -134.25
      vertex 37.4 58.25 -133.75
      vertex 33.8 58.25 -133.75
    endloop
  endfacet
  facet normal 0 -1 -0
    outer loop
      vertex 37.4 58.25 -133.75
      vertex 33.8 58.25 -134.25
      vertex 37.4 58.25 -134.25
    endloop
  endfacet
  facet normal 0 -1 0
    outer loop
      vertex 33.8 58.25 -175.25
      vertex 37.4 58.25 -174.75
      vertex 33.8 58.25 -174.75
    endloop
  endfacet
  facet normal 0 -1 -0
    outer loop
      vertex 37.4 58.25 -174.75
      vertex 33.8 58.25 -175.25
      vertex 37.4 58.25 -175.25
    endloop
  endfacet
  facet normal 0 -1 0
    outer loop
      vertex 33.8 58.25 -160.25
      vertex 37.4 58.25 -159.75
      vertex 33.8 58.25 -159.75
    endloop
  endfacet
  facet normal 0 -1 -0
    outer loop
      vertex 37.4 58.25 -159.75
      vertex 33.8 58.25 -160.25
      vertex 37.4 58.25 -160.25
    endloop
  endfacet
  facet normal 0 -1 0
    outer loop
      vertex 33.8 58.25 -161.25
      vertex 37.4 58.25 -160.75
      vertex 33.8 58.25 -160.75
    endloop
  endfacet
  facet normal 0 -1 -0
    outer loop
      vertex 37.4 58.25 -160.75
      vertex 33.8 58.25 -161.25
      vertex 37.4 58.25 -161.25
    endloop
  endfacet
  facet normal 0 -1 0
    outer loop
      vertex 33.8 58.25 -135.25
      vertex 37.4 58.25 -134.75
      vertex 33.8 58.25 -134.75
    endloop
  endfacet
  facet normal 0 -1 -0
    outer loop
      vertex 37.4 58.25 -134.75
      vertex 33.8 58.25 -135.25
      vertex 37.4 58.25 -135.25
    endloop
  endfacet
  facet normal 0 -1 0
    outer loop
      vertex 33.8 58.25 -170.25
      vertex 37.4 58.25 -169.75
      vertex 33.8 58.25 -169.75
    endloop
  endfacet
  facet normal 0 -1 -0
    outer loop
      vertex 37.4 58.25 -169.75
      vertex 33.8 58.25 -170.25
      vertex 37.4 58.25 -170.25
    endloop
  endfacet
  facet normal 0 -1 0
    outer loop
      vertex 33.8 58.25 -171.25
      vertex 37.4 58.25 -170.75
      vertex 33.8 58.25 -170.75
    endloop
  endfacet
  facet normal 0 -1 -0
    outer loop
      vertex 37.4 58.25 -170.75
      vertex 33.8 58.25 -171.25
      vertex 37.4 58.25 -171.25
    endloop
  endfacet
  facet normal 0 -1 0
    outer loop
      vertex 33.8 58.25 -151.25
      vertex 37.4 58.25 -150.75
      vertex 33.8 58.25 -150.75
    endloop
  endfacet
  facet normal 0 -1 -0
    outer loop
      vertex 37.4 58.25 -150.75
      vertex 33.8 58.25 -151.25
      vertex 37.4 58.25 -151.25
    endloop
  endfacet
  facet normal 0 -1 0
    outer loop
      vertex 33.8 58.25 -152.25
      vertex 37.4 58.25 -151.75
      vertex 33.8 58.25 -151.75
    endloop
  endfacet
  facet normal 0 -1 -0
    outer loop
      vertex 37.4 58.25 -151.75
      vertex 33.8 58.25 -152.25
      vertex 37.4 58.25 -152.25
    endloop
  endfacet
  facet normal 0 -1 0
    outer loop
      vertex 33.8 58.25 -153.25
      vertex 37.4 58.25 -152.75
      vertex 33.8 58.25 -152.75
    endloop
  endfacet
  facet normal 0 -1 -0
    outer loop
      vertex 37.4 58.25 -152.75
      vertex 33.8 58.25 -153.25
      vertex 37.4 58.25 -153.25
    endloop
  endfacet
  facet normal 0 -1 0
    outer loop
      vertex 33.8 58.25 -129.25
      vertex 37.4 58.25 -128.75
      vertex 33.8 58.25 -128.75
    endloop
  endfacet
  facet normal 0 -1 -0
    outer loop
      vertex 37.4 58.25 -128.75
      vertex 33.8 58.25 -129.25
      vertex 37.4 58.25 -129.25
    endloop
  endfacet
  facet normal 0 -1 0
    outer loop
      vertex 33.8 58.25 -130.25
      vertex 37.4 58.25 -129.75
      vertex 33.8 58.25 -129.75
    endloop
  endfacet
  facet normal 0 -1 -0
    outer loop
      vertex 37.4 58.25 -129.75
      vertex 33.8 58.25 -130.25
      vertex 37.4 58.25 -130.25
    endloop
  endfacet
  facet normal 0 -1 0
    outer loop
      vertex 33.8 58.25 -131.25
      vertex 37.4 58.25 -130.75
      vertex 33.8 58.25 -130.75
    endloop
  endfacet
  facet normal 0 -1 -0
    outer loop
      vertex 37.4 58.25 -130.75
      vertex 33.8 58.25 -131.25
      vertex 37.4 58.25 -131.25
    endloop
  endfacet
  facet normal 0 -1 0
    outer loop
      vertex 33.8 58.25 -172.25
      vertex 37.4 58.25 -171.75
      vertex 33.8 58.25 -171.75
    endloop
  endfacet
  facet normal 0 -1 -0
    outer loop
      vertex 37.4 58.25 -171.75
      vertex 33.8 58.25 -172.25
      vertex 37.4 58.25 -172.25
    endloop
  endfacet
  facet normal 0 -1 0
    outer loop
      vertex 33.8 58.25 -136.25
      vertex 37.4 58.25 -135.75
      vertex 33.8 58.25 -135.75
    endloop
  endfacet
  facet normal 0 -1 -0
    outer loop
      vertex 37.4 58.25 -135.75
      vertex 33.8 58.25 -136.25
      vertex 37.4 58.25 -136.25
    endloop
  endfacet
  facet normal 0 -1 0
    outer loop
      vertex 33.8 58.25 -162.25
      vertex 37.4 58.25 -161.75
      vertex 33.8 58.25 -161.75
    endloop
  endfacet
  facet normal 0 -1 -0
    outer loop
      vertex 37.4 58.25 -161.75
      vertex 33.8 58.25 -162.25
      vertex 37.4 58.25 -162.25
    endloop
  endfacet
  facet normal 0 -1 0
    outer loop
      vertex 33.8 58.25 -137.25
      vertex 37.4 58.25 -136.75
      vertex 33.8 58.25 -136.75
    endloop
  endfacet
  facet normal 0 -1 -0
    outer loop
      vertex 37.4 58.25 -136.75
      vertex 33.8 58.25 -137.25
      vertex 37.4 58.25 -137.25
    endloop
  endfacet
  facet normal 0 -1 0
    outer loop
      vertex 33.8 58.25 -141.25
      vertex 37.4 58.25 -140.75
      vertex 33.8 58.25 -140.75
    endloop
  endfacet
  facet normal 0 -1 -0
    outer loop
      vertex 37.4 58.25 -140.75
      vertex 33.8 58.25 -141.25
      vertex 37.4 58.25 -141.25
    endloop
  endfacet
  facet normal 0 -1 0
    outer loop
      vertex 33.8 58.25 -142.25
      vertex 37.4 58.25 -141.75
      vertex 33.8 58.25 -141.75
    endloop
  endfacet
  facet normal 0 -1 -0
    outer loop
      vertex 37.4 58.25 -141.75
      vertex 33.8 58.25 -142.25
      vertex 37.4 58.25 -142.25
    endloop
  endfacet
  facet normal 0 -1 0
    outer loop
      vertex 33.8 58.25 -176.25
      vertex 37.4 58.25 -175.75
      vertex 33.8 58.25 -175.75
    endloop
  endfacet
  facet normal 0 -1 -0
    outer loop
      vertex 37.4 58.25 -175.75
      vertex 33.8 58.25 -176.25
      vertex 37.4 58.25 -176.25
    endloop
  endfacet
  facet normal 0 -1 0
    outer loop
      vertex 33.8 58.25 -140.25
      vertex 37.4 58.25 -139.75
      vertex 33.8 58.25 -139.75
    endloop
  endfacet
  facet normal 0 -1 -0
    outer loop
      vertex 37.4 58.25 -139.75
      vertex 33.8 58.25 -140.25
      vertex 37.4 58.25 -140.25
    endloop
  endfacet
  facet normal -0 0 1
    outer loop
      vertex 33.8 58.25 -178.25
      vertex 37.4 56 -178.25
      vertex 37.4 58.25 -178.25
    endloop
  endfacet
  facet normal 0 0 1
    outer loop
      vertex 37.4 56 -178.25
      vertex 33.8 58.25 -178.25
      vertex 33.8 56 -178.25
    endloop
  endfacet
  facet normal 0 0 -1
    outer loop
      vertex 33.8 56 -178.75
      vertex 37.4 58.25 -178.75
      vertex 37.4 56 -178.75
    endloop
  endfacet
  facet normal -0 0 -1
    outer loop
      vertex 37.4 58.25 -178.75
      vertex 33.8 56 -178.75
      vertex 33.8 58.25 -178.75
    endloop
  endfacet
  facet normal 0 -1 0
    outer loop
      vertex 33.8 56 -178.75
      vertex 37.4 56 -178.25
      vertex 33.8 56 -178.25
    endloop
  endfacet
  facet normal 0 -1 -0
    outer loop
      vertex 37.4 56 -178.25
      vertex 33.8 56 -178.75
      vertex 37.4 56 -178.75
    endloop
  endfacet
  facet normal -0 0 1
    outer loop
      vertex 33.8 58.25 -177.25
      vertex 37.4 56 -177.25
      vertex 37.4 58.25 -177.25
    endloop
  endfacet
  facet normal 0 0 1
    outer loop
      vertex 37.4 56 -177.25
      vertex 33.8 58.25 -177.25
      vertex 33.8 56 -177.25
    endloop
  endfacet
  facet normal 0 0 -1
    outer loop
      vertex 33.8 56 -177.75
      vertex 37.4 58.25 -177.75
      vertex 37.4 56 -177.75
    endloop
  endfacet
  facet normal -0 0 -1
    outer loop
      vertex 37.4 58.25 -177.75
      vertex 33.8 56 -177.75
      vertex 33.8 58.25 -177.75
    endloop
  endfacet
  facet normal 0 -1 0
    outer loop
      vertex 33.8 56 -177.75
      vertex 37.4 56 -177.25
      vertex 33.8 56 -177.25
    endloop
  endfacet
  facet normal 0 -1 -0
    outer loop
      vertex 37.4 56 -177.25
      vertex 33.8 56 -177.75
      vertex 37.4 56 -177.75
    endloop
  endfacet
  facet normal -0 0 1
    outer loop
      vertex 33.8 58.25 -176.25
      vertex 37.4 56 -176.25
      vertex 37.4 58.25 -176.25
    endloop
  endfacet
  facet normal 0 0 1
    outer loop
      vertex 37.4 56 -176.25
      vertex 33.8 58.25 -176.25
      vertex 33.8 56 -176.25
    endloop
  endfacet
  facet normal 0 0 -1
    outer loop
      vertex 33.8 56 -176.75
      vertex 37.4 58.25 -176.75
      vertex 37.4 56 -176.75
    endloop
  endfacet
  facet normal -0 0 -1
    outer loop
      vertex 37.4 58.25 -176.75
      vertex 33.8 56 -176.75
      vertex 33.8 58.25 -176.75
    endloop
  endfacet
  facet normal 0 -1 0
    outer loop
      vertex 33.8 56 -176.75
      vertex 37.4 56 -176.25
      vertex 33.8 56 -176.25
    endloop
  endfacet
  facet normal 0 -1 -0
    outer loop
      vertex 37.4 56 -176.25
      vertex 33.8 56 -176.75
      vertex 37.4 56 -176.75
    endloop
  endfacet
  facet normal -0 0 1
    outer loop
      vertex 33.8 58.25 -175.25
      vertex 37.4 56 -175.25
      vertex 37.4 58.25 -175.25
    endloop
  endfacet
  facet normal 0 0 1
    outer loop
      vertex 37.4 56 -175.25
      vertex 33.8 58.25 -175.25
      vertex 33.8 56 -175.25
    endloop
  endfacet
  facet normal 0 0 -1
    outer loop
      vertex 33.8 56 -175.75
      vertex 37.4 58.25 -175.75
      vertex 37.4 56 -175.75
    endloop
  endfacet
  facet normal -0 0 -1
    outer loop
      vertex 37.4 58.25 -175.75
      vertex 33.8 56 -175.75
      vertex 33.8 58.25 -175.75
    endloop
  endfacet
  facet normal 0 -1 0
    outer loop
      vertex 33.8 56 -175.75
      vertex 37.4 56 -175.25
      vertex 33.8 56 -175.25
    endloop
  endfacet
  facet normal 0 -1 -0
    outer loop
      vertex 37.4 56 -175.25
      vertex 33.8 56 -175.75
      vertex 37.4 56 -175.75
    endloop
  endfacet
  facet normal -0 0 1
    outer loop
      vertex 33.8 58.25 -174.25
      vertex 37.4 56 -174.25
      vertex 37.4 58.25 -174.25
    endloop
  endfacet
  facet normal 0 0 1
    outer loop
      vertex 37.4 56 -174.25
      vertex 33.8 58.25 -174.25
      vertex 33.8 56 -174.25
    endloop
  endfacet
  facet normal 0 0 -1
    outer loop
      vertex 33.8 56 -174.75
      vertex 37.4 58.25 -174.75
      vertex 37.4 56 -174.75
    endloop
  endfacet
  facet normal -0 0 -1
    outer loop
      vertex 37.4 58.25 -174.75
      vertex 33.8 56 -174.75
      vertex 33.8 58.25 -174.75
    endloop
  endfacet
  facet normal 0 -1 0
    outer loop
      vertex 33.8 56 -174.75
      vertex 37.4 56 -174.25
      vertex 33.8 56 -174.25
    endloop
  endfacet
  facet normal 0 -1 -0
    outer loop
      vertex 37.4 56 -174.25
      vertex 33.8 56 -174.75
      vertex 37.4 56 -174.75
    endloop
  endfacet
  facet normal -0 0 1
    outer loop
      vertex 33.8 58.25 -173.25
      vertex 37.4 56 -173.25
      vertex 37.4 58.25 -173.25
    endloop
  endfacet
  facet normal 0 0 1
    outer loop
      vertex 37.4 56 -173.25
      vertex 33.8 58.25 -173.25
      vertex 33.8 56 -173.25
    endloop
  endfacet
  facet normal 0 0 -1
    outer loop
      vertex 33.8 56 -173.75
      vertex 37.4 58.25 -173.75
      vertex 37.4 56 -173.75
    endloop
  endfacet
  facet normal -0 0 -1
    outer loop
      vertex 37.4 58.25 -173.75
      vertex 33.8 56 -173.75
      vertex 33.8 58.25 -173.75
    endloop
  endfacet
  facet normal 0 -1 0
    outer loop
      vertex 33.8 56 -173.75
      vertex 37.4 56 -173.25
      vertex 33.8 56 -173.25
    endloop
  endfacet
  facet normal 0 -1 -0
    outer loop
      vertex 37.4 56 -173.25
      vertex 33.8 56 -173.75
      vertex 37.4 56 -173.75
    endloop
  endfacet
  facet normal -0 0 1
    outer loop
      vertex 33.8 58.25 -172.25
      vertex 37.4 56 -172.25
      vertex 37.4 58.25 -172.25
    endloop
  endfacet
  facet normal 0 0 1
    outer loop
      vertex 37.4 56 -172.25
      vertex 33.8 58.25 -172.25
      vertex 33.8 56 -172.25
    endloop
  endfacet
  facet normal 0 0 -1
    outer loop
      vertex 33.8 56 -172.75
      vertex 37.4 58.25 -172.75
      vertex 37.4 56 -172.75
    endloop
  endfacet
  facet normal -0 0 -1
    outer loop
      vertex 37.4 58.25 -172.75
      vertex 33.8 56 -172.75
      vertex 33.8 58.25 -172.75
    endloop
  endfacet
  facet normal 0 -1 0
    outer loop
      vertex 33.8 56 -172.75
      vertex 37.4 56 -172.25
      vertex 33.8 56 -172.25
    endloop
  endfacet
  facet normal 0 -1 -0
    outer loop
      vertex 37.4 56 -172.25
      vertex 33.8 56 -172.75
      vertex 37.4 56 -172.75
    endloop
  endfacet
  facet normal -0 0 1
    outer loop
      vertex 33.8 58.25 -171.25
      vertex 37.4 56 -171.25
      vertex 37.4 58.25 -171.25
    endloop
  endfacet
  facet normal 0 0 1
    outer loop
      vertex 37.4 56 -171.25
      vertex 33.8 58.25 -171.25
      vertex 33.8 56 -171.25
    endloop
  endfacet
  facet normal 0 0 -1
    outer loop
      vertex 33.8 56 -171.75
      vertex 37.4 58.25 -171.75
      vertex 37.4 56 -171.75
    endloop
  endfacet
  facet normal -0 0 -1
    outer loop
      vertex 37.4 58.25 -171.75
      vertex 33.8 56 -171.75
      vertex 33.8 58.25 -171.75
    endloop
  endfacet
  facet normal 0 -1 0
    outer loop
      vertex 33.8 56 -171.75
      vertex 37.4 56 -171.25
      vertex 33.8 56 -171.25
    endloop
  endfacet
  facet normal 0 -1 -0
    outer loop
      vertex 37.4 56 -171.25
      vertex 33.8 56 -171.75
      vertex 37.4 56 -171.75
    endloop
  endfacet
  facet normal -0 0 1
    outer loop
      vertex 33.8 58.25 -170.25
      vertex 37.4 56 -170.25
      vertex 37.4 58.25 -170.25
    endloop
  endfacet
  facet normal 0 0 1
    outer loop
      vertex 37.4 56 -170.25
      vertex 33.8 58.25 -170.25
      vertex 33.8 56 -170.25
    endloop
  endfacet
  facet normal 0 0 -1
    outer loop
      vertex 33.8 56 -170.75
      vertex 37.4 58.25 -170.75
      vertex 37.4 56 -170.75
    endloop
  endfacet
  facet normal -0 0 -1
    outer loop
      vertex 37.4 58.25 -170.75
      vertex 33.8 56 -170.75
      vertex 33.8 58.25 -170.75
    endloop
  endfacet
  facet normal 0 -1 0
    outer loop
      vertex 33.8 56 -170.75
      vertex 37.4 56 -170.25
      vertex 33.8 56 -170.25
    endloop
  endfacet
  facet normal 0 -1 -0
    outer loop
      vertex 37.4 56 -170.25
      vertex 33.8 56 -170.75
      vertex 37.4 56 -170.75
    endloop
  endfacet
  facet normal -0 0 1
    outer loop
      vertex 33.8 58.25 -169.25
      vertex 37.4 56 -169.25
      vertex 37.4 58.25 -169.25
    endloop
  endfacet
  facet normal 0 0 1
    outer loop
      vertex 37.4 56 -169.25
      vertex 33.8 58.25 -169.25
      vertex 33.8 56 -169.25
    endloop
  endfacet
  facet normal 0 0 -1
    outer loop
      vertex 33.8 56 -169.75
      vertex 37.4 58.25 -169.75
      vertex 37.4 56 -169.75
    endloop
  endfacet
  facet normal -0 0 -1
    outer loop
      vertex 37.4 58.25 -169.75
      vertex 33.8 56 -169.75
      vertex 33.8 58.25 -169.75
    endloop
  endfacet
  facet normal 0 -1 0
    outer loop
      vertex 33.8 56 -169.75
      vertex 37.4 56 -169.25
      vertex 33.8 56 -169.25
    endloop
  endfacet
  facet normal 0 -1 -0
    outer loop
      vertex 37.4 56 -169.25
      vertex 33.8 56 -169.75
      vertex 37.4 56 -169.75
    endloop
  endfacet
  facet normal -0 0 1
    outer loop
      vertex 33.8 58.25 -168.25
      vertex 37.4 56 -168.25
      vertex 37.4 58.25 -168.25
    endloop
  endfacet
  facet normal 0 0 1
    outer loop
      vertex 37.4 56 -168.25
      vertex 33.8 58.25 -168.25
      vertex 33.8 56 -168.25
    endloop
  endfacet
  facet normal 0 0 -1
    outer loop
      vertex 33.8 56 -168.75
      vertex 37.4 58.25 -168.75
      vertex 37.4 56 -168.75
    endloop
  endfacet
  facet normal -0 0 -1
    outer loop
      vertex 37.4 58.25 -168.75
      vertex 33.8 56 -168.75
      vertex 33.8 58.25 -168.75
    endloop
  endfacet
  facet normal 0 -1 0
    outer loop
      vertex 33.8 56 -168.75
      vertex 37.4 56 -168.25
      vertex 33.8 56 -168.25
    endloop
  endfacet
  facet normal 0 -1 -0
    outer loop
      vertex 37.4 56 -168.25
      vertex 33.8 56 -168.75
      vertex 37.4 56 -168.75
    endloop
  endfacet
  facet normal -0 0 1
    outer loop
      vertex 33.8 58.25 -167.25
      vertex 37.4 56 -167.25
      vertex 37.4 58.25 -167.25
    endloop
  endfacet
  facet normal 0 0 1
    outer loop
      vertex 37.4 56 -167.25
      vertex 33.8 58.25 -167.25
      vertex 33.8 56 -167.25
    endloop
  endfacet
  facet normal 0 0 -1
    outer loop
      vertex 33.8 56 -167.75
      vertex 37.4 58.25 -167.75
      vertex 37.4 56 -167.75
    endloop
  endfacet
  facet normal -0 0 -1
    outer loop
      vertex 37.4 58.25 -167.75
      vertex 33.8 56 -167.75
      vertex 33.8 58.25 -167.75
    endloop
  endfacet
  facet normal 0 -1 0
    outer loop
      vertex 33.8 56 -167.75
      vertex 37.4 56 -167.25
      vertex 33.8 56 -167.25
    endloop
  endfacet
  facet normal 0 -1 -0
    outer loop
      vertex 37.4 56 -167.25
      vertex 33.8 56 -167.75
      vertex 37.4 56 -167.75
    endloop
  endfacet
  facet normal -0 0 1
    outer loop
      vertex 33.8 58.25 -166.25
      vertex 37.4 56 -166.25
      vertex 37.4 58.25 -166.25
    endloop
  endfacet
  facet normal 0 0 1
    outer loop
      vertex 37.4 56 -166.25
      vertex 33.8 58.25 -166.25
      vertex 33.8 56 -166.25
    endloop
  endfacet
  facet normal 0 0 -1
    outer loop
      vertex 33.8 56 -166.75
      vertex 37.4 58.25 -166.75
      vertex 37.4 56 -166.75
    endloop
  endfacet
  facet normal -0 0 -1
    outer loop
      vertex 37.4 58.25 -166.75
      vertex 33.8 56 -166.75
      vertex 33.8 58.25 -166.75
    endloop
  endfacet
  facet normal 0 -1 0
    outer loop
      vertex 33.8 56 -166.75
      vertex 37.4 56 -166.25
      vertex 33.8 56 -166.25
    endloop
  endfacet
  facet normal 0 -1 -0
    outer loop
      vertex 37.4 56 -166.25
      vertex 33.8 56 -166.75
      vertex 37.4 56 -166.75
    endloop
  endfacet
  facet normal -0 0 1
    outer loop
      vertex 33.8 58.25 -165.25
      vertex 37.4 56 -165.25
      vertex 37.4 58.25 -165.25
    endloop
  endfacet
  facet normal 0 0 1
    outer loop
      vertex 37.4 56 -165.25
      vertex 33.8 58.25 -165.25
      vertex 33.8 56 -165.25
    endloop
  endfacet
  facet normal 0 0 -1
    outer loop
      vertex 33.8 56 -165.75
      vertex 37.4 58.25 -165.75
      vertex 37.4 56 -165.75
    endloop
  endfacet
  facet normal -0 0 -1
    outer loop
      vertex 37.4 58.25 -165.75
      vertex 33.8 56 -165.75
      vertex 33.8 58.25 -165.75
    endloop
  endfacet
  facet normal 0 -1 0
    outer loop
      vertex 33.8 56 -165.75
      vertex 37.4 56 -165.25
      vertex 33.8 56 -165.25
    endloop
  endfacet
  facet normal 0 -1 -0
    outer loop
      vertex 37.4 56 -165.25
      vertex 33.8 56 -165.75
      vertex 37.4 56 -165.75
    endloop
  endfacet
  facet normal -0 0 1
    outer loop
      vertex 33.8 58.25 -164.25
      vertex 37.4 56 -164.25
      vertex 37.4 58.25 -164.25
    endloop
  endfacet
  facet normal 0 0 1
    outer loop
      vertex 37.4 56 -164.25
      vertex 33.8 58.25 -164.25
      vertex 33.8 56 -164.25
    endloop
  endfacet
  facet normal 0 0 -1
    outer loop
      vertex 33.8 56 -164.75
      vertex 37.4 58.25 -164.75
      vertex 37.4 56 -164.75
    endloop
  endfacet
  facet normal -0 0 -1
    outer loop
      vertex 37.4 58.25 -164.75
      vertex 33.8 56 -164.75
      vertex 33.8 58.25 -164.75
    endloop
  endfacet
  facet normal 0 -1 0
    outer loop
      vertex 33.8 56 -164.75
      vertex 37.4 56 -164.25
      vertex 33.8 56 -164.25
    endloop
  endfacet
  facet normal 0 -1 -0
    outer loop
      vertex 37.4 56 -164.25
      vertex 33.8 56 -164.75
      vertex 37.4 56 -164.75
    endloop
  endfacet
  facet normal -0 0 1
    outer loop
      vertex 33.8 58.25 -163.25
      vertex 37.4 56 -163.25
      vertex 37.4 58.25 -163.25
    endloop
  endfacet
  facet normal 0 0 1
    outer loop
      vertex 37.4 56 -163.25
      vertex 33.8 58.25 -163.25
      vertex 33.8 56 -163.25
    endloop
  endfacet
  facet normal 0 0 -1
    outer loop
      vertex 33.8 56 -163.75
      vertex 37.4 58.25 -163.75
      vertex 37.4 56 -163.75
    endloop
  endfacet
  facet normal -0 0 -1
    outer loop
      vertex 37.4 58.25 -163.75
      vertex 33.8 56 -163.75
      vertex 33.8 58.25 -163.75
    endloop
  endfacet
  facet normal 0 -1 0
    outer loop
      vertex 33.8 56 -163.75
      vertex 37.4 56 -163.25
      vertex 33.8 56 -163.25
    endloop
  endfacet
  facet normal 0 -1 -0
    outer loop
      vertex 37.4 56 -163.25
      vertex 33.8 56 -163.75
      vertex 37.4 56 -163.75
    endloop
  endfacet
  facet normal -0 0 1
    outer loop
      vertex 33.8 58.25 -162.25
      vertex 37.4 56 -162.25
      vertex 37.4 58.25 -162.25
    endloop
  endfacet
  facet normal 0 0 1
    outer loop
      vertex 37.4 56 -162.25
      vertex 33.8 58.25 -162.25
      vertex 33.8 56 -162.25
    endloop
  endfacet
  facet normal 0 0 -1
    outer loop
      vertex 33.8 56 -162.75
      vertex 37.4 58.25 -162.75
      vertex 37.4 56 -162.75
    endloop
  endfacet
  facet normal -0 0 -1
    outer loop
      vertex 37.4 58.25 -162.75
      vertex 33.8 56 -162.75
      vertex 33.8 58.25 -162.75
    endloop
  endfacet
  facet normal 0 -1 0
    outer loop
      vertex 33.8 56 -162.75
      vertex 37.4 56 -162.25
      vertex 33.8 56 -162.25
    endloop
  endfacet
  facet normal 0 -1 -0
    outer loop
      vertex 37.4 56 -162.25
      vertex 33.8 56 -162.75
      vertex 37.4 56 -162.75
    endloop
  endfacet
  facet normal -0 0 1
    outer loop
      vertex 33.8 58.25 -161.25
      vertex 37.4 56 -161.25
      vertex 37.4 58.25 -161.25
    endloop
  endfacet
  facet normal 0 0 1
    outer loop
      vertex 37.4 56 -161.25
      vertex 33.8 58.25 -161.25
      vertex 33.8 56 -161.25
    endloop
  endfacet
  facet normal 0 0 -1
    outer loop
      vertex 33.8 56 -161.75
      vertex 37.4 58.25 -161.75
      vertex 37.4 56 -161.75
    endloop
  endfacet
  facet normal -0 0 -1
    outer loop
      vertex 37.4 58.25 -161.75
      vertex 33.8 56 -161.75
      vertex 33.8 58.25 -161.75
    endloop
  endfacet
  facet normal 0 -1 0
    outer loop
      vertex 33.8 56 -161.75
      vertex 37.4 56 -161.25
      vertex 33.8 56 -161.25
    endloop
  endfacet
  facet normal 0 -1 -0
    outer loop
      vertex 37.4 56 -161.25
      vertex 33.8 56 -161.75
      vertex 37.4 56 -161.75
    endloop
  endfacet
  facet normal -0 0 1
    outer loop
      vertex 33.8 58.25 -160.25
      vertex 37.4 56 -160.25
      vertex 37.4 58.25 -160.25
    endloop
  endfacet
  facet normal 0 0 1
    outer loop
      vertex 37.4 56 -160.25
      vertex 33.8 58.25 -160.25
      vertex 33.8 56 -160.25
    endloop
  endfacet
  facet normal 0 0 -1
    outer loop
      vertex 33.8 56 -160.75
      vertex 37.4 58.25 -160.75
      vertex 37.4 56 -160.75
    endloop
  endfacet
  facet normal -0 0 -1
    outer loop
      vertex 37.4 58.25 -160.75
      vertex 33.8 56 -160.75
      vertex 33.8 58.25 -160.75
    endloop
  endfacet
  facet normal 0 -1 0
    outer loop
      vertex 33.8 56 -160.75
      vertex 37.4 56 -160.25
      vertex 33.8 56 -160.25
    endloop
  endfacet
  facet normal 0 -1 -0
    outer loop
      vertex 37.4 56 -160.25
      vertex 33.8 56 -160.75
      vertex 37.4 56 -160.75
    endloop
  endfacet
  facet normal -0 0 1
    outer loop
      vertex 33.8 58.25 -159.25
      vertex 37.4 56 -159.25
      vertex 37.4 58.25 -159.25
    endloop
  endfacet
  facet normal 0 0 1
    outer loop
      vertex 37.4 56 -159.25
      vertex 33.8 58.25 -159.25
      vertex 33.8 56 -159.25
    endloop
  endfacet
  facet normal 0 0 -1
    outer loop
      vertex 33.8 56 -159.75
      vertex 37.4 58.25 -159.75
      vertex 37.4 56 -159.75
    endloop
  endfacet
  facet normal -0 0 -1
    outer loop
      vertex 37.4 58.25 -159.75
      vertex 33.8 56 -159.75
      vertex 33.8 58.25 -159.75
    endloop
  endfacet
  facet normal 0 -1 0
    outer loop
      vertex 33.8 56 -159.75
      vertex 37.4 56 -159.25
      vertex 33.8 56 -159.25
    endloop
  endfacet
  facet normal 0 -1 -0
    outer loop
      vertex 37.4 56 -159.25
      vertex 33.8 56 -159.75
      vertex 37.4 56 -159.75
    endloop
  endfacet
  facet normal -0 0 1
    outer loop
      vertex 33.8 58.25 -158.25
      vertex 37.4 56 -158.25
      vertex 37.4 58.25 -158.25
    endloop
  endfacet
  facet normal 0 0 1
    outer loop
      vertex 37.4 56 -158.25
      vertex 33.8 58.25 -158.25
      vertex 33.8 56 -158.25
    endloop
  endfacet
  facet normal 0 0 -1
    outer loop
      vertex 33.8 56 -158.75
      vertex 37.4 58.25 -158.75
      vertex 37.4 56 -158.75
    endloop
  endfacet
  facet normal -0 0 -1
    outer loop
      vertex 37.4 58.25 -158.75
      vertex 33.8 56 -158.75
      vertex 33.8 58.25 -158.75
    endloop
  endfacet
  facet normal 0 -1 0
    outer loop
      vertex 33.8 56 -158.75
      vertex 37.4 56 -158.25
      vertex 33.8 56 -158.25
    endloop
  endfacet
  facet normal 0 -1 -0
    outer loop
      vertex 37.4 56 -158.25
      vertex 33.8 56 -158.75
      vertex 37.4 56 -158.75
    endloop
  endfacet
  facet normal -0 0 1
    outer loop
      vertex 33.8 58.25 -157.25
      vertex 37.4 56 -157.25
      vertex 37.4 58.25 -157.25
    endloop
  endfacet
  facet normal 0 0 1
    outer loop
      vertex 37.4 56 -157.25
      vertex 33.8 58.25 -157.25
      vertex 33.8 56 -157.25
    endloop
  endfacet
  facet normal 0 0 -1
    outer loop
      vertex 33.8 56 -157.75
      vertex 37.4 58.25 -157.75
      vertex 37.4 56 -157.75
    endloop
  endfacet
  facet normal -0 0 -1
    outer loop
      vertex 37.4 58.25 -157.75
      vertex 33.8 56 -157.75
      vertex 33.8 58.25 -157.75
    endloop
  endfacet
  facet normal 0 -1 0
    outer loop
      vertex 33.8 56 -157.75
      vertex 37.4 56 -157.25
      vertex 33.8 56 -157.25
    endloop
  endfacet
  facet normal 0 -1 -0
    outer loop
      vertex 37.4 56 -157.25
      vertex 33.8 56 -157.75
      vertex 37.4 56 -157.75
    endloop
  endfacet
  facet normal -0 0 1
    outer loop
      vertex 33.8 58.25 -156.25
      vertex 37.4 56 -156.25
      vertex 37.4 58.25 -156.25
    endloop
  endfacet
  facet normal 0 0 1
    outer loop
      vertex 37.4 56 -156.25
      vertex 33.8 58.25 -156.25
      vertex 33.8 56 -156.25
    endloop
  endfacet
  facet normal 0 0 -1
    outer loop
      vertex 33.8 56 -156.75
      vertex 37.4 58.25 -156.75
      vertex 37.4 56 -156.75
    endloop
  endfacet
  facet normal -0 0 -1
    outer loop
      vertex 37.4 58.25 -156.75
      vertex 33.8 56 -156.75
      vertex 33.8 58.25 -156.75
    endloop
  endfacet
  facet normal 0 -1 0
    outer loop
      vertex 33.8 56 -156.75
      vertex 37.4 56 -156.25
      vertex 33.8 56 -156.25
    endloop
  endfacet
  facet normal 0 -1 -0
    outer loop
      vertex 37.4 56 -156.25
      vertex 33.8 56 -156.75
      vertex 37.4 56 -156.75
    endloop
  endfacet
  facet normal -0 0 1
    outer loop
      vertex 33.8 58.25 -155.25
      vertex 37.4 56 -155.25
      vertex 37.4 58.25 -155.25
    endloop
  endfacet
  facet normal 0 0 1
    outer loop
      vertex 37.4 56 -155.25
      vertex 33.8 58.25 -155.25
      vertex 33.8 56 -155.25
    endloop
  endfacet
  facet normal 0 0 -1
    outer loop
      vertex 33.8 56 -155.75
      vertex 37.4 58.25 -155.75
      vertex 37.4 56 -155.75
    endloop
  endfacet
  facet normal -0 0 -1
    outer loop
      vertex 37.4 58.25 -155.75
      vertex 33.8 56 -155.75
      vertex 33.8 58.25 -155.75
    endloop
  endfacet
  facet normal 0 -1 0
    outer loop
      vertex 33.8 56 -155.75
      vertex 37.4 56 -155.25
      vertex 33.8 56 -155.25
    endloop
  endfacet
  facet normal 0 -1 -0
    outer loop
      vertex 37.4 56 -155.25
      vertex 33.8 56 -155.75
      vertex 37.4 56 -155.75
    endloop
  endfacet
  facet normal -0 0 1
    outer loop
      vertex 33.8 58.25 -154.25
      vertex 37.4 56 -154.25
      vertex 37.4 58.25 -154.25
    endloop
  endfacet
  facet normal 0 0 1
    outer loop
      vertex 37.4 56 -154.25
      vertex 33.8 58.25 -154.25
      vertex 33.8 56 -154.25
    endloop
  endfacet
  facet normal 0 0 -1
    outer loop
      vertex 33.8 56 -154.75
      vertex 37.4 58.25 -154.75
      vertex 37.4 56 -154.75
    endloop
  endfacet
  facet normal -0 0 -1
    outer loop
      vertex 37.4 58.25 -154.75
      vertex 33.8 56 -154.75
      vertex 33.8 58.25 -154.75
    endloop
  endfacet
  facet normal 0 -1 0
    outer loop
      vertex 33.8 56 -154.75
      vertex 37.4 56 -154.25
      vertex 33.8 56 -154.25
    endloop
  endfacet
  facet normal 0 -1 -0
    outer loop
      vertex 37.4 56 -154.25
      vertex 33.8 56 -154.75
      vertex 37.4 56 -154.75
    endloop
  endfacet
  facet normal -0 0 1
    outer loop
      vertex 33.8 58.25 -153.25
      vertex 37.4 56 -153.25
      vertex 37.4 58.25 -153.25
    endloop
  endfacet
  facet normal 0 0 1
    outer loop
      vertex 37.4 56 -153.25
      vertex 33.8 58.25 -153.25
      vertex 33.8 56 -153.25
    endloop
  endfacet
  facet normal 0 0 -1
    outer loop
      vertex 33.8 56 -153.75
      vertex 37.4 58.25 -153.75
      vertex 37.4 56 -153.75
    endloop
  endfacet
  facet normal -0 0 -1
    outer loop
      vertex 37.4 58.25 -153.75
      vertex 33.8 56 -153.75
      vertex 33.8 58.25 -153.75
    endloop
  endfacet
  facet normal 0 -1 0
    outer loop
      vertex 33.8 56 -153.75
      vertex 37.4 56 -153.25
      vertex 33.8 56 -153.25
    endloop
  endfacet
  facet normal 0 -1 -0
    outer loop
      vertex 37.4 56 -153.25
      vertex 33.8 56 -153.75
      vertex 37.4 56 -153.75
    endloop
  endfacet
  facet normal -0 0 1
    outer loop
      vertex 33.8 58.25 -152.25
      vertex 37.4 56 -152.25
      vertex 37.4 58.25 -152.25
    endloop
  endfacet
  facet normal 0 0 1
    outer loop
      vertex 37.4 56 -152.25
      vertex 33.8 58.25 -152.25
      vertex 33.8 56 -152.25
    endloop
  endfacet
  facet normal 0 0 -1
    outer loop
      vertex 33.8 56 -152.75
      vertex 37.4 58.25 -152.75
      vertex 37.4 56 -152.75
    endloop
  endfacet
  facet normal -0 0 -1
    outer loop
      vertex 37.4 58.25 -152.75
      vertex 33.8 56 -152.75
      vertex 33.8 58.25 -152.75
    endloop
  endfacet
  facet normal 0 -1 0
    outer loop
      vertex 33.8 56 -152.75
      vertex 37.4 56 -152.25
      vertex 33.8 56 -152.25
    endloop
  endfacet
  facet normal 0 -1 -0
    outer loop
      vertex 37.4 56 -152.25
      vertex 33.8 56 -152.75
      vertex 37.4 56 -152.75
    endloop
  endfacet
  facet normal -0 0 1
    outer loop
      vertex 33.8 58.25 -151.25
      vertex 37.4 56 -151.25
      vertex 37.4 58.25 -151.25
    endloop
  endfacet
  facet normal 0 0 1
    outer loop
      vertex 37.4 56 -151.25
      vertex 33.8 58.25 -151.25
      vertex 33.8 56 -151.25
    endloop
  endfacet
  facet normal 0 0 -1
    outer loop
      vertex 33.8 56 -151.75
      vertex 37.4 58.25 -151.75
      vertex 37.4 56 -151.75
    endloop
  endfacet
  facet normal -0 0 -1
    outer loop
      vertex 37.4 58.25 -151.75
      vertex 33.8 56 -151.75
      vertex 33.8 58.25 -151.75
    endloop
  endfacet
  facet normal 0 -1 0
    outer loop
      vertex 33.8 56 -151.75
      vertex 37.4 56 -151.25
      vertex 33.8 56 -151.25
    endloop
  endfacet
  facet normal 0 -1 -0
    outer loop
      vertex 37.4 56 -151.25
      vertex 33.8 56 -151.75
      vertex 37.4 56 -151.75
    endloop
  endfacet
  facet normal -0 0 1
    outer loop
      vertex 33.8 58.25 -150.25
      vertex 37.4 56 -150.25
      vertex 37.4 58.25 -150.25
    endloop
  endfacet
  facet normal 0 0 1
    outer loop
      vertex 37.4 56 -150.25
      vertex 33.8 58.25 -150.25
      vertex 33.8 56 -150.25
    endloop
  endfacet
  facet normal 0 0 -1
    outer loop
      vertex 33.8 56 -150.75
      vertex 37.4 58.25 -150.75
      vertex 37.4 56 -150.75
    endloop
  endfacet
  facet normal -0 0 -1
    outer loop
      vertex 37.4 58.25 -150.75
      vertex 33.8 56 -150.75
      vertex 33.8 58.25 -150.75
    endloop
  endfacet
  facet normal 0 -1 0
    outer loop
      vertex 33.8 56 -150.75
      vertex 37.4 56 -150.25
      vertex 33.8 56 -150.25
    endloop
  endfacet
  facet normal 0 -1 -0
    outer loop
      vertex 37.4 56 -150.25
      vertex 33.8 56 -150.75
      vertex 37.4 56 -150.75
    endloop
  endfacet
  facet normal -0 0 1
    outer loop
      vertex 33.8 58.25 -149.25
      vertex 37.4 56 -149.25
      vertex 37.4 58.25 -149.25
    endloop
  endfacet
  facet normal 0 0 1
    outer loop
      vertex 37.4 56 -149.25
      vertex 33.8 58.25 -149.25
      vertex 33.8 56 -149.25
    endloop
  endfacet
  facet normal 0 0 -1
    outer loop
      vertex 33.8 56 -149.75
      vertex 37.4 58.25 -149.75
      vertex 37.4 56 -149.75
    endloop
  endfacet
  facet normal -0 0 -1
    outer loop
      vertex 37.4 58.25 -149.75
      vertex 33.8 56 -149.75
      vertex 33.8 58.25 -149.75
    endloop
  endfacet
  facet normal 0 -1 0
    outer loop
      vertex 33.8 56 -149.75
      vertex 37.4 56 -149.25
      vertex 33.8 56 -149.25
    endloop
  endfacet
  facet normal 0 -1 -0
    outer loop
      vertex 37.4 56 -149.25
      vertex 33.8 56 -149.75
      vertex 37.4 56 -149.75
    endloop
  endfacet
  facet normal -0 0 1
    outer loop
      vertex 33.8 58.25 -148.25
      vertex 37.4 56 -148.25
      vertex 37.4 58.25 -148.25
    endloop
  endfacet
  facet normal 0 0 1
    outer loop
      vertex 37.4 56 -148.25
      vertex 33.8 58.25 -148.25
      vertex 33.8 56 -148.25
    endloop
  endfacet
  facet normal 0 0 -1
    outer loop
      vertex 33.8 56 -148.75
      vertex 37.4 58.25 -148.75
      vertex 37.4 56 -148.75
    endloop
  endfacet
  facet normal -0 0 -1
    outer loop
      vertex 37.4 58.25 -148.75
      vertex 33.8 56 -148.75
      vertex 33.8 58.25 -148.75
    endloop
  endfacet
  facet normal 0 -1 0
    outer loop
      vertex 33.8 56 -148.75
      vertex 37.4 56 -148.25
      vertex 33.8 56 -148.25
    endloop
  endfacet
  facet normal 0 -1 -0
    outer loop
      vertex 37.4 56 -148.25
      vertex 33.8 56 -148.75
      vertex 37.4 56 -148.75
    endloop
  endfacet
  facet normal -0 0 1
    outer loop
      vertex 33.8 58.25 -147.25
      vertex 37.4 56 -147.25
      vertex 37.4 58.25 -147.25
    endloop
  endfacet
  facet normal 0 0 1
    outer loop
      vertex 37.4 56 -147.25
      vertex 33.8 58.25 -147.25
      vertex 33.8 56 -147.25
    endloop
  endfacet
  facet normal 0 0 -1
    outer loop
      vertex 33.8 56 -147.75
      vertex 37.4 58.25 -147.75
      vertex 37.4 56 -147.75
    endloop
  endfacet
  facet normal -0 0 -1
    outer loop
      vertex 37.4 58.25 -147.75
      vertex 33.8 56 -147.75
      vertex 33.8 58.25 -147.75
    endloop
  endfacet
  facet normal 0 -1 0
    outer loop
      vertex 33.8 56 -147.75
      vertex 37.4 56 -147.25
      vertex 33.8 56 -147.25
    endloop
  endfacet
  facet normal 0 -1 -0
    outer loop
      vertex 37.4 56 -147.25
      vertex 33.8 56 -147.75
      vertex 37.4 56 -147.75
    endloop
  endfacet
  facet normal -0 0 1
    outer loop
      vertex 33.8 58.25 -146.25
      vertex 37.4 56 -146.25
      vertex 37.4 58.25 -146.25
    endloop
  endfacet
  facet normal 0 0 1
    outer loop
      vertex 37.4 56 -146.25
      vertex 33.8 58.25 -146.25
      vertex 33.8 56 -146.25
    endloop
  endfacet
  facet normal 0 0 -1
    outer loop
      vertex 33.8 56 -146.75
      vertex 37.4 58.25 -146.75
      vertex 37.4 56 -146.75
    endloop
  endfacet
  facet normal -0 0 -1
    outer loop
      vertex 37.4 58.25 -146.75
      vertex 33.8 56 -146.75
      vertex 33.8 58.25 -146.75
    endloop
  endfacet
  facet normal 0 -1 0
    outer loop
      vertex 33.8 56 -146.75
      vertex 37.4 56 -146.25
      vertex 33.8 56 -146.25
    endloop
  endfacet
  facet normal 0 -1 -0
    outer loop
      vertex 37.4 56 -146.25
      vertex 33.8 56 -146.75
      vertex 37.4 56 -146.75
    endloop
  endfacet
  facet normal -0 0 1
    outer loop
      vertex 33.8 58.25 -145.25
      vertex 37.4 56 -145.25
      vertex 37.4 58.25 -145.25
    endloop
  endfacet
  facet normal 0 0 1
    outer loop
      vertex 37.4 56 -145.25
      vertex 33.8 58.25 -145.25
      vertex 33.8 56 -145.25
    endloop
  endfacet
  facet normal 0 0 -1
    outer loop
      vertex 33.8 56 -145.75
      vertex 37.4 58.25 -145.75
      vertex 37.4 56 -145.75
    endloop
  endfacet
  facet normal -0 0 -1
    outer loop
      vertex 37.4 58.25 -145.75
      vertex 33.8 56 -145.75
      vertex 33.8 58.25 -145.75
    endloop
  endfacet
  facet normal 0 -1 0
    outer loop
      vertex 33.8 56 -145.75
      vertex 37.4 56 -145.25
      vertex 33.8 56 -145.25
    endloop
  endfacet
  facet normal 0 -1 -0
    outer loop
      vertex 37.4 56 -145.25
      vertex 33.8 56 -145.75
      vertex 37.4 56 -145.75
    endloop
  endfacet
  facet normal -0 0 1
    outer loop
      vertex 33.8 58.25 -144.25
      vertex 37.4 56 -144.25
      vertex 37.4 58.25 -144.25
    endloop
  endfacet
  facet normal 0 0 1
    outer loop
      vertex 37.4 56 -144.25
      vertex 33.8 58.25 -144.25
      vertex 33.8 56 -144.25
    endloop
  endfacet
  facet normal 0 0 -1
    outer loop
      vertex 33.8 56 -144.75
      vertex 37.4 58.25 -144.75
      vertex 37.4 56 -144.75
    endloop
  endfacet
  facet normal -0 0 -1
    outer loop
      vertex 37.4 58.25 -144.75
      vertex 33.8 56 -144.75
      vertex 33.8 58.25 -144.75
    endloop
  endfacet
  facet normal 0 -1 0
    outer loop
      vertex 33.8 56 -144.75
      vertex 37.4 56 -144.25
      vertex 33.8 56 -144.25
    endloop
  endfacet
  facet normal 0 -1 -0
    outer loop
      vertex 37.4 56 -144.25
      vertex 33.8 56 -144.75
      vertex 37.4 56 -144.75
    endloop
  endfacet
  facet normal -0 0 1
    outer loop
      vertex 33.8 58.25 -143.25
      vertex 37.4 56 -143.25
      vertex 37.4 58.25 -143.25
    endloop
  endfacet
  facet normal 0 0 1
    outer loop
      vertex 37.4 56 -143.25
      vertex 33.8 58.25 -143.25
      vertex 33.8 56 -143.25
    endloop
  endfacet
  facet normal 0 0 -1
    outer loop
      vertex 33.8 56 -143.75
      vertex 37.4 58.25 -143.75
      vertex 37.4 56 -143.75
    endloop
  endfacet
  facet normal -0 0 -1
    outer loop
      vertex 37.4 58.25 -143.75
      vertex 33.8 56 -143.75
      vertex 33.8 58.25 -143.75
    endloop
  endfacet
  facet normal 0 -1 0
    outer loop
      vertex 33.8 56 -143.75
      vertex 37.4 56 -143.25
      vertex 33.8 56 -143.25
    endloop
  endfacet
  facet normal 0 -1 -0
    outer loop
      vertex 37.4 56 -143.25
      vertex 33.8 56 -143.75
      vertex 37.4 56 -143.75
    endloop
  endfacet
  facet normal -0 0 1
    outer loop
      vertex 33.8 58.25 -142.25
      vertex 37.4 56 -142.25
      vertex 37.4 58.25 -142.25
    endloop
  endfacet
  facet normal 0 0 1
    outer loop
      vertex 37.4 56 -142.25
      vertex 33.8 58.25 -142.25
      vertex 33.8 56 -142.25
    endloop
  endfacet
  facet normal 0 0 -1
    outer loop
      vertex 33.8 56 -142.75
      vertex 37.4 58.25 -142.75
      vertex 37.4 56 -142.75
    endloop
  endfacet
  facet normal -0 0 -1
    outer loop
      vertex 37.4 58.25 -142.75
      vertex 33.8 56 -142.75
      vertex 33.8 58.25 -142.75
    endloop
  endfacet
  facet normal 0 -1 0
    outer loop
      vertex 33.8 56 -142.75
      vertex 37.4 56 -142.25
      vertex 33.8 56 -142.25
    endloop
  endfacet
  facet normal 0 -1 -0
    outer loop
      vertex 37.4 56 -142.25
      vertex 33.8 56 -142.75
      vertex 37.4 56 -142.75
    endloop
  endfacet
  facet normal -0 0 1
    outer loop
      vertex 33.8 58.25 -141.25
      vertex 37.4 56 -141.25
      vertex 37.4 58.25 -141.25
    endloop
  endfacet
  facet normal 0 0 1
    outer loop
      vertex 37.4 56 -141.25
      vertex 33.8 58.25 -141.25
      vertex 33.8 56 -141.25
    endloop
  endfacet
  facet normal 0 0 -1
    outer loop
      vertex 33.8 56 -141.75
      vertex 37.4 58.25 -141.75
      vertex 37.4 56 -141.75
    endloop
  endfacet
  facet normal -0 0 -1
    outer loop
      vertex 37.4 58.25 -141.75
      vertex 33.8 56 -141.75
      vertex 33.8 58.25 -141.75
    endloop
  endfacet
  facet normal 0 -1 0
    outer loop
      vertex 33.8 56 -141.75
      vertex 37.4 56 -141.25
      vertex 33.8 56 -141.25
    endloop
  endfacet
  facet normal 0 -1 -0
    outer loop
      vertex 37.4 56 -141.25
      vertex 33.8 56 -141.75
      vertex 37.4 56 -141.75
    endloop
  endfacet
  facet normal -0 0 1
    outer loop
      vertex 33.8 58.25 -140.25
      vertex 37.4 56 -140.25
      vertex 37.4 58.25 -140.25
    endloop
  endfacet
  facet normal 0 0 1
    outer loop
      vertex 37.4 56 -140.25
      vertex 33.8 58.25 -140.25
      vertex 33.8 56 -140.25
    endloop
  endfacet
  facet normal 0 0 -1
    outer loop
      vertex 33.8 56 -140.75
      vertex 37.4 58.25 -140.75
      vertex 37.4 56 -140.75
    endloop
  endfacet
  facet normal -0 0 -1
    outer loop
      vertex 37.4 58.25 -140.75
      vertex 33.8 56 -140.75
      vertex 33.8 58.25 -140.75
    endloop
  endfacet
  facet normal 0 -1 0
    outer loop
      vertex 33.8 56 -140.75
      vertex 37.4 56 -140.25
      vertex 33.8 56 -140.25
    endloop
  endfacet
  facet normal 0 -1 -0
    outer loop
      vertex 37.4 56 -140.25
      vertex 33.8 56 -140.75
      vertex 37.4 56 -140.75
    endloop
  endfacet
  facet normal -0 0 1
    outer loop
      vertex 33.8 58.25 -139.25
      vertex 37.4 56 -139.25
      vertex 37.4 58.25 -139.25
    endloop
  endfacet
  facet normal 0 0 1
    outer loop
      vertex 37.4 56 -139.25
      vertex 33.8 58.25 -139.25
      vertex 33.8 56 -139.25
    endloop
  endfacet
  facet normal 0 0 -1
    outer loop
      vertex 33.8 56 -139.75
      vertex 37.4 58.25 -139.75
      vertex 37.4 56 -139.75
    endloop
  endfacet
  facet normal -0 0 -1
    outer loop
      vertex 37.4 58.25 -139.75
      vertex 33.8 56 -139.75
      vertex 33.8 58.25 -139.75
    endloop
  endfacet
  facet normal 0 -1 0
    outer loop
      vertex 33.8 56 -139.75
      vertex 37.4 56 -139.25
      vertex 33.8 56 -139.25
    endloop
  endfacet
  facet normal 0 -1 -0
    outer loop
      vertex 37.4 56 -139.25
      vertex 33.8 56 -139.75
      vertex 37.4 56 -139.75
    endloop
  endfacet
  facet normal -0 0 1
    outer loop
      vertex 33.8 58.25 -138.25
      vertex 37.4 56 -138.25
      vertex 37.4 58.25 -138.25
    endloop
  endfacet
  facet normal 0 0 1
    outer loop
      vertex 37.4 56 -138.25
      vertex 33.8 58.25 -138.25
      vertex 33.8 56 -138.25
    endloop
  endfacet
  facet normal 0 0 -1
    outer loop
      vertex 33.8 56 -138.75
      vertex 37.4 58.25 -138.75
      vertex 37.4 56 -138.75
    endloop
  endfacet
  facet normal -0 0 -1
    outer loop
      vertex 37.4 58.25 -138.75
      vertex 33.8 56 -138.75
      vertex 33.8 58.25 -138.75
    endloop
  endfacet
  facet normal 0 -1 0
    outer loop
      vertex 33.8 56 -138.75
      vertex 37.4 56 -138.25
      vertex 33.8 56 -138.25
    endloop
  endfacet
  facet normal 0 -1 -0
    outer loop
      vertex 37.4 56 -138.25
      vertex 33.8 56 -138.75
      vertex 37.4 56 -138.75
    endloop
  endfacet
  facet normal -0 0 1
    outer loop
      vertex 33.8 58.25 -137.25
      vertex 37.4 56 -137.25
      vertex 37.4 58.25 -137.25
    endloop
  endfacet
  facet normal 0 0 1
    outer loop
      vertex 37.4 56 -137.25
      vertex 33.8 58.25 -137.25
      vertex 33.8 56 -137.25
    endloop
  endfacet
  facet normal 0 0 -1
    outer loop
      vertex 33.8 56 -137.75
      vertex 37.4 58.25 -137.75
      vertex 37.4 56 -137.75
    endloop
  endfacet
  facet normal -0 0 -1
    outer loop
      vertex 37.4 58.25 -137.75
      vertex 33.8 56 -137.75
      vertex 33.8 58.25 -137.75
    endloop
  endfacet
  facet normal 0 -1 0
    outer loop
      vertex 33.8 56 -137.75
      vertex 37.4 56 -137.25
      vertex 33.8 56 -137.25
    endloop
  endfacet
  facet normal 0 -1 -0
    outer loop
      vertex 37.4 56 -137.25
      vertex 33.8 56 -137.75
      vertex 37.4 56 -137.75
    endloop
  endfacet
  facet normal -0 0 1
    outer loop
      vertex 33.8 58.25 -136.25
      vertex 37.4 56 -136.25
      vertex 37.4 58.25 -136.25
    endloop
  endfacet
  facet normal 0 0 1
    outer loop
      vertex 37.4 56 -136.25
      vertex 33.8 58.25 -136.25
      vertex 33.8 56 -136.25
    endloop
  endfacet
  facet normal 0 0 -1
    outer loop
      vertex 33.8 56 -136.75
      vertex 37.4 58.25 -136.75
      vertex 37.4 56 -136.75
    endloop
  endfacet
  facet normal -0 0 -1
    outer loop
      vertex 37.4 58.25 -136.75
      vertex 33.8 56 -136.75
      vertex 33.8 58.25 -136.75
    endloop
  endfacet
  facet normal 0 -1 0
    outer loop
      vertex 33.8 56 -136.75
      vertex 37.4 56 -136.25
      vertex 33.8 56 -136.25
    endloop
  endfacet
  facet normal 0 -1 -0
    outer loop
      vertex 37.4 56 -136.25
      vertex 33.8 56 -136.75
      vertex 37.4 56 -136.75
    endloop
  endfacet
  facet normal -0 0 1
    outer loop
      vertex 33.8 58.25 -135.25
      vertex 37.4 56 -135.25
      vertex 37.4 58.25 -135.25
    endloop
  endfacet
  facet normal 0 0 1
    outer loop
      vertex 37.4 56 -135.25
      vertex 33.8 58.25 -135.25
      vertex 33.8 56 -135.25
    endloop
  endfacet
  facet normal 0 0 -1
    outer loop
      vertex 33.8 56 -135.75
      vertex 37.4 58.25 -135.75
      vertex 37.4 56 -135.75
    endloop
  endfacet
  facet normal -0 0 -1
    outer loop
      vertex 37.4 58.25 -135.75
      vertex 33.8 56 -135.75
      vertex 33.8 58.25 -135.75
    endloop
  endfacet
  facet normal 0 -1 0
    outer loop
      vertex 33.8 56 -135.75
      vertex 37.4 56 -135.25
      vertex 33.8 56 -135.25
    endloop
  endfacet
  facet normal 0 -1 -0
    outer loop
      vertex 37.4 56 -135.25
      vertex 33.8 56 -135.75
      vertex 37.4 56 -135.75
    endloop
  endfacet
  facet normal -0 0 1
    outer loop
      vertex 33.8 58.25 -134.25
      vertex 37.4 56 -134.25
      vertex 37.4 58.25 -134.25
    endloop
  endfacet
  facet normal 0 0 1
    outer loop
      vertex 37.4 56 -134.25
      vertex 33.8 58.25 -134.25
      vertex 33.8 56 -134.25
    endloop
  endfacet
  facet normal 0 0 -1
    outer loop
      vertex 33.8 56 -134.75
      vertex 37.4 58.25 -134.75
      vertex 37.4 56 -134.75
    endloop
  endfacet
  facet normal -0 0 -1
    outer loop
      vertex 37.4 58.25 -134.75
      vertex 33.8 56 -134.75
      vertex 33.8 58.25 -134.75
    endloop
  endfacet
  facet normal 0 -1 0
    outer loop
      vertex 33.8 56 -134.75
      vertex 37.4 56 -134.25
      vertex 33.8 56 -134.25
    endloop
  endfacet
  facet normal 0 -1 -0
    outer loop
      vertex 37.4 56 -134.25
      vertex 33.8 56 -134.75
      vertex 37.4 56 -134.75
    endloop
  endfacet
  facet normal -0 0 1
    outer loop
      vertex 33.8 58.25 -133.25
      vertex 37.4 56 -133.25
      vertex 37.4 58.25 -133.25
    endloop
  endfacet
  facet normal 0 0 1
    outer loop
      vertex 37.4 56 -133.25
      vertex 33.8 58.25 -133.25
      vertex 33.8 56 -133.25
    endloop
  endfacet
  facet normal 0 0 -1
    outer loop
      vertex 33.8 56 -133.75
      vertex 37.4 58.25 -133.75
      vertex 37.4 56 -133.75
    endloop
  endfacet
  facet normal -0 0 -1
    outer loop
      vertex 37.4 58.25 -133.75
      vertex 33.8 56 -133.75
      vertex 33.8 58.25 -133.75
    endloop
  endfacet
  facet normal 0 -1 0
    outer loop
      vertex 33.8 56 -133.75
      vertex 37.4 56 -133.25
      vertex 33.8 56 -133.25
    endloop
  endfacet
  facet normal 0 -1 -0
    outer loop
      vertex 37.4 56 -133.25
      vertex 33.8 56 -133.75
      vertex 37.4 56 -133.75
    endloop
  endfacet
  facet normal -0 0 1
    outer loop
      vertex 33.8 58.25 -132.25
      vertex 37.4 56 -132.25
      vertex 37.4 58.25 -132.25
    endloop
  endfacet
  facet normal 0 0 1
    outer loop
      vertex 37.4 56 -132.25
      vertex 33.8 58.25 -132.25
      vertex 33.8 56 -132.25
    endloop
  endfacet
  facet normal 0 0 -1
    outer loop
      vertex 33.8 56 -132.75
      vertex 37.4 58.25 -132.75
      vertex 37.4 56 -132.75
    endloop
  endfacet
  facet normal -0 0 -1
    outer loop
      vertex 37.4 58.25 -132.75
      vertex 33.8 56 -132.75
      vertex 33.8 58.25 -132.75
    endloop
  endfacet
  facet normal 0 -1 0
    outer loop
      vertex 33.8 56 -132.75
      vertex 37.4 56 -132.25
      vertex 33.8 56 -132.25
    endloop
  endfacet
  facet normal 0 -1 -0
    outer loop
      vertex 37.4 56 -132.25
      vertex 33.8 56 -132.75
      vertex 37.4 56 -132.75
    endloop
  endfacet
  facet normal -0 0 1
    outer loop
      vertex 33.8 58.25 -131.25
      vertex 37.4 56 -131.25
      vertex 37.4 58.25 -131.25
    endloop
  endfacet
  facet normal 0 0 1
    outer loop
      vertex 37.4 56 -131.25
      vertex 33.8 58.25 -131.25
      vertex 33.8 56 -131.25
    endloop
  endfacet
  facet normal 0 0 -1
    outer loop
      vertex 33.8 56 -131.75
      vertex 37.4 58.25 -131.75
      vertex 37.4 56 -131.75
    endloop
  endfacet
  facet normal -0 0 -1
    outer loop
      vertex 37.4 58.25 -131.75
      vertex 33.8 56 -131.75
      vertex 33.8 58.25 -131.75
    endloop
  endfacet
  facet normal 0 -1 0
    outer loop
      vertex 33.8 56 -131.75
      vertex 37.4 56 -131.25
      vertex 33.8 56 -131.25
    endloop
  endfacet
  facet normal 0 -1 -0
    outer loop
      vertex 37.4 56 -131.25
      vertex 33.8 56 -131.75
      vertex 37.4 56 -131.75
    endloop
  endfacet
  facet normal -0 0 1
    outer loop
      vertex 33.8 58.25 -130.25
      vertex 37.4 56 -130.25
      vertex 37.4 58.25 -130.25
    endloop
  endfacet
  facet normal 0 0 1
    outer loop
      vertex 37.4 56 -130.25
      vertex 33.8 58.25 -130.25
      vertex 33.8 56 -130.25
    endloop
  endfacet
  facet normal 0 0 -1
    outer loop
      vertex 33.8 56 -130.75
      vertex 37.4 58.25 -130.75
      vertex 37.4 56 -130.75
    endloop
  endfacet
  facet normal -0 0 -1
    outer loop
      vertex 37.4 58.25 -130.75
      vertex 33.8 56 -130.75
      vertex 33.8 58.25 -130.75
    endloop
  endfacet
  facet normal 0 -1 0
    outer loop
      vertex 33.8 56 -130.75
      vertex 37.4 56 -130.25
      vertex 33.8 56 -130.25
    endloop
  endfacet
  facet normal 0 -1 -0
    outer loop
      vertex 37.4 56 -130.25
      vertex 33.8 56 -130.75
      vertex 37.4 56 -130.75
    endloop
  endfacet
  facet normal -0 0 1
    outer loop
      vertex 33.8 58.25 -129.25
      vertex 37.4 56 -129.25
      vertex 37.4 58.25 -129.25
    endloop
  endfacet
  facet normal 0 0 1
    outer loop
      vertex 37.4 56 -129.25
      vertex 33.8 58.25 -129.25
      vertex 33.8 56 -129.25
    endloop
  endfacet
  facet normal 0 0 -1
    outer loop
      vertex 33.8 56 -129.75
      vertex 37.4 58.25 -129.75
      vertex 37.4 56 -129.75
    endloop
  endfacet
  facet normal -0 0 -1
    outer loop
      vertex 37.4 58.25 -129.75
      vertex 33.8 56 -129.75
      vertex 33.8 58.25 -129.75
    endloop
  endfacet
  facet normal 0 -1 0
    outer loop
      vertex 33.8 56 -129.75
      vertex 37.4 56 -129.25
      vertex 33.8 56 -129.25
    endloop
  endfacet
  facet normal 0 -1 -0
    outer loop
      vertex 37.4 56 -129.25
      vertex 33.8 56 -129.75
      vertex 37.4 56 -129.75
    endloop
  endfacet
  facet normal -0 0 1
    outer loop
      vertex 33.8 58.25 -128.25
      vertex 37.4 56 -128.25
      vertex 37.4 58.25 -128.25
    endloop
  endfacet
  facet normal 0 0 1
    outer loop
      vertex 37.4 56 -128.25
      vertex 33.8 58.25 -128.25
      vertex 33.8 56 -128.25
    endloop
  endfacet
  facet normal 0 0 -1
    outer loop
      vertex 33.8 56 -128.75
      vertex 37.4 58.25 -128.75
      vertex 37.4 56 -128.75
    endloop
  endfacet
  facet normal -0 0 -1
    outer loop
      vertex 37.4 58.25 -128.75
      vertex 33.8 56 -128.75
      vertex 33.8 58.25 -128.75
    endloop
  endfacet
  facet normal 0 -1 0
    outer loop
      vertex 33.8 56 -128.75
      vertex 37.4 56 -128.25
      vertex 33.8 56 -128.25
    endloop
  endfacet
  facet normal 0 -1 -0
    outer loop
      vertex 37.4 56 -128.25
      vertex 33.8 56 -128.75
      vertex 37.4 56 -128.75
    endloop
  endfacet
  facet normal -0 0 1
    outer loop
      vertex 33.8 58.25 -127.25
      vertex 37.4 56 -127.25
      vertex 37.4 58.25 -127.25
    endloop
  endfacet
  facet normal 0 0 1
    outer loop
      vertex 37.4 56 -127.25
      vertex 33.8 58.25 -127.25
      vertex 33.8 56 -127.25
    endloop
  endfacet
  facet normal 0 0 -1
    outer loop
      vertex 33.8 56 -127.75
      vertex 37.4 58.25 -127.75
      vertex 37.4 56 -127.75
    endloop
  endfacet
  facet normal -0 0 -1
    outer loop
      vertex 37.4 58.25 -127.75
      vertex 33.8 56 -127.75
      vertex 33.8 58.25 -127.75
    endloop
  endfacet
  facet normal 0 -1 0
    outer loop
      vertex 33.8 56 -127.75
      vertex 37.4 56 -127.25
      vertex 33.8 56 -127.25
    endloop
  endfacet
  facet normal 0 -1 -0
    outer loop
      vertex 37.4 56 -127.25
      vertex 33.8 56 -127.75
      vertex 37.4 56 -127.75
    endloop
  endfacet
  facet normal -0 0 1
    outer loop
      vertex 33.8 61.5 -127
      vertex 37.4 58.25 -127
      vertex 37.4 61.5 -127
    endloop
  endfacet
  facet normal 0 0 1
    outer loop
      vertex 37.4 58.25 -127
      vertex 33.8 61.5 -127
      vertex 33.8 58.25 -127
    endloop
  endfacet
  facet normal 0 0 -1
    outer loop
      vertex 37.6 42.5 -187
      vertex 39.6 42 -187
      vertex 37.6 42 -187
    endloop
  endfacet
  facet normal 0 0 -1
    outer loop
      vertex 39.6 42 -187
      vertex 37.6 42.5 -187
      vertex 39.6 60 -187
    endloop
  endfacet
  facet normal 0 0 -1
    outer loop
      vertex 37.6 42.5 -187
      vertex 37.4 60 -187
      vertex 39.6 60 -187
    endloop
  endfacet
  facet normal 0 0 -1
    outer loop
      vertex 33.8 42.5 -187
      vertex 37.4 60 -187
      vertex 37.6 42.5 -187
    endloop
  endfacet
  facet normal 0 0 -1
    outer loop
      vertex 33.8 61.5 -187
      vertex 37.4 60 -187
      vertex 33.8 42.5 -187
    endloop
  endfacet
  facet normal 0 0 -1
    outer loop
      vertex 37.4 60 -187
      vertex 33.8 61.5 -187
      vertex 37.4 61.5 -187
    endloop
  endfacet
  facet normal 0 1 -0
    outer loop
      vertex 37.4 61.5 -187
      vertex 33.8 61.5 -127
      vertex 37.4 61.5 -127
    endloop
  endfacet
  facet normal 0 1 0
    outer loop
      vertex 33.8 61.5 -127
      vertex 37.4 61.5 -187
      vertex 33.8 61.5 -187
    endloop
  endfacet
  facet normal 1 -0 0
    outer loop
      vertex 39.6 -44.6 -173
      vertex 39.6 42.6 -179
      vertex 39.6 42.6 -173
    endloop
  endfacet
  facet normal 1 0 0
    outer loop
      vertex 39.6 42.6 -179
      vertex 39.6 -44.6 -173
      vertex 39.6 42 -187
    endloop
  endfacet
  facet normal 1 0 0
    outer loop
      vertex 39.6 -44.6 -213
      vertex 39.6 42 -187
      vertex 39.6 -44.6 -173
    endloop
  endfacet
  facet normal 1 0 0
    outer loop
      vertex 39.6 42 -187
      vertex 39.6 -44.6 -213
      vertex 39.6 42 -213
    endloop
  endfacet
  facet normal 1 -0 0
    outer loop
      vertex 39.6 42.6 -179
      vertex 39.6 60 -187
      vertex 39.6 60 -179
    endloop
  endfacet
  facet normal 1 0 0
    outer loop
      vertex 39.6 60 -187
      vertex 39.6 42.6 -179
      vertex 39.6 42 -187
    endloop
  endfacet
  facet normal -0 0 1
    outer loop
      vertex 37.6 42.6 -173
      vertex 39.6 -44.6 -173
      vertex 39.6 42.6 -173
    endloop
  endfacet
  facet normal 0 0 1
    outer loop
      vertex 39.6 -44.6 -173
      vertex 37.6 42.6 -173
      vertex 37.6 -44.6 -173
    endloop
  endfacet
  facet normal 0 0 -1
    outer loop
      vertex 37.6 -44.6 -213
      vertex 39.6 42 -213
      vertex 39.6 -44.6 -213
    endloop
  endfacet
  facet normal -0 0 -1
    outer loop
      vertex 39.6 42 -213
      vertex 37.6 -44.6 -213
      vertex 37.6 42 -213
    endloop
  endfacet
  facet normal -1 0 0
    outer loop
      vertex 37.6 42 -213
      vertex 37.6 -44.6 -213
      vertex 37.6 42 -187
    endloop
  endfacet
  facet normal -1 0 0
    outer loop
      vertex 37.6 42.5 -187
      vertex 37.6 42 -187
      vertex 37.6 42.5 -179
    endloop
  endfacet
  facet normal -1 0 0
    outer loop
      vertex 37.6 42.5 -179
      vertex 37.6 42.6 -173
      vertex 37.6 42.6 -179
    endloop
  endfacet
  facet normal -1 0 0
    outer loop
      vertex 37.6 -44.6 -173
      vertex 37.6 42.5 -179
      vertex 37.6 42 -187
    endloop
  endfacet
  facet normal -1 0 0
    outer loop
      vertex 37.6 -44.6 -173
      vertex 37.6 42 -187
      vertex 37.6 -44.6 -213
    endloop
  endfacet
  facet normal -1 0 0
    outer loop
      vertex 37.6 42.5 -179
      vertex 37.6 -44.6 -173
      vertex 37.6 42.6 -173
    endloop
  endfacet
  facet normal 0 1 -0
    outer loop
      vertex 39.6 42 -213
      vertex 37.6 42 -187
      vertex 39.6 42 -187
    endloop
  endfacet
  facet normal 0 1 0
    outer loop
      vertex 37.6 42 -187
      vertex 39.6 42 -213
      vertex 37.6 42 -213
    endloop
  endfacet
  facet normal 0 -1 0
    outer loop
      vertex 37.6 -44.6 -213
      vertex 39.6 -44.6 -173
      vertex 37.6 -44.6 -173
    endloop
  endfacet
  facet normal 0 -1 -0
    outer loop
      vertex 39.6 -44.6 -173
      vertex 37.6 -44.6 -213
      vertex 39.6 -44.6 -213
    endloop
  endfacet
  facet normal -0 0 1
    outer loop
      vertex 37.4 58.25 -179
      vertex 39.6 42.6 -179
      vertex 39.6 60 -179
    endloop
  endfacet
  facet normal 0 0 1
    outer loop
      vertex 37.4 58.25 -179
      vertex 39.6 60 -179
      vertex 37.4 60 -179
    endloop
  endfacet
  facet normal 0 0 1
    outer loop
      vertex 39.6 42.6 -179
      vertex 37.4 58.25 -179
      vertex 37.6 42.6 -179
    endloop
  endfacet
  facet normal -0 0 1
    outer loop
      vertex 33.8 58.25 -179
      vertex 37.6 42.6 -179
      vertex 37.4 58.25 -179
    endloop
  endfacet
  facet normal 0 0 1
    outer loop
      vertex 37.6 42.6 -179
      vertex 33.8 58.25 -179
      vertex 33.8 42.5 -179
    endloop
  endfacet
  facet normal 0 0 1
    outer loop
      vertex 37.6 42.6 -179
      vertex 33.8 42.5 -179
      vertex 37.6 42.5 -179
    endloop
  endfacet
  facet normal 0 1 -0
    outer loop
      vertex 39.6 60 -187
      vertex 37.4 60 -179
      vertex 39.6 60 -179
    endloop
  endfacet
  facet normal 0 1 0
    outer loop
      vertex 37.4 60 -179
      vertex 39.6 60 -187
      vertex 37.4 60 -187
    endloop
  endfacet
  facet normal 0 -1 0
    outer loop
      vertex 33.8 42.5 -187
      vertex 37.6 42.5 -179
      vertex 33.8 42.5 -179
    endloop
  endfacet
  facet normal 0 -1 -0
    outer loop
      vertex 37.6 42.5 -179
      vertex 33.8 42.5 -187
      vertex 37.6 42.5 -187
    endloop
  endfacet
  facet normal 0 1 -0
    outer loop
      vertex 39.6 42.6 -179
      vertex 37.6 42.6 -173
      vertex 39.6 42.6 -173
    endloop
  endfacet
  facet normal 0 1 0
    outer loop
      vertex 37.6 42.6 -173
      vertex 39.6 42.6 -179
      vertex 37.6 42.6 -179
    endloop
  endfacet
endsolid OpenSCAD_Model
