solid OpenSCAD_Model
  facet normal 1 -0 0
    outer loop
      vertex 37.4 34 -86
      vertex 37.4 37.75 -86.25
      vertex 37.4 37.75 -86
    endloop
  endfacet
  facet normal 1 0 0
    outer loop
      vertex 37.4 37.75 -86.25
      vertex 37.4 34 -86
      vertex 37.4 37.75 -86.75
    endloop
  endfacet
  facet normal 1 0 0
    outer loop
      vertex 37.4 37.75 -86.75
      vertex 37.4 34 -86
      vertex 37.4 37.75 -87.25
    endloop
  endfacet
  facet normal 1 0 0
    outer loop
      vertex 37.4 37.75 -87.25
      vertex 37.4 34 -86
      vertex 37.4 37.75 -87.75
    endloop
  endfacet
  facet normal 1 0 0
    outer loop
      vertex 37.4 37.75 -87.75
      vertex 37.4 34 -86
      vertex 37.4 37.75 -88.25
    endloop
  endfacet
  facet normal 1 0 0
    outer loop
      vertex 37.4 37.75 -88.25
      vertex 37.4 34 -86
      vertex 37.4 37.75 -88.75
    endloop
  endfacet
  facet normal 1 0 0
    outer loop
      vertex 37.4 37.75 -88.75
      vertex 37.4 34 -86
      vertex 37.4 37.75 -89.25
    endloop
  endfacet
  facet normal 1 0 0
    outer loop
      vertex 37.4 37.75 -89.25
      vertex 37.4 34 -86
      vertex 37.4 37.75 -89.75
    endloop
  endfacet
  facet normal 1 0 0
    outer loop
      vertex 37.4 37.75 -89.75
      vertex 37.4 34 -86
      vertex 37.4 37.75 -90.25
    endloop
  endfacet
  facet normal 1 0 0
    outer loop
      vertex 37.4 37.75 -90.25
      vertex 37.4 34 -86
      vertex 37.4 37.75 -90.75
    endloop
  endfacet
  facet normal 1 0 0
    outer loop
      vertex 37.4 37.75 -90.75
      vertex 37.4 34 -86
      vertex 37.4 37.75 -91.25
    endloop
  endfacet
  facet normal 1 0 0
    outer loop
      vertex 37.4 37.75 -91.25
      vertex 37.4 34 -86
      vertex 37.4 37.75 -91.75
    endloop
  endfacet
  facet normal 1 0 0
    outer loop
      vertex 37.4 37.75 -91.75
      vertex 37.4 34 -86
      vertex 37.4 37.75 -92.25
    endloop
  endfacet
  facet normal 1 0 0
    outer loop
      vertex 37.4 37.75 -92.25
      vertex 37.4 34 -86
      vertex 37.4 37.75 -92.75
    endloop
  endfacet
  facet normal 1 0 0
    outer loop
      vertex 37.4 37.75 -92.75
      vertex 37.4 34 -86
      vertex 37.4 37.75 -93.25
    endloop
  endfacet
  facet normal 1 0 0
    outer loop
      vertex 37.4 37.75 -93.25
      vertex 37.4 34 -86
      vertex 37.4 37.75 -93.75
    endloop
  endfacet
  facet normal 1 0 0
    outer loop
      vertex 37.4 37.75 -93.75
      vertex 37.4 34 -86
      vertex 37.4 37.75 -94.25
    endloop
  endfacet
  facet normal 1 0 0
    outer loop
      vertex 37.4 37.75 -94.25
      vertex 37.4 34 -86
      vertex 37.4 37.75 -94.75
    endloop
  endfacet
  facet normal 1 0 0
    outer loop
      vertex 37.4 37.75 -94.75
      vertex 37.4 34 -86
      vertex 37.4 37.75 -95.25
    endloop
  endfacet
  facet normal 1 0 0
    outer loop
      vertex 37.4 37.75 -95.25
      vertex 37.4 34 -86
      vertex 37.4 37.75 -95.75
    endloop
  endfacet
  facet normal 1 0 0
    outer loop
      vertex 37.4 37.75 -95.75
      vertex 37.4 34 -86
      vertex 37.4 37.75 -96.25
    endloop
  endfacet
  facet normal 1 0 0
    outer loop
      vertex 37.4 37.75 -96.25
      vertex 37.4 34 -86
      vertex 37.4 37.75 -96.75
    endloop
  endfacet
  facet normal 1 0 0
    outer loop
      vertex 37.4 37.75 -96.75
      vertex 37.4 34 -86
      vertex 37.4 37.75 -97.25
    endloop
  endfacet
  facet normal 1 0 0
    outer loop
      vertex 37.4 37.75 -97.25
      vertex 37.4 34 -86
      vertex 37.4 37.75 -97.75
    endloop
  endfacet
  facet normal 1 0 0
    outer loop
      vertex 37.4 37.75 -97.75
      vertex 37.4 34 -86
      vertex 37.4 37.75 -98.25
    endloop
  endfacet
  facet normal 1 0 0
    outer loop
      vertex 37.4 37.75 -98.25
      vertex 37.4 34 -86
      vertex 37.4 37.75 -98.75
    endloop
  endfacet
  facet normal 1 0 0
    outer loop
      vertex 37.4 37.75 -98.75
      vertex 37.4 34 -86
      vertex 37.4 37.75 -99.25
    endloop
  endfacet
  facet normal 1 0 0
    outer loop
      vertex 37.4 37.75 -99.25
      vertex 37.4 34 -86
      vertex 37.4 37.75 -99.75
    endloop
  endfacet
  facet normal 1 0 0
    outer loop
      vertex 37.4 37.75 -99.75
      vertex 37.4 34 -86
      vertex 37.4 37.75 -100.25
    endloop
  endfacet
  facet normal 1 0 0
    outer loop
      vertex 37.4 37.75 -100.25
      vertex 37.4 34 -86
      vertex 37.4 37.75 -100.75
    endloop
  endfacet
  facet normal 1 0 0
    outer loop
      vertex 37.4 37.75 -100.75
      vertex 37.4 34 -86
      vertex 37.4 37.75 -101.25
    endloop
  endfacet
  facet normal 1 0 0
    outer loop
      vertex 37.4 37.75 -101.25
      vertex 37.4 34 -86
      vertex 37.4 37.75 -101.75
    endloop
  endfacet
  facet normal 1 0 0
    outer loop
      vertex 37.4 37.75 -101.75
      vertex 37.4 34 -86
      vertex 37.4 37.75 -102.25
    endloop
  endfacet
  facet normal 1 0 0
    outer loop
      vertex 37.4 37.75 -102.25
      vertex 37.4 34 -86
      vertex 37.4 37.75 -102.75
    endloop
  endfacet
  facet normal 1 0 0
    outer loop
      vertex 37.4 37.75 -102.75
      vertex 37.4 34 -86
      vertex 37.4 37.75 -103.25
    endloop
  endfacet
  facet normal 1 0 0
    outer loop
      vertex 37.4 37.75 -103.25
      vertex 37.4 34 -86
      vertex 37.4 37.75 -103.75
    endloop
  endfacet
  facet normal 1 0 0
    outer loop
      vertex 37.4 37.75 -103.75
      vertex 37.4 34 -86
      vertex 37.4 37.75 -104.25
    endloop
  endfacet
  facet normal 1 0 0
    outer loop
      vertex 37.4 37.75 -104.25
      vertex 37.4 34 -86
      vertex 37.4 37.75 -104.75
    endloop
  endfacet
  facet normal 1 0 0
    outer loop
      vertex 37.4 37.75 -104.75
      vertex 37.4 34 -86
      vertex 37.4 37.75 -105.25
    endloop
  endfacet
  facet normal 1 0 0
    outer loop
      vertex 37.4 37.75 -105.25
      vertex 37.4 34 -86
      vertex 37.4 37.75 -105.75
    endloop
  endfacet
  facet normal 1 0 0
    outer loop
      vertex 37.4 37.75 -105.75
      vertex 37.4 34 -86
      vertex 37.4 37.75 -106.25
    endloop
  endfacet
  facet normal 1 0 0
    outer loop
      vertex 37.4 37.75 -106.25
      vertex 37.4 34 -86
      vertex 37.4 37.75 -106.75
    endloop
  endfacet
  facet normal 1 0 0
    outer loop
      vertex 37.4 34 -126
      vertex 37.4 37.75 -106.75
      vertex 37.4 34 -86
    endloop
  endfacet
  facet normal 1 0 0
    outer loop
      vertex 37.4 37.75 -106.75
      vertex 37.4 34 -126
      vertex 37.4 37.75 -107.25
    endloop
  endfacet
  facet normal 1 0 0
    outer loop
      vertex 37.4 37.75 -107.25
      vertex 37.4 34 -126
      vertex 37.4 37.75 -107.75
    endloop
  endfacet
  facet normal 1 0 0
    outer loop
      vertex 37.4 37.75 -107.75
      vertex 37.4 34 -126
      vertex 37.4 37.75 -108.25
    endloop
  endfacet
  facet normal 1 0 0
    outer loop
      vertex 37.4 37.75 -108.25
      vertex 37.4 34 -126
      vertex 37.4 37.75 -108.75
    endloop
  endfacet
  facet normal 1 0 0
    outer loop
      vertex 37.4 37.75 -108.75
      vertex 37.4 34 -126
      vertex 37.4 37.75 -109.25
    endloop
  endfacet
  facet normal 1 0 0
    outer loop
      vertex 37.4 37.75 -109.25
      vertex 37.4 34 -126
      vertex 37.4 37.75 -109.75
    endloop
  endfacet
  facet normal 1 0 0
    outer loop
      vertex 37.4 37.75 -109.75
      vertex 37.4 34 -126
      vertex 37.4 37.75 -110.25
    endloop
  endfacet
  facet normal 1 0 0
    outer loop
      vertex 37.4 37.75 -110.25
      vertex 37.4 34 -126
      vertex 37.4 37.75 -110.75
    endloop
  endfacet
  facet normal 1 0 0
    outer loop
      vertex 37.4 37.75 -110.75
      vertex 37.4 34 -126
      vertex 37.4 37.75 -111.25
    endloop
  endfacet
  facet normal 1 0 0
    outer loop
      vertex 37.4 37.75 -111.25
      vertex 37.4 34 -126
      vertex 37.4 37.75 -111.75
    endloop
  endfacet
  facet normal 1 0 0
    outer loop
      vertex 37.4 37.75 -111.75
      vertex 37.4 34 -126
      vertex 37.4 37.75 -112.25
    endloop
  endfacet
  facet normal 1 0 0
    outer loop
      vertex 37.4 37.75 -112.25
      vertex 37.4 34 -126
      vertex 37.4 37.75 -112.75
    endloop
  endfacet
  facet normal 1 0 0
    outer loop
      vertex 37.4 37.75 -112.75
      vertex 37.4 34 -126
      vertex 37.4 37.75 -113.25
    endloop
  endfacet
  facet normal 1 0 0
    outer loop
      vertex 37.4 37.75 -113.25
      vertex 37.4 34 -126
      vertex 37.4 37.75 -113.75
    endloop
  endfacet
  facet normal 1 0 0
    outer loop
      vertex 37.4 37.75 -113.75
      vertex 37.4 34 -126
      vertex 37.4 37.75 -114.25
    endloop
  endfacet
  facet normal 1 0 0
    outer loop
      vertex 37.4 37.75 -114.25
      vertex 37.4 34 -126
      vertex 37.4 37.75 -114.75
    endloop
  endfacet
  facet normal 1 0 0
    outer loop
      vertex 37.4 37.75 -114.75
      vertex 37.4 34 -126
      vertex 37.4 37.75 -115.25
    endloop
  endfacet
  facet normal 1 0 0
    outer loop
      vertex 37.4 37.75 -115.25
      vertex 37.4 34 -126
      vertex 37.4 37.75 -115.75
    endloop
  endfacet
  facet normal 1 0 0
    outer loop
      vertex 37.4 37.75 -115.75
      vertex 37.4 34 -126
      vertex 37.4 37.75 -116.25
    endloop
  endfacet
  facet normal 1 0 0
    outer loop
      vertex 37.4 37.75 -116.25
      vertex 37.4 34 -126
      vertex 37.4 37.75 -116.75
    endloop
  endfacet
  facet normal 1 0 0
    outer loop
      vertex 37.4 37.75 -116.75
      vertex 37.4 34 -126
      vertex 37.4 37.75 -117.25
    endloop
  endfacet
  facet normal 1 0 0
    outer loop
      vertex 37.4 37.75 -117.25
      vertex 37.4 34 -126
      vertex 37.4 37.75 -117.75
    endloop
  endfacet
  facet normal 1 0 0
    outer loop
      vertex 37.4 37.75 -117.75
      vertex 37.4 34 -126
      vertex 37.4 37.75 -118.25
    endloop
  endfacet
  facet normal 1 0 0
    outer loop
      vertex 37.4 37.75 -118.25
      vertex 37.4 34 -126
      vertex 37.4 37.75 -118.75
    endloop
  endfacet
  facet normal 1 0 0
    outer loop
      vertex 37.4 37.75 -118.75
      vertex 37.4 34 -126
      vertex 37.4 37.75 -119.25
    endloop
  endfacet
  facet normal 1 0 0
    outer loop
      vertex 37.4 37.75 -119.25
      vertex 37.4 34 -126
      vertex 37.4 37.75 -119.75
    endloop
  endfacet
  facet normal 1 0 0
    outer loop
      vertex 37.4 37.75 -119.75
      vertex 37.4 34 -126
      vertex 37.4 37.75 -120.25
    endloop
  endfacet
  facet normal 1 0 0
    outer loop
      vertex 37.4 37.75 -120.25
      vertex 37.4 34 -126
      vertex 37.4 37.75 -120.75
    endloop
  endfacet
  facet normal 1 0 0
    outer loop
      vertex 37.4 37.75 -120.75
      vertex 37.4 34 -126
      vertex 37.4 37.75 -121.25
    endloop
  endfacet
  facet normal 1 0 0
    outer loop
      vertex 37.4 37.75 -121.25
      vertex 37.4 34 -126
      vertex 37.4 37.75 -121.75
    endloop
  endfacet
  facet normal 1 0 0
    outer loop
      vertex 37.4 37.75 -121.75
      vertex 37.4 34 -126
      vertex 37.4 37.75 -122.25
    endloop
  endfacet
  facet normal 1 0 0
    outer loop
      vertex 37.4 37.75 -122.25
      vertex 37.4 34 -126
      vertex 37.4 37.75 -122.75
    endloop
  endfacet
  facet normal 1 0 0
    outer loop
      vertex 37.4 37.75 -122.75
      vertex 37.4 34 -126
      vertex 37.4 37.75 -123.25
    endloop
  endfacet
  facet normal 1 0 0
    outer loop
      vertex 37.4 37.75 -123.25
      vertex 37.4 34 -126
      vertex 37.4 37.75 -123.75
    endloop
  endfacet
  facet normal 1 0 0
    outer loop
      vertex 37.4 37.75 -123.75
      vertex 37.4 34 -126
      vertex 37.4 37.75 -124.25
    endloop
  endfacet
  facet normal 1 0 0
    outer loop
      vertex 37.4 37.75 -124.25
      vertex 37.4 34 -126
      vertex 37.4 37.75 -124.75
    endloop
  endfacet
  facet normal 1 0 0
    outer loop
      vertex 37.4 37.75 -124.75
      vertex 37.4 34 -126
      vertex 37.4 37.75 -125.25
    endloop
  endfacet
  facet normal 1 0 0
    outer loop
      vertex 37.4 37.75 -125.25
      vertex 37.4 34 -126
      vertex 37.4 37.75 -125.75
    endloop
  endfacet
  facet normal 1 0 0
    outer loop
      vertex 37.4 37.75 -125.75
      vertex 37.4 34 -126
      vertex 37.4 37.75 -126
    endloop
  endfacet
  facet normal 1 -0 0
    outer loop
      vertex 37.4 37.75 -86.25
      vertex 37.4 40 -86.75
      vertex 37.4 40 -86.25
    endloop
  endfacet
  facet normal 1 0 0
    outer loop
      vertex 37.4 40 -86.75
      vertex 37.4 37.75 -86.25
      vertex 37.4 37.75 -86.75
    endloop
  endfacet
  facet normal 1 -0 0
    outer loop
      vertex 37.4 37.75 -87.25
      vertex 37.4 40 -87.75
      vertex 37.4 40 -87.25
    endloop
  endfacet
  facet normal 1 0 0
    outer loop
      vertex 37.4 40 -87.75
      vertex 37.4 37.75 -87.25
      vertex 37.4 37.75 -87.75
    endloop
  endfacet
  facet normal 1 -0 0
    outer loop
      vertex 37.4 37.75 -88.25
      vertex 37.4 40 -88.75
      vertex 37.4 40 -88.25
    endloop
  endfacet
  facet normal 1 0 0
    outer loop
      vertex 37.4 40 -88.75
      vertex 37.4 37.75 -88.25
      vertex 37.4 37.75 -88.75
    endloop
  endfacet
  facet normal 1 -0 0
    outer loop
      vertex 37.4 37.75 -89.25
      vertex 37.4 40 -89.75
      vertex 37.4 40 -89.25
    endloop
  endfacet
  facet normal 1 0 0
    outer loop
      vertex 37.4 40 -89.75
      vertex 37.4 37.75 -89.25
      vertex 37.4 37.75 -89.75
    endloop
  endfacet
  facet normal 1 -0 0
    outer loop
      vertex 37.4 37.75 -90.25
      vertex 37.4 40 -90.75
      vertex 37.4 40 -90.25
    endloop
  endfacet
  facet normal 1 0 0
    outer loop
      vertex 37.4 40 -90.75
      vertex 37.4 37.75 -90.25
      vertex 37.4 37.75 -90.75
    endloop
  endfacet
  facet normal 1 -0 0
    outer loop
      vertex 37.4 37.75 -91.25
      vertex 37.4 40 -91.75
      vertex 37.4 40 -91.25
    endloop
  endfacet
  facet normal 1 0 0
    outer loop
      vertex 37.4 40 -91.75
      vertex 37.4 37.75 -91.25
      vertex 37.4 37.75 -91.75
    endloop
  endfacet
  facet normal 1 -0 0
    outer loop
      vertex 37.4 37.75 -92.25
      vertex 37.4 40 -92.75
      vertex 37.4 40 -92.25
    endloop
  endfacet
  facet normal 1 0 0
    outer loop
      vertex 37.4 40 -92.75
      vertex 37.4 37.75 -92.25
      vertex 37.4 37.75 -92.75
    endloop
  endfacet
  facet normal 1 -0 0
    outer loop
      vertex 37.4 37.75 -93.25
      vertex 37.4 40 -93.75
      vertex 37.4 40 -93.25
    endloop
  endfacet
  facet normal 1 0 0
    outer loop
      vertex 37.4 40 -93.75
      vertex 37.4 37.75 -93.25
      vertex 37.4 37.75 -93.75
    endloop
  endfacet
  facet normal 1 -0 0
    outer loop
      vertex 37.4 37.75 -94.25
      vertex 37.4 40 -94.75
      vertex 37.4 40 -94.25
    endloop
  endfacet
  facet normal 1 0 0
    outer loop
      vertex 37.4 40 -94.75
      vertex 37.4 37.75 -94.25
      vertex 37.4 37.75 -94.75
    endloop
  endfacet
  facet normal 1 -0 0
    outer loop
      vertex 37.4 37.75 -95.25
      vertex 37.4 40 -95.75
      vertex 37.4 40 -95.25
    endloop
  endfacet
  facet normal 1 0 0
    outer loop
      vertex 37.4 40 -95.75
      vertex 37.4 37.75 -95.25
      vertex 37.4 37.75 -95.75
    endloop
  endfacet
  facet normal 1 -0 0
    outer loop
      vertex 37.4 37.75 -96.25
      vertex 37.4 40 -96.75
      vertex 37.4 40 -96.25
    endloop
  endfacet
  facet normal 1 0 0
    outer loop
      vertex 37.4 40 -96.75
      vertex 37.4 37.75 -96.25
      vertex 37.4 37.75 -96.75
    endloop
  endfacet
  facet normal 1 -0 0
    outer loop
      vertex 37.4 37.75 -97.25
      vertex 37.4 40 -97.75
      vertex 37.4 40 -97.25
    endloop
  endfacet
  facet normal 1 0 0
    outer loop
      vertex 37.4 40 -97.75
      vertex 37.4 37.75 -97.25
      vertex 37.4 37.75 -97.75
    endloop
  endfacet
  facet normal 1 -0 0
    outer loop
      vertex 37.4 37.75 -98.25
      vertex 37.4 40 -98.75
      vertex 37.4 40 -98.25
    endloop
  endfacet
  facet normal 1 0 0
    outer loop
      vertex 37.4 40 -98.75
      vertex 37.4 37.75 -98.25
      vertex 37.4 37.75 -98.75
    endloop
  endfacet
  facet normal 1 -0 0
    outer loop
      vertex 37.4 37.75 -99.25
      vertex 37.4 40 -99.75
      vertex 37.4 40 -99.25
    endloop
  endfacet
  facet normal 1 0 0
    outer loop
      vertex 37.4 40 -99.75
      vertex 37.4 37.75 -99.25
      vertex 37.4 37.75 -99.75
    endloop
  endfacet
  facet normal 1 -0 0
    outer loop
      vertex 37.4 37.75 -100.25
      vertex 37.4 40 -100.75
      vertex 37.4 40 -100.25
    endloop
  endfacet
  facet normal 1 0 0
    outer loop
      vertex 37.4 40 -100.75
      vertex 37.4 37.75 -100.25
      vertex 37.4 37.75 -100.75
    endloop
  endfacet
  facet normal 1 -0 0
    outer loop
      vertex 37.4 37.75 -101.25
      vertex 37.4 40 -101.75
      vertex 37.4 40 -101.25
    endloop
  endfacet
  facet normal 1 0 0
    outer loop
      vertex 37.4 40 -101.75
      vertex 37.4 37.75 -101.25
      vertex 37.4 37.75 -101.75
    endloop
  endfacet
  facet normal 1 -0 0
    outer loop
      vertex 37.4 37.75 -102.25
      vertex 37.4 40 -102.75
      vertex 37.4 40 -102.25
    endloop
  endfacet
  facet normal 1 0 0
    outer loop
      vertex 37.4 40 -102.75
      vertex 37.4 37.75 -102.25
      vertex 37.4 37.75 -102.75
    endloop
  endfacet
  facet normal 1 -0 0
    outer loop
      vertex 37.4 37.75 -103.25
      vertex 37.4 40 -103.75
      vertex 37.4 40 -103.25
    endloop
  endfacet
  facet normal 1 0 0
    outer loop
      vertex 37.4 40 -103.75
      vertex 37.4 37.75 -103.25
      vertex 37.4 37.75 -103.75
    endloop
  endfacet
  facet normal 1 -0 0
    outer loop
      vertex 37.4 37.75 -104.25
      vertex 37.4 40 -104.75
      vertex 37.4 40 -104.25
    endloop
  endfacet
  facet normal 1 0 0
    outer loop
      vertex 37.4 40 -104.75
      vertex 37.4 37.75 -104.25
      vertex 37.4 37.75 -104.75
    endloop
  endfacet
  facet normal 1 -0 0
    outer loop
      vertex 37.4 37.75 -105.25
      vertex 37.4 40 -105.75
      vertex 37.4 40 -105.25
    endloop
  endfacet
  facet normal 1 0 0
    outer loop
      vertex 37.4 40 -105.75
      vertex 37.4 37.75 -105.25
      vertex 37.4 37.75 -105.75
    endloop
  endfacet
  facet normal 1 -0 0
    outer loop
      vertex 37.4 37.75 -106.25
      vertex 37.4 40 -106.75
      vertex 37.4 40 -106.25
    endloop
  endfacet
  facet normal 1 0 0
    outer loop
      vertex 37.4 40 -106.75
      vertex 37.4 37.75 -106.25
      vertex 37.4 37.75 -106.75
    endloop
  endfacet
  facet normal 1 -0 0
    outer loop
      vertex 37.4 37.75 -107.25
      vertex 37.4 40 -107.75
      vertex 37.4 40 -107.25
    endloop
  endfacet
  facet normal 1 0 0
    outer loop
      vertex 37.4 40 -107.75
      vertex 37.4 37.75 -107.25
      vertex 37.4 37.75 -107.75
    endloop
  endfacet
  facet normal 1 -0 0
    outer loop
      vertex 37.4 37.75 -108.25
      vertex 37.4 40 -108.75
      vertex 37.4 40 -108.25
    endloop
  endfacet
  facet normal 1 0 0
    outer loop
      vertex 37.4 40 -108.75
      vertex 37.4 37.75 -108.25
      vertex 37.4 37.75 -108.75
    endloop
  endfacet
  facet normal 1 -0 0
    outer loop
      vertex 37.4 37.75 -109.25
      vertex 37.4 40 -109.75
      vertex 37.4 40 -109.25
    endloop
  endfacet
  facet normal 1 0 0
    outer loop
      vertex 37.4 40 -109.75
      vertex 37.4 37.75 -109.25
      vertex 37.4 37.75 -109.75
    endloop
  endfacet
  facet normal 1 -0 0
    outer loop
      vertex 37.4 37.75 -110.25
      vertex 37.4 40 -110.75
      vertex 37.4 40 -110.25
    endloop
  endfacet
  facet normal 1 0 0
    outer loop
      vertex 37.4 40 -110.75
      vertex 37.4 37.75 -110.25
      vertex 37.4 37.75 -110.75
    endloop
  endfacet
  facet normal 1 -0 0
    outer loop
      vertex 37.4 37.75 -111.25
      vertex 37.4 40 -111.75
      vertex 37.4 40 -111.25
    endloop
  endfacet
  facet normal 1 0 0
    outer loop
      vertex 37.4 40 -111.75
      vertex 37.4 37.75 -111.25
      vertex 37.4 37.75 -111.75
    endloop
  endfacet
  facet normal 1 -0 0
    outer loop
      vertex 37.4 37.75 -112.25
      vertex 37.4 40 -112.75
      vertex 37.4 40 -112.25
    endloop
  endfacet
  facet normal 1 0 0
    outer loop
      vertex 37.4 40 -112.75
      vertex 37.4 37.75 -112.25
      vertex 37.4 37.75 -112.75
    endloop
  endfacet
  facet normal 1 -0 0
    outer loop
      vertex 37.4 37.75 -113.25
      vertex 37.4 40 -113.75
      vertex 37.4 40 -113.25
    endloop
  endfacet
  facet normal 1 0 0
    outer loop
      vertex 37.4 40 -113.75
      vertex 37.4 37.75 -113.25
      vertex 37.4 37.75 -113.75
    endloop
  endfacet
  facet normal 1 -0 0
    outer loop
      vertex 37.4 37.75 -114.25
      vertex 37.4 40 -114.75
      vertex 37.4 40 -114.25
    endloop
  endfacet
  facet normal 1 0 0
    outer loop
      vertex 37.4 40 -114.75
      vertex 37.4 37.75 -114.25
      vertex 37.4 37.75 -114.75
    endloop
  endfacet
  facet normal 1 -0 0
    outer loop
      vertex 37.4 37.75 -115.25
      vertex 37.4 40 -115.75
      vertex 37.4 40 -115.25
    endloop
  endfacet
  facet normal 1 0 0
    outer loop
      vertex 37.4 40 -115.75
      vertex 37.4 37.75 -115.25
      vertex 37.4 37.75 -115.75
    endloop
  endfacet
  facet normal 1 -0 0
    outer loop
      vertex 37.4 37.75 -116.25
      vertex 37.4 40 -116.75
      vertex 37.4 40 -116.25
    endloop
  endfacet
  facet normal 1 0 0
    outer loop
      vertex 37.4 40 -116.75
      vertex 37.4 37.75 -116.25
      vertex 37.4 37.75 -116.75
    endloop
  endfacet
  facet normal 1 -0 0
    outer loop
      vertex 37.4 37.75 -117.25
      vertex 37.4 40 -117.75
      vertex 37.4 40 -117.25
    endloop
  endfacet
  facet normal 1 0 0
    outer loop
      vertex 37.4 40 -117.75
      vertex 37.4 37.75 -117.25
      vertex 37.4 37.75 -117.75
    endloop
  endfacet
  facet normal 1 -0 0
    outer loop
      vertex 37.4 37.75 -118.25
      vertex 37.4 40 -118.75
      vertex 37.4 40 -118.25
    endloop
  endfacet
  facet normal 1 0 0
    outer loop
      vertex 37.4 40 -118.75
      vertex 37.4 37.75 -118.25
      vertex 37.4 37.75 -118.75
    endloop
  endfacet
  facet normal 1 -0 0
    outer loop
      vertex 37.4 37.75 -119.25
      vertex 37.4 40 -119.75
      vertex 37.4 40 -119.25
    endloop
  endfacet
  facet normal 1 0 0
    outer loop
      vertex 37.4 40 -119.75
      vertex 37.4 37.75 -119.25
      vertex 37.4 37.75 -119.75
    endloop
  endfacet
  facet normal 1 -0 0
    outer loop
      vertex 37.4 37.75 -120.25
      vertex 37.4 40 -120.75
      vertex 37.4 40 -120.25
    endloop
  endfacet
  facet normal 1 0 0
    outer loop
      vertex 37.4 40 -120.75
      vertex 37.4 37.75 -120.25
      vertex 37.4 37.75 -120.75
    endloop
  endfacet
  facet normal 1 -0 0
    outer loop
      vertex 37.4 37.75 -121.25
      vertex 37.4 40 -121.75
      vertex 37.4 40 -121.25
    endloop
  endfacet
  facet normal 1 0 0
    outer loop
      vertex 37.4 40 -121.75
      vertex 37.4 37.75 -121.25
      vertex 37.4 37.75 -121.75
    endloop
  endfacet
  facet normal 1 -0 0
    outer loop
      vertex 37.4 37.75 -122.25
      vertex 37.4 40 -122.75
      vertex 37.4 40 -122.25
    endloop
  endfacet
  facet normal 1 0 0
    outer loop
      vertex 37.4 40 -122.75
      vertex 37.4 37.75 -122.25
      vertex 37.4 37.75 -122.75
    endloop
  endfacet
  facet normal 1 -0 0
    outer loop
      vertex 37.4 37.75 -123.25
      vertex 37.4 40 -123.75
      vertex 37.4 40 -123.25
    endloop
  endfacet
  facet normal 1 0 0
    outer loop
      vertex 37.4 40 -123.75
      vertex 37.4 37.75 -123.25
      vertex 37.4 37.75 -123.75
    endloop
  endfacet
  facet normal 1 -0 0
    outer loop
      vertex 37.4 37.75 -124.25
      vertex 37.4 40 -124.75
      vertex 37.4 40 -124.25
    endloop
  endfacet
  facet normal 1 0 0
    outer loop
      vertex 37.4 40 -124.75
      vertex 37.4 37.75 -124.25
      vertex 37.4 37.75 -124.75
    endloop
  endfacet
  facet normal 1 -0 0
    outer loop
      vertex 37.4 37.75 -125.25
      vertex 37.4 40 -125.75
      vertex 37.4 40 -125.25
    endloop
  endfacet
  facet normal 1 0 0
    outer loop
      vertex 37.4 40 -125.75
      vertex 37.4 37.75 -125.25
      vertex 37.4 37.75 -125.75
    endloop
  endfacet
  facet normal 1 -0 0
    outer loop
      vertex 37.4 37.75 -81.25
      vertex 37.4 40 -81.75
      vertex 37.4 40 -81.25
    endloop
  endfacet
  facet normal 1 0 0
    outer loop
      vertex 37.4 40 -81.75
      vertex 37.4 37.75 -81.25
      vertex 37.4 37.75 -81.75
    endloop
  endfacet
  facet normal 1 -0 0
    outer loop
      vertex 37.4 37.75 -82.25
      vertex 37.4 40 -82.75
      vertex 37.4 40 -82.25
    endloop
  endfacet
  facet normal 1 0 0
    outer loop
      vertex 37.4 40 -82.75
      vertex 37.4 37.75 -82.25
      vertex 37.4 37.75 -82.75
    endloop
  endfacet
  facet normal 1 -0 0
    outer loop
      vertex 37.4 37.75 -77.25
      vertex 37.4 40 -77.75
      vertex 37.4 40 -77.25
    endloop
  endfacet
  facet normal 1 0 0
    outer loop
      vertex 37.4 40 -77.75
      vertex 37.4 37.75 -77.25
      vertex 37.4 37.75 -77.75
    endloop
  endfacet
  facet normal 1 -0 0
    outer loop
      vertex 37.4 37.75 -80.25
      vertex 37.4 40 -80.75
      vertex 37.4 40 -80.25
    endloop
  endfacet
  facet normal 1 0 0
    outer loop
      vertex 37.4 40 -80.75
      vertex 37.4 37.75 -80.25
      vertex 37.4 37.75 -80.75
    endloop
  endfacet
  facet normal 1 -0 0
    outer loop
      vertex 37.4 37.75 -76.25
      vertex 37.4 40 -76.75
      vertex 37.4 40 -76.25
    endloop
  endfacet
  facet normal 1 0 0
    outer loop
      vertex 37.4 40 -76.75
      vertex 37.4 37.75 -76.25
      vertex 37.4 37.75 -76.75
    endloop
  endfacet
  facet normal 1 -0 0
    outer loop
      vertex 37.4 37.75 -85.25
      vertex 37.4 40 -85.75
      vertex 37.4 40 -85.25
    endloop
  endfacet
  facet normal 1 0 0
    outer loop
      vertex 37.4 40 -85.75
      vertex 37.4 37.75 -85.25
      vertex 37.4 37.75 -85.75
    endloop
  endfacet
  facet normal 1 -0 0
    outer loop
      vertex 37.4 37.75 -78.25
      vertex 37.4 40 -78.75
      vertex 37.4 40 -78.25
    endloop
  endfacet
  facet normal 1 0 0
    outer loop
      vertex 37.4 40 -78.75
      vertex 37.4 37.75 -78.25
      vertex 37.4 37.75 -78.75
    endloop
  endfacet
  facet normal 1 -0 0
    outer loop
      vertex 37.4 37.75 -79.25
      vertex 37.4 40 -79.75
      vertex 37.4 40 -79.25
    endloop
  endfacet
  facet normal 1 0 0
    outer loop
      vertex 37.4 40 -79.75
      vertex 37.4 37.75 -79.25
      vertex 37.4 37.75 -79.75
    endloop
  endfacet
  facet normal 1 -0 0
    outer loop
      vertex 37.4 37.75 -83.25
      vertex 37.4 40 -83.75
      vertex 37.4 40 -83.25
    endloop
  endfacet
  facet normal 1 0 0
    outer loop
      vertex 37.4 40 -83.75
      vertex 37.4 37.75 -83.25
      vertex 37.4 37.75 -83.75
    endloop
  endfacet
  facet normal 1 -0 0
    outer loop
      vertex 37.4 37.75 -84.25
      vertex 37.4 40 -84.75
      vertex 37.4 40 -84.25
    endloop
  endfacet
  facet normal 1 0 0
    outer loop
      vertex 37.4 40 -84.75
      vertex 37.4 37.75 -84.25
      vertex 37.4 37.75 -84.75
    endloop
  endfacet
  facet normal -0 0 1
    outer loop
      vertex 33.8 40 -125.25
      vertex 37.4 37.75 -125.25
      vertex 37.4 40 -125.25
    endloop
  endfacet
  facet normal 0 0 1
    outer loop
      vertex 37.4 37.75 -125.25
      vertex 33.8 40 -125.25
      vertex 33.8 37.75 -125.25
    endloop
  endfacet
  facet normal 0 0 -1
    outer loop
      vertex 33.8 37.75 -125.75
      vertex 37.4 40 -125.75
      vertex 37.4 37.75 -125.75
    endloop
  endfacet
  facet normal -0 0 -1
    outer loop
      vertex 37.4 40 -125.75
      vertex 33.8 37.75 -125.75
      vertex 33.8 40 -125.75
    endloop
  endfacet
  facet normal -1 0 0
    outer loop
      vertex 33.8 34 -126
      vertex 33.8 37.75 -125.75
      vertex 33.8 37.75 -126
    endloop
  endfacet
  facet normal -1 -0 0
    outer loop
      vertex 33.8 37.75 -125.75
      vertex 33.8 34 -126
      vertex 33.8 37.75 -125.25
    endloop
  endfacet
  facet normal -1 -0 0
    outer loop
      vertex 33.8 37.75 -125.25
      vertex 33.8 34 -126
      vertex 33.8 37.75 -124.75
    endloop
  endfacet
  facet normal -1 -0 0
    outer loop
      vertex 33.8 37.75 -124.75
      vertex 33.8 34 -126
      vertex 33.8 37.75 -124.25
    endloop
  endfacet
  facet normal -1 -0 0
    outer loop
      vertex 33.8 37.75 -124.25
      vertex 33.8 34 -126
      vertex 33.8 37.75 -123.75
    endloop
  endfacet
  facet normal -1 -0 0
    outer loop
      vertex 33.8 37.75 -123.75
      vertex 33.8 34 -126
      vertex 33.8 37.75 -123.25
    endloop
  endfacet
  facet normal -1 -0 0
    outer loop
      vertex 33.8 37.75 -123.25
      vertex 33.8 34 -126
      vertex 33.8 37.75 -122.75
    endloop
  endfacet
  facet normal -1 -0 0
    outer loop
      vertex 33.8 37.75 -122.75
      vertex 33.8 34 -126
      vertex 33.8 37.75 -122.25
    endloop
  endfacet
  facet normal -1 -0 0
    outer loop
      vertex 33.8 37.75 -122.25
      vertex 33.8 34 -126
      vertex 33.8 37.75 -121.75
    endloop
  endfacet
  facet normal -1 -0 0
    outer loop
      vertex 33.8 37.75 -121.75
      vertex 33.8 34 -126
      vertex 33.8 37.75 -121.25
    endloop
  endfacet
  facet normal -1 -0 0
    outer loop
      vertex 33.8 37.75 -121.25
      vertex 33.8 34 -126
      vertex 33.8 37.75 -120.75
    endloop
  endfacet
  facet normal -1 -0 0
    outer loop
      vertex 33.8 37.75 -120.75
      vertex 33.8 34 -126
      vertex 33.8 37.75 -120.25
    endloop
  endfacet
  facet normal -1 -0 0
    outer loop
      vertex 33.8 37.75 -120.25
      vertex 33.8 34 -126
      vertex 33.8 37.75 -119.75
    endloop
  endfacet
  facet normal -1 -0 0
    outer loop
      vertex 33.8 37.75 -119.75
      vertex 33.8 34 -126
      vertex 33.8 37.75 -119.25
    endloop
  endfacet
  facet normal -1 -0 0
    outer loop
      vertex 33.8 37.75 -119.25
      vertex 33.8 34 -126
      vertex 33.8 37.75 -118.75
    endloop
  endfacet
  facet normal -1 -0 0
    outer loop
      vertex 33.8 37.75 -118.75
      vertex 33.8 34 -126
      vertex 33.8 37.75 -118.25
    endloop
  endfacet
  facet normal -1 -0 0
    outer loop
      vertex 33.8 37.75 -118.25
      vertex 33.8 34 -126
      vertex 33.8 37.75 -117.75
    endloop
  endfacet
  facet normal -1 -0 0
    outer loop
      vertex 33.8 37.75 -117.75
      vertex 33.8 34 -126
      vertex 33.8 37.75 -117.25
    endloop
  endfacet
  facet normal -1 -0 0
    outer loop
      vertex 33.8 37.75 -117.25
      vertex 33.8 34 -126
      vertex 33.8 37.75 -116.75
    endloop
  endfacet
  facet normal -1 -0 0
    outer loop
      vertex 33.8 37.75 -116.75
      vertex 33.8 34 -126
      vertex 33.8 37.75 -116.25
    endloop
  endfacet
  facet normal -1 -0 0
    outer loop
      vertex 33.8 37.75 -116.25
      vertex 33.8 34 -126
      vertex 33.8 37.75 -115.75
    endloop
  endfacet
  facet normal -1 -0 0
    outer loop
      vertex 33.8 37.75 -115.75
      vertex 33.8 34 -126
      vertex 33.8 37.75 -115.25
    endloop
  endfacet
  facet normal -1 -0 0
    outer loop
      vertex 33.8 37.75 -115.25
      vertex 33.8 34 -126
      vertex 33.8 37.75 -114.75
    endloop
  endfacet
  facet normal -1 -0 0
    outer loop
      vertex 33.8 37.75 -114.75
      vertex 33.8 34 -126
      vertex 33.8 37.75 -114.25
    endloop
  endfacet
  facet normal -1 -0 0
    outer loop
      vertex 33.8 37.75 -114.25
      vertex 33.8 34 -126
      vertex 33.8 37.75 -113.75
    endloop
  endfacet
  facet normal -1 -0 0
    outer loop
      vertex 33.8 37.75 -113.75
      vertex 33.8 34 -126
      vertex 33.8 37.75 -113.25
    endloop
  endfacet
  facet normal -1 -0 0
    outer loop
      vertex 33.8 37.75 -113.25
      vertex 33.8 34 -126
      vertex 33.8 37.75 -112.75
    endloop
  endfacet
  facet normal -1 -0 0
    outer loop
      vertex 33.8 37.75 -112.75
      vertex 33.8 34 -126
      vertex 33.8 37.75 -112.25
    endloop
  endfacet
  facet normal -1 -0 0
    outer loop
      vertex 33.8 37.75 -112.25
      vertex 33.8 34 -126
      vertex 33.8 37.75 -111.75
    endloop
  endfacet
  facet normal -1 -0 0
    outer loop
      vertex 33.8 37.75 -111.75
      vertex 33.8 34 -126
      vertex 33.8 37.75 -111.25
    endloop
  endfacet
  facet normal -1 -0 0
    outer loop
      vertex 33.8 37.75 -111.25
      vertex 33.8 34 -126
      vertex 33.8 37.75 -110.75
    endloop
  endfacet
  facet normal -1 -0 0
    outer loop
      vertex 33.8 37.75 -110.75
      vertex 33.8 34 -126
      vertex 33.8 37.75 -110.25
    endloop
  endfacet
  facet normal -1 -0 0
    outer loop
      vertex 33.8 37.75 -110.25
      vertex 33.8 34 -126
      vertex 33.8 37.75 -109.75
    endloop
  endfacet
  facet normal -1 -0 0
    outer loop
      vertex 33.8 37.75 -109.75
      vertex 33.8 34 -126
      vertex 33.8 37.75 -109.25
    endloop
  endfacet
  facet normal -1 -0 0
    outer loop
      vertex 33.8 37.75 -109.25
      vertex 33.8 34 -126
      vertex 33.8 37.75 -108.75
    endloop
  endfacet
  facet normal -1 -0 0
    outer loop
      vertex 33.8 37.75 -108.75
      vertex 33.8 34 -126
      vertex 33.8 37.75 -108.25
    endloop
  endfacet
  facet normal -1 -0 0
    outer loop
      vertex 33.8 37.75 -108.25
      vertex 33.8 34 -126
      vertex 33.8 37.75 -107.75
    endloop
  endfacet
  facet normal -1 -0 0
    outer loop
      vertex 33.8 37.75 -107.75
      vertex 33.8 34 -126
      vertex 33.8 37.75 -107.25
    endloop
  endfacet
  facet normal -1 -0 0
    outer loop
      vertex 33.8 37.75 -107.25
      vertex 33.8 34 -126
      vertex 33.8 37.75 -106.75
    endloop
  endfacet
  facet normal -1 -0 0
    outer loop
      vertex 33.8 37.75 -106.75
      vertex 33.8 34 -126
      vertex 33.8 37.75 -106.25
    endloop
  endfacet
  facet normal -1 -0 0
    outer loop
      vertex 33.8 37.75 -106.25
      vertex 33.8 34 -126
      vertex 33.8 37.75 -105.75
    endloop
  endfacet
  facet normal -1 -0 0
    outer loop
      vertex 33.8 37.75 -105.75
      vertex 33.8 34 -126
      vertex 33.8 37.75 -105.25
    endloop
  endfacet
  facet normal -1 -0 0
    outer loop
      vertex 33.8 37.75 -105.25
      vertex 33.8 34 -126
      vertex 33.8 37.75 -104.75
    endloop
  endfacet
  facet normal -1 -0 0
    outer loop
      vertex 33.8 37.75 -104.75
      vertex 33.8 34 -126
      vertex 33.8 37.75 -104.25
    endloop
  endfacet
  facet normal -1 -0 0
    outer loop
      vertex 33.8 37.75 -104.25
      vertex 33.8 34 -126
      vertex 33.8 37.75 -103.75
    endloop
  endfacet
  facet normal -1 -0 0
    outer loop
      vertex 33.8 37.75 -103.75
      vertex 33.8 34 -126
      vertex 33.8 37.75 -103.25
    endloop
  endfacet
  facet normal -1 -0 0
    outer loop
      vertex 33.8 37.75 -103.25
      vertex 33.8 34 -126
      vertex 33.8 37.75 -102.75
    endloop
  endfacet
  facet normal -1 -0 0
    outer loop
      vertex 33.8 37.75 -102.75
      vertex 33.8 34 -126
      vertex 33.8 37.75 -102.25
    endloop
  endfacet
  facet normal -1 -0 0
    outer loop
      vertex 33.8 37.75 -102.25
      vertex 33.8 34 -126
      vertex 33.8 37.75 -101.75
    endloop
  endfacet
  facet normal -1 -0 0
    outer loop
      vertex 33.8 37.75 -101.75
      vertex 33.8 34 -126
      vertex 33.8 37.75 -101.25
    endloop
  endfacet
  facet normal -1 -0 0
    outer loop
      vertex 33.8 37.75 -101.25
      vertex 33.8 34 -126
      vertex 33.8 37.75 -100.75
    endloop
  endfacet
  facet normal -1 -0 0
    outer loop
      vertex 33.8 37.75 -100.75
      vertex 33.8 34 -126
      vertex 33.8 37.75 -100.25
    endloop
  endfacet
  facet normal -1 0 0
    outer loop
      vertex 33.8 34 -76
      vertex 33.8 37.75 -100.25
      vertex 33.8 34 -126
    endloop
  endfacet
  facet normal -1 0 0
    outer loop
      vertex 33.8 37.75 -100.25
      vertex 33.8 34 -76
      vertex 33.8 37.75 -99.75
    endloop
  endfacet
  facet normal -1 0 0
    outer loop
      vertex 33.8 37.75 -99.75
      vertex 33.8 34 -76
      vertex 33.8 37.75 -99.25
    endloop
  endfacet
  facet normal -1 0 0
    outer loop
      vertex 33.8 37.75 -99.25
      vertex 33.8 34 -76
      vertex 33.8 37.75 -98.75
    endloop
  endfacet
  facet normal -1 0 0
    outer loop
      vertex 33.8 37.75 -98.75
      vertex 33.8 34 -76
      vertex 33.8 37.75 -98.25
    endloop
  endfacet
  facet normal -1 0 0
    outer loop
      vertex 33.8 37.75 -98.25
      vertex 33.8 34 -76
      vertex 33.8 37.75 -97.75
    endloop
  endfacet
  facet normal -1 0 0
    outer loop
      vertex 33.8 37.75 -97.75
      vertex 33.8 34 -76
      vertex 33.8 37.75 -97.25
    endloop
  endfacet
  facet normal -1 0 0
    outer loop
      vertex 33.8 37.75 -97.25
      vertex 33.8 34 -76
      vertex 33.8 37.75 -96.75
    endloop
  endfacet
  facet normal -1 0 0
    outer loop
      vertex 33.8 37.75 -96.75
      vertex 33.8 34 -76
      vertex 33.8 37.75 -96.25
    endloop
  endfacet
  facet normal -1 0 0
    outer loop
      vertex 33.8 37.75 -96.25
      vertex 33.8 34 -76
      vertex 33.8 37.75 -95.75
    endloop
  endfacet
  facet normal -1 0 0
    outer loop
      vertex 33.8 37.75 -95.75
      vertex 33.8 34 -76
      vertex 33.8 37.75 -95.25
    endloop
  endfacet
  facet normal -1 0 0
    outer loop
      vertex 33.8 37.75 -95.25
      vertex 33.8 34 -76
      vertex 33.8 37.75 -94.75
    endloop
  endfacet
  facet normal -1 0 0
    outer loop
      vertex 33.8 37.75 -94.75
      vertex 33.8 34 -76
      vertex 33.8 37.75 -94.25
    endloop
  endfacet
  facet normal -1 0 0
    outer loop
      vertex 33.8 37.75 -94.25
      vertex 33.8 34 -76
      vertex 33.8 37.75 -93.75
    endloop
  endfacet
  facet normal -1 0 0
    outer loop
      vertex 33.8 37.75 -93.75
      vertex 33.8 34 -76
      vertex 33.8 37.75 -93.25
    endloop
  endfacet
  facet normal -1 0 0
    outer loop
      vertex 33.8 37.75 -93.25
      vertex 33.8 34 -76
      vertex 33.8 37.75 -92.75
    endloop
  endfacet
  facet normal -1 0 0
    outer loop
      vertex 33.8 37.75 -92.75
      vertex 33.8 34 -76
      vertex 33.8 37.75 -92.25
    endloop
  endfacet
  facet normal -1 0 0
    outer loop
      vertex 33.8 37.75 -92.25
      vertex 33.8 34 -76
      vertex 33.8 37.75 -91.75
    endloop
  endfacet
  facet normal -1 0 0
    outer loop
      vertex 33.8 37.75 -91.75
      vertex 33.8 34 -76
      vertex 33.8 37.75 -91.25
    endloop
  endfacet
  facet normal -1 0 0
    outer loop
      vertex 33.8 37.75 -91.25
      vertex 33.8 34 -76
      vertex 33.8 37.75 -90.75
    endloop
  endfacet
  facet normal -1 0 0
    outer loop
      vertex 33.8 37.75 -90.75
      vertex 33.8 34 -76
      vertex 33.8 37.75 -90.25
    endloop
  endfacet
  facet normal -1 0 0
    outer loop
      vertex 33.8 37.75 -90.25
      vertex 33.8 34 -76
      vertex 33.8 37.75 -89.75
    endloop
  endfacet
  facet normal -1 0 0
    outer loop
      vertex 33.8 37.75 -89.75
      vertex 33.8 34 -76
      vertex 33.8 37.75 -89.25
    endloop
  endfacet
  facet normal -1 0 0
    outer loop
      vertex 33.8 37.75 -89.25
      vertex 33.8 34 -76
      vertex 33.8 37.75 -88.75
    endloop
  endfacet
  facet normal -1 0 0
    outer loop
      vertex 33.8 37.75 -88.75
      vertex 33.8 34 -76
      vertex 33.8 37.75 -88.25
    endloop
  endfacet
  facet normal -1 0 0
    outer loop
      vertex 33.8 37.75 -88.25
      vertex 33.8 34 -76
      vertex 33.8 37.75 -87.75
    endloop
  endfacet
  facet normal -1 0 0
    outer loop
      vertex 33.8 37.75 -87.75
      vertex 33.8 34 -76
      vertex 33.8 37.75 -87.25
    endloop
  endfacet
  facet normal -1 0 0
    outer loop
      vertex 33.8 37.75 -87.25
      vertex 33.8 34 -76
      vertex 33.8 37.75 -86.75
    endloop
  endfacet
  facet normal -1 0 0
    outer loop
      vertex 33.8 37.75 -86.75
      vertex 33.8 34 -76
      vertex 33.8 37.75 -86.25
    endloop
  endfacet
  facet normal -1 0 0
    outer loop
      vertex 33.8 37.75 -86.25
      vertex 33.8 34 -76
      vertex 33.8 37.75 -85.75
    endloop
  endfacet
  facet normal -1 0 0
    outer loop
      vertex 33.8 37.75 -85.75
      vertex 33.8 34 -76
      vertex 33.8 37.75 -85.25
    endloop
  endfacet
  facet normal -1 0 0
    outer loop
      vertex 33.8 37.75 -85.25
      vertex 33.8 34 -76
      vertex 33.8 37.75 -84.75
    endloop
  endfacet
  facet normal -1 0 0
    outer loop
      vertex 33.8 37.75 -84.75
      vertex 33.8 34 -76
      vertex 33.8 37.75 -84.25
    endloop
  endfacet
  facet normal -1 0 0
    outer loop
      vertex 33.8 37.75 -84.25
      vertex 33.8 34 -76
      vertex 33.8 37.75 -83.75
    endloop
  endfacet
  facet normal -1 0 0
    outer loop
      vertex 33.8 37.75 -83.75
      vertex 33.8 34 -76
      vertex 33.8 37.75 -83.25
    endloop
  endfacet
  facet normal -1 0 0
    outer loop
      vertex 33.8 37.75 -83.25
      vertex 33.8 34 -76
      vertex 33.8 37.75 -82.75
    endloop
  endfacet
  facet normal -1 0 0
    outer loop
      vertex 33.8 37.75 -82.75
      vertex 33.8 34 -76
      vertex 33.8 37.75 -82.25
    endloop
  endfacet
  facet normal -1 0 0
    outer loop
      vertex 33.8 37.75 -82.25
      vertex 33.8 34 -76
      vertex 33.8 37.75 -81.75
    endloop
  endfacet
  facet normal -1 0 0
    outer loop
      vertex 33.8 37.75 -81.75
      vertex 33.8 34 -76
      vertex 33.8 37.75 -81.25
    endloop
  endfacet
  facet normal -1 0 0
    outer loop
      vertex 33.8 37.75 -81.25
      vertex 33.8 34 -76
      vertex 33.8 37.75 -80.75
    endloop
  endfacet
  facet normal -1 0 0
    outer loop
      vertex 33.8 37.75 -80.75
      vertex 33.8 34 -76
      vertex 33.8 37.75 -80.25
    endloop
  endfacet
  facet normal -1 0 0
    outer loop
      vertex 33.8 37.75 -80.25
      vertex 33.8 34 -76
      vertex 33.8 37.75 -79.75
    endloop
  endfacet
  facet normal -1 0 0
    outer loop
      vertex 33.8 37.75 -79.75
      vertex 33.8 34 -76
      vertex 33.8 37.75 -79.25
    endloop
  endfacet
  facet normal -1 0 0
    outer loop
      vertex 33.8 37.75 -79.25
      vertex 33.8 34 -76
      vertex 33.8 37.75 -78.75
    endloop
  endfacet
  facet normal -1 0 0
    outer loop
      vertex 33.8 37.75 -78.75
      vertex 33.8 34 -76
      vertex 33.8 37.75 -78.25
    endloop
  endfacet
  facet normal -1 0 0
    outer loop
      vertex 33.8 37.75 -78.25
      vertex 33.8 34 -76
      vertex 33.8 37.75 -77.75
    endloop
  endfacet
  facet normal -1 0 0
    outer loop
      vertex 33.8 37.75 -77.75
      vertex 33.8 34 -76
      vertex 33.8 37.75 -77.25
    endloop
  endfacet
  facet normal -1 0 0
    outer loop
      vertex 33.8 37.75 -77.25
      vertex 33.8 34 -76
      vertex 33.8 37.75 -76.75
    endloop
  endfacet
  facet normal -1 0 0
    outer loop
      vertex 33.8 37.75 -76.75
      vertex 33.8 34 -76
      vertex 33.8 37.75 -76.25
    endloop
  endfacet
  facet normal -1 0 0
    outer loop
      vertex 33.8 37.75 -76.25
      vertex 33.8 34 -76
      vertex 33.8 37.75 -76
    endloop
  endfacet
  facet normal -1 0 0
    outer loop
      vertex 33.8 37.75 -125.75
      vertex 33.8 40 -125.25
      vertex 33.8 40 -125.75
    endloop
  endfacet
  facet normal -1 -0 0
    outer loop
      vertex 33.8 40 -125.25
      vertex 33.8 37.75 -125.75
      vertex 33.8 37.75 -125.25
    endloop
  endfacet
  facet normal -1 0 0
    outer loop
      vertex 33.8 37.75 -124.75
      vertex 33.8 40 -124.25
      vertex 33.8 40 -124.75
    endloop
  endfacet
  facet normal -1 -0 0
    outer loop
      vertex 33.8 40 -124.25
      vertex 33.8 37.75 -124.75
      vertex 33.8 37.75 -124.25
    endloop
  endfacet
  facet normal -1 0 0
    outer loop
      vertex 33.8 37.75 -123.75
      vertex 33.8 40 -123.25
      vertex 33.8 40 -123.75
    endloop
  endfacet
  facet normal -1 -0 0
    outer loop
      vertex 33.8 40 -123.25
      vertex 33.8 37.75 -123.75
      vertex 33.8 37.75 -123.25
    endloop
  endfacet
  facet normal -1 0 0
    outer loop
      vertex 33.8 37.75 -122.75
      vertex 33.8 40 -122.25
      vertex 33.8 40 -122.75
    endloop
  endfacet
  facet normal -1 -0 0
    outer loop
      vertex 33.8 40 -122.25
      vertex 33.8 37.75 -122.75
      vertex 33.8 37.75 -122.25
    endloop
  endfacet
  facet normal -1 0 0
    outer loop
      vertex 33.8 37.75 -121.75
      vertex 33.8 40 -121.25
      vertex 33.8 40 -121.75
    endloop
  endfacet
  facet normal -1 -0 0
    outer loop
      vertex 33.8 40 -121.25
      vertex 33.8 37.75 -121.75
      vertex 33.8 37.75 -121.25
    endloop
  endfacet
  facet normal -1 0 0
    outer loop
      vertex 33.8 37.75 -120.75
      vertex 33.8 40 -120.25
      vertex 33.8 40 -120.75
    endloop
  endfacet
  facet normal -1 -0 0
    outer loop
      vertex 33.8 40 -120.25
      vertex 33.8 37.75 -120.75
      vertex 33.8 37.75 -120.25
    endloop
  endfacet
  facet normal -1 0 0
    outer loop
      vertex 33.8 37.75 -119.75
      vertex 33.8 40 -119.25
      vertex 33.8 40 -119.75
    endloop
  endfacet
  facet normal -1 -0 0
    outer loop
      vertex 33.8 40 -119.25
      vertex 33.8 37.75 -119.75
      vertex 33.8 37.75 -119.25
    endloop
  endfacet
  facet normal -1 0 0
    outer loop
      vertex 33.8 37.75 -118.75
      vertex 33.8 40 -118.25
      vertex 33.8 40 -118.75
    endloop
  endfacet
  facet normal -1 -0 0
    outer loop
      vertex 33.8 40 -118.25
      vertex 33.8 37.75 -118.75
      vertex 33.8 37.75 -118.25
    endloop
  endfacet
  facet normal -1 0 0
    outer loop
      vertex 33.8 37.75 -117.75
      vertex 33.8 40 -117.25
      vertex 33.8 40 -117.75
    endloop
  endfacet
  facet normal -1 -0 0
    outer loop
      vertex 33.8 40 -117.25
      vertex 33.8 37.75 -117.75
      vertex 33.8 37.75 -117.25
    endloop
  endfacet
  facet normal -1 0 0
    outer loop
      vertex 33.8 37.75 -116.75
      vertex 33.8 40 -116.25
      vertex 33.8 40 -116.75
    endloop
  endfacet
  facet normal -1 -0 0
    outer loop
      vertex 33.8 40 -116.25
      vertex 33.8 37.75 -116.75
      vertex 33.8 37.75 -116.25
    endloop
  endfacet
  facet normal -1 0 0
    outer loop
      vertex 33.8 37.75 -115.75
      vertex 33.8 40 -115.25
      vertex 33.8 40 -115.75
    endloop
  endfacet
  facet normal -1 -0 0
    outer loop
      vertex 33.8 40 -115.25
      vertex 33.8 37.75 -115.75
      vertex 33.8 37.75 -115.25
    endloop
  endfacet
  facet normal -1 0 0
    outer loop
      vertex 33.8 37.75 -114.75
      vertex 33.8 40 -114.25
      vertex 33.8 40 -114.75
    endloop
  endfacet
  facet normal -1 -0 0
    outer loop
      vertex 33.8 40 -114.25
      vertex 33.8 37.75 -114.75
      vertex 33.8 37.75 -114.25
    endloop
  endfacet
  facet normal -1 0 0
    outer loop
      vertex 33.8 37.75 -113.75
      vertex 33.8 40 -113.25
      vertex 33.8 40 -113.75
    endloop
  endfacet
  facet normal -1 -0 0
    outer loop
      vertex 33.8 40 -113.25
      vertex 33.8 37.75 -113.75
      vertex 33.8 37.75 -113.25
    endloop
  endfacet
  facet normal -1 0 0
    outer loop
      vertex 33.8 37.75 -112.75
      vertex 33.8 40 -112.25
      vertex 33.8 40 -112.75
    endloop
  endfacet
  facet normal -1 -0 0
    outer loop
      vertex 33.8 40 -112.25
      vertex 33.8 37.75 -112.75
      vertex 33.8 37.75 -112.25
    endloop
  endfacet
  facet normal -1 0 0
    outer loop
      vertex 33.8 37.75 -111.75
      vertex 33.8 40 -111.25
      vertex 33.8 40 -111.75
    endloop
  endfacet
  facet normal -1 -0 0
    outer loop
      vertex 33.8 40 -111.25
      vertex 33.8 37.75 -111.75
      vertex 33.8 37.75 -111.25
    endloop
  endfacet
  facet normal -1 0 0
    outer loop
      vertex 33.8 37.75 -110.75
      vertex 33.8 40 -110.25
      vertex 33.8 40 -110.75
    endloop
  endfacet
  facet normal -1 -0 0
    outer loop
      vertex 33.8 40 -110.25
      vertex 33.8 37.75 -110.75
      vertex 33.8 37.75 -110.25
    endloop
  endfacet
  facet normal -1 0 0
    outer loop
      vertex 33.8 37.75 -109.75
      vertex 33.8 40 -109.25
      vertex 33.8 40 -109.75
    endloop
  endfacet
  facet normal -1 -0 0
    outer loop
      vertex 33.8 40 -109.25
      vertex 33.8 37.75 -109.75
      vertex 33.8 37.75 -109.25
    endloop
  endfacet
  facet normal -1 0 0
    outer loop
      vertex 33.8 37.75 -108.75
      vertex 33.8 40 -108.25
      vertex 33.8 40 -108.75
    endloop
  endfacet
  facet normal -1 -0 0
    outer loop
      vertex 33.8 40 -108.25
      vertex 33.8 37.75 -108.75
      vertex 33.8 37.75 -108.25
    endloop
  endfacet
  facet normal -1 0 0
    outer loop
      vertex 33.8 37.75 -107.75
      vertex 33.8 40 -107.25
      vertex 33.8 40 -107.75
    endloop
  endfacet
  facet normal -1 -0 0
    outer loop
      vertex 33.8 40 -107.25
      vertex 33.8 37.75 -107.75
      vertex 33.8 37.75 -107.25
    endloop
  endfacet
  facet normal -1 0 0
    outer loop
      vertex 33.8 37.75 -106.75
      vertex 33.8 40 -106.25
      vertex 33.8 40 -106.75
    endloop
  endfacet
  facet normal -1 -0 0
    outer loop
      vertex 33.8 40 -106.25
      vertex 33.8 37.75 -106.75
      vertex 33.8 37.75 -106.25
    endloop
  endfacet
  facet normal -1 0 0
    outer loop
      vertex 33.8 37.75 -105.75
      vertex 33.8 40 -105.25
      vertex 33.8 40 -105.75
    endloop
  endfacet
  facet normal -1 -0 0
    outer loop
      vertex 33.8 40 -105.25
      vertex 33.8 37.75 -105.75
      vertex 33.8 37.75 -105.25
    endloop
  endfacet
  facet normal -1 0 0
    outer loop
      vertex 33.8 37.75 -104.75
      vertex 33.8 40 -104.25
      vertex 33.8 40 -104.75
    endloop
  endfacet
  facet normal -1 -0 0
    outer loop
      vertex 33.8 40 -104.25
      vertex 33.8 37.75 -104.75
      vertex 33.8 37.75 -104.25
    endloop
  endfacet
  facet normal -1 0 0
    outer loop
      vertex 33.8 37.75 -103.75
      vertex 33.8 40 -103.25
      vertex 33.8 40 -103.75
    endloop
  endfacet
  facet normal -1 -0 0
    outer loop
      vertex 33.8 40 -103.25
      vertex 33.8 37.75 -103.75
      vertex 33.8 37.75 -103.25
    endloop
  endfacet
  facet normal -1 0 0
    outer loop
      vertex 33.8 37.75 -102.75
      vertex 33.8 40 -102.25
      vertex 33.8 40 -102.75
    endloop
  endfacet
  facet normal -1 -0 0
    outer loop
      vertex 33.8 40 -102.25
      vertex 33.8 37.75 -102.75
      vertex 33.8 37.75 -102.25
    endloop
  endfacet
  facet normal -1 0 0
    outer loop
      vertex 33.8 37.75 -101.75
      vertex 33.8 40 -101.25
      vertex 33.8 40 -101.75
    endloop
  endfacet
  facet normal -1 -0 0
    outer loop
      vertex 33.8 40 -101.25
      vertex 33.8 37.75 -101.75
      vertex 33.8 37.75 -101.25
    endloop
  endfacet
  facet normal -1 0 0
    outer loop
      vertex 33.8 37.75 -100.75
      vertex 33.8 40 -100.25
      vertex 33.8 40 -100.75
    endloop
  endfacet
  facet normal -1 -0 0
    outer loop
      vertex 33.8 40 -100.25
      vertex 33.8 37.75 -100.75
      vertex 33.8 37.75 -100.25
    endloop
  endfacet
  facet normal -1 0 0
    outer loop
      vertex 33.8 37.75 -99.75
      vertex 33.8 40 -99.25
      vertex 33.8 40 -99.75
    endloop
  endfacet
  facet normal -1 -0 0
    outer loop
      vertex 33.8 40 -99.25
      vertex 33.8 37.75 -99.75
      vertex 33.8 37.75 -99.25
    endloop
  endfacet
  facet normal -1 0 0
    outer loop
      vertex 33.8 37.75 -98.75
      vertex 33.8 40 -98.25
      vertex 33.8 40 -98.75
    endloop
  endfacet
  facet normal -1 -0 0
    outer loop
      vertex 33.8 40 -98.25
      vertex 33.8 37.75 -98.75
      vertex 33.8 37.75 -98.25
    endloop
  endfacet
  facet normal -1 0 0
    outer loop
      vertex 33.8 37.75 -97.75
      vertex 33.8 40 -97.25
      vertex 33.8 40 -97.75
    endloop
  endfacet
  facet normal -1 -0 0
    outer loop
      vertex 33.8 40 -97.25
      vertex 33.8 37.75 -97.75
      vertex 33.8 37.75 -97.25
    endloop
  endfacet
  facet normal -1 0 0
    outer loop
      vertex 33.8 37.75 -96.75
      vertex 33.8 40 -96.25
      vertex 33.8 40 -96.75
    endloop
  endfacet
  facet normal -1 -0 0
    outer loop
      vertex 33.8 40 -96.25
      vertex 33.8 37.75 -96.75
      vertex 33.8 37.75 -96.25
    endloop
  endfacet
  facet normal -1 0 0
    outer loop
      vertex 33.8 37.75 -95.75
      vertex 33.8 40 -95.25
      vertex 33.8 40 -95.75
    endloop
  endfacet
  facet normal -1 -0 0
    outer loop
      vertex 33.8 40 -95.25
      vertex 33.8 37.75 -95.75
      vertex 33.8 37.75 -95.25
    endloop
  endfacet
  facet normal -1 0 0
    outer loop
      vertex 33.8 37.75 -94.75
      vertex 33.8 40 -94.25
      vertex 33.8 40 -94.75
    endloop
  endfacet
  facet normal -1 -0 0
    outer loop
      vertex 33.8 40 -94.25
      vertex 33.8 37.75 -94.75
      vertex 33.8 37.75 -94.25
    endloop
  endfacet
  facet normal -1 0 0
    outer loop
      vertex 33.8 37.75 -93.75
      vertex 33.8 40 -93.25
      vertex 33.8 40 -93.75
    endloop
  endfacet
  facet normal -1 -0 0
    outer loop
      vertex 33.8 40 -93.25
      vertex 33.8 37.75 -93.75
      vertex 33.8 37.75 -93.25
    endloop
  endfacet
  facet normal -1 0 0
    outer loop
      vertex 33.8 37.75 -92.75
      vertex 33.8 40 -92.25
      vertex 33.8 40 -92.75
    endloop
  endfacet
  facet normal -1 -0 0
    outer loop
      vertex 33.8 40 -92.25
      vertex 33.8 37.75 -92.75
      vertex 33.8 37.75 -92.25
    endloop
  endfacet
  facet normal -1 0 0
    outer loop
      vertex 33.8 37.75 -91.75
      vertex 33.8 40 -91.25
      vertex 33.8 40 -91.75
    endloop
  endfacet
  facet normal -1 -0 0
    outer loop
      vertex 33.8 40 -91.25
      vertex 33.8 37.75 -91.75
      vertex 33.8 37.75 -91.25
    endloop
  endfacet
  facet normal -1 0 0
    outer loop
      vertex 33.8 37.75 -90.75
      vertex 33.8 40 -90.25
      vertex 33.8 40 -90.75
    endloop
  endfacet
  facet normal -1 -0 0
    outer loop
      vertex 33.8 40 -90.25
      vertex 33.8 37.75 -90.75
      vertex 33.8 37.75 -90.25
    endloop
  endfacet
  facet normal -1 0 0
    outer loop
      vertex 33.8 37.75 -89.75
      vertex 33.8 40 -89.25
      vertex 33.8 40 -89.75
    endloop
  endfacet
  facet normal -1 -0 0
    outer loop
      vertex 33.8 40 -89.25
      vertex 33.8 37.75 -89.75
      vertex 33.8 37.75 -89.25
    endloop
  endfacet
  facet normal -1 0 0
    outer loop
      vertex 33.8 37.75 -88.75
      vertex 33.8 40 -88.25
      vertex 33.8 40 -88.75
    endloop
  endfacet
  facet normal -1 -0 0
    outer loop
      vertex 33.8 40 -88.25
      vertex 33.8 37.75 -88.75
      vertex 33.8 37.75 -88.25
    endloop
  endfacet
  facet normal -1 0 0
    outer loop
      vertex 33.8 37.75 -87.75
      vertex 33.8 40 -87.25
      vertex 33.8 40 -87.75
    endloop
  endfacet
  facet normal -1 -0 0
    outer loop
      vertex 33.8 40 -87.25
      vertex 33.8 37.75 -87.75
      vertex 33.8 37.75 -87.25
    endloop
  endfacet
  facet normal -1 0 0
    outer loop
      vertex 33.8 37.75 -86.75
      vertex 33.8 40 -86.25
      vertex 33.8 40 -86.75
    endloop
  endfacet
  facet normal -1 -0 0
    outer loop
      vertex 33.8 40 -86.25
      vertex 33.8 37.75 -86.75
      vertex 33.8 37.75 -86.25
    endloop
  endfacet
  facet normal -1 0 0
    outer loop
      vertex 33.8 37.75 -85.75
      vertex 33.8 40 -85.25
      vertex 33.8 40 -85.75
    endloop
  endfacet
  facet normal -1 -0 0
    outer loop
      vertex 33.8 40 -85.25
      vertex 33.8 37.75 -85.75
      vertex 33.8 37.75 -85.25
    endloop
  endfacet
  facet normal -1 0 0
    outer loop
      vertex 33.8 37.75 -84.75
      vertex 33.8 40 -84.25
      vertex 33.8 40 -84.75
    endloop
  endfacet
  facet normal -1 -0 0
    outer loop
      vertex 33.8 40 -84.25
      vertex 33.8 37.75 -84.75
      vertex 33.8 37.75 -84.25
    endloop
  endfacet
  facet normal -1 0 0
    outer loop
      vertex 33.8 37.75 -83.75
      vertex 33.8 40 -83.25
      vertex 33.8 40 -83.75
    endloop
  endfacet
  facet normal -1 -0 0
    outer loop
      vertex 33.8 40 -83.25
      vertex 33.8 37.75 -83.75
      vertex 33.8 37.75 -83.25
    endloop
  endfacet
  facet normal -1 0 0
    outer loop
      vertex 33.8 37.75 -82.75
      vertex 33.8 40 -82.25
      vertex 33.8 40 -82.75
    endloop
  endfacet
  facet normal -1 -0 0
    outer loop
      vertex 33.8 40 -82.25
      vertex 33.8 37.75 -82.75
      vertex 33.8 37.75 -82.25
    endloop
  endfacet
  facet normal -1 0 0
    outer loop
      vertex 33.8 37.75 -81.75
      vertex 33.8 40 -81.25
      vertex 33.8 40 -81.75
    endloop
  endfacet
  facet normal -1 -0 0
    outer loop
      vertex 33.8 40 -81.25
      vertex 33.8 37.75 -81.75
      vertex 33.8 37.75 -81.25
    endloop
  endfacet
  facet normal -1 0 0
    outer loop
      vertex 33.8 37.75 -80.75
      vertex 33.8 40 -80.25
      vertex 33.8 40 -80.75
    endloop
  endfacet
  facet normal -1 -0 0
    outer loop
      vertex 33.8 40 -80.25
      vertex 33.8 37.75 -80.75
      vertex 33.8 37.75 -80.25
    endloop
  endfacet
  facet normal -1 0 0
    outer loop
      vertex 33.8 37.75 -79.75
      vertex 33.8 40 -79.25
      vertex 33.8 40 -79.75
    endloop
  endfacet
  facet normal -1 -0 0
    outer loop
      vertex 33.8 40 -79.25
      vertex 33.8 37.75 -79.75
      vertex 33.8 37.75 -79.25
    endloop
  endfacet
  facet normal -1 0 0
    outer loop
      vertex 33.8 37.75 -78.75
      vertex 33.8 40 -78.25
      vertex 33.8 40 -78.75
    endloop
  endfacet
  facet normal -1 -0 0
    outer loop
      vertex 33.8 40 -78.25
      vertex 33.8 37.75 -78.75
      vertex 33.8 37.75 -78.25
    endloop
  endfacet
  facet normal -1 0 0
    outer loop
      vertex 33.8 37.75 -77.75
      vertex 33.8 40 -77.25
      vertex 33.8 40 -77.75
    endloop
  endfacet
  facet normal -1 -0 0
    outer loop
      vertex 33.8 40 -77.25
      vertex 33.8 37.75 -77.75
      vertex 33.8 37.75 -77.25
    endloop
  endfacet
  facet normal -1 0 0
    outer loop
      vertex 33.8 37.75 -76.75
      vertex 33.8 40 -76.25
      vertex 33.8 40 -76.75
    endloop
  endfacet
  facet normal -1 -0 0
    outer loop
      vertex 33.8 40 -76.25
      vertex 33.8 37.75 -76.75
      vertex 33.8 37.75 -76.25
    endloop
  endfacet
  facet normal 0 1 -0
    outer loop
      vertex 37.4 40 -125.75
      vertex 33.8 40 -125.25
      vertex 37.4 40 -125.25
    endloop
  endfacet
  facet normal 0 1 0
    outer loop
      vertex 33.8 40 -125.25
      vertex 37.4 40 -125.75
      vertex 33.8 40 -125.75
    endloop
  endfacet
  facet normal 0 1 0
    outer loop
      vertex 37.6 37.75 -76
      vertex 37.4 37.75 -76.25
      vertex 33.8 37.75 -76
    endloop
  endfacet
  facet normal 0 1 0
    outer loop
      vertex 37.6 37.75 -76
      vertex 37.4 37.75 -76.75
      vertex 37.4 37.75 -76.25
    endloop
  endfacet
  facet normal 0 1 0
    outer loop
      vertex 37.4 37.75 -76.75
      vertex 37.4 37.75 -77.25
      vertex 33.8 37.75 -76.75
    endloop
  endfacet
  facet normal 0 1 0
    outer loop
      vertex 37.6 37.75 -76
      vertex 37.4 37.75 -77.25
      vertex 37.4 37.75 -76.75
    endloop
  endfacet
  facet normal 0 1 0
    outer loop
      vertex 37.6 37.75 -76
      vertex 37.4 37.75 -77.75
      vertex 37.4 37.75 -77.25
    endloop
  endfacet
  facet normal 0 1 0
    outer loop
      vertex 37.4 37.75 -77.75
      vertex 37.4 37.75 -78.25
      vertex 33.8 37.75 -77.75
    endloop
  endfacet
  facet normal 0 1 0
    outer loop
      vertex 37.6 37.75 -76
      vertex 37.4 37.75 -78.25
      vertex 37.4 37.75 -77.75
    endloop
  endfacet
  facet normal 0 1 0
    outer loop
      vertex 37.6 37.75 -76
      vertex 37.4 37.75 -78.75
      vertex 37.4 37.75 -78.25
    endloop
  endfacet
  facet normal 0 1 0
    outer loop
      vertex 37.4 37.75 -78.75
      vertex 37.4 37.75 -79.25
      vertex 33.8 37.75 -78.75
    endloop
  endfacet
  facet normal 0 1 0
    outer loop
      vertex 37.6 37.75 -76
      vertex 37.4 37.75 -79.25
      vertex 37.4 37.75 -78.75
    endloop
  endfacet
  facet normal 0 1 0
    outer loop
      vertex 37.6 37.75 -76
      vertex 37.4 37.75 -79.75
      vertex 37.4 37.75 -79.25
    endloop
  endfacet
  facet normal 0 1 0
    outer loop
      vertex 37.4 37.75 -79.75
      vertex 37.4 37.75 -80.25
      vertex 33.8 37.75 -79.75
    endloop
  endfacet
  facet normal 0 1 0
    outer loop
      vertex 37.6 37.75 -76
      vertex 37.4 37.75 -80.25
      vertex 37.4 37.75 -79.75
    endloop
  endfacet
  facet normal 0 1 0
    outer loop
      vertex 37.6 37.75 -76
      vertex 37.4 37.75 -80.75
      vertex 37.4 37.75 -80.25
    endloop
  endfacet
  facet normal 0 1 0
    outer loop
      vertex 37.4 37.75 -80.75
      vertex 37.4 37.75 -81.25
      vertex 33.8 37.75 -80.75
    endloop
  endfacet
  facet normal 0 1 0
    outer loop
      vertex 37.6 37.75 -76
      vertex 37.4 37.75 -81.25
      vertex 37.4 37.75 -80.75
    endloop
  endfacet
  facet normal 0 1 0
    outer loop
      vertex 37.6 37.75 -76
      vertex 37.4 37.75 -81.75
      vertex 37.4 37.75 -81.25
    endloop
  endfacet
  facet normal 0 1 0
    outer loop
      vertex 37.4 37.75 -81.75
      vertex 37.4 37.75 -82.25
      vertex 33.8 37.75 -81.75
    endloop
  endfacet
  facet normal 0 1 -0
    outer loop
      vertex 37.6 37.75 -86
      vertex 37.4 37.75 -81.75
      vertex 37.6 37.75 -76
    endloop
  endfacet
  facet normal 0 1 0
    outer loop
      vertex 37.4 37.75 -81.75
      vertex 37.6 37.75 -86
      vertex 37.4 37.75 -82.25
    endloop
  endfacet
  facet normal 0 1 0
    outer loop
      vertex 37.4 37.75 -82.75
      vertex 37.4 37.75 -83.25
      vertex 33.8 37.75 -82.75
    endloop
  endfacet
  facet normal 0 1 0
    outer loop
      vertex 37.4 37.75 -82.25
      vertex 37.6 37.75 -86
      vertex 37.4 37.75 -82.75
    endloop
  endfacet
  facet normal 0 1 0
    outer loop
      vertex 37.4 37.75 -82.75
      vertex 37.6 37.75 -86
      vertex 37.4 37.75 -83.25
    endloop
  endfacet
  facet normal 0 1 0
    outer loop
      vertex 37.4 37.75 -83.75
      vertex 37.4 37.75 -84.25
      vertex 33.8 37.75 -83.75
    endloop
  endfacet
  facet normal 0 1 0
    outer loop
      vertex 37.4 37.75 -83.25
      vertex 37.6 37.75 -86
      vertex 37.4 37.75 -83.75
    endloop
  endfacet
  facet normal 0 1 0
    outer loop
      vertex 37.4 37.75 -83.75
      vertex 37.6 37.75 -86
      vertex 37.4 37.75 -84.25
    endloop
  endfacet
  facet normal 0 1 0
    outer loop
      vertex 37.4 37.75 -84.75
      vertex 37.4 37.75 -85.25
      vertex 33.8 37.75 -84.75
    endloop
  endfacet
  facet normal 0 1 0
    outer loop
      vertex 37.4 37.75 -84.25
      vertex 37.6 37.75 -86
      vertex 37.4 37.75 -84.75
    endloop
  endfacet
  facet normal 0 1 0
    outer loop
      vertex 37.4 37.75 -84.75
      vertex 37.6 37.75 -86
      vertex 37.4 37.75 -85.25
    endloop
  endfacet
  facet normal 0 1 0
    outer loop
      vertex 37.4 37.75 -85.25
      vertex 37.6 37.75 -86
      vertex 37.4 37.75 -85.75
    endloop
  endfacet
  facet normal 0 1 0
    outer loop
      vertex 37.4 37.75 -86
      vertex 37.4 37.75 -85.75
      vertex 37.6 37.75 -86
    endloop
  endfacet
  facet normal 0 1 0
    outer loop
      vertex 37.4 37.75 -85.75
      vertex 37.4 37.75 -86
      vertex 33.8 37.75 -85.75
    endloop
  endfacet
  facet normal 0 1 0
    outer loop
      vertex 33.8 37.75 -86.25
      vertex 37.4 37.75 -86
      vertex 37.4 37.75 -86.25
    endloop
  endfacet
  facet normal 0 1 0
    outer loop
      vertex 37.4 37.75 -86
      vertex 33.8 37.75 -86.25
      vertex 33.8 37.75 -85.75
    endloop
  endfacet
  facet normal 0 1 0
    outer loop
      vertex 33.8 37.75 -76
      vertex 37.4 37.75 -76.25
      vertex 33.8 37.75 -76.25
    endloop
  endfacet
  facet normal 0 1 0
    outer loop
      vertex 33.8 37.75 -76.75
      vertex 37.4 37.75 -77.25
      vertex 33.8 37.75 -77.25
    endloop
  endfacet
  facet normal 0 1 0
    outer loop
      vertex 33.8 37.75 -77.75
      vertex 37.4 37.75 -78.25
      vertex 33.8 37.75 -78.25
    endloop
  endfacet
  facet normal 0 1 0
    outer loop
      vertex 33.8 37.75 -78.75
      vertex 37.4 37.75 -79.25
      vertex 33.8 37.75 -79.25
    endloop
  endfacet
  facet normal 0 1 0
    outer loop
      vertex 33.8 37.75 -79.75
      vertex 37.4 37.75 -80.25
      vertex 33.8 37.75 -80.25
    endloop
  endfacet
  facet normal 0 1 0
    outer loop
      vertex 33.8 37.75 -80.75
      vertex 37.4 37.75 -81.25
      vertex 33.8 37.75 -81.25
    endloop
  endfacet
  facet normal 0 1 0
    outer loop
      vertex 33.8 37.75 -81.75
      vertex 37.4 37.75 -82.25
      vertex 33.8 37.75 -82.25
    endloop
  endfacet
  facet normal 0 1 0
    outer loop
      vertex 33.8 37.75 -82.75
      vertex 37.4 37.75 -83.25
      vertex 33.8 37.75 -83.25
    endloop
  endfacet
  facet normal 0 1 0
    outer loop
      vertex 33.8 37.75 -83.75
      vertex 37.4 37.75 -84.25
      vertex 33.8 37.75 -84.25
    endloop
  endfacet
  facet normal 0 1 0
    outer loop
      vertex 33.8 37.75 -84.75
      vertex 37.4 37.75 -85.25
      vertex 33.8 37.75 -85.25
    endloop
  endfacet
  facet normal 0 1 -0
    outer loop
      vertex 37.4 37.75 -126
      vertex 33.8 37.75 -125.75
      vertex 37.4 37.75 -125.75
    endloop
  endfacet
  facet normal 0 1 0
    outer loop
      vertex 33.8 37.75 -125.75
      vertex 37.4 37.75 -126
      vertex 33.8 37.75 -126
    endloop
  endfacet
  facet normal 0 1 -0
    outer loop
      vertex 37.4 37.75 -124.25
      vertex 33.8 37.75 -123.75
      vertex 37.4 37.75 -123.75
    endloop
  endfacet
  facet normal 0 1 0
    outer loop
      vertex 33.8 37.75 -123.75
      vertex 37.4 37.75 -124.25
      vertex 33.8 37.75 -124.25
    endloop
  endfacet
  facet normal 0 1 -0
    outer loop
      vertex 37.4 37.75 -125.25
      vertex 33.8 37.75 -124.75
      vertex 37.4 37.75 -124.75
    endloop
  endfacet
  facet normal 0 1 0
    outer loop
      vertex 33.8 37.75 -124.75
      vertex 37.4 37.75 -125.25
      vertex 33.8 37.75 -125.25
    endloop
  endfacet
  facet normal 0 1 -0
    outer loop
      vertex 37.4 37.75 -121.25
      vertex 33.8 37.75 -120.75
      vertex 37.4 37.75 -120.75
    endloop
  endfacet
  facet normal 0 1 0
    outer loop
      vertex 33.8 37.75 -120.75
      vertex 37.4 37.75 -121.25
      vertex 33.8 37.75 -121.25
    endloop
  endfacet
  facet normal 0 1 -0
    outer loop
      vertex 37.4 37.75 -122.25
      vertex 33.8 37.75 -121.75
      vertex 37.4 37.75 -121.75
    endloop
  endfacet
  facet normal 0 1 0
    outer loop
      vertex 33.8 37.75 -121.75
      vertex 37.4 37.75 -122.25
      vertex 33.8 37.75 -122.25
    endloop
  endfacet
  facet normal 0 1 -0
    outer loop
      vertex 37.4 37.75 -96.25
      vertex 33.8 37.75 -95.75
      vertex 37.4 37.75 -95.75
    endloop
  endfacet
  facet normal 0 1 0
    outer loop
      vertex 33.8 37.75 -95.75
      vertex 37.4 37.75 -96.25
      vertex 33.8 37.75 -96.25
    endloop
  endfacet
  facet normal 0 1 -0
    outer loop
      vertex 37.4 37.75 -97.25
      vertex 33.8 37.75 -96.75
      vertex 37.4 37.75 -96.75
    endloop
  endfacet
  facet normal 0 1 0
    outer loop
      vertex 33.8 37.75 -96.75
      vertex 37.4 37.75 -97.25
      vertex 33.8 37.75 -97.25
    endloop
  endfacet
  facet normal 0 1 -0
    outer loop
      vertex 37.4 37.75 -108.25
      vertex 33.8 37.75 -107.75
      vertex 37.4 37.75 -107.75
    endloop
  endfacet
  facet normal 0 1 0
    outer loop
      vertex 33.8 37.75 -107.75
      vertex 37.4 37.75 -108.25
      vertex 33.8 37.75 -108.25
    endloop
  endfacet
  facet normal 0 1 -0
    outer loop
      vertex 37.4 37.75 -109.25
      vertex 33.8 37.75 -108.75
      vertex 37.4 37.75 -108.75
    endloop
  endfacet
  facet normal 0 1 0
    outer loop
      vertex 33.8 37.75 -108.75
      vertex 37.4 37.75 -109.25
      vertex 33.8 37.75 -109.25
    endloop
  endfacet
  facet normal 0 1 -0
    outer loop
      vertex 37.4 37.75 -118.25
      vertex 33.8 37.75 -117.75
      vertex 37.4 37.75 -117.75
    endloop
  endfacet
  facet normal 0 1 0
    outer loop
      vertex 33.8 37.75 -117.75
      vertex 37.4 37.75 -118.25
      vertex 33.8 37.75 -118.25
    endloop
  endfacet
  facet normal 0 1 -0
    outer loop
      vertex 37.4 37.75 -119.25
      vertex 33.8 37.75 -118.75
      vertex 37.4 37.75 -118.75
    endloop
  endfacet
  facet normal 0 1 0
    outer loop
      vertex 33.8 37.75 -118.75
      vertex 37.4 37.75 -119.25
      vertex 33.8 37.75 -119.25
    endloop
  endfacet
  facet normal 0 1 -0
    outer loop
      vertex 37.4 37.75 -98.25
      vertex 33.8 37.75 -97.75
      vertex 37.4 37.75 -97.75
    endloop
  endfacet
  facet normal 0 1 0
    outer loop
      vertex 33.8 37.75 -97.75
      vertex 37.4 37.75 -98.25
      vertex 33.8 37.75 -98.25
    endloop
  endfacet
  facet normal 0 1 -0
    outer loop
      vertex 37.4 37.75 -99.25
      vertex 33.8 37.75 -98.75
      vertex 37.4 37.75 -98.75
    endloop
  endfacet
  facet normal 0 1 0
    outer loop
      vertex 33.8 37.75 -98.75
      vertex 37.4 37.75 -99.25
      vertex 33.8 37.75 -99.25
    endloop
  endfacet
  facet normal 0 1 -0
    outer loop
      vertex 37.4 37.75 -114.25
      vertex 33.8 37.75 -113.75
      vertex 37.4 37.75 -113.75
    endloop
  endfacet
  facet normal 0 1 0
    outer loop
      vertex 33.8 37.75 -113.75
      vertex 37.4 37.75 -114.25
      vertex 33.8 37.75 -114.25
    endloop
  endfacet
  facet normal 0 1 -0
    outer loop
      vertex 37.4 37.75 -115.25
      vertex 33.8 37.75 -114.75
      vertex 37.4 37.75 -114.75
    endloop
  endfacet
  facet normal 0 1 0
    outer loop
      vertex 33.8 37.75 -114.75
      vertex 37.4 37.75 -115.25
      vertex 33.8 37.75 -115.25
    endloop
  endfacet
  facet normal 0 1 -0
    outer loop
      vertex 37.4 37.75 -101.25
      vertex 33.8 37.75 -100.75
      vertex 37.4 37.75 -100.75
    endloop
  endfacet
  facet normal 0 1 0
    outer loop
      vertex 33.8 37.75 -100.75
      vertex 37.4 37.75 -101.25
      vertex 33.8 37.75 -101.25
    endloop
  endfacet
  facet normal 0 1 -0
    outer loop
      vertex 37.4 37.75 -102.25
      vertex 33.8 37.75 -101.75
      vertex 37.4 37.75 -101.75
    endloop
  endfacet
  facet normal 0 1 0
    outer loop
      vertex 33.8 37.75 -101.75
      vertex 37.4 37.75 -102.25
      vertex 33.8 37.75 -102.25
    endloop
  endfacet
  facet normal 0 1 -0
    outer loop
      vertex 37.4 37.75 -106.25
      vertex 33.8 37.75 -105.75
      vertex 37.4 37.75 -105.75
    endloop
  endfacet
  facet normal 0 1 0
    outer loop
      vertex 33.8 37.75 -105.75
      vertex 37.4 37.75 -106.25
      vertex 33.8 37.75 -106.25
    endloop
  endfacet
  facet normal 0 1 -0
    outer loop
      vertex 37.4 37.75 -107.25
      vertex 33.8 37.75 -106.75
      vertex 37.4 37.75 -106.75
    endloop
  endfacet
  facet normal 0 1 0
    outer loop
      vertex 33.8 37.75 -106.75
      vertex 37.4 37.75 -107.25
      vertex 33.8 37.75 -107.25
    endloop
  endfacet
  facet normal 0 1 -0
    outer loop
      vertex 37.4 37.75 -123.25
      vertex 33.8 37.75 -122.75
      vertex 37.4 37.75 -122.75
    endloop
  endfacet
  facet normal 0 1 0
    outer loop
      vertex 33.8 37.75 -122.75
      vertex 37.4 37.75 -123.25
      vertex 33.8 37.75 -123.25
    endloop
  endfacet
  facet normal 0 1 -0
    outer loop
      vertex 37.4 37.75 -95.25
      vertex 33.8 37.75 -94.75
      vertex 37.4 37.75 -94.75
    endloop
  endfacet
  facet normal 0 1 0
    outer loop
      vertex 33.8 37.75 -94.75
      vertex 37.4 37.75 -95.25
      vertex 33.8 37.75 -95.25
    endloop
  endfacet
  facet normal 0 1 -0
    outer loop
      vertex 37.4 37.75 -110.25
      vertex 33.8 37.75 -109.75
      vertex 37.4 37.75 -109.75
    endloop
  endfacet
  facet normal 0 1 0
    outer loop
      vertex 33.8 37.75 -109.75
      vertex 37.4 37.75 -110.25
      vertex 33.8 37.75 -110.25
    endloop
  endfacet
  facet normal 0 1 -0
    outer loop
      vertex 37.4 37.75 -111.25
      vertex 33.8 37.75 -110.75
      vertex 37.4 37.75 -110.75
    endloop
  endfacet
  facet normal 0 1 0
    outer loop
      vertex 33.8 37.75 -110.75
      vertex 37.4 37.75 -111.25
      vertex 33.8 37.75 -111.25
    endloop
  endfacet
  facet normal 0 1 -0
    outer loop
      vertex 37.4 37.75 -87.25
      vertex 33.8 37.75 -86.75
      vertex 37.4 37.75 -86.75
    endloop
  endfacet
  facet normal 0 1 0
    outer loop
      vertex 33.8 37.75 -86.75
      vertex 37.4 37.75 -87.25
      vertex 33.8 37.75 -87.25
    endloop
  endfacet
  facet normal 0 1 -0
    outer loop
      vertex 37.4 37.75 -112.25
      vertex 33.8 37.75 -111.75
      vertex 37.4 37.75 -111.75
    endloop
  endfacet
  facet normal 0 1 0
    outer loop
      vertex 33.8 37.75 -111.75
      vertex 37.4 37.75 -112.25
      vertex 33.8 37.75 -112.25
    endloop
  endfacet
  facet normal 0 1 -0
    outer loop
      vertex 37.4 37.75 -113.25
      vertex 33.8 37.75 -112.75
      vertex 37.4 37.75 -112.75
    endloop
  endfacet
  facet normal 0 1 0
    outer loop
      vertex 33.8 37.75 -112.75
      vertex 37.4 37.75 -113.25
      vertex 33.8 37.75 -113.25
    endloop
  endfacet
  facet normal 0 1 -0
    outer loop
      vertex 37.4 37.75 -88.25
      vertex 33.8 37.75 -87.75
      vertex 37.4 37.75 -87.75
    endloop
  endfacet
  facet normal 0 1 0
    outer loop
      vertex 33.8 37.75 -87.75
      vertex 37.4 37.75 -88.25
      vertex 33.8 37.75 -88.25
    endloop
  endfacet
  facet normal 0 1 -0
    outer loop
      vertex 37.4 37.75 -89.25
      vertex 33.8 37.75 -88.75
      vertex 37.4 37.75 -88.75
    endloop
  endfacet
  facet normal 0 1 0
    outer loop
      vertex 33.8 37.75 -88.75
      vertex 37.4 37.75 -89.25
      vertex 33.8 37.75 -89.25
    endloop
  endfacet
  facet normal 0 1 -0
    outer loop
      vertex 37.4 37.75 -90.25
      vertex 33.8 37.75 -89.75
      vertex 37.4 37.75 -89.75
    endloop
  endfacet
  facet normal 0 1 0
    outer loop
      vertex 33.8 37.75 -89.75
      vertex 37.4 37.75 -90.25
      vertex 33.8 37.75 -90.25
    endloop
  endfacet
  facet normal 0 1 -0
    outer loop
      vertex 37.4 37.75 -103.25
      vertex 33.8 37.75 -102.75
      vertex 37.4 37.75 -102.75
    endloop
  endfacet
  facet normal 0 1 0
    outer loop
      vertex 33.8 37.75 -102.75
      vertex 37.4 37.75 -103.25
      vertex 33.8 37.75 -103.25
    endloop
  endfacet
  facet normal 0 1 -0
    outer loop
      vertex 37.4 37.75 -93.25
      vertex 33.8 37.75 -92.75
      vertex 37.4 37.75 -92.75
    endloop
  endfacet
  facet normal 0 1 0
    outer loop
      vertex 33.8 37.75 -92.75
      vertex 37.4 37.75 -93.25
      vertex 33.8 37.75 -93.25
    endloop
  endfacet
  facet normal 0 1 -0
    outer loop
      vertex 37.4 37.75 -94.25
      vertex 33.8 37.75 -93.75
      vertex 37.4 37.75 -93.75
    endloop
  endfacet
  facet normal 0 1 0
    outer loop
      vertex 33.8 37.75 -93.75
      vertex 37.4 37.75 -94.25
      vertex 33.8 37.75 -94.25
    endloop
  endfacet
  facet normal 0 1 -0
    outer loop
      vertex 37.4 37.75 -117.25
      vertex 33.8 37.75 -116.75
      vertex 37.4 37.75 -116.75
    endloop
  endfacet
  facet normal 0 1 0
    outer loop
      vertex 33.8 37.75 -116.75
      vertex 37.4 37.75 -117.25
      vertex 33.8 37.75 -117.25
    endloop
  endfacet
  facet normal 0 1 -0
    outer loop
      vertex 37.4 37.75 -100.25
      vertex 33.8 37.75 -99.75
      vertex 37.4 37.75 -99.75
    endloop
  endfacet
  facet normal 0 1 0
    outer loop
      vertex 33.8 37.75 -99.75
      vertex 37.4 37.75 -100.25
      vertex 33.8 37.75 -100.25
    endloop
  endfacet
  facet normal 0 1 -0
    outer loop
      vertex 37.4 37.75 -120.25
      vertex 33.8 37.75 -119.75
      vertex 37.4 37.75 -119.75
    endloop
  endfacet
  facet normal 0 1 0
    outer loop
      vertex 33.8 37.75 -119.75
      vertex 37.4 37.75 -120.25
      vertex 33.8 37.75 -120.25
    endloop
  endfacet
  facet normal 0 1 -0
    outer loop
      vertex 37.4 37.75 -91.25
      vertex 33.8 37.75 -90.75
      vertex 37.4 37.75 -90.75
    endloop
  endfacet
  facet normal 0 1 0
    outer loop
      vertex 33.8 37.75 -90.75
      vertex 37.4 37.75 -91.25
      vertex 33.8 37.75 -91.25
    endloop
  endfacet
  facet normal 0 1 -0
    outer loop
      vertex 37.4 37.75 -92.25
      vertex 33.8 37.75 -91.75
      vertex 37.4 37.75 -91.75
    endloop
  endfacet
  facet normal 0 1 0
    outer loop
      vertex 33.8 37.75 -91.75
      vertex 37.4 37.75 -92.25
      vertex 33.8 37.75 -92.25
    endloop
  endfacet
  facet normal 0 1 -0
    outer loop
      vertex 37.4 37.75 -116.25
      vertex 33.8 37.75 -115.75
      vertex 37.4 37.75 -115.75
    endloop
  endfacet
  facet normal 0 1 0
    outer loop
      vertex 33.8 37.75 -115.75
      vertex 37.4 37.75 -116.25
      vertex 33.8 37.75 -116.25
    endloop
  endfacet
  facet normal 0 1 -0
    outer loop
      vertex 37.4 37.75 -104.25
      vertex 33.8 37.75 -103.75
      vertex 37.4 37.75 -103.75
    endloop
  endfacet
  facet normal 0 1 0
    outer loop
      vertex 33.8 37.75 -103.75
      vertex 37.4 37.75 -104.25
      vertex 33.8 37.75 -104.25
    endloop
  endfacet
  facet normal 0 1 -0
    outer loop
      vertex 37.4 37.75 -105.25
      vertex 33.8 37.75 -104.75
      vertex 37.4 37.75 -104.75
    endloop
  endfacet
  facet normal 0 1 0
    outer loop
      vertex 33.8 37.75 -104.75
      vertex 37.4 37.75 -105.25
      vertex 33.8 37.75 -105.25
    endloop
  endfacet
  facet normal -0 0 1
    outer loop
      vertex 33.8 40 -124.25
      vertex 37.4 37.75 -124.25
      vertex 37.4 40 -124.25
    endloop
  endfacet
  facet normal 0 0 1
    outer loop
      vertex 37.4 37.75 -124.25
      vertex 33.8 40 -124.25
      vertex 33.8 37.75 -124.25
    endloop
  endfacet
  facet normal 0 0 -1
    outer loop
      vertex 33.8 37.75 -124.75
      vertex 37.4 40 -124.75
      vertex 37.4 37.75 -124.75
    endloop
  endfacet
  facet normal -0 0 -1
    outer loop
      vertex 37.4 40 -124.75
      vertex 33.8 37.75 -124.75
      vertex 33.8 40 -124.75
    endloop
  endfacet
  facet normal 0 1 -0
    outer loop
      vertex 37.4 40 -124.75
      vertex 33.8 40 -124.25
      vertex 37.4 40 -124.25
    endloop
  endfacet
  facet normal 0 1 0
    outer loop
      vertex 33.8 40 -124.25
      vertex 37.4 40 -124.75
      vertex 33.8 40 -124.75
    endloop
  endfacet
  facet normal -0 0 1
    outer loop
      vertex 33.8 40 -123.25
      vertex 37.4 37.75 -123.25
      vertex 37.4 40 -123.25
    endloop
  endfacet
  facet normal 0 0 1
    outer loop
      vertex 37.4 37.75 -123.25
      vertex 33.8 40 -123.25
      vertex 33.8 37.75 -123.25
    endloop
  endfacet
  facet normal 0 0 -1
    outer loop
      vertex 33.8 37.75 -123.75
      vertex 37.4 40 -123.75
      vertex 37.4 37.75 -123.75
    endloop
  endfacet
  facet normal -0 0 -1
    outer loop
      vertex 37.4 40 -123.75
      vertex 33.8 37.75 -123.75
      vertex 33.8 40 -123.75
    endloop
  endfacet
  facet normal 0 1 -0
    outer loop
      vertex 37.4 40 -123.75
      vertex 33.8 40 -123.25
      vertex 37.4 40 -123.25
    endloop
  endfacet
  facet normal 0 1 0
    outer loop
      vertex 33.8 40 -123.25
      vertex 37.4 40 -123.75
      vertex 33.8 40 -123.75
    endloop
  endfacet
  facet normal -0 0 1
    outer loop
      vertex 33.8 40 -122.25
      vertex 37.4 37.75 -122.25
      vertex 37.4 40 -122.25
    endloop
  endfacet
  facet normal 0 0 1
    outer loop
      vertex 37.4 37.75 -122.25
      vertex 33.8 40 -122.25
      vertex 33.8 37.75 -122.25
    endloop
  endfacet
  facet normal 0 0 -1
    outer loop
      vertex 33.8 37.75 -122.75
      vertex 37.4 40 -122.75
      vertex 37.4 37.75 -122.75
    endloop
  endfacet
  facet normal -0 0 -1
    outer loop
      vertex 37.4 40 -122.75
      vertex 33.8 37.75 -122.75
      vertex 33.8 40 -122.75
    endloop
  endfacet
  facet normal 0 1 -0
    outer loop
      vertex 37.4 40 -122.75
      vertex 33.8 40 -122.25
      vertex 37.4 40 -122.25
    endloop
  endfacet
  facet normal 0 1 0
    outer loop
      vertex 33.8 40 -122.25
      vertex 37.4 40 -122.75
      vertex 33.8 40 -122.75
    endloop
  endfacet
  facet normal -0 0 1
    outer loop
      vertex 33.8 40 -121.25
      vertex 37.4 37.75 -121.25
      vertex 37.4 40 -121.25
    endloop
  endfacet
  facet normal 0 0 1
    outer loop
      vertex 37.4 37.75 -121.25
      vertex 33.8 40 -121.25
      vertex 33.8 37.75 -121.25
    endloop
  endfacet
  facet normal 0 0 -1
    outer loop
      vertex 33.8 37.75 -121.75
      vertex 37.4 40 -121.75
      vertex 37.4 37.75 -121.75
    endloop
  endfacet
  facet normal -0 0 -1
    outer loop
      vertex 37.4 40 -121.75
      vertex 33.8 37.75 -121.75
      vertex 33.8 40 -121.75
    endloop
  endfacet
  facet normal 0 1 -0
    outer loop
      vertex 37.4 40 -121.75
      vertex 33.8 40 -121.25
      vertex 37.4 40 -121.25
    endloop
  endfacet
  facet normal 0 1 0
    outer loop
      vertex 33.8 40 -121.25
      vertex 37.4 40 -121.75
      vertex 33.8 40 -121.75
    endloop
  endfacet
  facet normal -0 0 1
    outer loop
      vertex 33.8 40 -120.25
      vertex 37.4 37.75 -120.25
      vertex 37.4 40 -120.25
    endloop
  endfacet
  facet normal 0 0 1
    outer loop
      vertex 37.4 37.75 -120.25
      vertex 33.8 40 -120.25
      vertex 33.8 37.75 -120.25
    endloop
  endfacet
  facet normal 0 0 -1
    outer loop
      vertex 33.8 37.75 -120.75
      vertex 37.4 40 -120.75
      vertex 37.4 37.75 -120.75
    endloop
  endfacet
  facet normal -0 0 -1
    outer loop
      vertex 37.4 40 -120.75
      vertex 33.8 37.75 -120.75
      vertex 33.8 40 -120.75
    endloop
  endfacet
  facet normal 0 1 -0
    outer loop
      vertex 37.4 40 -120.75
      vertex 33.8 40 -120.25
      vertex 37.4 40 -120.25
    endloop
  endfacet
  facet normal 0 1 0
    outer loop
      vertex 33.8 40 -120.25
      vertex 37.4 40 -120.75
      vertex 33.8 40 -120.75
    endloop
  endfacet
  facet normal -0 0 1
    outer loop
      vertex 33.8 40 -119.25
      vertex 37.4 37.75 -119.25
      vertex 37.4 40 -119.25
    endloop
  endfacet
  facet normal 0 0 1
    outer loop
      vertex 37.4 37.75 -119.25
      vertex 33.8 40 -119.25
      vertex 33.8 37.75 -119.25
    endloop
  endfacet
  facet normal 0 0 -1
    outer loop
      vertex 33.8 37.75 -119.75
      vertex 37.4 40 -119.75
      vertex 37.4 37.75 -119.75
    endloop
  endfacet
  facet normal -0 0 -1
    outer loop
      vertex 37.4 40 -119.75
      vertex 33.8 37.75 -119.75
      vertex 33.8 40 -119.75
    endloop
  endfacet
  facet normal 0 1 -0
    outer loop
      vertex 37.4 40 -119.75
      vertex 33.8 40 -119.25
      vertex 37.4 40 -119.25
    endloop
  endfacet
  facet normal 0 1 0
    outer loop
      vertex 33.8 40 -119.25
      vertex 37.4 40 -119.75
      vertex 33.8 40 -119.75
    endloop
  endfacet
  facet normal -0 0 1
    outer loop
      vertex 33.8 40 -118.25
      vertex 37.4 37.75 -118.25
      vertex 37.4 40 -118.25
    endloop
  endfacet
  facet normal 0 0 1
    outer loop
      vertex 37.4 37.75 -118.25
      vertex 33.8 40 -118.25
      vertex 33.8 37.75 -118.25
    endloop
  endfacet
  facet normal 0 0 -1
    outer loop
      vertex 33.8 37.75 -118.75
      vertex 37.4 40 -118.75
      vertex 37.4 37.75 -118.75
    endloop
  endfacet
  facet normal -0 0 -1
    outer loop
      vertex 37.4 40 -118.75
      vertex 33.8 37.75 -118.75
      vertex 33.8 40 -118.75
    endloop
  endfacet
  facet normal 0 1 -0
    outer loop
      vertex 37.4 40 -118.75
      vertex 33.8 40 -118.25
      vertex 37.4 40 -118.25
    endloop
  endfacet
  facet normal 0 1 0
    outer loop
      vertex 33.8 40 -118.25
      vertex 37.4 40 -118.75
      vertex 33.8 40 -118.75
    endloop
  endfacet
  facet normal -0 0 1
    outer loop
      vertex 33.8 40 -117.25
      vertex 37.4 37.75 -117.25
      vertex 37.4 40 -117.25
    endloop
  endfacet
  facet normal 0 0 1
    outer loop
      vertex 37.4 37.75 -117.25
      vertex 33.8 40 -117.25
      vertex 33.8 37.75 -117.25
    endloop
  endfacet
  facet normal 0 0 -1
    outer loop
      vertex 33.8 37.75 -117.75
      vertex 37.4 40 -117.75
      vertex 37.4 37.75 -117.75
    endloop
  endfacet
  facet normal -0 0 -1
    outer loop
      vertex 37.4 40 -117.75
      vertex 33.8 37.75 -117.75
      vertex 33.8 40 -117.75
    endloop
  endfacet
  facet normal 0 1 -0
    outer loop
      vertex 37.4 40 -117.75
      vertex 33.8 40 -117.25
      vertex 37.4 40 -117.25
    endloop
  endfacet
  facet normal 0 1 0
    outer loop
      vertex 33.8 40 -117.25
      vertex 37.4 40 -117.75
      vertex 33.8 40 -117.75
    endloop
  endfacet
  facet normal -0 0 1
    outer loop
      vertex 33.8 40 -116.25
      vertex 37.4 37.75 -116.25
      vertex 37.4 40 -116.25
    endloop
  endfacet
  facet normal 0 0 1
    outer loop
      vertex 37.4 37.75 -116.25
      vertex 33.8 40 -116.25
      vertex 33.8 37.75 -116.25
    endloop
  endfacet
  facet normal 0 0 -1
    outer loop
      vertex 33.8 37.75 -116.75
      vertex 37.4 40 -116.75
      vertex 37.4 37.75 -116.75
    endloop
  endfacet
  facet normal -0 0 -1
    outer loop
      vertex 37.4 40 -116.75
      vertex 33.8 37.75 -116.75
      vertex 33.8 40 -116.75
    endloop
  endfacet
  facet normal 0 1 -0
    outer loop
      vertex 37.4 40 -116.75
      vertex 33.8 40 -116.25
      vertex 37.4 40 -116.25
    endloop
  endfacet
  facet normal 0 1 0
    outer loop
      vertex 33.8 40 -116.25
      vertex 37.4 40 -116.75
      vertex 33.8 40 -116.75
    endloop
  endfacet
  facet normal -0 0 1
    outer loop
      vertex 33.8 40 -115.25
      vertex 37.4 37.75 -115.25
      vertex 37.4 40 -115.25
    endloop
  endfacet
  facet normal 0 0 1
    outer loop
      vertex 37.4 37.75 -115.25
      vertex 33.8 40 -115.25
      vertex 33.8 37.75 -115.25
    endloop
  endfacet
  facet normal 0 0 -1
    outer loop
      vertex 33.8 37.75 -115.75
      vertex 37.4 40 -115.75
      vertex 37.4 37.75 -115.75
    endloop
  endfacet
  facet normal -0 0 -1
    outer loop
      vertex 37.4 40 -115.75
      vertex 33.8 37.75 -115.75
      vertex 33.8 40 -115.75
    endloop
  endfacet
  facet normal 0 1 -0
    outer loop
      vertex 37.4 40 -115.75
      vertex 33.8 40 -115.25
      vertex 37.4 40 -115.25
    endloop
  endfacet
  facet normal 0 1 0
    outer loop
      vertex 33.8 40 -115.25
      vertex 37.4 40 -115.75
      vertex 33.8 40 -115.75
    endloop
  endfacet
  facet normal -0 0 1
    outer loop
      vertex 33.8 40 -114.25
      vertex 37.4 37.75 -114.25
      vertex 37.4 40 -114.25
    endloop
  endfacet
  facet normal 0 0 1
    outer loop
      vertex 37.4 37.75 -114.25
      vertex 33.8 40 -114.25
      vertex 33.8 37.75 -114.25
    endloop
  endfacet
  facet normal 0 0 -1
    outer loop
      vertex 33.8 37.75 -114.75
      vertex 37.4 40 -114.75
      vertex 37.4 37.75 -114.75
    endloop
  endfacet
  facet normal -0 0 -1
    outer loop
      vertex 37.4 40 -114.75
      vertex 33.8 37.75 -114.75
      vertex 33.8 40 -114.75
    endloop
  endfacet
  facet normal 0 1 -0
    outer loop
      vertex 37.4 40 -114.75
      vertex 33.8 40 -114.25
      vertex 37.4 40 -114.25
    endloop
  endfacet
  facet normal 0 1 0
    outer loop
      vertex 33.8 40 -114.25
      vertex 37.4 40 -114.75
      vertex 33.8 40 -114.75
    endloop
  endfacet
  facet normal -0 0 1
    outer loop
      vertex 33.8 40 -113.25
      vertex 37.4 37.75 -113.25
      vertex 37.4 40 -113.25
    endloop
  endfacet
  facet normal 0 0 1
    outer loop
      vertex 37.4 37.75 -113.25
      vertex 33.8 40 -113.25
      vertex 33.8 37.75 -113.25
    endloop
  endfacet
  facet normal 0 0 -1
    outer loop
      vertex 33.8 37.75 -113.75
      vertex 37.4 40 -113.75
      vertex 37.4 37.75 -113.75
    endloop
  endfacet
  facet normal -0 0 -1
    outer loop
      vertex 37.4 40 -113.75
      vertex 33.8 37.75 -113.75
      vertex 33.8 40 -113.75
    endloop
  endfacet
  facet normal 0 1 -0
    outer loop
      vertex 37.4 40 -113.75
      vertex 33.8 40 -113.25
      vertex 37.4 40 -113.25
    endloop
  endfacet
  facet normal 0 1 0
    outer loop
      vertex 33.8 40 -113.25
      vertex 37.4 40 -113.75
      vertex 33.8 40 -113.75
    endloop
  endfacet
  facet normal -0 0 1
    outer loop
      vertex 33.8 40 -112.25
      vertex 37.4 37.75 -112.25
      vertex 37.4 40 -112.25
    endloop
  endfacet
  facet normal 0 0 1
    outer loop
      vertex 37.4 37.75 -112.25
      vertex 33.8 40 -112.25
      vertex 33.8 37.75 -112.25
    endloop
  endfacet
  facet normal 0 0 -1
    outer loop
      vertex 33.8 37.75 -112.75
      vertex 37.4 40 -112.75
      vertex 37.4 37.75 -112.75
    endloop
  endfacet
  facet normal -0 0 -1
    outer loop
      vertex 37.4 40 -112.75
      vertex 33.8 37.75 -112.75
      vertex 33.8 40 -112.75
    endloop
  endfacet
  facet normal 0 1 -0
    outer loop
      vertex 37.4 40 -112.75
      vertex 33.8 40 -112.25
      vertex 37.4 40 -112.25
    endloop
  endfacet
  facet normal 0 1 0
    outer loop
      vertex 33.8 40 -112.25
      vertex 37.4 40 -112.75
      vertex 33.8 40 -112.75
    endloop
  endfacet
  facet normal -0 0 1
    outer loop
      vertex 33.8 40 -111.25
      vertex 37.4 37.75 -111.25
      vertex 37.4 40 -111.25
    endloop
  endfacet
  facet normal 0 0 1
    outer loop
      vertex 37.4 37.75 -111.25
      vertex 33.8 40 -111.25
      vertex 33.8 37.75 -111.25
    endloop
  endfacet
  facet normal 0 0 -1
    outer loop
      vertex 33.8 37.75 -111.75
      vertex 37.4 40 -111.75
      vertex 37.4 37.75 -111.75
    endloop
  endfacet
  facet normal -0 0 -1
    outer loop
      vertex 37.4 40 -111.75
      vertex 33.8 37.75 -111.75
      vertex 33.8 40 -111.75
    endloop
  endfacet
  facet normal 0 1 -0
    outer loop
      vertex 37.4 40 -111.75
      vertex 33.8 40 -111.25
      vertex 37.4 40 -111.25
    endloop
  endfacet
  facet normal 0 1 0
    outer loop
      vertex 33.8 40 -111.25
      vertex 37.4 40 -111.75
      vertex 33.8 40 -111.75
    endloop
  endfacet
  facet normal -0 0 1
    outer loop
      vertex 33.8 40 -110.25
      vertex 37.4 37.75 -110.25
      vertex 37.4 40 -110.25
    endloop
  endfacet
  facet normal 0 0 1
    outer loop
      vertex 37.4 37.75 -110.25
      vertex 33.8 40 -110.25
      vertex 33.8 37.75 -110.25
    endloop
  endfacet
  facet normal 0 0 -1
    outer loop
      vertex 33.8 37.75 -110.75
      vertex 37.4 40 -110.75
      vertex 37.4 37.75 -110.75
    endloop
  endfacet
  facet normal -0 0 -1
    outer loop
      vertex 37.4 40 -110.75
      vertex 33.8 37.75 -110.75
      vertex 33.8 40 -110.75
    endloop
  endfacet
  facet normal 0 1 -0
    outer loop
      vertex 37.4 40 -110.75
      vertex 33.8 40 -110.25
      vertex 37.4 40 -110.25
    endloop
  endfacet
  facet normal 0 1 0
    outer loop
      vertex 33.8 40 -110.25
      vertex 37.4 40 -110.75
      vertex 33.8 40 -110.75
    endloop
  endfacet
  facet normal -0 0 1
    outer loop
      vertex 33.8 40 -109.25
      vertex 37.4 37.75 -109.25
      vertex 37.4 40 -109.25
    endloop
  endfacet
  facet normal 0 0 1
    outer loop
      vertex 37.4 37.75 -109.25
      vertex 33.8 40 -109.25
      vertex 33.8 37.75 -109.25
    endloop
  endfacet
  facet normal 0 0 -1
    outer loop
      vertex 33.8 37.75 -109.75
      vertex 37.4 40 -109.75
      vertex 37.4 37.75 -109.75
    endloop
  endfacet
  facet normal -0 0 -1
    outer loop
      vertex 37.4 40 -109.75
      vertex 33.8 37.75 -109.75
      vertex 33.8 40 -109.75
    endloop
  endfacet
  facet normal 0 1 -0
    outer loop
      vertex 37.4 40 -109.75
      vertex 33.8 40 -109.25
      vertex 37.4 40 -109.25
    endloop
  endfacet
  facet normal 0 1 0
    outer loop
      vertex 33.8 40 -109.25
      vertex 37.4 40 -109.75
      vertex 33.8 40 -109.75
    endloop
  endfacet
  facet normal -0 0 1
    outer loop
      vertex 33.8 40 -108.25
      vertex 37.4 37.75 -108.25
      vertex 37.4 40 -108.25
    endloop
  endfacet
  facet normal 0 0 1
    outer loop
      vertex 37.4 37.75 -108.25
      vertex 33.8 40 -108.25
      vertex 33.8 37.75 -108.25
    endloop
  endfacet
  facet normal 0 0 -1
    outer loop
      vertex 33.8 37.75 -108.75
      vertex 37.4 40 -108.75
      vertex 37.4 37.75 -108.75
    endloop
  endfacet
  facet normal -0 0 -1
    outer loop
      vertex 37.4 40 -108.75
      vertex 33.8 37.75 -108.75
      vertex 33.8 40 -108.75
    endloop
  endfacet
  facet normal 0 1 -0
    outer loop
      vertex 37.4 40 -108.75
      vertex 33.8 40 -108.25
      vertex 37.4 40 -108.25
    endloop
  endfacet
  facet normal 0 1 0
    outer loop
      vertex 33.8 40 -108.25
      vertex 37.4 40 -108.75
      vertex 33.8 40 -108.75
    endloop
  endfacet
  facet normal -0 0 1
    outer loop
      vertex 33.8 40 -107.25
      vertex 37.4 37.75 -107.25
      vertex 37.4 40 -107.25
    endloop
  endfacet
  facet normal 0 0 1
    outer loop
      vertex 37.4 37.75 -107.25
      vertex 33.8 40 -107.25
      vertex 33.8 37.75 -107.25
    endloop
  endfacet
  facet normal 0 0 -1
    outer loop
      vertex 33.8 37.75 -107.75
      vertex 37.4 40 -107.75
      vertex 37.4 37.75 -107.75
    endloop
  endfacet
  facet normal -0 0 -1
    outer loop
      vertex 37.4 40 -107.75
      vertex 33.8 37.75 -107.75
      vertex 33.8 40 -107.75
    endloop
  endfacet
  facet normal 0 1 -0
    outer loop
      vertex 37.4 40 -107.75
      vertex 33.8 40 -107.25
      vertex 37.4 40 -107.25
    endloop
  endfacet
  facet normal 0 1 0
    outer loop
      vertex 33.8 40 -107.25
      vertex 37.4 40 -107.75
      vertex 33.8 40 -107.75
    endloop
  endfacet
  facet normal -0 0 1
    outer loop
      vertex 33.8 40 -106.25
      vertex 37.4 37.75 -106.25
      vertex 37.4 40 -106.25
    endloop
  endfacet
  facet normal 0 0 1
    outer loop
      vertex 37.4 37.75 -106.25
      vertex 33.8 40 -106.25
      vertex 33.8 37.75 -106.25
    endloop
  endfacet
  facet normal 0 0 -1
    outer loop
      vertex 33.8 37.75 -106.75
      vertex 37.4 40 -106.75
      vertex 37.4 37.75 -106.75
    endloop
  endfacet
  facet normal -0 0 -1
    outer loop
      vertex 37.4 40 -106.75
      vertex 33.8 37.75 -106.75
      vertex 33.8 40 -106.75
    endloop
  endfacet
  facet normal 0 1 -0
    outer loop
      vertex 37.4 40 -106.75
      vertex 33.8 40 -106.25
      vertex 37.4 40 -106.25
    endloop
  endfacet
  facet normal 0 1 0
    outer loop
      vertex 33.8 40 -106.25
      vertex 37.4 40 -106.75
      vertex 33.8 40 -106.75
    endloop
  endfacet
  facet normal -0 0 1
    outer loop
      vertex 33.8 40 -105.25
      vertex 37.4 37.75 -105.25
      vertex 37.4 40 -105.25
    endloop
  endfacet
  facet normal 0 0 1
    outer loop
      vertex 37.4 37.75 -105.25
      vertex 33.8 40 -105.25
      vertex 33.8 37.75 -105.25
    endloop
  endfacet
  facet normal 0 0 -1
    outer loop
      vertex 33.8 37.75 -105.75
      vertex 37.4 40 -105.75
      vertex 37.4 37.75 -105.75
    endloop
  endfacet
  facet normal -0 0 -1
    outer loop
      vertex 37.4 40 -105.75
      vertex 33.8 37.75 -105.75
      vertex 33.8 40 -105.75
    endloop
  endfacet
  facet normal 0 1 -0
    outer loop
      vertex 37.4 40 -105.75
      vertex 33.8 40 -105.25
      vertex 37.4 40 -105.25
    endloop
  endfacet
  facet normal 0 1 0
    outer loop
      vertex 33.8 40 -105.25
      vertex 37.4 40 -105.75
      vertex 33.8 40 -105.75
    endloop
  endfacet
  facet normal -0 0 1
    outer loop
      vertex 33.8 40 -104.25
      vertex 37.4 37.75 -104.25
      vertex 37.4 40 -104.25
    endloop
  endfacet
  facet normal 0 0 1
    outer loop
      vertex 37.4 37.75 -104.25
      vertex 33.8 40 -104.25
      vertex 33.8 37.75 -104.25
    endloop
  endfacet
  facet normal 0 0 -1
    outer loop
      vertex 33.8 37.75 -104.75
      vertex 37.4 40 -104.75
      vertex 37.4 37.75 -104.75
    endloop
  endfacet
  facet normal -0 0 -1
    outer loop
      vertex 37.4 40 -104.75
      vertex 33.8 37.75 -104.75
      vertex 33.8 40 -104.75
    endloop
  endfacet
  facet normal 0 1 -0
    outer loop
      vertex 37.4 40 -104.75
      vertex 33.8 40 -104.25
      vertex 37.4 40 -104.25
    endloop
  endfacet
  facet normal 0 1 0
    outer loop
      vertex 33.8 40 -104.25
      vertex 37.4 40 -104.75
      vertex 33.8 40 -104.75
    endloop
  endfacet
  facet normal -0 0 1
    outer loop
      vertex 33.8 40 -103.25
      vertex 37.4 37.75 -103.25
      vertex 37.4 40 -103.25
    endloop
  endfacet
  facet normal 0 0 1
    outer loop
      vertex 37.4 37.75 -103.25
      vertex 33.8 40 -103.25
      vertex 33.8 37.75 -103.25
    endloop
  endfacet
  facet normal 0 0 -1
    outer loop
      vertex 33.8 37.75 -103.75
      vertex 37.4 40 -103.75
      vertex 37.4 37.75 -103.75
    endloop
  endfacet
  facet normal -0 0 -1
    outer loop
      vertex 37.4 40 -103.75
      vertex 33.8 37.75 -103.75
      vertex 33.8 40 -103.75
    endloop
  endfacet
  facet normal 0 1 -0
    outer loop
      vertex 37.4 40 -103.75
      vertex 33.8 40 -103.25
      vertex 37.4 40 -103.25
    endloop
  endfacet
  facet normal 0 1 0
    outer loop
      vertex 33.8 40 -103.25
      vertex 37.4 40 -103.75
      vertex 33.8 40 -103.75
    endloop
  endfacet
  facet normal -0 0 1
    outer loop
      vertex 33.8 40 -102.25
      vertex 37.4 37.75 -102.25
      vertex 37.4 40 -102.25
    endloop
  endfacet
  facet normal 0 0 1
    outer loop
      vertex 37.4 37.75 -102.25
      vertex 33.8 40 -102.25
      vertex 33.8 37.75 -102.25
    endloop
  endfacet
  facet normal 0 0 -1
    outer loop
      vertex 33.8 37.75 -102.75
      vertex 37.4 40 -102.75
      vertex 37.4 37.75 -102.75
    endloop
  endfacet
  facet normal -0 0 -1
    outer loop
      vertex 37.4 40 -102.75
      vertex 33.8 37.75 -102.75
      vertex 33.8 40 -102.75
    endloop
  endfacet
  facet normal 0 1 -0
    outer loop
      vertex 37.4 40 -102.75
      vertex 33.8 40 -102.25
      vertex 37.4 40 -102.25
    endloop
  endfacet
  facet normal 0 1 0
    outer loop
      vertex 33.8 40 -102.25
      vertex 37.4 40 -102.75
      vertex 33.8 40 -102.75
    endloop
  endfacet
  facet normal -0 0 1
    outer loop
      vertex 33.8 40 -101.25
      vertex 37.4 37.75 -101.25
      vertex 37.4 40 -101.25
    endloop
  endfacet
  facet normal 0 0 1
    outer loop
      vertex 37.4 37.75 -101.25
      vertex 33.8 40 -101.25
      vertex 33.8 37.75 -101.25
    endloop
  endfacet
  facet normal 0 0 -1
    outer loop
      vertex 33.8 37.75 -101.75
      vertex 37.4 40 -101.75
      vertex 37.4 37.75 -101.75
    endloop
  endfacet
  facet normal -0 0 -1
    outer loop
      vertex 37.4 40 -101.75
      vertex 33.8 37.75 -101.75
      vertex 33.8 40 -101.75
    endloop
  endfacet
  facet normal 0 1 -0
    outer loop
      vertex 37.4 40 -101.75
      vertex 33.8 40 -101.25
      vertex 37.4 40 -101.25
    endloop
  endfacet
  facet normal 0 1 0
    outer loop
      vertex 33.8 40 -101.25
      vertex 37.4 40 -101.75
      vertex 33.8 40 -101.75
    endloop
  endfacet
  facet normal -0 0 1
    outer loop
      vertex 33.8 40 -100.25
      vertex 37.4 37.75 -100.25
      vertex 37.4 40 -100.25
    endloop
  endfacet
  facet normal 0 0 1
    outer loop
      vertex 37.4 37.75 -100.25
      vertex 33.8 40 -100.25
      vertex 33.8 37.75 -100.25
    endloop
  endfacet
  facet normal 0 0 -1
    outer loop
      vertex 33.8 37.75 -100.75
      vertex 37.4 40 -100.75
      vertex 37.4 37.75 -100.75
    endloop
  endfacet
  facet normal -0 0 -1
    outer loop
      vertex 37.4 40 -100.75
      vertex 33.8 37.75 -100.75
      vertex 33.8 40 -100.75
    endloop
  endfacet
  facet normal 0 1 -0
    outer loop
      vertex 37.4 40 -100.75
      vertex 33.8 40 -100.25
      vertex 37.4 40 -100.25
    endloop
  endfacet
  facet normal 0 1 0
    outer loop
      vertex 33.8 40 -100.25
      vertex 37.4 40 -100.75
      vertex 33.8 40 -100.75
    endloop
  endfacet
  facet normal -0 0 1
    outer loop
      vertex 33.8 40 -99.25
      vertex 37.4 37.75 -99.25
      vertex 37.4 40 -99.25
    endloop
  endfacet
  facet normal 0 0 1
    outer loop
      vertex 37.4 37.75 -99.25
      vertex 33.8 40 -99.25
      vertex 33.8 37.75 -99.25
    endloop
  endfacet
  facet normal 0 0 -1
    outer loop
      vertex 33.8 37.75 -99.75
      vertex 37.4 40 -99.75
      vertex 37.4 37.75 -99.75
    endloop
  endfacet
  facet normal -0 0 -1
    outer loop
      vertex 37.4 40 -99.75
      vertex 33.8 37.75 -99.75
      vertex 33.8 40 -99.75
    endloop
  endfacet
  facet normal 0 1 -0
    outer loop
      vertex 37.4 40 -99.75
      vertex 33.8 40 -99.25
      vertex 37.4 40 -99.25
    endloop
  endfacet
  facet normal 0 1 0
    outer loop
      vertex 33.8 40 -99.25
      vertex 37.4 40 -99.75
      vertex 33.8 40 -99.75
    endloop
  endfacet
  facet normal -0 0 1
    outer loop
      vertex 33.8 40 -98.25
      vertex 37.4 37.75 -98.25
      vertex 37.4 40 -98.25
    endloop
  endfacet
  facet normal 0 0 1
    outer loop
      vertex 37.4 37.75 -98.25
      vertex 33.8 40 -98.25
      vertex 33.8 37.75 -98.25
    endloop
  endfacet
  facet normal 0 0 -1
    outer loop
      vertex 33.8 37.75 -98.75
      vertex 37.4 40 -98.75
      vertex 37.4 37.75 -98.75
    endloop
  endfacet
  facet normal -0 0 -1
    outer loop
      vertex 37.4 40 -98.75
      vertex 33.8 37.75 -98.75
      vertex 33.8 40 -98.75
    endloop
  endfacet
  facet normal 0 1 -0
    outer loop
      vertex 37.4 40 -98.75
      vertex 33.8 40 -98.25
      vertex 37.4 40 -98.25
    endloop
  endfacet
  facet normal 0 1 0
    outer loop
      vertex 33.8 40 -98.25
      vertex 37.4 40 -98.75
      vertex 33.8 40 -98.75
    endloop
  endfacet
  facet normal -0 0 1
    outer loop
      vertex 33.8 40 -97.25
      vertex 37.4 37.75 -97.25
      vertex 37.4 40 -97.25
    endloop
  endfacet
  facet normal 0 0 1
    outer loop
      vertex 37.4 37.75 -97.25
      vertex 33.8 40 -97.25
      vertex 33.8 37.75 -97.25
    endloop
  endfacet
  facet normal 0 0 -1
    outer loop
      vertex 33.8 37.75 -97.75
      vertex 37.4 40 -97.75
      vertex 37.4 37.75 -97.75
    endloop
  endfacet
  facet normal -0 0 -1
    outer loop
      vertex 37.4 40 -97.75
      vertex 33.8 37.75 -97.75
      vertex 33.8 40 -97.75
    endloop
  endfacet
  facet normal 0 1 -0
    outer loop
      vertex 37.4 40 -97.75
      vertex 33.8 40 -97.25
      vertex 37.4 40 -97.25
    endloop
  endfacet
  facet normal 0 1 0
    outer loop
      vertex 33.8 40 -97.25
      vertex 37.4 40 -97.75
      vertex 33.8 40 -97.75
    endloop
  endfacet
  facet normal -0 0 1
    outer loop
      vertex 33.8 40 -96.25
      vertex 37.4 37.75 -96.25
      vertex 37.4 40 -96.25
    endloop
  endfacet
  facet normal 0 0 1
    outer loop
      vertex 37.4 37.75 -96.25
      vertex 33.8 40 -96.25
      vertex 33.8 37.75 -96.25
    endloop
  endfacet
  facet normal 0 0 -1
    outer loop
      vertex 33.8 37.75 -96.75
      vertex 37.4 40 -96.75
      vertex 37.4 37.75 -96.75
    endloop
  endfacet
  facet normal -0 0 -1
    outer loop
      vertex 37.4 40 -96.75
      vertex 33.8 37.75 -96.75
      vertex 33.8 40 -96.75
    endloop
  endfacet
  facet normal 0 1 -0
    outer loop
      vertex 37.4 40 -96.75
      vertex 33.8 40 -96.25
      vertex 37.4 40 -96.25
    endloop
  endfacet
  facet normal 0 1 0
    outer loop
      vertex 33.8 40 -96.25
      vertex 37.4 40 -96.75
      vertex 33.8 40 -96.75
    endloop
  endfacet
  facet normal -0 0 1
    outer loop
      vertex 33.8 40 -95.25
      vertex 37.4 37.75 -95.25
      vertex 37.4 40 -95.25
    endloop
  endfacet
  facet normal 0 0 1
    outer loop
      vertex 37.4 37.75 -95.25
      vertex 33.8 40 -95.25
      vertex 33.8 37.75 -95.25
    endloop
  endfacet
  facet normal 0 0 -1
    outer loop
      vertex 33.8 37.75 -95.75
      vertex 37.4 40 -95.75
      vertex 37.4 37.75 -95.75
    endloop
  endfacet
  facet normal -0 0 -1
    outer loop
      vertex 37.4 40 -95.75
      vertex 33.8 37.75 -95.75
      vertex 33.8 40 -95.75
    endloop
  endfacet
  facet normal 0 1 -0
    outer loop
      vertex 37.4 40 -95.75
      vertex 33.8 40 -95.25
      vertex 37.4 40 -95.25
    endloop
  endfacet
  facet normal 0 1 0
    outer loop
      vertex 33.8 40 -95.25
      vertex 37.4 40 -95.75
      vertex 33.8 40 -95.75
    endloop
  endfacet
  facet normal -0 0 1
    outer loop
      vertex 33.8 40 -94.25
      vertex 37.4 37.75 -94.25
      vertex 37.4 40 -94.25
    endloop
  endfacet
  facet normal 0 0 1
    outer loop
      vertex 37.4 37.75 -94.25
      vertex 33.8 40 -94.25
      vertex 33.8 37.75 -94.25
    endloop
  endfacet
  facet normal 0 0 -1
    outer loop
      vertex 33.8 37.75 -94.75
      vertex 37.4 40 -94.75
      vertex 37.4 37.75 -94.75
    endloop
  endfacet
  facet normal -0 0 -1
    outer loop
      vertex 37.4 40 -94.75
      vertex 33.8 37.75 -94.75
      vertex 33.8 40 -94.75
    endloop
  endfacet
  facet normal 0 1 -0
    outer loop
      vertex 37.4 40 -94.75
      vertex 33.8 40 -94.25
      vertex 37.4 40 -94.25
    endloop
  endfacet
  facet normal 0 1 0
    outer loop
      vertex 33.8 40 -94.25
      vertex 37.4 40 -94.75
      vertex 33.8 40 -94.75
    endloop
  endfacet
  facet normal -0 0 1
    outer loop
      vertex 33.8 40 -93.25
      vertex 37.4 37.75 -93.25
      vertex 37.4 40 -93.25
    endloop
  endfacet
  facet normal 0 0 1
    outer loop
      vertex 37.4 37.75 -93.25
      vertex 33.8 40 -93.25
      vertex 33.8 37.75 -93.25
    endloop
  endfacet
  facet normal 0 0 -1
    outer loop
      vertex 33.8 37.75 -93.75
      vertex 37.4 40 -93.75
      vertex 37.4 37.75 -93.75
    endloop
  endfacet
  facet normal -0 0 -1
    outer loop
      vertex 37.4 40 -93.75
      vertex 33.8 37.75 -93.75
      vertex 33.8 40 -93.75
    endloop
  endfacet
  facet normal 0 1 -0
    outer loop
      vertex 37.4 40 -93.75
      vertex 33.8 40 -93.25
      vertex 37.4 40 -93.25
    endloop
  endfacet
  facet normal 0 1 0
    outer loop
      vertex 33.8 40 -93.25
      vertex 37.4 40 -93.75
      vertex 33.8 40 -93.75
    endloop
  endfacet
  facet normal -0 0 1
    outer loop
      vertex 33.8 40 -92.25
      vertex 37.4 37.75 -92.25
      vertex 37.4 40 -92.25
    endloop
  endfacet
  facet normal 0 0 1
    outer loop
      vertex 37.4 37.75 -92.25
      vertex 33.8 40 -92.25
      vertex 33.8 37.75 -92.25
    endloop
  endfacet
  facet normal 0 0 -1
    outer loop
      vertex 33.8 37.75 -92.75
      vertex 37.4 40 -92.75
      vertex 37.4 37.75 -92.75
    endloop
  endfacet
  facet normal -0 0 -1
    outer loop
      vertex 37.4 40 -92.75
      vertex 33.8 37.75 -92.75
      vertex 33.8 40 -92.75
    endloop
  endfacet
  facet normal 0 1 -0
    outer loop
      vertex 37.4 40 -92.75
      vertex 33.8 40 -92.25
      vertex 37.4 40 -92.25
    endloop
  endfacet
  facet normal 0 1 0
    outer loop
      vertex 33.8 40 -92.25
      vertex 37.4 40 -92.75
      vertex 33.8 40 -92.75
    endloop
  endfacet
  facet normal -0 0 1
    outer loop
      vertex 33.8 40 -91.25
      vertex 37.4 37.75 -91.25
      vertex 37.4 40 -91.25
    endloop
  endfacet
  facet normal 0 0 1
    outer loop
      vertex 37.4 37.75 -91.25
      vertex 33.8 40 -91.25
      vertex 33.8 37.75 -91.25
    endloop
  endfacet
  facet normal 0 0 -1
    outer loop
      vertex 33.8 37.75 -91.75
      vertex 37.4 40 -91.75
      vertex 37.4 37.75 -91.75
    endloop
  endfacet
  facet normal -0 0 -1
    outer loop
      vertex 37.4 40 -91.75
      vertex 33.8 37.75 -91.75
      vertex 33.8 40 -91.75
    endloop
  endfacet
  facet normal 0 1 -0
    outer loop
      vertex 37.4 40 -91.75
      vertex 33.8 40 -91.25
      vertex 37.4 40 -91.25
    endloop
  endfacet
  facet normal 0 1 0
    outer loop
      vertex 33.8 40 -91.25
      vertex 37.4 40 -91.75
      vertex 33.8 40 -91.75
    endloop
  endfacet
  facet normal -0 0 1
    outer loop
      vertex 33.8 40 -90.25
      vertex 37.4 37.75 -90.25
      vertex 37.4 40 -90.25
    endloop
  endfacet
  facet normal 0 0 1
    outer loop
      vertex 37.4 37.75 -90.25
      vertex 33.8 40 -90.25
      vertex 33.8 37.75 -90.25
    endloop
  endfacet
  facet normal 0 0 -1
    outer loop
      vertex 33.8 37.75 -90.75
      vertex 37.4 40 -90.75
      vertex 37.4 37.75 -90.75
    endloop
  endfacet
  facet normal -0 0 -1
    outer loop
      vertex 37.4 40 -90.75
      vertex 33.8 37.75 -90.75
      vertex 33.8 40 -90.75
    endloop
  endfacet
  facet normal 0 1 -0
    outer loop
      vertex 37.4 40 -90.75
      vertex 33.8 40 -90.25
      vertex 37.4 40 -90.25
    endloop
  endfacet
  facet normal 0 1 0
    outer loop
      vertex 33.8 40 -90.25
      vertex 37.4 40 -90.75
      vertex 33.8 40 -90.75
    endloop
  endfacet
  facet normal -0 0 1
    outer loop
      vertex 33.8 40 -89.25
      vertex 37.4 37.75 -89.25
      vertex 37.4 40 -89.25
    endloop
  endfacet
  facet normal 0 0 1
    outer loop
      vertex 37.4 37.75 -89.25
      vertex 33.8 40 -89.25
      vertex 33.8 37.75 -89.25
    endloop
  endfacet
  facet normal 0 0 -1
    outer loop
      vertex 33.8 37.75 -89.75
      vertex 37.4 40 -89.75
      vertex 37.4 37.75 -89.75
    endloop
  endfacet
  facet normal -0 0 -1
    outer loop
      vertex 37.4 40 -89.75
      vertex 33.8 37.75 -89.75
      vertex 33.8 40 -89.75
    endloop
  endfacet
  facet normal 0 1 -0
    outer loop
      vertex 37.4 40 -89.75
      vertex 33.8 40 -89.25
      vertex 37.4 40 -89.25
    endloop
  endfacet
  facet normal 0 1 0
    outer loop
      vertex 33.8 40 -89.25
      vertex 37.4 40 -89.75
      vertex 33.8 40 -89.75
    endloop
  endfacet
  facet normal -0 0 1
    outer loop
      vertex 33.8 40 -88.25
      vertex 37.4 37.75 -88.25
      vertex 37.4 40 -88.25
    endloop
  endfacet
  facet normal 0 0 1
    outer loop
      vertex 37.4 37.75 -88.25
      vertex 33.8 40 -88.25
      vertex 33.8 37.75 -88.25
    endloop
  endfacet
  facet normal 0 0 -1
    outer loop
      vertex 33.8 37.75 -88.75
      vertex 37.4 40 -88.75
      vertex 37.4 37.75 -88.75
    endloop
  endfacet
  facet normal -0 0 -1
    outer loop
      vertex 37.4 40 -88.75
      vertex 33.8 37.75 -88.75
      vertex 33.8 40 -88.75
    endloop
  endfacet
  facet normal 0 1 -0
    outer loop
      vertex 37.4 40 -88.75
      vertex 33.8 40 -88.25
      vertex 37.4 40 -88.25
    endloop
  endfacet
  facet normal 0 1 0
    outer loop
      vertex 33.8 40 -88.25
      vertex 37.4 40 -88.75
      vertex 33.8 40 -88.75
    endloop
  endfacet
  facet normal -0 0 1
    outer loop
      vertex 33.8 40 -87.25
      vertex 37.4 37.75 -87.25
      vertex 37.4 40 -87.25
    endloop
  endfacet
  facet normal 0 0 1
    outer loop
      vertex 37.4 37.75 -87.25
      vertex 33.8 40 -87.25
      vertex 33.8 37.75 -87.25
    endloop
  endfacet
  facet normal 0 0 -1
    outer loop
      vertex 33.8 37.75 -87.75
      vertex 37.4 40 -87.75
      vertex 37.4 37.75 -87.75
    endloop
  endfacet
  facet normal -0 0 -1
    outer loop
      vertex 37.4 40 -87.75
      vertex 33.8 37.75 -87.75
      vertex 33.8 40 -87.75
    endloop
  endfacet
  facet normal 0 1 -0
    outer loop
      vertex 37.4 40 -87.75
      vertex 33.8 40 -87.25
      vertex 37.4 40 -87.25
    endloop
  endfacet
  facet normal 0 1 0
    outer loop
      vertex 33.8 40 -87.25
      vertex 37.4 40 -87.75
      vertex 33.8 40 -87.75
    endloop
  endfacet
  facet normal -0 0 1
    outer loop
      vertex 33.8 40 -86.25
      vertex 37.4 37.75 -86.25
      vertex 37.4 40 -86.25
    endloop
  endfacet
  facet normal 0 0 1
    outer loop
      vertex 37.4 37.75 -86.25
      vertex 33.8 40 -86.25
      vertex 33.8 37.75 -86.25
    endloop
  endfacet
  facet normal 0 0 -1
    outer loop
      vertex 33.8 37.75 -86.75
      vertex 37.4 40 -86.75
      vertex 37.4 37.75 -86.75
    endloop
  endfacet
  facet normal -0 0 -1
    outer loop
      vertex 37.4 40 -86.75
      vertex 33.8 37.75 -86.75
      vertex 33.8 40 -86.75
    endloop
  endfacet
  facet normal 0 1 -0
    outer loop
      vertex 37.4 40 -86.75
      vertex 33.8 40 -86.25
      vertex 37.4 40 -86.25
    endloop
  endfacet
  facet normal 0 1 0
    outer loop
      vertex 33.8 40 -86.25
      vertex 37.4 40 -86.75
      vertex 33.8 40 -86.75
    endloop
  endfacet
  facet normal -0 0 1
    outer loop
      vertex 33.8 40 -85.25
      vertex 37.4 37.75 -85.25
      vertex 37.4 40 -85.25
    endloop
  endfacet
  facet normal 0 0 1
    outer loop
      vertex 37.4 37.75 -85.25
      vertex 33.8 40 -85.25
      vertex 33.8 37.75 -85.25
    endloop
  endfacet
  facet normal 0 0 -1
    outer loop
      vertex 33.8 37.75 -85.75
      vertex 37.4 40 -85.75
      vertex 37.4 37.75 -85.75
    endloop
  endfacet
  facet normal -0 0 -1
    outer loop
      vertex 37.4 40 -85.75
      vertex 33.8 37.75 -85.75
      vertex 33.8 40 -85.75
    endloop
  endfacet
  facet normal 0 1 -0
    outer loop
      vertex 37.4 40 -85.75
      vertex 33.8 40 -85.25
      vertex 37.4 40 -85.25
    endloop
  endfacet
  facet normal 0 1 0
    outer loop
      vertex 33.8 40 -85.25
      vertex 37.4 40 -85.75
      vertex 33.8 40 -85.75
    endloop
  endfacet
  facet normal -0 0 1
    outer loop
      vertex 33.8 40 -84.25
      vertex 37.4 37.75 -84.25
      vertex 37.4 40 -84.25
    endloop
  endfacet
  facet normal 0 0 1
    outer loop
      vertex 37.4 37.75 -84.25
      vertex 33.8 40 -84.25
      vertex 33.8 37.75 -84.25
    endloop
  endfacet
  facet normal 0 0 -1
    outer loop
      vertex 33.8 37.75 -84.75
      vertex 37.4 40 -84.75
      vertex 37.4 37.75 -84.75
    endloop
  endfacet
  facet normal -0 0 -1
    outer loop
      vertex 37.4 40 -84.75
      vertex 33.8 37.75 -84.75
      vertex 33.8 40 -84.75
    endloop
  endfacet
  facet normal 0 1 -0
    outer loop
      vertex 37.4 40 -84.75
      vertex 33.8 40 -84.25
      vertex 37.4 40 -84.25
    endloop
  endfacet
  facet normal 0 1 0
    outer loop
      vertex 33.8 40 -84.25
      vertex 37.4 40 -84.75
      vertex 33.8 40 -84.75
    endloop
  endfacet
  facet normal -0 0 1
    outer loop
      vertex 33.8 40 -83.25
      vertex 37.4 37.75 -83.25
      vertex 37.4 40 -83.25
    endloop
  endfacet
  facet normal 0 0 1
    outer loop
      vertex 37.4 37.75 -83.25
      vertex 33.8 40 -83.25
      vertex 33.8 37.75 -83.25
    endloop
  endfacet
  facet normal 0 0 -1
    outer loop
      vertex 33.8 37.75 -83.75
      vertex 37.4 40 -83.75
      vertex 37.4 37.75 -83.75
    endloop
  endfacet
  facet normal -0 0 -1
    outer loop
      vertex 37.4 40 -83.75
      vertex 33.8 37.75 -83.75
      vertex 33.8 40 -83.75
    endloop
  endfacet
  facet normal 0 1 -0
    outer loop
      vertex 37.4 40 -83.75
      vertex 33.8 40 -83.25
      vertex 37.4 40 -83.25
    endloop
  endfacet
  facet normal 0 1 0
    outer loop
      vertex 33.8 40 -83.25
      vertex 37.4 40 -83.75
      vertex 33.8 40 -83.75
    endloop
  endfacet
  facet normal -0 0 1
    outer loop
      vertex 33.8 40 -82.25
      vertex 37.4 37.75 -82.25
      vertex 37.4 40 -82.25
    endloop
  endfacet
  facet normal 0 0 1
    outer loop
      vertex 37.4 37.75 -82.25
      vertex 33.8 40 -82.25
      vertex 33.8 37.75 -82.25
    endloop
  endfacet
  facet normal 0 0 -1
    outer loop
      vertex 33.8 37.75 -82.75
      vertex 37.4 40 -82.75
      vertex 37.4 37.75 -82.75
    endloop
  endfacet
  facet normal -0 0 -1
    outer loop
      vertex 37.4 40 -82.75
      vertex 33.8 37.75 -82.75
      vertex 33.8 40 -82.75
    endloop
  endfacet
  facet normal 0 1 -0
    outer loop
      vertex 37.4 40 -82.75
      vertex 33.8 40 -82.25
      vertex 37.4 40 -82.25
    endloop
  endfacet
  facet normal 0 1 0
    outer loop
      vertex 33.8 40 -82.25
      vertex 37.4 40 -82.75
      vertex 33.8 40 -82.75
    endloop
  endfacet
  facet normal -0 0 1
    outer loop
      vertex 33.8 40 -81.25
      vertex 37.4 37.75 -81.25
      vertex 37.4 40 -81.25
    endloop
  endfacet
  facet normal 0 0 1
    outer loop
      vertex 37.4 37.75 -81.25
      vertex 33.8 40 -81.25
      vertex 33.8 37.75 -81.25
    endloop
  endfacet
  facet normal 0 0 -1
    outer loop
      vertex 33.8 37.75 -81.75
      vertex 37.4 40 -81.75
      vertex 37.4 37.75 -81.75
    endloop
  endfacet
  facet normal -0 0 -1
    outer loop
      vertex 37.4 40 -81.75
      vertex 33.8 37.75 -81.75
      vertex 33.8 40 -81.75
    endloop
  endfacet
  facet normal 0 1 -0
    outer loop
      vertex 37.4 40 -81.75
      vertex 33.8 40 -81.25
      vertex 37.4 40 -81.25
    endloop
  endfacet
  facet normal 0 1 0
    outer loop
      vertex 33.8 40 -81.25
      vertex 37.4 40 -81.75
      vertex 33.8 40 -81.75
    endloop
  endfacet
  facet normal -0 0 1
    outer loop
      vertex 33.8 40 -80.25
      vertex 37.4 37.75 -80.25
      vertex 37.4 40 -80.25
    endloop
  endfacet
  facet normal 0 0 1
    outer loop
      vertex 37.4 37.75 -80.25
      vertex 33.8 40 -80.25
      vertex 33.8 37.75 -80.25
    endloop
  endfacet
  facet normal 0 0 -1
    outer loop
      vertex 33.8 37.75 -80.75
      vertex 37.4 40 -80.75
      vertex 37.4 37.75 -80.75
    endloop
  endfacet
  facet normal -0 0 -1
    outer loop
      vertex 37.4 40 -80.75
      vertex 33.8 37.75 -80.75
      vertex 33.8 40 -80.75
    endloop
  endfacet
  facet normal 0 1 -0
    outer loop
      vertex 37.4 40 -80.75
      vertex 33.8 40 -80.25
      vertex 37.4 40 -80.25
    endloop
  endfacet
  facet normal 0 1 0
    outer loop
      vertex 33.8 40 -80.25
      vertex 37.4 40 -80.75
      vertex 33.8 40 -80.75
    endloop
  endfacet
  facet normal -0 0 1
    outer loop
      vertex 33.8 40 -79.25
      vertex 37.4 37.75 -79.25
      vertex 37.4 40 -79.25
    endloop
  endfacet
  facet normal 0 0 1
    outer loop
      vertex 37.4 37.75 -79.25
      vertex 33.8 40 -79.25
      vertex 33.8 37.75 -79.25
    endloop
  endfacet
  facet normal 0 0 -1
    outer loop
      vertex 33.8 37.75 -79.75
      vertex 37.4 40 -79.75
      vertex 37.4 37.75 -79.75
    endloop
  endfacet
  facet normal -0 0 -1
    outer loop
      vertex 37.4 40 -79.75
      vertex 33.8 37.75 -79.75
      vertex 33.8 40 -79.75
    endloop
  endfacet
  facet normal 0 1 -0
    outer loop
      vertex 37.4 40 -79.75
      vertex 33.8 40 -79.25
      vertex 37.4 40 -79.25
    endloop
  endfacet
  facet normal 0 1 0
    outer loop
      vertex 33.8 40 -79.25
      vertex 37.4 40 -79.75
      vertex 33.8 40 -79.75
    endloop
  endfacet
  facet normal -0 0 1
    outer loop
      vertex 33.8 40 -78.25
      vertex 37.4 37.75 -78.25
      vertex 37.4 40 -78.25
    endloop
  endfacet
  facet normal 0 0 1
    outer loop
      vertex 37.4 37.75 -78.25
      vertex 33.8 40 -78.25
      vertex 33.8 37.75 -78.25
    endloop
  endfacet
  facet normal 0 0 -1
    outer loop
      vertex 33.8 37.75 -78.75
      vertex 37.4 40 -78.75
      vertex 37.4 37.75 -78.75
    endloop
  endfacet
  facet normal -0 0 -1
    outer loop
      vertex 37.4 40 -78.75
      vertex 33.8 37.75 -78.75
      vertex 33.8 40 -78.75
    endloop
  endfacet
  facet normal 0 1 -0
    outer loop
      vertex 37.4 40 -78.75
      vertex 33.8 40 -78.25
      vertex 37.4 40 -78.25
    endloop
  endfacet
  facet normal 0 1 0
    outer loop
      vertex 33.8 40 -78.25
      vertex 37.4 40 -78.75
      vertex 33.8 40 -78.75
    endloop
  endfacet
  facet normal -0 0 1
    outer loop
      vertex 33.8 40 -77.25
      vertex 37.4 37.75 -77.25
      vertex 37.4 40 -77.25
    endloop
  endfacet
  facet normal 0 0 1
    outer loop
      vertex 37.4 37.75 -77.25
      vertex 33.8 40 -77.25
      vertex 33.8 37.75 -77.25
    endloop
  endfacet
  facet normal 0 0 -1
    outer loop
      vertex 33.8 37.75 -77.75
      vertex 37.4 40 -77.75
      vertex 37.4 37.75 -77.75
    endloop
  endfacet
  facet normal -0 0 -1
    outer loop
      vertex 37.4 40 -77.75
      vertex 33.8 37.75 -77.75
      vertex 33.8 40 -77.75
    endloop
  endfacet
  facet normal 0 1 -0
    outer loop
      vertex 37.4 40 -77.75
      vertex 33.8 40 -77.25
      vertex 37.4 40 -77.25
    endloop
  endfacet
  facet normal 0 1 0
    outer loop
      vertex 33.8 40 -77.25
      vertex 37.4 40 -77.75
      vertex 33.8 40 -77.75
    endloop
  endfacet
  facet normal -0 0 1
    outer loop
      vertex 33.8 40 -76.25
      vertex 37.4 37.75 -76.25
      vertex 37.4 40 -76.25
    endloop
  endfacet
  facet normal 0 0 1
    outer loop
      vertex 37.4 37.75 -76.25
      vertex 33.8 40 -76.25
      vertex 33.8 37.75 -76.25
    endloop
  endfacet
  facet normal 0 0 -1
    outer loop
      vertex 33.8 37.75 -76.75
      vertex 37.4 40 -76.75
      vertex 37.4 37.75 -76.75
    endloop
  endfacet
  facet normal -0 0 -1
    outer loop
      vertex 37.4 40 -76.75
      vertex 33.8 37.75 -76.75
      vertex 33.8 40 -76.75
    endloop
  endfacet
  facet normal 0 1 -0
    outer loop
      vertex 37.4 40 -76.75
      vertex 33.8 40 -76.25
      vertex 37.4 40 -76.25
    endloop
  endfacet
  facet normal 0 1 0
    outer loop
      vertex 33.8 40 -76.25
      vertex 37.4 40 -76.75
      vertex 33.8 40 -76.75
    endloop
  endfacet
  facet normal -0 0 1
    outer loop
      vertex 33.8 37.75 -76
      vertex 37.6 34 -76
      vertex 37.6 37.75 -76
    endloop
  endfacet
  facet normal 0 0 1
    outer loop
      vertex 37.6 34 -76
      vertex 33.8 37.75 -76
      vertex 33.8 34 -76
    endloop
  endfacet
  facet normal 0 0 -1
    outer loop
      vertex 33.8 34 -126
      vertex 37.4 37.75 -126
      vertex 37.4 34 -126
    endloop
  endfacet
  facet normal -0 0 -1
    outer loop
      vertex 37.4 37.75 -126
      vertex 33.8 34 -126
      vertex 33.8 37.75 -126
    endloop
  endfacet
  facet normal 0 -1 0
    outer loop
      vertex 33.8 34 -76
      vertex 37.4 34 -86
      vertex 37.6 34 -76
    endloop
  endfacet
  facet normal 0 -1 0
    outer loop
      vertex 33.8 34 -126
      vertex 37.4 34 -86
      vertex 33.8 34 -76
    endloop
  endfacet
  facet normal 0 -1 -0
    outer loop
      vertex 37.4 34 -86
      vertex 33.8 34 -126
      vertex 37.4 34 -126
    endloop
  endfacet
  facet normal 0 -1 -0
    outer loop
      vertex 37.6 34 -76
      vertex 37.4 34 -86
      vertex 37.6 34 -86
    endloop
  endfacet
  facet normal 1 -0 0
    outer loop
      vertex 39.6 -44.6 -46
      vertex 39.6 42 -86
      vertex 39.6 42 -46
    endloop
  endfacet
  facet normal 1 0 0
    outer loop
      vertex 39.6 42 -86
      vertex 39.6 -44.6 -46
      vertex 39.6 -44.6 -86
    endloop
  endfacet
  facet normal -0 0 1
    outer loop
      vertex 37.6 42 -46
      vertex 39.6 -44.6 -46
      vertex 39.6 42 -46
    endloop
  endfacet
  facet normal 0 0 1
    outer loop
      vertex 39.6 -44.6 -46
      vertex 37.6 42 -46
      vertex 37.6 -44.6 -46
    endloop
  endfacet
  facet normal 0 0 -1
    outer loop
      vertex 37.4 34 -86
      vertex 37.6 37.75 -86
      vertex 37.6 34 -86
    endloop
  endfacet
  facet normal -0 0 -1
    outer loop
      vertex 37.6 37.75 -86
      vertex 37.4 34 -86
      vertex 37.4 37.75 -86
    endloop
  endfacet
  facet normal 0 0 -1
    outer loop
      vertex 37.6 34 -86
      vertex 39.6 -44.6 -86
      vertex 37.6 -44.6 -86
    endloop
  endfacet
  facet normal 0 0 -1
    outer loop
      vertex 39.6 -44.6 -86
      vertex 37.6 34 -86
      vertex 39.6 42 -86
    endloop
  endfacet
  facet normal 0 0 -1
    outer loop
      vertex 37.6 37.75 -86
      vertex 39.6 42 -86
      vertex 37.6 34 -86
    endloop
  endfacet
  facet normal -0 0 -1
    outer loop
      vertex 39.6 42 -86
      vertex 37.6 37.75 -86
      vertex 37.6 42 -86
    endloop
  endfacet
  facet normal -1 0 0
    outer loop
      vertex 37.6 34 -86
      vertex 37.6 -44.6 -86
      vertex 37.6 34 -76
    endloop
  endfacet
  facet normal -1 0 0
    outer loop
      vertex 37.6 37.75 -76
      vertex 37.6 42 -86
      vertex 37.6 37.75 -86
    endloop
  endfacet
  facet normal -1 0 0
    outer loop
      vertex 37.6 42 -86
      vertex 37.6 37.75 -76
      vertex 37.6 42 -46
    endloop
  endfacet
  facet normal -1 0 0
    outer loop
      vertex 37.6 34 -76
      vertex 37.6 42 -46
      vertex 37.6 37.75 -76
    endloop
  endfacet
  facet normal -1 0 0
    outer loop
      vertex 37.6 -44.6 -46
      vertex 37.6 34 -76
      vertex 37.6 -44.6 -86
    endloop
  endfacet
  facet normal -1 0 0
    outer loop
      vertex 37.6 34 -76
      vertex 37.6 -44.6 -46
      vertex 37.6 42 -46
    endloop
  endfacet
  facet normal 0 1 -0
    outer loop
      vertex 39.6 42 -86
      vertex 37.6 42 -46
      vertex 39.6 42 -46
    endloop
  endfacet
  facet normal 0 1 0
    outer loop
      vertex 37.6 42 -46
      vertex 39.6 42 -86
      vertex 37.6 42 -86
    endloop
  endfacet
  facet normal 0 -1 0
    outer loop
      vertex 37.6 -44.6 -86
      vertex 39.6 -44.6 -46
      vertex 37.6 -44.6 -46
    endloop
  endfacet
  facet normal 0 -1 -0
    outer loop
      vertex 39.6 -44.6 -46
      vertex 37.6 -44.6 -86
      vertex 39.6 -44.6 -86
    endloop
  endfacet
endsolid OpenSCAD_Model
