solid OpenSCAD_Model
  facet normal 1 -0 0
    outer loop
      vertex -13 74 -138.5
      vertex -13 98 -142
      vertex -13 98 -138.5
    endloop
  endfacet
  facet normal 1 0 0
    outer loop
      vertex -13 98 -142
      vertex -13 74 -138.5
      vertex -13 74 -142
    endloop
  endfacet
  facet normal 1 -0 0
    outer loop
      vertex -13 74 -112
      vertex -13 98 -135.5
      vertex -13 98 -112
    endloop
  endfacet
  facet normal 1 0 0
    outer loop
      vertex -13 98 -135.5
      vertex -13 74 -112
      vertex -13 74 -135.5
    endloop
  endfacet
  facet normal 1 -0 0
    outer loop
      vertex -13 74 -60
      vertex -13 98 -104
      vertex -13 98 -60
    endloop
  endfacet
  facet normal 1 0 0
    outer loop
      vertex -13 98 -104
      vertex -13 74 -60
      vertex -13 74 -104
    endloop
  endfacet
  facet normal 0 0 1
    outer loop
      vertex 3.79896 77.3975 -52
      vertex -3.79896 77.3975 -52
      vertex -3.7 76.9 -52
    endloop
  endfacet
  facet normal 0 0 1
    outer loop
      vertex -1.44884 100.995 -52
      vertex -4.08076 77.8192 -52
      vertex -3.79896 77.3975 -52
    endloop
  endfacet
  facet normal 0 0 1
    outer loop
      vertex -15.3784 98 -52
      vertex -2.87289 101.278 -52
      vertex -4.24779 101.745 -52
    endloop
  endfacet
  facet normal 0 0 1
    outer loop
      vertex -1.44884 100.995 -52
      vertex -4.50251 78.101 -52
      vertex -4.08076 77.8192 -52
    endloop
  endfacet
  facet normal 0 0 1
    outer loop
      vertex -1.44884 100.995 -52
      vertex -5 78.2 -52
      vertex -4.50251 78.101 -52
    endloop
  endfacet
  facet normal 0 0 1
    outer loop
      vertex -2.87289 101.278 -52
      vertex -15.3784 98 -52
      vertex -5 78.2 -52
    endloop
  endfacet
  facet normal 0 0 1
    outer loop
      vertex -15.3784 98 -52
      vertex -4.24779 101.745 -52
      vertex -5.55 102.387 -52
    endloop
  endfacet
  facet normal 0 0 1
    outer loop
      vertex -5 78.2 -52
      vertex -15.3784 98 -52
      vertex -5.49749 78.101 -52
    endloop
  endfacet
  facet normal 0 0 1
    outer loop
      vertex -5.49749 78.101 -52
      vertex -15.3784 98 -52
      vertex -5.91924 77.8192 -52
    endloop
  endfacet
  facet normal 0 0 1
    outer loop
      vertex -16 74 -52
      vertex -5.91924 77.8192 -52
      vertex -15.3784 98 -52
    endloop
  endfacet
  facet normal 0 0 1
    outer loop
      vertex -15.3784 98 -52
      vertex -5.55 102.387 -52
      vertex -6.75725 103.194 -52
    endloop
  endfacet
  facet normal -0 0 1
    outer loop
      vertex -4.08076 125.481 -52
      vertex -1.44884 123.005 -52
      vertex -3.79896 125.903 -52
    endloop
  endfacet
  facet normal 0 0 1
    outer loop
      vertex -1.44884 123.005 -52
      vertex -4.08076 125.481 -52
      vertex -2.87289 122.722 -52
    endloop
  endfacet
  facet normal -0 0 1
    outer loop
      vertex -4.50251 125.199 -52
      vertex -2.87289 122.722 -52
      vertex -4.08076 125.481 -52
    endloop
  endfacet
  facet normal 0 0 1
    outer loop
      vertex -2.87289 122.722 -52
      vertex -4.50251 125.199 -52
      vertex -4.24779 122.255 -52
    endloop
  endfacet
  facet normal -0 0 1
    outer loop
      vertex -5 125.1 -52
      vertex -4.24779 122.255 -52
      vertex -4.50251 125.199 -52
    endloop
  endfacet
  facet normal 0 0 1
    outer loop
      vertex -5.49749 125.199 -52
      vertex -4.24779 122.255 -52
      vertex -5 125.1 -52
    endloop
  endfacet
  facet normal 0 0 1
    outer loop
      vertex -5.49749 125.199 -52
      vertex -5.55 121.613 -52
      vertex -4.24779 122.255 -52
    endloop
  endfacet
  facet normal 0 0 1
    outer loop
      vertex -7.5 124.99 -52
      vertex -5.49749 125.199 -52
      vertex -5.91924 125.481 -52
    endloop
  endfacet
  facet normal 0 0 1
    outer loop
      vertex -7.5 124.99 -52
      vertex -5.91924 125.481 -52
      vertex -6.06457 125.698 -52
    endloop
  endfacet
  facet normal 0 0 1
    outer loop
      vertex -5.49749 125.199 -52
      vertex -7.5 124.99 -52
      vertex -5.55 121.613 -52
    endloop
  endfacet
  facet normal 0 0 1
    outer loop
      vertex -5.55 121.613 -52
      vertex -7.5 124.99 -52
      vertex -6.75725 120.806 -52
    endloop
  endfacet
  facet normal -0 0 1
    outer loop
      vertex -9.13142 123.9 -52
      vertex -6.75725 120.806 -52
      vertex -7.5 124.99 -52
    endloop
  endfacet
  facet normal 0 0 1
    outer loop
      vertex -6.75725 120.806 -52
      vertex -9.13142 123.9 -52
      vertex -7.84888 119.849 -52
    endloop
  endfacet
  facet normal -0 0 1
    outer loop
      vertex -10.6066 122.607 -52
      vertex -7.84888 119.849 -52
      vertex -9.13142 123.9 -52
    endloop
  endfacet
  facet normal 0 0 1
    outer loop
      vertex -7.84888 119.849 -52
      vertex -10.6066 122.607 -52
      vertex -8.80622 118.757 -52
    endloop
  endfacet
  facet normal -0 0 1
    outer loop
      vertex -11.9003 121.131 -52
      vertex -8.80622 118.757 -52
      vertex -10.6066 122.607 -52
    endloop
  endfacet
  facet normal 0 0 1
    outer loop
      vertex -8.80622 118.757 -52
      vertex -11.9003 121.131 -52
      vertex -9.61288 117.55 -52
    endloop
  endfacet
  facet normal -0 0 1
    outer loop
      vertex -12.9904 119.5 -52
      vertex -9.61288 117.55 -52
      vertex -11.9003 121.131 -52
    endloop
  endfacet
  facet normal 0 0 1
    outer loop
      vertex -9.61288 117.55 -52
      vertex -12.9904 119.5 -52
      vertex -10.2551 116.248 -52
    endloop
  endfacet
  facet normal -0 0 1
    outer loop
      vertex -13.8582 117.74 -52
      vertex -10.2551 116.248 -52
      vertex -12.9904 119.5 -52
    endloop
  endfacet
  facet normal 0 0 1
    outer loop
      vertex -10.2551 116.248 -52
      vertex -13.8582 117.74 -52
      vertex -10.7218 114.873 -52
    endloop
  endfacet
  facet normal 0 0 1
    outer loop
      vertex 1.95789 126.872 -52
      vertex 3.7 126.4 -52
      vertex 3.72395 126.52 -52
    endloop
  endfacet
  facet normal 0 0 1
    outer loop
      vertex 3.7 126.4 -52
      vertex 1.95789 126.872 -52
      vertex 1.44884 123.005 -52
    endloop
  endfacet
  facet normal 0 0 1
    outer loop
      vertex 3.7 126.4 -52
      vertex 1.44884 123.005 -52
      vertex 2.87289 122.722 -52
    endloop
  endfacet
  facet normal 0 0 1
    outer loop
      vertex 0 127 -52
      vertex 1.44884 123.005 -52
      vertex 1.95789 126.872 -52
    endloop
  endfacet
  facet normal 0 0 1
    outer loop
      vertex 0 127 -52
      vertex 0 123.1 -52
      vertex 1.44884 123.005 -52
    endloop
  endfacet
  facet normal 0 0 1
    outer loop
      vertex 0 127 -52
      vertex -1.44884 123.005 -52
      vertex 0 123.1 -52
    endloop
  endfacet
  facet normal -0 0 1
    outer loop
      vertex -1.95789 126.872 -52
      vertex -1.44884 123.005 -52
      vertex 0 127 -52
    endloop
  endfacet
  facet normal 0 0 1
    outer loop
      vertex -3.79896 125.903 -52
      vertex -1.95789 126.872 -52
      vertex -3.7 126.4 -52
    endloop
  endfacet
  facet normal 0 0 1
    outer loop
      vertex -1.95789 126.872 -52
      vertex -3.79896 125.903 -52
      vertex -1.44884 123.005 -52
    endloop
  endfacet
  facet normal 0 -0 1
    outer loop
      vertex -3.7 126.4 -52
      vertex -1.95789 126.872 -52
      vertex -3.72395 126.52 -52
    endloop
  endfacet
  facet normal 0 0 1
    outer loop
      vertex 16 74 -52
      vertex 6.20104 77.3975 -52
      vertex 6.3 76.9 -52
    endloop
  endfacet
  facet normal 0 0 1
    outer loop
      vertex 15.3784 98 -52
      vertex 5.91924 77.8192 -52
      vertex 6.20104 77.3975 -52
    endloop
  endfacet
  facet normal -0 0 1
    outer loop
      vertex 4.24779 101.745 -52
      vertex 15.3784 98 -52
      vertex 5.55 102.387 -52
    endloop
  endfacet
  facet normal 0 0 1
    outer loop
      vertex 15.3784 98 -52
      vertex 5.49749 78.101 -52
      vertex 5.91924 77.8192 -52
    endloop
  endfacet
  facet normal -0 0 1
    outer loop
      vertex 2.87289 101.278 -52
      vertex 15.3784 98 -52
      vertex 4.24779 101.745 -52
    endloop
  endfacet
  facet normal 0 0 1
    outer loop
      vertex 15.3784 98 -52
      vertex 5 78.2 -52
      vertex 5.49749 78.101 -52
    endloop
  endfacet
  facet normal 0 0 1
    outer loop
      vertex 15.3784 98 -52
      vertex 2.87289 101.278 -52
      vertex 5 78.2 -52
    endloop
  endfacet
  facet normal -0 0 1
    outer loop
      vertex 1.44884 100.995 -52
      vertex 5 78.2 -52
      vertex 2.87289 101.278 -52
    endloop
  endfacet
  facet normal 0 0 1
    outer loop
      vertex 5 78.2 -52
      vertex 1.44884 100.995 -52
      vertex 4.50251 78.101 -52
    endloop
  endfacet
  facet normal -0 0 1
    outer loop
      vertex 0 100.9 -52
      vertex 4.50251 78.101 -52
      vertex 1.44884 100.995 -52
    endloop
  endfacet
  facet normal 0 0 1
    outer loop
      vertex -3.79896 77.3975 -52
      vertex 4.50251 78.101 -52
      vertex 0 100.9 -52
    endloop
  endfacet
  facet normal 0 0 1
    outer loop
      vertex 14.8717 113.958 -52
      vertex 11.005 113.449 -52
      vertex 11.1 112 -52
    endloop
  endfacet
  facet normal 0 0 1
    outer loop
      vertex 12.9904 119.5 -52
      vertex 10.7218 114.873 -52
      vertex 11.005 113.449 -52
    endloop
  endfacet
  facet normal 0 0 1
    outer loop
      vertex 8.80622 118.757 -52
      vertex 11.9003 121.131 -52
      vertex 10.6066 122.607 -52
    endloop
  endfacet
  facet normal 0 0 1
    outer loop
      vertex 12.9904 119.5 -52
      vertex 10.2551 116.248 -52
      vertex 10.7218 114.873 -52
    endloop
  endfacet
  facet normal 0 0 1
    outer loop
      vertex 12.9904 119.5 -52
      vertex 9.61288 117.55 -52
      vertex 10.2551 116.248 -52
    endloop
  endfacet
  facet normal 0 0 1
    outer loop
      vertex 7.84888 119.849 -52
      vertex 10.6066 122.607 -52
      vertex 9.13142 123.9 -52
    endloop
  endfacet
  facet normal 0 0 1
    outer loop
      vertex 11.9003 121.131 -52
      vertex 8.80622 118.757 -52
      vertex 9.61288 117.55 -52
    endloop
  endfacet
  facet normal 0 0 1
    outer loop
      vertex 10.6066 122.607 -52
      vertex 7.84888 119.849 -52
      vertex 8.80622 118.757 -52
    endloop
  endfacet
  facet normal 0 0 1
    outer loop
      vertex 6.75725 120.806 -52
      vertex 9.13142 123.9 -52
      vertex 7.5 124.99 -52
    endloop
  endfacet
  facet normal 0 0 1
    outer loop
      vertex 9.13142 123.9 -52
      vertex 6.75725 120.806 -52
      vertex 7.84888 119.849 -52
    endloop
  endfacet
  facet normal -0 0 1
    outer loop
      vertex 5.91924 125.481 -52
      vertex 7.5 124.99 -52
      vertex 6.06457 125.698 -52
    endloop
  endfacet
  facet normal -0 0 1
    outer loop
      vertex 5.49749 125.199 -52
      vertex 7.5 124.99 -52
      vertex 5.91924 125.481 -52
    endloop
  endfacet
  facet normal 0 0 1
    outer loop
      vertex 7.5 124.99 -52
      vertex 5.55 121.613 -52
      vertex 6.75725 120.806 -52
    endloop
  endfacet
  facet normal 0 0 1
    outer loop
      vertex 7.5 124.99 -52
      vertex 5.49749 125.199 -52
      vertex 5.55 121.613 -52
    endloop
  endfacet
  facet normal 0 0 1
    outer loop
      vertex 4.24779 122.255 -52
      vertex 5.49749 125.199 -52
      vertex 5 125.1 -52
    endloop
  endfacet
  facet normal 0 0 1
    outer loop
      vertex 4.24779 122.255 -52
      vertex 5 125.1 -52
      vertex 4.50251 125.199 -52
    endloop
  endfacet
  facet normal 0 0 1
    outer loop
      vertex 5.49749 125.199 -52
      vertex 4.24779 122.255 -52
      vertex 5.55 121.613 -52
    endloop
  endfacet
  facet normal 0 0 1
    outer loop
      vertex 2.87289 122.722 -52
      vertex 4.50251 125.199 -52
      vertex 4.08076 125.481 -52
    endloop
  endfacet
  facet normal 0 0 1
    outer loop
      vertex 2.87289 122.722 -52
      vertex 4.08076 125.481 -52
      vertex 3.79896 125.903 -52
    endloop
  endfacet
  facet normal 0 0 1
    outer loop
      vertex 2.87289 122.722 -52
      vertex 3.79896 125.903 -52
      vertex 3.7 126.4 -52
    endloop
  endfacet
  facet normal 0 0 1
    outer loop
      vertex 4.50251 125.199 -52
      vertex 2.87289 122.722 -52
      vertex 4.24779 122.255 -52
    endloop
  endfacet
  facet normal -0 0 1
    outer loop
      vertex 15.3784 98 -52
      vertex 16 74 -52
      vertex 16 98 -52
    endloop
  endfacet
  facet normal -0 0 1
    outer loop
      vertex 10.2551 107.752 -52
      vertex 15.3784 98 -52
      vertex 15 112 -52
    endloop
  endfacet
  facet normal 0 0 1
    outer loop
      vertex 11.1 112 -52
      vertex 15 112 -52
      vertex 14.8717 113.958 -52
    endloop
  endfacet
  facet normal 0 0 1
    outer loop
      vertex 11.005 113.449 -52
      vertex 14.8717 113.958 -52
      vertex 14.4889 115.882 -52
    endloop
  endfacet
  facet normal 0 0 1
    outer loop
      vertex 11.005 113.449 -52
      vertex 14.4889 115.882 -52
      vertex 13.8582 117.74 -52
    endloop
  endfacet
  facet normal 0 0 1
    outer loop
      vertex 11.005 113.449 -52
      vertex 13.8582 117.74 -52
      vertex 12.9904 119.5 -52
    endloop
  endfacet
  facet normal 0 0 1
    outer loop
      vertex 9.61288 117.55 -52
      vertex 12.9904 119.5 -52
      vertex 11.9003 121.131 -52
    endloop
  endfacet
  facet normal 0 0 1
    outer loop
      vertex 15 112 -52
      vertex 11.1 112 -52
      vertex 11.005 110.551 -52
    endloop
  endfacet
  facet normal 0 0 1
    outer loop
      vertex 15 112 -52
      vertex 11.005 110.551 -52
      vertex 10.7218 109.127 -52
    endloop
  endfacet
  facet normal 0 0 1
    outer loop
      vertex 15 112 -52
      vertex 10.7218 109.127 -52
      vertex 10.2551 107.752 -52
    endloop
  endfacet
  facet normal 0 0 1
    outer loop
      vertex 15.3784 98 -52
      vertex 10.2551 107.752 -52
      vertex 9.61288 106.45 -52
    endloop
  endfacet
  facet normal -0 0 1
    outer loop
      vertex 8.80622 105.243 -52
      vertex 15.3784 98 -52
      vertex 9.61288 106.45 -52
    endloop
  endfacet
  facet normal -0 0 1
    outer loop
      vertex 7.84888 104.151 -52
      vertex 15.3784 98 -52
      vertex 8.80622 105.243 -52
    endloop
  endfacet
  facet normal -0 0 1
    outer loop
      vertex 6.75725 103.194 -52
      vertex 15.3784 98 -52
      vertex 7.84888 104.151 -52
    endloop
  endfacet
  facet normal -0 0 1
    outer loop
      vertex 5.55 102.387 -52
      vertex 15.3784 98 -52
      vertex 6.75725 103.194 -52
    endloop
  endfacet
  facet normal -0 0 1
    outer loop
      vertex 6.20104 77.3975 -52
      vertex 16 74 -52
      vertex 15.3784 98 -52
    endloop
  endfacet
  facet normal -0 0 1
    outer loop
      vertex 6.20104 76.4025 -52
      vertex 16 74 -52
      vertex 6.3 76.9 -52
    endloop
  endfacet
  facet normal -0 0 1
    outer loop
      vertex 5.91924 75.9808 -52
      vertex 16 74 -52
      vertex 6.20104 76.4025 -52
    endloop
  endfacet
  facet normal -0 0 1
    outer loop
      vertex 5.49749 75.699 -52
      vertex 16 74 -52
      vertex 5.91924 75.9808 -52
    endloop
  endfacet
  facet normal -0 0 1
    outer loop
      vertex 5 75.6 -52
      vertex 16 74 -52
      vertex 5.49749 75.699 -52
    endloop
  endfacet
  facet normal 0 0 1
    outer loop
      vertex -3.79896 77.3975 -52
      vertex 4.08076 77.8192 -52
      vertex 4.50251 78.101 -52
    endloop
  endfacet
  facet normal 0 0 1
    outer loop
      vertex -3.79896 77.3975 -52
      vertex 3.79896 77.3975 -52
      vertex 4.08076 77.8192 -52
    endloop
  endfacet
  facet normal 0 0 1
    outer loop
      vertex -3.79896 77.3975 -52
      vertex 0 100.9 -52
      vertex -1.44884 100.995 -52
    endloop
  endfacet
  facet normal 0 0 1
    outer loop
      vertex 3.79896 77.3975 -52
      vertex -3.7 76.9 -52
      vertex 3.7 76.9 -52
    endloop
  endfacet
  facet normal 0 0 1
    outer loop
      vertex -5 78.2 -52
      vertex -1.44884 100.995 -52
      vertex -2.87289 101.278 -52
    endloop
  endfacet
  facet normal 0 0 1
    outer loop
      vertex 3.7 76.9 -52
      vertex -3.7 76.9 -52
      vertex 3.79896 76.4025 -52
    endloop
  endfacet
  facet normal 0 0 1
    outer loop
      vertex -3.79896 76.4025 -52
      vertex 3.79896 76.4025 -52
      vertex -3.7 76.9 -52
    endloop
  endfacet
  facet normal 0 0 1
    outer loop
      vertex 3.79896 76.4025 -52
      vertex -3.79896 76.4025 -52
      vertex 4.08076 75.9808 -52
    endloop
  endfacet
  facet normal 0 0 1
    outer loop
      vertex -4.08076 75.9808 -52
      vertex 4.08076 75.9808 -52
      vertex -3.79896 76.4025 -52
    endloop
  endfacet
  facet normal 0 0 1
    outer loop
      vertex 4.08076 75.9808 -52
      vertex -4.08076 75.9808 -52
      vertex 4.50251 75.699 -52
    endloop
  endfacet
  facet normal 0 0 1
    outer loop
      vertex -4.50251 75.699 -52
      vertex 4.50251 75.699 -52
      vertex -4.08076 75.9808 -52
    endloop
  endfacet
  facet normal 0 0 1
    outer loop
      vertex 4.50251 75.699 -52
      vertex -4.50251 75.699 -52
      vertex 5 75.6 -52
    endloop
  endfacet
  facet normal 0 0 1
    outer loop
      vertex -5 75.6 -52
      vertex 5 75.6 -52
      vertex -4.50251 75.699 -52
    endloop
  endfacet
  facet normal 0 0 1
    outer loop
      vertex 5 75.6 -52
      vertex -5 75.6 -52
      vertex 16 74 -52
    endloop
  endfacet
  facet normal 0 0 1
    outer loop
      vertex -15.3784 98 -52
      vertex -6.75725 103.194 -52
      vertex -7.84888 104.151 -52
    endloop
  endfacet
  facet normal 0 0 1
    outer loop
      vertex -15.3784 98 -52
      vertex -7.84888 104.151 -52
      vertex -8.80622 105.243 -52
    endloop
  endfacet
  facet normal 0 0 1
    outer loop
      vertex -15.3784 98 -52
      vertex -8.80622 105.243 -52
      vertex -9.61288 106.45 -52
    endloop
  endfacet
  facet normal 0 0 1
    outer loop
      vertex -15.3784 98 -52
      vertex -9.61288 106.45 -52
      vertex -10.2551 107.752 -52
    endloop
  endfacet
  facet normal 0 0 1
    outer loop
      vertex -15 112 -52
      vertex -10.2551 107.752 -52
      vertex -10.7218 109.127 -52
    endloop
  endfacet
  facet normal 0 0 1
    outer loop
      vertex -15 112 -52
      vertex -10.7218 109.127 -52
      vertex -11.005 110.551 -52
    endloop
  endfacet
  facet normal -0 0 1
    outer loop
      vertex -14.4889 115.882 -52
      vertex -10.7218 114.873 -52
      vertex -13.8582 117.74 -52
    endloop
  endfacet
  facet normal 0 0 1
    outer loop
      vertex -10.7218 114.873 -52
      vertex -14.4889 115.882 -52
      vertex -11.005 113.449 -52
    endloop
  endfacet
  facet normal -0 0 1
    outer loop
      vertex -14.8717 113.958 -52
      vertex -11.005 113.449 -52
      vertex -14.4889 115.882 -52
    endloop
  endfacet
  facet normal 0 0 1
    outer loop
      vertex -11.005 113.449 -52
      vertex -14.8717 113.958 -52
      vertex -11.1 112 -52
    endloop
  endfacet
  facet normal 0 0 1
    outer loop
      vertex -15 112 -52
      vertex -11.1 112 -52
      vertex -14.8717 113.958 -52
    endloop
  endfacet
  facet normal 0 0 1
    outer loop
      vertex -10.2551 107.752 -52
      vertex -15 112 -52
      vertex -15.3784 98 -52
    endloop
  endfacet
  facet normal 0 0 1
    outer loop
      vertex -11.1 112 -52
      vertex -15 112 -52
      vertex -11.005 110.551 -52
    endloop
  endfacet
  facet normal 0 0 1
    outer loop
      vertex -5.91924 77.8192 -52
      vertex -16 74 -52
      vertex -6.20104 77.3975 -52
    endloop
  endfacet
  facet normal 0 0 1
    outer loop
      vertex -6.20104 77.3975 -52
      vertex -16 74 -52
      vertex -6.3 76.9 -52
    endloop
  endfacet
  facet normal 0 0 1
    outer loop
      vertex -16 74 -52
      vertex -15.3784 98 -52
      vertex -16 98 -52
    endloop
  endfacet
  facet normal 0 0 1
    outer loop
      vertex -5 75.6 -52
      vertex -16 74 -52
      vertex 16 74 -52
    endloop
  endfacet
  facet normal 0 0 1
    outer loop
      vertex -5.49749 75.699 -52
      vertex -16 74 -52
      vertex -5 75.6 -52
    endloop
  endfacet
  facet normal 0 0 1
    outer loop
      vertex -5.91924 75.9808 -52
      vertex -16 74 -52
      vertex -5.49749 75.699 -52
    endloop
  endfacet
  facet normal 0 0 1
    outer loop
      vertex -6.20104 76.4025 -52
      vertex -16 74 -52
      vertex -5.91924 75.9808 -52
    endloop
  endfacet
  facet normal 0 0 1
    outer loop
      vertex -6.3 76.9 -52
      vertex -16 74 -52
      vertex -6.20104 76.4025 -52
    endloop
  endfacet
  facet normal 0 0 -1
    outer loop
      vertex 30 70 -142
      vertex 16 74 -142
      vertex 30 74 -142
    endloop
  endfacet
  facet normal 0 0 -1
    outer loop
      vertex 16 74 -142
      vertex 13 74 -142
      vertex 16 98 -142
    endloop
  endfacet
  facet normal 0 0 -1
    outer loop
      vertex 30 70 -142
      vertex 13 74 -142
      vertex 16 74 -142
    endloop
  endfacet
  facet normal 0 0 -1
    outer loop
      vertex 30 70 -142
      vertex -13 74 -142
      vertex 13 74 -142
    endloop
  endfacet
  facet normal 0 0 -1
    outer loop
      vertex -13 74 -142
      vertex -16 74 -142
      vertex -13 98 -142
    endloop
  endfacet
  facet normal 0 0 -1
    outer loop
      vertex -30 70 -142
      vertex -13 74 -142
      vertex 30 70 -142
    endloop
  endfacet
  facet normal -0 0 -1
    outer loop
      vertex -13 74 -142
      vertex -30 70 -142
      vertex -16 74 -142
    endloop
  endfacet
  facet normal -0 0 -1
    outer loop
      vertex -16 74 -142
      vertex -30 70 -142
      vertex -30 74 -142
    endloop
  endfacet
  facet normal -0 0 -1
    outer loop
      vertex 16 98 -142
      vertex 13 74 -142
      vertex 13 98 -142
    endloop
  endfacet
  facet normal -0 0 -1
    outer loop
      vertex -13 98 -142
      vertex -16 74 -142
      vertex -16 98 -142
    endloop
  endfacet
  facet normal -1 0 0
    outer loop
      vertex -16 74 -142
      vertex -16 98 -138.5
      vertex -16 98 -142
    endloop
  endfacet
  facet normal -1 -0 0
    outer loop
      vertex -16 98 -138.5
      vertex -16 74 -142
      vertex -16 98 -135.5
    endloop
  endfacet
  facet normal -1 0 0
    outer loop
      vertex -16 74 -52
      vertex -16 98 -135.5
      vertex -16 74 -142
    endloop
  endfacet
  facet normal -1 0 0
    outer loop
      vertex -16 98 -135.5
      vertex -16 74 -52
      vertex -16 98 -52
    endloop
  endfacet
  facet normal -1 0 0
    outer loop
      vertex -16 98 -138.5
      vertex -16 131 -135.5
      vertex -16 131 -138.5
    endloop
  endfacet
  facet normal -1 -0 0
    outer loop
      vertex -16 131 -135.5
      vertex -16 98 -138.5
      vertex -16 98 -135.5
    endloop
  endfacet
  facet normal 0 1 0
    outer loop
      vertex -13 98 -112
      vertex -13 98 -135.5
      vertex -15.3784 98 -112
    endloop
  endfacet
  facet normal 0 1 0
    outer loop
      vertex -13 98 -60
      vertex -13 98 -104
      vertex -15.3784 98 -60
    endloop
  endfacet
  facet normal 0 1 -0
    outer loop
      vertex -15.3784 98 -60
      vertex -16 98 -52
      vertex -15.3784 98 -52
    endloop
  endfacet
  facet normal 0 1 0
    outer loop
      vertex -15.3784 98 -104
      vertex -15.3784 98 -60
      vertex -13 98 -104
    endloop
  endfacet
  facet normal 0 1 0
    outer loop
      vertex -15.3784 98 -60
      vertex -15.3784 98 -104
      vertex -16 98 -52
    endloop
  endfacet
  facet normal 0 1 0
    outer loop
      vertex -16 98 -135.5
      vertex -15.3784 98 -104
      vertex -15.3784 98 -112
    endloop
  endfacet
  facet normal 0 1 0
    outer loop
      vertex -15.3784 98 -104
      vertex -16 98 -135.5
      vertex -16 98 -52
    endloop
  endfacet
  facet normal 0 1 0
    outer loop
      vertex -16 98 -135.5
      vertex -15.3784 98 -112
      vertex -13 98 -135.5
    endloop
  endfacet
  facet normal 0 1 -0
    outer loop
      vertex -13 98 -142
      vertex -16 98 -138.5
      vertex -13 98 -138.5
    endloop
  endfacet
  facet normal 0 1 0
    outer loop
      vertex -16 98 -138.5
      vertex -13 98 -142
      vertex -16 98 -142
    endloop
  endfacet
  facet normal 0 1 0
    outer loop
      vertex 22.4294 74 -52.6506
      vertex 16 74 -52
      vertex 22.3 74 -52
    endloop
  endfacet
  facet normal 0 1 0
    outer loop
      vertex 22.7979 74 -53.2021
      vertex 16 74 -52
      vertex 22.4294 74 -52.6506
    endloop
  endfacet
  facet normal 0 1 0
    outer loop
      vertex 23.3494 74 -53.5706
      vertex 16 74 -52
      vertex 22.7979 74 -53.2021
    endloop
  endfacet
  facet normal 0 1 -0
    outer loop
      vertex 24 74 -134.3
      vertex 23.3494 74 -53.5706
      vertex 24 74 -53.7
    endloop
  endfacet
  facet normal 0 1 0
    outer loop
      vertex 23.3494 74 -134.429
      vertex 23.3494 74 -53.5706
      vertex 24 74 -134.3
    endloop
  endfacet
  facet normal 0 1 0
    outer loop
      vertex 23.3494 74 -53.5706
      vertex 23.3494 74 -134.429
      vertex 16 74 -52
    endloop
  endfacet
  facet normal 0 1 -0
    outer loop
      vertex 22.7979 74 -134.798
      vertex 16 74 -52
      vertex 23.3494 74 -134.429
    endloop
  endfacet
  facet normal 0 1 0
    outer loop
      vertex 16 74 -142
      vertex 22.7979 74 -134.798
      vertex 22.4294 74 -135.349
    endloop
  endfacet
  facet normal 0 1 0
    outer loop
      vertex 16 74 -142
      vertex 22.4294 74 -135.349
      vertex 22.3 74 -136
    endloop
  endfacet
  facet normal 0 1 0
    outer loop
      vertex 16 74 -142
      vertex 24 74 -137.7
      vertex 30 74 -142
    endloop
  endfacet
  facet normal 0 1 0
    outer loop
      vertex 22.7979 74 -134.798
      vertex 16 74 -142
      vertex 16 74 -52
    endloop
  endfacet
  facet normal 0 1 0
    outer loop
      vertex 22.4294 74 -136.651
      vertex 16 74 -142
      vertex 22.3 74 -136
    endloop
  endfacet
  facet normal 0 1 0
    outer loop
      vertex 22.7979 74 -137.202
      vertex 16 74 -142
      vertex 22.4294 74 -136.651
    endloop
  endfacet
  facet normal 0 1 0
    outer loop
      vertex 23.3494 74 -137.571
      vertex 16 74 -142
      vertex 22.7979 74 -137.202
    endloop
  endfacet
  facet normal 0 1 0
    outer loop
      vertex 24 74 -137.7
      vertex 16 74 -142
      vertex 23.3494 74 -137.571
    endloop
  endfacet
  facet normal 0 1 0
    outer loop
      vertex 30 74 -46
      vertex 16 74 -52
      vertex -30 74 -46
    endloop
  endfacet
  facet normal 0 1 0
    outer loop
      vertex -30 74 -46
      vertex -23.3494 74 -50.4294
      vertex -24 74 -50.3
    endloop
  endfacet
  facet normal 0 1 0
    outer loop
      vertex 16 74 -52
      vertex 23.3494 74 -50.4294
      vertex 22.7979 74 -50.7979
    endloop
  endfacet
  facet normal 0 1 -0
    outer loop
      vertex -16 74 -52
      vertex -30 74 -46
      vertex 16 74 -52
    endloop
  endfacet
  facet normal 0 1 0
    outer loop
      vertex 16 74 -52
      vertex 22.7979 74 -50.7979
      vertex 22.4294 74 -51.3494
    endloop
  endfacet
  facet normal 0 1 0
    outer loop
      vertex -30 74 -46
      vertex -16 74 -52
      vertex -23.3494 74 -50.4294
    endloop
  endfacet
  facet normal 0 1 0
    outer loop
      vertex 16 74 -52
      vertex 22.4294 74 -51.3494
      vertex 22.3 74 -52
    endloop
  endfacet
  facet normal 0 1 0
    outer loop
      vertex -23.3494 74 -50.4294
      vertex -16 74 -52
      vertex -22.7979 74 -50.7979
    endloop
  endfacet
  facet normal 0 1 0
    outer loop
      vertex -22.7979 74 -50.7979
      vertex -16 74 -52
      vertex -22.4294 74 -51.3494
    endloop
  endfacet
  facet normal 0 1 0
    outer loop
      vertex -16 74 -52
      vertex -22.3 74 -52
      vertex -22.4294 74 -51.3494
    endloop
  endfacet
  facet normal 0 1 0
    outer loop
      vertex -16 74 -52
      vertex -22.4294 74 -52.6506
      vertex -22.3 74 -52
    endloop
  endfacet
  facet normal 0 1 0
    outer loop
      vertex -16 74 -52
      vertex -22.7979 74 -53.2021
      vertex -22.4294 74 -52.6506
    endloop
  endfacet
  facet normal 0 1 0
    outer loop
      vertex -16 74 -52
      vertex -23.3494 74 -53.5706
      vertex -22.7979 74 -53.2021
    endloop
  endfacet
  facet normal 0 1 0
    outer loop
      vertex -23.3494 74 -53.5706
      vertex -24 74 -134.3
      vertex -24 74 -53.7
    endloop
  endfacet
  facet normal 0 1 0
    outer loop
      vertex -23.3494 74 -134.429
      vertex -23.3494 74 -53.5706
      vertex -16 74 -52
    endloop
  endfacet
  facet normal 0 1 0
    outer loop
      vertex -23.3494 74 -53.5706
      vertex -23.3494 74 -134.429
      vertex -24 74 -134.3
    endloop
  endfacet
  facet normal 0 1 0
    outer loop
      vertex -16 74 -52
      vertex -22.7979 74 -134.798
      vertex -23.3494 74 -134.429
    endloop
  endfacet
  facet normal 0 1 -0
    outer loop
      vertex -16 74 -142
      vertex -22.7979 74 -134.798
      vertex -16 74 -52
    endloop
  endfacet
  facet normal 0 1 0
    outer loop
      vertex -22.7979 74 -134.798
      vertex -16 74 -142
      vertex -22.4294 74 -135.349
    endloop
  endfacet
  facet normal 0 1 0
    outer loop
      vertex -23.3494 74 -137.571
      vertex -16 74 -142
      vertex -24 74 -137.7
    endloop
  endfacet
  facet normal 0 1 0
    outer loop
      vertex -22.7979 74 -137.202
      vertex -16 74 -142
      vertex -23.3494 74 -137.571
    endloop
  endfacet
  facet normal 0 1 0
    outer loop
      vertex -22.4294 74 -136.651
      vertex -16 74 -142
      vertex -22.7979 74 -137.202
    endloop
  endfacet
  facet normal 0 1 0
    outer loop
      vertex -22.3 74 -136
      vertex -16 74 -142
      vertex -22.4294 74 -136.651
    endloop
  endfacet
  facet normal 0 1 0
    outer loop
      vertex -22.4294 74 -135.349
      vertex -16 74 -142
      vertex -22.3 74 -136
    endloop
  endfacet
  facet normal 0 1 0
    outer loop
      vertex 23.3494 74 -50.4294
      vertex 30 74 -46
      vertex 24 74 -50.3
    endloop
  endfacet
  facet normal 0 1 0
    outer loop
      vertex 30 74 -46
      vertex 24.6506 74 -50.4294
      vertex 24 74 -50.3
    endloop
  endfacet
  facet normal 0 1 0
    outer loop
      vertex 30 74 -46
      vertex 25.2021 74 -50.7979
      vertex 24.6506 74 -50.4294
    endloop
  endfacet
  facet normal 0 1 0
    outer loop
      vertex 30 74 -46
      vertex 25.5706 74 -51.3494
      vertex 25.2021 74 -50.7979
    endloop
  endfacet
  facet normal 0 1 0
    outer loop
      vertex 30 74 -46
      vertex 25.7 74 -52
      vertex 25.5706 74 -51.3494
    endloop
  endfacet
  facet normal 0 1 0
    outer loop
      vertex 30 74 -46
      vertex 25.5706 74 -52.6506
      vertex 25.7 74 -52
    endloop
  endfacet
  facet normal 0 1 0
    outer loop
      vertex 24.6506 74 -53.5706
      vertex 24 74 -134.3
      vertex 24 74 -53.7
    endloop
  endfacet
  facet normal 0 1 0
    outer loop
      vertex 24.6506 74 -134.429
      vertex 24.6506 74 -53.5706
      vertex 25.2021 74 -53.2021
    endloop
  endfacet
  facet normal 0 1 0
    outer loop
      vertex 25.2021 74 -134.798
      vertex 25.2021 74 -53.2021
      vertex 25.5706 74 -52.6506
    endloop
  endfacet
  facet normal 0 1 0
    outer loop
      vertex 25.5706 74 -135.349
      vertex 25.5706 74 -52.6506
      vertex 30 74 -46
    endloop
  endfacet
  facet normal 0 1 0
    outer loop
      vertex 24.6506 74 -53.5706
      vertex 24.6506 74 -134.429
      vertex 24 74 -134.3
    endloop
  endfacet
  facet normal 0 1 0
    outer loop
      vertex 25.2021 74 -53.2021
      vertex 25.2021 74 -134.798
      vertex 24.6506 74 -134.429
    endloop
  endfacet
  facet normal 0 1 0
    outer loop
      vertex 25.5706 74 -52.6506
      vertex 25.5706 74 -135.349
      vertex 25.2021 74 -134.798
    endloop
  endfacet
  facet normal 0 1 -0
    outer loop
      vertex 30 74 -142
      vertex 25.5706 74 -135.349
      vertex 30 74 -46
    endloop
  endfacet
  facet normal 0 1 0
    outer loop
      vertex 24.6506 74 -137.571
      vertex 30 74 -142
      vertex 24 74 -137.7
    endloop
  endfacet
  facet normal 0 1 0
    outer loop
      vertex 25.2021 74 -137.202
      vertex 30 74 -142
      vertex 24.6506 74 -137.571
    endloop
  endfacet
  facet normal 0 1 0
    outer loop
      vertex 25.5706 74 -136.651
      vertex 30 74 -142
      vertex 25.2021 74 -137.202
    endloop
  endfacet
  facet normal 0 1 0
    outer loop
      vertex 25.7 74 -136
      vertex 30 74 -142
      vertex 25.5706 74 -136.651
    endloop
  endfacet
  facet normal 0 1 0
    outer loop
      vertex 25.5706 74 -135.349
      vertex 30 74 -142
      vertex 25.7 74 -136
    endloop
  endfacet
  facet normal 0 1 0
    outer loop
      vertex 16 74 -52
      vertex 30 74 -46
      vertex 23.3494 74 -50.4294
    endloop
  endfacet
  facet normal 0 1 -0
    outer loop
      vertex -24.6506 74 -50.4294
      vertex -30 74 -46
      vertex -24 74 -50.3
    endloop
  endfacet
  facet normal 0 1 -0
    outer loop
      vertex -25.2021 74 -50.7979
      vertex -30 74 -46
      vertex -24.6506 74 -50.4294
    endloop
  endfacet
  facet normal 0 1 -0
    outer loop
      vertex -25.5706 74 -51.3494
      vertex -30 74 -46
      vertex -25.2021 74 -50.7979
    endloop
  endfacet
  facet normal 0 1 -0
    outer loop
      vertex -25.7 74 -52
      vertex -30 74 -46
      vertex -25.5706 74 -51.3494
    endloop
  endfacet
  facet normal 0 1 0
    outer loop
      vertex -25.5706 74 -52.6506
      vertex -30 74 -46
      vertex -25.7 74 -52
    endloop
  endfacet
  facet normal 0 1 -0
    outer loop
      vertex -24 74 -134.3
      vertex -24.6506 74 -53.5706
      vertex -24 74 -53.7
    endloop
  endfacet
  facet normal 0 1 0
    outer loop
      vertex -24.6506 74 -134.429
      vertex -24.6506 74 -53.5706
      vertex -24 74 -134.3
    endloop
  endfacet
  facet normal 0 1 0
    outer loop
      vertex -24.6506 74 -53.5706
      vertex -24.6506 74 -134.429
      vertex -25.2021 74 -53.2021
    endloop
  endfacet
  facet normal 0 1 0
    outer loop
      vertex -25.2021 74 -134.798
      vertex -25.2021 74 -53.2021
      vertex -24.6506 74 -134.429
    endloop
  endfacet
  facet normal 0 1 0
    outer loop
      vertex -25.2021 74 -53.2021
      vertex -25.2021 74 -134.798
      vertex -25.5706 74 -52.6506
    endloop
  endfacet
  facet normal 0 1 0
    outer loop
      vertex -25.5706 74 -135.349
      vertex -25.5706 74 -52.6506
      vertex -25.2021 74 -134.798
    endloop
  endfacet
  facet normal 0 1 0
    outer loop
      vertex -25.5706 74 -52.6506
      vertex -25.5706 74 -135.349
      vertex -30 74 -46
    endloop
  endfacet
  facet normal 0 1 0
    outer loop
      vertex -30 74 -142
      vertex -25.5706 74 -135.349
      vertex -25.7 74 -136
    endloop
  endfacet
  facet normal 0 1 0
    outer loop
      vertex -30 74 -142
      vertex -24 74 -137.7
      vertex -16 74 -142
    endloop
  endfacet
  facet normal 0 1 0
    outer loop
      vertex -25.5706 74 -135.349
      vertex -30 74 -142
      vertex -30 74 -46
    endloop
  endfacet
  facet normal 0 1 0
    outer loop
      vertex -25.5706 74 -136.651
      vertex -30 74 -142
      vertex -25.7 74 -136
    endloop
  endfacet
  facet normal 0 1 0
    outer loop
      vertex -25.2021 74 -137.202
      vertex -30 74 -142
      vertex -25.5706 74 -136.651
    endloop
  endfacet
  facet normal 0 1 0
    outer loop
      vertex -24.6506 74 -137.571
      vertex -30 74 -142
      vertex -25.2021 74 -137.202
    endloop
  endfacet
  facet normal 0 1 0
    outer loop
      vertex -24 74 -137.7
      vertex -30 74 -142
      vertex -24.6506 74 -137.571
    endloop
  endfacet
  facet normal 0 1 -0
    outer loop
      vertex 13 74 -142
      vertex -13 74 -138.5
      vertex 13 74 -138.5
    endloop
  endfacet
  facet normal 0 1 0
    outer loop
      vertex -13 74 -138.5
      vertex 13 74 -142
      vertex -13 74 -142
    endloop
  endfacet
  facet normal 0 1 -0
    outer loop
      vertex 13 74 -135.5
      vertex -13 74 -112
      vertex 13 74 -112
    endloop
  endfacet
  facet normal 0 1 0
    outer loop
      vertex -13 74 -112
      vertex 13 74 -135.5
      vertex -13 74 -135.5
    endloop
  endfacet
  facet normal 0 1 0
    outer loop
      vertex 13 74 -60
      vertex 0 74 -84
      vertex -13 74 -60
    endloop
  endfacet
  facet normal 0 1 0
    outer loop
      vertex 13 74 -60
      vertex 0.783156 74 -84.0513
      vertex 0 74 -84
    endloop
  endfacet
  facet normal 0 1 0
    outer loop
      vertex 13 74 -60
      vertex 1.55291 74 -84.2044
      vertex 0.783156 74 -84.0513
    endloop
  endfacet
  facet normal 0 1 0
    outer loop
      vertex 13 74 -60
      vertex 2.2961 74 -84.4567
      vertex 1.55291 74 -84.2044
    endloop
  endfacet
  facet normal 0 1 0
    outer loop
      vertex 13 74 -60
      vertex 3 74 -84.8038
      vertex 2.2961 74 -84.4567
    endloop
  endfacet
  facet normal 0 1 0
    outer loop
      vertex 13 74 -60
      vertex 3.65257 74 -85.2399
      vertex 3 74 -84.8038
    endloop
  endfacet
  facet normal 0 1 0
    outer loop
      vertex 13 74 -60
      vertex 4.24264 74 -85.7574
      vertex 3.65257 74 -85.2399
    endloop
  endfacet
  facet normal 0 1 0
    outer loop
      vertex 13 74 -60
      vertex 4.76012 74 -86.3474
      vertex 4.24264 74 -85.7574
    endloop
  endfacet
  facet normal 0 1 0
    outer loop
      vertex 13 74 -60
      vertex 5.19615 74 -87
      vertex 4.76012 74 -86.3474
    endloop
  endfacet
  facet normal 0 1 0
    outer loop
      vertex 13 74 -60
      vertex 5.54328 74 -87.7039
      vertex 5.19615 74 -87
    endloop
  endfacet
  facet normal 0 1 0
    outer loop
      vertex 13 74 -60
      vertex 5.79555 74 -88.4471
      vertex 5.54328 74 -87.7039
    endloop
  endfacet
  facet normal 0 1 0
    outer loop
      vertex 13 74 -60
      vertex 5.94867 74 -89.2168
      vertex 5.79555 74 -88.4471
    endloop
  endfacet
  facet normal 0 1 -0
    outer loop
      vertex 13 74 -104
      vertex 5.94867 74 -89.2168
      vertex 13 74 -60
    endloop
  endfacet
  facet normal 0 1 0
    outer loop
      vertex 5.94867 74 -89.2168
      vertex 13 74 -104
      vertex 6 74 -90
    endloop
  endfacet
  facet normal 0 1 0
    outer loop
      vertex 6 74 -90
      vertex 13 74 -104
      vertex 5.94867 74 -90.7832
    endloop
  endfacet
  facet normal 0 1 0
    outer loop
      vertex 0.783156 74 -95.9487
      vertex 13 74 -104
      vertex 0 74 -96
    endloop
  endfacet
  facet normal 0 1 0
    outer loop
      vertex 1.55291 74 -95.7956
      vertex 13 74 -104
      vertex 0.783156 74 -95.9487
    endloop
  endfacet
  facet normal 0 1 0
    outer loop
      vertex 2.2961 74 -95.5433
      vertex 13 74 -104
      vertex 1.55291 74 -95.7956
    endloop
  endfacet
  facet normal 0 1 0
    outer loop
      vertex 3 74 -95.1962
      vertex 13 74 -104
      vertex 2.2961 74 -95.5433
    endloop
  endfacet
  facet normal 0 1 0
    outer loop
      vertex 3.65257 74 -94.7601
      vertex 13 74 -104
      vertex 3 74 -95.1962
    endloop
  endfacet
  facet normal 0 1 0
    outer loop
      vertex 4.24264 74 -94.2426
      vertex 13 74 -104
      vertex 3.65257 74 -94.7601
    endloop
  endfacet
  facet normal 0 1 0
    outer loop
      vertex 4.76012 74 -93.6526
      vertex 13 74 -104
      vertex 4.24264 74 -94.2426
    endloop
  endfacet
  facet normal 0 1 0
    outer loop
      vertex 5.19615 74 -93
      vertex 13 74 -104
      vertex 4.76012 74 -93.6526
    endloop
  endfacet
  facet normal 0 1 0
    outer loop
      vertex 5.54328 74 -92.2961
      vertex 13 74 -104
      vertex 5.19615 74 -93
    endloop
  endfacet
  facet normal 0 1 0
    outer loop
      vertex 5.79555 74 -91.5529
      vertex 13 74 -104
      vertex 5.54328 74 -92.2961
    endloop
  endfacet
  facet normal 0 1 0
    outer loop
      vertex 5.94867 74 -90.7832
      vertex 13 74 -104
      vertex 5.79555 74 -91.5529
    endloop
  endfacet
  facet normal 0 1 -0
    outer loop
      vertex -0.783156 74 -84.0513
      vertex -13 74 -60
      vertex 0 74 -84
    endloop
  endfacet
  facet normal 0 1 -0
    outer loop
      vertex -1.55291 74 -84.2044
      vertex -13 74 -60
      vertex -0.783156 74 -84.0513
    endloop
  endfacet
  facet normal 0 1 -0
    outer loop
      vertex -2.2961 74 -84.4567
      vertex -13 74 -60
      vertex -1.55291 74 -84.2044
    endloop
  endfacet
  facet normal 0 1 -0
    outer loop
      vertex -3 74 -84.8038
      vertex -13 74 -60
      vertex -2.2961 74 -84.4567
    endloop
  endfacet
  facet normal 0 1 -0
    outer loop
      vertex -3.65257 74 -85.2399
      vertex -13 74 -60
      vertex -3 74 -84.8038
    endloop
  endfacet
  facet normal 0 1 -0
    outer loop
      vertex -4.24264 74 -85.7574
      vertex -13 74 -60
      vertex -3.65257 74 -85.2399
    endloop
  endfacet
  facet normal 0 1 -0
    outer loop
      vertex -4.76012 74 -86.3474
      vertex -13 74 -60
      vertex -4.24264 74 -85.7574
    endloop
  endfacet
  facet normal 0 1 -0
    outer loop
      vertex -5.19615 74 -87
      vertex -13 74 -60
      vertex -4.76012 74 -86.3474
    endloop
  endfacet
  facet normal 0 1 -0
    outer loop
      vertex -5.54328 74 -87.7039
      vertex -13 74 -60
      vertex -5.19615 74 -87
    endloop
  endfacet
  facet normal 0 1 -0
    outer loop
      vertex -5.79555 74 -88.4471
      vertex -13 74 -60
      vertex -5.54328 74 -87.7039
    endloop
  endfacet
  facet normal 0 1 -0
    outer loop
      vertex -5.94867 74 -89.2168
      vertex -13 74 -60
      vertex -5.79555 74 -88.4471
    endloop
  endfacet
  facet normal 0 1 0
    outer loop
      vertex -13 74 -104
      vertex -5.94867 74 -89.2168
      vertex -6 74 -90
    endloop
  endfacet
  facet normal 0 1 0
    outer loop
      vertex -13 74 -104
      vertex -6 74 -90
      vertex -5.94867 74 -90.7832
    endloop
  endfacet
  facet normal 0 1 0
    outer loop
      vertex -13 74 -104
      vertex -5.94867 74 -90.7832
      vertex -5.79555 74 -91.5529
    endloop
  endfacet
  facet normal 0 1 0
    outer loop
      vertex -13 74 -104
      vertex 0 74 -96
      vertex 13 74 -104
    endloop
  endfacet
  facet normal 0 1 0
    outer loop
      vertex 0 74 -96
      vertex -13 74 -104
      vertex -0.783156 74 -95.9487
    endloop
  endfacet
  facet normal 0 1 0
    outer loop
      vertex -0.783156 74 -95.9487
      vertex -13 74 -104
      vertex -1.55291 74 -95.7956
    endloop
  endfacet
  facet normal 0 1 0
    outer loop
      vertex -1.55291 74 -95.7956
      vertex -13 74 -104
      vertex -2.2961 74 -95.5433
    endloop
  endfacet
  facet normal 0 1 0
    outer loop
      vertex -5.94867 74 -89.2168
      vertex -13 74 -104
      vertex -13 74 -60
    endloop
  endfacet
  facet normal 0 1 0
    outer loop
      vertex -5.54328 74 -92.2961
      vertex -13 74 -104
      vertex -5.79555 74 -91.5529
    endloop
  endfacet
  facet normal 0 1 0
    outer loop
      vertex -5.19615 74 -93
      vertex -13 74 -104
      vertex -5.54328 74 -92.2961
    endloop
  endfacet
  facet normal 0 1 0
    outer loop
      vertex -4.76012 74 -93.6526
      vertex -13 74 -104
      vertex -5.19615 74 -93
    endloop
  endfacet
  facet normal 0 1 0
    outer loop
      vertex -4.24264 74 -94.2426
      vertex -13 74 -104
      vertex -4.76012 74 -93.6526
    endloop
  endfacet
  facet normal 0 1 0
    outer loop
      vertex -3.65257 74 -94.7601
      vertex -13 74 -104
      vertex -4.24264 74 -94.2426
    endloop
  endfacet
  facet normal 0 1 0
    outer loop
      vertex -3 74 -95.1962
      vertex -13 74 -104
      vertex -3.65257 74 -94.7601
    endloop
  endfacet
  facet normal 0 1 0
    outer loop
      vertex -2.2961 74 -95.5433
      vertex -13 74 -104
      vertex -3 74 -95.1962
    endloop
  endfacet
  facet normal 1 -0 0
    outer loop
      vertex 16 74 -52
      vertex 16 98 -135.5
      vertex 16 98 -52
    endloop
  endfacet
  facet normal 1 0 0
    outer loop
      vertex 16 74 -142
      vertex 16 98 -135.5
      vertex 16 74 -52
    endloop
  endfacet
  facet normal 1 0 0
    outer loop
      vertex 16 98 -135.5
      vertex 16 74 -142
      vertex 16 98 -138.5
    endloop
  endfacet
  facet normal 1 0 0
    outer loop
      vertex 16 98 -138.5
      vertex 16 74 -142
      vertex 16 98 -142
    endloop
  endfacet
  facet normal 1 -0 0
    outer loop
      vertex 16 98 -135.5
      vertex 16 131 -138.5
      vertex 16 131 -135.5
    endloop
  endfacet
  facet normal 1 0 0
    outer loop
      vertex 16 131 -138.5
      vertex 16 98 -135.5
      vertex 16 98 -138.5
    endloop
  endfacet
  facet normal -1 0 0
    outer loop
      vertex 13 74 -142
      vertex 13 98 -138.5
      vertex 13 98 -142
    endloop
  endfacet
  facet normal -1 -0 0
    outer loop
      vertex 13 98 -138.5
      vertex 13 74 -142
      vertex 13 74 -138.5
    endloop
  endfacet
  facet normal -1 0 0
    outer loop
      vertex 13 74 -135.5
      vertex 13 98 -112
      vertex 13 98 -135.5
    endloop
  endfacet
  facet normal -1 -0 0
    outer loop
      vertex 13 98 -112
      vertex 13 74 -135.5
      vertex 13 74 -112
    endloop
  endfacet
  facet normal -1 0 0
    outer loop
      vertex 13 74 -104
      vertex 13 98 -60
      vertex 13 98 -104
    endloop
  endfacet
  facet normal -1 -0 0
    outer loop
      vertex 13 98 -60
      vertex 13 74 -104
      vertex 13 74 -60
    endloop
  endfacet
  facet normal 0 1 0
    outer loop
      vertex 16 98 -52
      vertex 15.3784 98 -60
      vertex 15.3784 98 -52
    endloop
  endfacet
  facet normal 0 1 0
    outer loop
      vertex 15.3784 98 -60
      vertex 15.3784 98 -104
      vertex 13 98 -60
    endloop
  endfacet
  facet normal 0 1 0
    outer loop
      vertex 16 98 -52
      vertex 15.3784 98 -104
      vertex 15.3784 98 -60
    endloop
  endfacet
  facet normal 0 1 -0
    outer loop
      vertex 16 98 -135.5
      vertex 15.3784 98 -104
      vertex 16 98 -52
    endloop
  endfacet
  facet normal 0 1 0
    outer loop
      vertex 15.3784 98 -104
      vertex 16 98 -135.5
      vertex 15.3784 98 -112
    endloop
  endfacet
  facet normal 0 1 0
    outer loop
      vertex 13 98 -135.5
      vertex 15.3784 98 -112
      vertex 16 98 -135.5
    endloop
  endfacet
  facet normal 0 1 0
    outer loop
      vertex 15.3784 98 -112
      vertex 13 98 -135.5
      vertex 13 98 -112
    endloop
  endfacet
  facet normal 0 1 0
    outer loop
      vertex 13 98 -60
      vertex 15.3784 98 -104
      vertex 13 98 -104
    endloop
  endfacet
  facet normal 0 1 -0
    outer loop
      vertex 16 98 -142
      vertex 13 98 -138.5
      vertex 16 98 -138.5
    endloop
  endfacet
  facet normal 0 1 0
    outer loop
      vertex 13 98 -138.5
      vertex 16 98 -142
      vertex 13 98 -142
    endloop
  endfacet
  facet normal 1 -0 0
    outer loop
      vertex 30 70 -46
      vertex 30 74 -142
      vertex 30 74 -46
    endloop
  endfacet
  facet normal 1 0 0
    outer loop
      vertex 30 74 -142
      vertex 30 70 -46
      vertex 30 70 -142
    endloop
  endfacet
  facet normal -0 0 1
    outer loop
      vertex -30 74 -46
      vertex 30 70 -46
      vertex 30 74 -46
    endloop
  endfacet
  facet normal 0 0 1
    outer loop
      vertex 30 70 -46
      vertex -30 74 -46
      vertex -30 70 -46
    endloop
  endfacet
  facet normal -1 0 0
    outer loop
      vertex -30 70 -142
      vertex -30 74 -46
      vertex -30 74 -142
    endloop
  endfacet
  facet normal -1 -0 0
    outer loop
      vertex -30 74 -46
      vertex -30 70 -142
      vertex -30 70 -46
    endloop
  endfacet
  facet normal 0 -1 -0
    outer loop
      vertex -0.783156 70 -95.9487
      vertex -22.7979 70 -134.798
      vertex 0 70 -96
    endloop
  endfacet
  facet normal 0 -1 0
    outer loop
      vertex 0 70 -96
      vertex 23.3494 70 -134.429
      vertex 24 70 -134.3
    endloop
  endfacet
  facet normal 0 -1 0
    outer loop
      vertex -22.4294 70 -135.349
      vertex 0 70 -96
      vertex -22.7979 70 -134.798
    endloop
  endfacet
  facet normal 0 -1 0
    outer loop
      vertex 0 70 -96
      vertex 22.7979 70 -134.798
      vertex 23.3494 70 -134.429
    endloop
  endfacet
  facet normal 0 -1 0
    outer loop
      vertex 22.4294 70 -135.349
      vertex 0 70 -96
      vertex -22.4294 70 -135.349
    endloop
  endfacet
  facet normal 0 -1 0
    outer loop
      vertex 0 70 -96
      vertex 22.4294 70 -135.349
      vertex 22.7979 70 -134.798
    endloop
  endfacet
  facet normal 0 -1 0
    outer loop
      vertex -22.3 70 -136
      vertex 22.4294 70 -135.349
      vertex -22.4294 70 -135.349
    endloop
  endfacet
  facet normal 0 -1 0
    outer loop
      vertex -22.3 70 -136
      vertex 22.3 70 -136
      vertex 22.4294 70 -135.349
    endloop
  endfacet
  facet normal 0 -1 0
    outer loop
      vertex -22.4294 70 -136.651
      vertex 22.3 70 -136
      vertex -22.3 70 -136
    endloop
  endfacet
  facet normal 0 -1 0
    outer loop
      vertex -22.4294 70 -136.651
      vertex 22.4294 70 -136.651
      vertex 22.3 70 -136
    endloop
  endfacet
  facet normal 0 -1 0
    outer loop
      vertex -22.7979 70 -137.202
      vertex 22.4294 70 -136.651
      vertex -22.4294 70 -136.651
    endloop
  endfacet
  facet normal 0 -1 0
    outer loop
      vertex -22.7979 70 -137.202
      vertex 22.7979 70 -137.202
      vertex 22.4294 70 -136.651
    endloop
  endfacet
  facet normal 0 -1 0
    outer loop
      vertex -23.3494 70 -137.571
      vertex 22.7979 70 -137.202
      vertex -22.7979 70 -137.202
    endloop
  endfacet
  facet normal 0 -1 0
    outer loop
      vertex -23.3494 70 -137.571
      vertex 23.3494 70 -137.571
      vertex 22.7979 70 -137.202
    endloop
  endfacet
  facet normal 0 -1 0
    outer loop
      vertex -30 70 -142
      vertex -23.3494 70 -137.571
      vertex -24 70 -137.7
    endloop
  endfacet
  facet normal 0 -1 -0
    outer loop
      vertex -23.3494 70 -137.571
      vertex -30 70 -142
      vertex 23.3494 70 -137.571
    endloop
  endfacet
  facet normal 0 -1 0
    outer loop
      vertex 23.3494 70 -50.4294
      vertex 30 70 -46
      vertex -23.3494 70 -50.4294
    endloop
  endfacet
  facet normal 0 -1 0
    outer loop
      vertex 30 70 -46
      vertex 23.3494 70 -50.4294
      vertex 24 70 -50.3
    endloop
  endfacet
  facet normal 0 -1 0
    outer loop
      vertex -22.7979 70 -50.7979
      vertex 23.3494 70 -50.4294
      vertex -23.3494 70 -50.4294
    endloop
  endfacet
  facet normal 0 -1 0
    outer loop
      vertex -22.7979 70 -50.7979
      vertex 22.7979 70 -50.7979
      vertex 23.3494 70 -50.4294
    endloop
  endfacet
  facet normal 0 -1 0
    outer loop
      vertex -22.4294 70 -51.3494
      vertex 22.7979 70 -50.7979
      vertex -22.7979 70 -50.7979
    endloop
  endfacet
  facet normal 0 -1 0
    outer loop
      vertex -22.4294 70 -51.3494
      vertex 22.4294 70 -51.3494
      vertex 22.7979 70 -50.7979
    endloop
  endfacet
  facet normal 0 -1 0
    outer loop
      vertex -22.3 70 -52
      vertex 22.4294 70 -51.3494
      vertex -22.4294 70 -51.3494
    endloop
  endfacet
  facet normal 0 -1 0
    outer loop
      vertex -22.3 70 -52
      vertex 22.3 70 -52
      vertex 22.4294 70 -51.3494
    endloop
  endfacet
  facet normal 0 -1 0
    outer loop
      vertex -22.4294 70 -52.6506
      vertex 22.3 70 -52
      vertex -22.3 70 -52
    endloop
  endfacet
  facet normal 0 -1 0
    outer loop
      vertex -22.4294 70 -52.6506
      vertex 22.4294 70 -52.6506
      vertex 22.3 70 -52
    endloop
  endfacet
  facet normal 0 -1 0
    outer loop
      vertex -1.55291 70 -84.2044
      vertex -22.4294 70 -52.6506
      vertex -22.7979 70 -53.2021
    endloop
  endfacet
  facet normal 0 -1 0
    outer loop
      vertex -22.4294 70 -52.6506
      vertex 0 70 -84
      vertex 22.4294 70 -52.6506
    endloop
  endfacet
  facet normal 0 -1 0
    outer loop
      vertex -3 70 -84.8038
      vertex -22.7979 70 -53.2021
      vertex -23.3494 70 -53.5706
    endloop
  endfacet
  facet normal 0 -1 0
    outer loop
      vertex 0.783156 70 -84.0513
      vertex 22.4294 70 -52.6506
      vertex 0 70 -84
    endloop
  endfacet
  facet normal 0 -1 0
    outer loop
      vertex -4.76012 70 -86.3474
      vertex -23.3494 70 -53.5706
      vertex -24 70 -53.7
    endloop
  endfacet
  facet normal 0 -1 0
    outer loop
      vertex 1.55291 70 -84.2044
      vertex 22.4294 70 -52.6506
      vertex 0.783156 70 -84.0513
    endloop
  endfacet
  facet normal 0 -1 0
    outer loop
      vertex -23.3494 70 -50.4294
      vertex -30 70 -46
      vertex -24 70 -50.3
    endloop
  endfacet
  facet normal 0 -1 0
    outer loop
      vertex -30 70 -46
      vertex -24.6506 70 -50.4294
      vertex -24 70 -50.3
    endloop
  endfacet
  facet normal 0 -1 0
    outer loop
      vertex -30 70 -46
      vertex -25.2021 70 -50.7979
      vertex -24.6506 70 -50.4294
    endloop
  endfacet
  facet normal 0 -1 0
    outer loop
      vertex -30 70 -46
      vertex -25.5706 70 -51.3494
      vertex -25.2021 70 -50.7979
    endloop
  endfacet
  facet normal 0 -1 0
    outer loop
      vertex -30 70 -46
      vertex -25.7 70 -52
      vertex -25.5706 70 -51.3494
    endloop
  endfacet
  facet normal 0 -1 0
    outer loop
      vertex -30 70 -46
      vertex -25.5706 70 -52.6506
      vertex -25.7 70 -52
    endloop
  endfacet
  facet normal 0 -1 -0
    outer loop
      vertex 22.4294 70 -52.6506
      vertex 1.55291 70 -84.2044
      vertex 22.7979 70 -53.2021
    endloop
  endfacet
  facet normal 0 -1 0
    outer loop
      vertex -5.54328 70 -87.7039
      vertex -24 70 -53.7
      vertex -24.6506 70 -53.5706
    endloop
  endfacet
  facet normal 0 -1 0
    outer loop
      vertex -6 70 -90
      vertex -24.6506 70 -53.5706
      vertex -25.2021 70 -53.2021
    endloop
  endfacet
  facet normal 0 -1 0
    outer loop
      vertex -22.4294 70 -52.6506
      vertex -0.783156 70 -84.0513
      vertex 0 70 -84
    endloop
  endfacet
  facet normal 0 -1 0
    outer loop
      vertex -22.4294 70 -52.6506
      vertex -1.55291 70 -84.2044
      vertex -0.783156 70 -84.0513
    endloop
  endfacet
  facet normal 0 -1 0
    outer loop
      vertex -22.7979 70 -53.2021
      vertex -2.2961 70 -84.4567
      vertex -1.55291 70 -84.2044
    endloop
  endfacet
  facet normal 0 -1 0
    outer loop
      vertex -22.7979 70 -53.2021
      vertex -3 70 -84.8038
      vertex -2.2961 70 -84.4567
    endloop
  endfacet
  facet normal 0 -1 0
    outer loop
      vertex -23.3494 70 -53.5706
      vertex -3.65257 70 -85.2399
      vertex -3 70 -84.8038
    endloop
  endfacet
  facet normal 0 -1 0
    outer loop
      vertex -23.3494 70 -53.5706
      vertex -4.24264 70 -85.7574
      vertex -3.65257 70 -85.2399
    endloop
  endfacet
  facet normal 0 -1 0
    outer loop
      vertex -25.2021 70 -134.798
      vertex -25.2021 70 -53.2021
      vertex -25.5706 70 -52.6506
    endloop
  endfacet
  facet normal 0 -1 0
    outer loop
      vertex -25.5706 70 -135.349
      vertex -25.5706 70 -52.6506
      vertex -30 70 -46
    endloop
  endfacet
  facet normal 0 -1 0
    outer loop
      vertex -23.3494 70 -53.5706
      vertex -4.76012 70 -86.3474
      vertex -4.24264 70 -85.7574
    endloop
  endfacet
  facet normal 0 -1 0
    outer loop
      vertex -24 70 -53.7
      vertex -5.19615 70 -87
      vertex -4.76012 70 -86.3474
    endloop
  endfacet
  facet normal 0 -1 0
    outer loop
      vertex -24 70 -53.7
      vertex -5.54328 70 -87.7039
      vertex -5.19615 70 -87
    endloop
  endfacet
  facet normal 0 -1 0
    outer loop
      vertex -24.6506 70 -53.5706
      vertex -5.79555 70 -88.4471
      vertex -5.54328 70 -87.7039
    endloop
  endfacet
  facet normal 0 -1 0
    outer loop
      vertex -24.6506 70 -53.5706
      vertex -5.94867 70 -89.2168
      vertex -5.79555 70 -88.4471
    endloop
  endfacet
  facet normal 0 -1 0
    outer loop
      vertex -24.6506 70 -53.5706
      vertex -6 70 -90
      vertex -5.94867 70 -89.2168
    endloop
  endfacet
  facet normal 0 -1 0
    outer loop
      vertex -25.2021 70 -53.2021
      vertex -25.2021 70 -134.798
      vertex -6 70 -90
    endloop
  endfacet
  facet normal 0 -1 -0
    outer loop
      vertex -6 70 -90
      vertex -25.2021 70 -134.798
      vertex -5.94867 70 -90.7832
    endloop
  endfacet
  facet normal -0 -1 0
    outer loop
      vertex -24.6506 70 -134.429
      vertex -5.94867 70 -90.7832
      vertex -25.2021 70 -134.798
    endloop
  endfacet
  facet normal 0 -1 -0
    outer loop
      vertex -5.94867 70 -90.7832
      vertex -24.6506 70 -134.429
      vertex -5.79555 70 -91.5529
    endloop
  endfacet
  facet normal 0 -1 -0
    outer loop
      vertex -2.2961 70 -95.5433
      vertex -22.7979 70 -134.798
      vertex -1.55291 70 -95.7956
    endloop
  endfacet
  facet normal 0 -1 0
    outer loop
      vertex -22.7979 70 -134.798
      vertex -2.2961 70 -95.5433
      vertex -23.3494 70 -134.429
    endloop
  endfacet
  facet normal 0 -1 -0
    outer loop
      vertex -3 70 -95.1962
      vertex -23.3494 70 -134.429
      vertex -2.2961 70 -95.5433
    endloop
  endfacet
  facet normal 0 -1 -0
    outer loop
      vertex -3.65257 70 -94.7601
      vertex -23.3494 70 -134.429
      vertex -3 70 -95.1962
    endloop
  endfacet
  facet normal 0 -1 0
    outer loop
      vertex -23.3494 70 -134.429
      vertex -3.65257 70 -94.7601
      vertex -24 70 -134.3
    endloop
  endfacet
  facet normal 0 -1 -0
    outer loop
      vertex -4.24264 70 -94.2426
      vertex -24 70 -134.3
      vertex -3.65257 70 -94.7601
    endloop
  endfacet
  facet normal 0 -1 -0
    outer loop
      vertex -4.76012 70 -93.6526
      vertex -24 70 -134.3
      vertex -4.24264 70 -94.2426
    endloop
  endfacet
  facet normal 0 -1 -0
    outer loop
      vertex -5.19615 70 -93
      vertex -24 70 -134.3
      vertex -4.76012 70 -93.6526
    endloop
  endfacet
  facet normal 0 -1 -0
    outer loop
      vertex -5.79555 70 -91.5529
      vertex -24.6506 70 -134.429
      vertex -5.54328 70 -92.2961
    endloop
  endfacet
  facet normal 0 -1 0
    outer loop
      vertex -5.19615 70 -93
      vertex -24.6506 70 -134.429
      vertex -24 70 -134.3
    endloop
  endfacet
  facet normal 0 -1 -0
    outer loop
      vertex -5.54328 70 -92.2961
      vertex -24.6506 70 -134.429
      vertex -5.19615 70 -93
    endloop
  endfacet
  facet normal 0 -1 0
    outer loop
      vertex -25.5706 70 -52.6506
      vertex -25.5706 70 -135.349
      vertex -25.2021 70 -134.798
    endloop
  endfacet
  facet normal 0 -1 0
    outer loop
      vertex -30 70 -142
      vertex -25.5706 70 -135.349
      vertex -30 70 -46
    endloop
  endfacet
  facet normal 0 -1 0
    outer loop
      vertex 30 70 -142
      vertex 23.3494 70 -137.571
      vertex -30 70 -142
    endloop
  endfacet
  facet normal 0 -1 -0
    outer loop
      vertex -24.6506 70 -137.571
      vertex -30 70 -142
      vertex -24 70 -137.7
    endloop
  endfacet
  facet normal 0 -1 -0
    outer loop
      vertex -25.2021 70 -137.202
      vertex -30 70 -142
      vertex -24.6506 70 -137.571
    endloop
  endfacet
  facet normal 0 -1 -0
    outer loop
      vertex -25.5706 70 -136.651
      vertex -30 70 -142
      vertex -25.2021 70 -137.202
    endloop
  endfacet
  facet normal 0 -1 -0
    outer loop
      vertex -25.7 70 -136
      vertex -30 70 -142
      vertex -25.5706 70 -136.651
    endloop
  endfacet
  facet normal 0 -1 0
    outer loop
      vertex -25.5706 70 -135.349
      vertex -30 70 -142
      vertex -25.7 70 -136
    endloop
  endfacet
  facet normal 0 -1 0
    outer loop
      vertex -30 70 -46
      vertex -23.3494 70 -50.4294
      vertex 30 70 -46
    endloop
  endfacet
  facet normal 0 -1 0
    outer loop
      vertex 24.6506 70 -50.4294
      vertex 30 70 -46
      vertex 24 70 -50.3
    endloop
  endfacet
  facet normal 0 -1 0
    outer loop
      vertex 25.2021 70 -50.7979
      vertex 30 70 -46
      vertex 24.6506 70 -50.4294
    endloop
  endfacet
  facet normal 0 -1 0
    outer loop
      vertex 25.5706 70 -51.3494
      vertex 30 70 -46
      vertex 25.2021 70 -50.7979
    endloop
  endfacet
  facet normal 0 -1 0
    outer loop
      vertex 25.7 70 -52
      vertex 30 70 -46
      vertex 25.5706 70 -51.3494
    endloop
  endfacet
  facet normal 0 -1 0
    outer loop
      vertex 25.5706 70 -52.6506
      vertex 30 70 -46
      vertex 25.7 70 -52
    endloop
  endfacet
  facet normal 0 -1 0
    outer loop
      vertex 2.2961 70 -84.4567
      vertex 22.7979 70 -53.2021
      vertex 1.55291 70 -84.2044
    endloop
  endfacet
  facet normal 0 -1 0
    outer loop
      vertex 3 70 -84.8038
      vertex 22.7979 70 -53.2021
      vertex 2.2961 70 -84.4567
    endloop
  endfacet
  facet normal 0 -1 -0
    outer loop
      vertex 22.7979 70 -53.2021
      vertex 3 70 -84.8038
      vertex 23.3494 70 -53.5706
    endloop
  endfacet
  facet normal 0 -1 0
    outer loop
      vertex 3.65257 70 -85.2399
      vertex 23.3494 70 -53.5706
      vertex 3 70 -84.8038
    endloop
  endfacet
  facet normal 0 -1 0
    outer loop
      vertex 4.24264 70 -85.7574
      vertex 23.3494 70 -53.5706
      vertex 3.65257 70 -85.2399
    endloop
  endfacet
  facet normal 0 -1 0
    outer loop
      vertex 4.76012 70 -86.3474
      vertex 23.3494 70 -53.5706
      vertex 4.24264 70 -85.7574
    endloop
  endfacet
  facet normal 0 -1 -0
    outer loop
      vertex 23.3494 70 -53.5706
      vertex 4.76012 70 -86.3474
      vertex 24 70 -53.7
    endloop
  endfacet
  facet normal 0 -1 0
    outer loop
      vertex 5.19615 70 -87
      vertex 24 70 -53.7
      vertex 4.76012 70 -86.3474
    endloop
  endfacet
  facet normal 0 -1 0
    outer loop
      vertex 5.54328 70 -87.7039
      vertex 24 70 -53.7
      vertex 5.19615 70 -87
    endloop
  endfacet
  facet normal 0 -1 -0
    outer loop
      vertex 24 70 -53.7
      vertex 5.54328 70 -87.7039
      vertex 24.6506 70 -53.5706
    endloop
  endfacet
  facet normal 0 -1 0
    outer loop
      vertex 5.79555 70 -88.4471
      vertex 24.6506 70 -53.5706
      vertex 5.54328 70 -87.7039
    endloop
  endfacet
  facet normal 0 -1 0
    outer loop
      vertex 5.94867 70 -89.2168
      vertex 24.6506 70 -53.5706
      vertex 5.79555 70 -88.4471
    endloop
  endfacet
  facet normal 0 -1 0
    outer loop
      vertex 6 70 -90
      vertex 24.6506 70 -53.5706
      vertex 5.94867 70 -89.2168
    endloop
  endfacet
  facet normal 0 -1 -0
    outer loop
      vertex 24.6506 70 -53.5706
      vertex 6 70 -90
      vertex 25.2021 70 -53.2021
    endloop
  endfacet
  facet normal 0 -1 0
    outer loop
      vertex 25.2021 70 -134.798
      vertex 25.2021 70 -53.2021
      vertex 6 70 -90
    endloop
  endfacet
  facet normal 0 -1 0
    outer loop
      vertex 25.2021 70 -53.2021
      vertex 25.2021 70 -134.798
      vertex 25.5706 70 -52.6506
    endloop
  endfacet
  facet normal 0 -1 0
    outer loop
      vertex 25.2021 70 -134.798
      vertex 6 70 -90
      vertex 5.94867 70 -90.7832
    endloop
  endfacet
  facet normal 0 -1 0
    outer loop
      vertex 24.6506 70 -134.429
      vertex 5.94867 70 -90.7832
      vertex 5.79555 70 -91.5529
    endloop
  endfacet
  facet normal 0 -1 0
    outer loop
      vertex 24.6506 70 -134.429
      vertex 5.79555 70 -91.5529
      vertex 5.54328 70 -92.2961
    endloop
  endfacet
  facet normal 0 -1 0
    outer loop
      vertex 24.6506 70 -134.429
      vertex 5.54328 70 -92.2961
      vertex 5.19615 70 -93
    endloop
  endfacet
  facet normal 0 -1 -0
    outer loop
      vertex -1.55291 70 -95.7956
      vertex -22.7979 70 -134.798
      vertex -0.783156 70 -95.9487
    endloop
  endfacet
  facet normal 0 -1 0
    outer loop
      vertex 0 70 -96
      vertex 24 70 -134.3
      vertex 0.783156 70 -95.9487
    endloop
  endfacet
  facet normal 0 -1 0
    outer loop
      vertex 0.783156 70 -95.9487
      vertex 24 70 -134.3
      vertex 1.55291 70 -95.7956
    endloop
  endfacet
  facet normal 0 -1 0
    outer loop
      vertex 1.55291 70 -95.7956
      vertex 24 70 -134.3
      vertex 2.2961 70 -95.5433
    endloop
  endfacet
  facet normal 0 -1 0
    outer loop
      vertex 2.2961 70 -95.5433
      vertex 24 70 -134.3
      vertex 3 70 -95.1962
    endloop
  endfacet
  facet normal 0 -1 0
    outer loop
      vertex 3 70 -95.1962
      vertex 24 70 -134.3
      vertex 3.65257 70 -94.7601
    endloop
  endfacet
  facet normal 0 -1 0
    outer loop
      vertex 3.65257 70 -94.7601
      vertex 24 70 -134.3
      vertex 4.24264 70 -94.2426
    endloop
  endfacet
  facet normal 0 -1 0
    outer loop
      vertex 4.24264 70 -94.2426
      vertex 24 70 -134.3
      vertex 4.76012 70 -93.6526
    endloop
  endfacet
  facet normal 0 -1 0
    outer loop
      vertex 24 70 -134.3
      vertex 5.19615 70 -93
      vertex 4.76012 70 -93.6526
    endloop
  endfacet
  facet normal 0 -1 0
    outer loop
      vertex 24.6506 70 -134.429
      vertex 5.19615 70 -93
      vertex 24 70 -134.3
    endloop
  endfacet
  facet normal 0 -1 0
    outer loop
      vertex 5.94867 70 -90.7832
      vertex 24.6506 70 -134.429
      vertex 25.2021 70 -134.798
    endloop
  endfacet
  facet normal 0 -1 0
    outer loop
      vertex 25.5706 70 -135.349
      vertex 25.5706 70 -52.6506
      vertex 25.2021 70 -134.798
    endloop
  endfacet
  facet normal 0 -1 0
    outer loop
      vertex 25.5706 70 -52.6506
      vertex 25.5706 70 -135.349
      vertex 30 70 -46
    endloop
  endfacet
  facet normal 0 -1 0
    outer loop
      vertex 30 70 -142
      vertex 25.5706 70 -135.349
      vertex 25.7 70 -136
    endloop
  endfacet
  facet normal 0 -1 0
    outer loop
      vertex 25.5706 70 -135.349
      vertex 30 70 -142
      vertex 30 70 -46
    endloop
  endfacet
  facet normal 0 -1 0
    outer loop
      vertex 25.5706 70 -136.651
      vertex 30 70 -142
      vertex 25.7 70 -136
    endloop
  endfacet
  facet normal 0 -1 0
    outer loop
      vertex 25.2021 70 -137.202
      vertex 30 70 -142
      vertex 25.5706 70 -136.651
    endloop
  endfacet
  facet normal 0 -1 0
    outer loop
      vertex 24.6506 70 -137.571
      vertex 30 70 -142
      vertex 25.2021 70 -137.202
    endloop
  endfacet
  facet normal 0 -1 0
    outer loop
      vertex 24 70 -137.7
      vertex 30 70 -142
      vertex 24.6506 70 -137.571
    endloop
  endfacet
  facet normal 0 -1 0
    outer loop
      vertex 23.3494 70 -137.571
      vertex 30 70 -142
      vertex 24 70 -137.7
    endloop
  endfacet
  facet normal -0.831399 0.555676 0
    outer loop
      vertex -12.9904 119.5 -60
      vertex -11.9003 121.131 -52
      vertex -11.9003 121.131 -60
    endloop
  endfacet
  facet normal -0.831399 0.555676 0
    outer loop
      vertex -11.9003 121.131 -52
      vertex -12.9904 119.5 -60
      vertex -12.9904 119.5 -52
    endloop
  endfacet
  facet normal -0.752021 0.659139 0
    outer loop
      vertex -11.9003 121.131 -60
      vertex -10.6066 122.607 -52
      vertex -10.6066 122.607 -60
    endloop
  endfacet
  facet normal -0.752021 0.659139 0
    outer loop
      vertex -10.6066 122.607 -52
      vertex -11.9003 121.131 -60
      vertex -11.9003 121.131 -52
    endloop
  endfacet
  facet normal 0.659145 0.752016 -0
    outer loop
      vertex 10.6066 122.607 -60
      vertex 9.13142 123.9 -52
      vertex 10.6066 122.607 -52
    endloop
  endfacet
  facet normal 0.659145 0.752016 0
    outer loop
      vertex 9.13142 123.9 -52
      vertex 10.6066 122.607 -60
      vertex 9.13142 123.9 -60
    endloop
  endfacet
  facet normal 0.99786 0.0653858 0
    outer loop
      vertex 15 112 -52
      vertex 14.8717 113.958 -60
      vertex 14.8717 113.958 -52
    endloop
  endfacet
  facet normal 0.99786 0.0653858 0
    outer loop
      vertex 14.8717 113.958 -60
      vertex 15 112 -52
      vertex 15 112 -60
    endloop
  endfacet
  facet normal -0.980776 0.195136 0
    outer loop
      vertex -14.8717 113.958 -60
      vertex -14.4889 115.882 -52
      vertex -14.4889 115.882 -60
    endloop
  endfacet
  facet normal -0.980776 0.195136 0
    outer loop
      vertex -14.4889 115.882 -52
      vertex -14.8717 113.958 -60
      vertex -14.8717 113.958 -52
    endloop
  endfacet
  facet normal -0.0652372 0.99787 0
    outer loop
      vertex 0 127 -60
      vertex -1.95789 126.872 -52
      vertex 0 127 -52
    endloop
  endfacet
  facet normal -0.0652372 0.99787 0
    outer loop
      vertex -1.95789 126.872 -52
      vertex 0 127 -60
      vertex -1.95789 126.872 -60
    endloop
  endfacet
  facet normal -0.99786 0.0653858 0
    outer loop
      vertex -15 112 -60
      vertex -14.8717 113.958 -52
      vertex -14.8717 113.958 -60
    endloop
  endfacet
  facet normal -0.99786 0.0653858 0
    outer loop
      vertex -14.8717 113.958 -52
      vertex -15 112 -60
      vertex -15 112 -52
    endloop
  endfacet
  facet normal 0.999635 0.0270187 0
    outer loop
      vertex 15.3784 98 -52
      vertex 15 112 -60
      vertex 15 112 -52
    endloop
  endfacet
  facet normal 0.999635 0.0270187 0
    outer loop
      vertex 15 112 -60
      vertex 15.3784 98 -52
      vertex 15.3784 98 -60
    endloop
  endfacet
  facet normal -0.442351 0.896842 0
    outer loop
      vertex -6.06457 125.698 -60
      vertex -7.5 124.99 -52
      vertex -6.06457 125.698 -52
    endloop
  endfacet
  facet normal -0.442351 0.896842 0
    outer loop
      vertex -7.5 124.99 -52
      vertex -6.06457 125.698 -60
      vertex -7.5 124.99 -60
    endloop
  endfacet
  facet normal 0.0652372 0.99787 -0
    outer loop
      vertex 1.95789 126.872 -60
      vertex 0 127 -52
      vertex 1.95789 126.872 -52
    endloop
  endfacet
  facet normal 0.0652372 0.99787 0
    outer loop
      vertex 0 127 -52
      vertex 1.95789 126.872 -60
      vertex 0 127 -60
    endloop
  endfacet
  facet normal 0.980776 0.195136 0
    outer loop
      vertex 14.8717 113.958 -52
      vertex 14.4889 115.882 -60
      vertex 14.4889 115.882 -52
    endloop
  endfacet
  facet normal 0.980776 0.195136 0
    outer loop
      vertex 14.4889 115.882 -60
      vertex 14.8717 113.958 -52
      vertex 14.8717 113.958 -60
    endloop
  endfacet
  facet normal -0.999635 0.0270187 0
    outer loop
      vertex -15.3784 98 -60
      vertex -15 112 -52
      vertex -15 112 -60
    endloop
  endfacet
  facet normal -0.999635 0.0270187 0
    outer loop
      vertex -15 112 -52
      vertex -15.3784 98 -60
      vertex -15.3784 98 -52
    endloop
  endfacet
  facet normal -0.946931 0.321437 0
    outer loop
      vertex -14.4889 115.882 -60
      vertex -13.8582 117.74 -52
      vertex -13.8582 117.74 -60
    endloop
  endfacet
  facet normal -0.946931 0.321437 0
    outer loop
      vertex -13.8582 117.74 -52
      vertex -14.4889 115.882 -60
      vertex -14.4889 115.882 -52
    endloop
  endfacet
  facet normal 0.8969 0.442233 0
    outer loop
      vertex 13.8582 117.74 -52
      vertex 12.9904 119.5 -60
      vertex 12.9904 119.5 -52
    endloop
  endfacet
  facet normal 0.8969 0.442233 0
    outer loop
      vertex 12.9904 119.5 -60
      vertex 13.8582 117.74 -52
      vertex 13.8582 117.74 -60
    endloop
  endfacet
  facet normal -0.555542 0.831488 0
    outer loop
      vertex -7.5 124.99 -60
      vertex -9.13142 123.9 -52
      vertex -7.5 124.99 -52
    endloop
  endfacet
  facet normal -0.555542 0.831488 0
    outer loop
      vertex -9.13142 123.9 -52
      vertex -7.5 124.99 -60
      vertex -9.13142 123.9 -60
    endloop
  endfacet
  facet normal 0.442351 0.896842 -0
    outer loop
      vertex 7.5 124.99 -60
      vertex 6.06457 125.698 -52
      vertex 7.5 124.99 -52
    endloop
  endfacet
  facet normal 0.442351 0.896842 0
    outer loop
      vertex 6.06457 125.698 -52
      vertex 7.5 124.99 -60
      vertex 6.06457 125.698 -60
    endloop
  endfacet
  facet normal -0.8969 0.442233 0
    outer loop
      vertex -13.8582 117.74 -60
      vertex -12.9904 119.5 -52
      vertex -12.9904 119.5 -60
    endloop
  endfacet
  facet normal -0.8969 0.442233 0
    outer loop
      vertex -12.9904 119.5 -52
      vertex -13.8582 117.74 -60
      vertex -13.8582 117.74 -52
    endloop
  endfacet
  facet normal -0.195469 0.98071 0
    outer loop
      vertex -1.95789 126.872 -60
      vertex -3.72395 126.52 -52
      vertex -1.95789 126.872 -52
    endloop
  endfacet
  facet normal -0.195469 0.98071 0
    outer loop
      vertex -3.72395 126.52 -52
      vertex -1.95789 126.872 -60
      vertex -3.72395 126.52 -60
    endloop
  endfacet
  facet normal 0.831399 0.555676 0
    outer loop
      vertex 12.9904 119.5 -52
      vertex 11.9003 121.131 -60
      vertex 11.9003 121.131 -52
    endloop
  endfacet
  facet normal 0.831399 0.555676 0
    outer loop
      vertex 11.9003 121.131 -60
      vertex 12.9904 119.5 -52
      vertex 12.9904 119.5 -60
    endloop
  endfacet
  facet normal 0.752021 0.659139 0
    outer loop
      vertex 11.9003 121.131 -52
      vertex 10.6066 122.607 -60
      vertex 10.6066 122.607 -52
    endloop
  endfacet
  facet normal 0.752021 0.659139 0
    outer loop
      vertex 10.6066 122.607 -60
      vertex 11.9003 121.131 -52
      vertex 11.9003 121.131 -60
    endloop
  endfacet
  facet normal -0.659145 0.752016 0
    outer loop
      vertex -9.13142 123.9 -60
      vertex -10.6066 122.607 -52
      vertex -9.13142 123.9 -52
    endloop
  endfacet
  facet normal -0.659145 0.752016 0
    outer loop
      vertex -10.6066 122.607 -52
      vertex -9.13142 123.9 -60
      vertex -10.6066 122.607 -60
    endloop
  endfacet
  facet normal 0.946931 0.321437 0
    outer loop
      vertex 14.4889 115.882 -52
      vertex 13.8582 117.74 -60
      vertex 13.8582 117.74 -52
    endloop
  endfacet
  facet normal 0.946931 0.321437 0
    outer loop
      vertex 13.8582 117.74 -60
      vertex 14.4889 115.882 -52
      vertex 14.4889 115.882 -60
    endloop
  endfacet
  facet normal 0.195469 0.98071 -0
    outer loop
      vertex 3.72395 126.52 -60
      vertex 1.95789 126.872 -52
      vertex 3.72395 126.52 -52
    endloop
  endfacet
  facet normal 0.195469 0.98071 0
    outer loop
      vertex 1.95789 126.872 -52
      vertex 3.72395 126.52 -60
      vertex 1.95789 126.872 -60
    endloop
  endfacet
  facet normal 0 0 -1
    outer loop
      vertex 4.82963 113.294 -60
      vertex 14.4889 115.882 -60
      vertex 4.95722 112.653 -60
    endloop
  endfacet
  facet normal 0 0 -1
    outer loop
      vertex 13 98 -60
      vertex 4.82963 110.706 -60
      vertex 4.95722 111.347 -60
    endloop
  endfacet
  facet normal 0 0 -1
    outer loop
      vertex 13 98 -60
      vertex 4.6194 110.087 -60
      vertex 4.82963 110.706 -60
    endloop
  endfacet
  facet normal 0 0 -1
    outer loop
      vertex -4.50251 78.101 -60
      vertex 13 98 -60
      vertex 4.50251 78.101 -60
    endloop
  endfacet
  facet normal 0 0 -1
    outer loop
      vertex 13 98 -60
      vertex 4.33013 109.5 -60
      vertex 4.6194 110.087 -60
    endloop
  endfacet
  facet normal 0 0 -1
    outer loop
      vertex -4.50251 78.101 -60
      vertex 4.50251 78.101 -60
      vertex 4.08076 77.8192 -60
    endloop
  endfacet
  facet normal 0 0 -1
    outer loop
      vertex 13 98 -60
      vertex 3.96677 108.956 -60
      vertex 4.33013 109.5 -60
    endloop
  endfacet
  facet normal 0 0 -1
    outer loop
      vertex -4.08076 77.8192 -60
      vertex 4.08076 77.8192 -60
      vertex 3.79896 77.3975 -60
    endloop
  endfacet
  facet normal 0 0 -1
    outer loop
      vertex -3.79896 77.3975 -60
      vertex 3.79896 77.3975 -60
      vertex 3.7 76.9 -60
    endloop
  endfacet
  facet normal 0 0 -1
    outer loop
      vertex 13 98 -60
      vertex 3.53553 108.464 -60
      vertex 3.96677 108.956 -60
    endloop
  endfacet
  facet normal 0 0 -1
    outer loop
      vertex 5.91924 77.8192 -60
      vertex 13 98 -60
      vertex 13 74 -60
    endloop
  endfacet
  facet normal -0 0 -1
    outer loop
      vertex 14.8717 113.958 -60
      vertex 4.95722 112.653 -60
      vertex 14.4889 115.882 -60
    endloop
  endfacet
  facet normal -0 0 -1
    outer loop
      vertex 14.4889 115.882 -60
      vertex 4.82963 113.294 -60
      vertex 13.8582 117.74 -60
    endloop
  endfacet
  facet normal 0 0 -1
    outer loop
      vertex 4.6194 113.913 -60
      vertex 13.8582 117.74 -60
      vertex 4.82963 113.294 -60
    endloop
  endfacet
  facet normal -0 0 -1
    outer loop
      vertex 13.8582 117.74 -60
      vertex 4.6194 113.913 -60
      vertex 12.9904 119.5 -60
    endloop
  endfacet
  facet normal 0 0 -1
    outer loop
      vertex 6.20104 77.3975 -60
      vertex 13 74 -60
      vertex 6.3 76.9 -60
    endloop
  endfacet
  facet normal 0 0 -1
    outer loop
      vertex 13 74 -60
      vertex 6.20104 76.4025 -60
      vertex 6.3 76.9 -60
    endloop
  endfacet
  facet normal 0 0 -1
    outer loop
      vertex 13 74 -60
      vertex 5.91924 75.9808 -60
      vertex 6.20104 76.4025 -60
    endloop
  endfacet
  facet normal 0 0 -1
    outer loop
      vertex 13 74 -60
      vertex 5.49749 75.699 -60
      vertex 5.91924 75.9808 -60
    endloop
  endfacet
  facet normal 0 0 -1
    outer loop
      vertex 13 74 -60
      vertex 5 75.6 -60
      vertex 5.49749 75.699 -60
    endloop
  endfacet
  facet normal 0 0 -1
    outer loop
      vertex -5 75.6 -60
      vertex 5 75.6 -60
      vertex 13 74 -60
    endloop
  endfacet
  facet normal 0 0 -1
    outer loop
      vertex 13 98 -60
      vertex 3.04381 108.033 -60
      vertex 3.53553 108.464 -60
    endloop
  endfacet
  facet normal 0 0 -1
    outer loop
      vertex 13 98 -60
      vertex 2.5 107.67 -60
      vertex 3.04381 108.033 -60
    endloop
  endfacet
  facet normal 0 0 -1
    outer loop
      vertex 13 98 -60
      vertex 1.91342 107.381 -60
      vertex 2.5 107.67 -60
    endloop
  endfacet
  facet normal 0 0 -1
    outer loop
      vertex 13 98 -60
      vertex 1.2941 107.17 -60
      vertex 1.91342 107.381 -60
    endloop
  endfacet
  facet normal 0 0 -1
    outer loop
      vertex 13 98 -60
      vertex 0.652631 107.043 -60
      vertex 1.2941 107.17 -60
    endloop
  endfacet
  facet normal -0 0 -1
    outer loop
      vertex 13 98 -60
      vertex -4.50251 78.101 -60
      vertex 0 107 -60
    endloop
  endfacet
  facet normal 0 0 -1
    outer loop
      vertex 13 98 -60
      vertex 0 107 -60
      vertex 0.652631 107.043 -60
    endloop
  endfacet
  facet normal -0 0 -1
    outer loop
      vertex 0 107 -60
      vertex -4.50251 78.101 -60
      vertex -0.652631 107.043 -60
    endloop
  endfacet
  facet normal 0 0 -1
    outer loop
      vertex -5 78.2 -60
      vertex -0.652631 107.043 -60
      vertex -4.50251 78.101 -60
    endloop
  endfacet
  facet normal -0 0 -1
    outer loop
      vertex -0.652631 107.043 -60
      vertex -5 78.2 -60
      vertex -1.2941 107.17 -60
    endloop
  endfacet
  facet normal 0 0 -1
    outer loop
      vertex -3.7 76.9 -60
      vertex 3.7 76.9 -60
      vertex 3.79896 76.4025 -60
    endloop
  endfacet
  facet normal -0 0 -1
    outer loop
      vertex -1.2941 107.17 -60
      vertex -5 78.2 -60
      vertex -1.91342 107.381 -60
    endloop
  endfacet
  facet normal 0 0 -1
    outer loop
      vertex -5.49749 78.101 -60
      vertex -1.91342 107.381 -60
      vertex -5 78.2 -60
    endloop
  endfacet
  facet normal 0 0 -1
    outer loop
      vertex 3.7 76.9 -60
      vertex -3.7 76.9 -60
      vertex -3.79896 77.3975 -60
    endloop
  endfacet
  facet normal 0 0 -1
    outer loop
      vertex -3.79896 76.4025 -60
      vertex 3.79896 76.4025 -60
      vertex 4.08076 75.9808 -60
    endloop
  endfacet
  facet normal 0 0 -1
    outer loop
      vertex -4.08076 75.9808 -60
      vertex 4.08076 75.9808 -60
      vertex 4.50251 75.699 -60
    endloop
  endfacet
  facet normal 0 0 -1
    outer loop
      vertex 5 75.6 -60
      vertex -5 75.6 -60
      vertex 4.50251 75.699 -60
    endloop
  endfacet
  facet normal 0 0 -1
    outer loop
      vertex 3.79896 76.4025 -60
      vertex -3.79896 76.4025 -60
      vertex -3.7 76.9 -60
    endloop
  endfacet
  facet normal 0 0 -1
    outer loop
      vertex 4.08076 75.9808 -60
      vertex -4.08076 75.9808 -60
      vertex -3.79896 76.4025 -60
    endloop
  endfacet
  facet normal 0 0 -1
    outer loop
      vertex 4.50251 75.699 -60
      vertex -4.50251 75.699 -60
      vertex -4.08076 75.9808 -60
    endloop
  endfacet
  facet normal -0 0 -1
    outer loop
      vertex 4.50251 75.699 -60
      vertex -5 75.6 -60
      vertex -4.50251 75.699 -60
    endloop
  endfacet
  facet normal 0 0 -1
    outer loop
      vertex -5 125.1 -60
      vertex -9.13142 123.9 -60
      vertex -7.5 124.99 -60
    endloop
  endfacet
  facet normal 0 0 -1
    outer loop
      vertex -6.20104 77.3975 -60
      vertex -13 98 -60
      vertex -9.13142 123.9 -60
    endloop
  endfacet
  facet normal 0 0 -1
    outer loop
      vertex -15 112 -60
      vertex -9.13142 123.9 -60
      vertex -13 98 -60
    endloop
  endfacet
  facet normal 0 0 -1
    outer loop
      vertex -9.13142 123.9 -60
      vertex -15 112 -60
      vertex -10.6066 122.607 -60
    endloop
  endfacet
  facet normal 0 0 -1
    outer loop
      vertex -13 74 -60
      vertex -5 75.6 -60
      vertex 13 74 -60
    endloop
  endfacet
  facet normal 0 0 -1
    outer loop
      vertex -13 74 -60
      vertex -5.49749 75.699 -60
      vertex -5 75.6 -60
    endloop
  endfacet
  facet normal 0 0 -1
    outer loop
      vertex -13 74 -60
      vertex -5.91924 75.9808 -60
      vertex -5.49749 75.699 -60
    endloop
  endfacet
  facet normal 0 0 -1
    outer loop
      vertex -13 74 -60
      vertex -6.20104 76.4025 -60
      vertex -5.91924 75.9808 -60
    endloop
  endfacet
  facet normal 0 0 -1
    outer loop
      vertex -13 74 -60
      vertex -6.3 76.9 -60
      vertex -6.20104 76.4025 -60
    endloop
  endfacet
  facet normal -0 0 -1
    outer loop
      vertex -6.20104 77.3975 -60
      vertex -13 74 -60
      vertex -13 98 -60
    endloop
  endfacet
  facet normal 0 0 -1
    outer loop
      vertex -10.6066 122.607 -60
      vertex -15 112 -60
      vertex -11.9003 121.131 -60
    endloop
  endfacet
  facet normal 0 0 -1
    outer loop
      vertex -11.9003 121.131 -60
      vertex -15 112 -60
      vertex -12.9904 119.5 -60
    endloop
  endfacet
  facet normal 0 0 -1
    outer loop
      vertex -12.9904 119.5 -60
      vertex -15 112 -60
      vertex -13.8582 117.74 -60
    endloop
  endfacet
  facet normal 0 0 -1
    outer loop
      vertex -13.8582 117.74 -60
      vertex -15 112 -60
      vertex -14.4889 115.882 -60
    endloop
  endfacet
  facet normal 0 0 -1
    outer loop
      vertex -14.4889 115.882 -60
      vertex -15 112 -60
      vertex -14.8717 113.958 -60
    endloop
  endfacet
  facet normal 0 -0 -1
    outer loop
      vertex -15 112 -60
      vertex -13 98 -60
      vertex -15.3784 98 -60
    endloop
  endfacet
  facet normal 0 0 -1
    outer loop
      vertex 13 98 -60
      vertex 15 112 -60
      vertex 15.3784 98 -60
    endloop
  endfacet
  facet normal 0 0 -1
    outer loop
      vertex 4.95722 111.347 -60
      vertex 15 112 -60
      vertex 13 98 -60
    endloop
  endfacet
  facet normal 0 -0 -1
    outer loop
      vertex 5 112 -60
      vertex 15 112 -60
      vertex 4.95722 111.347 -60
    endloop
  endfacet
  facet normal 0 0 -1
    outer loop
      vertex 15 112 -60
      vertex 5 112 -60
      vertex 14.8717 113.958 -60
    endloop
  endfacet
  facet normal 0 0 -1
    outer loop
      vertex 4.95722 112.653 -60
      vertex 14.8717 113.958 -60
      vertex 5 112 -60
    endloop
  endfacet
  facet normal 0 0 -1
    outer loop
      vertex 5.91924 77.8192 -60
      vertex 13 74 -60
      vertex 6.20104 77.3975 -60
    endloop
  endfacet
  facet normal 0 0 -1
    outer loop
      vertex 4.33013 114.5 -60
      vertex 12.9904 119.5 -60
      vertex 4.6194 113.913 -60
    endloop
  endfacet
  facet normal 0 0 -1
    outer loop
      vertex 5.49749 78.101 -60
      vertex 13 98 -60
      vertex 5.91924 77.8192 -60
    endloop
  endfacet
  facet normal -0 0 -1
    outer loop
      vertex 12.9904 119.5 -60
      vertex 4.33013 114.5 -60
      vertex 11.9003 121.131 -60
    endloop
  endfacet
  facet normal 0 0 -1
    outer loop
      vertex 5 78.2 -60
      vertex 13 98 -60
      vertex 5.49749 78.101 -60
    endloop
  endfacet
  facet normal 0 0 -1
    outer loop
      vertex 3.96677 115.044 -60
      vertex 11.9003 121.131 -60
      vertex 4.33013 114.5 -60
    endloop
  endfacet
  facet normal 0 0 -1
    outer loop
      vertex 4.50251 78.101 -60
      vertex 13 98 -60
      vertex 5 78.2 -60
    endloop
  endfacet
  facet normal -0 0 -1
    outer loop
      vertex 11.9003 121.131 -60
      vertex 3.96677 115.044 -60
      vertex 10.6066 122.607 -60
    endloop
  endfacet
  facet normal 0 0 -1
    outer loop
      vertex 3.53553 115.536 -60
      vertex 10.6066 122.607 -60
      vertex 3.96677 115.044 -60
    endloop
  endfacet
  facet normal 0 0 -1
    outer loop
      vertex 7.5 124.99 -60
      vertex 5.91924 125.481 -60
      vertex 6.06457 125.698 -60
    endloop
  endfacet
  facet normal -0 0 -1
    outer loop
      vertex 10.6066 122.607 -60
      vertex 3.53553 115.536 -60
      vertex 9.13142 123.9 -60
    endloop
  endfacet
  facet normal 0 0 -1
    outer loop
      vertex 3.04381 115.967 -60
      vertex 9.13142 123.9 -60
      vertex 3.53553 115.536 -60
    endloop
  endfacet
  facet normal 0 0 -1
    outer loop
      vertex 7.5 124.99 -60
      vertex 5.49749 125.199 -60
      vertex 5.91924 125.481 -60
    endloop
  endfacet
  facet normal 0 -0 -1
    outer loop
      vertex 5 125.1 -60
      vertex 9.13142 123.9 -60
      vertex 3.04381 115.967 -60
    endloop
  endfacet
  facet normal 0 0 -1
    outer loop
      vertex 9.13142 123.9 -60
      vertex 5 125.1 -60
      vertex 7.5 124.99 -60
    endloop
  endfacet
  facet normal 0 0 -1
    outer loop
      vertex 7.5 124.99 -60
      vertex 5 125.1 -60
      vertex 5.49749 125.199 -60
    endloop
  endfacet
  facet normal 0 0 -1
    outer loop
      vertex 2.5 116.33 -60
      vertex 5 125.1 -60
      vertex 3.04381 115.967 -60
    endloop
  endfacet
  facet normal 0 0 -1
    outer loop
      vertex 1.91342 116.619 -60
      vertex 5 125.1 -60
      vertex 2.5 116.33 -60
    endloop
  endfacet
  facet normal -0 0 -1
    outer loop
      vertex 5 125.1 -60
      vertex 1.91342 116.619 -60
      vertex 4.50251 125.199 -60
    endloop
  endfacet
  facet normal 0 0 -1
    outer loop
      vertex 1.2941 116.83 -60
      vertex 4.50251 125.199 -60
      vertex 1.91342 116.619 -60
    endloop
  endfacet
  facet normal 0 0 -1
    outer loop
      vertex 0.652631 116.957 -60
      vertex 4.50251 125.199 -60
      vertex 1.2941 116.83 -60
    endloop
  endfacet
  facet normal 0 0 -1
    outer loop
      vertex 3.7 126.4 -60
      vertex 1.95789 126.872 -60
      vertex 3.72395 126.52 -60
    endloop
  endfacet
  facet normal -0 0 -1
    outer loop
      vertex 4.50251 125.199 -60
      vertex 0.652631 116.957 -60
      vertex 4.08076 125.481 -60
    endloop
  endfacet
  facet normal 0 0 -1
    outer loop
      vertex 0 117 -60
      vertex 4.08076 125.481 -60
      vertex 0.652631 116.957 -60
    endloop
  endfacet
  facet normal 0 0 -1
    outer loop
      vertex 0 127 -60
      vertex 4.08076 125.481 -60
      vertex 0 117 -60
    endloop
  endfacet
  facet normal 0 0 -1
    outer loop
      vertex 3.79896 125.903 -60
      vertex 1.95789 126.872 -60
      vertex 3.7 126.4 -60
    endloop
  endfacet
  facet normal -0 -0 -1
    outer loop
      vertex 1.95789 126.872 -60
      vertex 4.08076 125.481 -60
      vertex 0 127 -60
    endloop
  endfacet
  facet normal 0 0 -1
    outer loop
      vertex 4.08076 125.481 -60
      vertex 1.95789 126.872 -60
      vertex 3.79896 125.903 -60
    endloop
  endfacet
  facet normal 0 0 -1
    outer loop
      vertex -4.08076 125.481 -60
      vertex 0 117 -60
      vertex -0.652631 116.957 -60
    endloop
  endfacet
  facet normal 0 0 -1
    outer loop
      vertex -4.50251 125.199 -60
      vertex -0.652631 116.957 -60
      vertex -1.2941 116.83 -60
    endloop
  endfacet
  facet normal 0 0 -1
    outer loop
      vertex -4.50251 125.199 -60
      vertex -1.2941 116.83 -60
      vertex -1.91342 116.619 -60
    endloop
  endfacet
  facet normal 0 0 -1
    outer loop
      vertex 0 117 -60
      vertex -4.08076 125.481 -60
      vertex 0 127 -60
    endloop
  endfacet
  facet normal 0 0 -1
    outer loop
      vertex -5 125.1 -60
      vertex -1.91342 116.619 -60
      vertex -2.5 116.33 -60
    endloop
  endfacet
  facet normal 0 0 -1
    outer loop
      vertex -5 125.1 -60
      vertex -2.5 116.33 -60
      vertex -3.04381 115.967 -60
    endloop
  endfacet
  facet normal 0 0 -1
    outer loop
      vertex -9.13142 123.9 -60
      vertex -3.04381 115.967 -60
      vertex -3.53553 115.536 -60
    endloop
  endfacet
  facet normal 0 0 -1
    outer loop
      vertex 0 127 -60
      vertex -4.08076 125.481 -60
      vertex -1.95789 126.872 -60
    endloop
  endfacet
  facet normal 0 0 -1
    outer loop
      vertex -1.95789 126.872 -60
      vertex -3.7 126.4 -60
      vertex -3.72395 126.52 -60
    endloop
  endfacet
  facet normal 0 0 -1
    outer loop
      vertex -1.95789 126.872 -60
      vertex -3.79896 125.903 -60
      vertex -3.7 126.4 -60
    endloop
  endfacet
  facet normal 0 0 -1
    outer loop
      vertex -9.13142 123.9 -60
      vertex -3.53553 115.536 -60
      vertex -3.96677 115.044 -60
    endloop
  endfacet
  facet normal 0 0 -1
    outer loop
      vertex -1.95789 126.872 -60
      vertex -4.08076 125.481 -60
      vertex -3.79896 125.903 -60
    endloop
  endfacet
  facet normal 0 0 -1
    outer loop
      vertex -9.13142 123.9 -60
      vertex -3.96677 115.044 -60
      vertex -4.33013 114.5 -60
    endloop
  endfacet
  facet normal 0 0 -1
    outer loop
      vertex -0.652631 116.957 -60
      vertex -4.50251 125.199 -60
      vertex -4.08076 125.481 -60
    endloop
  endfacet
  facet normal 0 0 -1
    outer loop
      vertex -9.13142 123.9 -60
      vertex -4.33013 114.5 -60
      vertex -4.6194 113.913 -60
    endloop
  endfacet
  facet normal 0 0 -1
    outer loop
      vertex -9.13142 123.9 -60
      vertex -4.6194 113.913 -60
      vertex -4.82963 113.294 -60
    endloop
  endfacet
  facet normal 0 0 -1
    outer loop
      vertex -9.13142 123.9 -60
      vertex -4.82963 113.294 -60
      vertex -4.95722 112.653 -60
    endloop
  endfacet
  facet normal 0 0 -1
    outer loop
      vertex -9.13142 123.9 -60
      vertex -4.95722 112.653 -60
      vertex -5 112 -60
    endloop
  endfacet
  facet normal 0 0 -1
    outer loop
      vertex -1.91342 116.619 -60
      vertex -5 125.1 -60
      vertex -4.50251 125.199 -60
    endloop
  endfacet
  facet normal 0 0 -1
    outer loop
      vertex 3.79896 77.3975 -60
      vertex -3.79896 77.3975 -60
      vertex -4.08076 77.8192 -60
    endloop
  endfacet
  facet normal 0 0 -1
    outer loop
      vertex 4.08076 77.8192 -60
      vertex -4.08076 77.8192 -60
      vertex -4.50251 78.101 -60
    endloop
  endfacet
  facet normal -0 0 -1
    outer loop
      vertex -1.91342 107.381 -60
      vertex -5.49749 78.101 -60
      vertex -2.5 107.67 -60
    endloop
  endfacet
  facet normal -0 0 -1
    outer loop
      vertex -2.5 107.67 -60
      vertex -5.49749 78.101 -60
      vertex -3.04381 108.033 -60
    endloop
  endfacet
  facet normal -0 0 -1
    outer loop
      vertex -3.04381 108.033 -60
      vertex -5.49749 78.101 -60
      vertex -3.53553 108.464 -60
    endloop
  endfacet
  facet normal 0 0 -1
    outer loop
      vertex -5.91924 77.8192 -60
      vertex -3.53553 108.464 -60
      vertex -5.49749 78.101 -60
    endloop
  endfacet
  facet normal -0 0 -1
    outer loop
      vertex -3.53553 108.464 -60
      vertex -5.91924 77.8192 -60
      vertex -3.96677 108.956 -60
    endloop
  endfacet
  facet normal -0 0 -1
    outer loop
      vertex -3.96677 108.956 -60
      vertex -5.91924 77.8192 -60
      vertex -4.33013 109.5 -60
    endloop
  endfacet
  facet normal 0 0 -1
    outer loop
      vertex -6.20104 77.3975 -60
      vertex -4.33013 109.5 -60
      vertex -5.91924 77.8192 -60
    endloop
  endfacet
  facet normal -0 0 -1
    outer loop
      vertex -4.33013 109.5 -60
      vertex -6.20104 77.3975 -60
      vertex -4.6194 110.087 -60
    endloop
  endfacet
  facet normal -0 0 -1
    outer loop
      vertex -4.6194 110.087 -60
      vertex -6.20104 77.3975 -60
      vertex -4.82963 110.706 -60
    endloop
  endfacet
  facet normal 0 0 -1
    outer loop
      vertex -9.13142 123.9 -60
      vertex -4.82963 110.706 -60
      vertex -6.20104 77.3975 -60
    endloop
  endfacet
  facet normal 0 0 -1
    outer loop
      vertex -9.13142 123.9 -60
      vertex -5 125.1 -60
      vertex -3.04381 115.967 -60
    endloop
  endfacet
  facet normal 0 0 -1
    outer loop
      vertex -4.82963 110.706 -60
      vertex -9.13142 123.9 -60
      vertex -4.95722 111.347 -60
    endloop
  endfacet
  facet normal -0 0 -1
    outer loop
      vertex -5 125.1 -60
      vertex -7.5 124.99 -60
      vertex -5.49749 125.199 -60
    endloop
  endfacet
  facet normal -0 0 -1
    outer loop
      vertex -5.49749 125.199 -60
      vertex -7.5 124.99 -60
      vertex -5.91924 125.481 -60
    endloop
  endfacet
  facet normal 0 0 -1
    outer loop
      vertex -9.13142 123.9 -60
      vertex -5 112 -60
      vertex -4.95722 111.347 -60
    endloop
  endfacet
  facet normal 0 0 -1
    outer loop
      vertex -13 74 -60
      vertex -6.20104 77.3975 -60
      vertex -6.3 76.9 -60
    endloop
  endfacet
  facet normal -0 0 -1
    outer loop
      vertex -5.91924 125.481 -60
      vertex -7.5 124.99 -60
      vertex -6.06457 125.698 -60
    endloop
  endfacet
  facet normal 0.555542 0.831488 -0
    outer loop
      vertex 9.13142 123.9 -60
      vertex 7.5 124.99 -52
      vertex 9.13142 123.9 -52
    endloop
  endfacet
  facet normal 0.555542 0.831488 0
    outer loop
      vertex 7.5 124.99 -52
      vertex 9.13142 123.9 -60
      vertex 7.5 124.99 -60
    endloop
  endfacet
  facet normal -0.831399 0.555676 0
    outer loop
      vertex -12.9904 119.5 -112
      vertex -11.9003 121.131 -104
      vertex -11.9003 121.131 -112
    endloop
  endfacet
  facet normal -0.831399 0.555676 0
    outer loop
      vertex -11.9003 121.131 -104
      vertex -12.9904 119.5 -112
      vertex -12.9904 119.5 -104
    endloop
  endfacet
  facet normal -0.752021 0.659139 0
    outer loop
      vertex -11.9003 121.131 -112
      vertex -10.6066 122.607 -104
      vertex -10.6066 122.607 -112
    endloop
  endfacet
  facet normal -0.752021 0.659139 0
    outer loop
      vertex -10.6066 122.607 -104
      vertex -11.9003 121.131 -112
      vertex -11.9003 121.131 -104
    endloop
  endfacet
  facet normal 0.659145 0.752016 -0
    outer loop
      vertex 10.6066 122.607 -112
      vertex 9.13142 123.9 -104
      vertex 10.6066 122.607 -104
    endloop
  endfacet
  facet normal 0.659145 0.752016 0
    outer loop
      vertex 9.13142 123.9 -104
      vertex 10.6066 122.607 -112
      vertex 9.13142 123.9 -112
    endloop
  endfacet
  facet normal 0.99786 0.0653858 0
    outer loop
      vertex 15 112 -104
      vertex 14.8717 113.958 -112
      vertex 14.8717 113.958 -104
    endloop
  endfacet
  facet normal 0.99786 0.0653858 0
    outer loop
      vertex 14.8717 113.958 -112
      vertex 15 112 -104
      vertex 15 112 -112
    endloop
  endfacet
  facet normal -0.980776 0.195136 0
    outer loop
      vertex -14.8717 113.958 -112
      vertex -14.4889 115.882 -104
      vertex -14.4889 115.882 -112
    endloop
  endfacet
  facet normal -0.980776 0.195136 0
    outer loop
      vertex -14.4889 115.882 -104
      vertex -14.8717 113.958 -112
      vertex -14.8717 113.958 -104
    endloop
  endfacet
  facet normal -0.0652372 0.99787 0
    outer loop
      vertex 0 127 -112
      vertex -1.95789 126.872 -104
      vertex 0 127 -104
    endloop
  endfacet
  facet normal -0.0652372 0.99787 0
    outer loop
      vertex -1.95789 126.872 -104
      vertex 0 127 -112
      vertex -1.95789 126.872 -112
    endloop
  endfacet
  facet normal -0.99786 0.0653858 0
    outer loop
      vertex -15 112 -112
      vertex -14.8717 113.958 -104
      vertex -14.8717 113.958 -112
    endloop
  endfacet
  facet normal -0.99786 0.0653858 0
    outer loop
      vertex -14.8717 113.958 -104
      vertex -15 112 -112
      vertex -15 112 -104
    endloop
  endfacet
  facet normal 0.999635 0.0270187 0
    outer loop
      vertex 15.3784 98 -104
      vertex 15 112 -112
      vertex 15 112 -104
    endloop
  endfacet
  facet normal 0.999635 0.0270187 0
    outer loop
      vertex 15 112 -112
      vertex 15.3784 98 -104
      vertex 15.3784 98 -112
    endloop
  endfacet
  facet normal -0.442351 0.896842 0
    outer loop
      vertex -6.06457 125.698 -112
      vertex -7.5 124.99 -104
      vertex -6.06457 125.698 -104
    endloop
  endfacet
  facet normal -0.442351 0.896842 0
    outer loop
      vertex -7.5 124.99 -104
      vertex -6.06457 125.698 -112
      vertex -7.5 124.99 -112
    endloop
  endfacet
  facet normal 0.0652372 0.99787 -0
    outer loop
      vertex 1.95789 126.872 -112
      vertex 0 127 -104
      vertex 1.95789 126.872 -104
    endloop
  endfacet
  facet normal 0.0652372 0.99787 0
    outer loop
      vertex 0 127 -104
      vertex 1.95789 126.872 -112
      vertex 0 127 -112
    endloop
  endfacet
  facet normal 0.980776 0.195136 0
    outer loop
      vertex 14.8717 113.958 -104
      vertex 14.4889 115.882 -112
      vertex 14.4889 115.882 -104
    endloop
  endfacet
  facet normal 0.980776 0.195136 0
    outer loop
      vertex 14.4889 115.882 -112
      vertex 14.8717 113.958 -104
      vertex 14.8717 113.958 -112
    endloop
  endfacet
  facet normal -0.999635 0.0270187 0
    outer loop
      vertex -15.3784 98 -112
      vertex -15 112 -104
      vertex -15 112 -112
    endloop
  endfacet
  facet normal -0.999635 0.0270187 0
    outer loop
      vertex -15 112 -104
      vertex -15.3784 98 -112
      vertex -15.3784 98 -104
    endloop
  endfacet
  facet normal 0 0 1
    outer loop
      vertex -11.005 113.449 -104
      vertex -14.8717 113.958 -104
      vertex -11.1 112 -104
    endloop
  endfacet
  facet normal 0 0 1
    outer loop
      vertex -15 112 -104
      vertex -11.1 112 -104
      vertex -14.8717 113.958 -104
    endloop
  endfacet
  facet normal 0 0 1
    outer loop
      vertex -11.1 112 -104
      vertex -15 112 -104
      vertex -11.005 110.551 -104
    endloop
  endfacet
  facet normal 0 0 1
    outer loop
      vertex -15.3784 98 -104
      vertex -11.005 110.551 -104
      vertex -15 112 -104
    endloop
  endfacet
  facet normal 0 0 1
    outer loop
      vertex -11.005 110.551 -104
      vertex -15.3784 98 -104
      vertex -13 98 -104
    endloop
  endfacet
  facet normal 0 0 1
    outer loop
      vertex 3.79896 77.3975 -104
      vertex -3.79896 77.3975 -104
      vertex -3.7 76.9 -104
    endloop
  endfacet
  facet normal 0 0 1
    outer loop
      vertex -1.44884 100.995 -104
      vertex -4.08076 77.8192 -104
      vertex -3.79896 77.3975 -104
    endloop
  endfacet
  facet normal 0 0 1
    outer loop
      vertex -13 98 -104
      vertex -2.87289 101.278 -104
      vertex -4.24779 101.745 -104
    endloop
  endfacet
  facet normal 0 0 1
    outer loop
      vertex -1.44884 100.995 -104
      vertex -4.50251 78.101 -104
      vertex -4.08076 77.8192 -104
    endloop
  endfacet
  facet normal 0 0 1
    outer loop
      vertex -1.44884 100.995 -104
      vertex -5 78.2 -104
      vertex -4.50251 78.101 -104
    endloop
  endfacet
  facet normal 0 0 1
    outer loop
      vertex -2.87289 101.278 -104
      vertex -13 98 -104
      vertex -5 78.2 -104
    endloop
  endfacet
  facet normal 0 0 1
    outer loop
      vertex -13 98 -104
      vertex -4.24779 101.745 -104
      vertex -5.55 102.387 -104
    endloop
  endfacet
  facet normal 0 0 1
    outer loop
      vertex -5 78.2 -104
      vertex -13 98 -104
      vertex -5.49749 78.101 -104
    endloop
  endfacet
  facet normal 0 0 1
    outer loop
      vertex -5.49749 78.101 -104
      vertex -13 98 -104
      vertex -5.91924 77.8192 -104
    endloop
  endfacet
  facet normal 0 0 1
    outer loop
      vertex -13 74 -104
      vertex -5.91924 77.8192 -104
      vertex -13 98 -104
    endloop
  endfacet
  facet normal 0 0 1
    outer loop
      vertex -13 98 -104
      vertex -5.55 102.387 -104
      vertex -6.75725 103.194 -104
    endloop
  endfacet
  facet normal -0 0 1
    outer loop
      vertex -4.08076 125.481 -104
      vertex -1.44884 123.005 -104
      vertex -3.79896 125.903 -104
    endloop
  endfacet
  facet normal 0 0 1
    outer loop
      vertex -1.44884 123.005 -104
      vertex -4.08076 125.481 -104
      vertex -2.87289 122.722 -104
    endloop
  endfacet
  facet normal -0 0 1
    outer loop
      vertex -4.50251 125.199 -104
      vertex -2.87289 122.722 -104
      vertex -4.08076 125.481 -104
    endloop
  endfacet
  facet normal 0 0 1
    outer loop
      vertex -2.87289 122.722 -104
      vertex -4.50251 125.199 -104
      vertex -4.24779 122.255 -104
    endloop
  endfacet
  facet normal -0 0 1
    outer loop
      vertex -5 125.1 -104
      vertex -4.24779 122.255 -104
      vertex -4.50251 125.199 -104
    endloop
  endfacet
  facet normal 0 0 1
    outer loop
      vertex -5.49749 125.199 -104
      vertex -4.24779 122.255 -104
      vertex -5 125.1 -104
    endloop
  endfacet
  facet normal 0 0 1
    outer loop
      vertex -5.49749 125.199 -104
      vertex -5.55 121.613 -104
      vertex -4.24779 122.255 -104
    endloop
  endfacet
  facet normal 0 0 1
    outer loop
      vertex -7.5 124.99 -104
      vertex -5.49749 125.199 -104
      vertex -5.91924 125.481 -104
    endloop
  endfacet
  facet normal 0 0 1
    outer loop
      vertex -7.5 124.99 -104
      vertex -5.91924 125.481 -104
      vertex -6.06457 125.698 -104
    endloop
  endfacet
  facet normal 0 0 1
    outer loop
      vertex -5.49749 125.199 -104
      vertex -7.5 124.99 -104
      vertex -5.55 121.613 -104
    endloop
  endfacet
  facet normal 0 0 1
    outer loop
      vertex -5.55 121.613 -104
      vertex -7.5 124.99 -104
      vertex -6.75725 120.806 -104
    endloop
  endfacet
  facet normal -0 0 1
    outer loop
      vertex -9.13142 123.9 -104
      vertex -6.75725 120.806 -104
      vertex -7.5 124.99 -104
    endloop
  endfacet
  facet normal 0 0 1
    outer loop
      vertex -6.75725 120.806 -104
      vertex -9.13142 123.9 -104
      vertex -7.84888 119.849 -104
    endloop
  endfacet
  facet normal -0 0 1
    outer loop
      vertex -10.6066 122.607 -104
      vertex -7.84888 119.849 -104
      vertex -9.13142 123.9 -104
    endloop
  endfacet
  facet normal 0 0 1
    outer loop
      vertex -7.84888 119.849 -104
      vertex -10.6066 122.607 -104
      vertex -8.80622 118.757 -104
    endloop
  endfacet
  facet normal -0 0 1
    outer loop
      vertex -11.9003 121.131 -104
      vertex -8.80622 118.757 -104
      vertex -10.6066 122.607 -104
    endloop
  endfacet
  facet normal 0 0 1
    outer loop
      vertex -8.80622 118.757 -104
      vertex -11.9003 121.131 -104
      vertex -9.61288 117.55 -104
    endloop
  endfacet
  facet normal -0 0 1
    outer loop
      vertex -12.9904 119.5 -104
      vertex -9.61288 117.55 -104
      vertex -11.9003 121.131 -104
    endloop
  endfacet
  facet normal 0 0 1
    outer loop
      vertex -9.61288 117.55 -104
      vertex -12.9904 119.5 -104
      vertex -10.2551 116.248 -104
    endloop
  endfacet
  facet normal -0 0 1
    outer loop
      vertex -13.8582 117.74 -104
      vertex -10.2551 116.248 -104
      vertex -12.9904 119.5 -104
    endloop
  endfacet
  facet normal 0 0 1
    outer loop
      vertex -10.2551 116.248 -104
      vertex -13.8582 117.74 -104
      vertex -10.7218 114.873 -104
    endloop
  endfacet
  facet normal 0 0 1
    outer loop
      vertex 1.95789 126.872 -104
      vertex 3.7 126.4 -104
      vertex 3.72395 126.52 -104
    endloop
  endfacet
  facet normal 0 0 1
    outer loop
      vertex 3.7 126.4 -104
      vertex 1.95789 126.872 -104
      vertex 1.44884 123.005 -104
    endloop
  endfacet
  facet normal 0 0 1
    outer loop
      vertex 3.7 126.4 -104
      vertex 1.44884 123.005 -104
      vertex 2.87289 122.722 -104
    endloop
  endfacet
  facet normal 0 0 1
    outer loop
      vertex 0 127 -104
      vertex 1.44884 123.005 -104
      vertex 1.95789 126.872 -104
    endloop
  endfacet
  facet normal 0 0 1
    outer loop
      vertex 0 127 -104
      vertex 0 123.1 -104
      vertex 1.44884 123.005 -104
    endloop
  endfacet
  facet normal 0 0 1
    outer loop
      vertex 0 127 -104
      vertex -1.44884 123.005 -104
      vertex 0 123.1 -104
    endloop
  endfacet
  facet normal -0 0 1
    outer loop
      vertex -1.95789 126.872 -104
      vertex -1.44884 123.005 -104
      vertex 0 127 -104
    endloop
  endfacet
  facet normal 0 0 1
    outer loop
      vertex -3.79896 125.903 -104
      vertex -1.95789 126.872 -104
      vertex -3.7 126.4 -104
    endloop
  endfacet
  facet normal 0 0 1
    outer loop
      vertex -1.95789 126.872 -104
      vertex -3.79896 125.903 -104
      vertex -1.44884 123.005 -104
    endloop
  endfacet
  facet normal 0 -0 1
    outer loop
      vertex -3.7 126.4 -104
      vertex -1.95789 126.872 -104
      vertex -3.72395 126.52 -104
    endloop
  endfacet
  facet normal 0 0 1
    outer loop
      vertex 13 74 -104
      vertex 6.20104 77.3975 -104
      vertex 6.3 76.9 -104
    endloop
  endfacet
  facet normal 0 0 1
    outer loop
      vertex 13 98 -104
      vertex 5.91924 77.8192 -104
      vertex 6.20104 77.3975 -104
    endloop
  endfacet
  facet normal -0 0 1
    outer loop
      vertex 4.24779 101.745 -104
      vertex 13 98 -104
      vertex 5.55 102.387 -104
    endloop
  endfacet
  facet normal 0 0 1
    outer loop
      vertex 13 98 -104
      vertex 5.49749 78.101 -104
      vertex 5.91924 77.8192 -104
    endloop
  endfacet
  facet normal -0 0 1
    outer loop
      vertex 2.87289 101.278 -104
      vertex 13 98 -104
      vertex 4.24779 101.745 -104
    endloop
  endfacet
  facet normal 0 0 1
    outer loop
      vertex 13 98 -104
      vertex 5 78.2 -104
      vertex 5.49749 78.101 -104
    endloop
  endfacet
  facet normal 0 0 1
    outer loop
      vertex 13 98 -104
      vertex 2.87289 101.278 -104
      vertex 5 78.2 -104
    endloop
  endfacet
  facet normal -0 0 1
    outer loop
      vertex 1.44884 100.995 -104
      vertex 5 78.2 -104
      vertex 2.87289 101.278 -104
    endloop
  endfacet
  facet normal 0 0 1
    outer loop
      vertex 5 78.2 -104
      vertex 1.44884 100.995 -104
      vertex 4.50251 78.101 -104
    endloop
  endfacet
  facet normal -0 0 1
    outer loop
      vertex 0 100.9 -104
      vertex 4.50251 78.101 -104
      vertex 1.44884 100.995 -104
    endloop
  endfacet
  facet normal 0 0 1
    outer loop
      vertex -3.79896 77.3975 -104
      vertex 4.50251 78.101 -104
      vertex 0 100.9 -104
    endloop
  endfacet
  facet normal 0 0 1
    outer loop
      vertex 14.8717 113.958 -104
      vertex 11.005 113.449 -104
      vertex 11.1 112 -104
    endloop
  endfacet
  facet normal 0 0 1
    outer loop
      vertex 12.9904 119.5 -104
      vertex 10.7218 114.873 -104
      vertex 11.005 113.449 -104
    endloop
  endfacet
  facet normal 0 0 1
    outer loop
      vertex 8.80622 118.757 -104
      vertex 11.9003 121.131 -104
      vertex 10.6066 122.607 -104
    endloop
  endfacet
  facet normal 0 0 1
    outer loop
      vertex 12.9904 119.5 -104
      vertex 10.2551 116.248 -104
      vertex 10.7218 114.873 -104
    endloop
  endfacet
  facet normal 0 0 1
    outer loop
      vertex 12.9904 119.5 -104
      vertex 9.61288 117.55 -104
      vertex 10.2551 116.248 -104
    endloop
  endfacet
  facet normal 0 0 1
    outer loop
      vertex 7.84888 119.849 -104
      vertex 10.6066 122.607 -104
      vertex 9.13142 123.9 -104
    endloop
  endfacet
  facet normal 0 0 1
    outer loop
      vertex 11.9003 121.131 -104
      vertex 8.80622 118.757 -104
      vertex 9.61288 117.55 -104
    endloop
  endfacet
  facet normal 0 0 1
    outer loop
      vertex 10.6066 122.607 -104
      vertex 7.84888 119.849 -104
      vertex 8.80622 118.757 -104
    endloop
  endfacet
  facet normal 0 0 1
    outer loop
      vertex 6.75725 120.806 -104
      vertex 9.13142 123.9 -104
      vertex 7.5 124.99 -104
    endloop
  endfacet
  facet normal 0 0 1
    outer loop
      vertex 9.13142 123.9 -104
      vertex 6.75725 120.806 -104
      vertex 7.84888 119.849 -104
    endloop
  endfacet
  facet normal -0 0 1
    outer loop
      vertex 5.91924 125.481 -104
      vertex 7.5 124.99 -104
      vertex 6.06457 125.698 -104
    endloop
  endfacet
  facet normal -0 0 1
    outer loop
      vertex 5.49749 125.199 -104
      vertex 7.5 124.99 -104
      vertex 5.91924 125.481 -104
    endloop
  endfacet
  facet normal 0 0 1
    outer loop
      vertex 7.5 124.99 -104
      vertex 5.55 121.613 -104
      vertex 6.75725 120.806 -104
    endloop
  endfacet
  facet normal 0 0 1
    outer loop
      vertex 7.5 124.99 -104
      vertex 5.49749 125.199 -104
      vertex 5.55 121.613 -104
    endloop
  endfacet
  facet normal 0 0 1
    outer loop
      vertex 4.24779 122.255 -104
      vertex 5.49749 125.199 -104
      vertex 5 125.1 -104
    endloop
  endfacet
  facet normal 0 0 1
    outer loop
      vertex 4.24779 122.255 -104
      vertex 5 125.1 -104
      vertex 4.50251 125.199 -104
    endloop
  endfacet
  facet normal 0 0 1
    outer loop
      vertex 5.49749 125.199 -104
      vertex 4.24779 122.255 -104
      vertex 5.55 121.613 -104
    endloop
  endfacet
  facet normal 0 0 1
    outer loop
      vertex 2.87289 122.722 -104
      vertex 4.50251 125.199 -104
      vertex 4.08076 125.481 -104
    endloop
  endfacet
  facet normal 0 0 1
    outer loop
      vertex 2.87289 122.722 -104
      vertex 4.08076 125.481 -104
      vertex 3.79896 125.903 -104
    endloop
  endfacet
  facet normal 0 0 1
    outer loop
      vertex 2.87289 122.722 -104
      vertex 3.79896 125.903 -104
      vertex 3.7 126.4 -104
    endloop
  endfacet
  facet normal 0 0 1
    outer loop
      vertex 4.50251 125.199 -104
      vertex 2.87289 122.722 -104
      vertex 4.24779 122.255 -104
    endloop
  endfacet
  facet normal 0 0 1
    outer loop
      vertex 11.1 112 -104
      vertex 15 112 -104
      vertex 14.8717 113.958 -104
    endloop
  endfacet
  facet normal 0 0 1
    outer loop
      vertex 11.005 113.449 -104
      vertex 14.8717 113.958 -104
      vertex 14.4889 115.882 -104
    endloop
  endfacet
  facet normal 0 0 1
    outer loop
      vertex 11.005 113.449 -104
      vertex 14.4889 115.882 -104
      vertex 13.8582 117.74 -104
    endloop
  endfacet
  facet normal 0 0 1
    outer loop
      vertex 15 112 -104
      vertex 11.005 110.551 -104
      vertex 10.7218 109.127 -104
    endloop
  endfacet
  facet normal 0 0 1
    outer loop
      vertex 11.005 113.449 -104
      vertex 13.8582 117.74 -104
      vertex 12.9904 119.5 -104
    endloop
  endfacet
  facet normal 0 0 1
    outer loop
      vertex 10.2551 107.752 -104
      vertex 15 112 -104
      vertex 10.7218 109.127 -104
    endloop
  endfacet
  facet normal 0 0 1
    outer loop
      vertex 9.61288 117.55 -104
      vertex 12.9904 119.5 -104
      vertex 11.9003 121.131 -104
    endloop
  endfacet
  facet normal 0 0 1
    outer loop
      vertex 15 112 -104
      vertex 11.1 112 -104
      vertex 11.005 110.551 -104
    endloop
  endfacet
  facet normal 0 0 1
    outer loop
      vertex 15 112 -104
      vertex 10.2551 107.752 -104
      vertex 15.3784 98 -104
    endloop
  endfacet
  facet normal -0 0 1
    outer loop
      vertex 9.61288 106.45 -104
      vertex 15.3784 98 -104
      vertex 10.2551 107.752 -104
    endloop
  endfacet
  facet normal 0 0 1
    outer loop
      vertex 15.3784 98 -104
      vertex 9.61288 106.45 -104
      vertex 13 98 -104
    endloop
  endfacet
  facet normal -0 0 1
    outer loop
      vertex 8.80622 105.243 -104
      vertex 13 98 -104
      vertex 9.61288 106.45 -104
    endloop
  endfacet
  facet normal -0 0 1
    outer loop
      vertex 7.84888 104.151 -104
      vertex 13 98 -104
      vertex 8.80622 105.243 -104
    endloop
  endfacet
  facet normal -0 0 1
    outer loop
      vertex 6.75725 103.194 -104
      vertex 13 98 -104
      vertex 7.84888 104.151 -104
    endloop
  endfacet
  facet normal -0 0 1
    outer loop
      vertex 5.55 102.387 -104
      vertex 13 98 -104
      vertex 6.75725 103.194 -104
    endloop
  endfacet
  facet normal -0 0 1
    outer loop
      vertex 6.20104 77.3975 -104
      vertex 13 74 -104
      vertex 13 98 -104
    endloop
  endfacet
  facet normal -0 0 1
    outer loop
      vertex 6.20104 76.4025 -104
      vertex 13 74 -104
      vertex 6.3 76.9 -104
    endloop
  endfacet
  facet normal -0 0 1
    outer loop
      vertex 5.91924 75.9808 -104
      vertex 13 74 -104
      vertex 6.20104 76.4025 -104
    endloop
  endfacet
  facet normal -0 0 1
    outer loop
      vertex 5.49749 75.699 -104
      vertex 13 74 -104
      vertex 5.91924 75.9808 -104
    endloop
  endfacet
  facet normal -0 0 1
    outer loop
      vertex 5 75.6 -104
      vertex 13 74 -104
      vertex 5.49749 75.699 -104
    endloop
  endfacet
  facet normal 0 0 1
    outer loop
      vertex -5 75.6 -104
      vertex 5 75.6 -104
      vertex 4.50251 75.699 -104
    endloop
  endfacet
  facet normal 0 0 1
    outer loop
      vertex -3.79896 77.3975 -104
      vertex 4.08076 77.8192 -104
      vertex 4.50251 78.101 -104
    endloop
  endfacet
  facet normal 0 0 1
    outer loop
      vertex -3.79896 77.3975 -104
      vertex 3.79896 77.3975 -104
      vertex 4.08076 77.8192 -104
    endloop
  endfacet
  facet normal 0 0 1
    outer loop
      vertex -3.79896 77.3975 -104
      vertex 0 100.9 -104
      vertex -1.44884 100.995 -104
    endloop
  endfacet
  facet normal 0 0 1
    outer loop
      vertex 3.79896 77.3975 -104
      vertex -3.7 76.9 -104
      vertex 3.7 76.9 -104
    endloop
  endfacet
  facet normal 0 0 1
    outer loop
      vertex -5 78.2 -104
      vertex -1.44884 100.995 -104
      vertex -2.87289 101.278 -104
    endloop
  endfacet
  facet normal 0 0 1
    outer loop
      vertex 3.7 76.9 -104
      vertex -3.7 76.9 -104
      vertex 3.79896 76.4025 -104
    endloop
  endfacet
  facet normal 0 0 1
    outer loop
      vertex -3.79896 76.4025 -104
      vertex 3.79896 76.4025 -104
      vertex -3.7 76.9 -104
    endloop
  endfacet
  facet normal 0 0 1
    outer loop
      vertex 3.79896 76.4025 -104
      vertex -3.79896 76.4025 -104
      vertex 4.08076 75.9808 -104
    endloop
  endfacet
  facet normal 0 0 1
    outer loop
      vertex -4.08076 75.9808 -104
      vertex 4.08076 75.9808 -104
      vertex -3.79896 76.4025 -104
    endloop
  endfacet
  facet normal 0 0 1
    outer loop
      vertex 4.08076 75.9808 -104
      vertex -4.08076 75.9808 -104
      vertex 4.50251 75.699 -104
    endloop
  endfacet
  facet normal 0 0 1
    outer loop
      vertex -4.50251 75.699 -104
      vertex 4.50251 75.699 -104
      vertex -4.08076 75.9808 -104
    endloop
  endfacet
  facet normal 0 0 1
    outer loop
      vertex -5 75.6 -104
      vertex 4.50251 75.699 -104
      vertex -4.50251 75.699 -104
    endloop
  endfacet
  facet normal 0 0 1
    outer loop
      vertex 5 75.6 -104
      vertex -5 75.6 -104
      vertex 13 74 -104
    endloop
  endfacet
  facet normal 0 0 1
    outer loop
      vertex -13 98 -104
      vertex -6.75725 103.194 -104
      vertex -7.84888 104.151 -104
    endloop
  endfacet
  facet normal 0 0 1
    outer loop
      vertex -13 98 -104
      vertex -7.84888 104.151 -104
      vertex -8.80622 105.243 -104
    endloop
  endfacet
  facet normal 0 0 1
    outer loop
      vertex -13 98 -104
      vertex -8.80622 105.243 -104
      vertex -9.61288 106.45 -104
    endloop
  endfacet
  facet normal 0 0 1
    outer loop
      vertex -13 98 -104
      vertex -9.61288 106.45 -104
      vertex -10.2551 107.752 -104
    endloop
  endfacet
  facet normal 0 0 1
    outer loop
      vertex -13 98 -104
      vertex -10.2551 107.752 -104
      vertex -10.7218 109.127 -104
    endloop
  endfacet
  facet normal 0 0 1
    outer loop
      vertex -13 98 -104
      vertex -10.7218 109.127 -104
      vertex -11.005 110.551 -104
    endloop
  endfacet
  facet normal -0 0 1
    outer loop
      vertex -14.4889 115.882 -104
      vertex -10.7218 114.873 -104
      vertex -13.8582 117.74 -104
    endloop
  endfacet
  facet normal 0 0 1
    outer loop
      vertex -10.7218 114.873 -104
      vertex -14.4889 115.882 -104
      vertex -11.005 113.449 -104
    endloop
  endfacet
  facet normal -0 0 1
    outer loop
      vertex -14.8717 113.958 -104
      vertex -11.005 113.449 -104
      vertex -14.4889 115.882 -104
    endloop
  endfacet
  facet normal 0 0 1
    outer loop
      vertex -5.91924 77.8192 -104
      vertex -13 74 -104
      vertex -6.20104 77.3975 -104
    endloop
  endfacet
  facet normal 0 0 1
    outer loop
      vertex -6.20104 77.3975 -104
      vertex -13 74 -104
      vertex -6.3 76.9 -104
    endloop
  endfacet
  facet normal 0 0 1
    outer loop
      vertex -5 75.6 -104
      vertex -13 74 -104
      vertex 13 74 -104
    endloop
  endfacet
  facet normal 0 0 1
    outer loop
      vertex -5.49749 75.699 -104
      vertex -13 74 -104
      vertex -5 75.6 -104
    endloop
  endfacet
  facet normal 0 0 1
    outer loop
      vertex -5.91924 75.9808 -104
      vertex -13 74 -104
      vertex -5.49749 75.699 -104
    endloop
  endfacet
  facet normal 0 0 1
    outer loop
      vertex -6.20104 76.4025 -104
      vertex -13 74 -104
      vertex -5.91924 75.9808 -104
    endloop
  endfacet
  facet normal 0 0 1
    outer loop
      vertex -6.3 76.9 -104
      vertex -13 74 -104
      vertex -6.20104 76.4025 -104
    endloop
  endfacet
  facet normal -0.946931 0.321437 0
    outer loop
      vertex -14.4889 115.882 -112
      vertex -13.8582 117.74 -104
      vertex -13.8582 117.74 -112
    endloop
  endfacet
  facet normal -0.946931 0.321437 0
    outer loop
      vertex -13.8582 117.74 -104
      vertex -14.4889 115.882 -112
      vertex -14.4889 115.882 -104
    endloop
  endfacet
  facet normal 0.8969 0.442233 0
    outer loop
      vertex 13.8582 117.74 -104
      vertex 12.9904 119.5 -112
      vertex 12.9904 119.5 -104
    endloop
  endfacet
  facet normal 0.8969 0.442233 0
    outer loop
      vertex 12.9904 119.5 -112
      vertex 13.8582 117.74 -104
      vertex 13.8582 117.74 -112
    endloop
  endfacet
  facet normal -0.555542 0.831488 0
    outer loop
      vertex -7.5 124.99 -112
      vertex -9.13142 123.9 -104
      vertex -7.5 124.99 -104
    endloop
  endfacet
  facet normal -0.555542 0.831488 0
    outer loop
      vertex -9.13142 123.9 -104
      vertex -7.5 124.99 -112
      vertex -9.13142 123.9 -112
    endloop
  endfacet
  facet normal 0.442351 0.896842 -0
    outer loop
      vertex 7.5 124.99 -112
      vertex 6.06457 125.698 -104
      vertex 7.5 124.99 -104
    endloop
  endfacet
  facet normal 0.442351 0.896842 0
    outer loop
      vertex 6.06457 125.698 -104
      vertex 7.5 124.99 -112
      vertex 6.06457 125.698 -112
    endloop
  endfacet
  facet normal -0.8969 0.442233 0
    outer loop
      vertex -13.8582 117.74 -112
      vertex -12.9904 119.5 -104
      vertex -12.9904 119.5 -112
    endloop
  endfacet
  facet normal -0.8969 0.442233 0
    outer loop
      vertex -12.9904 119.5 -104
      vertex -13.8582 117.74 -112
      vertex -13.8582 117.74 -104
    endloop
  endfacet
  facet normal -0.195469 0.98071 0
    outer loop
      vertex -1.95789 126.872 -112
      vertex -3.72395 126.52 -104
      vertex -1.95789 126.872 -104
    endloop
  endfacet
  facet normal -0.195469 0.98071 0
    outer loop
      vertex -3.72395 126.52 -104
      vertex -1.95789 126.872 -112
      vertex -3.72395 126.52 -112
    endloop
  endfacet
  facet normal 0 0 -1
    outer loop
      vertex 10.25 80.9 -112
      vertex 13 98 -112
      vertex 13 74 -112
    endloop
  endfacet
  facet normal 0 0 -1
    outer loop
      vertex 10.25 122.4 -112
      vertex 13 98 -112
      vertex 10.25 80.9 -112
    endloop
  endfacet
  facet normal 0 0 -1
    outer loop
      vertex 13 98 -112
      vertex 10.25 122.4 -112
      vertex 12.9904 119.5 -112
    endloop
  endfacet
  facet normal 0 0 -1
    outer loop
      vertex 12.9904 119.5 -112
      vertex 10.25 122.4 -112
      vertex 11.9003 121.131 -112
    endloop
  endfacet
  facet normal 0 0 -1
    outer loop
      vertex 13 74 -112
      vertex 6.3 76.9 -112
      vertex 10.25 80.9 -112
    endloop
  endfacet
  facet normal 0 0 -1
    outer loop
      vertex 13 74 -112
      vertex 6.20104 76.4025 -112
      vertex 6.3 76.9 -112
    endloop
  endfacet
  facet normal 0 0 -1
    outer loop
      vertex 13 74 -112
      vertex 5.91924 75.9808 -112
      vertex 6.20104 76.4025 -112
    endloop
  endfacet
  facet normal 0 0 -1
    outer loop
      vertex 13 74 -112
      vertex 5.49749 75.699 -112
      vertex 5.91924 75.9808 -112
    endloop
  endfacet
  facet normal 0 0 -1
    outer loop
      vertex 13 74 -112
      vertex 5 75.6 -112
      vertex 5.49749 75.699 -112
    endloop
  endfacet
  facet normal 0 0 -1
    outer loop
      vertex -5 75.6 -112
      vertex 5 75.6 -112
      vertex 13 74 -112
    endloop
  endfacet
  facet normal 0 0 -1
    outer loop
      vertex 3.79896 76.4025 -112
      vertex -3.7 76.9 -112
      vertex 3.7 76.9 -112
    endloop
  endfacet
  facet normal 0 0 -1
    outer loop
      vertex -3.79896 76.4025 -112
      vertex 3.79896 76.4025 -112
      vertex 4.08076 75.9808 -112
    endloop
  endfacet
  facet normal 0 0 -1
    outer loop
      vertex -4.08076 75.9808 -112
      vertex 4.08076 75.9808 -112
      vertex 4.50251 75.699 -112
    endloop
  endfacet
  facet normal 0 0 -1
    outer loop
      vertex 5 75.6 -112
      vertex -5 75.6 -112
      vertex 4.50251 75.699 -112
    endloop
  endfacet
  facet normal 0 0 -1
    outer loop
      vertex 3.79896 76.4025 -112
      vertex -3.79896 76.4025 -112
      vertex -3.7 76.9 -112
    endloop
  endfacet
  facet normal 0 0 -1
    outer loop
      vertex 4.08076 75.9808 -112
      vertex -4.08076 75.9808 -112
      vertex -3.79896 76.4025 -112
    endloop
  endfacet
  facet normal 0 0 -1
    outer loop
      vertex 4.50251 75.699 -112
      vertex -4.50251 75.699 -112
      vertex -4.08076 75.9808 -112
    endloop
  endfacet
  facet normal -0 0 -1
    outer loop
      vertex 4.50251 75.699 -112
      vertex -5 75.6 -112
      vertex -4.50251 75.699 -112
    endloop
  endfacet
  facet normal 0 0 -1
    outer loop
      vertex -13 74 -112
      vertex -6.3 76.9 -112
      vertex -6.20104 76.4025 -112
    endloop
  endfacet
  facet normal 0 0 -1
    outer loop
      vertex -13 74 -112
      vertex -6.20104 76.4025 -112
      vertex -5.91924 75.9808 -112
    endloop
  endfacet
  facet normal 0 0 -1
    outer loop
      vertex -13 98 -112
      vertex -10.25 122.4 -112
      vertex -10.25 80.9 -112
    endloop
  endfacet
  facet normal 0 0 -1
    outer loop
      vertex -15 112 -112
      vertex -10.25 122.4 -112
      vertex -13 98 -112
    endloop
  endfacet
  facet normal 0 -0 -1
    outer loop
      vertex -14.8717 113.958 -112
      vertex -10.25 122.4 -112
      vertex -15 112 -112
    endloop
  endfacet
  facet normal 0 0 -1
    outer loop
      vertex -13 74 -112
      vertex -5 75.6 -112
      vertex 13 74 -112
    endloop
  endfacet
  facet normal 0 0 -1
    outer loop
      vertex -13 74 -112
      vertex -5.49749 75.699 -112
      vertex -5 75.6 -112
    endloop
  endfacet
  facet normal 0 0 -1
    outer loop
      vertex -13 74 -112
      vertex -5.91924 75.9808 -112
      vertex -5.49749 75.699 -112
    endloop
  endfacet
  facet normal -0 0 -1
    outer loop
      vertex -6.3 76.9 -112
      vertex -13 74 -112
      vertex -10.25 80.9 -112
    endloop
  endfacet
  facet normal 0 0 -1
    outer loop
      vertex -13 98 -112
      vertex -10.25 80.9 -112
      vertex -13 74 -112
    endloop
  endfacet
  facet normal -0 0 -1
    outer loop
      vertex -10.25 122.4 -112
      vertex -11.9003 121.131 -112
      vertex -10.6066 122.607 -112
    endloop
  endfacet
  facet normal 0 0 -1
    outer loop
      vertex -10.25 122.4 -112
      vertex -12.9904 119.5 -112
      vertex -11.9003 121.131 -112
    endloop
  endfacet
  facet normal 0 0 -1
    outer loop
      vertex -10.25 122.4 -112
      vertex -13.8582 117.74 -112
      vertex -12.9904 119.5 -112
    endloop
  endfacet
  facet normal 0 0 -1
    outer loop
      vertex -10.25 122.4 -112
      vertex -14.4889 115.882 -112
      vertex -13.8582 117.74 -112
    endloop
  endfacet
  facet normal 0 0 -1
    outer loop
      vertex -10.25 122.4 -112
      vertex -14.8717 113.958 -112
      vertex -14.4889 115.882 -112
    endloop
  endfacet
  facet normal 0 -0 -1
    outer loop
      vertex -15 112 -112
      vertex -13 98 -112
      vertex -15.3784 98 -112
    endloop
  endfacet
  facet normal 0 0 -1
    outer loop
      vertex 13 98 -112
      vertex 15 112 -112
      vertex 15.3784 98 -112
    endloop
  endfacet
  facet normal 0 0 -1
    outer loop
      vertex 12.9904 119.5 -112
      vertex 15 112 -112
      vertex 13 98 -112
    endloop
  endfacet
  facet normal 0 0 -1
    outer loop
      vertex 15 112 -112
      vertex 12.9904 119.5 -112
      vertex 14.8717 113.958 -112
    endloop
  endfacet
  facet normal 0 0 -1
    outer loop
      vertex 14.8717 113.958 -112
      vertex 12.9904 119.5 -112
      vertex 14.4889 115.882 -112
    endloop
  endfacet
  facet normal 0 0 -1
    outer loop
      vertex 14.4889 115.882 -112
      vertex 12.9904 119.5 -112
      vertex 13.8582 117.74 -112
    endloop
  endfacet
  facet normal 0 0 -1
    outer loop
      vertex 11.9003 121.131 -112
      vertex 10.25 122.4 -112
      vertex 10.6066 122.607 -112
    endloop
  endfacet
  facet normal 0 0 -1
    outer loop
      vertex 10.25 122.4 -112
      vertex 9.13142 123.9 -112
      vertex 10.6066 122.607 -112
    endloop
  endfacet
  facet normal 0 0 -1
    outer loop
      vertex 5 125.1 -112
      vertex 9.13142 123.9 -112
      vertex 10.25 122.4 -112
    endloop
  endfacet
  facet normal 0 0 -1
    outer loop
      vertex 9.13142 123.9 -112
      vertex 5 125.1 -112
      vertex 7.5 124.99 -112
    endloop
  endfacet
  facet normal 0 0 -1
    outer loop
      vertex 7.5 124.99 -112
      vertex 5.91924 125.481 -112
      vertex 6.06457 125.698 -112
    endloop
  endfacet
  facet normal 0 0 -1
    outer loop
      vertex 7.5 124.99 -112
      vertex 5.49749 125.199 -112
      vertex 5.91924 125.481 -112
    endloop
  endfacet
  facet normal 0 0 -1
    outer loop
      vertex 7.5 124.99 -112
      vertex 5 125.1 -112
      vertex 5.49749 125.199 -112
    endloop
  endfacet
  facet normal 0 0 -1
    outer loop
      vertex 10.25 122.4 -112
      vertex 4.50251 125.199 -112
      vertex 5 125.1 -112
    endloop
  endfacet
  facet normal 0 0 -1
    outer loop
      vertex 3.79896 125.903 -112
      vertex 1.95789 126.872 -112
      vertex 3.7 126.4 -112
    endloop
  endfacet
  facet normal 0 0 -1
    outer loop
      vertex 4.08076 125.481 -112
      vertex 1.95789 126.872 -112
      vertex 3.79896 125.903 -112
    endloop
  endfacet
  facet normal 0 0 -1
    outer loop
      vertex -4.08076 125.481 -112
      vertex 4.08076 125.481 -112
      vertex 4.50251 125.199 -112
    endloop
  endfacet
  facet normal 0 0 -1
    outer loop
      vertex 4.08076 125.481 -112
      vertex 0 127 -112
      vertex 1.95789 126.872 -112
    endloop
  endfacet
  facet normal 0 0 -1
    outer loop
      vertex -4.50251 125.199 -112
      vertex 4.50251 125.199 -112
      vertex 10.25 122.4 -112
    endloop
  endfacet
  facet normal 0 0 -1
    outer loop
      vertex 4.08076 125.481 -112
      vertex -4.08076 125.481 -112
      vertex 0 127 -112
    endloop
  endfacet
  facet normal 0 0 -1
    outer loop
      vertex 0 127 -112
      vertex -4.08076 125.481 -112
      vertex -1.95789 126.872 -112
    endloop
  endfacet
  facet normal 0 0 -1
    outer loop
      vertex -1.95789 126.872 -112
      vertex -3.79896 125.903 -112
      vertex -3.7 126.4 -112
    endloop
  endfacet
  facet normal 0 0 -1
    outer loop
      vertex -1.95789 126.872 -112
      vertex -4.08076 125.481 -112
      vertex -3.79896 125.903 -112
    endloop
  endfacet
  facet normal 0 0 -1
    outer loop
      vertex 4.50251 125.199 -112
      vertex -4.50251 125.199 -112
      vertex -4.08076 125.481 -112
    endloop
  endfacet
  facet normal 0 0 -1
    outer loop
      vertex -10.25 122.4 -112
      vertex -4.50251 125.199 -112
      vertex 10.25 122.4 -112
    endloop
  endfacet
  facet normal -0 0 -1
    outer loop
      vertex -5.91924 125.481 -112
      vertex -7.5 124.99 -112
      vertex -6.06457 125.698 -112
    endloop
  endfacet
  facet normal -0 0 -1
    outer loop
      vertex -5.49749 125.199 -112
      vertex -7.5 124.99 -112
      vertex -5.91924 125.481 -112
    endloop
  endfacet
  facet normal -0 0 -1
    outer loop
      vertex -5 125.1 -112
      vertex -7.5 124.99 -112
      vertex -5.49749 125.199 -112
    endloop
  endfacet
  facet normal 0 0 -1
    outer loop
      vertex -4.50251 125.199 -112
      vertex -10.25 122.4 -112
      vertex -5 125.1 -112
    endloop
  endfacet
  facet normal 0 -0 -1
    outer loop
      vertex -9.13142 123.9 -112
      vertex -5 125.1 -112
      vertex -10.25 122.4 -112
    endloop
  endfacet
  facet normal 0 0 -1
    outer loop
      vertex -5 125.1 -112
      vertex -9.13142 123.9 -112
      vertex -7.5 124.99 -112
    endloop
  endfacet
  facet normal 0 0 -1
    outer loop
      vertex -9.13142 123.9 -112
      vertex -10.25 122.4 -112
      vertex -10.6066 122.607 -112
    endloop
  endfacet
  facet normal 0 0 -1
    outer loop
      vertex 6.20104 77.3975 -112
      vertex 10.25 80.9 -112
      vertex 6.3 76.9 -112
    endloop
  endfacet
  facet normal 0 0 -1
    outer loop
      vertex 5.91924 77.8192 -112
      vertex 10.25 80.9 -112
      vertex 6.20104 77.3975 -112
    endloop
  endfacet
  facet normal 0 0 -1
    outer loop
      vertex 5.49749 78.101 -112
      vertex 10.25 80.9 -112
      vertex 5.91924 77.8192 -112
    endloop
  endfacet
  facet normal 0 0 -1
    outer loop
      vertex 5 78.2 -112
      vertex 10.25 80.9 -112
      vertex 5.49749 78.101 -112
    endloop
  endfacet
  facet normal 0 0 -1
    outer loop
      vertex 4.50251 78.101 -112
      vertex 10.25 80.9 -112
      vertex 5 78.2 -112
    endloop
  endfacet
  facet normal 0 0 -1
    outer loop
      vertex -3.7 76.9 -112
      vertex 3.79896 77.3975 -112
      vertex 3.7 76.9 -112
    endloop
  endfacet
  facet normal 0 0 -1
    outer loop
      vertex -3.79896 77.3975 -112
      vertex 3.79896 77.3975 -112
      vertex -3.7 76.9 -112
    endloop
  endfacet
  facet normal 0 0 -1
    outer loop
      vertex 3.79896 77.3975 -112
      vertex -3.79896 77.3975 -112
      vertex 4.08076 77.8192 -112
    endloop
  endfacet
  facet normal 0 0 -1
    outer loop
      vertex -4.08076 77.8192 -112
      vertex 4.08076 77.8192 -112
      vertex -3.79896 77.3975 -112
    endloop
  endfacet
  facet normal 0 0 -1
    outer loop
      vertex 4.08076 77.8192 -112
      vertex -4.08076 77.8192 -112
      vertex 4.50251 78.101 -112
    endloop
  endfacet
  facet normal 0 0 -1
    outer loop
      vertex -4.50251 78.101 -112
      vertex 4.50251 78.101 -112
      vertex -4.08076 77.8192 -112
    endloop
  endfacet
  facet normal 0 0 -1
    outer loop
      vertex 4.50251 78.101 -112
      vertex -4.50251 78.101 -112
      vertex 10.25 80.9 -112
    endloop
  endfacet
  facet normal 0 0 -1
    outer loop
      vertex -10.25 80.9 -112
      vertex -4.50251 78.101 -112
      vertex -5 78.2 -112
    endloop
  endfacet
  facet normal 0 0 -1
    outer loop
      vertex -4.50251 78.101 -112
      vertex -10.25 80.9 -112
      vertex 10.25 80.9 -112
    endloop
  endfacet
  facet normal 0 0 -1
    outer loop
      vertex -5.49749 78.101 -112
      vertex -10.25 80.9 -112
      vertex -5 78.2 -112
    endloop
  endfacet
  facet normal 0 0 -1
    outer loop
      vertex -5.91924 77.8192 -112
      vertex -10.25 80.9 -112
      vertex -5.49749 78.101 -112
    endloop
  endfacet
  facet normal 0 0 -1
    outer loop
      vertex -6.20104 77.3975 -112
      vertex -10.25 80.9 -112
      vertex -5.91924 77.8192 -112
    endloop
  endfacet
  facet normal 0 0 -1
    outer loop
      vertex -10.25 80.9 -112
      vertex -6.20104 77.3975 -112
      vertex -6.3 76.9 -112
    endloop
  endfacet
  facet normal -0 0 -1
    outer loop
      vertex 3.72395 126.52 -112
      vertex 3.7 126.4 -112
      vertex 1.95789 126.872 -112
    endloop
  endfacet
  facet normal 0 0 -1
    outer loop
      vertex -1.95789 126.872 -112
      vertex -3.7 126.4 -112
      vertex -3.72395 126.52 -112
    endloop
  endfacet
  facet normal 0.831399 0.555676 0
    outer loop
      vertex 12.9904 119.5 -104
      vertex 11.9003 121.131 -112
      vertex 11.9003 121.131 -104
    endloop
  endfacet
  facet normal 0.831399 0.555676 0
    outer loop
      vertex 11.9003 121.131 -112
      vertex 12.9904 119.5 -104
      vertex 12.9904 119.5 -112
    endloop
  endfacet
  facet normal 0.752021 0.659139 0
    outer loop
      vertex 11.9003 121.131 -104
      vertex 10.6066 122.607 -112
      vertex 10.6066 122.607 -104
    endloop
  endfacet
  facet normal 0.752021 0.659139 0
    outer loop
      vertex 10.6066 122.607 -112
      vertex 11.9003 121.131 -104
      vertex 11.9003 121.131 -112
    endloop
  endfacet
  facet normal -0.659145 0.752016 0
    outer loop
      vertex -9.13142 123.9 -112
      vertex -10.6066 122.607 -104
      vertex -9.13142 123.9 -104
    endloop
  endfacet
  facet normal -0.659145 0.752016 0
    outer loop
      vertex -10.6066 122.607 -104
      vertex -9.13142 123.9 -112
      vertex -10.6066 122.607 -112
    endloop
  endfacet
  facet normal 0.946931 0.321437 0
    outer loop
      vertex 14.4889 115.882 -104
      vertex 13.8582 117.74 -112
      vertex 13.8582 117.74 -104
    endloop
  endfacet
  facet normal 0.946931 0.321437 0
    outer loop
      vertex 13.8582 117.74 -112
      vertex 14.4889 115.882 -104
      vertex 14.4889 115.882 -112
    endloop
  endfacet
  facet normal 0.195469 0.98071 -0
    outer loop
      vertex 3.72395 126.52 -112
      vertex 1.95789 126.872 -104
      vertex 3.72395 126.52 -104
    endloop
  endfacet
  facet normal 0.195469 0.98071 0
    outer loop
      vertex 1.95789 126.872 -104
      vertex 3.72395 126.52 -112
      vertex 1.95789 126.872 -112
    endloop
  endfacet
  facet normal 0.555542 0.831488 -0
    outer loop
      vertex 9.13142 123.9 -112
      vertex 7.5 124.99 -104
      vertex 9.13142 123.9 -104
    endloop
  endfacet
  facet normal 0.555542 0.831488 0
    outer loop
      vertex 7.5 124.99 -104
      vertex 9.13142 123.9 -112
      vertex 7.5 124.99 -112
    endloop
  endfacet
  facet normal 0 0 -1
    outer loop
      vertex 10.25 122.4 -138.5
      vertex 6.20104 125.903 -138.5
      vertex 6.3 126.4 -138.5
    endloop
  endfacet
  facet normal 0 0 -1
    outer loop
      vertex 10.25 122.4 -138.5
      vertex 5.91924 125.481 -138.5
      vertex 6.20104 125.903 -138.5
    endloop
  endfacet
  facet normal 0 0 -1
    outer loop
      vertex 10.25 122.4 -138.5
      vertex 5.49749 125.199 -138.5
      vertex 5.91924 125.481 -138.5
    endloop
  endfacet
  facet normal 0 0 -1
    outer loop
      vertex 10.25 122.4 -138.5
      vertex 5 125.1 -138.5
      vertex 5.49749 125.199 -138.5
    endloop
  endfacet
  facet normal 0 0 -1
    outer loop
      vertex 10.25 122.4 -138.5
      vertex 4.50251 125.199 -138.5
      vertex 5 125.1 -138.5
    endloop
  endfacet
  facet normal 0 0 -1
    outer loop
      vertex 3.79896 125.903 -138.5
      vertex -3.7 126.4 -138.5
      vertex 3.7 126.4 -138.5
    endloop
  endfacet
  facet normal 0 0 -1
    outer loop
      vertex -3.79896 125.903 -138.5
      vertex 3.79896 125.903 -138.5
      vertex 4.08076 125.481 -138.5
    endloop
  endfacet
  facet normal 0 0 -1
    outer loop
      vertex -4.08076 125.481 -138.5
      vertex 4.08076 125.481 -138.5
      vertex 4.50251 125.199 -138.5
    endloop
  endfacet
  facet normal 0 0 -1
    outer loop
      vertex -4.50251 125.199 -138.5
      vertex 4.50251 125.199 -138.5
      vertex 10.25 122.4 -138.5
    endloop
  endfacet
  facet normal 0 0 -1
    outer loop
      vertex 3.79896 125.903 -138.5
      vertex -3.79896 125.903 -138.5
      vertex -3.7 126.4 -138.5
    endloop
  endfacet
  facet normal 0 0 -1
    outer loop
      vertex 4.08076 125.481 -138.5
      vertex -4.08076 125.481 -138.5
      vertex -3.79896 125.903 -138.5
    endloop
  endfacet
  facet normal 0 0 -1
    outer loop
      vertex 4.50251 125.199 -138.5
      vertex -4.50251 125.199 -138.5
      vertex -4.08076 125.481 -138.5
    endloop
  endfacet
  facet normal 0 0 -1
    outer loop
      vertex -10.25 122.4 -138.5
      vertex -4.50251 125.199 -138.5
      vertex 10.25 122.4 -138.5
    endloop
  endfacet
  facet normal -0 0 -1
    outer loop
      vertex -6.20104 125.903 -138.5
      vertex -10.25 122.4 -138.5
      vertex -6.3 126.4 -138.5
    endloop
  endfacet
  facet normal -0 0 -1
    outer loop
      vertex -5.91924 125.481 -138.5
      vertex -10.25 122.4 -138.5
      vertex -6.20104 125.903 -138.5
    endloop
  endfacet
  facet normal -0 0 -1
    outer loop
      vertex -5.49749 125.199 -138.5
      vertex -10.25 122.4 -138.5
      vertex -5.91924 125.481 -138.5
    endloop
  endfacet
  facet normal -0 0 -1
    outer loop
      vertex -5 125.1 -138.5
      vertex -10.25 122.4 -138.5
      vertex -5.49749 125.199 -138.5
    endloop
  endfacet
  facet normal 0 0 -1
    outer loop
      vertex -4.50251 125.199 -138.5
      vertex -10.25 122.4 -138.5
      vertex -5 125.1 -138.5
    endloop
  endfacet
  facet normal 0 0 -1
    outer loop
      vertex 13 74 -138.5
      vertex 10.25 80.9 -138.5
      vertex 13 98 -138.5
    endloop
  endfacet
  facet normal 0 0 -1
    outer loop
      vertex 13 74 -138.5
      vertex 6.3 76.9 -138.5
      vertex 10.25 80.9 -138.5
    endloop
  endfacet
  facet normal 0 0 -1
    outer loop
      vertex 13 74 -138.5
      vertex 6.20104 76.4025 -138.5
      vertex 6.3 76.9 -138.5
    endloop
  endfacet
  facet normal 0 0 -1
    outer loop
      vertex 13 74 -138.5
      vertex 5.91924 75.9808 -138.5
      vertex 6.20104 76.4025 -138.5
    endloop
  endfacet
  facet normal 0 0 -1
    outer loop
      vertex 13 74 -138.5
      vertex 5.49749 75.699 -138.5
      vertex 5.91924 75.9808 -138.5
    endloop
  endfacet
  facet normal 0 0 -1
    outer loop
      vertex 13 74 -138.5
      vertex 5 75.6 -138.5
      vertex 5.49749 75.699 -138.5
    endloop
  endfacet
  facet normal 0 0 -1
    outer loop
      vertex -5 75.6 -138.5
      vertex 5 75.6 -138.5
      vertex 13 74 -138.5
    endloop
  endfacet
  facet normal 0 0 -1
    outer loop
      vertex 3.79896 76.4025 -138.5
      vertex -3.7 76.9 -138.5
      vertex 3.7 76.9 -138.5
    endloop
  endfacet
  facet normal 0 0 -1
    outer loop
      vertex -3.79896 76.4025 -138.5
      vertex 3.79896 76.4025 -138.5
      vertex 4.08076 75.9808 -138.5
    endloop
  endfacet
  facet normal 0 0 -1
    outer loop
      vertex -4.08076 75.9808 -138.5
      vertex 4.08076 75.9808 -138.5
      vertex 4.50251 75.699 -138.5
    endloop
  endfacet
  facet normal 0 0 -1
    outer loop
      vertex 5 75.6 -138.5
      vertex -5 75.6 -138.5
      vertex 4.50251 75.699 -138.5
    endloop
  endfacet
  facet normal 0 0 -1
    outer loop
      vertex 3.79896 76.4025 -138.5
      vertex -3.79896 76.4025 -138.5
      vertex -3.7 76.9 -138.5
    endloop
  endfacet
  facet normal 0 0 -1
    outer loop
      vertex 4.08076 75.9808 -138.5
      vertex -4.08076 75.9808 -138.5
      vertex -3.79896 76.4025 -138.5
    endloop
  endfacet
  facet normal 0 0 -1
    outer loop
      vertex 4.50251 75.699 -138.5
      vertex -4.50251 75.699 -138.5
      vertex -4.08076 75.9808 -138.5
    endloop
  endfacet
  facet normal -0 0 -1
    outer loop
      vertex 4.50251 75.699 -138.5
      vertex -5 75.6 -138.5
      vertex -4.50251 75.699 -138.5
    endloop
  endfacet
  facet normal 0 0 -1
    outer loop
      vertex -13 74 -138.5
      vertex -6.3 76.9 -138.5
      vertex -6.20104 76.4025 -138.5
    endloop
  endfacet
  facet normal 0 0 -1
    outer loop
      vertex -13 74 -138.5
      vertex -6.20104 76.4025 -138.5
      vertex -5.91924 75.9808 -138.5
    endloop
  endfacet
  facet normal 0 0 -1
    outer loop
      vertex -13 98 -138.5
      vertex -10.25 80.9 -138.5
      vertex -13 74 -138.5
    endloop
  endfacet
  facet normal -0 0 -1
    outer loop
      vertex -6.3 76.9 -138.5
      vertex -13 74 -138.5
      vertex -10.25 80.9 -138.5
    endloop
  endfacet
  facet normal -0 0 -1
    outer loop
      vertex -5.49749 75.699 -138.5
      vertex -13 74 -138.5
      vertex -5.91924 75.9808 -138.5
    endloop
  endfacet
  facet normal -0 0 -1
    outer loop
      vertex -5 75.6 -138.5
      vertex -13 74 -138.5
      vertex -5.49749 75.699 -138.5
    endloop
  endfacet
  facet normal 0 0 -1
    outer loop
      vertex -13 74 -138.5
      vertex -5 75.6 -138.5
      vertex 13 74 -138.5
    endloop
  endfacet
  facet normal 0 0 -1
    outer loop
      vertex 10.25 122.4 -138.5
      vertex 16 98 -138.5
      vertex 13 98 -138.5
    endloop
  endfacet
  facet normal 0 0 -1
    outer loop
      vertex 10.25 122.4 -138.5
      vertex 13 98 -138.5
      vertex 10.25 80.9 -138.5
    endloop
  endfacet
  facet normal 0 0 -1
    outer loop
      vertex 16 98 -138.5
      vertex 10.25 122.4 -138.5
      vertex 16 131 -138.5
    endloop
  endfacet
  facet normal 0 0 -1
    outer loop
      vertex 6.3 126.4 -138.5
      vertex 16 131 -138.5
      vertex 10.25 122.4 -138.5
    endloop
  endfacet
  facet normal 0 0 -1
    outer loop
      vertex 6.20104 126.897 -138.5
      vertex 16 131 -138.5
      vertex 6.3 126.4 -138.5
    endloop
  endfacet
  facet normal 0 0 -1
    outer loop
      vertex 5.91924 127.319 -138.5
      vertex 16 131 -138.5
      vertex 6.20104 126.897 -138.5
    endloop
  endfacet
  facet normal 0 0 -1
    outer loop
      vertex 5.49749 127.601 -138.5
      vertex 16 131 -138.5
      vertex 5.91924 127.319 -138.5
    endloop
  endfacet
  facet normal 0 0 -1
    outer loop
      vertex 5 127.7 -138.5
      vertex 16 131 -138.5
      vertex 5.49749 127.601 -138.5
    endloop
  endfacet
  facet normal 0 0 -1
    outer loop
      vertex -5 127.7 -138.5
      vertex 5 127.7 -138.5
      vertex 4.50251 127.601 -138.5
    endloop
  endfacet
  facet normal 0 0 -1
    outer loop
      vertex -3.7 126.4 -138.5
      vertex 3.79896 126.897 -138.5
      vertex 3.7 126.4 -138.5
    endloop
  endfacet
  facet normal 0 0 -1
    outer loop
      vertex -3.79896 126.897 -138.5
      vertex 3.79896 126.897 -138.5
      vertex -3.7 126.4 -138.5
    endloop
  endfacet
  facet normal 0 0 -1
    outer loop
      vertex 3.79896 126.897 -138.5
      vertex -3.79896 126.897 -138.5
      vertex 4.08076 127.319 -138.5
    endloop
  endfacet
  facet normal 0 0 -1
    outer loop
      vertex -4.08076 127.319 -138.5
      vertex 4.08076 127.319 -138.5
      vertex -3.79896 126.897 -138.5
    endloop
  endfacet
  facet normal 0 0 -1
    outer loop
      vertex 4.08076 127.319 -138.5
      vertex -4.08076 127.319 -138.5
      vertex 4.50251 127.601 -138.5
    endloop
  endfacet
  facet normal 0 0 -1
    outer loop
      vertex -4.50251 127.601 -138.5
      vertex 4.50251 127.601 -138.5
      vertex -4.08076 127.319 -138.5
    endloop
  endfacet
  facet normal 0 0 -1
    outer loop
      vertex -5 127.7 -138.5
      vertex 4.50251 127.601 -138.5
      vertex -4.50251 127.601 -138.5
    endloop
  endfacet
  facet normal 0 0 -1
    outer loop
      vertex 5 127.7 -138.5
      vertex -5 127.7 -138.5
      vertex 16 131 -138.5
    endloop
  endfacet
  facet normal 0 0 -1
    outer loop
      vertex -10.25 122.4 -138.5
      vertex -6.20104 126.897 -138.5
      vertex -6.3 126.4 -138.5
    endloop
  endfacet
  facet normal 0 0 -1
    outer loop
      vertex -16 131 -138.5
      vertex -6.20104 126.897 -138.5
      vertex -10.25 122.4 -138.5
    endloop
  endfacet
  facet normal 0 0 -1
    outer loop
      vertex -10.25 80.9 -138.5
      vertex -13 98 -138.5
      vertex -10.25 122.4 -138.5
    endloop
  endfacet
  facet normal 0 0 -1
    outer loop
      vertex -16 98 -138.5
      vertex -10.25 122.4 -138.5
      vertex -13 98 -138.5
    endloop
  endfacet
  facet normal 0 0 -1
    outer loop
      vertex -5 127.7 -138.5
      vertex -16 131 -138.5
      vertex 16 131 -138.5
    endloop
  endfacet
  facet normal 0 0 -1
    outer loop
      vertex -5.49749 127.601 -138.5
      vertex -16 131 -138.5
      vertex -5 127.7 -138.5
    endloop
  endfacet
  facet normal 0 0 -1
    outer loop
      vertex -5.91924 127.319 -138.5
      vertex -16 131 -138.5
      vertex -5.49749 127.601 -138.5
    endloop
  endfacet
  facet normal 0 0 -1
    outer loop
      vertex -6.20104 126.897 -138.5
      vertex -16 131 -138.5
      vertex -5.91924 127.319 -138.5
    endloop
  endfacet
  facet normal 0 0 -1
    outer loop
      vertex -16 131 -138.5
      vertex -10.25 122.4 -138.5
      vertex -16 98 -138.5
    endloop
  endfacet
  facet normal 0 0 -1
    outer loop
      vertex 6.20104 77.3975 -138.5
      vertex 10.25 80.9 -138.5
      vertex 6.3 76.9 -138.5
    endloop
  endfacet
  facet normal 0 0 -1
    outer loop
      vertex 5.91924 77.8192 -138.5
      vertex 10.25 80.9 -138.5
      vertex 6.20104 77.3975 -138.5
    endloop
  endfacet
  facet normal 0 0 -1
    outer loop
      vertex 5.49749 78.101 -138.5
      vertex 10.25 80.9 -138.5
      vertex 5.91924 77.8192 -138.5
    endloop
  endfacet
  facet normal 0 0 -1
    outer loop
      vertex 5 78.2 -138.5
      vertex 10.25 80.9 -138.5
      vertex 5.49749 78.101 -138.5
    endloop
  endfacet
  facet normal 0 0 -1
    outer loop
      vertex 4.50251 78.101 -138.5
      vertex 10.25 80.9 -138.5
      vertex 5 78.2 -138.5
    endloop
  endfacet
  facet normal 0 0 -1
    outer loop
      vertex -3.7 76.9 -138.5
      vertex 3.79896 77.3975 -138.5
      vertex 3.7 76.9 -138.5
    endloop
  endfacet
  facet normal 0 0 -1
    outer loop
      vertex -3.79896 77.3975 -138.5
      vertex 3.79896 77.3975 -138.5
      vertex -3.7 76.9 -138.5
    endloop
  endfacet
  facet normal 0 0 -1
    outer loop
      vertex 3.79896 77.3975 -138.5
      vertex -3.79896 77.3975 -138.5
      vertex 4.08076 77.8192 -138.5
    endloop
  endfacet
  facet normal 0 0 -1
    outer loop
      vertex -4.08076 77.8192 -138.5
      vertex 4.08076 77.8192 -138.5
      vertex -3.79896 77.3975 -138.5
    endloop
  endfacet
  facet normal 0 0 -1
    outer loop
      vertex 4.08076 77.8192 -138.5
      vertex -4.08076 77.8192 -138.5
      vertex 4.50251 78.101 -138.5
    endloop
  endfacet
  facet normal 0 0 -1
    outer loop
      vertex -4.50251 78.101 -138.5
      vertex 4.50251 78.101 -138.5
      vertex -4.08076 77.8192 -138.5
    endloop
  endfacet
  facet normal 0 0 -1
    outer loop
      vertex 4.50251 78.101 -138.5
      vertex -4.50251 78.101 -138.5
      vertex 10.25 80.9 -138.5
    endloop
  endfacet
  facet normal 0 0 -1
    outer loop
      vertex -10.25 80.9 -138.5
      vertex -4.50251 78.101 -138.5
      vertex -5 78.2 -138.5
    endloop
  endfacet
  facet normal 0 0 -1
    outer loop
      vertex -4.50251 78.101 -138.5
      vertex -10.25 80.9 -138.5
      vertex 10.25 80.9 -138.5
    endloop
  endfacet
  facet normal 0 0 -1
    outer loop
      vertex -5.49749 78.101 -138.5
      vertex -10.25 80.9 -138.5
      vertex -5 78.2 -138.5
    endloop
  endfacet
  facet normal 0 0 -1
    outer loop
      vertex -5.91924 77.8192 -138.5
      vertex -10.25 80.9 -138.5
      vertex -5.49749 78.101 -138.5
    endloop
  endfacet
  facet normal 0 0 -1
    outer loop
      vertex -6.20104 77.3975 -138.5
      vertex -10.25 80.9 -138.5
      vertex -5.91924 77.8192 -138.5
    endloop
  endfacet
  facet normal 0 0 -1
    outer loop
      vertex -10.25 80.9 -138.5
      vertex -6.20104 77.3975 -138.5
      vertex -6.3 76.9 -138.5
    endloop
  endfacet
  facet normal 0 0 1
    outer loop
      vertex 10.25 80.9 -135.5
      vertex 6.20104 77.3975 -135.5
      vertex 6.3 76.9 -135.5
    endloop
  endfacet
  facet normal 0 0 1
    outer loop
      vertex 10.25 80.9 -135.5
      vertex 5.91924 77.8192 -135.5
      vertex 6.20104 77.3975 -135.5
    endloop
  endfacet
  facet normal 0 0 1
    outer loop
      vertex 10.25 80.9 -135.5
      vertex 5.49749 78.101 -135.5
      vertex 5.91924 77.8192 -135.5
    endloop
  endfacet
  facet normal 0 0 1
    outer loop
      vertex 10.25 80.9 -135.5
      vertex 5 78.2 -135.5
      vertex 5.49749 78.101 -135.5
    endloop
  endfacet
  facet normal 0 0 1
    outer loop
      vertex 10.25 80.9 -135.5
      vertex 4.50251 78.101 -135.5
      vertex 5 78.2 -135.5
    endloop
  endfacet
  facet normal 0 0 1
    outer loop
      vertex 3.79896 77.3975 -135.5
      vertex -3.7 76.9 -135.5
      vertex 3.7 76.9 -135.5
    endloop
  endfacet
  facet normal 0 0 1
    outer loop
      vertex -3.79896 77.3975 -135.5
      vertex 3.79896 77.3975 -135.5
      vertex 4.08076 77.8192 -135.5
    endloop
  endfacet
  facet normal 0 0 1
    outer loop
      vertex -4.08076 77.8192 -135.5
      vertex 4.08076 77.8192 -135.5
      vertex 4.50251 78.101 -135.5
    endloop
  endfacet
  facet normal 0 0 1
    outer loop
      vertex -4.50251 78.101 -135.5
      vertex 4.50251 78.101 -135.5
      vertex 10.25 80.9 -135.5
    endloop
  endfacet
  facet normal 0 0 1
    outer loop
      vertex 3.79896 77.3975 -135.5
      vertex -3.79896 77.3975 -135.5
      vertex -3.7 76.9 -135.5
    endloop
  endfacet
  facet normal 0 0 1
    outer loop
      vertex 4.08076 77.8192 -135.5
      vertex -4.08076 77.8192 -135.5
      vertex -3.79896 77.3975 -135.5
    endloop
  endfacet
  facet normal 0 0 1
    outer loop
      vertex 4.50251 78.101 -135.5
      vertex -4.50251 78.101 -135.5
      vertex -4.08076 77.8192 -135.5
    endloop
  endfacet
  facet normal -0 0 1
    outer loop
      vertex -10.25 80.9 -135.5
      vertex -4.50251 78.101 -135.5
      vertex 10.25 80.9 -135.5
    endloop
  endfacet
  facet normal 0 0 1
    outer loop
      vertex -6.20104 77.3975 -135.5
      vertex -10.25 80.9 -135.5
      vertex -6.3 76.9 -135.5
    endloop
  endfacet
  facet normal 0 0 1
    outer loop
      vertex -5.91924 77.8192 -135.5
      vertex -10.25 80.9 -135.5
      vertex -6.20104 77.3975 -135.5
    endloop
  endfacet
  facet normal 0 0 1
    outer loop
      vertex -5.49749 78.101 -135.5
      vertex -10.25 80.9 -135.5
      vertex -5.91924 77.8192 -135.5
    endloop
  endfacet
  facet normal 0 0 1
    outer loop
      vertex -5 78.2 -135.5
      vertex -10.25 80.9 -135.5
      vertex -5.49749 78.101 -135.5
    endloop
  endfacet
  facet normal 0 0 1
    outer loop
      vertex -4.50251 78.101 -135.5
      vertex -10.25 80.9 -135.5
      vertex -5 78.2 -135.5
    endloop
  endfacet
  facet normal -0 0 1
    outer loop
      vertex 10.25 122.4 -135.5
      vertex 16 98 -135.5
      vertex 16 131 -135.5
    endloop
  endfacet
  facet normal 0 0 1
    outer loop
      vertex 10.25 80.9 -135.5
      vertex 13 98 -135.5
      vertex 10.25 122.4 -135.5
    endloop
  endfacet
  facet normal 0 0 1
    outer loop
      vertex 16 98 -135.5
      vertex 10.25 122.4 -135.5
      vertex 13 98 -135.5
    endloop
  endfacet
  facet normal 0 0 1
    outer loop
      vertex 16 131 -135.5
      vertex 6.3 126.4 -135.5
      vertex 10.25 122.4 -135.5
    endloop
  endfacet
  facet normal 0 0 1
    outer loop
      vertex 16 131 -135.5
      vertex 6.20104 126.897 -135.5
      vertex 6.3 126.4 -135.5
    endloop
  endfacet
  facet normal 0 0 1
    outer loop
      vertex 16 131 -135.5
      vertex 5.91924 127.319 -135.5
      vertex 6.20104 126.897 -135.5
    endloop
  endfacet
  facet normal 0 0 1
    outer loop
      vertex 16 131 -135.5
      vertex 5.49749 127.601 -135.5
      vertex 5.91924 127.319 -135.5
    endloop
  endfacet
  facet normal 0 0 1
    outer loop
      vertex 16 131 -135.5
      vertex 5 127.7 -135.5
      vertex 5.49749 127.601 -135.5
    endloop
  endfacet
  facet normal 0 0 1
    outer loop
      vertex -5 127.7 -135.5
      vertex 5 127.7 -135.5
      vertex 16 131 -135.5
    endloop
  endfacet
  facet normal 0 0 1
    outer loop
      vertex 3.79896 126.897 -135.5
      vertex -3.7 126.4 -135.5
      vertex 3.7 126.4 -135.5
    endloop
  endfacet
  facet normal 0 0 1
    outer loop
      vertex -3.79896 126.897 -135.5
      vertex 3.79896 126.897 -135.5
      vertex 4.08076 127.319 -135.5
    endloop
  endfacet
  facet normal 0 0 1
    outer loop
      vertex -4.08076 127.319 -135.5
      vertex 4.08076 127.319 -135.5
      vertex 4.50251 127.601 -135.5
    endloop
  endfacet
  facet normal 0 0 1
    outer loop
      vertex 5 127.7 -135.5
      vertex -5 127.7 -135.5
      vertex 4.50251 127.601 -135.5
    endloop
  endfacet
  facet normal 0 0 1
    outer loop
      vertex 3.79896 126.897 -135.5
      vertex -3.79896 126.897 -135.5
      vertex -3.7 126.4 -135.5
    endloop
  endfacet
  facet normal 0 0 1
    outer loop
      vertex 4.08076 127.319 -135.5
      vertex -4.08076 127.319 -135.5
      vertex -3.79896 126.897 -135.5
    endloop
  endfacet
  facet normal 0 0 1
    outer loop
      vertex 4.50251 127.601 -135.5
      vertex -4.50251 127.601 -135.5
      vertex -4.08076 127.319 -135.5
    endloop
  endfacet
  facet normal 0 0 1
    outer loop
      vertex 4.50251 127.601 -135.5
      vertex -5 127.7 -135.5
      vertex -4.50251 127.601 -135.5
    endloop
  endfacet
  facet normal 0 0 1
    outer loop
      vertex -6.20104 126.897 -135.5
      vertex -10.25 122.4 -135.5
      vertex -6.3 126.4 -135.5
    endloop
  endfacet
  facet normal 0 0 1
    outer loop
      vertex -16 131 -135.5
      vertex -6.20104 126.897 -135.5
      vertex -5.91924 127.319 -135.5
    endloop
  endfacet
  facet normal 0 0 1
    outer loop
      vertex -10.25 122.4 -135.5
      vertex -13 98 -135.5
      vertex -10.25 80.9 -135.5
    endloop
  endfacet
  facet normal -0 0 1
    outer loop
      vertex -16 131 -135.5
      vertex -5 127.7 -135.5
      vertex 16 131 -135.5
    endloop
  endfacet
  facet normal 0 0 1
    outer loop
      vertex -16 131 -135.5
      vertex -5.49749 127.601 -135.5
      vertex -5 127.7 -135.5
    endloop
  endfacet
  facet normal 0 0 1
    outer loop
      vertex -16 131 -135.5
      vertex -5.91924 127.319 -135.5
      vertex -5.49749 127.601 -135.5
    endloop
  endfacet
  facet normal 0 0 1
    outer loop
      vertex -6.20104 126.897 -135.5
      vertex -16 131 -135.5
      vertex -10.25 122.4 -135.5
    endloop
  endfacet
  facet normal 0 0 1
    outer loop
      vertex -16 98 -135.5
      vertex -10.25 122.4 -135.5
      vertex -16 131 -135.5
    endloop
  endfacet
  facet normal 0 0 1
    outer loop
      vertex -10.25 122.4 -135.5
      vertex -16 98 -135.5
      vertex -13 98 -135.5
    endloop
  endfacet
  facet normal 0 0 1
    outer loop
      vertex 13 98 -135.5
      vertex 10.25 80.9 -135.5
      vertex 13 74 -135.5
    endloop
  endfacet
  facet normal -0 0 1
    outer loop
      vertex 6.3 76.9 -135.5
      vertex 13 74 -135.5
      vertex 10.25 80.9 -135.5
    endloop
  endfacet
  facet normal -0 0 1
    outer loop
      vertex 6.20104 76.4025 -135.5
      vertex 13 74 -135.5
      vertex 6.3 76.9 -135.5
    endloop
  endfacet
  facet normal -0 0 1
    outer loop
      vertex 5.91924 75.9808 -135.5
      vertex 13 74 -135.5
      vertex 6.20104 76.4025 -135.5
    endloop
  endfacet
  facet normal -0 0 1
    outer loop
      vertex 5.49749 75.699 -135.5
      vertex 13 74 -135.5
      vertex 5.91924 75.9808 -135.5
    endloop
  endfacet
  facet normal -0 0 1
    outer loop
      vertex 5 75.6 -135.5
      vertex 13 74 -135.5
      vertex 5.49749 75.699 -135.5
    endloop
  endfacet
  facet normal 0 0 1
    outer loop
      vertex -5 75.6 -135.5
      vertex 5 75.6 -135.5
      vertex 4.50251 75.699 -135.5
    endloop
  endfacet
  facet normal -0 0 1
    outer loop
      vertex -3.7 76.9 -135.5
      vertex 3.79896 76.4025 -135.5
      vertex 3.7 76.9 -135.5
    endloop
  endfacet
  facet normal 0 0 1
    outer loop
      vertex -3.79896 76.4025 -135.5
      vertex 3.79896 76.4025 -135.5
      vertex -3.7 76.9 -135.5
    endloop
  endfacet
  facet normal 0 0 1
    outer loop
      vertex 3.79896 76.4025 -135.5
      vertex -3.79896 76.4025 -135.5
      vertex 4.08076 75.9808 -135.5
    endloop
  endfacet
  facet normal 0 0 1
    outer loop
      vertex -4.08076 75.9808 -135.5
      vertex 4.08076 75.9808 -135.5
      vertex -3.79896 76.4025 -135.5
    endloop
  endfacet
  facet normal 0 0 1
    outer loop
      vertex 4.08076 75.9808 -135.5
      vertex -4.08076 75.9808 -135.5
      vertex 4.50251 75.699 -135.5
    endloop
  endfacet
  facet normal 0 0 1
    outer loop
      vertex -4.50251 75.699 -135.5
      vertex 4.50251 75.699 -135.5
      vertex -4.08076 75.9808 -135.5
    endloop
  endfacet
  facet normal 0 0 1
    outer loop
      vertex -5 75.6 -135.5
      vertex 4.50251 75.699 -135.5
      vertex -4.50251 75.699 -135.5
    endloop
  endfacet
  facet normal 0 0 1
    outer loop
      vertex 5 75.6 -135.5
      vertex -5 75.6 -135.5
      vertex 13 74 -135.5
    endloop
  endfacet
  facet normal 0 0 1
    outer loop
      vertex -13 74 -135.5
      vertex -6.3 76.9 -135.5
      vertex -10.25 80.9 -135.5
    endloop
  endfacet
  facet normal 0 0 1
    outer loop
      vertex -6.3 76.9 -135.5
      vertex -13 74 -135.5
      vertex -6.20104 76.4025 -135.5
    endloop
  endfacet
  facet normal 0 0 1
    outer loop
      vertex -5 75.6 -135.5
      vertex -13 74 -135.5
      vertex 13 74 -135.5
    endloop
  endfacet
  facet normal 0 0 1
    outer loop
      vertex -5.49749 75.699 -135.5
      vertex -13 74 -135.5
      vertex -5 75.6 -135.5
    endloop
  endfacet
  facet normal 0 0 1
    outer loop
      vertex -5.91924 75.9808 -135.5
      vertex -13 74 -135.5
      vertex -5.49749 75.699 -135.5
    endloop
  endfacet
  facet normal 0 0 1
    outer loop
      vertex -6.20104 76.4025 -135.5
      vertex -13 74 -135.5
      vertex -5.91924 75.9808 -135.5
    endloop
  endfacet
  facet normal 0 0 1
    outer loop
      vertex -13 74 -135.5
      vertex -10.25 80.9 -135.5
      vertex -13 98 -135.5
    endloop
  endfacet
  facet normal -0 0 1
    outer loop
      vertex 6.20104 125.903 -135.5
      vertex 10.25 122.4 -135.5
      vertex 6.3 126.4 -135.5
    endloop
  endfacet
  facet normal -0 0 1
    outer loop
      vertex 5.91924 125.481 -135.5
      vertex 10.25 122.4 -135.5
      vertex 6.20104 125.903 -135.5
    endloop
  endfacet
  facet normal -0 0 1
    outer loop
      vertex 5.49749 125.199 -135.5
      vertex 10.25 122.4 -135.5
      vertex 5.91924 125.481 -135.5
    endloop
  endfacet
  facet normal -0 0 1
    outer loop
      vertex 5 125.1 -135.5
      vertex 10.25 122.4 -135.5
      vertex 5.49749 125.199 -135.5
    endloop
  endfacet
  facet normal 0 0 1
    outer loop
      vertex 4.50251 125.199 -135.5
      vertex 10.25 122.4 -135.5
      vertex 5 125.1 -135.5
    endloop
  endfacet
  facet normal -0 0 1
    outer loop
      vertex -3.7 126.4 -135.5
      vertex 3.79896 125.903 -135.5
      vertex 3.7 126.4 -135.5
    endloop
  endfacet
  facet normal 0 0 1
    outer loop
      vertex -3.79896 125.903 -135.5
      vertex 3.79896 125.903 -135.5
      vertex -3.7 126.4 -135.5
    endloop
  endfacet
  facet normal 0 0 1
    outer loop
      vertex 3.79896 125.903 -135.5
      vertex -3.79896 125.903 -135.5
      vertex 4.08076 125.481 -135.5
    endloop
  endfacet
  facet normal 0 0 1
    outer loop
      vertex -4.08076 125.481 -135.5
      vertex 4.08076 125.481 -135.5
      vertex -3.79896 125.903 -135.5
    endloop
  endfacet
  facet normal 0 0 1
    outer loop
      vertex 4.08076 125.481 -135.5
      vertex -4.08076 125.481 -135.5
      vertex 4.50251 125.199 -135.5
    endloop
  endfacet
  facet normal 0 0 1
    outer loop
      vertex -4.50251 125.199 -135.5
      vertex 4.50251 125.199 -135.5
      vertex -4.08076 125.481 -135.5
    endloop
  endfacet
  facet normal 0 0 1
    outer loop
      vertex 4.50251 125.199 -135.5
      vertex -4.50251 125.199 -135.5
      vertex 10.25 122.4 -135.5
    endloop
  endfacet
  facet normal 0 0 1
    outer loop
      vertex -10.25 122.4 -135.5
      vertex -4.50251 125.199 -135.5
      vertex -5 125.1 -135.5
    endloop
  endfacet
  facet normal 0 0 1
    outer loop
      vertex -4.50251 125.199 -135.5
      vertex -10.25 122.4 -135.5
      vertex 10.25 122.4 -135.5
    endloop
  endfacet
  facet normal 0 0 1
    outer loop
      vertex -5.49749 125.199 -135.5
      vertex -10.25 122.4 -135.5
      vertex -5 125.1 -135.5
    endloop
  endfacet
  facet normal 0 0 1
    outer loop
      vertex -5.91924 125.481 -135.5
      vertex -10.25 122.4 -135.5
      vertex -5.49749 125.199 -135.5
    endloop
  endfacet
  facet normal 0 0 1
    outer loop
      vertex -6.20104 125.903 -135.5
      vertex -10.25 122.4 -135.5
      vertex -5.91924 125.481 -135.5
    endloop
  endfacet
  facet normal 0 0 1
    outer loop
      vertex -10.25 122.4 -135.5
      vertex -6.20104 125.903 -135.5
      vertex -6.3 126.4 -135.5
    endloop
  endfacet
  facet normal 0 1 -0
    outer loop
      vertex 16 131 -138.5
      vertex -16 131 -135.5
      vertex 16 131 -135.5
    endloop
  endfacet
  facet normal 0 1 0
    outer loop
      vertex -16 131 -135.5
      vertex 16 131 -138.5
      vertex -16 131 -138.5
    endloop
  endfacet
  facet normal 0.946941 -0.321409 0
    outer loop
      vertex -10.7218 114.873 -52
      vertex -10.2551 116.248 -59.1
      vertex -10.2551 116.248 -52
    endloop
  endfacet
  facet normal 0.946941 -0.321409 0
    outer loop
      vertex -10.2551 116.248 -59.1
      vertex -10.7218 114.873 -52
      vertex -10.7218 114.873 -59.1
    endloop
  endfacet
  facet normal -0.980792 -0.195056 0
    outer loop
      vertex 11.005 113.449 -59.1
      vertex 10.7218 114.873 -52
      vertex 10.7218 114.873 -59.1
    endloop
  endfacet
  facet normal -0.980792 -0.195056 0
    outer loop
      vertex 10.7218 114.873 -52
      vertex 11.005 113.449 -59.1
      vertex 11.005 113.449 -52
    endloop
  endfacet
  facet normal -0.997858 -0.065422 0
    outer loop
      vertex 11.1 112 -59.1
      vertex 11.005 113.449 -52
      vertex 11.005 113.449 -59.1
    endloop
  endfacet
  facet normal -0.997858 -0.065422 0
    outer loop
      vertex 11.005 113.449 -52
      vertex 11.1 112 -59.1
      vertex 11.1 112 -52
    endloop
  endfacet
  facet normal 0.44219 -0.896922 0
    outer loop
      vertex -5.55 121.613 -59.1
      vertex -4.24779 122.255 -52
      vertex -5.55 121.613 -52
    endloop
  endfacet
  facet normal 0.44219 -0.896922 0
    outer loop
      vertex -4.24779 122.255 -52
      vertex -5.55 121.613 -59.1
      vertex -4.24779 122.255 -59.1
    endloop
  endfacet
  facet normal 0.659216 0.751954 -0
    outer loop
      vertex -6.75725 103.194 -59.1
      vertex -7.84888 104.151 -52
      vertex -6.75725 103.194 -52
    endloop
  endfacet
  facet normal 0.659216 0.751954 0
    outer loop
      vertex -7.84888 104.151 -52
      vertex -6.75725 103.194 -59.1
      vertex -7.84888 104.151 -59.1
    endloop
  endfacet
  facet normal -0.555733 -0.831361 0
    outer loop
      vertex 5.55 121.613 -59.1
      vertex 6.75725 120.806 -52
      vertex 5.55 121.613 -52
    endloop
  endfacet
  facet normal -0.555733 -0.831361 -0
    outer loop
      vertex 6.75725 120.806 -52
      vertex 5.55 121.613 -59.1
      vertex 6.75725 120.806 -59.1
    endloop
  endfacet
  facet normal 0.659216 -0.751954 0
    outer loop
      vertex -7.84888 119.849 -59.1
      vertex -6.75725 120.806 -52
      vertex -7.84888 119.849 -52
    endloop
  endfacet
  facet normal 0.659216 -0.751954 0
    outer loop
      vertex -6.75725 120.806 -52
      vertex -7.84888 119.849 -59.1
      vertex -6.75725 120.806 -59.1
    endloop
  endfacet
  facet normal -0.321615 0.946871 0
    outer loop
      vertex 4.24779 101.745 -59.1
      vertex 2.87289 101.278 -52
      vertex 4.24779 101.745 -52
    endloop
  endfacet
  facet normal -0.321615 0.946871 0
    outer loop
      vertex 2.87289 101.278 -52
      vertex 4.24779 101.745 -59.1
      vertex 2.87289 101.278 -59.1
    endloop
  endfacet
  facet normal 0.946941 0.321409 0
    outer loop
      vertex -10.2551 107.752 -52
      vertex -10.7218 109.127 -59.1
      vertex -10.7218 109.127 -52
    endloop
  endfacet
  facet normal 0.946941 0.321409 0
    outer loop
      vertex -10.7218 109.127 -59.1
      vertex -10.2551 107.752 -52
      vertex -10.2551 107.752 -59.1
    endloop
  endfacet
  facet normal -0.194917 -0.98082 0
    outer loop
      vertex 1.44884 123.005 -59.1
      vertex 2.87289 122.722 -52
      vertex 1.44884 123.005 -52
    endloop
  endfacet
  facet normal -0.194917 -0.98082 -0
    outer loop
      vertex 2.87289 122.722 -52
      vertex 1.44884 123.005 -59.1
      vertex 2.87289 122.722 -59.1
    endloop
  endfacet
  facet normal -0.0654292 -0.997857 0
    outer loop
      vertex 0 123.1 -59.1
      vertex 1.44884 123.005 -52
      vertex 0 123.1 -52
    endloop
  endfacet
  facet normal -0.0654292 -0.997857 -0
    outer loop
      vertex 1.44884 123.005 -52
      vertex 0 123.1 -59.1
      vertex 1.44884 123.005 -59.1
    endloop
  endfacet
  facet normal -0.321615 -0.946871 0
    outer loop
      vertex 2.87289 122.722 -59.1
      vertex 4.24779 122.255 -52
      vertex 2.87289 122.722 -52
    endloop
  endfacet
  facet normal -0.321615 -0.946871 -0
    outer loop
      vertex 4.24779 122.255 -52
      vertex 2.87289 122.722 -59.1
      vertex 4.24779 122.255 -59.1
    endloop
  endfacet
  facet normal -0.946941 0.321409 0
    outer loop
      vertex 10.2551 107.752 -59.1
      vertex 10.7218 109.127 -52
      vertex 10.7218 109.127 -59.1
    endloop
  endfacet
  facet normal -0.946941 0.321409 0
    outer loop
      vertex 10.7218 109.127 -52
      vertex 10.2551 107.752 -59.1
      vertex 10.2551 107.752 -52
    endloop
  endfacet
  facet normal 0.555733 -0.831361 0
    outer loop
      vertex -6.75725 120.806 -59.1
      vertex -5.55 121.613 -52
      vertex -6.75725 120.806 -52
    endloop
  endfacet
  facet normal 0.555733 -0.831361 0
    outer loop
      vertex -5.55 121.613 -52
      vertex -6.75725 120.806 -59.1
      vertex -5.55 121.613 -59.1
    endloop
  endfacet
  facet normal -0.751948 0.659222 0
    outer loop
      vertex 7.84888 104.151 -59.1
      vertex 8.80622 105.243 -52
      vertex 8.80622 105.243 -59.1
    endloop
  endfacet
  facet normal -0.751948 0.659222 0
    outer loop
      vertex 8.80622 105.243 -52
      vertex 7.84888 104.151 -59.1
      vertex 7.84888 104.151 -52
    endloop
  endfacet
  facet normal 0.896833 0.442369 0
    outer loop
      vertex -9.61288 106.45 -52
      vertex -10.2551 107.752 -59.1
      vertex -10.2551 107.752 -52
    endloop
  endfacet
  facet normal 0.896833 0.442369 0
    outer loop
      vertex -10.2551 107.752 -59.1
      vertex -9.61288 106.45 -52
      vertex -9.61288 106.45 -59.1
    endloop
  endfacet
  facet normal -0.659216 -0.751954 0
    outer loop
      vertex 6.75725 120.806 -59.1
      vertex 7.84888 119.849 -52
      vertex 6.75725 120.806 -52
    endloop
  endfacet
  facet normal -0.659216 -0.751954 -0
    outer loop
      vertex 7.84888 119.849 -52
      vertex 6.75725 120.806 -59.1
      vertex 7.84888 119.849 -59.1
    endloop
  endfacet
  facet normal -0.831416 0.55565 0
    outer loop
      vertex 8.80622 105.243 -59.1
      vertex 9.61288 106.45 -52
      vertex 9.61288 106.45 -59.1
    endloop
  endfacet
  facet normal -0.831416 0.55565 0
    outer loop
      vertex 9.61288 106.45 -52
      vertex 8.80622 105.243 -59.1
      vertex 8.80622 105.243 -52
    endloop
  endfacet
  facet normal -0.44219 -0.896922 0
    outer loop
      vertex 4.24779 122.255 -59.1
      vertex 5.55 121.613 -52
      vertex 4.24779 122.255 -52
    endloop
  endfacet
  facet normal -0.44219 -0.896922 -0
    outer loop
      vertex 5.55 121.613 -52
      vertex 4.24779 122.255 -59.1
      vertex 5.55 121.613 -59.1
    endloop
  endfacet
  facet normal -0.997858 0.065422 0
    outer loop
      vertex 11.005 110.551 -59.1
      vertex 11.1 112 -52
      vertex 11.1 112 -59.1
    endloop
  endfacet
  facet normal -0.997858 0.065422 0
    outer loop
      vertex 11.1 112 -52
      vertex 11.005 110.551 -59.1
      vertex 11.005 110.551 -52
    endloop
  endfacet
  facet normal 0.831416 0.55565 0
    outer loop
      vertex -8.80622 105.243 -52
      vertex -9.61288 106.45 -59.1
      vertex -9.61288 106.45 -52
    endloop
  endfacet
  facet normal 0.831416 0.55565 0
    outer loop
      vertex -9.61288 106.45 -59.1
      vertex -8.80622 105.243 -52
      vertex -8.80622 105.243 -59.1
    endloop
  endfacet
  facet normal -0.831416 -0.55565 0
    outer loop
      vertex 9.61288 117.55 -59.1
      vertex 8.80622 118.757 -52
      vertex 8.80622 118.757 -59.1
    endloop
  endfacet
  facet normal -0.831416 -0.55565 0
    outer loop
      vertex 8.80622 118.757 -52
      vertex 9.61288 117.55 -59.1
      vertex 9.61288 117.55 -52
    endloop
  endfacet
  facet normal -0.555733 0.831361 0
    outer loop
      vertex 6.75725 103.194 -59.1
      vertex 5.55 102.387 -52
      vertex 6.75725 103.194 -52
    endloop
  endfacet
  facet normal -0.555733 0.831361 0
    outer loop
      vertex 5.55 102.387 -52
      vertex 6.75725 103.194 -59.1
      vertex 5.55 102.387 -59.1
    endloop
  endfacet
  facet normal -0.194917 0.98082 0
    outer loop
      vertex 2.87289 101.278 -59.1
      vertex 1.44884 100.995 -52
      vertex 2.87289 101.278 -52
    endloop
  endfacet
  facet normal -0.194917 0.98082 0
    outer loop
      vertex 1.44884 100.995 -52
      vertex 2.87289 101.278 -59.1
      vertex 1.44884 100.995 -59.1
    endloop
  endfacet
  facet normal 0.997858 -0.065422 0
    outer loop
      vertex -11.1 112 -52
      vertex -11.005 113.449 -59.1
      vertex -11.005 113.449 -52
    endloop
  endfacet
  facet normal 0.997858 -0.065422 0
    outer loop
      vertex -11.005 113.449 -59.1
      vertex -11.1 112 -52
      vertex -11.1 112 -59.1
    endloop
  endfacet
  facet normal -0.44219 0.896922 0
    outer loop
      vertex 5.55 102.387 -59.1
      vertex 4.24779 101.745 -52
      vertex 5.55 102.387 -52
    endloop
  endfacet
  facet normal -0.44219 0.896922 0
    outer loop
      vertex 4.24779 101.745 -52
      vertex 5.55 102.387 -59.1
      vertex 4.24779 101.745 -59.1
    endloop
  endfacet
  facet normal 0.321615 -0.946871 0
    outer loop
      vertex -4.24779 122.255 -59.1
      vertex -2.87289 122.722 -52
      vertex -4.24779 122.255 -52
    endloop
  endfacet
  facet normal 0.321615 -0.946871 0
    outer loop
      vertex -2.87289 122.722 -52
      vertex -4.24779 122.255 -59.1
      vertex -2.87289 122.722 -59.1
    endloop
  endfacet
  facet normal -0.896833 -0.442369 0
    outer loop
      vertex 10.2551 116.248 -59.1
      vertex 9.61288 117.55 -52
      vertex 9.61288 117.55 -59.1
    endloop
  endfacet
  facet normal -0.896833 -0.442369 0
    outer loop
      vertex 9.61288 117.55 -52
      vertex 10.2551 116.248 -59.1
      vertex 10.2551 116.248 -52
    endloop
  endfacet
  facet normal 0.194917 -0.98082 0
    outer loop
      vertex -2.87289 122.722 -59.1
      vertex -1.44884 123.005 -52
      vertex -2.87289 122.722 -52
    endloop
  endfacet
  facet normal 0.194917 -0.98082 0
    outer loop
      vertex -1.44884 123.005 -52
      vertex -2.87289 122.722 -59.1
      vertex -1.44884 123.005 -59.1
    endloop
  endfacet
  facet normal -0.896833 0.442369 0
    outer loop
      vertex 9.61288 106.45 -59.1
      vertex 10.2551 107.752 -52
      vertex 10.2551 107.752 -59.1
    endloop
  endfacet
  facet normal -0.896833 0.442369 0
    outer loop
      vertex 10.2551 107.752 -52
      vertex 9.61288 106.45 -59.1
      vertex 9.61288 106.45 -52
    endloop
  endfacet
  facet normal -0.0654292 0.997857 0
    outer loop
      vertex 1.44884 100.995 -59.1
      vertex 0 100.9 -52
      vertex 1.44884 100.995 -52
    endloop
  endfacet
  facet normal -0.0654292 0.997857 0
    outer loop
      vertex 0 100.9 -52
      vertex 1.44884 100.995 -59.1
      vertex 0 100.9 -59.1
    endloop
  endfacet
  facet normal -0.946941 -0.321409 0
    outer loop
      vertex 10.7218 114.873 -59.1
      vertex 10.2551 116.248 -52
      vertex 10.2551 116.248 -59.1
    endloop
  endfacet
  facet normal -0.946941 -0.321409 0
    outer loop
      vertex 10.2551 116.248 -52
      vertex 10.7218 114.873 -59.1
      vertex 10.7218 114.873 -52
    endloop
  endfacet
  facet normal 0.751948 -0.659222 0
    outer loop
      vertex -8.80622 118.757 -52
      vertex -7.84888 119.849 -59.1
      vertex -7.84888 119.849 -52
    endloop
  endfacet
  facet normal 0.751948 -0.659222 0
    outer loop
      vertex -7.84888 119.849 -59.1
      vertex -8.80622 118.757 -52
      vertex -8.80622 118.757 -59.1
    endloop
  endfacet
  facet normal -0.980792 0.195056 0
    outer loop
      vertex 10.7218 109.127 -59.1
      vertex 11.005 110.551 -52
      vertex 11.005 110.551 -59.1
    endloop
  endfacet
  facet normal -0.980792 0.195056 0
    outer loop
      vertex 11.005 110.551 -52
      vertex 10.7218 109.127 -59.1
      vertex 10.7218 109.127 -52
    endloop
  endfacet
  facet normal 0.0654292 -0.997857 0
    outer loop
      vertex -1.44884 123.005 -59.1
      vertex 0 123.1 -52
      vertex -1.44884 123.005 -52
    endloop
  endfacet
  facet normal 0.0654292 -0.997857 0
    outer loop
      vertex 0 123.1 -52
      vertex -1.44884 123.005 -59.1
      vertex 0 123.1 -59.1
    endloop
  endfacet
  facet normal 0.44219 0.896922 -0
    outer loop
      vertex -4.24779 101.745 -59.1
      vertex -5.55 102.387 -52
      vertex -4.24779 101.745 -52
    endloop
  endfacet
  facet normal 0.44219 0.896922 0
    outer loop
      vertex -5.55 102.387 -52
      vertex -4.24779 101.745 -59.1
      vertex -5.55 102.387 -59.1
    endloop
  endfacet
  facet normal 0.980792 0.195056 0
    outer loop
      vertex -10.7218 109.127 -52
      vertex -11.005 110.551 -59.1
      vertex -11.005 110.551 -52
    endloop
  endfacet
  facet normal 0.980792 0.195056 0
    outer loop
      vertex -11.005 110.551 -59.1
      vertex -10.7218 109.127 -52
      vertex -10.7218 109.127 -59.1
    endloop
  endfacet
  facet normal 0.321615 0.946871 -0
    outer loop
      vertex -2.87289 101.278 -59.1
      vertex -4.24779 101.745 -52
      vertex -2.87289 101.278 -52
    endloop
  endfacet
  facet normal 0.321615 0.946871 0
    outer loop
      vertex -4.24779 101.745 -52
      vertex -2.87289 101.278 -59.1
      vertex -4.24779 101.745 -59.1
    endloop
  endfacet
  facet normal 0.751948 0.659222 0
    outer loop
      vertex -7.84888 104.151 -52
      vertex -8.80622 105.243 -59.1
      vertex -8.80622 105.243 -52
    endloop
  endfacet
  facet normal 0.751948 0.659222 0
    outer loop
      vertex -8.80622 105.243 -59.1
      vertex -7.84888 104.151 -52
      vertex -7.84888 104.151 -59.1
    endloop
  endfacet
  facet normal 0.896833 -0.442369 0
    outer loop
      vertex -10.2551 116.248 -52
      vertex -9.61288 117.55 -59.1
      vertex -9.61288 117.55 -52
    endloop
  endfacet
  facet normal 0.896833 -0.442369 0
    outer loop
      vertex -9.61288 117.55 -59.1
      vertex -10.2551 116.248 -52
      vertex -10.2551 116.248 -59.1
    endloop
  endfacet
  facet normal 0.997858 0.065422 0
    outer loop
      vertex -11.005 110.551 -52
      vertex -11.1 112 -59.1
      vertex -11.1 112 -52
    endloop
  endfacet
  facet normal 0.997858 0.065422 0
    outer loop
      vertex -11.1 112 -59.1
      vertex -11.005 110.551 -52
      vertex -11.005 110.551 -59.1
    endloop
  endfacet
  facet normal 0.194917 0.98082 -0
    outer loop
      vertex -1.44884 100.995 -59.1
      vertex -2.87289 101.278 -52
      vertex -1.44884 100.995 -52
    endloop
  endfacet
  facet normal 0.194917 0.98082 0
    outer loop
      vertex -2.87289 101.278 -52
      vertex -1.44884 100.995 -59.1
      vertex -2.87289 101.278 -59.1
    endloop
  endfacet
  facet normal -0.751948 -0.659222 0
    outer loop
      vertex 8.80622 118.757 -59.1
      vertex 7.84888 119.849 -52
      vertex 7.84888 119.849 -59.1
    endloop
  endfacet
  facet normal -0.751948 -0.659222 0
    outer loop
      vertex 7.84888 119.849 -52
      vertex 8.80622 118.757 -59.1
      vertex 8.80622 118.757 -52
    endloop
  endfacet
  facet normal 0.831416 -0.55565 0
    outer loop
      vertex -9.61288 117.55 -52
      vertex -8.80622 118.757 -59.1
      vertex -8.80622 118.757 -52
    endloop
  endfacet
  facet normal 0.831416 -0.55565 0
    outer loop
      vertex -8.80622 118.757 -59.1
      vertex -9.61288 117.55 -52
      vertex -9.61288 117.55 -59.1
    endloop
  endfacet
  facet normal 0.555733 0.831361 -0
    outer loop
      vertex -5.55 102.387 -59.1
      vertex -6.75725 103.194 -52
      vertex -5.55 102.387 -52
    endloop
  endfacet
  facet normal 0.555733 0.831361 0
    outer loop
      vertex -6.75725 103.194 -52
      vertex -5.55 102.387 -59.1
      vertex -6.75725 103.194 -59.1
    endloop
  endfacet
  facet normal 0.980792 -0.195056 0
    outer loop
      vertex -11.005 113.449 -52
      vertex -10.7218 114.873 -59.1
      vertex -10.7218 114.873 -52
    endloop
  endfacet
  facet normal 0.980792 -0.195056 0
    outer loop
      vertex -10.7218 114.873 -59.1
      vertex -11.005 113.449 -52
      vertex -11.005 113.449 -59.1
    endloop
  endfacet
  facet normal 0 0 1
    outer loop
      vertex 5 112 -59.1
      vertex 11.1 112 -59.1
      vertex 11.005 113.449 -59.1
    endloop
  endfacet
  facet normal 0 0 1
    outer loop
      vertex 4.95722 112.653 -59.1
      vertex 11.005 113.449 -59.1
      vertex 10.7218 114.873 -59.1
    endloop
  endfacet
  facet normal 0 0 1
    outer loop
      vertex 11.1 112 -59.1
      vertex 5 112 -59.1
      vertex 11.005 110.551 -59.1
    endloop
  endfacet
  facet normal 0 0 1
    outer loop
      vertex 4.82963 113.294 -59.1
      vertex 10.7218 114.873 -59.1
      vertex 10.2551 116.248 -59.1
    endloop
  endfacet
  facet normal -0 0 1
    outer loop
      vertex 4.95722 111.347 -59.1
      vertex 11.005 110.551 -59.1
      vertex 5 112 -59.1
    endloop
  endfacet
  facet normal 0 0 1
    outer loop
      vertex 4.6194 113.913 -59.1
      vertex 10.2551 116.248 -59.1
      vertex 9.61288 117.55 -59.1
    endloop
  endfacet
  facet normal 0 0 1
    outer loop
      vertex 11.005 110.551 -59.1
      vertex 4.95722 111.347 -59.1
      vertex 10.7218 109.127 -59.1
    endloop
  endfacet
  facet normal 0 0 1
    outer loop
      vertex 4.33013 114.5 -59.1
      vertex 9.61288 117.55 -59.1
      vertex 8.80622 118.757 -59.1
    endloop
  endfacet
  facet normal -0 0 1
    outer loop
      vertex 4.82963 110.706 -59.1
      vertex 10.7218 109.127 -59.1
      vertex 4.95722 111.347 -59.1
    endloop
  endfacet
  facet normal 0 0 1
    outer loop
      vertex 3.96677 115.044 -59.1
      vertex 8.80622 118.757 -59.1
      vertex 7.84888 119.849 -59.1
    endloop
  endfacet
  facet normal 0 0 1
    outer loop
      vertex 10.7218 109.127 -59.1
      vertex 4.82963 110.706 -59.1
      vertex 10.2551 107.752 -59.1
    endloop
  endfacet
  facet normal 0 0 1
    outer loop
      vertex 3.53553 115.536 -59.1
      vertex 7.84888 119.849 -59.1
      vertex 6.75725 120.806 -59.1
    endloop
  endfacet
  facet normal -0 0 1
    outer loop
      vertex 4.6194 110.087 -59.1
      vertex 10.2551 107.752 -59.1
      vertex 4.82963 110.706 -59.1
    endloop
  endfacet
  facet normal 0 0 1
    outer loop
      vertex 3.04381 115.967 -59.1
      vertex 6.75725 120.806 -59.1
      vertex 5.55 121.613 -59.1
    endloop
  endfacet
  facet normal 0 0 1
    outer loop
      vertex 10.2551 107.752 -59.1
      vertex 4.6194 110.087 -59.1
      vertex 9.61288 106.45 -59.1
    endloop
  endfacet
  facet normal -0 0 1
    outer loop
      vertex 4.33013 109.5 -59.1
      vertex 9.61288 106.45 -59.1
      vertex 4.6194 110.087 -59.1
    endloop
  endfacet
  facet normal 0 0 1
    outer loop
      vertex 11.005 113.449 -59.1
      vertex 4.95722 112.653 -59.1
      vertex 5 112 -59.1
    endloop
  endfacet
  facet normal 0 0 1
    outer loop
      vertex 10.7218 114.873 -59.1
      vertex 4.82963 113.294 -59.1
      vertex 4.95722 112.653 -59.1
    endloop
  endfacet
  facet normal 0 0 1
    outer loop
      vertex 10.2551 116.248 -59.1
      vertex 4.6194 113.913 -59.1
      vertex 4.82963 113.294 -59.1
    endloop
  endfacet
  facet normal 0 0 1
    outer loop
      vertex 9.61288 117.55 -59.1
      vertex 4.33013 114.5 -59.1
      vertex 4.6194 113.913 -59.1
    endloop
  endfacet
  facet normal 0 0 1
    outer loop
      vertex 2.5 116.33 -59.1
      vertex 5.55 121.613 -59.1
      vertex 4.24779 122.255 -59.1
    endloop
  endfacet
  facet normal 0 0 1
    outer loop
      vertex 8.80622 118.757 -59.1
      vertex 3.96677 115.044 -59.1
      vertex 4.33013 114.5 -59.1
    endloop
  endfacet
  facet normal 0 0 1
    outer loop
      vertex 7.84888 119.849 -59.1
      vertex 3.53553 115.536 -59.1
      vertex 3.96677 115.044 -59.1
    endloop
  endfacet
  facet normal 0 0 1
    outer loop
      vertex 6.75725 120.806 -59.1
      vertex 3.04381 115.967 -59.1
      vertex 3.53553 115.536 -59.1
    endloop
  endfacet
  facet normal 0 0 1
    outer loop
      vertex 1.91342 116.619 -59.1
      vertex 4.24779 122.255 -59.1
      vertex 2.87289 122.722 -59.1
    endloop
  endfacet
  facet normal 0 0 1
    outer loop
      vertex 5.55 121.613 -59.1
      vertex 2.5 116.33 -59.1
      vertex 3.04381 115.967 -59.1
    endloop
  endfacet
  facet normal 0 0 1
    outer loop
      vertex 4.24779 122.255 -59.1
      vertex 1.91342 116.619 -59.1
      vertex 2.5 116.33 -59.1
    endloop
  endfacet
  facet normal 0 0 1
    outer loop
      vertex 1.2941 116.83 -59.1
      vertex 2.87289 122.722 -59.1
      vertex 1.44884 123.005 -59.1
    endloop
  endfacet
  facet normal 0 0 1
    outer loop
      vertex 2.87289 122.722 -59.1
      vertex 1.2941 116.83 -59.1
      vertex 1.91342 116.619 -59.1
    endloop
  endfacet
  facet normal 0 0 1
    outer loop
      vertex 1.44884 123.005 -59.1
      vertex 0.652631 116.957 -59.1
      vertex 1.2941 116.83 -59.1
    endloop
  endfacet
  facet normal 0 0 1
    outer loop
      vertex 0 123.1 -59.1
      vertex 0.652631 116.957 -59.1
      vertex 1.44884 123.005 -59.1
    endloop
  endfacet
  facet normal 0 0 1
    outer loop
      vertex 0 123.1 -59.1
      vertex 0 117 -59.1
      vertex 0.652631 116.957 -59.1
    endloop
  endfacet
  facet normal 0 0 1
    outer loop
      vertex 0 123.1 -59.1
      vertex -0.652631 116.957 -59.1
      vertex 0 117 -59.1
    endloop
  endfacet
  facet normal -0 0 1
    outer loop
      vertex -1.44884 123.005 -59.1
      vertex -0.652631 116.957 -59.1
      vertex 0 123.1 -59.1
    endloop
  endfacet
  facet normal 0 0 1
    outer loop
      vertex -0.652631 116.957 -59.1
      vertex -1.44884 123.005 -59.1
      vertex -1.2941 116.83 -59.1
    endloop
  endfacet
  facet normal -0 0 1
    outer loop
      vertex -2.87289 122.722 -59.1
      vertex -1.2941 116.83 -59.1
      vertex -1.44884 123.005 -59.1
    endloop
  endfacet
  facet normal 0 0 1
    outer loop
      vertex -1.2941 116.83 -59.1
      vertex -2.87289 122.722 -59.1
      vertex -1.91342 116.619 -59.1
    endloop
  endfacet
  facet normal -0 0 1
    outer loop
      vertex -4.24779 122.255 -59.1
      vertex -1.91342 116.619 -59.1
      vertex -2.87289 122.722 -59.1
    endloop
  endfacet
  facet normal 0 0 1
    outer loop
      vertex -1.91342 116.619 -59.1
      vertex -4.24779 122.255 -59.1
      vertex -2.5 116.33 -59.1
    endloop
  endfacet
  facet normal -0 0 1
    outer loop
      vertex -5.55 121.613 -59.1
      vertex -2.5 116.33 -59.1
      vertex -4.24779 122.255 -59.1
    endloop
  endfacet
  facet normal 0 0 1
    outer loop
      vertex -2.5 116.33 -59.1
      vertex -5.55 121.613 -59.1
      vertex -3.04381 115.967 -59.1
    endloop
  endfacet
  facet normal -0 0 1
    outer loop
      vertex -6.75725 120.806 -59.1
      vertex -3.04381 115.967 -59.1
      vertex -5.55 121.613 -59.1
    endloop
  endfacet
  facet normal 0 0 1
    outer loop
      vertex -3.04381 115.967 -59.1
      vertex -6.75725 120.806 -59.1
      vertex -3.53553 115.536 -59.1
    endloop
  endfacet
  facet normal -0 0 1
    outer loop
      vertex -7.84888 119.849 -59.1
      vertex -3.53553 115.536 -59.1
      vertex -6.75725 120.806 -59.1
    endloop
  endfacet
  facet normal 0 0 1
    outer loop
      vertex -3.53553 115.536 -59.1
      vertex -7.84888 119.849 -59.1
      vertex -3.96677 115.044 -59.1
    endloop
  endfacet
  facet normal -0 0 1
    outer loop
      vertex -8.80622 118.757 -59.1
      vertex -3.96677 115.044 -59.1
      vertex -7.84888 119.849 -59.1
    endloop
  endfacet
  facet normal -0 0 1
    outer loop
      vertex -9.61288 117.55 -59.1
      vertex -4.33013 114.5 -59.1
      vertex -8.80622 118.757 -59.1
    endloop
  endfacet
  facet normal 0 0 1
    outer loop
      vertex -3.96677 115.044 -59.1
      vertex -8.80622 118.757 -59.1
      vertex -4.33013 114.5 -59.1
    endloop
  endfacet
  facet normal 0 0 1
    outer loop
      vertex 9.61288 106.45 -59.1
      vertex 4.33013 109.5 -59.1
      vertex 8.80622 105.243 -59.1
    endloop
  endfacet
  facet normal -0 0 1
    outer loop
      vertex 3.96677 108.956 -59.1
      vertex 8.80622 105.243 -59.1
      vertex 4.33013 109.5 -59.1
    endloop
  endfacet
  facet normal 0 0 1
    outer loop
      vertex 8.80622 105.243 -59.1
      vertex 3.96677 108.956 -59.1
      vertex 7.84888 104.151 -59.1
    endloop
  endfacet
  facet normal -0 0 1
    outer loop
      vertex 3.53553 108.464 -59.1
      vertex 7.84888 104.151 -59.1
      vertex 3.96677 108.956 -59.1
    endloop
  endfacet
  facet normal 0 0 1
    outer loop
      vertex 7.84888 104.151 -59.1
      vertex 3.53553 108.464 -59.1
      vertex 6.75725 103.194 -59.1
    endloop
  endfacet
  facet normal -0 0 1
    outer loop
      vertex 3.04381 108.033 -59.1
      vertex 6.75725 103.194 -59.1
      vertex 3.53553 108.464 -59.1
    endloop
  endfacet
  facet normal 0 0 1
    outer loop
      vertex 6.75725 103.194 -59.1
      vertex 3.04381 108.033 -59.1
      vertex 5.55 102.387 -59.1
    endloop
  endfacet
  facet normal -0 0 1
    outer loop
      vertex 2.5 107.67 -59.1
      vertex 5.55 102.387 -59.1
      vertex 3.04381 108.033 -59.1
    endloop
  endfacet
  facet normal 0 0 1
    outer loop
      vertex 5.55 102.387 -59.1
      vertex 2.5 107.67 -59.1
      vertex 4.24779 101.745 -59.1
    endloop
  endfacet
  facet normal -0 0 1
    outer loop
      vertex 1.91342 107.381 -59.1
      vertex 4.24779 101.745 -59.1
      vertex 2.5 107.67 -59.1
    endloop
  endfacet
  facet normal 0 0 1
    outer loop
      vertex 4.24779 101.745 -59.1
      vertex 1.91342 107.381 -59.1
      vertex 2.87289 101.278 -59.1
    endloop
  endfacet
  facet normal -0 0 1
    outer loop
      vertex 1.2941 107.17 -59.1
      vertex 2.87289 101.278 -59.1
      vertex 1.91342 107.381 -59.1
    endloop
  endfacet
  facet normal 0 0 1
    outer loop
      vertex 2.87289 101.278 -59.1
      vertex 1.2941 107.17 -59.1
      vertex 1.44884 100.995 -59.1
    endloop
  endfacet
  facet normal -0 0 1
    outer loop
      vertex 0.652631 107.043 -59.1
      vertex 1.44884 100.995 -59.1
      vertex 1.2941 107.17 -59.1
    endloop
  endfacet
  facet normal -0 0 1
    outer loop
      vertex 0 107 -59.1
      vertex 1.44884 100.995 -59.1
      vertex 0.652631 107.043 -59.1
    endloop
  endfacet
  facet normal 0 0 1
    outer loop
      vertex 0 107 -59.1
      vertex 0 100.9 -59.1
      vertex 1.44884 100.995 -59.1
    endloop
  endfacet
  facet normal 0 0 1
    outer loop
      vertex -0.652631 107.043 -59.1
      vertex 0 100.9 -59.1
      vertex 0 107 -59.1
    endloop
  endfacet
  facet normal 0 0 1
    outer loop
      vertex -1.44884 100.995 -59.1
      vertex -0.652631 107.043 -59.1
      vertex -1.2941 107.17 -59.1
    endloop
  endfacet
  facet normal 0 0 1
    outer loop
      vertex -0.652631 107.043 -59.1
      vertex -1.44884 100.995 -59.1
      vertex 0 100.9 -59.1
    endloop
  endfacet
  facet normal 0 0 1
    outer loop
      vertex -2.87289 101.278 -59.1
      vertex -1.2941 107.17 -59.1
      vertex -1.91342 107.381 -59.1
    endloop
  endfacet
  facet normal 0 0 1
    outer loop
      vertex -4.24779 101.745 -59.1
      vertex -1.91342 107.381 -59.1
      vertex -2.5 107.67 -59.1
    endloop
  endfacet
  facet normal 0 0 1
    outer loop
      vertex -1.2941 107.17 -59.1
      vertex -2.87289 101.278 -59.1
      vertex -1.44884 100.995 -59.1
    endloop
  endfacet
  facet normal 0 0 1
    outer loop
      vertex -5.55 102.387 -59.1
      vertex -2.5 107.67 -59.1
      vertex -3.04381 108.033 -59.1
    endloop
  endfacet
  facet normal 0 0 1
    outer loop
      vertex -6.75725 103.194 -59.1
      vertex -3.04381 108.033 -59.1
      vertex -3.53553 108.464 -59.1
    endloop
  endfacet
  facet normal 0 0 1
    outer loop
      vertex -7.84888 104.151 -59.1
      vertex -3.53553 108.464 -59.1
      vertex -3.96677 108.956 -59.1
    endloop
  endfacet
  facet normal 0 0 1
    outer loop
      vertex -1.91342 107.381 -59.1
      vertex -4.24779 101.745 -59.1
      vertex -2.87289 101.278 -59.1
    endloop
  endfacet
  facet normal 0 0 1
    outer loop
      vertex -8.80622 105.243 -59.1
      vertex -3.96677 108.956 -59.1
      vertex -4.33013 109.5 -59.1
    endloop
  endfacet
  facet normal 0 0 1
    outer loop
      vertex -9.61288 106.45 -59.1
      vertex -4.33013 109.5 -59.1
      vertex -4.6194 110.087 -59.1
    endloop
  endfacet
  facet normal 0 0 1
    outer loop
      vertex -10.2551 107.752 -59.1
      vertex -4.6194 110.087 -59.1
      vertex -4.82963 110.706 -59.1
    endloop
  endfacet
  facet normal 0 0 1
    outer loop
      vertex -10.7218 109.127 -59.1
      vertex -4.82963 110.706 -59.1
      vertex -4.95722 111.347 -59.1
    endloop
  endfacet
  facet normal 0 0 1
    outer loop
      vertex -2.5 107.67 -59.1
      vertex -5.55 102.387 -59.1
      vertex -4.24779 101.745 -59.1
    endloop
  endfacet
  facet normal 0 0 1
    outer loop
      vertex -11.005 110.551 -59.1
      vertex -4.95722 111.347 -59.1
      vertex -5 112 -59.1
    endloop
  endfacet
  facet normal 0 0 1
    outer loop
      vertex -4.33013 114.5 -59.1
      vertex -9.61288 117.55 -59.1
      vertex -4.6194 113.913 -59.1
    endloop
  endfacet
  facet normal -0 0 1
    outer loop
      vertex -10.2551 116.248 -59.1
      vertex -4.6194 113.913 -59.1
      vertex -9.61288 117.55 -59.1
    endloop
  endfacet
  facet normal 0 0 1
    outer loop
      vertex -3.04381 108.033 -59.1
      vertex -6.75725 103.194 -59.1
      vertex -5.55 102.387 -59.1
    endloop
  endfacet
  facet normal 0 0 1
    outer loop
      vertex -4.6194 113.913 -59.1
      vertex -10.2551 116.248 -59.1
      vertex -4.82963 113.294 -59.1
    endloop
  endfacet
  facet normal 0 0 1
    outer loop
      vertex -3.53553 108.464 -59.1
      vertex -7.84888 104.151 -59.1
      vertex -6.75725 103.194 -59.1
    endloop
  endfacet
  facet normal -0 0 1
    outer loop
      vertex -10.7218 114.873 -59.1
      vertex -4.82963 113.294 -59.1
      vertex -10.2551 116.248 -59.1
    endloop
  endfacet
  facet normal 0 0 1
    outer loop
      vertex -3.96677 108.956 -59.1
      vertex -8.80622 105.243 -59.1
      vertex -7.84888 104.151 -59.1
    endloop
  endfacet
  facet normal 0 0 1
    outer loop
      vertex -4.82963 113.294 -59.1
      vertex -10.7218 114.873 -59.1
      vertex -4.95722 112.653 -59.1
    endloop
  endfacet
  facet normal 0 0 1
    outer loop
      vertex -4.33013 109.5 -59.1
      vertex -9.61288 106.45 -59.1
      vertex -8.80622 105.243 -59.1
    endloop
  endfacet
  facet normal -0 0 1
    outer loop
      vertex -11.005 113.449 -59.1
      vertex -4.95722 112.653 -59.1
      vertex -10.7218 114.873 -59.1
    endloop
  endfacet
  facet normal 0 0 1
    outer loop
      vertex -4.6194 110.087 -59.1
      vertex -10.2551 107.752 -59.1
      vertex -9.61288 106.45 -59.1
    endloop
  endfacet
  facet normal 0 0 1
    outer loop
      vertex -4.95722 112.653 -59.1
      vertex -11.005 113.449 -59.1
      vertex -5 112 -59.1
    endloop
  endfacet
  facet normal 0 0 1
    outer loop
      vertex -4.82963 110.706 -59.1
      vertex -10.7218 109.127 -59.1
      vertex -10.2551 107.752 -59.1
    endloop
  endfacet
  facet normal 0 0 1
    outer loop
      vertex -11.1 112 -59.1
      vertex -5 112 -59.1
      vertex -11.005 113.449 -59.1
    endloop
  endfacet
  facet normal 0 0 1
    outer loop
      vertex -4.95722 111.347 -59.1
      vertex -11.005 110.551 -59.1
      vertex -10.7218 109.127 -59.1
    endloop
  endfacet
  facet normal 0 0 1
    outer loop
      vertex -5 112 -59.1
      vertex -11.1 112 -59.1
      vertex -11.005 110.551 -59.1
    endloop
  endfacet
  facet normal 0.0654292 0.997857 -0
    outer loop
      vertex 0 100.9 -59.1
      vertex -1.44884 100.995 -52
      vertex 0 100.9 -52
    endloop
  endfacet
  facet normal 0.0654292 0.997857 0
    outer loop
      vertex -1.44884 100.995 -52
      vertex 0 100.9 -59.1
      vertex -1.44884 100.995 -59.1
    endloop
  endfacet
  facet normal -0.659216 0.751954 0
    outer loop
      vertex 7.84888 104.151 -59.1
      vertex 6.75725 103.194 -52
      vertex 7.84888 104.151 -52
    endloop
  endfacet
  facet normal -0.659216 0.751954 0
    outer loop
      vertex 6.75725 103.194 -52
      vertex 7.84888 104.151 -59.1
      vertex 6.75725 103.194 -59.1
    endloop
  endfacet
  facet normal -0.44219 0.896922 0
    outer loop
      vertex 5.55 102.387 -110
      vertex 4.24779 101.745 -104
      vertex 5.55 102.387 -104
    endloop
  endfacet
  facet normal -0.44219 0.896922 0
    outer loop
      vertex 4.24779 101.745 -104
      vertex 5.55 102.387 -110
      vertex 4.24779 101.745 -110
    endloop
  endfacet
  facet normal 0.980792 0.195056 0
    outer loop
      vertex -10.7218 109.127 -104
      vertex -11.005 110.551 -111.1
      vertex -11.005 110.551 -104
    endloop
  endfacet
  facet normal 0.980792 0.195056 0
    outer loop
      vertex -11.005 110.551 -111.1
      vertex -10.7218 109.127 -104
      vertex -10.7218 109.127 -111.1
    endloop
  endfacet
  facet normal -0.194917 0.98082 0
    outer loop
      vertex 2.87289 101.278 -110
      vertex 1.44884 100.995 -104
      vertex 2.87289 101.278 -104
    endloop
  endfacet
  facet normal -0.194917 0.98082 0
    outer loop
      vertex 1.44884 100.995 -104
      vertex 2.87289 101.278 -110
      vertex 1.44884 100.995 -110
    endloop
  endfacet
  facet normal -0.831416 0.55565 0
    outer loop
      vertex 8.80622 105.243 -110
      vertex 9.61288 106.45 -104
      vertex 9.61288 106.45 -110
    endloop
  endfacet
  facet normal -0.831416 0.55565 0
    outer loop
      vertex 9.61288 106.45 -104
      vertex 8.80622 105.243 -110
      vertex 8.80622 105.243 -104
    endloop
  endfacet
  facet normal -0.946941 -0.321409 0
    outer loop
      vertex 10.7218 114.873 -111.1
      vertex 10.2551 116.248 -104
      vertex 10.2551 116.248 -111.1
    endloop
  endfacet
  facet normal -0.946941 -0.321409 0
    outer loop
      vertex 10.2551 116.248 -104
      vertex 10.7218 114.873 -111.1
      vertex 10.7218 114.873 -104
    endloop
  endfacet
  facet normal -0.997858 -0.065422 0
    outer loop
      vertex 11.1 112 -111.1
      vertex 11.005 113.449 -104
      vertex 11.005 113.449 -111.1
    endloop
  endfacet
  facet normal -0.997858 -0.065422 0
    outer loop
      vertex 11.005 113.449 -104
      vertex 11.1 112 -111.1
      vertex 11.1 112 -104
    endloop
  endfacet
  facet normal 0.321558 -0.94689 0
    outer loop
      vertex -3.82081 122.4 -110
      vertex -4.24779 122.255 -104
      vertex -4.24779 122.255 -110
    endloop
  endfacet
  facet normal 0.321615 -0.946871 4.49481e-06
    outer loop
      vertex -4.24779 122.255 -104
      vertex -3.82081 122.4 -110
      vertex -2.87289 122.722 -104
    endloop
  endfacet
  facet normal 0.321641 -0.946862 0
    outer loop
      vertex -2.87289 122.722 -111.1
      vertex -3.82081 122.4 -110
      vertex -3.82081 122.4 -111.1
    endloop
  endfacet
  facet normal 0.321641 -0.946862 0
    outer loop
      vertex -3.82081 122.4 -110
      vertex -2.87289 122.722 -111.1
      vertex -2.87289 122.722 -104
    endloop
  endfacet
  facet normal 0.831416 -0.55565 0
    outer loop
      vertex -9.61288 117.55 -104
      vertex -8.80622 118.757 -110
      vertex -8.80622 118.757 -104
    endloop
  endfacet
  facet normal 0.831416 -0.55565 0
    outer loop
      vertex -8.80622 118.757 -110
      vertex -9.61288 117.55 -104
      vertex -9.61288 117.55 -110
    endloop
  endfacet
  facet normal -0.980792 -0.195056 0
    outer loop
      vertex 11.005 113.449 -111.1
      vertex 10.7218 114.873 -104
      vertex 10.7218 114.873 -111.1
    endloop
  endfacet
  facet normal -0.980792 -0.195056 0
    outer loop
      vertex 10.7218 114.873 -104
      vertex 11.005 113.449 -111.1
      vertex 11.005 113.449 -104
    endloop
  endfacet
  facet normal 0.555733 0.831361 -0
    outer loop
      vertex -5.55 102.387 -110
      vertex -6.75725 103.194 -104
      vertex -5.55 102.387 -104
    endloop
  endfacet
  facet normal 0.555733 0.831361 0
    outer loop
      vertex -6.75725 103.194 -104
      vertex -5.55 102.387 -110
      vertex -6.75725 103.194 -110
    endloop
  endfacet
  facet normal -0.555733 0.831361 0
    outer loop
      vertex 6.75725 103.194 -110
      vertex 5.55 102.387 -104
      vertex 6.75725 103.194 -104
    endloop
  endfacet
  facet normal -0.555733 0.831361 0
    outer loop
      vertex 5.55 102.387 -104
      vertex 6.75725 103.194 -110
      vertex 5.55 102.387 -110
    endloop
  endfacet
  facet normal -0.659216 -0.751954 0
    outer loop
      vertex 6.75725 120.806 -110
      vertex 7.84888 119.849 -104
      vertex 6.75725 120.806 -104
    endloop
  endfacet
  facet normal -0.659216 -0.751954 -0
    outer loop
      vertex 7.84888 119.849 -104
      vertex 6.75725 120.806 -110
      vertex 7.84888 119.849 -110
    endloop
  endfacet
  facet normal -0.0654292 -0.997857 0
    outer loop
      vertex 0 123.1 -111.1
      vertex 1.44884 123.005 -104
      vertex 0 123.1 -104
    endloop
  endfacet
  facet normal -0.0654292 -0.997857 -0
    outer loop
      vertex 1.44884 123.005 -104
      vertex 0 123.1 -111.1
      vertex 1.44884 123.005 -111.1
    endloop
  endfacet
  facet normal 0.194917 0.98082 -0
    outer loop
      vertex -1.44884 100.995 -110
      vertex -2.87289 101.278 -104
      vertex -1.44884 100.995 -104
    endloop
  endfacet
  facet normal 0.194917 0.98082 0
    outer loop
      vertex -2.87289 101.278 -104
      vertex -1.44884 100.995 -110
      vertex -2.87289 101.278 -110
    endloop
  endfacet
  facet normal -0.751948 -0.659222 0
    outer loop
      vertex 8.80622 118.757 -110
      vertex 7.84888 119.849 -104
      vertex 7.84888 119.849 -110
    endloop
  endfacet
  facet normal -0.751948 -0.659222 0
    outer loop
      vertex 7.84888 119.849 -104
      vertex 8.80622 118.757 -110
      vertex 8.80622 118.757 -104
    endloop
  endfacet
  facet normal 0.831416 0.55565 0
    outer loop
      vertex -8.80622 105.243 -104
      vertex -9.61288 106.45 -110
      vertex -9.61288 106.45 -104
    endloop
  endfacet
  facet normal 0.831416 0.55565 0
    outer loop
      vertex -9.61288 106.45 -110
      vertex -8.80622 105.243 -104
      vertex -8.80622 105.243 -110
    endloop
  endfacet
  facet normal 0.321615 0.946871 -0
    outer loop
      vertex -2.87289 101.278 -110
      vertex -4.24779 101.745 -104
      vertex -2.87289 101.278 -104
    endloop
  endfacet
  facet normal 0.321615 0.946871 0
    outer loop
      vertex -4.24779 101.745 -104
      vertex -2.87289 101.278 -110
      vertex -4.24779 101.745 -110
    endloop
  endfacet
  facet normal -0.890835 0.454326 0
    outer loop
      vertex 10.25 107.742 -110
      vertex 10.2551 107.752 -111.1
      vertex 10.25 107.742 -111.1
    endloop
  endfacet
  facet normal -0.890835 0.454326 0
    outer loop
      vertex 10.2551 107.752 -111.1
      vertex 10.25 107.742 -110
      vertex 10.2551 107.752 -104
    endloop
  endfacet
  facet normal -0.896879 0.442275 2.52218e-05
    outer loop
      vertex 9.61288 106.45 -110
      vertex 10.2551 107.752 -104
      vertex 10.25 107.742 -110
    endloop
  endfacet
  facet normal -0.896833 0.442369 0
    outer loop
      vertex 10.2551 107.752 -104
      vertex 9.61288 106.45 -110
      vertex 9.61288 106.45 -104
    endloop
  endfacet
  facet normal 0.0654292 0.997857 -0
    outer loop
      vertex 0 100.9 -110
      vertex -1.44884 100.995 -104
      vertex 0 100.9 -104
    endloop
  endfacet
  facet normal 0.0654292 0.997857 0
    outer loop
      vertex -1.44884 100.995 -104
      vertex 0 100.9 -110
      vertex -1.44884 100.995 -110
    endloop
  endfacet
  facet normal 0.997858 0.065422 0
    outer loop
      vertex -11.005 110.551 -104
      vertex -11.1 112 -111.1
      vertex -11.1 112 -104
    endloop
  endfacet
  facet normal 0.997858 0.065422 0
    outer loop
      vertex -11.1 112 -111.1
      vertex -11.005 110.551 -104
      vertex -11.005 110.551 -111.1
    endloop
  endfacet
  facet normal -0.555733 -0.831361 0
    outer loop
      vertex 5.55 121.613 -110
      vertex 6.75725 120.806 -104
      vertex 5.55 121.613 -104
    endloop
  endfacet
  facet normal -0.555733 -0.831361 -0
    outer loop
      vertex 6.75725 120.806 -104
      vertex 5.55 121.613 -110
      vertex 6.75725 120.806 -110
    endloop
  endfacet
  facet normal 0.890835 0.454326 0
    outer loop
      vertex -10.2551 107.752 -104
      vertex -10.25 107.742 -110
      vertex -10.2551 107.752 -111.1
    endloop
  endfacet
  facet normal 0.896833 0.442369 2.50268e-05
    outer loop
      vertex -9.61288 106.45 -104
      vertex -10.25 107.742 -110
      vertex -10.2551 107.752 -104
    endloop
  endfacet
  facet normal 0.896879 0.442275 0
    outer loop
      vertex -10.25 107.742 -110
      vertex -9.61288 106.45 -104
      vertex -9.61288 106.45 -110
    endloop
  endfacet
  facet normal 0.890835 0.454326 0
    outer loop
      vertex -10.2551 107.752 -111.1
      vertex -10.25 107.742 -110
      vertex -10.25 107.742 -111.1
    endloop
  endfacet
  facet normal -0.997858 0.065422 0
    outer loop
      vertex 11.005 110.551 -111.1
      vertex 11.1 112 -104
      vertex 11.1 112 -111.1
    endloop
  endfacet
  facet normal -0.997858 0.065422 0
    outer loop
      vertex 11.1 112 -104
      vertex 11.005 110.551 -111.1
      vertex 11.005 110.551 -104
    endloop
  endfacet
  facet normal -0.831416 -0.55565 0
    outer loop
      vertex 9.61288 117.55 -110
      vertex 8.80622 118.757 -104
      vertex 8.80622 118.757 -110
    endloop
  endfacet
  facet normal -0.831416 -0.55565 0
    outer loop
      vertex 8.80622 118.757 -104
      vertex 9.61288 117.55 -110
      vertex 9.61288 117.55 -104
    endloop
  endfacet
  facet normal -0.0654292 0.997857 0
    outer loop
      vertex 1.44884 100.995 -110
      vertex 0 100.9 -104
      vertex 1.44884 100.995 -104
    endloop
  endfacet
  facet normal -0.0654292 0.997857 0
    outer loop
      vertex 0 100.9 -104
      vertex 1.44884 100.995 -110
      vertex 0 100.9 -110
    endloop
  endfacet
  facet normal 0.44219 -0.896922 0
    outer loop
      vertex -5.55 121.613 -110
      vertex -4.24779 122.255 -104
      vertex -5.55 121.613 -104
    endloop
  endfacet
  facet normal 0.44219 -0.896922 0
    outer loop
      vertex -4.24779 122.255 -104
      vertex -5.55 121.613 -110
      vertex -4.24779 122.255 -110
    endloop
  endfacet
  facet normal 0.751948 0.659222 0
    outer loop
      vertex -7.84888 104.151 -104
      vertex -8.80622 105.243 -110
      vertex -8.80622 105.243 -104
    endloop
  endfacet
  facet normal 0.751948 0.659222 0
    outer loop
      vertex -8.80622 105.243 -110
      vertex -7.84888 104.151 -104
      vertex -7.84888 104.151 -110
    endloop
  endfacet
  facet normal -0.321615 -0.946871 4.49481e-06
    outer loop
      vertex 2.87289 122.722 -104
      vertex 3.82081 122.4 -110
      vertex 4.24779 122.255 -104
    endloop
  endfacet
  facet normal -0.321641 -0.946862 0
    outer loop
      vertex 2.87289 122.722 -111.1
      vertex 3.82081 122.4 -110
      vertex 2.87289 122.722 -104
    endloop
  endfacet
  facet normal -0.321641 -0.946862 -0
    outer loop
      vertex 3.82081 122.4 -110
      vertex 2.87289 122.722 -111.1
      vertex 3.82081 122.4 -111.1
    endloop
  endfacet
  facet normal -0.321558 -0.94689 -0
    outer loop
      vertex 4.24779 122.255 -104
      vertex 3.82081 122.4 -110
      vertex 4.24779 122.255 -110
    endloop
  endfacet
  facet normal 0.946941 -0.321409 0
    outer loop
      vertex -10.7218 114.873 -104
      vertex -10.2551 116.248 -111.1
      vertex -10.2551 116.248 -104
    endloop
  endfacet
  facet normal 0.946941 -0.321409 0
    outer loop
      vertex -10.2551 116.248 -111.1
      vertex -10.7218 114.873 -104
      vertex -10.7218 114.873 -111.1
    endloop
  endfacet
  facet normal 0.194917 -0.98082 0
    outer loop
      vertex -2.87289 122.722 -111.1
      vertex -1.44884 123.005 -104
      vertex -2.87289 122.722 -104
    endloop
  endfacet
  facet normal 0.194917 -0.98082 0
    outer loop
      vertex -1.44884 123.005 -104
      vertex -2.87289 122.722 -111.1
      vertex -1.44884 123.005 -111.1
    endloop
  endfacet
  facet normal 0.555733 -0.831361 0
    outer loop
      vertex -6.75725 120.806 -110
      vertex -5.55 121.613 -104
      vertex -6.75725 120.806 -104
    endloop
  endfacet
  facet normal 0.555733 -0.831361 0
    outer loop
      vertex -5.55 121.613 -104
      vertex -6.75725 120.806 -110
      vertex -5.55 121.613 -110
    endloop
  endfacet
  facet normal 0.0654292 -0.997857 0
    outer loop
      vertex -1.44884 123.005 -111.1
      vertex 0 123.1 -104
      vertex -1.44884 123.005 -104
    endloop
  endfacet
  facet normal 0.0654292 -0.997857 0
    outer loop
      vertex 0 123.1 -104
      vertex -1.44884 123.005 -111.1
      vertex 0 123.1 -111.1
    endloop
  endfacet
  facet normal -0.321615 0.946871 0
    outer loop
      vertex 4.24779 101.745 -110
      vertex 2.87289 101.278 -104
      vertex 4.24779 101.745 -104
    endloop
  endfacet
  facet normal -0.321615 0.946871 0
    outer loop
      vertex 2.87289 101.278 -104
      vertex 4.24779 101.745 -110
      vertex 2.87289 101.278 -110
    endloop
  endfacet
  facet normal -0.194917 -0.98082 0
    outer loop
      vertex 1.44884 123.005 -111.1
      vertex 2.87289 122.722 -104
      vertex 1.44884 123.005 -104
    endloop
  endfacet
  facet normal -0.194917 -0.98082 -0
    outer loop
      vertex 2.87289 122.722 -104
      vertex 1.44884 123.005 -111.1
      vertex 2.87289 122.722 -111.1
    endloop
  endfacet
  facet normal -0.751948 0.659222 0
    outer loop
      vertex 7.84888 104.151 -110
      vertex 8.80622 105.243 -104
      vertex 8.80622 105.243 -110
    endloop
  endfacet
  facet normal -0.751948 0.659222 0
    outer loop
      vertex 8.80622 105.243 -104
      vertex 7.84888 104.151 -110
      vertex 7.84888 104.151 -104
    endloop
  endfacet
  facet normal -0.980792 0.195056 0
    outer loop
      vertex 10.7218 109.127 -111.1
      vertex 11.005 110.551 -104
      vertex 11.005 110.551 -111.1
    endloop
  endfacet
  facet normal -0.980792 0.195056 0
    outer loop
      vertex 11.005 110.551 -104
      vertex 10.7218 109.127 -111.1
      vertex 10.7218 109.127 -104
    endloop
  endfacet
  facet normal 0.946941 0.321409 0
    outer loop
      vertex -10.2551 107.752 -104
      vertex -10.7218 109.127 -111.1
      vertex -10.7218 109.127 -104
    endloop
  endfacet
  facet normal 0.946941 0.321409 0
    outer loop
      vertex -10.7218 109.127 -111.1
      vertex -10.2551 107.752 -104
      vertex -10.2551 107.752 -111.1
    endloop
  endfacet
  facet normal 0.44219 0.896922 -0
    outer loop
      vertex -4.24779 101.745 -110
      vertex -5.55 102.387 -104
      vertex -4.24779 101.745 -104
    endloop
  endfacet
  facet normal 0.44219 0.896922 0
    outer loop
      vertex -5.55 102.387 -104
      vertex -4.24779 101.745 -110
      vertex -5.55 102.387 -110
    endloop
  endfacet
  facet normal -0.44219 -0.896922 0
    outer loop
      vertex 4.24779 122.255 -110
      vertex 5.55 121.613 -104
      vertex 4.24779 122.255 -104
    endloop
  endfacet
  facet normal -0.44219 -0.896922 -0
    outer loop
      vertex 5.55 121.613 -104
      vertex 4.24779 122.255 -110
      vertex 5.55 121.613 -110
    endloop
  endfacet
  facet normal -0.896879 -0.442275 0
    outer loop
      vertex 10.25 116.258 -110
      vertex 9.61288 117.55 -104
      vertex 9.61288 117.55 -110
    endloop
  endfacet
  facet normal -0.896833 -0.442369 2.50268e-05
    outer loop
      vertex 10.25 116.258 -110
      vertex 10.2551 116.248 -104
      vertex 9.61288 117.55 -104
    endloop
  endfacet
  facet normal -0.890835 -0.454326 -0
    outer loop
      vertex 10.2551 116.248 -104
      vertex 10.25 116.258 -110
      vertex 10.2551 116.248 -111.1
    endloop
  endfacet
  facet normal -0.890835 -0.454326 0
    outer loop
      vertex 10.25 116.258 -111.1
      vertex 10.2551 116.248 -111.1
      vertex 10.25 116.258 -110
    endloop
  endfacet
  facet normal 0.751948 -0.659222 0
    outer loop
      vertex -8.80622 118.757 -104
      vertex -7.84888 119.849 -110
      vertex -7.84888 119.849 -104
    endloop
  endfacet
  facet normal 0.751948 -0.659222 0
    outer loop
      vertex -7.84888 119.849 -110
      vertex -8.80622 118.757 -104
      vertex -8.80622 118.757 -110
    endloop
  endfacet
  facet normal 0.997858 -0.065422 0
    outer loop
      vertex -11.1 112 -104
      vertex -11.005 113.449 -111.1
      vertex -11.005 113.449 -104
    endloop
  endfacet
  facet normal 0.997858 -0.065422 0
    outer loop
      vertex -11.005 113.449 -111.1
      vertex -11.1 112 -104
      vertex -11.1 112 -111.1
    endloop
  endfacet
  facet normal 0.659216 -0.751954 0
    outer loop
      vertex -7.84888 119.849 -110
      vertex -6.75725 120.806 -104
      vertex -7.84888 119.849 -104
    endloop
  endfacet
  facet normal 0.659216 -0.751954 0
    outer loop
      vertex -6.75725 120.806 -104
      vertex -7.84888 119.849 -110
      vertex -6.75725 120.806 -110
    endloop
  endfacet
  facet normal 0.980792 -0.195056 0
    outer loop
      vertex -11.005 113.449 -104
      vertex -10.7218 114.873 -111.1
      vertex -10.7218 114.873 -104
    endloop
  endfacet
  facet normal 0.980792 -0.195056 0
    outer loop
      vertex -10.7218 114.873 -111.1
      vertex -11.005 113.449 -104
      vertex -11.005 113.449 -111.1
    endloop
  endfacet
  facet normal -0.946941 0.321409 0
    outer loop
      vertex 10.2551 107.752 -111.1
      vertex 10.7218 109.127 -104
      vertex 10.7218 109.127 -111.1
    endloop
  endfacet
  facet normal -0.946941 0.321409 0
    outer loop
      vertex 10.7218 109.127 -104
      vertex 10.2551 107.752 -111.1
      vertex 10.2551 107.752 -104
    endloop
  endfacet
  facet normal 0.659216 0.751954 -0
    outer loop
      vertex -6.75725 103.194 -110
      vertex -7.84888 104.151 -104
      vertex -6.75725 103.194 -104
    endloop
  endfacet
  facet normal 0.659216 0.751954 0
    outer loop
      vertex -7.84888 104.151 -104
      vertex -6.75725 103.194 -110
      vertex -7.84888 104.151 -110
    endloop
  endfacet
  facet normal 0.896879 -0.442275 0
    outer loop
      vertex -9.61288 117.55 -104
      vertex -10.25 116.258 -110
      vertex -9.61288 117.55 -110
    endloop
  endfacet
  facet normal 0.896833 -0.442369 2.50268e-05
    outer loop
      vertex -10.2551 116.248 -104
      vertex -10.25 116.258 -110
      vertex -9.61288 117.55 -104
    endloop
  endfacet
  facet normal 0.890835 -0.454326 0
    outer loop
      vertex -10.2551 116.248 -111.1
      vertex -10.25 116.258 -110
      vertex -10.2551 116.248 -104
    endloop
  endfacet
  facet normal 0.890835 -0.454326 0
    outer loop
      vertex -10.25 116.258 -110
      vertex -10.2551 116.248 -111.1
      vertex -10.25 116.258 -111.1
    endloop
  endfacet
  facet normal -0.659216 0.751954 0
    outer loop
      vertex 7.84888 104.151 -110
      vertex 6.75725 103.194 -104
      vertex 7.84888 104.151 -104
    endloop
  endfacet
  facet normal -0.659216 0.751954 0
    outer loop
      vertex 6.75725 103.194 -104
      vertex 7.84888 104.151 -110
      vertex 6.75725 103.194 -110
    endloop
  endfacet
  facet normal 0 0 1
    outer loop
      vertex 1.44884 123.005 -111.1
      vertex 3.82081 122.4 -111.1
      vertex 2.87289 122.722 -111.1
    endloop
  endfacet
  facet normal 0 0 1
    outer loop
      vertex 0 123.1 -111.1
      vertex 3.82081 122.4 -111.1
      vertex 1.44884 123.005 -111.1
    endloop
  endfacet
  facet normal -0 0 1
    outer loop
      vertex -1.44884 123.005 -111.1
      vertex 3.82081 122.4 -111.1
      vertex 0 123.1 -111.1
    endloop
  endfacet
  facet normal 0 0 1
    outer loop
      vertex -3.82081 122.4 -111.1
      vertex -1.44884 123.005 -111.1
      vertex -2.87289 122.722 -111.1
    endloop
  endfacet
  facet normal 0 0 1
    outer loop
      vertex -1.44884 123.005 -111.1
      vertex -3.82081 122.4 -111.1
      vertex 3.82081 122.4 -111.1
    endloop
  endfacet
  facet normal 0 0 1
    outer loop
      vertex 11.005 113.449 -111.1
      vertex 11.005 110.551 -111.1
      vertex 11.1 112 -111.1
    endloop
  endfacet
  facet normal 0 0 1
    outer loop
      vertex 10.7218 114.873 -111.1
      vertex 11.005 110.551 -111.1
      vertex 11.005 113.449 -111.1
    endloop
  endfacet
  facet normal 0 0 1
    outer loop
      vertex 10.7218 114.873 -111.1
      vertex 10.7218 109.127 -111.1
      vertex 11.005 110.551 -111.1
    endloop
  endfacet
  facet normal 0 0 1
    outer loop
      vertex 10.25 116.258 -111.1
      vertex 10.7218 114.873 -111.1
      vertex 10.2551 116.248 -111.1
    endloop
  endfacet
  facet normal 0 0 1
    outer loop
      vertex 10.7218 114.873 -111.1
      vertex 10.25 116.258 -111.1
      vertex 10.7218 109.127 -111.1
    endloop
  endfacet
  facet normal 0 0 1
    outer loop
      vertex 10.25 107.742 -111.1
      vertex 10.7218 109.127 -111.1
      vertex 10.25 116.258 -111.1
    endloop
  endfacet
  facet normal 0 0 1
    outer loop
      vertex 10.7218 109.127 -111.1
      vertex 10.25 107.742 -111.1
      vertex 10.2551 107.752 -111.1
    endloop
  endfacet
  facet normal 0 0 1
    outer loop
      vertex -10.7218 114.873 -111.1
      vertex -10.25 116.258 -111.1
      vertex -10.2551 116.248 -111.1
    endloop
  endfacet
  facet normal 0 0 1
    outer loop
      vertex -10.25 116.258 -111.1
      vertex -10.7218 114.873 -111.1
      vertex -10.25 107.742 -111.1
    endloop
  endfacet
  facet normal -0 0 1
    outer loop
      vertex -10.7218 109.127 -111.1
      vertex -10.25 107.742 -111.1
      vertex -10.7218 114.873 -111.1
    endloop
  endfacet
  facet normal 0 0 1
    outer loop
      vertex -10.25 107.742 -111.1
      vertex -10.7218 109.127 -111.1
      vertex -10.2551 107.752 -111.1
    endloop
  endfacet
  facet normal -0 0 1
    outer loop
      vertex -11.005 113.449 -111.1
      vertex -10.7218 109.127 -111.1
      vertex -10.7218 114.873 -111.1
    endloop
  endfacet
  facet normal 0 0 1
    outer loop
      vertex -11.005 113.449 -111.1
      vertex -11.005 110.551 -111.1
      vertex -10.7218 109.127 -111.1
    endloop
  endfacet
  facet normal 0 -0 1
    outer loop
      vertex -11.005 110.551 -111.1
      vertex -11.005 113.449 -111.1
      vertex -11.1 112 -111.1
    endloop
  endfacet
  facet normal -0.831443 -0.55561 0
    outer loop
      vertex 6.20104 77.3975 -138.5
      vertex 5.91924 77.8192 -135.5
      vertex 5.91924 77.8192 -138.5
    endloop
  endfacet
  facet normal -0.831443 -0.55561 0
    outer loop
      vertex 5.91924 77.8192 -135.5
      vertex 6.20104 77.3975 -138.5
      vertex 6.20104 77.3975 -135.5
    endloop
  endfacet
  facet normal -0.831443 -0.55561 0
    outer loop
      vertex 6.20104 77.3975 -60
      vertex 5.91924 77.8192 -52
      vertex 5.91924 77.8192 -60
    endloop
  endfacet
  facet normal -0.831443 -0.55561 0
    outer loop
      vertex 5.91924 77.8192 -52
      vertex 6.20104 77.3975 -60
      vertex 6.20104 77.3975 -52
    endloop
  endfacet
  facet normal -0.831443 -0.55561 0
    outer loop
      vertex 6.20104 77.3975 -112
      vertex 5.91924 77.8192 -104
      vertex 5.91924 77.8192 -112
    endloop
  endfacet
  facet normal -0.831443 -0.55561 0
    outer loop
      vertex 5.91924 77.8192 -104
      vertex 6.20104 77.3975 -112
      vertex 6.20104 77.3975 -104
    endloop
  endfacet
  facet normal 0.555564 -0.831474 0
    outer loop
      vertex 4.08076 77.8192 -138.5
      vertex 4.50251 78.101 -135.5
      vertex 4.08076 77.8192 -135.5
    endloop
  endfacet
  facet normal 0.555564 -0.831474 0
    outer loop
      vertex 4.50251 78.101 -135.5
      vertex 4.08076 77.8192 -138.5
      vertex 4.50251 78.101 -138.5
    endloop
  endfacet
  facet normal 0.555564 -0.831474 0
    outer loop
      vertex 4.08076 77.8192 -60
      vertex 4.50251 78.101 -52
      vertex 4.08076 77.8192 -52
    endloop
  endfacet
  facet normal 0.555564 -0.831474 0
    outer loop
      vertex 4.50251 78.101 -52
      vertex 4.08076 77.8192 -60
      vertex 4.50251 78.101 -60
    endloop
  endfacet
  facet normal 0.555564 -0.831474 0
    outer loop
      vertex 4.08076 77.8192 -112
      vertex 4.50251 78.101 -104
      vertex 4.08076 77.8192 -104
    endloop
  endfacet
  facet normal 0.555564 -0.831474 0
    outer loop
      vertex 4.50251 78.101 -104
      vertex 4.08076 77.8192 -112
      vertex 4.50251 78.101 -112
    endloop
  endfacet
  facet normal 0.195172 -0.980769 0
    outer loop
      vertex 4.50251 78.101 -138.5
      vertex 5 78.2 -135.5
      vertex 4.50251 78.101 -135.5
    endloop
  endfacet
  facet normal 0.195172 -0.980769 0
    outer loop
      vertex 5 78.2 -135.5
      vertex 4.50251 78.101 -138.5
      vertex 5 78.2 -138.5
    endloop
  endfacet
  facet normal 0.195172 -0.980769 0
    outer loop
      vertex 4.50251 78.101 -60
      vertex 5 78.2 -52
      vertex 4.50251 78.101 -52
    endloop
  endfacet
  facet normal 0.195172 -0.980769 0
    outer loop
      vertex 5 78.2 -52
      vertex 4.50251 78.101 -60
      vertex 5 78.2 -60
    endloop
  endfacet
  facet normal 0.195172 -0.980769 0
    outer loop
      vertex 4.50251 78.101 -112
      vertex 5 78.2 -104
      vertex 4.50251 78.101 -104
    endloop
  endfacet
  facet normal 0.195172 -0.980769 0
    outer loop
      vertex 5 78.2 -104
      vertex 4.50251 78.101 -112
      vertex 5 78.2 -112
    endloop
  endfacet
  facet normal 0.831443 -0.55561 0
    outer loop
      vertex 3.79896 77.3975 -135.5
      vertex 4.08076 77.8192 -138.5
      vertex 4.08076 77.8192 -135.5
    endloop
  endfacet
  facet normal 0.831443 -0.55561 0
    outer loop
      vertex 4.08076 77.8192 -138.5
      vertex 3.79896 77.3975 -135.5
      vertex 3.79896 77.3975 -138.5
    endloop
  endfacet
  facet normal 0.831443 -0.55561 0
    outer loop
      vertex 3.79896 77.3975 -52
      vertex 4.08076 77.8192 -60
      vertex 4.08076 77.8192 -52
    endloop
  endfacet
  facet normal 0.831443 -0.55561 0
    outer loop
      vertex 4.08076 77.8192 -60
      vertex 3.79896 77.3975 -52
      vertex 3.79896 77.3975 -60
    endloop
  endfacet
  facet normal 0.831443 -0.55561 0
    outer loop
      vertex 3.79896 77.3975 -104
      vertex 4.08076 77.8192 -112
      vertex 4.08076 77.8192 -104
    endloop
  endfacet
  facet normal 0.831443 -0.55561 0
    outer loop
      vertex 4.08076 77.8192 -112
      vertex 3.79896 77.3975 -104
      vertex 3.79896 77.3975 -112
    endloop
  endfacet
  facet normal 0.195172 0.980769 -0
    outer loop
      vertex 5 75.6 -138.5
      vertex 4.50251 75.699 -135.5
      vertex 5 75.6 -135.5
    endloop
  endfacet
  facet normal 0.195172 0.980769 0
    outer loop
      vertex 4.50251 75.699 -135.5
      vertex 5 75.6 -138.5
      vertex 4.50251 75.699 -138.5
    endloop
  endfacet
  facet normal 0.195172 0.980769 -0
    outer loop
      vertex 5 75.6 -60
      vertex 4.50251 75.699 -52
      vertex 5 75.6 -52
    endloop
  endfacet
  facet normal 0.195172 0.980769 0
    outer loop
      vertex 4.50251 75.699 -52
      vertex 5 75.6 -60
      vertex 4.50251 75.699 -60
    endloop
  endfacet
  facet normal 0.195172 0.980769 -0
    outer loop
      vertex 5 75.6 -112
      vertex 4.50251 75.699 -104
      vertex 5 75.6 -104
    endloop
  endfacet
  facet normal 0.195172 0.980769 0
    outer loop
      vertex 4.50251 75.699 -104
      vertex 5 75.6 -112
      vertex 4.50251 75.699 -112
    endloop
  endfacet
  facet normal 0.980785 -0.195092 0
    outer loop
      vertex 3.7 76.9 -135.5
      vertex 3.79896 77.3975 -138.5
      vertex 3.79896 77.3975 -135.5
    endloop
  endfacet
  facet normal 0.980785 -0.195092 0
    outer loop
      vertex 3.79896 77.3975 -138.5
      vertex 3.7 76.9 -135.5
      vertex 3.7 76.9 -138.5
    endloop
  endfacet
  facet normal 0.980785 -0.195092 0
    outer loop
      vertex 3.7 76.9 -52
      vertex 3.79896 77.3975 -60
      vertex 3.79896 77.3975 -52
    endloop
  endfacet
  facet normal 0.980785 -0.195092 0
    outer loop
      vertex 3.79896 77.3975 -60
      vertex 3.7 76.9 -52
      vertex 3.7 76.9 -60
    endloop
  endfacet
  facet normal 0.980785 -0.195092 0
    outer loop
      vertex 3.7 76.9 -104
      vertex 3.79896 77.3975 -112
      vertex 3.79896 77.3975 -104
    endloop
  endfacet
  facet normal 0.980785 -0.195092 0
    outer loop
      vertex 3.79896 77.3975 -112
      vertex 3.7 76.9 -104
      vertex 3.7 76.9 -112
    endloop
  endfacet
  facet normal -0.195172 0.980769 0
    outer loop
      vertex 5.49749 75.699 -138.5
      vertex 5 75.6 -135.5
      vertex 5.49749 75.699 -135.5
    endloop
  endfacet
  facet normal -0.195172 0.980769 0
    outer loop
      vertex 5 75.6 -135.5
      vertex 5.49749 75.699 -138.5
      vertex 5 75.6 -138.5
    endloop
  endfacet
  facet normal -0.195172 0.980769 0
    outer loop
      vertex 5.49749 75.699 -60
      vertex 5 75.6 -52
      vertex 5.49749 75.699 -52
    endloop
  endfacet
  facet normal -0.195172 0.980769 0
    outer loop
      vertex 5 75.6 -52
      vertex 5.49749 75.699 -60
      vertex 5 75.6 -60
    endloop
  endfacet
  facet normal -0.195172 0.980769 0
    outer loop
      vertex 5.49749 75.699 -112
      vertex 5 75.6 -104
      vertex 5.49749 75.699 -104
    endloop
  endfacet
  facet normal -0.195172 0.980769 0
    outer loop
      vertex 5 75.6 -104
      vertex 5.49749 75.699 -112
      vertex 5 75.6 -112
    endloop
  endfacet
  facet normal -0.195172 -0.980769 0
    outer loop
      vertex 5 78.2 -138.5
      vertex 5.49749 78.101 -135.5
      vertex 5 78.2 -135.5
    endloop
  endfacet
  facet normal -0.195172 -0.980769 -0
    outer loop
      vertex 5.49749 78.101 -135.5
      vertex 5 78.2 -138.5
      vertex 5.49749 78.101 -138.5
    endloop
  endfacet
  facet normal -0.195172 -0.980769 0
    outer loop
      vertex 5 78.2 -60
      vertex 5.49749 78.101 -52
      vertex 5 78.2 -52
    endloop
  endfacet
  facet normal -0.195172 -0.980769 -0
    outer loop
      vertex 5.49749 78.101 -52
      vertex 5 78.2 -60
      vertex 5.49749 78.101 -60
    endloop
  endfacet
  facet normal -0.195172 -0.980769 0
    outer loop
      vertex 5 78.2 -112
      vertex 5.49749 78.101 -104
      vertex 5 78.2 -104
    endloop
  endfacet
  facet normal -0.195172 -0.980769 -0
    outer loop
      vertex 5.49749 78.101 -104
      vertex 5 78.2 -112
      vertex 5.49749 78.101 -112
    endloop
  endfacet
  facet normal -0.555564 0.831474 0
    outer loop
      vertex 5.91924 75.9808 -138.5
      vertex 5.49749 75.699 -135.5
      vertex 5.91924 75.9808 -135.5
    endloop
  endfacet
  facet normal -0.555564 0.831474 0
    outer loop
      vertex 5.49749 75.699 -135.5
      vertex 5.91924 75.9808 -138.5
      vertex 5.49749 75.699 -138.5
    endloop
  endfacet
  facet normal -0.555564 0.831474 0
    outer loop
      vertex 5.91924 75.9808 -60
      vertex 5.49749 75.699 -52
      vertex 5.91924 75.9808 -52
    endloop
  endfacet
  facet normal -0.555564 0.831474 0
    outer loop
      vertex 5.49749 75.699 -52
      vertex 5.91924 75.9808 -60
      vertex 5.49749 75.699 -60
    endloop
  endfacet
  facet normal -0.555564 0.831474 0
    outer loop
      vertex 5.91924 75.9808 -112
      vertex 5.49749 75.699 -104
      vertex 5.91924 75.9808 -104
    endloop
  endfacet
  facet normal -0.555564 0.831474 0
    outer loop
      vertex 5.49749 75.699 -104
      vertex 5.91924 75.9808 -112
      vertex 5.49749 75.699 -112
    endloop
  endfacet
  facet normal 0.831443 0.55561 0
    outer loop
      vertex 4.08076 75.9808 -135.5
      vertex 3.79896 76.4025 -138.5
      vertex 3.79896 76.4025 -135.5
    endloop
  endfacet
  facet normal 0.831443 0.55561 0
    outer loop
      vertex 3.79896 76.4025 -138.5
      vertex 4.08076 75.9808 -135.5
      vertex 4.08076 75.9808 -138.5
    endloop
  endfacet
  facet normal 0.831443 0.55561 0
    outer loop
      vertex 4.08076 75.9808 -52
      vertex 3.79896 76.4025 -60
      vertex 3.79896 76.4025 -52
    endloop
  endfacet
  facet normal 0.831443 0.55561 0
    outer loop
      vertex 3.79896 76.4025 -60
      vertex 4.08076 75.9808 -52
      vertex 4.08076 75.9808 -60
    endloop
  endfacet
  facet normal 0.831443 0.55561 0
    outer loop
      vertex 4.08076 75.9808 -104
      vertex 3.79896 76.4025 -112
      vertex 3.79896 76.4025 -104
    endloop
  endfacet
  facet normal 0.831443 0.55561 0
    outer loop
      vertex 3.79896 76.4025 -112
      vertex 4.08076 75.9808 -104
      vertex 4.08076 75.9808 -112
    endloop
  endfacet
  facet normal -0.555564 -0.831474 0
    outer loop
      vertex 5.49749 78.101 -138.5
      vertex 5.91924 77.8192 -135.5
      vertex 5.49749 78.101 -135.5
    endloop
  endfacet
  facet normal -0.555564 -0.831474 -0
    outer loop
      vertex 5.91924 77.8192 -135.5
      vertex 5.49749 78.101 -138.5
      vertex 5.91924 77.8192 -138.5
    endloop
  endfacet
  facet normal -0.555564 -0.831474 0
    outer loop
      vertex 5.49749 78.101 -60
      vertex 5.91924 77.8192 -52
      vertex 5.49749 78.101 -52
    endloop
  endfacet
  facet normal -0.555564 -0.831474 -0
    outer loop
      vertex 5.91924 77.8192 -52
      vertex 5.49749 78.101 -60
      vertex 5.91924 77.8192 -60
    endloop
  endfacet
  facet normal -0.555564 -0.831474 0
    outer loop
      vertex 5.49749 78.101 -112
      vertex 5.91924 77.8192 -104
      vertex 5.49749 78.101 -104
    endloop
  endfacet
  facet normal -0.555564 -0.831474 -0
    outer loop
      vertex 5.91924 77.8192 -104
      vertex 5.49749 78.101 -112
      vertex 5.91924 77.8192 -112
    endloop
  endfacet
  facet normal -0.980785 -0.195092 0
    outer loop
      vertex 6.3 76.9 -138.5
      vertex 6.20104 77.3975 -135.5
      vertex 6.20104 77.3975 -138.5
    endloop
  endfacet
  facet normal -0.980785 -0.195092 0
    outer loop
      vertex 6.20104 77.3975 -135.5
      vertex 6.3 76.9 -138.5
      vertex 6.3 76.9 -135.5
    endloop
  endfacet
  facet normal -0.980785 -0.195092 0
    outer loop
      vertex 6.3 76.9 -60
      vertex 6.20104 77.3975 -52
      vertex 6.20104 77.3975 -60
    endloop
  endfacet
  facet normal -0.980785 -0.195092 0
    outer loop
      vertex 6.20104 77.3975 -52
      vertex 6.3 76.9 -60
      vertex 6.3 76.9 -52
    endloop
  endfacet
  facet normal -0.980785 -0.195092 0
    outer loop
      vertex 6.3 76.9 -112
      vertex 6.20104 77.3975 -104
      vertex 6.20104 77.3975 -112
    endloop
  endfacet
  facet normal -0.980785 -0.195092 0
    outer loop
      vertex 6.20104 77.3975 -104
      vertex 6.3 76.9 -112
      vertex 6.3 76.9 -104
    endloop
  endfacet
  facet normal 0.980785 0.195092 0
    outer loop
      vertex 3.79896 76.4025 -135.5
      vertex 3.7 76.9 -138.5
      vertex 3.7 76.9 -135.5
    endloop
  endfacet
  facet normal 0.980785 0.195092 0
    outer loop
      vertex 3.7 76.9 -138.5
      vertex 3.79896 76.4025 -135.5
      vertex 3.79896 76.4025 -138.5
    endloop
  endfacet
  facet normal 0.980785 0.195092 0
    outer loop
      vertex 3.79896 76.4025 -52
      vertex 3.7 76.9 -60
      vertex 3.7 76.9 -52
    endloop
  endfacet
  facet normal 0.980785 0.195092 0
    outer loop
      vertex 3.7 76.9 -60
      vertex 3.79896 76.4025 -52
      vertex 3.79896 76.4025 -60
    endloop
  endfacet
  facet normal 0.980785 0.195092 0
    outer loop
      vertex 3.79896 76.4025 -104
      vertex 3.7 76.9 -112
      vertex 3.7 76.9 -104
    endloop
  endfacet
  facet normal 0.980785 0.195092 0
    outer loop
      vertex 3.7 76.9 -112
      vertex 3.79896 76.4025 -104
      vertex 3.79896 76.4025 -112
    endloop
  endfacet
  facet normal -0.980785 0.195092 0
    outer loop
      vertex 6.20104 76.4025 -138.5
      vertex 6.3 76.9 -135.5
      vertex 6.3 76.9 -138.5
    endloop
  endfacet
  facet normal -0.980785 0.195092 0
    outer loop
      vertex 6.3 76.9 -135.5
      vertex 6.20104 76.4025 -138.5
      vertex 6.20104 76.4025 -135.5
    endloop
  endfacet
  facet normal -0.980785 0.195092 0
    outer loop
      vertex 6.20104 76.4025 -60
      vertex 6.3 76.9 -52
      vertex 6.3 76.9 -60
    endloop
  endfacet
  facet normal -0.980785 0.195092 0
    outer loop
      vertex 6.3 76.9 -52
      vertex 6.20104 76.4025 -60
      vertex 6.20104 76.4025 -52
    endloop
  endfacet
  facet normal -0.980785 0.195092 0
    outer loop
      vertex 6.20104 76.4025 -112
      vertex 6.3 76.9 -104
      vertex 6.3 76.9 -112
    endloop
  endfacet
  facet normal -0.980785 0.195092 0
    outer loop
      vertex 6.3 76.9 -104
      vertex 6.20104 76.4025 -112
      vertex 6.20104 76.4025 -104
    endloop
  endfacet
  facet normal 0.555564 0.831474 -0
    outer loop
      vertex 4.50251 75.699 -138.5
      vertex 4.08076 75.9808 -135.5
      vertex 4.50251 75.699 -135.5
    endloop
  endfacet
  facet normal 0.555564 0.831474 0
    outer loop
      vertex 4.08076 75.9808 -135.5
      vertex 4.50251 75.699 -138.5
      vertex 4.08076 75.9808 -138.5
    endloop
  endfacet
  facet normal 0.555564 0.831474 -0
    outer loop
      vertex 4.50251 75.699 -60
      vertex 4.08076 75.9808 -52
      vertex 4.50251 75.699 -52
    endloop
  endfacet
  facet normal 0.555564 0.831474 0
    outer loop
      vertex 4.08076 75.9808 -52
      vertex 4.50251 75.699 -60
      vertex 4.08076 75.9808 -60
    endloop
  endfacet
  facet normal 0.555564 0.831474 -0
    outer loop
      vertex 4.50251 75.699 -112
      vertex 4.08076 75.9808 -104
      vertex 4.50251 75.699 -104
    endloop
  endfacet
  facet normal 0.555564 0.831474 0
    outer loop
      vertex 4.08076 75.9808 -104
      vertex 4.50251 75.699 -112
      vertex 4.08076 75.9808 -112
    endloop
  endfacet
  facet normal -0.831443 0.55561 0
    outer loop
      vertex 5.91924 75.9808 -138.5
      vertex 6.20104 76.4025 -135.5
      vertex 6.20104 76.4025 -138.5
    endloop
  endfacet
  facet normal -0.831443 0.55561 0
    outer loop
      vertex 6.20104 76.4025 -135.5
      vertex 5.91924 75.9808 -138.5
      vertex 5.91924 75.9808 -135.5
    endloop
  endfacet
  facet normal -0.831443 0.55561 0
    outer loop
      vertex 5.91924 75.9808 -60
      vertex 6.20104 76.4025 -52
      vertex 6.20104 76.4025 -60
    endloop
  endfacet
  facet normal -0.831443 0.55561 0
    outer loop
      vertex 6.20104 76.4025 -52
      vertex 5.91924 75.9808 -60
      vertex 5.91924 75.9808 -52
    endloop
  endfacet
  facet normal -0.831443 0.55561 0
    outer loop
      vertex 5.91924 75.9808 -112
      vertex 6.20104 76.4025 -104
      vertex 6.20104 76.4025 -112
    endloop
  endfacet
  facet normal -0.831443 0.55561 0
    outer loop
      vertex 6.20104 76.4025 -104
      vertex 5.91924 75.9808 -112
      vertex 5.91924 75.9808 -104
    endloop
  endfacet
  facet normal 0.555564 -0.831474 0
    outer loop
      vertex -5.91924 77.8192 -138.5
      vertex -5.49749 78.101 -135.5
      vertex -5.91924 77.8192 -135.5
    endloop
  endfacet
  facet normal 0.555564 -0.831474 0
    outer loop
      vertex -5.49749 78.101 -135.5
      vertex -5.91924 77.8192 -138.5
      vertex -5.49749 78.101 -138.5
    endloop
  endfacet
  facet normal 0.555564 -0.831474 0
    outer loop
      vertex -5.91924 77.8192 -60
      vertex -5.49749 78.101 -52
      vertex -5.91924 77.8192 -52
    endloop
  endfacet
  facet normal 0.555564 -0.831474 0
    outer loop
      vertex -5.49749 78.101 -52
      vertex -5.91924 77.8192 -60
      vertex -5.49749 78.101 -60
    endloop
  endfacet
  facet normal 0.555564 -0.831474 0
    outer loop
      vertex -5.91924 77.8192 -112
      vertex -5.49749 78.101 -104
      vertex -5.91924 77.8192 -104
    endloop
  endfacet
  facet normal 0.555564 -0.831474 0
    outer loop
      vertex -5.49749 78.101 -104
      vertex -5.91924 77.8192 -112
      vertex -5.49749 78.101 -112
    endloop
  endfacet
  facet normal 0.195172 -0.980769 0
    outer loop
      vertex -5.49749 78.101 -138.5
      vertex -5 78.2 -135.5
      vertex -5.49749 78.101 -135.5
    endloop
  endfacet
  facet normal 0.195172 -0.980769 0
    outer loop
      vertex -5 78.2 -135.5
      vertex -5.49749 78.101 -138.5
      vertex -5 78.2 -138.5
    endloop
  endfacet
  facet normal 0.195172 -0.980769 0
    outer loop
      vertex -5.49749 78.101 -60
      vertex -5 78.2 -52
      vertex -5.49749 78.101 -52
    endloop
  endfacet
  facet normal 0.195172 -0.980769 0
    outer loop
      vertex -5 78.2 -52
      vertex -5.49749 78.101 -60
      vertex -5 78.2 -60
    endloop
  endfacet
  facet normal 0.195172 -0.980769 0
    outer loop
      vertex -5.49749 78.101 -112
      vertex -5 78.2 -104
      vertex -5.49749 78.101 -104
    endloop
  endfacet
  facet normal 0.195172 -0.980769 0
    outer loop
      vertex -5 78.2 -104
      vertex -5.49749 78.101 -112
      vertex -5 78.2 -112
    endloop
  endfacet
  facet normal 0.831443 -0.55561 0
    outer loop
      vertex -6.20104 77.3975 -135.5
      vertex -5.91924 77.8192 -138.5
      vertex -5.91924 77.8192 -135.5
    endloop
  endfacet
  facet normal 0.831443 -0.55561 0
    outer loop
      vertex -5.91924 77.8192 -138.5
      vertex -6.20104 77.3975 -135.5
      vertex -6.20104 77.3975 -138.5
    endloop
  endfacet
  facet normal 0.831443 -0.55561 0
    outer loop
      vertex -6.20104 77.3975 -52
      vertex -5.91924 77.8192 -60
      vertex -5.91924 77.8192 -52
    endloop
  endfacet
  facet normal 0.831443 -0.55561 0
    outer loop
      vertex -5.91924 77.8192 -60
      vertex -6.20104 77.3975 -52
      vertex -6.20104 77.3975 -60
    endloop
  endfacet
  facet normal 0.831443 -0.55561 0
    outer loop
      vertex -6.20104 77.3975 -104
      vertex -5.91924 77.8192 -112
      vertex -5.91924 77.8192 -104
    endloop
  endfacet
  facet normal 0.831443 -0.55561 0
    outer loop
      vertex -5.91924 77.8192 -112
      vertex -6.20104 77.3975 -104
      vertex -6.20104 77.3975 -112
    endloop
  endfacet
  facet normal -0.555564 -0.831474 0
    outer loop
      vertex -4.50251 78.101 -138.5
      vertex -4.08076 77.8192 -135.5
      vertex -4.50251 78.101 -135.5
    endloop
  endfacet
  facet normal -0.555564 -0.831474 -0
    outer loop
      vertex -4.08076 77.8192 -135.5
      vertex -4.50251 78.101 -138.5
      vertex -4.08076 77.8192 -138.5
    endloop
  endfacet
  facet normal -0.555564 -0.831474 0
    outer loop
      vertex -4.50251 78.101 -60
      vertex -4.08076 77.8192 -52
      vertex -4.50251 78.101 -52
    endloop
  endfacet
  facet normal -0.555564 -0.831474 -0
    outer loop
      vertex -4.08076 77.8192 -52
      vertex -4.50251 78.101 -60
      vertex -4.08076 77.8192 -60
    endloop
  endfacet
  facet normal -0.555564 -0.831474 0
    outer loop
      vertex -4.50251 78.101 -112
      vertex -4.08076 77.8192 -104
      vertex -4.50251 78.101 -104
    endloop
  endfacet
  facet normal -0.555564 -0.831474 -0
    outer loop
      vertex -4.08076 77.8192 -104
      vertex -4.50251 78.101 -112
      vertex -4.08076 77.8192 -112
    endloop
  endfacet
  facet normal 0.980785 0.195092 0
    outer loop
      vertex -6.20104 76.4025 -135.5
      vertex -6.3 76.9 -138.5
      vertex -6.3 76.9 -135.5
    endloop
  endfacet
  facet normal 0.980785 0.195092 0
    outer loop
      vertex -6.3 76.9 -138.5
      vertex -6.20104 76.4025 -135.5
      vertex -6.20104 76.4025 -138.5
    endloop
  endfacet
  facet normal 0.980785 0.195092 0
    outer loop
      vertex -6.20104 76.4025 -52
      vertex -6.3 76.9 -60
      vertex -6.3 76.9 -52
    endloop
  endfacet
  facet normal 0.980785 0.195092 0
    outer loop
      vertex -6.3 76.9 -60
      vertex -6.20104 76.4025 -52
      vertex -6.20104 76.4025 -60
    endloop
  endfacet
  facet normal 0.980785 0.195092 0
    outer loop
      vertex -6.20104 76.4025 -104
      vertex -6.3 76.9 -112
      vertex -6.3 76.9 -104
    endloop
  endfacet
  facet normal 0.980785 0.195092 0
    outer loop
      vertex -6.3 76.9 -112
      vertex -6.20104 76.4025 -104
      vertex -6.20104 76.4025 -112
    endloop
  endfacet
  facet normal 0.555564 0.831474 -0
    outer loop
      vertex -5.49749 75.699 -138.5
      vertex -5.91924 75.9808 -135.5
      vertex -5.49749 75.699 -135.5
    endloop
  endfacet
  facet normal 0.555564 0.831474 0
    outer loop
      vertex -5.91924 75.9808 -135.5
      vertex -5.49749 75.699 -138.5
      vertex -5.91924 75.9808 -138.5
    endloop
  endfacet
  facet normal 0.555564 0.831474 -0
    outer loop
      vertex -5.49749 75.699 -60
      vertex -5.91924 75.9808 -52
      vertex -5.49749 75.699 -52
    endloop
  endfacet
  facet normal 0.555564 0.831474 0
    outer loop
      vertex -5.91924 75.9808 -52
      vertex -5.49749 75.699 -60
      vertex -5.91924 75.9808 -60
    endloop
  endfacet
  facet normal 0.555564 0.831474 -0
    outer loop
      vertex -5.49749 75.699 -112
      vertex -5.91924 75.9808 -104
      vertex -5.49749 75.699 -104
    endloop
  endfacet
  facet normal 0.555564 0.831474 0
    outer loop
      vertex -5.91924 75.9808 -104
      vertex -5.49749 75.699 -112
      vertex -5.91924 75.9808 -112
    endloop
  endfacet
  facet normal 0.195172 0.980769 -0
    outer loop
      vertex -5 75.6 -138.5
      vertex -5.49749 75.699 -135.5
      vertex -5 75.6 -135.5
    endloop
  endfacet
  facet normal 0.195172 0.980769 0
    outer loop
      vertex -5.49749 75.699 -135.5
      vertex -5 75.6 -138.5
      vertex -5.49749 75.699 -138.5
    endloop
  endfacet
  facet normal 0.195172 0.980769 -0
    outer loop
      vertex -5 75.6 -60
      vertex -5.49749 75.699 -52
      vertex -5 75.6 -52
    endloop
  endfacet
  facet normal 0.195172 0.980769 0
    outer loop
      vertex -5.49749 75.699 -52
      vertex -5 75.6 -60
      vertex -5.49749 75.699 -60
    endloop
  endfacet
  facet normal 0.195172 0.980769 -0
    outer loop
      vertex -5 75.6 -112
      vertex -5.49749 75.699 -104
      vertex -5 75.6 -104
    endloop
  endfacet
  facet normal 0.195172 0.980769 0
    outer loop
      vertex -5.49749 75.699 -104
      vertex -5 75.6 -112
      vertex -5.49749 75.699 -112
    endloop
  endfacet
  facet normal -0.980785 -0.195092 0
    outer loop
      vertex -3.7 76.9 -138.5
      vertex -3.79896 77.3975 -135.5
      vertex -3.79896 77.3975 -138.5
    endloop
  endfacet
  facet normal -0.980785 -0.195092 0
    outer loop
      vertex -3.79896 77.3975 -135.5
      vertex -3.7 76.9 -138.5
      vertex -3.7 76.9 -135.5
    endloop
  endfacet
  facet normal -0.980785 -0.195092 0
    outer loop
      vertex -3.7 76.9 -60
      vertex -3.79896 77.3975 -52
      vertex -3.79896 77.3975 -60
    endloop
  endfacet
  facet normal -0.980785 -0.195092 0
    outer loop
      vertex -3.79896 77.3975 -52
      vertex -3.7 76.9 -60
      vertex -3.7 76.9 -52
    endloop
  endfacet
  facet normal -0.980785 -0.195092 0
    outer loop
      vertex -3.7 76.9 -112
      vertex -3.79896 77.3975 -104
      vertex -3.79896 77.3975 -112
    endloop
  endfacet
  facet normal -0.980785 -0.195092 0
    outer loop
      vertex -3.79896 77.3975 -104
      vertex -3.7 76.9 -112
      vertex -3.7 76.9 -104
    endloop
  endfacet
  facet normal -0.980785 0.195092 0
    outer loop
      vertex -3.79896 76.4025 -138.5
      vertex -3.7 76.9 -135.5
      vertex -3.7 76.9 -138.5
    endloop
  endfacet
  facet normal -0.980785 0.195092 0
    outer loop
      vertex -3.7 76.9 -135.5
      vertex -3.79896 76.4025 -138.5
      vertex -3.79896 76.4025 -135.5
    endloop
  endfacet
  facet normal -0.980785 0.195092 0
    outer loop
      vertex -3.79896 76.4025 -60
      vertex -3.7 76.9 -52
      vertex -3.7 76.9 -60
    endloop
  endfacet
  facet normal -0.980785 0.195092 0
    outer loop
      vertex -3.7 76.9 -52
      vertex -3.79896 76.4025 -60
      vertex -3.79896 76.4025 -52
    endloop
  endfacet
  facet normal -0.980785 0.195092 0
    outer loop
      vertex -3.79896 76.4025 -112
      vertex -3.7 76.9 -104
      vertex -3.7 76.9 -112
    endloop
  endfacet
  facet normal -0.980785 0.195092 0
    outer loop
      vertex -3.7 76.9 -104
      vertex -3.79896 76.4025 -112
      vertex -3.79896 76.4025 -104
    endloop
  endfacet
  facet normal -0.195172 0.980769 0
    outer loop
      vertex -4.50251 75.699 -138.5
      vertex -5 75.6 -135.5
      vertex -4.50251 75.699 -135.5
    endloop
  endfacet
  facet normal -0.195172 0.980769 0
    outer loop
      vertex -5 75.6 -135.5
      vertex -4.50251 75.699 -138.5
      vertex -5 75.6 -138.5
    endloop
  endfacet
  facet normal -0.195172 0.980769 0
    outer loop
      vertex -4.50251 75.699 -60
      vertex -5 75.6 -52
      vertex -4.50251 75.699 -52
    endloop
  endfacet
  facet normal -0.195172 0.980769 0
    outer loop
      vertex -5 75.6 -52
      vertex -4.50251 75.699 -60
      vertex -5 75.6 -60
    endloop
  endfacet
  facet normal -0.195172 0.980769 0
    outer loop
      vertex -4.50251 75.699 -112
      vertex -5 75.6 -104
      vertex -4.50251 75.699 -104
    endloop
  endfacet
  facet normal -0.195172 0.980769 0
    outer loop
      vertex -5 75.6 -104
      vertex -4.50251 75.699 -112
      vertex -5 75.6 -112
    endloop
  endfacet
  facet normal 0.980785 -0.195092 0
    outer loop
      vertex -6.3 76.9 -135.5
      vertex -6.20104 77.3975 -138.5
      vertex -6.20104 77.3975 -135.5
    endloop
  endfacet
  facet normal 0.980785 -0.195092 0
    outer loop
      vertex -6.20104 77.3975 -138.5
      vertex -6.3 76.9 -135.5
      vertex -6.3 76.9 -138.5
    endloop
  endfacet
  facet normal 0.980785 -0.195092 0
    outer loop
      vertex -6.3 76.9 -52
      vertex -6.20104 77.3975 -60
      vertex -6.20104 77.3975 -52
    endloop
  endfacet
  facet normal 0.980785 -0.195092 0
    outer loop
      vertex -6.20104 77.3975 -60
      vertex -6.3 76.9 -52
      vertex -6.3 76.9 -60
    endloop
  endfacet
  facet normal 0.980785 -0.195092 0
    outer loop
      vertex -6.3 76.9 -104
      vertex -6.20104 77.3975 -112
      vertex -6.20104 77.3975 -104
    endloop
  endfacet
  facet normal 0.980785 -0.195092 0
    outer loop
      vertex -6.20104 77.3975 -112
      vertex -6.3 76.9 -104
      vertex -6.3 76.9 -112
    endloop
  endfacet
  facet normal -0.195172 -0.980769 0
    outer loop
      vertex -5 78.2 -138.5
      vertex -4.50251 78.101 -135.5
      vertex -5 78.2 -135.5
    endloop
  endfacet
  facet normal -0.195172 -0.980769 -0
    outer loop
      vertex -4.50251 78.101 -135.5
      vertex -5 78.2 -138.5
      vertex -4.50251 78.101 -138.5
    endloop
  endfacet
  facet normal -0.195172 -0.980769 0
    outer loop
      vertex -5 78.2 -60
      vertex -4.50251 78.101 -52
      vertex -5 78.2 -52
    endloop
  endfacet
  facet normal -0.195172 -0.980769 -0
    outer loop
      vertex -4.50251 78.101 -52
      vertex -5 78.2 -60
      vertex -4.50251 78.101 -60
    endloop
  endfacet
  facet normal -0.195172 -0.980769 0
    outer loop
      vertex -5 78.2 -112
      vertex -4.50251 78.101 -104
      vertex -5 78.2 -104
    endloop
  endfacet
  facet normal -0.195172 -0.980769 -0
    outer loop
      vertex -4.50251 78.101 -104
      vertex -5 78.2 -112
      vertex -4.50251 78.101 -112
    endloop
  endfacet
  facet normal -0.831443 -0.55561 0
    outer loop
      vertex -3.79896 77.3975 -138.5
      vertex -4.08076 77.8192 -135.5
      vertex -4.08076 77.8192 -138.5
    endloop
  endfacet
  facet normal -0.831443 -0.55561 0
    outer loop
      vertex -4.08076 77.8192 -135.5
      vertex -3.79896 77.3975 -138.5
      vertex -3.79896 77.3975 -135.5
    endloop
  endfacet
  facet normal -0.831443 -0.55561 0
    outer loop
      vertex -3.79896 77.3975 -60
      vertex -4.08076 77.8192 -52
      vertex -4.08076 77.8192 -60
    endloop
  endfacet
  facet normal -0.831443 -0.55561 0
    outer loop
      vertex -4.08076 77.8192 -52
      vertex -3.79896 77.3975 -60
      vertex -3.79896 77.3975 -52
    endloop
  endfacet
  facet normal -0.831443 -0.55561 0
    outer loop
      vertex -3.79896 77.3975 -112
      vertex -4.08076 77.8192 -104
      vertex -4.08076 77.8192 -112
    endloop
  endfacet
  facet normal -0.831443 -0.55561 0
    outer loop
      vertex -4.08076 77.8192 -104
      vertex -3.79896 77.3975 -112
      vertex -3.79896 77.3975 -104
    endloop
  endfacet
  facet normal -0.555564 0.831474 0
    outer loop
      vertex -4.08076 75.9808 -138.5
      vertex -4.50251 75.699 -135.5
      vertex -4.08076 75.9808 -135.5
    endloop
  endfacet
  facet normal -0.555564 0.831474 0
    outer loop
      vertex -4.50251 75.699 -135.5
      vertex -4.08076 75.9808 -138.5
      vertex -4.50251 75.699 -138.5
    endloop
  endfacet
  facet normal -0.555564 0.831474 0
    outer loop
      vertex -4.08076 75.9808 -60
      vertex -4.50251 75.699 -52
      vertex -4.08076 75.9808 -52
    endloop
  endfacet
  facet normal -0.555564 0.831474 0
    outer loop
      vertex -4.50251 75.699 -52
      vertex -4.08076 75.9808 -60
      vertex -4.50251 75.699 -60
    endloop
  endfacet
  facet normal -0.555564 0.831474 0
    outer loop
      vertex -4.08076 75.9808 -112
      vertex -4.50251 75.699 -104
      vertex -4.08076 75.9808 -104
    endloop
  endfacet
  facet normal -0.555564 0.831474 0
    outer loop
      vertex -4.50251 75.699 -104
      vertex -4.08076 75.9808 -112
      vertex -4.50251 75.699 -112
    endloop
  endfacet
  facet normal 0.831443 0.55561 0
    outer loop
      vertex -5.91924 75.9808 -135.5
      vertex -6.20104 76.4025 -138.5
      vertex -6.20104 76.4025 -135.5
    endloop
  endfacet
  facet normal 0.831443 0.55561 0
    outer loop
      vertex -6.20104 76.4025 -138.5
      vertex -5.91924 75.9808 -135.5
      vertex -5.91924 75.9808 -138.5
    endloop
  endfacet
  facet normal 0.831443 0.55561 0
    outer loop
      vertex -5.91924 75.9808 -52
      vertex -6.20104 76.4025 -60
      vertex -6.20104 76.4025 -52
    endloop
  endfacet
  facet normal 0.831443 0.55561 0
    outer loop
      vertex -6.20104 76.4025 -60
      vertex -5.91924 75.9808 -52
      vertex -5.91924 75.9808 -60
    endloop
  endfacet
  facet normal 0.831443 0.55561 0
    outer loop
      vertex -5.91924 75.9808 -104
      vertex -6.20104 76.4025 -112
      vertex -6.20104 76.4025 -104
    endloop
  endfacet
  facet normal 0.831443 0.55561 0
    outer loop
      vertex -6.20104 76.4025 -112
      vertex -5.91924 75.9808 -104
      vertex -5.91924 75.9808 -112
    endloop
  endfacet
  facet normal -0.831443 0.55561 0
    outer loop
      vertex -4.08076 75.9808 -138.5
      vertex -3.79896 76.4025 -135.5
      vertex -3.79896 76.4025 -138.5
    endloop
  endfacet
  facet normal -0.831443 0.55561 0
    outer loop
      vertex -3.79896 76.4025 -135.5
      vertex -4.08076 75.9808 -138.5
      vertex -4.08076 75.9808 -135.5
    endloop
  endfacet
  facet normal -0.831443 0.55561 0
    outer loop
      vertex -4.08076 75.9808 -60
      vertex -3.79896 76.4025 -52
      vertex -3.79896 76.4025 -60
    endloop
  endfacet
  facet normal -0.831443 0.55561 0
    outer loop
      vertex -3.79896 76.4025 -52
      vertex -4.08076 75.9808 -60
      vertex -4.08076 75.9808 -52
    endloop
  endfacet
  facet normal -0.831443 0.55561 0
    outer loop
      vertex -4.08076 75.9808 -112
      vertex -3.79896 76.4025 -104
      vertex -3.79896 76.4025 -112
    endloop
  endfacet
  facet normal -0.831443 0.55561 0
    outer loop
      vertex -3.79896 76.4025 -104
      vertex -4.08076 75.9808 -112
      vertex -4.08076 75.9808 -104
    endloop
  endfacet
  facet normal -0.831626 -0.555337 0
    outer loop
      vertex 6.20104 126.897 -138.5
      vertex 5.91924 127.319 -135.5
      vertex 5.91924 127.319 -138.5
    endloop
  endfacet
  facet normal -0.831626 -0.555337 0
    outer loop
      vertex 5.91924 127.319 -135.5
      vertex 6.20104 126.897 -138.5
      vertex 6.20104 126.897 -135.5
    endloop
  endfacet
  facet normal 0.555837 -0.831291 0
    outer loop
      vertex 4.08076 127.319 -138.5
      vertex 4.50251 127.601 -135.5
      vertex 4.08076 127.319 -135.5
    endloop
  endfacet
  facet normal 0.555837 -0.831291 0
    outer loop
      vertex 4.50251 127.601 -135.5
      vertex 4.08076 127.319 -138.5
      vertex 4.50251 127.601 -138.5
    endloop
  endfacet
  facet normal 0.195172 -0.980769 0
    outer loop
      vertex 4.50251 127.601 -138.5
      vertex 5 127.7 -135.5
      vertex 4.50251 127.601 -135.5
    endloop
  endfacet
  facet normal 0.195172 -0.980769 0
    outer loop
      vertex 5 127.7 -135.5
      vertex 4.50251 127.601 -138.5
      vertex 5 127.7 -138.5
    endloop
  endfacet
  facet normal 0.831626 -0.555337 0
    outer loop
      vertex 3.79896 126.897 -135.5
      vertex 4.08076 127.319 -138.5
      vertex 4.08076 127.319 -135.5
    endloop
  endfacet
  facet normal 0.831626 -0.555337 0
    outer loop
      vertex 4.08076 127.319 -138.5
      vertex 3.79896 126.897 -135.5
      vertex 3.79896 126.897 -138.5
    endloop
  endfacet
  facet normal 0.195172 0.980769 -0
    outer loop
      vertex 5 125.1 -138.5
      vertex 4.50251 125.199 -135.5
      vertex 5 125.1 -135.5
    endloop
  endfacet
  facet normal 0.195172 0.980769 0
    outer loop
      vertex 4.50251 125.199 -135.5
      vertex 5 125.1 -138.5
      vertex 4.50251 125.199 -138.5
    endloop
  endfacet
  facet normal 0.195172 0.980769 -0
    outer loop
      vertex 5 125.1 -60
      vertex 4.50251 125.199 -52
      vertex 5 125.1 -52
    endloop
  endfacet
  facet normal 0.195172 0.980769 0
    outer loop
      vertex 4.50251 125.199 -52
      vertex 5 125.1 -60
      vertex 4.50251 125.199 -60
    endloop
  endfacet
  facet normal 0.195172 0.980769 -0
    outer loop
      vertex 5 125.1 -112
      vertex 4.50251 125.199 -104
      vertex 5 125.1 -104
    endloop
  endfacet
  facet normal 0.195172 0.980769 0
    outer loop
      vertex 4.50251 125.199 -104
      vertex 5 125.1 -112
      vertex 4.50251 125.199 -112
    endloop
  endfacet
  facet normal 0.980659 -0.195723 0
    outer loop
      vertex 3.7 126.4 -104
      vertex 3.72395 126.52 -112
      vertex 3.72395 126.52 -104
    endloop
  endfacet
  facet normal 0.980659 -0.195723 0
    outer loop
      vertex 3.72395 126.52 -112
      vertex 3.7 126.4 -104
      vertex 3.7 126.4 -112
    endloop
  endfacet
  facet normal 0.980659 -0.195723 0
    outer loop
      vertex 3.7 126.4 -52
      vertex 3.72395 126.52 -60
      vertex 3.72395 126.52 -52
    endloop
  endfacet
  facet normal 0.980659 -0.195723 0
    outer loop
      vertex 3.72395 126.52 -60
      vertex 3.7 126.4 -52
      vertex 3.7 126.4 -60
    endloop
  endfacet
  facet normal 0.980747 -0.195281 0
    outer loop
      vertex 3.7 126.4 -135.5
      vertex 3.79896 126.897 -138.5
      vertex 3.79896 126.897 -135.5
    endloop
  endfacet
  facet normal 0.980747 -0.195281 0
    outer loop
      vertex 3.79896 126.897 -138.5
      vertex 3.7 126.4 -135.5
      vertex 3.7 126.4 -138.5
    endloop
  endfacet
  facet normal -0.195172 0.980769 0
    outer loop
      vertex 5.49749 125.199 -138.5
      vertex 5 125.1 -135.5
      vertex 5.49749 125.199 -135.5
    endloop
  endfacet
  facet normal -0.195172 0.980769 0
    outer loop
      vertex 5 125.1 -135.5
      vertex 5.49749 125.199 -138.5
      vertex 5 125.1 -138.5
    endloop
  endfacet
  facet normal -0.195172 0.980769 0
    outer loop
      vertex 5.49749 125.199 -60
      vertex 5 125.1 -52
      vertex 5.49749 125.199 -52
    endloop
  endfacet
  facet normal -0.195172 0.980769 0
    outer loop
      vertex 5 125.1 -52
      vertex 5.49749 125.199 -60
      vertex 5 125.1 -60
    endloop
  endfacet
  facet normal -0.195172 0.980769 0
    outer loop
      vertex 5.49749 125.199 -112
      vertex 5 125.1 -104
      vertex 5.49749 125.199 -104
    endloop
  endfacet
  facet normal -0.195172 0.980769 0
    outer loop
      vertex 5 125.1 -104
      vertex 5.49749 125.199 -112
      vertex 5 125.1 -112
    endloop
  endfacet
  facet normal -0.195172 -0.980769 0
    outer loop
      vertex 5 127.7 -138.5
      vertex 5.49749 127.601 -135.5
      vertex 5 127.7 -135.5
    endloop
  endfacet
  facet normal -0.195172 -0.980769 -0
    outer loop
      vertex 5.49749 127.601 -135.5
      vertex 5 127.7 -138.5
      vertex 5.49749 127.601 -138.5
    endloop
  endfacet
  facet normal -0.555837 0.831291 0
    outer loop
      vertex 5.91924 125.481 -138.5
      vertex 5.49749 125.199 -135.5
      vertex 5.91924 125.481 -135.5
    endloop
  endfacet
  facet normal -0.555837 0.831291 0
    outer loop
      vertex 5.49749 125.199 -135.5
      vertex 5.91924 125.481 -138.5
      vertex 5.49749 125.199 -138.5
    endloop
  endfacet
  facet normal -0.555837 0.831291 0
    outer loop
      vertex 5.91924 125.481 -60
      vertex 5.49749 125.199 -52
      vertex 5.91924 125.481 -52
    endloop
  endfacet
  facet normal -0.555837 0.831291 0
    outer loop
      vertex 5.49749 125.199 -52
      vertex 5.91924 125.481 -60
      vertex 5.49749 125.199 -60
    endloop
  endfacet
  facet normal -0.555837 0.831291 0
    outer loop
      vertex 5.91924 125.481 -112
      vertex 5.49749 125.199 -104
      vertex 5.91924 125.481 -104
    endloop
  endfacet
  facet normal -0.555837 0.831291 0
    outer loop
      vertex 5.49749 125.199 -104
      vertex 5.91924 125.481 -112
      vertex 5.49749 125.199 -112
    endloop
  endfacet
  facet normal 0.831626 0.555337 0
    outer loop
      vertex 4.08076 125.481 -135.5
      vertex 3.79896 125.903 -138.5
      vertex 3.79896 125.903 -135.5
    endloop
  endfacet
  facet normal 0.831626 0.555337 0
    outer loop
      vertex 3.79896 125.903 -138.5
      vertex 4.08076 125.481 -135.5
      vertex 4.08076 125.481 -138.5
    endloop
  endfacet
  facet normal 0.831626 0.555337 0
    outer loop
      vertex 4.08076 125.481 -52
      vertex 3.79896 125.903 -60
      vertex 3.79896 125.903 -52
    endloop
  endfacet
  facet normal 0.831626 0.555337 0
    outer loop
      vertex 3.79896 125.903 -60
      vertex 4.08076 125.481 -52
      vertex 4.08076 125.481 -60
    endloop
  endfacet
  facet normal 0.831626 0.555337 0
    outer loop
      vertex 4.08076 125.481 -104
      vertex 3.79896 125.903 -112
      vertex 3.79896 125.903 -104
    endloop
  endfacet
  facet normal 0.831626 0.555337 0
    outer loop
      vertex 3.79896 125.903 -112
      vertex 4.08076 125.481 -104
      vertex 4.08076 125.481 -112
    endloop
  endfacet
  facet normal -0.555837 -0.831291 0
    outer loop
      vertex 5.49749 127.601 -138.5
      vertex 5.91924 127.319 -135.5
      vertex 5.49749 127.601 -135.5
    endloop
  endfacet
  facet normal -0.555837 -0.831291 -0
    outer loop
      vertex 5.91924 127.319 -135.5
      vertex 5.49749 127.601 -138.5
      vertex 5.91924 127.319 -138.5
    endloop
  endfacet
  facet normal -0.980747 -0.195281 0
    outer loop
      vertex 6.3 126.4 -138.5
      vertex 6.20104 126.897 -135.5
      vertex 6.20104 126.897 -138.5
    endloop
  endfacet
  facet normal -0.980747 -0.195281 0
    outer loop
      vertex 6.20104 126.897 -135.5
      vertex 6.3 126.4 -138.5
      vertex 6.3 126.4 -135.5
    endloop
  endfacet
  facet normal 0.980747 0.195281 0
    outer loop
      vertex 3.79896 125.903 -135.5
      vertex 3.7 126.4 -138.5
      vertex 3.7 126.4 -135.5
    endloop
  endfacet
  facet normal 0.980747 0.195281 0
    outer loop
      vertex 3.7 126.4 -138.5
      vertex 3.79896 125.903 -135.5
      vertex 3.79896 125.903 -138.5
    endloop
  endfacet
  facet normal 0.980747 0.195281 0
    outer loop
      vertex 3.79896 125.903 -52
      vertex 3.7 126.4 -60
      vertex 3.7 126.4 -52
    endloop
  endfacet
  facet normal 0.980747 0.195281 0
    outer loop
      vertex 3.7 126.4 -60
      vertex 3.79896 125.903 -52
      vertex 3.79896 125.903 -60
    endloop
  endfacet
  facet normal 0.980747 0.195281 0
    outer loop
      vertex 3.79896 125.903 -104
      vertex 3.7 126.4 -112
      vertex 3.7 126.4 -104
    endloop
  endfacet
  facet normal 0.980747 0.195281 0
    outer loop
      vertex 3.7 126.4 -112
      vertex 3.79896 125.903 -104
      vertex 3.79896 125.903 -112
    endloop
  endfacet
  facet normal -0.980747 0.195281 0
    outer loop
      vertex 6.20104 125.903 -138.5
      vertex 6.3 126.4 -135.5
      vertex 6.3 126.4 -138.5
    endloop
  endfacet
  facet normal -0.980747 0.195281 0
    outer loop
      vertex 6.3 126.4 -135.5
      vertex 6.20104 125.903 -138.5
      vertex 6.20104 125.903 -135.5
    endloop
  endfacet
  facet normal 0.555837 0.831291 -0
    outer loop
      vertex 4.50251 125.199 -138.5
      vertex 4.08076 125.481 -135.5
      vertex 4.50251 125.199 -135.5
    endloop
  endfacet
  facet normal 0.555837 0.831291 0
    outer loop
      vertex 4.08076 125.481 -135.5
      vertex 4.50251 125.199 -138.5
      vertex 4.08076 125.481 -138.5
    endloop
  endfacet
  facet normal 0.555837 0.831291 -0
    outer loop
      vertex 4.50251 125.199 -60
      vertex 4.08076 125.481 -52
      vertex 4.50251 125.199 -52
    endloop
  endfacet
  facet normal 0.555837 0.831291 0
    outer loop
      vertex 4.08076 125.481 -52
      vertex 4.50251 125.199 -60
      vertex 4.08076 125.481 -60
    endloop
  endfacet
  facet normal 0.555837 0.831291 -0
    outer loop
      vertex 4.50251 125.199 -112
      vertex 4.08076 125.481 -104
      vertex 4.50251 125.199 -104
    endloop
  endfacet
  facet normal 0.555837 0.831291 0
    outer loop
      vertex 4.08076 125.481 -104
      vertex 4.50251 125.199 -112
      vertex 4.08076 125.481 -112
    endloop
  endfacet
  facet normal -0.830876 0.556457 0
    outer loop
      vertex 5.91924 125.481 -112
      vertex 6.06457 125.698 -104
      vertex 6.06457 125.698 -112
    endloop
  endfacet
  facet normal -0.830876 0.556457 0
    outer loop
      vertex 6.06457 125.698 -104
      vertex 5.91924 125.481 -112
      vertex 5.91924 125.481 -104
    endloop
  endfacet
  facet normal -0.830876 0.556457 0
    outer loop
      vertex 5.91924 125.481 -60
      vertex 6.06457 125.698 -52
      vertex 6.06457 125.698 -60
    endloop
  endfacet
  facet normal -0.830876 0.556457 0
    outer loop
      vertex 6.06457 125.698 -52
      vertex 5.91924 125.481 -60
      vertex 5.91924 125.481 -52
    endloop
  endfacet
  facet normal -0.831626 0.555337 0
    outer loop
      vertex 5.91924 125.481 -138.5
      vertex 6.20104 125.903 -135.5
      vertex 6.20104 125.903 -138.5
    endloop
  endfacet
  facet normal -0.831626 0.555337 0
    outer loop
      vertex 6.20104 125.903 -135.5
      vertex 5.91924 125.481 -138.5
      vertex 5.91924 125.481 -135.5
    endloop
  endfacet
  facet normal 0.555837 -0.831291 0
    outer loop
      vertex -5.91924 127.319 -138.5
      vertex -5.49749 127.601 -135.5
      vertex -5.91924 127.319 -135.5
    endloop
  endfacet
  facet normal 0.555837 -0.831291 0
    outer loop
      vertex -5.49749 127.601 -135.5
      vertex -5.91924 127.319 -138.5
      vertex -5.49749 127.601 -138.5
    endloop
  endfacet
  facet normal 0.195172 -0.980769 0
    outer loop
      vertex -5.49749 127.601 -138.5
      vertex -5 127.7 -135.5
      vertex -5.49749 127.601 -135.5
    endloop
  endfacet
  facet normal 0.195172 -0.980769 0
    outer loop
      vertex -5 127.7 -135.5
      vertex -5.49749 127.601 -138.5
      vertex -5 127.7 -138.5
    endloop
  endfacet
  facet normal 0.831626 -0.555337 0
    outer loop
      vertex -6.20104 126.897 -135.5
      vertex -5.91924 127.319 -138.5
      vertex -5.91924 127.319 -135.5
    endloop
  endfacet
  facet normal 0.831626 -0.555337 0
    outer loop
      vertex -5.91924 127.319 -138.5
      vertex -6.20104 126.897 -135.5
      vertex -6.20104 126.897 -138.5
    endloop
  endfacet
  facet normal -0.555837 -0.831291 0
    outer loop
      vertex -4.50251 127.601 -138.5
      vertex -4.08076 127.319 -135.5
      vertex -4.50251 127.601 -135.5
    endloop
  endfacet
  facet normal -0.555837 -0.831291 -0
    outer loop
      vertex -4.08076 127.319 -135.5
      vertex -4.50251 127.601 -138.5
      vertex -4.08076 127.319 -138.5
    endloop
  endfacet
  facet normal 0.980747 0.195281 0
    outer loop
      vertex -6.20104 125.903 -135.5
      vertex -6.3 126.4 -138.5
      vertex -6.3 126.4 -135.5
    endloop
  endfacet
  facet normal 0.980747 0.195281 0
    outer loop
      vertex -6.3 126.4 -138.5
      vertex -6.20104 125.903 -135.5
      vertex -6.20104 125.903 -138.5
    endloop
  endfacet
  facet normal 0.555837 0.831291 -0
    outer loop
      vertex -5.49749 125.199 -138.5
      vertex -5.91924 125.481 -135.5
      vertex -5.49749 125.199 -135.5
    endloop
  endfacet
  facet normal 0.555837 0.831291 0
    outer loop
      vertex -5.91924 125.481 -135.5
      vertex -5.49749 125.199 -138.5
      vertex -5.91924 125.481 -138.5
    endloop
  endfacet
  facet normal 0.555837 0.831291 -0
    outer loop
      vertex -5.49749 125.199 -60
      vertex -5.91924 125.481 -52
      vertex -5.49749 125.199 -52
    endloop
  endfacet
  facet normal 0.555837 0.831291 0
    outer loop
      vertex -5.91924 125.481 -52
      vertex -5.49749 125.199 -60
      vertex -5.91924 125.481 -60
    endloop
  endfacet
  facet normal 0.555837 0.831291 -0
    outer loop
      vertex -5.49749 125.199 -112
      vertex -5.91924 125.481 -104
      vertex -5.49749 125.199 -104
    endloop
  endfacet
  facet normal 0.555837 0.831291 0
    outer loop
      vertex -5.91924 125.481 -104
      vertex -5.49749 125.199 -112
      vertex -5.91924 125.481 -112
    endloop
  endfacet
  facet normal 0.195172 0.980769 -0
    outer loop
      vertex -5 125.1 -138.5
      vertex -5.49749 125.199 -135.5
      vertex -5 125.1 -135.5
    endloop
  endfacet
  facet normal 0.195172 0.980769 0
    outer loop
      vertex -5.49749 125.199 -135.5
      vertex -5 125.1 -138.5
      vertex -5.49749 125.199 -138.5
    endloop
  endfacet
  facet normal 0.195172 0.980769 -0
    outer loop
      vertex -5 125.1 -60
      vertex -5.49749 125.199 -52
      vertex -5 125.1 -52
    endloop
  endfacet
  facet normal 0.195172 0.980769 0
    outer loop
      vertex -5.49749 125.199 -52
      vertex -5 125.1 -60
      vertex -5.49749 125.199 -60
    endloop
  endfacet
  facet normal 0.195172 0.980769 -0
    outer loop
      vertex -5 125.1 -112
      vertex -5.49749 125.199 -104
      vertex -5 125.1 -104
    endloop
  endfacet
  facet normal 0.195172 0.980769 0
    outer loop
      vertex -5.49749 125.199 -104
      vertex -5 125.1 -112
      vertex -5.49749 125.199 -112
    endloop
  endfacet
  facet normal -0.980659 -0.195723 0
    outer loop
      vertex -3.7 126.4 -112
      vertex -3.72395 126.52 -104
      vertex -3.72395 126.52 -112
    endloop
  endfacet
  facet normal -0.980659 -0.195723 0
    outer loop
      vertex -3.72395 126.52 -104
      vertex -3.7 126.4 -112
      vertex -3.7 126.4 -104
    endloop
  endfacet
  facet normal -0.980659 -0.195723 0
    outer loop
      vertex -3.7 126.4 -60
      vertex -3.72395 126.52 -52
      vertex -3.72395 126.52 -60
    endloop
  endfacet
  facet normal -0.980659 -0.195723 0
    outer loop
      vertex -3.72395 126.52 -52
      vertex -3.7 126.4 -60
      vertex -3.7 126.4 -52
    endloop
  endfacet
  facet normal -0.980747 -0.195281 0
    outer loop
      vertex -3.7 126.4 -138.5
      vertex -3.79896 126.897 -135.5
      vertex -3.79896 126.897 -138.5
    endloop
  endfacet
  facet normal -0.980747 -0.195281 0
    outer loop
      vertex -3.79896 126.897 -135.5
      vertex -3.7 126.4 -138.5
      vertex -3.7 126.4 -135.5
    endloop
  endfacet
  facet normal -0.980747 0.195281 0
    outer loop
      vertex -3.79896 125.903 -138.5
      vertex -3.7 126.4 -135.5
      vertex -3.7 126.4 -138.5
    endloop
  endfacet
  facet normal -0.980747 0.195281 0
    outer loop
      vertex -3.7 126.4 -135.5
      vertex -3.79896 125.903 -138.5
      vertex -3.79896 125.903 -135.5
    endloop
  endfacet
  facet normal -0.980747 0.195281 0
    outer loop
      vertex -3.79896 125.903 -60
      vertex -3.7 126.4 -52
      vertex -3.7 126.4 -60
    endloop
  endfacet
  facet normal -0.980747 0.195281 0
    outer loop
      vertex -3.7 126.4 -52
      vertex -3.79896 125.903 -60
      vertex -3.79896 125.903 -52
    endloop
  endfacet
  facet normal -0.980747 0.195281 0
    outer loop
      vertex -3.79896 125.903 -112
      vertex -3.7 126.4 -104
      vertex -3.7 126.4 -112
    endloop
  endfacet
  facet normal -0.980747 0.195281 0
    outer loop
      vertex -3.7 126.4 -104
      vertex -3.79896 125.903 -112
      vertex -3.79896 125.903 -104
    endloop
  endfacet
  facet normal -0.195172 0.980769 0
    outer loop
      vertex -4.50251 125.199 -138.5
      vertex -5 125.1 -135.5
      vertex -4.50251 125.199 -135.5
    endloop
  endfacet
  facet normal -0.195172 0.980769 0
    outer loop
      vertex -5 125.1 -135.5
      vertex -4.50251 125.199 -138.5
      vertex -5 125.1 -138.5
    endloop
  endfacet
  facet normal -0.195172 0.980769 0
    outer loop
      vertex -4.50251 125.199 -60
      vertex -5 125.1 -52
      vertex -4.50251 125.199 -52
    endloop
  endfacet
  facet normal -0.195172 0.980769 0
    outer loop
      vertex -5 125.1 -52
      vertex -4.50251 125.199 -60
      vertex -5 125.1 -60
    endloop
  endfacet
  facet normal -0.195172 0.980769 0
    outer loop
      vertex -4.50251 125.199 -112
      vertex -5 125.1 -104
      vertex -4.50251 125.199 -104
    endloop
  endfacet
  facet normal -0.195172 0.980769 0
    outer loop
      vertex -5 125.1 -104
      vertex -4.50251 125.199 -112
      vertex -5 125.1 -112
    endloop
  endfacet
  facet normal 0.980747 -0.195281 0
    outer loop
      vertex -6.3 126.4 -135.5
      vertex -6.20104 126.897 -138.5
      vertex -6.20104 126.897 -135.5
    endloop
  endfacet
  facet normal 0.980747 -0.195281 0
    outer loop
      vertex -6.20104 126.897 -138.5
      vertex -6.3 126.4 -135.5
      vertex -6.3 126.4 -138.5
    endloop
  endfacet
  facet normal -0.195172 -0.980769 0
    outer loop
      vertex -5 127.7 -138.5
      vertex -4.50251 127.601 -135.5
      vertex -5 127.7 -135.5
    endloop
  endfacet
  facet normal -0.195172 -0.980769 -0
    outer loop
      vertex -4.50251 127.601 -135.5
      vertex -5 127.7 -138.5
      vertex -4.50251 127.601 -138.5
    endloop
  endfacet
  facet normal -0.831626 -0.555337 0
    outer loop
      vertex -3.79896 126.897 -138.5
      vertex -4.08076 127.319 -135.5
      vertex -4.08076 127.319 -138.5
    endloop
  endfacet
  facet normal -0.831626 -0.555337 0
    outer loop
      vertex -4.08076 127.319 -135.5
      vertex -3.79896 126.897 -138.5
      vertex -3.79896 126.897 -135.5
    endloop
  endfacet
  facet normal -0.555837 0.831291 0
    outer loop
      vertex -4.08076 125.481 -138.5
      vertex -4.50251 125.199 -135.5
      vertex -4.08076 125.481 -135.5
    endloop
  endfacet
  facet normal -0.555837 0.831291 0
    outer loop
      vertex -4.50251 125.199 -135.5
      vertex -4.08076 125.481 -138.5
      vertex -4.50251 125.199 -138.5
    endloop
  endfacet
  facet normal -0.555837 0.831291 0
    outer loop
      vertex -4.08076 125.481 -60
      vertex -4.50251 125.199 -52
      vertex -4.08076 125.481 -52
    endloop
  endfacet
  facet normal -0.555837 0.831291 0
    outer loop
      vertex -4.50251 125.199 -52
      vertex -4.08076 125.481 -60
      vertex -4.50251 125.199 -60
    endloop
  endfacet
  facet normal -0.555837 0.831291 0
    outer loop
      vertex -4.08076 125.481 -112
      vertex -4.50251 125.199 -104
      vertex -4.08076 125.481 -104
    endloop
  endfacet
  facet normal -0.555837 0.831291 0
    outer loop
      vertex -4.50251 125.199 -104
      vertex -4.08076 125.481 -112
      vertex -4.50251 125.199 -112
    endloop
  endfacet
  facet normal 0.830876 0.556457 0
    outer loop
      vertex -5.91924 125.481 -104
      vertex -6.06457 125.698 -112
      vertex -6.06457 125.698 -104
    endloop
  endfacet
  facet normal 0.830876 0.556457 0
    outer loop
      vertex -6.06457 125.698 -112
      vertex -5.91924 125.481 -104
      vertex -5.91924 125.481 -112
    endloop
  endfacet
  facet normal 0.830876 0.556457 0
    outer loop
      vertex -5.91924 125.481 -52
      vertex -6.06457 125.698 -60
      vertex -6.06457 125.698 -52
    endloop
  endfacet
  facet normal 0.830876 0.556457 0
    outer loop
      vertex -6.06457 125.698 -60
      vertex -5.91924 125.481 -52
      vertex -5.91924 125.481 -60
    endloop
  endfacet
  facet normal 0.831626 0.555337 0
    outer loop
      vertex -5.91924 125.481 -135.5
      vertex -6.20104 125.903 -138.5
      vertex -6.20104 125.903 -135.5
    endloop
  endfacet
  facet normal 0.831626 0.555337 0
    outer loop
      vertex -6.20104 125.903 -138.5
      vertex -5.91924 125.481 -135.5
      vertex -5.91924 125.481 -138.5
    endloop
  endfacet
  facet normal -0.831626 0.555337 0
    outer loop
      vertex -4.08076 125.481 -138.5
      vertex -3.79896 125.903 -135.5
      vertex -3.79896 125.903 -138.5
    endloop
  endfacet
  facet normal -0.831626 0.555337 0
    outer loop
      vertex -3.79896 125.903 -135.5
      vertex -4.08076 125.481 -138.5
      vertex -4.08076 125.481 -135.5
    endloop
  endfacet
  facet normal -0.831626 0.555337 0
    outer loop
      vertex -4.08076 125.481 -60
      vertex -3.79896 125.903 -52
      vertex -3.79896 125.903 -60
    endloop
  endfacet
  facet normal -0.831626 0.555337 0
    outer loop
      vertex -3.79896 125.903 -52
      vertex -4.08076 125.481 -60
      vertex -4.08076 125.481 -52
    endloop
  endfacet
  facet normal -0.831626 0.555337 0
    outer loop
      vertex -4.08076 125.481 -112
      vertex -3.79896 125.903 -104
      vertex -3.79896 125.903 -112
    endloop
  endfacet
  facet normal -0.831626 0.555337 0
    outer loop
      vertex -3.79896 125.903 -104
      vertex -4.08076 125.481 -112
      vertex -4.08076 125.481 -104
    endloop
  endfacet
  facet normal 0 -1 0
    outer loop
      vertex -10.25 122.4 -110
      vertex -3.82081 122.4 -111.1
      vertex -3.82081 122.4 -110
    endloop
  endfacet
  facet normal 0 -1 -0
    outer loop
      vertex -3.82081 122.4 -111.1
      vertex -10.25 122.4 -112
      vertex 3.82081 122.4 -111.1
    endloop
  endfacet
  facet normal 0 -1 0
    outer loop
      vertex -10.25 122.4 -112
      vertex -3.82081 122.4 -111.1
      vertex -10.25 122.4 -110
    endloop
  endfacet
  facet normal 0 -1 0
    outer loop
      vertex 3.82081 122.4 -111.1
      vertex 10.25 122.4 -110
      vertex 3.82081 122.4 -110
    endloop
  endfacet
  facet normal 0 -1 0
    outer loop
      vertex 3.82081 122.4 -111.1
      vertex 10.25 122.4 -112
      vertex 10.25 122.4 -110
    endloop
  endfacet
  facet normal 0 -1 0
    outer loop
      vertex 10.25 122.4 -112
      vertex 3.82081 122.4 -111.1
      vertex -10.25 122.4 -112
    endloop
  endfacet
  facet normal 0 -1 0
    outer loop
      vertex -10.25 122.4 -138.5
      vertex 10.25 122.4 -135.5
      vertex -10.25 122.4 -135.5
    endloop
  endfacet
  facet normal 0 -1 -0
    outer loop
      vertex 10.25 122.4 -135.5
      vertex -10.25 122.4 -138.5
      vertex 10.25 122.4 -138.5
    endloop
  endfacet
  facet normal 0 0 -1
    outer loop
      vertex 10.25 80.9 -110
      vertex 9.61288 106.45 -110
      vertex 10.25 107.742 -110
    endloop
  endfacet
  facet normal 0 0 -1
    outer loop
      vertex 10.25 80.9 -110
      vertex 8.80622 105.243 -110
      vertex 9.61288 106.45 -110
    endloop
  endfacet
  facet normal 0 0 -1
    outer loop
      vertex 10.25 80.9 -110
      vertex 7.84888 104.151 -110
      vertex 8.80622 105.243 -110
    endloop
  endfacet
  facet normal 0 0 -1
    outer loop
      vertex 10.25 80.9 -110
      vertex 6.75725 103.194 -110
      vertex 7.84888 104.151 -110
    endloop
  endfacet
  facet normal 0 0 -1
    outer loop
      vertex 10.25 80.9 -110
      vertex 5.55 102.387 -110
      vertex 6.75725 103.194 -110
    endloop
  endfacet
  facet normal 0 0 -1
    outer loop
      vertex 10.25 80.9 -110
      vertex 4.24779 101.745 -110
      vertex 5.55 102.387 -110
    endloop
  endfacet
  facet normal 0 0 -1
    outer loop
      vertex 10.25 80.9 -110
      vertex 2.87289 101.278 -110
      vertex 4.24779 101.745 -110
    endloop
  endfacet
  facet normal 0 0 -1
    outer loop
      vertex 10.25 80.9 -110
      vertex 1.44884 100.995 -110
      vertex 2.87289 101.278 -110
    endloop
  endfacet
  facet normal 0 0 -1
    outer loop
      vertex 10.25 80.9 -110
      vertex 0 100.9 -110
      vertex 1.44884 100.995 -110
    endloop
  endfacet
  facet normal 0 0 -1
    outer loop
      vertex -10.25 80.9 -110
      vertex 0 100.9 -110
      vertex 10.25 80.9 -110
    endloop
  endfacet
  facet normal -0 0 -1
    outer loop
      vertex 0 100.9 -110
      vertex -10.25 80.9 -110
      vertex -1.44884 100.995 -110
    endloop
  endfacet
  facet normal -0 0 -1
    outer loop
      vertex -1.44884 100.995 -110
      vertex -10.25 80.9 -110
      vertex -2.87289 101.278 -110
    endloop
  endfacet
  facet normal -0 0 -1
    outer loop
      vertex -2.87289 101.278 -110
      vertex -10.25 80.9 -110
      vertex -4.24779 101.745 -110
    endloop
  endfacet
  facet normal -0 0 -1
    outer loop
      vertex -4.24779 101.745 -110
      vertex -10.25 80.9 -110
      vertex -5.55 102.387 -110
    endloop
  endfacet
  facet normal -0 0 -1
    outer loop
      vertex -5.55 102.387 -110
      vertex -10.25 80.9 -110
      vertex -6.75725 103.194 -110
    endloop
  endfacet
  facet normal -0 0 -1
    outer loop
      vertex -6.75725 103.194 -110
      vertex -10.25 80.9 -110
      vertex -7.84888 104.151 -110
    endloop
  endfacet
  facet normal -0 0 -1
    outer loop
      vertex -7.84888 104.151 -110
      vertex -10.25 80.9 -110
      vertex -8.80622 105.243 -110
    endloop
  endfacet
  facet normal 0 0 -1
    outer loop
      vertex -10.25 80.9 -110
      vertex -9.61288 106.45 -110
      vertex -8.80622 105.243 -110
    endloop
  endfacet
  facet normal -0 0 -1
    outer loop
      vertex -9.61288 106.45 -110
      vertex -10.25 80.9 -110
      vertex -10.25 107.742 -110
    endloop
  endfacet
  facet normal 0 0 -1
    outer loop
      vertex -4.24779 122.255 -110
      vertex -10.25 122.4 -110
      vertex -3.82081 122.4 -110
    endloop
  endfacet
  facet normal 0 0 -1
    outer loop
      vertex -5.55 121.613 -110
      vertex -10.25 122.4 -110
      vertex -4.24779 122.255 -110
    endloop
  endfacet
  facet normal 0 0 -1
    outer loop
      vertex -6.75725 120.806 -110
      vertex -10.25 122.4 -110
      vertex -5.55 121.613 -110
    endloop
  endfacet
  facet normal 0 0 -1
    outer loop
      vertex -7.84888 119.849 -110
      vertex -10.25 122.4 -110
      vertex -6.75725 120.806 -110
    endloop
  endfacet
  facet normal 0 0 -1
    outer loop
      vertex -8.80622 118.757 -110
      vertex -10.25 122.4 -110
      vertex -7.84888 119.849 -110
    endloop
  endfacet
  facet normal 0 0 -1
    outer loop
      vertex -9.61288 117.55 -110
      vertex -10.25 122.4 -110
      vertex -8.80622 118.757 -110
    endloop
  endfacet
  facet normal 0 0 -1
    outer loop
      vertex -10.25 122.4 -110
      vertex -9.61288 117.55 -110
      vertex -10.25 116.258 -110
    endloop
  endfacet
  facet normal 0 0 -1
    outer loop
      vertex 9.61288 117.55 -110
      vertex 10.25 122.4 -110
      vertex 10.25 116.258 -110
    endloop
  endfacet
  facet normal 0 0 -1
    outer loop
      vertex 8.80622 118.757 -110
      vertex 10.25 122.4 -110
      vertex 9.61288 117.55 -110
    endloop
  endfacet
  facet normal 0 0 -1
    outer loop
      vertex 7.84888 119.849 -110
      vertex 10.25 122.4 -110
      vertex 8.80622 118.757 -110
    endloop
  endfacet
  facet normal 0 0 -1
    outer loop
      vertex 6.75725 120.806 -110
      vertex 10.25 122.4 -110
      vertex 7.84888 119.849 -110
    endloop
  endfacet
  facet normal 0 0 -1
    outer loop
      vertex 5.55 121.613 -110
      vertex 10.25 122.4 -110
      vertex 6.75725 120.806 -110
    endloop
  endfacet
  facet normal 0 0 -1
    outer loop
      vertex 4.24779 122.255 -110
      vertex 10.25 122.4 -110
      vertex 5.55 121.613 -110
    endloop
  endfacet
  facet normal -0 0 -1
    outer loop
      vertex 10.25 122.4 -110
      vertex 4.24779 122.255 -110
      vertex 3.82081 122.4 -110
    endloop
  endfacet
  facet normal 0 1 -0
    outer loop
      vertex 10.25 80.9 -112
      vertex -10.25 80.9 -110
      vertex 10.25 80.9 -110
    endloop
  endfacet
  facet normal 0 1 0
    outer loop
      vertex -10.25 80.9 -110
      vertex 10.25 80.9 -112
      vertex -10.25 80.9 -112
    endloop
  endfacet
  facet normal 0 1 -0
    outer loop
      vertex 10.25 80.9 -138.5
      vertex -10.25 80.9 -135.5
      vertex 10.25 80.9 -135.5
    endloop
  endfacet
  facet normal 0 1 0
    outer loop
      vertex -10.25 80.9 -135.5
      vertex 10.25 80.9 -138.5
      vertex -10.25 80.9 -138.5
    endloop
  endfacet
  facet normal 1 0 0
    outer loop
      vertex -10.25 107.742 -110
      vertex -10.25 80.9 -110
      vertex -10.25 107.742 -111.1
    endloop
  endfacet
  facet normal 1 0 0
    outer loop
      vertex -10.25 116.258 -111.1
      vertex -10.25 122.4 -110
      vertex -10.25 116.258 -110
    endloop
  endfacet
  facet normal 1 0 0
    outer loop
      vertex -10.25 122.4 -110
      vertex -10.25 116.258 -111.1
      vertex -10.25 122.4 -112
    endloop
  endfacet
  facet normal 1 -0 0
    outer loop
      vertex -10.25 107.742 -111.1
      vertex -10.25 122.4 -112
      vertex -10.25 116.258 -111.1
    endloop
  endfacet
  facet normal 1 0 0
    outer loop
      vertex -10.25 80.9 -112
      vertex -10.25 107.742 -111.1
      vertex -10.25 80.9 -110
    endloop
  endfacet
  facet normal 1 0 0
    outer loop
      vertex -10.25 107.742 -111.1
      vertex -10.25 80.9 -112
      vertex -10.25 122.4 -112
    endloop
  endfacet
  facet normal 1 -0 0
    outer loop
      vertex -10.25 80.9 -135.5
      vertex -10.25 122.4 -138.5
      vertex -10.25 122.4 -135.5
    endloop
  endfacet
  facet normal 1 0 0
    outer loop
      vertex -10.25 122.4 -138.5
      vertex -10.25 80.9 -135.5
      vertex -10.25 80.9 -138.5
    endloop
  endfacet
  facet normal -1 0 0
    outer loop
      vertex 10.25 122.4 -112
      vertex 10.25 116.258 -111.1
      vertex 10.25 122.4 -110
    endloop
  endfacet
  facet normal -1 0 0
    outer loop
      vertex 10.25 122.4 -112
      vertex 10.25 107.742 -111.1
      vertex 10.25 116.258 -111.1
    endloop
  endfacet
  facet normal -1 0 0
    outer loop
      vertex 10.25 80.9 -112
      vertex 10.25 107.742 -111.1
      vertex 10.25 122.4 -112
    endloop
  endfacet
  facet normal -1 0 0
    outer loop
      vertex 10.25 80.9 -110
      vertex 10.25 107.742 -111.1
      vertex 10.25 80.9 -112
    endloop
  endfacet
  facet normal -1 0 0
    outer loop
      vertex 10.25 107.742 -111.1
      vertex 10.25 80.9 -110
      vertex 10.25 107.742 -110
    endloop
  endfacet
  facet normal -1 -0 0
    outer loop
      vertex 10.25 122.4 -110
      vertex 10.25 116.258 -111.1
      vertex 10.25 116.258 -110
    endloop
  endfacet
  facet normal -1 0 0
    outer loop
      vertex 10.25 80.9 -138.5
      vertex 10.25 122.4 -135.5
      vertex 10.25 122.4 -138.5
    endloop
  endfacet
  facet normal -1 -0 0
    outer loop
      vertex 10.25 122.4 -135.5
      vertex 10.25 80.9 -138.5
      vertex 10.25 80.9 -135.5
    endloop
  endfacet
  facet normal -0.831237 0 0.555918
    outer loop
      vertex -22.7979 70 -137.202
      vertex -22.4294 74 -136.651
      vertex -22.7979 74 -137.202
    endloop
  endfacet
  facet normal -0.831237 0 0.555918
    outer loop
      vertex -22.4294 74 -136.651
      vertex -22.7979 70 -137.202
      vertex -22.4294 70 -136.651
    endloop
  endfacet
  facet normal -0.980812 0 0.194957
    outer loop
      vertex -22.4294 70 -136.651
      vertex -22.3 74 -136
      vertex -22.4294 74 -136.651
    endloop
  endfacet
  facet normal -0.980812 0 0.194957
    outer loop
      vertex -22.3 74 -136
      vertex -22.4294 70 -136.651
      vertex -22.3 70 -136
    endloop
  endfacet
  facet normal -0.556091 0 0.831122
    outer loop
      vertex -23.3494 74 -137.571
      vertex -22.7979 70 -137.202
      vertex -22.7979 74 -137.202
    endloop
  endfacet
  facet normal -0.556091 0 0.831122
    outer loop
      vertex -22.7979 70 -137.202
      vertex -23.3494 74 -137.571
      vertex -23.3494 70 -137.571
    endloop
  endfacet
  facet normal -0.556091 0 -0.831122
    outer loop
      vertex -23.3494 70 -134.429
      vertex -22.7979 74 -134.798
      vertex -22.7979 70 -134.798
    endloop
  endfacet
  facet normal -0.556091 0 -0.831122
    outer loop
      vertex -22.7979 74 -134.798
      vertex -23.3494 70 -134.429
      vertex -23.3494 74 -134.429
    endloop
  endfacet
  facet normal 0.831237 -0 0.555918
    outer loop
      vertex -25.5706 70 -136.651
      vertex -25.2021 74 -137.202
      vertex -25.5706 74 -136.651
    endloop
  endfacet
  facet normal 0.831237 0 0.555918
    outer loop
      vertex -25.2021 74 -137.202
      vertex -25.5706 70 -136.651
      vertex -25.2021 70 -137.202
    endloop
  endfacet
  facet normal -0.194492 0 -0.980904
    outer loop
      vertex -24 70 -134.3
      vertex -23.3494 74 -134.429
      vertex -23.3494 70 -134.429
    endloop
  endfacet
  facet normal -0.194492 0 -0.980904
    outer loop
      vertex -23.3494 74 -134.429
      vertex -24 70 -134.3
      vertex -24 74 -134.3
    endloop
  endfacet
  facet normal -0.980812 0 -0.194957
    outer loop
      vertex -22.3 70 -136
      vertex -22.4294 74 -135.349
      vertex -22.3 74 -136
    endloop
  endfacet
  facet normal -0.980812 -0 -0.194957
    outer loop
      vertex -22.4294 74 -135.349
      vertex -22.3 70 -136
      vertex -22.4294 70 -135.349
    endloop
  endfacet
  facet normal 0.194492 0 0.980904
    outer loop
      vertex -24.6506 74 -137.571
      vertex -24 70 -137.7
      vertex -24 74 -137.7
    endloop
  endfacet
  facet normal 0.194492 0 0.980904
    outer loop
      vertex -24 70 -137.7
      vertex -24.6506 74 -137.571
      vertex -24.6506 70 -137.571
    endloop
  endfacet
  facet normal 0.194492 0 -0.980904
    outer loop
      vertex -24.6506 70 -134.429
      vertex -24 74 -134.3
      vertex -24 70 -134.3
    endloop
  endfacet
  facet normal 0.194492 0 -0.980904
    outer loop
      vertex -24 74 -134.3
      vertex -24.6506 70 -134.429
      vertex -24.6506 74 -134.429
    endloop
  endfacet
  facet normal -0.831237 0 -0.555918
    outer loop
      vertex -22.4294 70 -135.349
      vertex -22.7979 74 -134.798
      vertex -22.4294 74 -135.349
    endloop
  endfacet
  facet normal -0.831237 -0 -0.555918
    outer loop
      vertex -22.7979 74 -134.798
      vertex -22.4294 70 -135.349
      vertex -22.7979 70 -134.798
    endloop
  endfacet
  facet normal 0.831237 0 -0.555918
    outer loop
      vertex -25.2021 70 -134.798
      vertex -25.5706 74 -135.349
      vertex -25.2021 74 -134.798
    endloop
  endfacet
  facet normal 0.831237 0 -0.555918
    outer loop
      vertex -25.5706 74 -135.349
      vertex -25.2021 70 -134.798
      vertex -25.5706 70 -135.349
    endloop
  endfacet
  facet normal 0.980812 0 -0.194957
    outer loop
      vertex -25.5706 70 -135.349
      vertex -25.7 74 -136
      vertex -25.5706 74 -135.349
    endloop
  endfacet
  facet normal 0.980812 0 -0.194957
    outer loop
      vertex -25.7 74 -136
      vertex -25.5706 70 -135.349
      vertex -25.7 70 -136
    endloop
  endfacet
  facet normal -0.194492 0 0.980904
    outer loop
      vertex -24 74 -137.7
      vertex -23.3494 70 -137.571
      vertex -23.3494 74 -137.571
    endloop
  endfacet
  facet normal -0.194492 0 0.980904
    outer loop
      vertex -23.3494 70 -137.571
      vertex -24 74 -137.7
      vertex -24 70 -137.7
    endloop
  endfacet
  facet normal 0.980812 -0 0.194957
    outer loop
      vertex -25.7 70 -136
      vertex -25.5706 74 -136.651
      vertex -25.7 74 -136
    endloop
  endfacet
  facet normal 0.980812 0 0.194957
    outer loop
      vertex -25.5706 74 -136.651
      vertex -25.7 70 -136
      vertex -25.5706 70 -136.651
    endloop
  endfacet
  facet normal 0.556091 0 0.831122
    outer loop
      vertex -25.2021 74 -137.202
      vertex -24.6506 70 -137.571
      vertex -24.6506 74 -137.571
    endloop
  endfacet
  facet normal 0.556091 0 0.831122
    outer loop
      vertex -24.6506 70 -137.571
      vertex -25.2021 74 -137.202
      vertex -25.2021 70 -137.202
    endloop
  endfacet
  facet normal 0.556091 0 -0.831122
    outer loop
      vertex -25.2021 70 -134.798
      vertex -24.6506 74 -134.429
      vertex -24.6506 70 -134.429
    endloop
  endfacet
  facet normal 0.556091 0 -0.831122
    outer loop
      vertex -24.6506 74 -134.429
      vertex -25.2021 70 -134.798
      vertex -25.2021 74 -134.798
    endloop
  endfacet
  facet normal -0.83147 0 0.55557
    outer loop
      vertex -22.7979 70 -53.2021
      vertex -22.4294 74 -52.6506
      vertex -22.7979 74 -53.2021
    endloop
  endfacet
  facet normal -0.83147 0 0.55557
    outer loop
      vertex -22.4294 74 -52.6506
      vertex -22.7979 70 -53.2021
      vertex -22.4294 70 -52.6506
    endloop
  endfacet
  facet normal -0.980789 0 0.195072
    outer loop
      vertex -22.4294 70 -52.6506
      vertex -22.3 74 -52
      vertex -22.4294 74 -52.6506
    endloop
  endfacet
  facet normal -0.980789 0 0.195072
    outer loop
      vertex -22.3 74 -52
      vertex -22.4294 70 -52.6506
      vertex -22.3 70 -52
    endloop
  endfacet
  facet normal -0.55557 0 0.83147
    outer loop
      vertex -23.3494 74 -53.5706
      vertex -22.7979 70 -53.2021
      vertex -22.7979 74 -53.2021
    endloop
  endfacet
  facet normal -0.55557 0 0.83147
    outer loop
      vertex -22.7979 70 -53.2021
      vertex -23.3494 74 -53.5706
      vertex -23.3494 70 -53.5706
    endloop
  endfacet
  facet normal -0.55557 0 -0.83147
    outer loop
      vertex -23.3494 70 -50.4294
      vertex -22.7979 74 -50.7979
      vertex -22.7979 70 -50.7979
    endloop
  endfacet
  facet normal -0.55557 0 -0.83147
    outer loop
      vertex -22.7979 74 -50.7979
      vertex -23.3494 70 -50.4294
      vertex -23.3494 74 -50.4294
    endloop
  endfacet
  facet normal 0.83147 -0 0.55557
    outer loop
      vertex -25.5706 70 -52.6506
      vertex -25.2021 74 -53.2021
      vertex -25.5706 74 -52.6506
    endloop
  endfacet
  facet normal 0.83147 0 0.55557
    outer loop
      vertex -25.2021 74 -53.2021
      vertex -25.5706 70 -52.6506
      vertex -25.2021 70 -53.2021
    endloop
  endfacet
  facet normal -0.195072 0 -0.980789
    outer loop
      vertex -24 70 -50.3
      vertex -23.3494 74 -50.4294
      vertex -23.3494 70 -50.4294
    endloop
  endfacet
  facet normal -0.195072 0 -0.980789
    outer loop
      vertex -23.3494 74 -50.4294
      vertex -24 70 -50.3
      vertex -24 74 -50.3
    endloop
  endfacet
  facet normal -0.980789 0 -0.195072
    outer loop
      vertex -22.3 70 -52
      vertex -22.4294 74 -51.3494
      vertex -22.3 74 -52
    endloop
  endfacet
  facet normal -0.980789 -0 -0.195072
    outer loop
      vertex -22.4294 74 -51.3494
      vertex -22.3 70 -52
      vertex -22.4294 70 -51.3494
    endloop
  endfacet
  facet normal 0.195072 0 0.980789
    outer loop
      vertex -24.6506 74 -53.5706
      vertex -24 70 -53.7
      vertex -24 74 -53.7
    endloop
  endfacet
  facet normal 0.195072 0 0.980789
    outer loop
      vertex -24 70 -53.7
      vertex -24.6506 74 -53.5706
      vertex -24.6506 70 -53.5706
    endloop
  endfacet
  facet normal 0.195072 0 -0.980789
    outer loop
      vertex -24.6506 70 -50.4294
      vertex -24 74 -50.3
      vertex -24 70 -50.3
    endloop
  endfacet
  facet normal 0.195072 0 -0.980789
    outer loop
      vertex -24 74 -50.3
      vertex -24.6506 70 -50.4294
      vertex -24.6506 74 -50.4294
    endloop
  endfacet
  facet normal -0.83147 0 -0.55557
    outer loop
      vertex -22.4294 70 -51.3494
      vertex -22.7979 74 -50.7979
      vertex -22.4294 74 -51.3494
    endloop
  endfacet
  facet normal -0.83147 -0 -0.55557
    outer loop
      vertex -22.7979 74 -50.7979
      vertex -22.4294 70 -51.3494
      vertex -22.7979 70 -50.7979
    endloop
  endfacet
  facet normal 0.83147 0 -0.55557
    outer loop
      vertex -25.2021 70 -50.7979
      vertex -25.5706 74 -51.3494
      vertex -25.2021 74 -50.7979
    endloop
  endfacet
  facet normal 0.83147 0 -0.55557
    outer loop
      vertex -25.5706 74 -51.3494
      vertex -25.2021 70 -50.7979
      vertex -25.5706 70 -51.3494
    endloop
  endfacet
  facet normal 0.980789 0 -0.195072
    outer loop
      vertex -25.5706 70 -51.3494
      vertex -25.7 74 -52
      vertex -25.5706 74 -51.3494
    endloop
  endfacet
  facet normal 0.980789 0 -0.195072
    outer loop
      vertex -25.7 74 -52
      vertex -25.5706 70 -51.3494
      vertex -25.7 70 -52
    endloop
  endfacet
  facet normal -0.195072 0 0.980789
    outer loop
      vertex -24 74 -53.7
      vertex -23.3494 70 -53.5706
      vertex -23.3494 74 -53.5706
    endloop
  endfacet
  facet normal -0.195072 0 0.980789
    outer loop
      vertex -23.3494 70 -53.5706
      vertex -24 74 -53.7
      vertex -24 70 -53.7
    endloop
  endfacet
  facet normal 0.980789 -0 0.195072
    outer loop
      vertex -25.7 70 -52
      vertex -25.5706 74 -52.6506
      vertex -25.7 74 -52
    endloop
  endfacet
  facet normal 0.980789 0 0.195072
    outer loop
      vertex -25.5706 74 -52.6506
      vertex -25.7 70 -52
      vertex -25.5706 70 -52.6506
    endloop
  endfacet
  facet normal 0.55557 0 0.83147
    outer loop
      vertex -25.2021 74 -53.2021
      vertex -24.6506 70 -53.5706
      vertex -24.6506 74 -53.5706
    endloop
  endfacet
  facet normal 0.55557 0 0.83147
    outer loop
      vertex -24.6506 70 -53.5706
      vertex -25.2021 74 -53.2021
      vertex -25.2021 70 -53.2021
    endloop
  endfacet
  facet normal 0.55557 0 -0.83147
    outer loop
      vertex -25.2021 70 -50.7979
      vertex -24.6506 74 -50.4294
      vertex -24.6506 70 -50.4294
    endloop
  endfacet
  facet normal 0.55557 0 -0.83147
    outer loop
      vertex -24.6506 74 -50.4294
      vertex -25.2021 70 -50.7979
      vertex -25.2021 74 -50.7979
    endloop
  endfacet
  facet normal -0.831237 0 0.555918
    outer loop
      vertex 25.2021 70 -137.202
      vertex 25.5706 74 -136.651
      vertex 25.2021 74 -137.202
    endloop
  endfacet
  facet normal -0.831237 0 0.555918
    outer loop
      vertex 25.5706 74 -136.651
      vertex 25.2021 70 -137.202
      vertex 25.5706 70 -136.651
    endloop
  endfacet
  facet normal -0.980812 0 0.194957
    outer loop
      vertex 25.5706 70 -136.651
      vertex 25.7 74 -136
      vertex 25.5706 74 -136.651
    endloop
  endfacet
  facet normal -0.980812 0 0.194957
    outer loop
      vertex 25.7 74 -136
      vertex 25.5706 70 -136.651
      vertex 25.7 70 -136
    endloop
  endfacet
  facet normal -0.556091 0 0.831122
    outer loop
      vertex 24.6506 74 -137.571
      vertex 25.2021 70 -137.202
      vertex 25.2021 74 -137.202
    endloop
  endfacet
  facet normal -0.556091 0 0.831122
    outer loop
      vertex 25.2021 70 -137.202
      vertex 24.6506 74 -137.571
      vertex 24.6506 70 -137.571
    endloop
  endfacet
  facet normal -0.556091 0 -0.831122
    outer loop
      vertex 24.6506 70 -134.429
      vertex 25.2021 74 -134.798
      vertex 25.2021 70 -134.798
    endloop
  endfacet
  facet normal -0.556091 0 -0.831122
    outer loop
      vertex 25.2021 74 -134.798
      vertex 24.6506 70 -134.429
      vertex 24.6506 74 -134.429
    endloop
  endfacet
  facet normal 0.831237 -0 0.555918
    outer loop
      vertex 22.4294 70 -136.651
      vertex 22.7979 74 -137.202
      vertex 22.4294 74 -136.651
    endloop
  endfacet
  facet normal 0.831237 0 0.555918
    outer loop
      vertex 22.7979 74 -137.202
      vertex 22.4294 70 -136.651
      vertex 22.7979 70 -137.202
    endloop
  endfacet
  facet normal -0.194492 0 -0.980904
    outer loop
      vertex 24 70 -134.3
      vertex 24.6506 74 -134.429
      vertex 24.6506 70 -134.429
    endloop
  endfacet
  facet normal -0.194492 0 -0.980904
    outer loop
      vertex 24.6506 74 -134.429
      vertex 24 70 -134.3
      vertex 24 74 -134.3
    endloop
  endfacet
  facet normal -0.980812 0 -0.194957
    outer loop
      vertex 25.7 70 -136
      vertex 25.5706 74 -135.349
      vertex 25.7 74 -136
    endloop
  endfacet
  facet normal -0.980812 -0 -0.194957
    outer loop
      vertex 25.5706 74 -135.349
      vertex 25.7 70 -136
      vertex 25.5706 70 -135.349
    endloop
  endfacet
  facet normal 0.194492 0 0.980904
    outer loop
      vertex 23.3494 74 -137.571
      vertex 24 70 -137.7
      vertex 24 74 -137.7
    endloop
  endfacet
  facet normal 0.194492 0 0.980904
    outer loop
      vertex 24 70 -137.7
      vertex 23.3494 74 -137.571
      vertex 23.3494 70 -137.571
    endloop
  endfacet
  facet normal 0.194492 0 -0.980904
    outer loop
      vertex 23.3494 70 -134.429
      vertex 24 74 -134.3
      vertex 24 70 -134.3
    endloop
  endfacet
  facet normal 0.194492 0 -0.980904
    outer loop
      vertex 24 74 -134.3
      vertex 23.3494 70 -134.429
      vertex 23.3494 74 -134.429
    endloop
  endfacet
  facet normal -0.831237 0 -0.555918
    outer loop
      vertex 25.5706 70 -135.349
      vertex 25.2021 74 -134.798
      vertex 25.5706 74 -135.349
    endloop
  endfacet
  facet normal -0.831237 -0 -0.555918
    outer loop
      vertex 25.2021 74 -134.798
      vertex 25.5706 70 -135.349
      vertex 25.2021 70 -134.798
    endloop
  endfacet
  facet normal 0.831237 0 -0.555918
    outer loop
      vertex 22.7979 70 -134.798
      vertex 22.4294 74 -135.349
      vertex 22.7979 74 -134.798
    endloop
  endfacet
  facet normal 0.831237 0 -0.555918
    outer loop
      vertex 22.4294 74 -135.349
      vertex 22.7979 70 -134.798
      vertex 22.4294 70 -135.349
    endloop
  endfacet
  facet normal 0.980812 0 -0.194957
    outer loop
      vertex 22.4294 70 -135.349
      vertex 22.3 74 -136
      vertex 22.4294 74 -135.349
    endloop
  endfacet
  facet normal 0.980812 0 -0.194957
    outer loop
      vertex 22.3 74 -136
      vertex 22.4294 70 -135.349
      vertex 22.3 70 -136
    endloop
  endfacet
  facet normal -0.194492 0 0.980904
    outer loop
      vertex 24 74 -137.7
      vertex 24.6506 70 -137.571
      vertex 24.6506 74 -137.571
    endloop
  endfacet
  facet normal -0.194492 0 0.980904
    outer loop
      vertex 24.6506 70 -137.571
      vertex 24 74 -137.7
      vertex 24 70 -137.7
    endloop
  endfacet
  facet normal 0.980812 -0 0.194957
    outer loop
      vertex 22.3 70 -136
      vertex 22.4294 74 -136.651
      vertex 22.3 74 -136
    endloop
  endfacet
  facet normal 0.980812 0 0.194957
    outer loop
      vertex 22.4294 74 -136.651
      vertex 22.3 70 -136
      vertex 22.4294 70 -136.651
    endloop
  endfacet
  facet normal 0.556091 0 0.831122
    outer loop
      vertex 22.7979 74 -137.202
      vertex 23.3494 70 -137.571
      vertex 23.3494 74 -137.571
    endloop
  endfacet
  facet normal 0.556091 0 0.831122
    outer loop
      vertex 23.3494 70 -137.571
      vertex 22.7979 74 -137.202
      vertex 22.7979 70 -137.202
    endloop
  endfacet
  facet normal 0.556091 0 -0.831122
    outer loop
      vertex 22.7979 70 -134.798
      vertex 23.3494 74 -134.429
      vertex 23.3494 70 -134.429
    endloop
  endfacet
  facet normal 0.556091 0 -0.831122
    outer loop
      vertex 23.3494 74 -134.429
      vertex 22.7979 70 -134.798
      vertex 22.7979 74 -134.798
    endloop
  endfacet
  facet normal -0.83147 0 0.55557
    outer loop
      vertex 25.2021 70 -53.2021
      vertex 25.5706 74 -52.6506
      vertex 25.2021 74 -53.2021
    endloop
  endfacet
  facet normal -0.83147 0 0.55557
    outer loop
      vertex 25.5706 74 -52.6506
      vertex 25.2021 70 -53.2021
      vertex 25.5706 70 -52.6506
    endloop
  endfacet
  facet normal -0.980789 0 0.195072
    outer loop
      vertex 25.5706 70 -52.6506
      vertex 25.7 74 -52
      vertex 25.5706 74 -52.6506
    endloop
  endfacet
  facet normal -0.980789 0 0.195072
    outer loop
      vertex 25.7 74 -52
      vertex 25.5706 70 -52.6506
      vertex 25.7 70 -52
    endloop
  endfacet
  facet normal -0.55557 0 0.83147
    outer loop
      vertex 24.6506 74 -53.5706
      vertex 25.2021 70 -53.2021
      vertex 25.2021 74 -53.2021
    endloop
  endfacet
  facet normal -0.55557 0 0.83147
    outer loop
      vertex 25.2021 70 -53.2021
      vertex 24.6506 74 -53.5706
      vertex 24.6506 70 -53.5706
    endloop
  endfacet
  facet normal -0.55557 0 -0.83147
    outer loop
      vertex 24.6506 70 -50.4294
      vertex 25.2021 74 -50.7979
      vertex 25.2021 70 -50.7979
    endloop
  endfacet
  facet normal -0.55557 0 -0.83147
    outer loop
      vertex 25.2021 74 -50.7979
      vertex 24.6506 70 -50.4294
      vertex 24.6506 74 -50.4294
    endloop
  endfacet
  facet normal 0.83147 -0 0.55557
    outer loop
      vertex 22.4294 70 -52.6506
      vertex 22.7979 74 -53.2021
      vertex 22.4294 74 -52.6506
    endloop
  endfacet
  facet normal 0.83147 0 0.55557
    outer loop
      vertex 22.7979 74 -53.2021
      vertex 22.4294 70 -52.6506
      vertex 22.7979 70 -53.2021
    endloop
  endfacet
  facet normal -0.195072 0 -0.980789
    outer loop
      vertex 24 70 -50.3
      vertex 24.6506 74 -50.4294
      vertex 24.6506 70 -50.4294
    endloop
  endfacet
  facet normal -0.195072 0 -0.980789
    outer loop
      vertex 24.6506 74 -50.4294
      vertex 24 70 -50.3
      vertex 24 74 -50.3
    endloop
  endfacet
  facet normal -0.980789 0 -0.195072
    outer loop
      vertex 25.7 70 -52
      vertex 25.5706 74 -51.3494
      vertex 25.7 74 -52
    endloop
  endfacet
  facet normal -0.980789 -0 -0.195072
    outer loop
      vertex 25.5706 74 -51.3494
      vertex 25.7 70 -52
      vertex 25.5706 70 -51.3494
    endloop
  endfacet
  facet normal 0.195072 0 0.980789
    outer loop
      vertex 23.3494 74 -53.5706
      vertex 24 70 -53.7
      vertex 24 74 -53.7
    endloop
  endfacet
  facet normal 0.195072 0 0.980789
    outer loop
      vertex 24 70 -53.7
      vertex 23.3494 74 -53.5706
      vertex 23.3494 70 -53.5706
    endloop
  endfacet
  facet normal 0.195072 0 -0.980789
    outer loop
      vertex 23.3494 70 -50.4294
      vertex 24 74 -50.3
      vertex 24 70 -50.3
    endloop
  endfacet
  facet normal 0.195072 0 -0.980789
    outer loop
      vertex 24 74 -50.3
      vertex 23.3494 70 -50.4294
      vertex 23.3494 74 -50.4294
    endloop
  endfacet
  facet normal -0.83147 0 -0.55557
    outer loop
      vertex 25.5706 70 -51.3494
      vertex 25.2021 74 -50.7979
      vertex 25.5706 74 -51.3494
    endloop
  endfacet
  facet normal -0.83147 -0 -0.55557
    outer loop
      vertex 25.2021 74 -50.7979
      vertex 25.5706 70 -51.3494
      vertex 25.2021 70 -50.7979
    endloop
  endfacet
  facet normal 0.83147 0 -0.55557
    outer loop
      vertex 22.7979 70 -50.7979
      vertex 22.4294 74 -51.3494
      vertex 22.7979 74 -50.7979
    endloop
  endfacet
  facet normal 0.83147 0 -0.55557
    outer loop
      vertex 22.4294 74 -51.3494
      vertex 22.7979 70 -50.7979
      vertex 22.4294 70 -51.3494
    endloop
  endfacet
  facet normal 0.980789 0 -0.195072
    outer loop
      vertex 22.4294 70 -51.3494
      vertex 22.3 74 -52
      vertex 22.4294 74 -51.3494
    endloop
  endfacet
  facet normal 0.980789 0 -0.195072
    outer loop
      vertex 22.3 74 -52
      vertex 22.4294 70 -51.3494
      vertex 22.3 70 -52
    endloop
  endfacet
  facet normal -0.195072 0 0.980789
    outer loop
      vertex 24 74 -53.7
      vertex 24.6506 70 -53.5706
      vertex 24.6506 74 -53.5706
    endloop
  endfacet
  facet normal -0.195072 0 0.980789
    outer loop
      vertex 24.6506 70 -53.5706
      vertex 24 74 -53.7
      vertex 24 70 -53.7
    endloop
  endfacet
  facet normal 0.980789 -0 0.195072
    outer loop
      vertex 22.3 70 -52
      vertex 22.4294 74 -52.6506
      vertex 22.3 74 -52
    endloop
  endfacet
  facet normal 0.980789 0 0.195072
    outer loop
      vertex 22.4294 74 -52.6506
      vertex 22.3 70 -52
      vertex 22.4294 70 -52.6506
    endloop
  endfacet
  facet normal 0.55557 0 0.83147
    outer loop
      vertex 22.7979 74 -53.2021
      vertex 23.3494 70 -53.5706
      vertex 23.3494 74 -53.5706
    endloop
  endfacet
  facet normal 0.55557 0 0.83147
    outer loop
      vertex 23.3494 70 -53.5706
      vertex 22.7979 74 -53.2021
      vertex 22.7979 70 -53.2021
    endloop
  endfacet
  facet normal 0.55557 0 -0.83147
    outer loop
      vertex 22.7979 70 -50.7979
      vertex 23.3494 74 -50.4294
      vertex 23.3494 70 -50.4294
    endloop
  endfacet
  facet normal 0.55557 0 -0.83147
    outer loop
      vertex 23.3494 74 -50.4294
      vertex 22.7979 70 -50.7979
      vertex 22.7979 74 -50.7979
    endloop
  endfacet
  facet normal -0.194213 0.980959 0
    outer loop
      vertex 1.2941 107.17 -60
      vertex 0.652631 107.043 -59.1
      vertex 1.2941 107.17 -59.1
    endloop
  endfacet
  facet normal -0.194213 0.980959 0
    outer loop
      vertex 0.652631 107.043 -59.1
      vertex 1.2941 107.17 -60
      vertex 0.652631 107.043 -60
    endloop
  endfacet
  facet normal -0.98076 -0.195219 0
    outer loop
      vertex 4.95722 112.653 -60
      vertex 4.82963 113.294 -59.1
      vertex 4.82963 113.294 -60
    endloop
  endfacet
  facet normal -0.98076 -0.195219 0
    outer loop
      vertex 4.82963 113.294 -59.1
      vertex 4.95722 112.653 -60
      vertex 4.95722 112.653 -59.1
    endloop
  endfacet
  facet normal -0.997861 -0.0653729 0
    outer loop
      vertex 5 112 -60
      vertex 4.95722 112.653 -59.1
      vertex 4.95722 112.653 -60
    endloop
  endfacet
  facet normal -0.997861 -0.0653729 0
    outer loop
      vertex 4.95722 112.653 -59.1
      vertex 5 112 -60
      vertex 5 112 -59.1
    endloop
  endfacet
  facet normal 0.555187 -0.831725 0
    outer loop
      vertex -3.04381 115.967 -60
      vertex -2.5 116.33 -59.1
      vertex -3.04381 115.967 -59.1
    endloop
  endfacet
  facet normal 0.555187 -0.831725 0
    outer loop
      vertex -2.5 116.33 -59.1
      vertex -3.04381 115.967 -60
      vertex -2.5 116.33 -60
    endloop
  endfacet
  facet normal 0.0657446 0.997836 -0
    outer loop
      vertex 0 107 -60
      vertex -0.652631 107.043 -59.1
      vertex 0 107 -59.1
    endloop
  endfacet
  facet normal 0.0657446 0.997836 0
    outer loop
      vertex -0.652631 107.043 -59.1
      vertex 0 107 -60
      vertex -0.652631 107.043 -60
    endloop
  endfacet
  facet normal 0.194213 0.980959 -0
    outer loop
      vertex -0.652631 107.043 -60
      vertex -1.2941 107.17 -59.1
      vertex -0.652631 107.043 -59.1
    endloop
  endfacet
  facet normal 0.194213 0.980959 0
    outer loop
      vertex -1.2941 107.17 -59.1
      vertex -0.652631 107.043 -60
      vertex -1.2941 107.17 -60
    endloop
  endfacet
  facet normal 0.322493 0.946572 -0
    outer loop
      vertex -1.2941 107.17 -60
      vertex -1.91342 107.381 -59.1
      vertex -1.2941 107.17 -59.1
    endloop
  endfacet
  facet normal 0.322493 0.946572 0
    outer loop
      vertex -1.91342 107.381 -59.1
      vertex -1.2941 107.17 -60
      vertex -1.91342 107.381 -60
    endloop
  endfacet
  facet normal -0.94688 0.321587 0
    outer loop
      vertex 4.6194 110.087 -60
      vertex 4.82963 110.706 -59.1
      vertex 4.82963 110.706 -60
    endloop
  endfacet
  facet normal -0.94688 0.321587 0
    outer loop
      vertex 4.82963 110.706 -59.1
      vertex 4.6194 110.087 -60
      vertex 4.6194 110.087 -59.1
    endloop
  endfacet
  facet normal 0.831561 -0.555434 0
    outer loop
      vertex -4.33013 114.5 -59.1
      vertex -3.96677 115.044 -60
      vertex -3.96677 115.044 -59.1
    endloop
  endfacet
  facet normal 0.831561 -0.555434 0
    outer loop
      vertex -3.96677 115.044 -60
      vertex -4.33013 114.5 -59.1
      vertex -4.33013 114.5 -60
    endloop
  endfacet
  facet normal -0.98076 0.195219 0
    outer loop
      vertex 4.82963 110.706 -60
      vertex 4.95722 111.347 -59.1
      vertex 4.95722 111.347 -60
    endloop
  endfacet
  facet normal -0.98076 0.195219 0
    outer loop
      vertex 4.95722 111.347 -59.1
      vertex 4.82963 110.706 -60
      vertex 4.82963 110.706 -59.1
    endloop
  endfacet
  facet normal 0.65915 -0.752012 0
    outer loop
      vertex -3.53553 115.536 -60
      vertex -3.04381 115.967 -59.1
      vertex -3.53553 115.536 -59.1
    endloop
  endfacet
  facet normal 0.65915 -0.752012 0
    outer loop
      vertex -3.04381 115.967 -59.1
      vertex -3.53553 115.536 -60
      vertex -3.04381 115.967 -60
    endloop
  endfacet
  facet normal -0.65915 0.752012 0
    outer loop
      vertex 3.53553 108.464 -60
      vertex 3.04381 108.033 -59.1
      vertex 3.53553 108.464 -59.1
    endloop
  endfacet
  facet normal -0.65915 0.752012 0
    outer loop
      vertex 3.04381 108.033 -59.1
      vertex 3.53553 108.464 -60
      vertex 3.04381 108.033 -60
    endloop
  endfacet
  facet normal 0.98076 0.195219 0
    outer loop
      vertex -4.82963 110.706 -59.1
      vertex -4.95722 111.347 -60
      vertex -4.95722 111.347 -59.1
    endloop
  endfacet
  facet normal 0.98076 0.195219 0
    outer loop
      vertex -4.95722 111.347 -60
      vertex -4.82963 110.706 -59.1
      vertex -4.82963 110.706 -60
    endloop
  endfacet
  facet normal 0.98076 -0.195219 0
    outer loop
      vertex -4.95722 112.653 -59.1
      vertex -4.82963 113.294 -60
      vertex -4.82963 113.294 -59.1
    endloop
  endfacet
  facet normal 0.98076 -0.195219 0
    outer loop
      vertex -4.82963 113.294 -60
      vertex -4.95722 112.653 -59.1
      vertex -4.95722 112.653 -60
    endloop
  endfacet
  facet normal -0.0657446 0.997836 0
    outer loop
      vertex 0.652631 107.043 -60
      vertex 0 107 -59.1
      vertex 0.652631 107.043 -59.1
    endloop
  endfacet
  facet normal -0.0657446 0.997836 0
    outer loop
      vertex 0 107 -59.1
      vertex 0.652631 107.043 -60
      vertex 0 107 -60
    endloop
  endfacet
  facet normal 0.997861 0.0653729 0
    outer loop
      vertex -4.95722 111.347 -59.1
      vertex -5 112 -60
      vertex -5 112 -59.1
    endloop
  endfacet
  facet normal 0.997861 0.0653729 0
    outer loop
      vertex -5 112 -60
      vertex -4.95722 111.347 -59.1
      vertex -4.95722 111.347 -60
    endloop
  endfacet
  facet normal -0.831561 -0.555434 0
    outer loop
      vertex 4.33013 114.5 -60
      vertex 3.96677 115.044 -59.1
      vertex 3.96677 115.044 -60
    endloop
  endfacet
  facet normal -0.831561 -0.555434 0
    outer loop
      vertex 3.96677 115.044 -59.1
      vertex 4.33013 114.5 -60
      vertex 4.33013 114.5 -59.1
    endloop
  endfacet
  facet normal 0.441957 -0.897036 0
    outer loop
      vertex -2.5 116.33 -60
      vertex -1.91342 116.619 -59.1
      vertex -2.5 116.33 -59.1
    endloop
  endfacet
  facet normal 0.441957 -0.897036 0
    outer loop
      vertex -1.91342 116.619 -59.1
      vertex -2.5 116.33 -60
      vertex -1.91342 116.619 -60
    endloop
  endfacet
  facet normal -0.322493 0.946572 0
    outer loop
      vertex 1.91342 107.381 -60
      vertex 1.2941 107.17 -59.1
      vertex 1.91342 107.381 -59.1
    endloop
  endfacet
  facet normal -0.322493 0.946572 0
    outer loop
      vertex 1.2941 107.17 -59.1
      vertex 1.91342 107.381 -60
      vertex 1.2941 107.17 -60
    endloop
  endfacet
  facet normal -0.65915 -0.752012 0
    outer loop
      vertex 3.04381 115.967 -60
      vertex 3.53553 115.536 -59.1
      vertex 3.04381 115.967 -59.1
    endloop
  endfacet
  facet normal -0.65915 -0.752012 -0
    outer loop
      vertex 3.53553 115.536 -59.1
      vertex 3.04381 115.967 -60
      vertex 3.53553 115.536 -60
    endloop
  endfacet
  facet normal -0.441957 -0.897036 0
    outer loop
      vertex 1.91342 116.619 -60
      vertex 2.5 116.33 -59.1
      vertex 1.91342 116.619 -59.1
    endloop
  endfacet
  facet normal -0.441957 -0.897036 -0
    outer loop
      vertex 2.5 116.33 -59.1
      vertex 1.91342 116.619 -60
      vertex 2.5 116.33 -60
    endloop
  endfacet
  facet normal 0.831561 0.555434 0
    outer loop
      vertex -3.96677 108.956 -59.1
      vertex -4.33013 109.5 -60
      vertex -4.33013 109.5 -59.1
    endloop
  endfacet
  facet normal 0.831561 0.555434 0
    outer loop
      vertex -4.33013 109.5 -60
      vertex -3.96677 108.956 -59.1
      vertex -3.96677 108.956 -60
    endloop
  endfacet
  facet normal -0.896998 0.442035 0
    outer loop
      vertex 4.33013 109.5 -60
      vertex 4.6194 110.087 -59.1
      vertex 4.6194 110.087 -60
    endloop
  endfacet
  facet normal -0.896998 0.442035 0
    outer loop
      vertex 4.6194 110.087 -59.1
      vertex 4.33013 109.5 -60
      vertex 4.33013 109.5 -59.1
    endloop
  endfacet
  facet normal 0.94688 0.321587 0
    outer loop
      vertex -4.6194 110.087 -59.1
      vertex -4.82963 110.706 -60
      vertex -4.82963 110.706 -59.1
    endloop
  endfacet
  facet normal 0.94688 0.321587 0
    outer loop
      vertex -4.82963 110.706 -60
      vertex -4.6194 110.087 -59.1
      vertex -4.6194 110.087 -60
    endloop
  endfacet
  facet normal -0.997861 0.0653729 0
    outer loop
      vertex 4.95722 111.347 -60
      vertex 5 112 -59.1
      vertex 5 112 -60
    endloop
  endfacet
  facet normal -0.997861 0.0653729 0
    outer loop
      vertex 5 112 -59.1
      vertex 4.95722 111.347 -60
      vertex 4.95722 111.347 -59.1
    endloop
  endfacet
  facet normal 0.752016 -0.659145 0
    outer loop
      vertex -3.96677 115.044 -59.1
      vertex -3.53553 115.536 -60
      vertex -3.53553 115.536 -59.1
    endloop
  endfacet
  facet normal 0.752016 -0.659145 0
    outer loop
      vertex -3.53553 115.536 -60
      vertex -3.96677 115.044 -59.1
      vertex -3.96677 115.044 -60
    endloop
  endfacet
  facet normal -0.555187 -0.831725 0
    outer loop
      vertex 2.5 116.33 -60
      vertex 3.04381 115.967 -59.1
      vertex 2.5 116.33 -59.1
    endloop
  endfacet
  facet normal -0.555187 -0.831725 -0
    outer loop
      vertex 3.04381 115.967 -59.1
      vertex 2.5 116.33 -60
      vertex 3.04381 115.967 -60
    endloop
  endfacet
  facet normal 0.752016 0.659145 0
    outer loop
      vertex -3.53553 108.464 -59.1
      vertex -3.96677 108.956 -60
      vertex -3.96677 108.956 -59.1
    endloop
  endfacet
  facet normal 0.752016 0.659145 0
    outer loop
      vertex -3.96677 108.956 -60
      vertex -3.53553 108.464 -59.1
      vertex -3.53553 108.464 -60
    endloop
  endfacet
  facet normal -0.441957 0.897036 0
    outer loop
      vertex 2.5 107.67 -60
      vertex 1.91342 107.381 -59.1
      vertex 2.5 107.67 -59.1
    endloop
  endfacet
  facet normal -0.441957 0.897036 0
    outer loop
      vertex 1.91342 107.381 -59.1
      vertex 2.5 107.67 -60
      vertex 1.91342 107.381 -60
    endloop
  endfacet
  facet normal -0.0657446 -0.997836 0
    outer loop
      vertex 0 117 -60
      vertex 0.652631 116.957 -59.1
      vertex 0 117 -59.1
    endloop
  endfacet
  facet normal -0.0657446 -0.997836 -0
    outer loop
      vertex 0.652631 116.957 -59.1
      vertex 0 117 -60
      vertex 0.652631 116.957 -60
    endloop
  endfacet
  facet normal 0.896998 0.442035 0
    outer loop
      vertex -4.33013 109.5 -59.1
      vertex -4.6194 110.087 -60
      vertex -4.6194 110.087 -59.1
    endloop
  endfacet
  facet normal 0.896998 0.442035 0
    outer loop
      vertex -4.6194 110.087 -60
      vertex -4.33013 109.5 -59.1
      vertex -4.33013 109.5 -60
    endloop
  endfacet
  facet normal -0.555187 0.831725 0
    outer loop
      vertex 3.04381 108.033 -60
      vertex 2.5 107.67 -59.1
      vertex 3.04381 108.033 -59.1
    endloop
  endfacet
  facet normal -0.555187 0.831725 0
    outer loop
      vertex 2.5 107.67 -59.1
      vertex 3.04381 108.033 -60
      vertex 2.5 107.67 -60
    endloop
  endfacet
  facet normal 0.194213 -0.980959 0
    outer loop
      vertex -1.2941 116.83 -60
      vertex -0.652631 116.957 -59.1
      vertex -1.2941 116.83 -59.1
    endloop
  endfacet
  facet normal 0.194213 -0.980959 0
    outer loop
      vertex -0.652631 116.957 -59.1
      vertex -1.2941 116.83 -60
      vertex -0.652631 116.957 -60
    endloop
  endfacet
  facet normal 0.0657446 -0.997836 0
    outer loop
      vertex -0.652631 116.957 -60
      vertex 0 117 -59.1
      vertex -0.652631 116.957 -59.1
    endloop
  endfacet
  facet normal 0.0657446 -0.997836 0
    outer loop
      vertex 0 117 -59.1
      vertex -0.652631 116.957 -60
      vertex 0 117 -60
    endloop
  endfacet
  facet normal -0.194213 -0.980959 0
    outer loop
      vertex 0.652631 116.957 -60
      vertex 1.2941 116.83 -59.1
      vertex 0.652631 116.957 -59.1
    endloop
  endfacet
  facet normal -0.194213 -0.980959 -0
    outer loop
      vertex 1.2941 116.83 -59.1
      vertex 0.652631 116.957 -60
      vertex 1.2941 116.83 -60
    endloop
  endfacet
  facet normal 0.65915 0.752012 -0
    outer loop
      vertex -3.04381 108.033 -60
      vertex -3.53553 108.464 -59.1
      vertex -3.04381 108.033 -59.1
    endloop
  endfacet
  facet normal 0.65915 0.752012 0
    outer loop
      vertex -3.53553 108.464 -59.1
      vertex -3.04381 108.033 -60
      vertex -3.53553 108.464 -60
    endloop
  endfacet
  facet normal -0.752016 0.659145 0
    outer loop
      vertex 3.53553 108.464 -60
      vertex 3.96677 108.956 -59.1
      vertex 3.96677 108.956 -60
    endloop
  endfacet
  facet normal -0.752016 0.659145 0
    outer loop
      vertex 3.96677 108.956 -59.1
      vertex 3.53553 108.464 -60
      vertex 3.53553 108.464 -59.1
    endloop
  endfacet
  facet normal 0.997861 -0.0653729 0
    outer loop
      vertex -5 112 -59.1
      vertex -4.95722 112.653 -60
      vertex -4.95722 112.653 -59.1
    endloop
  endfacet
  facet normal 0.997861 -0.0653729 0
    outer loop
      vertex -4.95722 112.653 -60
      vertex -5 112 -59.1
      vertex -5 112 -60
    endloop
  endfacet
  facet normal -0.322493 -0.946572 0
    outer loop
      vertex 1.2941 116.83 -60
      vertex 1.91342 116.619 -59.1
      vertex 1.2941 116.83 -59.1
    endloop
  endfacet
  facet normal -0.322493 -0.946572 -0
    outer loop
      vertex 1.91342 116.619 -59.1
      vertex 1.2941 116.83 -60
      vertex 1.91342 116.619 -60
    endloop
  endfacet
  facet normal -0.831561 0.555434 0
    outer loop
      vertex 3.96677 108.956 -60
      vertex 4.33013 109.5 -59.1
      vertex 4.33013 109.5 -60
    endloop
  endfacet
  facet normal -0.831561 0.555434 0
    outer loop
      vertex 4.33013 109.5 -59.1
      vertex 3.96677 108.956 -60
      vertex 3.96677 108.956 -59.1
    endloop
  endfacet
  facet normal 0.896998 -0.442035 0
    outer loop
      vertex -4.6194 113.913 -59.1
      vertex -4.33013 114.5 -60
      vertex -4.33013 114.5 -59.1
    endloop
  endfacet
  facet normal 0.896998 -0.442035 0
    outer loop
      vertex -4.33013 114.5 -60
      vertex -4.6194 113.913 -59.1
      vertex -4.6194 113.913 -60
    endloop
  endfacet
  facet normal -0.896998 -0.442035 0
    outer loop
      vertex 4.6194 113.913 -60
      vertex 4.33013 114.5 -59.1
      vertex 4.33013 114.5 -60
    endloop
  endfacet
  facet normal -0.896998 -0.442035 0
    outer loop
      vertex 4.33013 114.5 -59.1
      vertex 4.6194 113.913 -60
      vertex 4.6194 113.913 -59.1
    endloop
  endfacet
  facet normal -0.752016 -0.659145 0
    outer loop
      vertex 3.96677 115.044 -60
      vertex 3.53553 115.536 -59.1
      vertex 3.53553 115.536 -60
    endloop
  endfacet
  facet normal -0.752016 -0.659145 0
    outer loop
      vertex 3.53553 115.536 -59.1
      vertex 3.96677 115.044 -60
      vertex 3.96677 115.044 -59.1
    endloop
  endfacet
  facet normal -0.94688 -0.321587 0
    outer loop
      vertex 4.82963 113.294 -60
      vertex 4.6194 113.913 -59.1
      vertex 4.6194 113.913 -60
    endloop
  endfacet
  facet normal -0.94688 -0.321587 0
    outer loop
      vertex 4.6194 113.913 -59.1
      vertex 4.82963 113.294 -60
      vertex 4.82963 113.294 -59.1
    endloop
  endfacet
  facet normal 0.322493 -0.946572 0
    outer loop
      vertex -1.91342 116.619 -60
      vertex -1.2941 116.83 -59.1
      vertex -1.91342 116.619 -59.1
    endloop
  endfacet
  facet normal 0.322493 -0.946572 0
    outer loop
      vertex -1.2941 116.83 -59.1
      vertex -1.91342 116.619 -60
      vertex -1.2941 116.83 -60
    endloop
  endfacet
  facet normal 0.441957 0.897036 -0
    outer loop
      vertex -1.91342 107.381 -60
      vertex -2.5 107.67 -59.1
      vertex -1.91342 107.381 -59.1
    endloop
  endfacet
  facet normal 0.441957 0.897036 0
    outer loop
      vertex -2.5 107.67 -59.1
      vertex -1.91342 107.381 -60
      vertex -2.5 107.67 -60
    endloop
  endfacet
  facet normal 0.555187 0.831725 -0
    outer loop
      vertex -2.5 107.67 -60
      vertex -3.04381 108.033 -59.1
      vertex -2.5 107.67 -59.1
    endloop
  endfacet
  facet normal 0.555187 0.831725 0
    outer loop
      vertex -3.04381 108.033 -59.1
      vertex -2.5 107.67 -60
      vertex -3.04381 108.033 -60
    endloop
  endfacet
  facet normal 0.94688 -0.321587 0
    outer loop
      vertex -4.82963 113.294 -59.1
      vertex -4.6194 113.913 -60
      vertex -4.6194 113.913 -59.1
    endloop
  endfacet
  facet normal 0.94688 -0.321587 0
    outer loop
      vertex -4.6194 113.913 -60
      vertex -4.82963 113.294 -59.1
      vertex -4.82963 113.294 -60
    endloop
  endfacet
  facet normal 0.946935 0 -0.321425
    outer loop
      vertex -5.54328 70 -87.7039
      vertex -5.79555 74 -88.4471
      vertex -5.54328 74 -87.7039
    endloop
  endfacet
  facet normal 0.946935 0 -0.321425
    outer loop
      vertex -5.79555 74 -88.4471
      vertex -5.54328 70 -87.7039
      vertex -5.79555 70 -88.4471
    endloop
  endfacet
  facet normal -0.980781 0 0.195111
    outer loop
      vertex 5.79555 70 -91.5529
      vertex 5.94867 74 -90.7832
      vertex 5.79555 74 -91.5529
    endloop
  endfacet
  facet normal -0.980781 0 0.195111
    outer loop
      vertex 5.94867 74 -90.7832
      vertex 5.79555 70 -91.5529
      vertex 5.94867 70 -90.7832
    endloop
  endfacet
  facet normal -0.997859 0 0.0653985
    outer loop
      vertex 5.94867 70 -90.7832
      vertex 6 74 -90
      vertex 5.94867 74 -90.7832
    endloop
  endfacet
  facet normal -0.997859 0 0.0653985
    outer loop
      vertex 6 74 -90
      vertex 5.94867 70 -90.7832
      vertex 6 70 -90
    endloop
  endfacet
  facet normal -0.946935 0 0.321425
    outer loop
      vertex 5.54328 70 -92.2961
      vertex 5.79555 74 -91.5529
      vertex 5.54328 74 -92.2961
    endloop
  endfacet
  facet normal -0.946935 0 0.321425
    outer loop
      vertex 5.79555 74 -91.5529
      vertex 5.54328 70 -92.2961
      vertex 5.79555 70 -91.5529
    endloop
  endfacet
  facet normal 0.555629 0 -0.83143
    outer loop
      vertex -3.65257 70 -85.2399
      vertex -3 74 -84.8038
      vertex -3 70 -84.8038
    endloop
  endfacet
  facet normal 0.555629 0 -0.83143
    outer loop
      vertex -3 74 -84.8038
      vertex -3.65257 70 -85.2399
      vertex -3.65257 74 -85.2399
    endloop
  endfacet
  facet normal -0.89687 0 0.442294
    outer loop
      vertex 5.19615 70 -93
      vertex 5.54328 74 -92.2961
      vertex 5.19615 74 -93
    endloop
  endfacet
  facet normal -0.89687 0 0.442294
    outer loop
      vertex 5.54328 74 -92.2961
      vertex 5.19615 70 -93
      vertex 5.54328 70 -92.2961
    endloop
  endfacet
  facet normal 0.442263 0 -0.896885
    outer loop
      vertex -3 70 -84.8038
      vertex -2.2961 74 -84.4567
      vertex -2.2961 70 -84.4567
    endloop
  endfacet
  facet normal 0.442263 0 -0.896885
    outer loop
      vertex -2.2961 74 -84.4567
      vertex -3 70 -84.8038
      vertex -3 74 -84.8038
    endloop
  endfacet
  facet normal -0.442263 0 0.896885
    outer loop
      vertex 2.2961 74 -95.5433
      vertex 3 70 -95.1962
      vertex 3 74 -95.1962
    endloop
  endfacet
  facet normal -0.442263 0 0.896885
    outer loop
      vertex 3 70 -95.1962
      vertex 2.2961 74 -95.5433
      vertex 2.2961 70 -95.5433
    endloop
  endfacet
  facet normal 0.555629 0 0.83143
    outer loop
      vertex -3.65257 74 -94.7601
      vertex -3 70 -95.1962
      vertex -3 74 -95.1962
    endloop
  endfacet
  facet normal 0.555629 0 0.83143
    outer loop
      vertex -3 70 -95.1962
      vertex -3.65257 74 -94.7601
      vertex -3.65257 70 -94.7601
    endloop
  endfacet
  facet normal 0.751799 -0 0.659392
    outer loop
      vertex -4.76012 70 -93.6526
      vertex -4.24264 74 -94.2426
      vertex -4.76012 74 -93.6526
    endloop
  endfacet
  facet normal 0.751799 0 0.659392
    outer loop
      vertex -4.24264 74 -94.2426
      vertex -4.76012 70 -93.6526
      vertex -4.24264 70 -94.2426
    endloop
  endfacet
  facet normal -0.0653641 0 -0.997861
    outer loop
      vertex 0 70 -84
      vertex 0.783156 74 -84.0513
      vertex 0.783156 70 -84.0513
    endloop
  endfacet
  facet normal -0.0653641 0 -0.997861
    outer loop
      vertex 0.783156 74 -84.0513
      vertex 0 70 -84
      vertex 0 74 -84
    endloop
  endfacet
  facet normal -0.321463 0 -0.946922
    outer loop
      vertex 1.55291 70 -84.2044
      vertex 2.2961 74 -84.4567
      vertex 2.2961 70 -84.4567
    endloop
  endfacet
  facet normal -0.321463 0 -0.946922
    outer loop
      vertex 2.2961 74 -84.4567
      vertex 1.55291 70 -84.2044
      vertex 1.55291 74 -84.2044
    endloop
  endfacet
  facet normal -0.980781 0 -0.195111
    outer loop
      vertex 5.94867 70 -89.2168
      vertex 5.79555 74 -88.4471
      vertex 5.94867 74 -89.2168
    endloop
  endfacet
  facet normal -0.980781 -0 -0.195111
    outer loop
      vertex 5.79555 74 -88.4471
      vertex 5.94867 70 -89.2168
      vertex 5.79555 70 -88.4471
    endloop
  endfacet
  facet normal 0.0653641 0 0.997861
    outer loop
      vertex -0.783156 74 -95.9487
      vertex 0 70 -96
      vertex 0 74 -96
    endloop
  endfacet
  facet normal 0.0653641 0 0.997861
    outer loop
      vertex 0 70 -96
      vertex -0.783156 74 -95.9487
      vertex -0.783156 70 -95.9487
    endloop
  endfacet
  facet normal 0.659362 0 0.751826
    outer loop
      vertex -4.24264 74 -94.2426
      vertex -3.65257 70 -94.7601
      vertex -3.65257 74 -94.7601
    endloop
  endfacet
  facet normal 0.659362 0 0.751826
    outer loop
      vertex -3.65257 70 -94.7601
      vertex -4.24264 74 -94.2426
      vertex -4.24264 70 -94.2426
    endloop
  endfacet
  facet normal 0.659362 0 -0.751826
    outer loop
      vertex -4.24264 70 -85.7574
      vertex -3.65257 74 -85.2399
      vertex -3.65257 70 -85.2399
    endloop
  endfacet
  facet normal 0.659362 0 -0.751826
    outer loop
      vertex -3.65257 74 -85.2399
      vertex -4.24264 70 -85.7574
      vertex -4.24264 74 -85.7574
    endloop
  endfacet
  facet normal -0.555629 0 0.83143
    outer loop
      vertex 3 74 -95.1962
      vertex 3.65257 70 -94.7601
      vertex 3.65257 74 -94.7601
    endloop
  endfacet
  facet normal -0.555629 0 0.83143
    outer loop
      vertex 3.65257 70 -94.7601
      vertex 3 74 -95.1962
      vertex 3 70 -95.1962
    endloop
  endfacet
  facet normal -0.946935 0 -0.321425
    outer loop
      vertex 5.79555 70 -88.4471
      vertex 5.54328 74 -87.7039
      vertex 5.79555 74 -88.4471
    endloop
  endfacet
  facet normal -0.946935 -0 -0.321425
    outer loop
      vertex 5.54328 74 -87.7039
      vertex 5.79555 70 -88.4471
      vertex 5.54328 70 -87.7039
    endloop
  endfacet
  facet normal -0.442263 0 -0.896885
    outer loop
      vertex 2.2961 70 -84.4567
      vertex 3 74 -84.8038
      vertex 3 70 -84.8038
    endloop
  endfacet
  facet normal -0.442263 0 -0.896885
    outer loop
      vertex 3 74 -84.8038
      vertex 2.2961 70 -84.4567
      vertex 2.2961 74 -84.4567
    endloop
  endfacet
  facet normal 0.89687 -0 0.442294
    outer loop
      vertex -5.54328 70 -92.2961
      vertex -5.19615 74 -93
      vertex -5.54328 74 -92.2961
    endloop
  endfacet
  facet normal 0.89687 0 0.442294
    outer loop
      vertex -5.19615 74 -93
      vertex -5.54328 70 -92.2961
      vertex -5.19615 70 -93
    endloop
  endfacet
  facet normal -0.195074 0 -0.980789
    outer loop
      vertex 0.783156 70 -84.0513
      vertex 1.55291 74 -84.2044
      vertex 1.55291 70 -84.2044
    endloop
  endfacet
  facet normal -0.195074 0 -0.980789
    outer loop
      vertex 1.55291 74 -84.2044
      vertex 0.783156 70 -84.0513
      vertex 0.783156 74 -84.0513
    endloop
  endfacet
  facet normal -0.751799 0 -0.659392
    outer loop
      vertex 4.76012 70 -86.3474
      vertex 4.24264 74 -85.7574
      vertex 4.76012 74 -86.3474
    endloop
  endfacet
  facet normal -0.751799 -0 -0.659392
    outer loop
      vertex 4.24264 74 -85.7574
      vertex 4.76012 70 -86.3474
      vertex 4.24264 70 -85.7574
    endloop
  endfacet
  facet normal 0.751799 0 -0.659392
    outer loop
      vertex -4.24264 70 -85.7574
      vertex -4.76012 74 -86.3474
      vertex -4.24264 74 -85.7574
    endloop
  endfacet
  facet normal 0.751799 0 -0.659392
    outer loop
      vertex -4.76012 74 -86.3474
      vertex -4.24264 70 -85.7574
      vertex -4.76012 70 -86.3474
    endloop
  endfacet
  facet normal -0.831483 0 0.55555
    outer loop
      vertex 4.76012 70 -93.6526
      vertex 5.19615 74 -93
      vertex 4.76012 74 -93.6526
    endloop
  endfacet
  facet normal -0.831483 0 0.55555
    outer loop
      vertex 5.19615 74 -93
      vertex 4.76012 70 -93.6526
      vertex 5.19615 70 -93
    endloop
  endfacet
  facet normal -0.321463 0 0.946922
    outer loop
      vertex 1.55291 74 -95.7956
      vertex 2.2961 70 -95.5433
      vertex 2.2961 74 -95.5433
    endloop
  endfacet
  facet normal -0.321463 0 0.946922
    outer loop
      vertex 2.2961 70 -95.5433
      vertex 1.55291 74 -95.7956
      vertex 1.55291 70 -95.7956
    endloop
  endfacet
  facet normal 0.980781 -0 0.195111
    outer loop
      vertex -5.94867 70 -90.7832
      vertex -5.79555 74 -91.5529
      vertex -5.94867 74 -90.7832
    endloop
  endfacet
  facet normal 0.980781 0 0.195111
    outer loop
      vertex -5.79555 74 -91.5529
      vertex -5.94867 70 -90.7832
      vertex -5.79555 70 -91.5529
    endloop
  endfacet
  facet normal -0.751799 0 0.659392
    outer loop
      vertex 4.24264 70 -94.2426
      vertex 4.76012 74 -93.6526
      vertex 4.24264 74 -94.2426
    endloop
  endfacet
  facet normal -0.751799 0 0.659392
    outer loop
      vertex 4.76012 74 -93.6526
      vertex 4.24264 70 -94.2426
      vertex 4.76012 70 -93.6526
    endloop
  endfacet
  facet normal -0.997859 0 -0.0653985
    outer loop
      vertex 6 70 -90
      vertex 5.94867 74 -89.2168
      vertex 6 74 -90
    endloop
  endfacet
  facet normal -0.997859 -0 -0.0653985
    outer loop
      vertex 5.94867 74 -89.2168
      vertex 6 70 -90
      vertex 5.94867 70 -89.2168
    endloop
  endfacet
  facet normal -0.659362 0 0.751826
    outer loop
      vertex 3.65257 74 -94.7601
      vertex 4.24264 70 -94.2426
      vertex 4.24264 74 -94.2426
    endloop
  endfacet
  facet normal -0.659362 0 0.751826
    outer loop
      vertex 4.24264 70 -94.2426
      vertex 3.65257 74 -94.7601
      vertex 3.65257 70 -94.7601
    endloop
  endfacet
  facet normal -0.89687 0 -0.442294
    outer loop
      vertex 5.54328 70 -87.7039
      vertex 5.19615 74 -87
      vertex 5.54328 74 -87.7039
    endloop
  endfacet
  facet normal -0.89687 -0 -0.442294
    outer loop
      vertex 5.19615 74 -87
      vertex 5.54328 70 -87.7039
      vertex 5.19615 70 -87
    endloop
  endfacet
  facet normal -0.555629 0 -0.83143
    outer loop
      vertex 3 70 -84.8038
      vertex 3.65257 74 -85.2399
      vertex 3.65257 70 -85.2399
    endloop
  endfacet
  facet normal -0.555629 0 -0.83143
    outer loop
      vertex 3.65257 74 -85.2399
      vertex 3 70 -84.8038
      vertex 3 74 -84.8038
    endloop
  endfacet
  facet normal -0.659362 0 -0.751826
    outer loop
      vertex 3.65257 70 -85.2399
      vertex 4.24264 74 -85.7574
      vertex 4.24264 70 -85.7574
    endloop
  endfacet
  facet normal -0.659362 0 -0.751826
    outer loop
      vertex 4.24264 74 -85.7574
      vertex 3.65257 70 -85.2399
      vertex 3.65257 74 -85.2399
    endloop
  endfacet
  facet normal 0.321463 0 -0.946922
    outer loop
      vertex -2.2961 70 -84.4567
      vertex -1.55291 74 -84.2044
      vertex -1.55291 70 -84.2044
    endloop
  endfacet
  facet normal 0.321463 0 -0.946922
    outer loop
      vertex -1.55291 74 -84.2044
      vertex -2.2961 70 -84.4567
      vertex -2.2961 74 -84.4567
    endloop
  endfacet
  facet normal 0.442263 0 0.896885
    outer loop
      vertex -3 74 -95.1962
      vertex -2.2961 70 -95.5433
      vertex -2.2961 74 -95.5433
    endloop
  endfacet
  facet normal 0.442263 0 0.896885
    outer loop
      vertex -2.2961 70 -95.5433
      vertex -3 74 -95.1962
      vertex -3 70 -95.1962
    endloop
  endfacet
  facet normal 0.980781 0 -0.195111
    outer loop
      vertex -5.79555 70 -88.4471
      vertex -5.94867 74 -89.2168
      vertex -5.79555 74 -88.4471
    endloop
  endfacet
  facet normal 0.980781 0 -0.195111
    outer loop
      vertex -5.94867 74 -89.2168
      vertex -5.79555 70 -88.4471
      vertex -5.94867 70 -89.2168
    endloop
  endfacet
  facet normal -0.831483 0 -0.55555
    outer loop
      vertex 5.19615 70 -87
      vertex 4.76012 74 -86.3474
      vertex 5.19615 74 -87
    endloop
  endfacet
  facet normal -0.831483 -0 -0.55555
    outer loop
      vertex 4.76012 74 -86.3474
      vertex 5.19615 70 -87
      vertex 4.76012 70 -86.3474
    endloop
  endfacet
  facet normal 0.89687 0 -0.442294
    outer loop
      vertex -5.19615 70 -87
      vertex -5.54328 74 -87.7039
      vertex -5.19615 74 -87
    endloop
  endfacet
  facet normal 0.89687 0 -0.442294
    outer loop
      vertex -5.54328 74 -87.7039
      vertex -5.19615 70 -87
      vertex -5.54328 70 -87.7039
    endloop
  endfacet
  facet normal 0.831483 0 -0.55555
    outer loop
      vertex -4.76012 70 -86.3474
      vertex -5.19615 74 -87
      vertex -4.76012 74 -86.3474
    endloop
  endfacet
  facet normal 0.831483 0 -0.55555
    outer loop
      vertex -5.19615 74 -87
      vertex -4.76012 70 -86.3474
      vertex -5.19615 70 -87
    endloop
  endfacet
  facet normal 0.0653641 0 -0.997861
    outer loop
      vertex -0.783156 70 -84.0513
      vertex 0 74 -84
      vertex 0 70 -84
    endloop
  endfacet
  facet normal 0.0653641 0 -0.997861
    outer loop
      vertex 0 74 -84
      vertex -0.783156 70 -84.0513
      vertex -0.783156 74 -84.0513
    endloop
  endfacet
  facet normal 0.195074 0 -0.980789
    outer loop
      vertex -1.55291 70 -84.2044
      vertex -0.783156 74 -84.0513
      vertex -0.783156 70 -84.0513
    endloop
  endfacet
  facet normal 0.195074 0 -0.980789
    outer loop
      vertex -0.783156 74 -84.0513
      vertex -1.55291 70 -84.2044
      vertex -1.55291 74 -84.2044
    endloop
  endfacet
  facet normal 0.195074 0 0.980789
    outer loop
      vertex -1.55291 74 -95.7956
      vertex -0.783156 70 -95.9487
      vertex -0.783156 74 -95.9487
    endloop
  endfacet
  facet normal 0.195074 0 0.980789
    outer loop
      vertex -0.783156 70 -95.9487
      vertex -1.55291 74 -95.7956
      vertex -1.55291 70 -95.7956
    endloop
  endfacet
  facet normal 0.831483 -0 0.55555
    outer loop
      vertex -5.19615 70 -93
      vertex -4.76012 74 -93.6526
      vertex -5.19615 74 -93
    endloop
  endfacet
  facet normal 0.831483 0 0.55555
    outer loop
      vertex -4.76012 74 -93.6526
      vertex -5.19615 70 -93
      vertex -4.76012 70 -93.6526
    endloop
  endfacet
  facet normal 0.321463 0 0.946922
    outer loop
      vertex -2.2961 74 -95.5433
      vertex -1.55291 70 -95.7956
      vertex -1.55291 74 -95.7956
    endloop
  endfacet
  facet normal 0.321463 0 0.946922
    outer loop
      vertex -1.55291 70 -95.7956
      vertex -2.2961 74 -95.5433
      vertex -2.2961 70 -95.5433
    endloop
  endfacet
  facet normal 0.997859 0 -0.0653985
    outer loop
      vertex -5.94867 70 -89.2168
      vertex -6 74 -90
      vertex -5.94867 74 -89.2168
    endloop
  endfacet
  facet normal 0.997859 0 -0.0653985
    outer loop
      vertex -6 74 -90
      vertex -5.94867 70 -89.2168
      vertex -6 70 -90
    endloop
  endfacet
  facet normal -0.0653641 0 0.997861
    outer loop
      vertex 0 74 -96
      vertex 0.783156 70 -95.9487
      vertex 0.783156 74 -95.9487
    endloop
  endfacet
  facet normal -0.0653641 0 0.997861
    outer loop
      vertex 0.783156 70 -95.9487
      vertex 0 74 -96
      vertex 0 70 -96
    endloop
  endfacet
  facet normal 0.997859 -0 0.0653985
    outer loop
      vertex -6 70 -90
      vertex -5.94867 74 -90.7832
      vertex -6 74 -90
    endloop
  endfacet
  facet normal 0.997859 0 0.0653985
    outer loop
      vertex -5.94867 74 -90.7832
      vertex -6 70 -90
      vertex -5.94867 70 -90.7832
    endloop
  endfacet
  facet normal -0.195074 0 0.980789
    outer loop
      vertex 0.783156 74 -95.9487
      vertex 1.55291 70 -95.7956
      vertex 1.55291 74 -95.7956
    endloop
  endfacet
  facet normal -0.195074 0 0.980789
    outer loop
      vertex 1.55291 70 -95.7956
      vertex 0.783156 74 -95.9487
      vertex 0.783156 70 -95.9487
    endloop
  endfacet
  facet normal 0.946935 -0 0.321425
    outer loop
      vertex -5.79555 70 -91.5529
      vertex -5.54328 74 -92.2961
      vertex -5.79555 74 -91.5529
    endloop
  endfacet
  facet normal 0.946935 0 0.321425
    outer loop
      vertex -5.54328 74 -92.2961
      vertex -5.79555 70 -91.5529
      vertex -5.54328 70 -92.2961
    endloop
  endfacet
endsolid OpenSCAD_Model
