solid OpenSCAD_Model
  facet normal -1 0 0
    outer loop
      vertex 12 -22 -38.01
      vertex 12 4.75 16
      vertex 12 4.75 -38.01
    endloop
  endfacet
  facet normal -1 -0 0
    outer loop
      vertex 12 4.75 16
      vertex 12 -22 -38.01
      vertex 12 -22 16
    endloop
  endfacet
  facet normal 0 0 1
    outer loop
      vertex -12 4.75 16
      vertex -16 4.75 16
      vertex -12 -22 16
    endloop
  endfacet
  facet normal -0 0 1
    outer loop
      vertex -12 -22 16
      vertex -5.25136 -27 16
      vertex -5.25136 -22 16
    endloop
  endfacet
  facet normal 0 0 1
    outer loop
      vertex -12 -22 16
      vertex -16 -27 16
      vertex -5.25136 -27 16
    endloop
  endfacet
  facet normal 0 0 1
    outer loop
      vertex -16 -27 16
      vertex -12 -22 16
      vertex -16 4.75 16
    endloop
  endfacet
  facet normal 0 0 1
    outer loop
      vertex 12 -22 16
      vertex 16 4.75 16
      vertex 12 4.75 16
    endloop
  endfacet
  facet normal 0 0 1
    outer loop
      vertex 16 4.75 16
      vertex 12 -22 16
      vertex 16 -27 16
    endloop
  endfacet
  facet normal 0 0 1
    outer loop
      vertex 5.25136 -27 16
      vertex 12 -22 16
      vertex 5.25136 -22 16
    endloop
  endfacet
  facet normal 0 0 1
    outer loop
      vertex 12 -22 16
      vertex 5.25136 -27 16
      vertex 16 -27 16
    endloop
  endfacet
  facet normal -0 0 1
    outer loop
      vertex -4.74864 -22 16
      vertex 4.74864 -27 16
      vertex 4.74864 -22 16
    endloop
  endfacet
  facet normal 0 0 1
    outer loop
      vertex 4.74864 -27 16
      vertex -4.74864 -22 16
      vertex -4.74864 -27 16
    endloop
  endfacet
  facet normal 1 0 0
    outer loop
      vertex 16 4.75 16
      vertex 16 8.25 22
      vertex 16 4.75 22
    endloop
  endfacet
  facet normal 1 0 0
    outer loop
      vertex 16 8.25 22
      vertex 16 4.75 16
      vertex 16 8.25 -43.99
    endloop
  endfacet
  facet normal 1 0 0
    outer loop
      vertex 16 4.75 16
      vertex 16 -15.0505 -43.99
      vertex 16 8.25 -43.99
    endloop
  endfacet
  facet normal 1 -0 0
    outer loop
      vertex 16 -27 16
      vertex 16 -15.0505 -43.99
      vertex 16 4.75 16
    endloop
  endfacet
  facet normal 1 0 0
    outer loop
      vertex 16 -27 -44.01
      vertex 16 -15.0505 -43.99
      vertex 16 -27 16
    endloop
  endfacet
  facet normal 1 0 0
    outer loop
      vertex 16 -15.0505 -43.99
      vertex 16 -27 -44.01
      vertex 16 -15.0505 -44.01
    endloop
  endfacet
  facet normal 0 1 -0
    outer loop
      vertex -4.50251 8.25 -33.549
      vertex -10.4 8.25 -30.4
      vertex 4.50251 8.25 -33.549
    endloop
  endfacet
  facet normal 0 1 0
    outer loop
      vertex -10.4 8.25 -30.4
      vertex -4.50251 8.25 -33.549
      vertex -5 8.25 -33.45
    endloop
  endfacet
  facet normal 0 1 -0
    outer loop
      vertex 4.08076 8.25 -33.8308
      vertex -4.50251 8.25 -33.549
      vertex 4.50251 8.25 -33.549
    endloop
  endfacet
  facet normal 0 1 0
    outer loop
      vertex 4.08076 8.25 -33.8308
      vertex -4.08076 8.25 -33.8308
      vertex -4.50251 8.25 -33.549
    endloop
  endfacet
  facet normal 0 1 -0
    outer loop
      vertex 3.79896 8.25 -34.2525
      vertex -4.08076 8.25 -33.8308
      vertex 4.08076 8.25 -33.8308
    endloop
  endfacet
  facet normal 0 1 0
    outer loop
      vertex 3.79896 8.25 -34.2525
      vertex -3.79896 8.25 -34.2525
      vertex -4.08076 8.25 -33.8308
    endloop
  endfacet
  facet normal 0 1 -0
    outer loop
      vertex 3.7 8.25 -34.75
      vertex -3.79896 8.25 -34.2525
      vertex 3.79896 8.25 -34.2525
    endloop
  endfacet
  facet normal 0 1 0
    outer loop
      vertex 3.7 8.25 -34.75
      vertex -3.7 8.25 -34.75
      vertex -3.79896 8.25 -34.2525
    endloop
  endfacet
  facet normal 0 1 0
    outer loop
      vertex 3.79896 8.25 -35.2475
      vertex -3.7 8.25 -34.75
      vertex 3.7 8.25 -34.75
    endloop
  endfacet
  facet normal 0 1 0
    outer loop
      vertex 3.79896 8.25 -35.2475
      vertex -3.79896 8.25 -35.2475
      vertex -3.7 8.25 -34.75
    endloop
  endfacet
  facet normal 0 1 0
    outer loop
      vertex 4.08076 8.25 -35.6692
      vertex -3.79896 8.25 -35.2475
      vertex 3.79896 8.25 -35.2475
    endloop
  endfacet
  facet normal 0 1 0
    outer loop
      vertex 4.08076 8.25 -35.6692
      vertex -4.08076 8.25 -35.6692
      vertex -3.79896 8.25 -35.2475
    endloop
  endfacet
  facet normal 0 1 0
    outer loop
      vertex 4.50251 8.25 -35.951
      vertex -4.08076 8.25 -35.6692
      vertex 4.08076 8.25 -35.6692
    endloop
  endfacet
  facet normal 0 1 0
    outer loop
      vertex 4.50251 8.25 -35.951
      vertex -4.50251 8.25 -35.951
      vertex -4.08076 8.25 -35.6692
    endloop
  endfacet
  facet normal 0 1 0
    outer loop
      vertex 16 8.25 -43.99
      vertex 4.50251 8.25 -35.951
      vertex 5 8.25 -36.05
    endloop
  endfacet
  facet normal 0 1 0
    outer loop
      vertex 4.50251 8.25 -35.951
      vertex 16 8.25 -43.99
      vertex -4.50251 8.25 -35.951
    endloop
  endfacet
  facet normal 0 1 -0
    outer loop
      vertex -4.50251 8.25 15.951
      vertex -16 8.25 22
      vertex 4.50251 8.25 15.951
    endloop
  endfacet
  facet normal 0 1 0
    outer loop
      vertex -16 8.25 22
      vertex -4.50251 8.25 15.951
      vertex -5 8.25 16.05
    endloop
  endfacet
  facet normal 0 1 -0
    outer loop
      vertex 4.08076 8.25 15.6692
      vertex -4.50251 8.25 15.951
      vertex 4.50251 8.25 15.951
    endloop
  endfacet
  facet normal 0 1 0
    outer loop
      vertex 4.08076 8.25 15.6692
      vertex -4.08076 8.25 15.6692
      vertex -4.50251 8.25 15.951
    endloop
  endfacet
  facet normal 0 1 -0
    outer loop
      vertex 3.79896 8.25 15.2475
      vertex -4.08076 8.25 15.6692
      vertex 4.08076 8.25 15.6692
    endloop
  endfacet
  facet normal 0 1 0
    outer loop
      vertex 3.79896 8.25 15.2475
      vertex -3.79896 8.25 15.2475
      vertex -4.08076 8.25 15.6692
    endloop
  endfacet
  facet normal 0 1 -0
    outer loop
      vertex 3.7 8.25 14.75
      vertex -3.79896 8.25 15.2475
      vertex 3.79896 8.25 15.2475
    endloop
  endfacet
  facet normal 0 1 0
    outer loop
      vertex 3.7 8.25 14.75
      vertex -3.7 8.25 14.75
      vertex -3.79896 8.25 15.2475
    endloop
  endfacet
  facet normal 0 1 0
    outer loop
      vertex 3.79896 8.25 14.2525
      vertex -3.7 8.25 14.75
      vertex 3.7 8.25 14.75
    endloop
  endfacet
  facet normal 0 1 0
    outer loop
      vertex 3.79896 8.25 14.2525
      vertex -3.79896 8.25 14.2525
      vertex -3.7 8.25 14.75
    endloop
  endfacet
  facet normal 0 1 0
    outer loop
      vertex 4.08076 8.25 13.8308
      vertex -3.79896 8.25 14.2525
      vertex 3.79896 8.25 14.2525
    endloop
  endfacet
  facet normal 0 1 0
    outer loop
      vertex 4.08076 8.25 13.8308
      vertex -4.08076 8.25 13.8308
      vertex -3.79896 8.25 14.2525
    endloop
  endfacet
  facet normal 0 1 0
    outer loop
      vertex 4.50251 8.25 13.549
      vertex -4.08076 8.25 13.8308
      vertex 4.08076 8.25 13.8308
    endloop
  endfacet
  facet normal 0 1 0
    outer loop
      vertex 4.50251 8.25 13.549
      vertex -4.50251 8.25 13.549
      vertex -4.08076 8.25 13.8308
    endloop
  endfacet
  facet normal 0 1 0
    outer loop
      vertex 10.4 8.25 10.4
      vertex 4.50251 8.25 13.549
      vertex 5 8.25 13.45
    endloop
  endfacet
  facet normal 0 1 0
    outer loop
      vertex 4.50251 8.25 13.549
      vertex 10.4 8.25 10.4
      vertex -4.50251 8.25 13.549
    endloop
  endfacet
  facet normal 0 1 0
    outer loop
      vertex 4.50251 8.25 15.951
      vertex 16 8.25 22
      vertex 5 8.25 16.05
    endloop
  endfacet
  facet normal 0 1 0
    outer loop
      vertex 16 8.25 22
      vertex 5.49749 8.25 15.951
      vertex 5 8.25 16.05
    endloop
  endfacet
  facet normal 0 1 0
    outer loop
      vertex 16 8.25 22
      vertex 5.91924 8.25 15.6692
      vertex 5.49749 8.25 15.951
    endloop
  endfacet
  facet normal 0 1 0
    outer loop
      vertex 16 8.25 22
      vertex 6.20104 8.25 15.2475
      vertex 5.91924 8.25 15.6692
    endloop
  endfacet
  facet normal 0 1 -0
    outer loop
      vertex 10.4 8.25 10.4
      vertex 6.20104 8.25 15.2475
      vertex 16 8.25 22
    endloop
  endfacet
  facet normal 0 1 0
    outer loop
      vertex 6.20104 8.25 15.2475
      vertex 10.4 8.25 10.4
      vertex 6.3 8.25 14.75
    endloop
  endfacet
  facet normal 0 1 0
    outer loop
      vertex 6.3 8.25 14.75
      vertex 10.4 8.25 10.4
      vertex 6.20104 8.25 14.2525
    endloop
  endfacet
  facet normal 0 1 0
    outer loop
      vertex -10.4 8.25 10.4
      vertex -4.50251 8.25 13.549
      vertex 10.4 8.25 10.4
    endloop
  endfacet
  facet normal 0 1 0
    outer loop
      vertex 5.49749 8.25 13.549
      vertex 10.4 8.25 10.4
      vertex 5 8.25 13.45
    endloop
  endfacet
  facet normal 0 1 0
    outer loop
      vertex 5.91924 8.25 13.8308
      vertex 10.4 8.25 10.4
      vertex 5.49749 8.25 13.549
    endloop
  endfacet
  facet normal 0 1 0
    outer loop
      vertex 6.20104 8.25 14.2525
      vertex 10.4 8.25 10.4
      vertex 5.91924 8.25 13.8308
    endloop
  endfacet
  facet normal 0 1 0
    outer loop
      vertex 16 8.25 22
      vertex 10.4 8.25 -30.4
      vertex 10.4 8.25 10.4
    endloop
  endfacet
  facet normal 0 1 0
    outer loop
      vertex 4.50251 8.25 -33.549
      vertex 10.4 8.25 -30.4
      vertex 5 8.25 -33.45
    endloop
  endfacet
  facet normal 0 1 0
    outer loop
      vertex 10.4 8.25 -30.4
      vertex 5.49749 8.25 -33.549
      vertex 5 8.25 -33.45
    endloop
  endfacet
  facet normal 0 1 0
    outer loop
      vertex 10.4 8.25 -30.4
      vertex 5.91924 8.25 -33.8308
      vertex 5.49749 8.25 -33.549
    endloop
  endfacet
  facet normal 0 1 0
    outer loop
      vertex 10.4 8.25 -30.4
      vertex 6.20104 8.25 -34.2525
      vertex 5.91924 8.25 -33.8308
    endloop
  endfacet
  facet normal 0 1 0
    outer loop
      vertex 10.4 8.25 -30.4
      vertex 6.3 8.25 -34.75
      vertex 6.20104 8.25 -34.2525
    endloop
  endfacet
  facet normal 0 1 0
    outer loop
      vertex 10.4 8.25 -30.4
      vertex 6.20104 8.25 -35.2475
      vertex 6.3 8.25 -34.75
    endloop
  endfacet
  facet normal 0 1 0
    outer loop
      vertex 16 8.25 -43.99
      vertex 6.20104 8.25 -35.2475
      vertex 10.4 8.25 -30.4
    endloop
  endfacet
  facet normal 0 1 0
    outer loop
      vertex -16 8.25 -43.99
      vertex -4.50251 8.25 -35.951
      vertex 16 8.25 -43.99
    endloop
  endfacet
  facet normal 0 1 0
    outer loop
      vertex 5.49749 8.25 -35.951
      vertex 16 8.25 -43.99
      vertex 5 8.25 -36.05
    endloop
  endfacet
  facet normal 0 1 0
    outer loop
      vertex 5.91924 8.25 -35.6692
      vertex 16 8.25 -43.99
      vertex 5.49749 8.25 -35.951
    endloop
  endfacet
  facet normal 0 1 0
    outer loop
      vertex 6.20104 8.25 -35.2475
      vertex 16 8.25 -43.99
      vertex 5.91924 8.25 -35.6692
    endloop
  endfacet
  facet normal 0 1 -0
    outer loop
      vertex 16 8.25 -43.99
      vertex 10.4 8.25 -30.4
      vertex 16 8.25 22
    endloop
  endfacet
  facet normal 0 1 0
    outer loop
      vertex 16 8.25 22
      vertex 4.50251 8.25 15.951
      vertex -16 8.25 22
    endloop
  endfacet
  facet normal 0 1 -0
    outer loop
      vertex -5.49749 8.25 15.951
      vertex -16 8.25 22
      vertex -5 8.25 16.05
    endloop
  endfacet
  facet normal 0 1 -0
    outer loop
      vertex -5.91924 8.25 15.6692
      vertex -16 8.25 22
      vertex -5.49749 8.25 15.951
    endloop
  endfacet
  facet normal 0 1 -0
    outer loop
      vertex -6.20104 8.25 15.2475
      vertex -16 8.25 22
      vertex -5.91924 8.25 15.6692
    endloop
  endfacet
  facet normal 0 1 0
    outer loop
      vertex -10.4 8.25 10.4
      vertex -6.20104 8.25 15.2475
      vertex -6.3 8.25 14.75
    endloop
  endfacet
  facet normal 0 1 0
    outer loop
      vertex -10.4 8.25 10.4
      vertex -6.3 8.25 14.75
      vertex -6.20104 8.25 14.2525
    endloop
  endfacet
  facet normal 0 1 0
    outer loop
      vertex -10.4 8.25 10.4
      vertex -6.20104 8.25 14.2525
      vertex -5.91924 8.25 13.8308
    endloop
  endfacet
  facet normal 0 1 0
    outer loop
      vertex -4.50251 8.25 13.549
      vertex -10.4 8.25 10.4
      vertex -5 8.25 13.45
    endloop
  endfacet
  facet normal 0 1 0
    outer loop
      vertex -10.4 8.25 10.4
      vertex -5.49749 8.25 13.549
      vertex -5 8.25 13.45
    endloop
  endfacet
  facet normal 0 1 0
    outer loop
      vertex -10.4 8.25 10.4
      vertex -5.91924 8.25 13.8308
      vertex -5.49749 8.25 13.549
    endloop
  endfacet
  facet normal 0 1 0
    outer loop
      vertex -6.20104 8.25 15.2475
      vertex -10.4 8.25 10.4
      vertex -16 8.25 22
    endloop
  endfacet
  facet normal 0 1 -0
    outer loop
      vertex -10.4 8.25 -30.4
      vertex -16 8.25 22
      vertex -10.4 8.25 10.4
    endloop
  endfacet
  facet normal 0 1 0
    outer loop
      vertex 10.4 8.25 -30.4
      vertex 4.50251 8.25 -33.549
      vertex -10.4 8.25 -30.4
    endloop
  endfacet
  facet normal 0 1 -0
    outer loop
      vertex -5.49749 8.25 -33.549
      vertex -10.4 8.25 -30.4
      vertex -5 8.25 -33.45
    endloop
  endfacet
  facet normal 0 1 -0
    outer loop
      vertex -5.91924 8.25 -33.8308
      vertex -10.4 8.25 -30.4
      vertex -5.49749 8.25 -33.549
    endloop
  endfacet
  facet normal 0 1 -0
    outer loop
      vertex -6.20104 8.25 -34.2525
      vertex -10.4 8.25 -30.4
      vertex -5.91924 8.25 -33.8308
    endloop
  endfacet
  facet normal 0 1 -0
    outer loop
      vertex -6.3 8.25 -34.75
      vertex -10.4 8.25 -30.4
      vertex -6.20104 8.25 -34.2525
    endloop
  endfacet
  facet normal 0 1 0
    outer loop
      vertex -6.20104 8.25 -35.2475
      vertex -10.4 8.25 -30.4
      vertex -6.3 8.25 -34.75
    endloop
  endfacet
  facet normal 0 1 0
    outer loop
      vertex -16 8.25 -43.99
      vertex -6.20104 8.25 -35.2475
      vertex -5.91924 8.25 -35.6692
    endloop
  endfacet
  facet normal 0 1 0
    outer loop
      vertex -4.50251 8.25 -35.951
      vertex -16 8.25 -43.99
      vertex -5 8.25 -36.05
    endloop
  endfacet
  facet normal 0 1 0
    outer loop
      vertex -10.4 8.25 -30.4
      vertex -16 8.25 -43.99
      vertex -16 8.25 22
    endloop
  endfacet
  facet normal 0 1 0
    outer loop
      vertex -6.20104 8.25 -35.2475
      vertex -16 8.25 -43.99
      vertex -10.4 8.25 -30.4
    endloop
  endfacet
  facet normal 0 1 0
    outer loop
      vertex -5.49749 8.25 -35.951
      vertex -16 8.25 -43.99
      vertex -5.91924 8.25 -35.6692
    endloop
  endfacet
  facet normal 0 1 0
    outer loop
      vertex -5 8.25 -36.05
      vertex -16 8.25 -43.99
      vertex -5.49749 8.25 -35.951
    endloop
  endfacet
  facet normal 0 -1 0
    outer loop
      vertex 4.50251 -27 -33.549
      vertex 0 -27 -6.6
      vertex -4.50251 -27 -33.549
    endloop
  endfacet
  facet normal 0 -1 0
    outer loop
      vertex 0 -27 -6.6
      vertex 4.50251 -27 -33.549
      vertex 5 -27 -33.45
    endloop
  endfacet
  facet normal 0 -1 0
    outer loop
      vertex -4.08076 -27 -33.8308
      vertex 4.50251 -27 -33.549
      vertex -4.50251 -27 -33.549
    endloop
  endfacet
  facet normal 0 -1 0
    outer loop
      vertex -4.08076 -27 -33.8308
      vertex 4.08076 -27 -33.8308
      vertex 4.50251 -27 -33.549
    endloop
  endfacet
  facet normal 0 -1 0
    outer loop
      vertex -3.79896 -27 -34.2525
      vertex 4.08076 -27 -33.8308
      vertex -4.08076 -27 -33.8308
    endloop
  endfacet
  facet normal 0 -1 0
    outer loop
      vertex -3.79896 -27 -34.2525
      vertex 3.79896 -27 -34.2525
      vertex 4.08076 -27 -33.8308
    endloop
  endfacet
  facet normal 0 -1 0
    outer loop
      vertex -3.7 -27 -34.75
      vertex 3.79896 -27 -34.2525
      vertex -3.79896 -27 -34.2525
    endloop
  endfacet
  facet normal 0 -1 0
    outer loop
      vertex -3.7 -27 -34.75
      vertex 3.7 -27 -34.75
      vertex 3.79896 -27 -34.2525
    endloop
  endfacet
  facet normal 0 -1 0
    outer loop
      vertex -3.79896 -27 -35.2475
      vertex 3.7 -27 -34.75
      vertex -3.7 -27 -34.75
    endloop
  endfacet
  facet normal 0 -1 0
    outer loop
      vertex -3.79896 -27 -35.2475
      vertex 3.79896 -27 -35.2475
      vertex 3.7 -27 -34.75
    endloop
  endfacet
  facet normal 0 -1 0
    outer loop
      vertex -4.08076 -27 -35.6692
      vertex 3.79896 -27 -35.2475
      vertex -3.79896 -27 -35.2475
    endloop
  endfacet
  facet normal 0 -1 0
    outer loop
      vertex -4.08076 -27 -35.6692
      vertex 4.08076 -27 -35.6692
      vertex 3.79896 -27 -35.2475
    endloop
  endfacet
  facet normal 0 -1 0
    outer loop
      vertex -4.50251 -27 -35.951
      vertex 4.08076 -27 -35.6692
      vertex -4.08076 -27 -35.6692
    endloop
  endfacet
  facet normal 0 -1 0
    outer loop
      vertex -4.50251 -27 -35.951
      vertex 4.50251 -27 -35.951
      vertex 4.08076 -27 -35.6692
    endloop
  endfacet
  facet normal 0 -1 0
    outer loop
      vertex -16 -27 -44.01
      vertex -4.50251 -27 -35.951
      vertex -5 -27 -36.05
    endloop
  endfacet
  facet normal 0 -1 -0
    outer loop
      vertex -4.50251 -27 -35.951
      vertex -16 -27 -44.01
      vertex 4.50251 -27 -35.951
    endloop
  endfacet
  facet normal 0 -1 0
    outer loop
      vertex -16 -27 16
      vertex -5.49749 -27 15.951
      vertex -5.25136 -27 16
    endloop
  endfacet
  facet normal 0 -1 0
    outer loop
      vertex -16 -27 16
      vertex -5.91924 -27 15.6692
      vertex -5.49749 -27 15.951
    endloop
  endfacet
  facet normal 0 -1 0
    outer loop
      vertex -16 -27 16
      vertex -6.20104 -27 15.2475
      vertex -5.91924 -27 15.6692
    endloop
  endfacet
  facet normal 0 -1 0
    outer loop
      vertex -16 -27 16
      vertex -6.3 -27 14.75
      vertex -6.20104 -27 15.2475
    endloop
  endfacet
  facet normal 0 -1 0
    outer loop
      vertex -16 -27 16
      vertex -6.20104 -27 14.2525
      vertex -6.3 -27 14.75
    endloop
  endfacet
  facet normal 0 -1 0
    outer loop
      vertex -16 -27 16
      vertex -5.91924 -27 13.8308
      vertex -6.20104 -27 14.2525
    endloop
  endfacet
  facet normal 0 -1 0
    outer loop
      vertex -5.23613 -27 4.01783
      vertex -5.91924 -27 13.8308
      vertex -16 -27 16
    endloop
  endfacet
  facet normal 0 -1 -0
    outer loop
      vertex 4.08076 -27 13.8308
      vertex 0.861472 -27 6.54354
      vertex 4.50251 -27 13.549
    endloop
  endfacet
  facet normal 0 -1 0
    outer loop
      vertex -3.3 -27 5.71577
      vertex -5 -27 13.45
      vertex -5.49749 -27 13.549
    endloop
  endfacet
  facet normal -0 -1 0
    outer loop
      vertex -4.6669 -27 4.6669
      vertex -5.91924 -27 13.8308
      vertex -5.23613 -27 4.01783
    endloop
  endfacet
  facet normal 0 -1 0
    outer loop
      vertex -4.50251 -27 13.549
      vertex -0.861472 -27 6.54354
      vertex 0 -27 6.6
    endloop
  endfacet
  facet normal 0 -1 0
    outer loop
      vertex -4.50251 -27 13.549
      vertex -1.70821 -27 6.37511
      vertex -0.861472 -27 6.54354
    endloop
  endfacet
  facet normal 0 -1 0
    outer loop
      vertex -4.50251 -27 13.549
      vertex -2.52571 -27 6.0976
      vertex -1.70821 -27 6.37511
    endloop
  endfacet
  facet normal 0 -1 0
    outer loop
      vertex -5 -27 13.45
      vertex -3.3 -27 5.71577
      vertex -2.52571 -27 6.0976
    endloop
  endfacet
  facet normal 0 -1 0
    outer loop
      vertex -5.49749 -27 13.549
      vertex -4.01783 -27 5.23613
      vertex -3.3 -27 5.71577
    endloop
  endfacet
  facet normal 0 -1 0
    outer loop
      vertex -5.49749 -27 13.549
      vertex -4.6669 -27 4.6669
      vertex -4.01783 -27 5.23613
    endloop
  endfacet
  facet normal 0 -1 0
    outer loop
      vertex -5.91924 -27 13.8308
      vertex -4.6669 -27 4.6669
      vertex -5.49749 -27 13.549
    endloop
  endfacet
  facet normal 0 -1 0
    outer loop
      vertex -16 -27 16
      vertex -5.71577 -27 3.3
      vertex -5.23613 -27 4.01783
    endloop
  endfacet
  facet normal 0 -1 0
    outer loop
      vertex -16 -27 16
      vertex -6.0976 -27 2.52571
      vertex -5.71577 -27 3.3
    endloop
  endfacet
  facet normal 0 -1 0
    outer loop
      vertex -16 -27 16
      vertex -6.37511 -27 1.70821
      vertex -6.0976 -27 2.52571
    endloop
  endfacet
  facet normal 0 -1 0
    outer loop
      vertex -16 -27 16
      vertex -6.54354 -27 0.861472
      vertex -6.37511 -27 1.70821
    endloop
  endfacet
  facet normal 0 -1 0
    outer loop
      vertex -16 -27 16
      vertex -6.6 -27 0
      vertex -6.54354 -27 0.861472
    endloop
  endfacet
  facet normal 0 -1 0
    outer loop
      vertex -16 -27 16
      vertex -6.54354 -27 -0.861472
      vertex -6.6 -27 0
    endloop
  endfacet
  facet normal 0 -1 0
    outer loop
      vertex -16 -27 16
      vertex -6.37511 -27 -1.70821
      vertex -6.54354 -27 -0.861472
    endloop
  endfacet
  facet normal 0 -1 0
    outer loop
      vertex -16 -27 -44.01
      vertex -6.37511 -27 -1.70821
      vertex -16 -27 16
    endloop
  endfacet
  facet normal 0 -1 -0
    outer loop
      vertex -6.37511 -27 -1.70821
      vertex -16 -27 -44.01
      vertex -6.0976 -27 -2.52571
    endloop
  endfacet
  facet normal 0 -1 0
    outer loop
      vertex -4.50251 -27 -33.549
      vertex -0.861472 -27 -6.54354
      vertex -5 -27 -33.45
    endloop
  endfacet
  facet normal 0 -1 -0
    outer loop
      vertex -1.70821 -27 -6.37511
      vertex -5 -27 -33.45
      vertex -0.861472 -27 -6.54354
    endloop
  endfacet
  facet normal 0 -1 -0
    outer loop
      vertex -2.52571 -27 -6.0976
      vertex -5 -27 -33.45
      vertex -1.70821 -27 -6.37511
    endloop
  endfacet
  facet normal 0 -1 0
    outer loop
      vertex -5.49749 -27 -33.549
      vertex -2.52571 -27 -6.0976
      vertex -3.3 -27 -5.71577
    endloop
  endfacet
  facet normal 0 -1 0
    outer loop
      vertex -5.49749 -27 -33.549
      vertex -3.3 -27 -5.71577
      vertex -4.01783 -27 -5.23613
    endloop
  endfacet
  facet normal 0 -1 0
    outer loop
      vertex -5.91924 -27 -33.8308
      vertex -4.01783 -27 -5.23613
      vertex -4.6669 -27 -4.6669
    endloop
  endfacet
  facet normal 0 -1 0
    outer loop
      vertex -5.91924 -27 -33.8308
      vertex -4.6669 -27 -4.6669
      vertex -5.23613 -27 -4.01783
    endloop
  endfacet
  facet normal 0 -1 0
    outer loop
      vertex -5.91924 -27 -33.8308
      vertex -5.23613 -27 -4.01783
      vertex -5.71577 -27 -3.3
    endloop
  endfacet
  facet normal 0 -1 -0
    outer loop
      vertex -6.0976 -27 -2.52571
      vertex -16 -27 -44.01
      vertex -5.71577 -27 -3.3
    endloop
  endfacet
  facet normal 0 -1 0
    outer loop
      vertex -2.52571 -27 -6.0976
      vertex -5.49749 -27 -33.549
      vertex -5 -27 -33.45
    endloop
  endfacet
  facet normal 0 -1 0
    outer loop
      vertex -4.01783 -27 -5.23613
      vertex -5.91924 -27 -33.8308
      vertex -5.49749 -27 -33.549
    endloop
  endfacet
  facet normal 0 -1 0
    outer loop
      vertex -5.71577 -27 -3.3
      vertex -6.20104 -27 -34.2525
      vertex -5.91924 -27 -33.8308
    endloop
  endfacet
  facet normal 0 -1 0
    outer loop
      vertex -5.71577 -27 -3.3
      vertex -16 -27 -44.01
      vertex -6.20104 -27 -34.2525
    endloop
  endfacet
  facet normal 0 -1 0
    outer loop
      vertex 16 -27 -44.01
      vertex 4.50251 -27 -35.951
      vertex -16 -27 -44.01
    endloop
  endfacet
  facet normal 0 -1 -0
    outer loop
      vertex -5.49749 -27 -35.951
      vertex -16 -27 -44.01
      vertex -5 -27 -36.05
    endloop
  endfacet
  facet normal 0 -1 -0
    outer loop
      vertex -5.91924 -27 -35.6692
      vertex -16 -27 -44.01
      vertex -5.49749 -27 -35.951
    endloop
  endfacet
  facet normal 0 -1 -0
    outer loop
      vertex -6.20104 -27 -35.2475
      vertex -16 -27 -44.01
      vertex -5.91924 -27 -35.6692
    endloop
  endfacet
  facet normal 0 -1 -0
    outer loop
      vertex -6.3 -27 -34.75
      vertex -16 -27 -44.01
      vertex -6.20104 -27 -35.2475
    endloop
  endfacet
  facet normal 0 -1 0
    outer loop
      vertex -6.20104 -27 -34.2525
      vertex -16 -27 -44.01
      vertex -6.3 -27 -34.75
    endloop
  endfacet
  facet normal 0 -1 0
    outer loop
      vertex -4.50251 -27 15.951
      vertex 4.74864 -27 16
      vertex -4.74864 -27 16
    endloop
  endfacet
  facet normal 0 -1 0
    outer loop
      vertex -4.50251 -27 15.951
      vertex 4.50251 -27 15.951
      vertex 4.74864 -27 16
    endloop
  endfacet
  facet normal 0 -1 0
    outer loop
      vertex -4.08076 -27 15.6692
      vertex 4.50251 -27 15.951
      vertex -4.50251 -27 15.951
    endloop
  endfacet
  facet normal 0 -1 0
    outer loop
      vertex -4.08076 -27 15.6692
      vertex 4.08076 -27 15.6692
      vertex 4.50251 -27 15.951
    endloop
  endfacet
  facet normal 0 -1 0
    outer loop
      vertex -3.79896 -27 15.2475
      vertex 4.08076 -27 15.6692
      vertex -4.08076 -27 15.6692
    endloop
  endfacet
  facet normal 0 -1 0
    outer loop
      vertex -3.79896 -27 15.2475
      vertex 3.79896 -27 15.2475
      vertex 4.08076 -27 15.6692
    endloop
  endfacet
  facet normal 0 -1 0
    outer loop
      vertex -3.7 -27 14.75
      vertex 3.79896 -27 15.2475
      vertex -3.79896 -27 15.2475
    endloop
  endfacet
  facet normal 0 -1 0
    outer loop
      vertex -3.7 -27 14.75
      vertex 3.7 -27 14.75
      vertex 3.79896 -27 15.2475
    endloop
  endfacet
  facet normal 0 -1 0
    outer loop
      vertex -3.79896 -27 14.2525
      vertex 3.7 -27 14.75
      vertex -3.7 -27 14.75
    endloop
  endfacet
  facet normal 0 -1 0
    outer loop
      vertex -3.79896 -27 14.2525
      vertex 3.79896 -27 14.2525
      vertex 3.7 -27 14.75
    endloop
  endfacet
  facet normal 0 -1 0
    outer loop
      vertex -4.08076 -27 13.8308
      vertex 3.79896 -27 14.2525
      vertex -3.79896 -27 14.2525
    endloop
  endfacet
  facet normal 0 -1 0
    outer loop
      vertex -4.08076 -27 13.8308
      vertex 4.08076 -27 13.8308
      vertex 3.79896 -27 14.2525
    endloop
  endfacet
  facet normal 0 -1 0
    outer loop
      vertex 0 -27 6.6
      vertex -4.08076 -27 13.8308
      vertex -4.50251 -27 13.549
    endloop
  endfacet
  facet normal 0 -1 0
    outer loop
      vertex -4.08076 -27 13.8308
      vertex 0 -27 6.6
      vertex 4.08076 -27 13.8308
    endloop
  endfacet
  facet normal 0 -1 0
    outer loop
      vertex -2.52571 -27 6.0976
      vertex -4.50251 -27 13.549
      vertex -5 -27 13.45
    endloop
  endfacet
  facet normal 0 -1 0
    outer loop
      vertex 0.861472 -27 6.54354
      vertex 4.08076 -27 13.8308
      vertex 0 -27 6.6
    endloop
  endfacet
  facet normal 0 -1 0
    outer loop
      vertex 5.49749 -27 15.951
      vertex 16 -27 16
      vertex 5.25136 -27 16
    endloop
  endfacet
  facet normal 0 -1 0
    outer loop
      vertex 5.91924 -27 15.6692
      vertex 16 -27 16
      vertex 5.49749 -27 15.951
    endloop
  endfacet
  facet normal 0 -1 0
    outer loop
      vertex 6.20104 -27 15.2475
      vertex 16 -27 16
      vertex 5.91924 -27 15.6692
    endloop
  endfacet
  facet normal 0 -1 0
    outer loop
      vertex 6.3 -27 14.75
      vertex 16 -27 16
      vertex 6.20104 -27 15.2475
    endloop
  endfacet
  facet normal 0 -1 0
    outer loop
      vertex 6.20104 -27 14.2525
      vertex 16 -27 16
      vertex 6.3 -27 14.75
    endloop
  endfacet
  facet normal 0 -1 0
    outer loop
      vertex 5.91924 -27 13.8308
      vertex 16 -27 16
      vertex 6.20104 -27 14.2525
    endloop
  endfacet
  facet normal 0 -1 0
    outer loop
      vertex 4.6669 -27 4.6669
      vertex 5.91924 -27 13.8308
      vertex 5.49749 -27 13.549
    endloop
  endfacet
  facet normal 0 -1 0
    outer loop
      vertex 1.70821 -27 6.37511
      vertex 4.50251 -27 13.549
      vertex 0.861472 -27 6.54354
    endloop
  endfacet
  facet normal 0 -1 0
    outer loop
      vertex 2.52571 -27 6.0976
      vertex 4.50251 -27 13.549
      vertex 1.70821 -27 6.37511
    endloop
  endfacet
  facet normal 0 -1 -0
    outer loop
      vertex 4.50251 -27 13.549
      vertex 2.52571 -27 6.0976
      vertex 5 -27 13.45
    endloop
  endfacet
  facet normal 0 -1 0
    outer loop
      vertex 3.3 -27 5.71577
      vertex 5 -27 13.45
      vertex 2.52571 -27 6.0976
    endloop
  endfacet
  facet normal 0 -1 -0
    outer loop
      vertex 5 -27 13.45
      vertex 3.3 -27 5.71577
      vertex 5.49749 -27 13.549
    endloop
  endfacet
  facet normal 0 -1 0
    outer loop
      vertex 4.01783 -27 5.23613
      vertex 5.49749 -27 13.549
      vertex 3.3 -27 5.71577
    endloop
  endfacet
  facet normal 0 -1 0
    outer loop
      vertex 4.6669 -27 4.6669
      vertex 5.49749 -27 13.549
      vertex 4.01783 -27 5.23613
    endloop
  endfacet
  facet normal 0 -1 0
    outer loop
      vertex 5.91924 -27 13.8308
      vertex 4.6669 -27 4.6669
      vertex 5.23613 -27 4.01783
    endloop
  endfacet
  facet normal 0 -1 -0
    outer loop
      vertex 5.91924 -27 13.8308
      vertex 5.23613 -27 4.01783
      vertex 16 -27 16
    endloop
  endfacet
  facet normal 0 -1 0
    outer loop
      vertex 5.71577 -27 3.3
      vertex 16 -27 16
      vertex 5.23613 -27 4.01783
    endloop
  endfacet
  facet normal 0 -1 0
    outer loop
      vertex 6.0976 -27 2.52571
      vertex 16 -27 16
      vertex 5.71577 -27 3.3
    endloop
  endfacet
  facet normal 0 -1 0
    outer loop
      vertex 6.37511 -27 1.70821
      vertex 16 -27 16
      vertex 6.0976 -27 2.52571
    endloop
  endfacet
  facet normal 0 -1 0
    outer loop
      vertex 6.54354 -27 0.861472
      vertex 16 -27 16
      vertex 6.37511 -27 1.70821
    endloop
  endfacet
  facet normal 0 -1 0
    outer loop
      vertex 6.6 -27 0
      vertex 16 -27 16
      vertex 6.54354 -27 0.861472
    endloop
  endfacet
  facet normal 0 -1 0
    outer loop
      vertex 6.54354 -27 -0.861472
      vertex 16 -27 16
      vertex 6.6 -27 0
    endloop
  endfacet
  facet normal 0 -1 0
    outer loop
      vertex 6.37511 -27 -1.70821
      vertex 16 -27 16
      vertex 6.54354 -27 -0.861472
    endloop
  endfacet
  facet normal 0 -1 0
    outer loop
      vertex 16 -27 -44.01
      vertex 6.37511 -27 -1.70821
      vertex 6.0976 -27 -2.52571
    endloop
  endfacet
  facet normal 0 -1 0
    outer loop
      vertex 16 -27 -44.01
      vertex 6.0976 -27 -2.52571
      vertex 5.71577 -27 -3.3
    endloop
  endfacet
  facet normal 0 -1 -0
    outer loop
      vertex -0.861472 -27 -6.54354
      vertex -4.50251 -27 -33.549
      vertex 0 -27 -6.6
    endloop
  endfacet
  facet normal 0 -1 0
    outer loop
      vertex 0 -27 -6.6
      vertex 5 -27 -33.45
      vertex 0.861472 -27 -6.54354
    endloop
  endfacet
  facet normal 0 -1 0
    outer loop
      vertex 0.861472 -27 -6.54354
      vertex 5 -27 -33.45
      vertex 1.70821 -27 -6.37511
    endloop
  endfacet
  facet normal 0 -1 0
    outer loop
      vertex 1.70821 -27 -6.37511
      vertex 5 -27 -33.45
      vertex 2.52571 -27 -6.0976
    endloop
  endfacet
  facet normal 0 -1 0
    outer loop
      vertex 5.49749 -27 -33.549
      vertex 2.52571 -27 -6.0976
      vertex 5 -27 -33.45
    endloop
  endfacet
  facet normal 0 -1 0
    outer loop
      vertex 2.52571 -27 -6.0976
      vertex 5.49749 -27 -33.549
      vertex 3.3 -27 -5.71577
    endloop
  endfacet
  facet normal 0 -1 0
    outer loop
      vertex 3.3 -27 -5.71577
      vertex 5.49749 -27 -33.549
      vertex 4.01783 -27 -5.23613
    endloop
  endfacet
  facet normal 0 -1 0
    outer loop
      vertex 5.91924 -27 -33.8308
      vertex 4.01783 -27 -5.23613
      vertex 5.49749 -27 -33.549
    endloop
  endfacet
  facet normal 0 -1 0
    outer loop
      vertex 4.01783 -27 -5.23613
      vertex 5.91924 -27 -33.8308
      vertex 4.6669 -27 -4.6669
    endloop
  endfacet
  facet normal 0 -1 0
    outer loop
      vertex 4.6669 -27 -4.6669
      vertex 5.91924 -27 -33.8308
      vertex 5.23613 -27 -4.01783
    endloop
  endfacet
  facet normal 0 -1 0
    outer loop
      vertex 5.23613 -27 -4.01783
      vertex 5.91924 -27 -33.8308
      vertex 5.71577 -27 -3.3
    endloop
  endfacet
  facet normal 0 -1 0
    outer loop
      vertex 6.20104 -27 -34.2525
      vertex 5.71577 -27 -3.3
      vertex 5.91924 -27 -33.8308
    endloop
  endfacet
  facet normal 0 -1 0
    outer loop
      vertex 16 -27 -44.01
      vertex 5.71577 -27 -3.3
      vertex 6.20104 -27 -34.2525
    endloop
  endfacet
  facet normal 0 -1 0
    outer loop
      vertex 16 -27 -44.01
      vertex 6.20104 -27 -34.2525
      vertex 6.3 -27 -34.75
    endloop
  endfacet
  facet normal 0 -1 0
    outer loop
      vertex 4.50251 -27 -35.951
      vertex 16 -27 -44.01
      vertex 5 -27 -36.05
    endloop
  endfacet
  facet normal 0 -1 0
    outer loop
      vertex 6.37511 -27 -1.70821
      vertex 16 -27 -44.01
      vertex 16 -27 16
    endloop
  endfacet
  facet normal 0 -1 0
    outer loop
      vertex 6.20104 -27 -35.2475
      vertex 16 -27 -44.01
      vertex 6.3 -27 -34.75
    endloop
  endfacet
  facet normal 0 -1 0
    outer loop
      vertex 5.91924 -27 -35.6692
      vertex 16 -27 -44.01
      vertex 6.20104 -27 -35.2475
    endloop
  endfacet
  facet normal 0 -1 0
    outer loop
      vertex 5.49749 -27 -35.951
      vertex 16 -27 -44.01
      vertex 5.91924 -27 -35.6692
    endloop
  endfacet
  facet normal 0 -1 0
    outer loop
      vertex 5 -27 -36.05
      vertex 16 -27 -44.01
      vertex 5.49749 -27 -35.951
    endloop
  endfacet
  facet normal -1 0 0
    outer loop
      vertex -16 -15.0505 -44.01
      vertex -16 -27 -44.01
      vertex -16 -15.0505 -43.99
    endloop
  endfacet
  facet normal -1 0 0
    outer loop
      vertex -16 8.25 -43.99
      vertex -16 4.75 16
      vertex -16 8.25 22
    endloop
  endfacet
  facet normal -1 0 0
    outer loop
      vertex -16 -15.0505 -43.99
      vertex -16 4.75 16
      vertex -16 8.25 -43.99
    endloop
  endfacet
  facet normal -1 0 0
    outer loop
      vertex -16 -27 16
      vertex -16 -15.0505 -43.99
      vertex -16 -27 -44.01
    endloop
  endfacet
  facet normal -1 0 0
    outer loop
      vertex -16 -15.0505 -43.99
      vertex -16 -27 16
      vertex -16 4.75 16
    endloop
  endfacet
  facet normal -1 -0 0
    outer loop
      vertex -16 8.25 22
      vertex -16 4.75 16
      vertex -16 4.75 22
    endloop
  endfacet
  facet normal 1 -0 0
    outer loop
      vertex -12 -22 16
      vertex -12 4.75 -38.01
      vertex -12 4.75 16
    endloop
  endfacet
  facet normal 1 0 0
    outer loop
      vertex -12 4.75 -38.01
      vertex -12 -22 16
      vertex -12 -22 -38.01
    endloop
  endfacet
  facet normal -0 0 1
    outer loop
      vertex -16 8.25 22
      vertex 16 4.75 22
      vertex 16 8.25 22
    endloop
  endfacet
  facet normal 0 0 1
    outer loop
      vertex 16 4.75 22
      vertex -16 8.25 22
      vertex -16 4.75 22
    endloop
  endfacet
  facet normal 0 -1 0
    outer loop
      vertex 4.50251 4.75 -33.549
      vertex 0 4.75 -2.2
      vertex -4.50251 4.75 -33.549
    endloop
  endfacet
  facet normal 0 -1 0
    outer loop
      vertex 0 4.75 -2.2
      vertex 4.50251 4.75 -33.549
      vertex 5 4.75 -33.45
    endloop
  endfacet
  facet normal 0 -1 0
    outer loop
      vertex -4.08076 4.75 -33.8308
      vertex 4.50251 4.75 -33.549
      vertex -4.50251 4.75 -33.549
    endloop
  endfacet
  facet normal 0 -1 0
    outer loop
      vertex -4.08076 4.75 -33.8308
      vertex 4.08076 4.75 -33.8308
      vertex 4.50251 4.75 -33.549
    endloop
  endfacet
  facet normal 0 -1 0
    outer loop
      vertex -3.79896 4.75 -34.2525
      vertex 4.08076 4.75 -33.8308
      vertex -4.08076 4.75 -33.8308
    endloop
  endfacet
  facet normal 0 -1 0
    outer loop
      vertex -3.79896 4.75 -34.2525
      vertex 3.79896 4.75 -34.2525
      vertex 4.08076 4.75 -33.8308
    endloop
  endfacet
  facet normal 0 -1 0
    outer loop
      vertex -3.7 4.75 -34.75
      vertex 3.79896 4.75 -34.2525
      vertex -3.79896 4.75 -34.2525
    endloop
  endfacet
  facet normal 0 -1 0
    outer loop
      vertex -3.7 4.75 -34.75
      vertex 3.7 4.75 -34.75
      vertex 3.79896 4.75 -34.2525
    endloop
  endfacet
  facet normal 0 -1 0
    outer loop
      vertex -3.79896 4.75 -35.2475
      vertex 3.7 4.75 -34.75
      vertex -3.7 4.75 -34.75
    endloop
  endfacet
  facet normal 0 -1 0
    outer loop
      vertex -3.79896 4.75 -35.2475
      vertex 3.79896 4.75 -35.2475
      vertex 3.7 4.75 -34.75
    endloop
  endfacet
  facet normal 0 -1 0
    outer loop
      vertex -4.08076 4.75 -35.6692
      vertex 3.79896 4.75 -35.2475
      vertex -3.79896 4.75 -35.2475
    endloop
  endfacet
  facet normal 0 -1 0
    outer loop
      vertex -4.08076 4.75 -35.6692
      vertex 4.08076 4.75 -35.6692
      vertex 3.79896 4.75 -35.2475
    endloop
  endfacet
  facet normal 0 -1 0
    outer loop
      vertex -4.50251 4.75 -35.951
      vertex 4.08076 4.75 -35.6692
      vertex -4.08076 4.75 -35.6692
    endloop
  endfacet
  facet normal 0 -1 0
    outer loop
      vertex -4.50251 4.75 -35.951
      vertex 4.50251 4.75 -35.951
      vertex 4.08076 4.75 -35.6692
    endloop
  endfacet
  facet normal 0 -1 0
    outer loop
      vertex -5 4.75 -36.05
      vertex 4.50251 4.75 -35.951
      vertex -4.50251 4.75 -35.951
    endloop
  endfacet
  facet normal 0 -1 -0
    outer loop
      vertex 4.50251 4.75 -35.951
      vertex -5 4.75 -36.05
      vertex 5 4.75 -36.05
    endloop
  endfacet
  facet normal 0 -1 0
    outer loop
      vertex 16 4.75 22
      vertex 5.49749 4.75 15.951
      vertex 12 4.75 16
    endloop
  endfacet
  facet normal 0 -1 0
    outer loop
      vertex 5.91924 4.75 15.6692
      vertex 12 4.75 16
      vertex 5.49749 4.75 15.951
    endloop
  endfacet
  facet normal 0 -1 0
    outer loop
      vertex 6.20104 4.75 15.2475
      vertex 12 4.75 16
      vertex 5.91924 4.75 15.6692
    endloop
  endfacet
  facet normal 0 -1 0
    outer loop
      vertex 6.3 4.75 14.75
      vertex 12 4.75 16
      vertex 6.20104 4.75 15.2475
    endloop
  endfacet
  facet normal 0 -1 0
    outer loop
      vertex 6.20104 4.75 14.2525
      vertex 12 4.75 16
      vertex 6.3 4.75 14.75
    endloop
  endfacet
  facet normal 0 -1 0
    outer loop
      vertex 5.91924 4.75 13.8308
      vertex 12 4.75 16
      vertex 6.20104 4.75 14.2525
    endloop
  endfacet
  facet normal 0 -1 0
    outer loop
      vertex 2.03253 4.75 0.841903
      vertex 5.91924 4.75 13.8308
      vertex 5.49749 4.75 13.549
    endloop
  endfacet
  facet normal 0 -1 0
    outer loop
      vertex 0.569402 4.75 2.12504
      vertex 4.50251 4.75 13.549
      vertex 0.287157 4.75 2.18118
    endloop
  endfacet
  facet normal 0 -1 0
    outer loop
      vertex 0.841903 4.75 2.03253
      vertex 4.50251 4.75 13.549
      vertex 0.569402 4.75 2.12504
    endloop
  endfacet
  facet normal 0 -1 -0
    outer loop
      vertex 4.50251 4.75 13.549
      vertex 0.841903 4.75 2.03253
      vertex 5 4.75 13.45
    endloop
  endfacet
  facet normal 0 -1 0
    outer loop
      vertex 1.1 4.75 1.90526
      vertex 5 4.75 13.45
      vertex 0.841903 4.75 2.03253
    endloop
  endfacet
  facet normal 0 -1 0
    outer loop
      vertex 1.33927 4.75 1.74538
      vertex 5 4.75 13.45
      vertex 1.1 4.75 1.90526
    endloop
  endfacet
  facet normal 0 -1 0
    outer loop
      vertex 1.55563 4.75 1.55563
      vertex 5 4.75 13.45
      vertex 1.33927 4.75 1.74538
    endloop
  endfacet
  facet normal 0 -1 -0
    outer loop
      vertex 5 4.75 13.45
      vertex 1.55563 4.75 1.55563
      vertex 5.49749 4.75 13.549
    endloop
  endfacet
  facet normal 0 -1 0
    outer loop
      vertex 1.74538 4.75 1.33927
      vertex 5.49749 4.75 13.549
      vertex 1.55563 4.75 1.55563
    endloop
  endfacet
  facet normal 0 -1 0
    outer loop
      vertex 1.90526 4.75 1.1
      vertex 5.49749 4.75 13.549
      vertex 1.74538 4.75 1.33927
    endloop
  endfacet
  facet normal 0 -1 0
    outer loop
      vertex 2.03253 4.75 0.841903
      vertex 5.49749 4.75 13.549
      vertex 1.90526 4.75 1.1
    endloop
  endfacet
  facet normal 0 -1 -0
    outer loop
      vertex 5.91924 4.75 13.8308
      vertex 2.03253 4.75 0.841903
      vertex 12 4.75 16
    endloop
  endfacet
  facet normal 0 -1 0
    outer loop
      vertex 2.12504 4.75 0.569402
      vertex 12 4.75 16
      vertex 2.03253 4.75 0.841903
    endloop
  endfacet
  facet normal 0 -1 0
    outer loop
      vertex 2.18118 4.75 0.287157
      vertex 12 4.75 16
      vertex 2.12504 4.75 0.569402
    endloop
  endfacet
  facet normal 0 -1 0
    outer loop
      vertex 2.2 4.75 0
      vertex 12 4.75 16
      vertex 2.18118 4.75 0.287157
    endloop
  endfacet
  facet normal 0 -1 0
    outer loop
      vertex 2.18118 4.75 -0.287157
      vertex 12 4.75 16
      vertex 2.2 4.75 0
    endloop
  endfacet
  facet normal 0 -1 0
    outer loop
      vertex 2.12504 4.75 -0.569402
      vertex 12 4.75 16
      vertex 2.18118 4.75 -0.287157
    endloop
  endfacet
  facet normal 0 -1 0
    outer loop
      vertex 12 4.75 -38.01
      vertex 2.12504 4.75 -0.569402
      vertex 2.03253 4.75 -0.841903
    endloop
  endfacet
  facet normal 0 -1 0
    outer loop
      vertex 12 4.75 -38.01
      vertex 2.03253 4.75 -0.841903
      vertex 1.90526 4.75 -1.1
    endloop
  endfacet
  facet normal 0 -1 -0
    outer loop
      vertex -0.287157 4.75 -2.18118
      vertex -4.50251 4.75 -33.549
      vertex 0 4.75 -2.2
    endloop
  endfacet
  facet normal 0 -1 0
    outer loop
      vertex 0 4.75 -2.2
      vertex 5 4.75 -33.45
      vertex 0.287157 4.75 -2.18118
    endloop
  endfacet
  facet normal 0 -1 0
    outer loop
      vertex 0.287157 4.75 -2.18118
      vertex 5 4.75 -33.45
      vertex 0.569402 4.75 -2.12504
    endloop
  endfacet
  facet normal 0 -1 0
    outer loop
      vertex 0.569402 4.75 -2.12504
      vertex 5 4.75 -33.45
      vertex 0.841903 4.75 -2.03253
    endloop
  endfacet
  facet normal 0 -1 0
    outer loop
      vertex 0.841903 4.75 -2.03253
      vertex 5 4.75 -33.45
      vertex 1.1 4.75 -1.90526
    endloop
  endfacet
  facet normal 0 -1 0
    outer loop
      vertex 5.49749 4.75 -33.549
      vertex 1.1 4.75 -1.90526
      vertex 5 4.75 -33.45
    endloop
  endfacet
  facet normal 0 -1 0
    outer loop
      vertex 1.1 4.75 -1.90526
      vertex 5.49749 4.75 -33.549
      vertex 1.33927 4.75 -1.74538
    endloop
  endfacet
  facet normal 0 -1 0
    outer loop
      vertex 1.33927 4.75 -1.74538
      vertex 5.49749 4.75 -33.549
      vertex 1.55563 4.75 -1.55563
    endloop
  endfacet
  facet normal 0 -1 0
    outer loop
      vertex 5.91924 4.75 -33.8308
      vertex 1.55563 4.75 -1.55563
      vertex 5.49749 4.75 -33.549
    endloop
  endfacet
  facet normal 0 -1 0
    outer loop
      vertex 1.55563 4.75 -1.55563
      vertex 5.91924 4.75 -33.8308
      vertex 1.74538 4.75 -1.33927
    endloop
  endfacet
  facet normal 0 -1 0
    outer loop
      vertex 1.74538 4.75 -1.33927
      vertex 5.91924 4.75 -33.8308
      vertex 1.90526 4.75 -1.1
    endloop
  endfacet
  facet normal 0 -1 0
    outer loop
      vertex 12 4.75 -38.01
      vertex 1.90526 4.75 -1.1
      vertex 5.91924 4.75 -33.8308
    endloop
  endfacet
  facet normal 0 -1 0
    outer loop
      vertex 12 4.75 -38.01
      vertex 5.91924 4.75 -33.8308
      vertex 6.20104 4.75 -34.2525
    endloop
  endfacet
  facet normal 0 -1 0
    outer loop
      vertex 12 4.75 -38.01
      vertex 6.20104 4.75 -34.2525
      vertex 6.3 4.75 -34.75
    endloop
  endfacet
  facet normal 0 -1 0
    outer loop
      vertex 2.12504 4.75 -0.569402
      vertex 12 4.75 -38.01
      vertex 12 4.75 16
    endloop
  endfacet
  facet normal 0 -1 0
    outer loop
      vertex 6.20104 4.75 -35.2475
      vertex 12 4.75 -38.01
      vertex 6.3 4.75 -34.75
    endloop
  endfacet
  facet normal 0 -1 0
    outer loop
      vertex 5.91924 4.75 -35.6692
      vertex 12 4.75 -38.01
      vertex 6.20104 4.75 -35.2475
    endloop
  endfacet
  facet normal 0 -1 0
    outer loop
      vertex 5.49749 4.75 -35.951
      vertex 12 4.75 -38.01
      vertex 5.91924 4.75 -35.6692
    endloop
  endfacet
  facet normal 0 -1 0
    outer loop
      vertex 5 4.75 -36.05
      vertex 12 4.75 -38.01
      vertex 5.49749 4.75 -35.951
    endloop
  endfacet
  facet normal 0 -1 0
    outer loop
      vertex 12 4.75 -38.01
      vertex 5 4.75 -36.05
      vertex -12 4.75 -38.01
    endloop
  endfacet
  facet normal 0 -1 0
    outer loop
      vertex 4.50251 4.75 15.951
      vertex 16 4.75 22
      vertex -4.50251 4.75 15.951
    endloop
  endfacet
  facet normal 0 -1 0
    outer loop
      vertex 16 4.75 22
      vertex 4.50251 4.75 15.951
      vertex 5 4.75 16.05
    endloop
  endfacet
  facet normal 0 -1 0
    outer loop
      vertex -4.08076 4.75 15.6692
      vertex 4.50251 4.75 15.951
      vertex -4.50251 4.75 15.951
    endloop
  endfacet
  facet normal 0 -1 0
    outer loop
      vertex -4.08076 4.75 15.6692
      vertex 4.08076 4.75 15.6692
      vertex 4.50251 4.75 15.951
    endloop
  endfacet
  facet normal 0 -1 0
    outer loop
      vertex -3.79896 4.75 15.2475
      vertex 4.08076 4.75 15.6692
      vertex -4.08076 4.75 15.6692
    endloop
  endfacet
  facet normal 0 -1 0
    outer loop
      vertex -3.79896 4.75 15.2475
      vertex 3.79896 4.75 15.2475
      vertex 4.08076 4.75 15.6692
    endloop
  endfacet
  facet normal 0 -1 0
    outer loop
      vertex -3.7 4.75 14.75
      vertex 3.79896 4.75 15.2475
      vertex -3.79896 4.75 15.2475
    endloop
  endfacet
  facet normal 0 -1 0
    outer loop
      vertex -3.7 4.75 14.75
      vertex 3.7 4.75 14.75
      vertex 3.79896 4.75 15.2475
    endloop
  endfacet
  facet normal 0 -1 0
    outer loop
      vertex -3.79896 4.75 14.2525
      vertex 3.7 4.75 14.75
      vertex -3.7 4.75 14.75
    endloop
  endfacet
  facet normal 0 -1 0
    outer loop
      vertex -3.79896 4.75 14.2525
      vertex 3.79896 4.75 14.2525
      vertex 3.7 4.75 14.75
    endloop
  endfacet
  facet normal 0 -1 0
    outer loop
      vertex -4.08076 4.75 13.8308
      vertex 3.79896 4.75 14.2525
      vertex -3.79896 4.75 14.2525
    endloop
  endfacet
  facet normal 0 -1 0
    outer loop
      vertex -4.08076 4.75 13.8308
      vertex 4.08076 4.75 13.8308
      vertex 3.79896 4.75 14.2525
    endloop
  endfacet
  facet normal 0 -1 0
    outer loop
      vertex -0.287157 4.75 2.18118
      vertex -4.08076 4.75 13.8308
      vertex -4.50251 4.75 13.549
    endloop
  endfacet
  facet normal 0 -1 0
    outer loop
      vertex -4.08076 4.75 13.8308
      vertex 0 4.75 2.2
      vertex 4.08076 4.75 13.8308
    endloop
  endfacet
  facet normal 0 -1 0
    outer loop
      vertex -0.841903 4.75 2.03253
      vertex -4.50251 4.75 13.549
      vertex -5 4.75 13.45
    endloop
  endfacet
  facet normal 0 -1 0
    outer loop
      vertex 0.287157 4.75 2.18118
      vertex 4.08076 4.75 13.8308
      vertex 0 4.75 2.2
    endloop
  endfacet
  facet normal 0 -1 0
    outer loop
      vertex -4.50251 4.75 15.951
      vertex -16 4.75 22
      vertex -5 4.75 16.05
    endloop
  endfacet
  facet normal 0 -1 0
    outer loop
      vertex -12 4.75 16
      vertex -16 4.75 22
      vertex -16 4.75 16
    endloop
  endfacet
  facet normal 0 -1 0
    outer loop
      vertex -5.49749 4.75 15.951
      vertex -16 4.75 22
      vertex -12 4.75 16
    endloop
  endfacet
  facet normal 0 -1 0
    outer loop
      vertex -16 4.75 22
      vertex -5.49749 4.75 15.951
      vertex -5 4.75 16.05
    endloop
  endfacet
  facet normal 0 -1 0
    outer loop
      vertex -12 4.75 16
      vertex -5.91924 4.75 15.6692
      vertex -5.49749 4.75 15.951
    endloop
  endfacet
  facet normal 0 -1 0
    outer loop
      vertex -12 4.75 16
      vertex -6.20104 4.75 15.2475
      vertex -5.91924 4.75 15.6692
    endloop
  endfacet
  facet normal 0 -1 0
    outer loop
      vertex -12 4.75 16
      vertex -6.3 4.75 14.75
      vertex -6.20104 4.75 15.2475
    endloop
  endfacet
  facet normal 0 -1 0
    outer loop
      vertex -12 4.75 16
      vertex -6.20104 4.75 14.2525
      vertex -6.3 4.75 14.75
    endloop
  endfacet
  facet normal 0 -1 0
    outer loop
      vertex -12 4.75 16
      vertex -5.91924 4.75 13.8308
      vertex -6.20104 4.75 14.2525
    endloop
  endfacet
  facet normal 0 -1 0
    outer loop
      vertex -2.03253 4.75 0.841903
      vertex -5.91924 4.75 13.8308
      vertex -12 4.75 16
    endloop
  endfacet
  facet normal 0 -1 -0
    outer loop
      vertex 4.08076 4.75 13.8308
      vertex 0.287157 4.75 2.18118
      vertex 4.50251 4.75 13.549
    endloop
  endfacet
  facet normal 0 -1 0
    outer loop
      vertex -1.55563 4.75 1.55563
      vertex -5 4.75 13.45
      vertex -5.49749 4.75 13.549
    endloop
  endfacet
  facet normal 0 -1 0
    outer loop
      vertex -5.91924 4.75 13.8308
      vertex -2.03253 4.75 0.841903
      vertex -5.49749 4.75 13.549
    endloop
  endfacet
  facet normal 0 -1 0
    outer loop
      vertex -4.08076 4.75 13.8308
      vertex -0.287157 4.75 2.18118
      vertex 0 4.75 2.2
    endloop
  endfacet
  facet normal 0 -1 0
    outer loop
      vertex -4.50251 4.75 13.549
      vertex -0.569402 4.75 2.12504
      vertex -0.287157 4.75 2.18118
    endloop
  endfacet
  facet normal 0 -1 0
    outer loop
      vertex -4.50251 4.75 13.549
      vertex -0.841903 4.75 2.03253
      vertex -0.569402 4.75 2.12504
    endloop
  endfacet
  facet normal 0 -1 0
    outer loop
      vertex -5 4.75 13.45
      vertex -1.1 4.75 1.90526
      vertex -0.841903 4.75 2.03253
    endloop
  endfacet
  facet normal 0 -1 0
    outer loop
      vertex -5 4.75 13.45
      vertex -1.33927 4.75 1.74538
      vertex -1.1 4.75 1.90526
    endloop
  endfacet
  facet normal 0 -1 0
    outer loop
      vertex -5 4.75 13.45
      vertex -1.55563 4.75 1.55563
      vertex -1.33927 4.75 1.74538
    endloop
  endfacet
  facet normal 0 -1 0
    outer loop
      vertex -5.49749 4.75 13.549
      vertex -1.74538 4.75 1.33927
      vertex -1.55563 4.75 1.55563
    endloop
  endfacet
  facet normal 0 -1 0
    outer loop
      vertex -5.49749 4.75 13.549
      vertex -1.90526 4.75 1.1
      vertex -1.74538 4.75 1.33927
    endloop
  endfacet
  facet normal 0 -1 0
    outer loop
      vertex -5.49749 4.75 13.549
      vertex -2.03253 4.75 0.841903
      vertex -1.90526 4.75 1.1
    endloop
  endfacet
  facet normal 0 -1 0
    outer loop
      vertex -12 4.75 16
      vertex -2.12504 4.75 0.569402
      vertex -2.03253 4.75 0.841903
    endloop
  endfacet
  facet normal 0 -1 0
    outer loop
      vertex -12 4.75 16
      vertex -2.18118 4.75 0.287157
      vertex -2.12504 4.75 0.569402
    endloop
  endfacet
  facet normal 0 -1 0
    outer loop
      vertex -12 4.75 16
      vertex -2.2 4.75 0
      vertex -2.18118 4.75 0.287157
    endloop
  endfacet
  facet normal 0 -1 0
    outer loop
      vertex -12 4.75 16
      vertex -2.18118 4.75 -0.287157
      vertex -2.2 4.75 0
    endloop
  endfacet
  facet normal 0 -1 0
    outer loop
      vertex -12 4.75 16
      vertex -2.12504 4.75 -0.569402
      vertex -2.18118 4.75 -0.287157
    endloop
  endfacet
  facet normal 0 -1 0
    outer loop
      vertex -12 4.75 -38.01
      vertex -2.12504 4.75 -0.569402
      vertex -12 4.75 16
    endloop
  endfacet
  facet normal 0 -1 -0
    outer loop
      vertex -2.12504 4.75 -0.569402
      vertex -12 4.75 -38.01
      vertex -2.03253 4.75 -0.841903
    endloop
  endfacet
  facet normal 0 -1 0
    outer loop
      vertex -4.50251 4.75 -33.549
      vertex -0.287157 4.75 -2.18118
      vertex -5 4.75 -33.45
    endloop
  endfacet
  facet normal 0 -1 -0
    outer loop
      vertex -0.569402 4.75 -2.12504
      vertex -5 4.75 -33.45
      vertex -0.287157 4.75 -2.18118
    endloop
  endfacet
  facet normal 0 -1 -0
    outer loop
      vertex -0.841903 4.75 -2.03253
      vertex -5 4.75 -33.45
      vertex -0.569402 4.75 -2.12504
    endloop
  endfacet
  facet normal 0 -1 -0
    outer loop
      vertex -1.1 4.75 -1.90526
      vertex -5 4.75 -33.45
      vertex -0.841903 4.75 -2.03253
    endloop
  endfacet
  facet normal 0 -1 0
    outer loop
      vertex -5.49749 4.75 -33.549
      vertex -1.1 4.75 -1.90526
      vertex -1.33927 4.75 -1.74538
    endloop
  endfacet
  facet normal 0 -1 0
    outer loop
      vertex -5.49749 4.75 -33.549
      vertex -1.33927 4.75 -1.74538
      vertex -1.55563 4.75 -1.55563
    endloop
  endfacet
  facet normal 0 -1 0
    outer loop
      vertex -5.91924 4.75 -33.8308
      vertex -1.55563 4.75 -1.55563
      vertex -1.74538 4.75 -1.33927
    endloop
  endfacet
  facet normal 0 -1 0
    outer loop
      vertex -5.91924 4.75 -33.8308
      vertex -1.74538 4.75 -1.33927
      vertex -1.90526 4.75 -1.1
    endloop
  endfacet
  facet normal 0 -1 -0
    outer loop
      vertex -2.03253 4.75 -0.841903
      vertex -12 4.75 -38.01
      vertex -1.90526 4.75 -1.1
    endloop
  endfacet
  facet normal 0 -1 0
    outer loop
      vertex -1.1 4.75 -1.90526
      vertex -5.49749 4.75 -33.549
      vertex -5 4.75 -33.45
    endloop
  endfacet
  facet normal 0 -1 0
    outer loop
      vertex -1.55563 4.75 -1.55563
      vertex -5.91924 4.75 -33.8308
      vertex -5.49749 4.75 -33.549
    endloop
  endfacet
  facet normal 0 -1 0
    outer loop
      vertex -1.90526 4.75 -1.1
      vertex -12 4.75 -38.01
      vertex -5.91924 4.75 -33.8308
    endloop
  endfacet
  facet normal 0 -1 0
    outer loop
      vertex -5.91924 4.75 -33.8308
      vertex -12 4.75 -38.01
      vertex -6.20104 4.75 -34.2525
    endloop
  endfacet
  facet normal 0 -1 -0
    outer loop
      vertex -5 4.75 -36.05
      vertex -12 4.75 -38.01
      vertex 5 4.75 -36.05
    endloop
  endfacet
  facet normal 0 -1 -0
    outer loop
      vertex -5.49749 4.75 -35.951
      vertex -12 4.75 -38.01
      vertex -5 4.75 -36.05
    endloop
  endfacet
  facet normal 0 -1 -0
    outer loop
      vertex -5.91924 4.75 -35.6692
      vertex -12 4.75 -38.01
      vertex -5.49749 4.75 -35.951
    endloop
  endfacet
  facet normal 0 -1 -0
    outer loop
      vertex -6.20104 4.75 -35.2475
      vertex -12 4.75 -38.01
      vertex -5.91924 4.75 -35.6692
    endloop
  endfacet
  facet normal 0 -1 -0
    outer loop
      vertex -6.3 4.75 -34.75
      vertex -12 4.75 -38.01
      vertex -6.20104 4.75 -35.2475
    endloop
  endfacet
  facet normal 0 -1 0
    outer loop
      vertex -6.20104 4.75 -34.2525
      vertex -12 4.75 -38.01
      vertex -6.3 4.75 -34.75
    endloop
  endfacet
  facet normal 0 -1 0
    outer loop
      vertex -16 4.75 22
      vertex -4.50251 4.75 15.951
      vertex 16 4.75 22
    endloop
  endfacet
  facet normal 0 -1 0
    outer loop
      vertex 5.49749 4.75 15.951
      vertex 16 4.75 22
      vertex 5 4.75 16.05
    endloop
  endfacet
  facet normal 0 -1 -0
    outer loop
      vertex 16 4.75 22
      vertex 12 4.75 16
      vertex 16 4.75 16
    endloop
  endfacet
  facet normal 0 1 0
    outer loop
      vertex -4.50251 -22 -33.549
      vertex 0 -22 -2.2
      vertex 4.50251 -22 -33.549
    endloop
  endfacet
  facet normal 0 1 0
    outer loop
      vertex 0 -22 -2.2
      vertex -4.50251 -22 -33.549
      vertex -5 -22 -33.45
    endloop
  endfacet
  facet normal 0 1 -0
    outer loop
      vertex 4.08076 -22 -33.8308
      vertex -4.50251 -22 -33.549
      vertex 4.50251 -22 -33.549
    endloop
  endfacet
  facet normal 0 1 0
    outer loop
      vertex 4.08076 -22 -33.8308
      vertex -4.08076 -22 -33.8308
      vertex -4.50251 -22 -33.549
    endloop
  endfacet
  facet normal 0 1 -0
    outer loop
      vertex 3.79896 -22 -34.2525
      vertex -4.08076 -22 -33.8308
      vertex 4.08076 -22 -33.8308
    endloop
  endfacet
  facet normal 0 1 0
    outer loop
      vertex 3.79896 -22 -34.2525
      vertex -3.79896 -22 -34.2525
      vertex -4.08076 -22 -33.8308
    endloop
  endfacet
  facet normal 0 1 -0
    outer loop
      vertex 3.7 -22 -34.75
      vertex -3.79896 -22 -34.2525
      vertex 3.79896 -22 -34.2525
    endloop
  endfacet
  facet normal 0 1 0
    outer loop
      vertex 3.7 -22 -34.75
      vertex -3.7 -22 -34.75
      vertex -3.79896 -22 -34.2525
    endloop
  endfacet
  facet normal 0 1 0
    outer loop
      vertex 3.79896 -22 -35.2475
      vertex -3.7 -22 -34.75
      vertex 3.7 -22 -34.75
    endloop
  endfacet
  facet normal 0 1 0
    outer loop
      vertex 3.79896 -22 -35.2475
      vertex -3.79896 -22 -35.2475
      vertex -3.7 -22 -34.75
    endloop
  endfacet
  facet normal 0 1 0
    outer loop
      vertex 4.08076 -22 -35.6692
      vertex -3.79896 -22 -35.2475
      vertex 3.79896 -22 -35.2475
    endloop
  endfacet
  facet normal 0 1 0
    outer loop
      vertex 4.08076 -22 -35.6692
      vertex -4.08076 -22 -35.6692
      vertex -3.79896 -22 -35.2475
    endloop
  endfacet
  facet normal 0 1 0
    outer loop
      vertex 4.50251 -22 -35.951
      vertex -4.08076 -22 -35.6692
      vertex 4.08076 -22 -35.6692
    endloop
  endfacet
  facet normal 0 1 0
    outer loop
      vertex 4.50251 -22 -35.951
      vertex -4.50251 -22 -35.951
      vertex -4.08076 -22 -35.6692
    endloop
  endfacet
  facet normal 0 1 0
    outer loop
      vertex 5 -22 -36.05
      vertex -4.50251 -22 -35.951
      vertex 4.50251 -22 -35.951
    endloop
  endfacet
  facet normal 0 1 0
    outer loop
      vertex -4.50251 -22 -35.951
      vertex 5 -22 -36.05
      vertex -5 -22 -36.05
    endloop
  endfacet
  facet normal 0 1 0
    outer loop
      vertex 12 -22 16
      vertex 5.49749 -22 15.951
      vertex 5.25136 -22 16
    endloop
  endfacet
  facet normal 0 1 0
    outer loop
      vertex 12 -22 16
      vertex 5.91924 -22 15.6692
      vertex 5.49749 -22 15.951
    endloop
  endfacet
  facet normal 0 1 0
    outer loop
      vertex 12 -22 16
      vertex 6.20104 -22 15.2475
      vertex 5.91924 -22 15.6692
    endloop
  endfacet
  facet normal 0 1 0
    outer loop
      vertex 12 -22 16
      vertex 6.3 -22 14.75
      vertex 6.20104 -22 15.2475
    endloop
  endfacet
  facet normal 0 1 0
    outer loop
      vertex 12 -22 16
      vertex 6.20104 -22 14.2525
      vertex 6.3 -22 14.75
    endloop
  endfacet
  facet normal 0 1 0
    outer loop
      vertex 12 -22 16
      vertex 5.91924 -22 13.8308
      vertex 6.20104 -22 14.2525
    endloop
  endfacet
  facet normal 0 1 0
    outer loop
      vertex 2.03253 -22 0.841903
      vertex 5.91924 -22 13.8308
      vertex 12 -22 16
    endloop
  endfacet
  facet normal 0 1 0
    outer loop
      vertex -4.08076 -22 13.8308
      vertex -0.287157 -22 2.18118
      vertex -4.50251 -22 13.549
    endloop
  endfacet
  facet normal 0 1 0
    outer loop
      vertex 1.55563 -22 1.55563
      vertex 5 -22 13.45
      vertex 5.49749 -22 13.549
    endloop
  endfacet
  facet normal 0 1 0
    outer loop
      vertex 5.91924 -22 13.8308
      vertex 2.03253 -22 0.841903
      vertex 5.49749 -22 13.549
    endloop
  endfacet
  facet normal 0 1 0
    outer loop
      vertex 4.50251 -22 13.549
      vertex 0.287157 -22 2.18118
      vertex 0 -22 2.2
    endloop
  endfacet
  facet normal 0 1 0
    outer loop
      vertex 4.50251 -22 13.549
      vertex 0.569402 -22 2.12504
      vertex 0.287157 -22 2.18118
    endloop
  endfacet
  facet normal 0 1 0
    outer loop
      vertex 4.50251 -22 13.549
      vertex 0.841903 -22 2.03253
      vertex 0.569402 -22 2.12504
    endloop
  endfacet
  facet normal 0 1 0
    outer loop
      vertex 5 -22 13.45
      vertex 1.1 -22 1.90526
      vertex 0.841903 -22 2.03253
    endloop
  endfacet
  facet normal 0 1 0
    outer loop
      vertex 5 -22 13.45
      vertex 1.33927 -22 1.74538
      vertex 1.1 -22 1.90526
    endloop
  endfacet
  facet normal 0 1 0
    outer loop
      vertex 5 -22 13.45
      vertex 1.55563 -22 1.55563
      vertex 1.33927 -22 1.74538
    endloop
  endfacet
  facet normal 0 1 0
    outer loop
      vertex 5.49749 -22 13.549
      vertex 1.74538 -22 1.33927
      vertex 1.55563 -22 1.55563
    endloop
  endfacet
  facet normal 0 1 0
    outer loop
      vertex 5.49749 -22 13.549
      vertex 1.90526 -22 1.1
      vertex 1.74538 -22 1.33927
    endloop
  endfacet
  facet normal 0 1 0
    outer loop
      vertex 5.49749 -22 13.549
      vertex 2.03253 -22 0.841903
      vertex 1.90526 -22 1.1
    endloop
  endfacet
  facet normal 0 1 0
    outer loop
      vertex 12 -22 16
      vertex 2.12504 -22 0.569402
      vertex 2.03253 -22 0.841903
    endloop
  endfacet
  facet normal 0 1 0
    outer loop
      vertex 12 -22 16
      vertex 2.18118 -22 0.287157
      vertex 2.12504 -22 0.569402
    endloop
  endfacet
  facet normal 0 1 0
    outer loop
      vertex 12 -22 16
      vertex 2.2 -22 0
      vertex 2.18118 -22 0.287157
    endloop
  endfacet
  facet normal 0 1 0
    outer loop
      vertex 12 -22 16
      vertex 2.18118 -22 -0.287157
      vertex 2.2 -22 0
    endloop
  endfacet
  facet normal 0 1 0
    outer loop
      vertex 12 -22 16
      vertex 2.12504 -22 -0.569402
      vertex 2.18118 -22 -0.287157
    endloop
  endfacet
  facet normal 0 1 -0
    outer loop
      vertex 12 -22 -38.01
      vertex 2.12504 -22 -0.569402
      vertex 12 -22 16
    endloop
  endfacet
  facet normal 0 1 0
    outer loop
      vertex 2.12504 -22 -0.569402
      vertex 12 -22 -38.01
      vertex 2.03253 -22 -0.841903
    endloop
  endfacet
  facet normal 0 1 -0
    outer loop
      vertex 4.50251 -22 -33.549
      vertex 0.287157 -22 -2.18118
      vertex 5 -22 -33.45
    endloop
  endfacet
  facet normal 0 1 0
    outer loop
      vertex 0.569402 -22 -2.12504
      vertex 5 -22 -33.45
      vertex 0.287157 -22 -2.18118
    endloop
  endfacet
  facet normal 0 1 0
    outer loop
      vertex 0.841903 -22 -2.03253
      vertex 5 -22 -33.45
      vertex 0.569402 -22 -2.12504
    endloop
  endfacet
  facet normal 0 1 0
    outer loop
      vertex 1.1 -22 -1.90526
      vertex 5 -22 -33.45
      vertex 0.841903 -22 -2.03253
    endloop
  endfacet
  facet normal 0 1 0
    outer loop
      vertex 5.49749 -22 -33.549
      vertex 1.1 -22 -1.90526
      vertex 1.33927 -22 -1.74538
    endloop
  endfacet
  facet normal 0 1 0
    outer loop
      vertex 5.49749 -22 -33.549
      vertex 1.33927 -22 -1.74538
      vertex 1.55563 -22 -1.55563
    endloop
  endfacet
  facet normal 0 1 0
    outer loop
      vertex 5.91924 -22 -33.8308
      vertex 1.55563 -22 -1.55563
      vertex 1.74538 -22 -1.33927
    endloop
  endfacet
  facet normal 0 1 0
    outer loop
      vertex 5.91924 -22 -33.8308
      vertex 1.74538 -22 -1.33927
      vertex 1.90526 -22 -1.1
    endloop
  endfacet
  facet normal 0 1 0
    outer loop
      vertex 2.03253 -22 -0.841903
      vertex 12 -22 -38.01
      vertex 1.90526 -22 -1.1
    endloop
  endfacet
  facet normal 0 1 0
    outer loop
      vertex 1.1 -22 -1.90526
      vertex 5.49749 -22 -33.549
      vertex 5 -22 -33.45
    endloop
  endfacet
  facet normal 0 1 0
    outer loop
      vertex 1.55563 -22 -1.55563
      vertex 5.91924 -22 -33.8308
      vertex 5.49749 -22 -33.549
    endloop
  endfacet
  facet normal 0 1 0
    outer loop
      vertex 1.90526 -22 -1.1
      vertex 12 -22 -38.01
      vertex 5.91924 -22 -33.8308
    endloop
  endfacet
  facet normal 0 1 0
    outer loop
      vertex 5.91924 -22 -33.8308
      vertex 12 -22 -38.01
      vertex 6.20104 -22 -34.2525
    endloop
  endfacet
  facet normal 0 1 0
    outer loop
      vertex 5 -22 -36.05
      vertex 12 -22 -38.01
      vertex -5 -22 -36.05
    endloop
  endfacet
  facet normal 0 1 0
    outer loop
      vertex 5.49749 -22 -35.951
      vertex 12 -22 -38.01
      vertex 5 -22 -36.05
    endloop
  endfacet
  facet normal 0 1 0
    outer loop
      vertex 5.91924 -22 -35.6692
      vertex 12 -22 -38.01
      vertex 5.49749 -22 -35.951
    endloop
  endfacet
  facet normal 0 1 0
    outer loop
      vertex 6.20104 -22 -35.2475
      vertex 12 -22 -38.01
      vertex 5.91924 -22 -35.6692
    endloop
  endfacet
  facet normal 0 1 0
    outer loop
      vertex 6.3 -22 -34.75
      vertex 12 -22 -38.01
      vertex 6.20104 -22 -35.2475
    endloop
  endfacet
  facet normal 0 1 0
    outer loop
      vertex 6.20104 -22 -34.2525
      vertex 12 -22 -38.01
      vertex 6.3 -22 -34.75
    endloop
  endfacet
  facet normal 0 1 -0
    outer loop
      vertex 4.50251 -22 15.951
      vertex -4.74864 -22 16
      vertex 4.74864 -22 16
    endloop
  endfacet
  facet normal 0 1 0
    outer loop
      vertex 4.50251 -22 15.951
      vertex -4.50251 -22 15.951
      vertex -4.74864 -22 16
    endloop
  endfacet
  facet normal 0 1 -0
    outer loop
      vertex 4.08076 -22 15.6692
      vertex -4.50251 -22 15.951
      vertex 4.50251 -22 15.951
    endloop
  endfacet
  facet normal 0 1 0
    outer loop
      vertex 4.08076 -22 15.6692
      vertex -4.08076 -22 15.6692
      vertex -4.50251 -22 15.951
    endloop
  endfacet
  facet normal 0 1 -0
    outer loop
      vertex 3.79896 -22 15.2475
      vertex -4.08076 -22 15.6692
      vertex 4.08076 -22 15.6692
    endloop
  endfacet
  facet normal 0 1 0
    outer loop
      vertex 3.79896 -22 15.2475
      vertex -3.79896 -22 15.2475
      vertex -4.08076 -22 15.6692
    endloop
  endfacet
  facet normal 0 1 -0
    outer loop
      vertex 3.7 -22 14.75
      vertex -3.79896 -22 15.2475
      vertex 3.79896 -22 15.2475
    endloop
  endfacet
  facet normal 0 1 0
    outer loop
      vertex 3.7 -22 14.75
      vertex -3.7 -22 14.75
      vertex -3.79896 -22 15.2475
    endloop
  endfacet
  facet normal 0 1 0
    outer loop
      vertex 3.79896 -22 14.2525
      vertex -3.7 -22 14.75
      vertex 3.7 -22 14.75
    endloop
  endfacet
  facet normal 0 1 0
    outer loop
      vertex 3.79896 -22 14.2525
      vertex -3.79896 -22 14.2525
      vertex -3.7 -22 14.75
    endloop
  endfacet
  facet normal 0 1 0
    outer loop
      vertex 4.08076 -22 13.8308
      vertex -3.79896 -22 14.2525
      vertex 3.79896 -22 14.2525
    endloop
  endfacet
  facet normal 0 1 0
    outer loop
      vertex 4.08076 -22 13.8308
      vertex -4.08076 -22 13.8308
      vertex -3.79896 -22 14.2525
    endloop
  endfacet
  facet normal 0 1 0
    outer loop
      vertex 0 -22 2.2
      vertex 4.08076 -22 13.8308
      vertex 4.50251 -22 13.549
    endloop
  endfacet
  facet normal 0 1 0
    outer loop
      vertex 4.08076 -22 13.8308
      vertex 0 -22 2.2
      vertex -4.08076 -22 13.8308
    endloop
  endfacet
  facet normal 0 1 0
    outer loop
      vertex 0.841903 -22 2.03253
      vertex 4.50251 -22 13.549
      vertex 5 -22 13.45
    endloop
  endfacet
  facet normal 0 1 -0
    outer loop
      vertex -0.287157 -22 2.18118
      vertex -4.08076 -22 13.8308
      vertex 0 -22 2.2
    endloop
  endfacet
  facet normal 0 1 -0
    outer loop
      vertex -5.49749 -22 15.951
      vertex -12 -22 16
      vertex -5.25136 -22 16
    endloop
  endfacet
  facet normal 0 1 -0
    outer loop
      vertex -5.91924 -22 15.6692
      vertex -12 -22 16
      vertex -5.49749 -22 15.951
    endloop
  endfacet
  facet normal 0 1 -0
    outer loop
      vertex -6.20104 -22 15.2475
      vertex -12 -22 16
      vertex -5.91924 -22 15.6692
    endloop
  endfacet
  facet normal 0 1 -0
    outer loop
      vertex -6.3 -22 14.75
      vertex -12 -22 16
      vertex -6.20104 -22 15.2475
    endloop
  endfacet
  facet normal 0 1 0
    outer loop
      vertex -6.20104 -22 14.2525
      vertex -12 -22 16
      vertex -6.3 -22 14.75
    endloop
  endfacet
  facet normal 0 1 0
    outer loop
      vertex -5.91924 -22 13.8308
      vertex -12 -22 16
      vertex -6.20104 -22 14.2525
    endloop
  endfacet
  facet normal 0 1 0
    outer loop
      vertex -2.03253 -22 0.841903
      vertex -5.91924 -22 13.8308
      vertex -5.49749 -22 13.549
    endloop
  endfacet
  facet normal 0 1 -0
    outer loop
      vertex -0.569402 -22 2.12504
      vertex -4.50251 -22 13.549
      vertex -0.287157 -22 2.18118
    endloop
  endfacet
  facet normal 0 1 -0
    outer loop
      vertex -0.841903 -22 2.03253
      vertex -4.50251 -22 13.549
      vertex -0.569402 -22 2.12504
    endloop
  endfacet
  facet normal 0 1 0
    outer loop
      vertex -4.50251 -22 13.549
      vertex -0.841903 -22 2.03253
      vertex -5 -22 13.45
    endloop
  endfacet
  facet normal 0 1 -0
    outer loop
      vertex -1.1 -22 1.90526
      vertex -5 -22 13.45
      vertex -0.841903 -22 2.03253
    endloop
  endfacet
  facet normal 0 1 -0
    outer loop
      vertex -1.33927 -22 1.74538
      vertex -5 -22 13.45
      vertex -1.1 -22 1.90526
    endloop
  endfacet
  facet normal 0 1 -0
    outer loop
      vertex -1.55563 -22 1.55563
      vertex -5 -22 13.45
      vertex -1.33927 -22 1.74538
    endloop
  endfacet
  facet normal 0 1 0
    outer loop
      vertex -5 -22 13.45
      vertex -1.55563 -22 1.55563
      vertex -5.49749 -22 13.549
    endloop
  endfacet
  facet normal 0 1 -0
    outer loop
      vertex -1.74538 -22 1.33927
      vertex -5.49749 -22 13.549
      vertex -1.55563 -22 1.55563
    endloop
  endfacet
  facet normal 0 1 -0
    outer loop
      vertex -1.90526 -22 1.1
      vertex -5.49749 -22 13.549
      vertex -1.74538 -22 1.33927
    endloop
  endfacet
  facet normal 0 1 -0
    outer loop
      vertex -2.03253 -22 0.841903
      vertex -5.49749 -22 13.549
      vertex -1.90526 -22 1.1
    endloop
  endfacet
  facet normal 0 1 0
    outer loop
      vertex -5.91924 -22 13.8308
      vertex -2.03253 -22 0.841903
      vertex -12 -22 16
    endloop
  endfacet
  facet normal 0 1 -0
    outer loop
      vertex -2.12504 -22 0.569402
      vertex -12 -22 16
      vertex -2.03253 -22 0.841903
    endloop
  endfacet
  facet normal 0 1 -0
    outer loop
      vertex -2.18118 -22 0.287157
      vertex -12 -22 16
      vertex -2.12504 -22 0.569402
    endloop
  endfacet
  facet normal 0 1 -0
    outer loop
      vertex -2.2 -22 0
      vertex -12 -22 16
      vertex -2.18118 -22 0.287157
    endloop
  endfacet
  facet normal 0 1 0
    outer loop
      vertex -2.18118 -22 -0.287157
      vertex -12 -22 16
      vertex -2.2 -22 0
    endloop
  endfacet
  facet normal 0 1 0
    outer loop
      vertex -2.12504 -22 -0.569402
      vertex -12 -22 16
      vertex -2.18118 -22 -0.287157
    endloop
  endfacet
  facet normal 0 1 0
    outer loop
      vertex -12 -22 -38.01
      vertex -2.12504 -22 -0.569402
      vertex -2.03253 -22 -0.841903
    endloop
  endfacet
  facet normal 0 1 0
    outer loop
      vertex -12 -22 -38.01
      vertex -2.03253 -22 -0.841903
      vertex -1.90526 -22 -1.1
    endloop
  endfacet
  facet normal 0 1 0
    outer loop
      vertex 0.287157 -22 -2.18118
      vertex 4.50251 -22 -33.549
      vertex 0 -22 -2.2
    endloop
  endfacet
  facet normal 0 1 0
    outer loop
      vertex 0 -22 -2.2
      vertex -5 -22 -33.45
      vertex -0.287157 -22 -2.18118
    endloop
  endfacet
  facet normal 0 1 0
    outer loop
      vertex -0.287157 -22 -2.18118
      vertex -5 -22 -33.45
      vertex -0.569402 -22 -2.12504
    endloop
  endfacet
  facet normal 0 1 0
    outer loop
      vertex -0.569402 -22 -2.12504
      vertex -5 -22 -33.45
      vertex -0.841903 -22 -2.03253
    endloop
  endfacet
  facet normal 0 1 0
    outer loop
      vertex -0.841903 -22 -2.03253
      vertex -5 -22 -33.45
      vertex -1.1 -22 -1.90526
    endloop
  endfacet
  facet normal 0 1 0
    outer loop
      vertex -5.49749 -22 -33.549
      vertex -1.1 -22 -1.90526
      vertex -5 -22 -33.45
    endloop
  endfacet
  facet normal 0 1 0
    outer loop
      vertex -1.1 -22 -1.90526
      vertex -5.49749 -22 -33.549
      vertex -1.33927 -22 -1.74538
    endloop
  endfacet
  facet normal 0 1 0
    outer loop
      vertex -1.33927 -22 -1.74538
      vertex -5.49749 -22 -33.549
      vertex -1.55563 -22 -1.55563
    endloop
  endfacet
  facet normal 0 1 0
    outer loop
      vertex -5.91924 -22 -33.8308
      vertex -1.55563 -22 -1.55563
      vertex -5.49749 -22 -33.549
    endloop
  endfacet
  facet normal 0 1 0
    outer loop
      vertex -1.55563 -22 -1.55563
      vertex -5.91924 -22 -33.8308
      vertex -1.74538 -22 -1.33927
    endloop
  endfacet
  facet normal 0 1 0
    outer loop
      vertex -1.74538 -22 -1.33927
      vertex -5.91924 -22 -33.8308
      vertex -1.90526 -22 -1.1
    endloop
  endfacet
  facet normal 0 1 0
    outer loop
      vertex -12 -22 -38.01
      vertex -1.90526 -22 -1.1
      vertex -5.91924 -22 -33.8308
    endloop
  endfacet
  facet normal 0 1 0
    outer loop
      vertex -12 -22 -38.01
      vertex -5.91924 -22 -33.8308
      vertex -6.20104 -22 -34.2525
    endloop
  endfacet
  facet normal 0 1 0
    outer loop
      vertex -12 -22 -38.01
      vertex -6.20104 -22 -34.2525
      vertex -6.3 -22 -34.75
    endloop
  endfacet
  facet normal 0 1 0
    outer loop
      vertex -2.12504 -22 -0.569402
      vertex -12 -22 -38.01
      vertex -12 -22 16
    endloop
  endfacet
  facet normal 0 1 0
    outer loop
      vertex -6.20104 -22 -35.2475
      vertex -12 -22 -38.01
      vertex -6.3 -22 -34.75
    endloop
  endfacet
  facet normal 0 1 0
    outer loop
      vertex -5.91924 -22 -35.6692
      vertex -12 -22 -38.01
      vertex -6.20104 -22 -35.2475
    endloop
  endfacet
  facet normal 0 1 0
    outer loop
      vertex -5.49749 -22 -35.951
      vertex -12 -22 -38.01
      vertex -5.91924 -22 -35.6692
    endloop
  endfacet
  facet normal 0 1 0
    outer loop
      vertex -5 -22 -36.05
      vertex -12 -22 -38.01
      vertex -5.49749 -22 -35.951
    endloop
  endfacet
  facet normal 0 1 0
    outer loop
      vertex -12 -22 -38.01
      vertex -5 -22 -36.05
      vertex 12 -22 -38.01
    endloop
  endfacet
  facet normal -0.555564 0 -0.831474
    outer loop
      vertex -4.50251 4.75 -33.549
      vertex -4.08076 8.25 -33.8308
      vertex -4.08076 4.75 -33.8308
    endloop
  endfacet
  facet normal -0.555564 0 -0.831474
    outer loop
      vertex -4.08076 8.25 -33.8308
      vertex -4.50251 4.75 -33.549
      vertex -4.50251 8.25 -33.549
    endloop
  endfacet
  facet normal -0.555564 0 -0.831474
    outer loop
      vertex -4.50251 -27 -33.549
      vertex -4.08076 -22 -33.8308
      vertex -4.08076 -27 -33.8308
    endloop
  endfacet
  facet normal -0.555564 0 -0.831474
    outer loop
      vertex -4.08076 -22 -33.8308
      vertex -4.50251 -27 -33.549
      vertex -4.50251 -22 -33.549
    endloop
  endfacet
  facet normal -0.195172 0 -0.980769
    outer loop
      vertex -5 4.75 -33.45
      vertex -4.50251 8.25 -33.549
      vertex -4.50251 4.75 -33.549
    endloop
  endfacet
  facet normal -0.195172 0 -0.980769
    outer loop
      vertex -4.50251 8.25 -33.549
      vertex -5 4.75 -33.45
      vertex -5 8.25 -33.45
    endloop
  endfacet
  facet normal -0.195172 0 -0.980769
    outer loop
      vertex -5 -27 -33.45
      vertex -4.50251 -22 -33.549
      vertex -4.50251 -27 -33.549
    endloop
  endfacet
  facet normal -0.195172 0 -0.980769
    outer loop
      vertex -4.50251 -22 -33.549
      vertex -5 -27 -33.45
      vertex -5 -22 -33.45
    endloop
  endfacet
  facet normal -0.831443 0 -0.55561
    outer loop
      vertex -3.79896 4.75 -34.2525
      vertex -4.08076 8.25 -33.8308
      vertex -3.79896 8.25 -34.2525
    endloop
  endfacet
  facet normal -0.831443 -0 -0.55561
    outer loop
      vertex -4.08076 8.25 -33.8308
      vertex -3.79896 4.75 -34.2525
      vertex -4.08076 4.75 -33.8308
    endloop
  endfacet
  facet normal -0.831443 0 -0.55561
    outer loop
      vertex -3.79896 -27 -34.2525
      vertex -4.08076 -22 -33.8308
      vertex -3.79896 -22 -34.2525
    endloop
  endfacet
  facet normal -0.831443 -0 -0.55561
    outer loop
      vertex -4.08076 -22 -33.8308
      vertex -3.79896 -27 -34.2525
      vertex -4.08076 -27 -33.8308
    endloop
  endfacet
  facet normal -0.980785 0 -0.195092
    outer loop
      vertex -3.7 4.75 -34.75
      vertex -3.79896 8.25 -34.2525
      vertex -3.7 8.25 -34.75
    endloop
  endfacet
  facet normal -0.980785 -0 -0.195092
    outer loop
      vertex -3.79896 8.25 -34.2525
      vertex -3.7 4.75 -34.75
      vertex -3.79896 4.75 -34.2525
    endloop
  endfacet
  facet normal -0.980785 0 -0.195092
    outer loop
      vertex -3.7 -27 -34.75
      vertex -3.79896 -22 -34.2525
      vertex -3.7 -22 -34.75
    endloop
  endfacet
  facet normal -0.980785 -0 -0.195092
    outer loop
      vertex -3.79896 -22 -34.2525
      vertex -3.7 -27 -34.75
      vertex -3.79896 -27 -34.2525
    endloop
  endfacet
  facet normal 0.555564 0 0.831474
    outer loop
      vertex -5.91924 8.25 -35.6692
      vertex -5.49749 4.75 -35.951
      vertex -5.49749 8.25 -35.951
    endloop
  endfacet
  facet normal 0.555564 0 0.831474
    outer loop
      vertex -5.49749 4.75 -35.951
      vertex -5.91924 8.25 -35.6692
      vertex -5.91924 4.75 -35.6692
    endloop
  endfacet
  facet normal 0.555564 0 0.831474
    outer loop
      vertex -5.91924 -22 -35.6692
      vertex -5.49749 -27 -35.951
      vertex -5.49749 -22 -35.951
    endloop
  endfacet
  facet normal 0.555564 0 0.831474
    outer loop
      vertex -5.49749 -27 -35.951
      vertex -5.91924 -22 -35.6692
      vertex -5.91924 -27 -35.6692
    endloop
  endfacet
  facet normal -0.195172 0 0.980769
    outer loop
      vertex -5 8.25 -36.05
      vertex -4.50251 4.75 -35.951
      vertex -4.50251 8.25 -35.951
    endloop
  endfacet
  facet normal -0.195172 0 0.980769
    outer loop
      vertex -4.50251 4.75 -35.951
      vertex -5 8.25 -36.05
      vertex -5 4.75 -36.05
    endloop
  endfacet
  facet normal -0.195172 0 0.980769
    outer loop
      vertex -5 -22 -36.05
      vertex -4.50251 -27 -35.951
      vertex -4.50251 -22 -35.951
    endloop
  endfacet
  facet normal -0.195172 0 0.980769
    outer loop
      vertex -4.50251 -27 -35.951
      vertex -5 -22 -36.05
      vertex -5 -27 -36.05
    endloop
  endfacet
  facet normal 0.195172 0 -0.980769
    outer loop
      vertex -5.49749 4.75 -33.549
      vertex -5 8.25 -33.45
      vertex -5 4.75 -33.45
    endloop
  endfacet
  facet normal 0.195172 0 -0.980769
    outer loop
      vertex -5 8.25 -33.45
      vertex -5.49749 4.75 -33.549
      vertex -5.49749 8.25 -33.549
    endloop
  endfacet
  facet normal 0.195172 0 -0.980769
    outer loop
      vertex -5.49749 -27 -33.549
      vertex -5 -22 -33.45
      vertex -5 -27 -33.45
    endloop
  endfacet
  facet normal 0.195172 0 -0.980769
    outer loop
      vertex -5 -22 -33.45
      vertex -5.49749 -27 -33.549
      vertex -5.49749 -22 -33.549
    endloop
  endfacet
  facet normal -0.831443 0 0.55561
    outer loop
      vertex -4.08076 4.75 -35.6692
      vertex -3.79896 8.25 -35.2475
      vertex -4.08076 8.25 -35.6692
    endloop
  endfacet
  facet normal -0.831443 0 0.55561
    outer loop
      vertex -3.79896 8.25 -35.2475
      vertex -4.08076 4.75 -35.6692
      vertex -3.79896 4.75 -35.2475
    endloop
  endfacet
  facet normal -0.831443 0 0.55561
    outer loop
      vertex -4.08076 -27 -35.6692
      vertex -3.79896 -22 -35.2475
      vertex -4.08076 -22 -35.6692
    endloop
  endfacet
  facet normal -0.831443 0 0.55561
    outer loop
      vertex -3.79896 -22 -35.2475
      vertex -4.08076 -27 -35.6692
      vertex -3.79896 -27 -35.2475
    endloop
  endfacet
  facet normal 0.831443 0 -0.55561
    outer loop
      vertex -5.91924 4.75 -33.8308
      vertex -6.20104 8.25 -34.2525
      vertex -5.91924 8.25 -33.8308
    endloop
  endfacet
  facet normal 0.831443 0 -0.55561
    outer loop
      vertex -6.20104 8.25 -34.2525
      vertex -5.91924 4.75 -33.8308
      vertex -6.20104 4.75 -34.2525
    endloop
  endfacet
  facet normal 0.831443 0 -0.55561
    outer loop
      vertex -5.91924 -27 -33.8308
      vertex -6.20104 -22 -34.2525
      vertex -5.91924 -22 -33.8308
    endloop
  endfacet
  facet normal 0.831443 0 -0.55561
    outer loop
      vertex -6.20104 -22 -34.2525
      vertex -5.91924 -27 -33.8308
      vertex -6.20104 -27 -34.2525
    endloop
  endfacet
  facet normal 0.980785 0 -0.195092
    outer loop
      vertex -6.20104 4.75 -34.2525
      vertex -6.3 8.25 -34.75
      vertex -6.20104 8.25 -34.2525
    endloop
  endfacet
  facet normal 0.980785 0 -0.195092
    outer loop
      vertex -6.3 8.25 -34.75
      vertex -6.20104 4.75 -34.2525
      vertex -6.3 4.75 -34.75
    endloop
  endfacet
  facet normal 0.980785 0 -0.195092
    outer loop
      vertex -6.20104 -27 -34.2525
      vertex -6.3 -22 -34.75
      vertex -6.20104 -22 -34.2525
    endloop
  endfacet
  facet normal 0.980785 0 -0.195092
    outer loop
      vertex -6.3 -22 -34.75
      vertex -6.20104 -27 -34.2525
      vertex -6.3 -27 -34.75
    endloop
  endfacet
  facet normal -0.555564 0 0.831474
    outer loop
      vertex -4.50251 8.25 -35.951
      vertex -4.08076 4.75 -35.6692
      vertex -4.08076 8.25 -35.6692
    endloop
  endfacet
  facet normal -0.555564 0 0.831474
    outer loop
      vertex -4.08076 4.75 -35.6692
      vertex -4.50251 8.25 -35.951
      vertex -4.50251 4.75 -35.951
    endloop
  endfacet
  facet normal -0.555564 0 0.831474
    outer loop
      vertex -4.50251 -22 -35.951
      vertex -4.08076 -27 -35.6692
      vertex -4.08076 -22 -35.6692
    endloop
  endfacet
  facet normal -0.555564 0 0.831474
    outer loop
      vertex -4.08076 -27 -35.6692
      vertex -4.50251 -22 -35.951
      vertex -4.50251 -27 -35.951
    endloop
  endfacet
  facet normal -0.980785 0 0.195092
    outer loop
      vertex -3.79896 4.75 -35.2475
      vertex -3.7 8.25 -34.75
      vertex -3.79896 8.25 -35.2475
    endloop
  endfacet
  facet normal -0.980785 0 0.195092
    outer loop
      vertex -3.7 8.25 -34.75
      vertex -3.79896 4.75 -35.2475
      vertex -3.7 4.75 -34.75
    endloop
  endfacet
  facet normal -0.980785 0 0.195092
    outer loop
      vertex -3.79896 -27 -35.2475
      vertex -3.7 -22 -34.75
      vertex -3.79896 -22 -35.2475
    endloop
  endfacet
  facet normal -0.980785 0 0.195092
    outer loop
      vertex -3.7 -22 -34.75
      vertex -3.79896 -27 -35.2475
      vertex -3.7 -27 -34.75
    endloop
  endfacet
  facet normal 0.980785 -0 0.195092
    outer loop
      vertex -6.3 4.75 -34.75
      vertex -6.20104 8.25 -35.2475
      vertex -6.3 8.25 -34.75
    endloop
  endfacet
  facet normal 0.980785 0 0.195092
    outer loop
      vertex -6.20104 8.25 -35.2475
      vertex -6.3 4.75 -34.75
      vertex -6.20104 4.75 -35.2475
    endloop
  endfacet
  facet normal 0.980785 -0 0.195092
    outer loop
      vertex -6.3 -27 -34.75
      vertex -6.20104 -22 -35.2475
      vertex -6.3 -22 -34.75
    endloop
  endfacet
  facet normal 0.980785 0 0.195092
    outer loop
      vertex -6.20104 -22 -35.2475
      vertex -6.3 -27 -34.75
      vertex -6.20104 -27 -35.2475
    endloop
  endfacet
  facet normal 0.555564 0 -0.831474
    outer loop
      vertex -5.91924 4.75 -33.8308
      vertex -5.49749 8.25 -33.549
      vertex -5.49749 4.75 -33.549
    endloop
  endfacet
  facet normal 0.555564 0 -0.831474
    outer loop
      vertex -5.49749 8.25 -33.549
      vertex -5.91924 4.75 -33.8308
      vertex -5.91924 8.25 -33.8308
    endloop
  endfacet
  facet normal 0.555564 0 -0.831474
    outer loop
      vertex -5.91924 -27 -33.8308
      vertex -5.49749 -22 -33.549
      vertex -5.49749 -27 -33.549
    endloop
  endfacet
  facet normal 0.555564 0 -0.831474
    outer loop
      vertex -5.49749 -22 -33.549
      vertex -5.91924 -27 -33.8308
      vertex -5.91924 -22 -33.8308
    endloop
  endfacet
  facet normal 0.831443 -0 0.55561
    outer loop
      vertex -6.20104 4.75 -35.2475
      vertex -5.91924 8.25 -35.6692
      vertex -6.20104 8.25 -35.2475
    endloop
  endfacet
  facet normal 0.831443 0 0.55561
    outer loop
      vertex -5.91924 8.25 -35.6692
      vertex -6.20104 4.75 -35.2475
      vertex -5.91924 4.75 -35.6692
    endloop
  endfacet
  facet normal 0.831443 -0 0.55561
    outer loop
      vertex -6.20104 -27 -35.2475
      vertex -5.91924 -22 -35.6692
      vertex -6.20104 -22 -35.2475
    endloop
  endfacet
  facet normal 0.831443 0 0.55561
    outer loop
      vertex -5.91924 -22 -35.6692
      vertex -6.20104 -27 -35.2475
      vertex -5.91924 -27 -35.6692
    endloop
  endfacet
  facet normal 0.195172 0 0.980769
    outer loop
      vertex -5.49749 8.25 -35.951
      vertex -5 4.75 -36.05
      vertex -5 8.25 -36.05
    endloop
  endfacet
  facet normal 0.195172 0 0.980769
    outer loop
      vertex -5 4.75 -36.05
      vertex -5.49749 8.25 -35.951
      vertex -5.49749 4.75 -35.951
    endloop
  endfacet
  facet normal 0.195172 0 0.980769
    outer loop
      vertex -5.49749 -22 -35.951
      vertex -5 -27 -36.05
      vertex -5 -22 -36.05
    endloop
  endfacet
  facet normal 0.195172 0 0.980769
    outer loop
      vertex -5 -27 -36.05
      vertex -5.49749 -22 -35.951
      vertex -5.49749 -27 -35.951
    endloop
  endfacet
  facet normal -0.555564 0 -0.831474
    outer loop
      vertex 5.49749 4.75 -33.549
      vertex 5.91924 8.25 -33.8308
      vertex 5.91924 4.75 -33.8308
    endloop
  endfacet
  facet normal -0.555564 0 -0.831474
    outer loop
      vertex 5.91924 8.25 -33.8308
      vertex 5.49749 4.75 -33.549
      vertex 5.49749 8.25 -33.549
    endloop
  endfacet
  facet normal -0.555564 0 -0.831474
    outer loop
      vertex 5.49749 -27 -33.549
      vertex 5.91924 -22 -33.8308
      vertex 5.91924 -27 -33.8308
    endloop
  endfacet
  facet normal -0.555564 0 -0.831474
    outer loop
      vertex 5.91924 -22 -33.8308
      vertex 5.49749 -27 -33.549
      vertex 5.49749 -22 -33.549
    endloop
  endfacet
  facet normal -0.195172 0 -0.980769
    outer loop
      vertex 5 4.75 -33.45
      vertex 5.49749 8.25 -33.549
      vertex 5.49749 4.75 -33.549
    endloop
  endfacet
  facet normal -0.195172 0 -0.980769
    outer loop
      vertex 5.49749 8.25 -33.549
      vertex 5 4.75 -33.45
      vertex 5 8.25 -33.45
    endloop
  endfacet
  facet normal -0.195172 0 -0.980769
    outer loop
      vertex 5 -27 -33.45
      vertex 5.49749 -22 -33.549
      vertex 5.49749 -27 -33.549
    endloop
  endfacet
  facet normal -0.195172 0 -0.980769
    outer loop
      vertex 5.49749 -22 -33.549
      vertex 5 -27 -33.45
      vertex 5 -22 -33.45
    endloop
  endfacet
  facet normal -0.831443 0 -0.55561
    outer loop
      vertex 6.20104 4.75 -34.2525
      vertex 5.91924 8.25 -33.8308
      vertex 6.20104 8.25 -34.2525
    endloop
  endfacet
  facet normal -0.831443 -0 -0.55561
    outer loop
      vertex 5.91924 8.25 -33.8308
      vertex 6.20104 4.75 -34.2525
      vertex 5.91924 4.75 -33.8308
    endloop
  endfacet
  facet normal -0.831443 0 -0.55561
    outer loop
      vertex 6.20104 -27 -34.2525
      vertex 5.91924 -22 -33.8308
      vertex 6.20104 -22 -34.2525
    endloop
  endfacet
  facet normal -0.831443 -0 -0.55561
    outer loop
      vertex 5.91924 -22 -33.8308
      vertex 6.20104 -27 -34.2525
      vertex 5.91924 -27 -33.8308
    endloop
  endfacet
  facet normal 0.195172 0 0.980769
    outer loop
      vertex 4.50251 8.25 -35.951
      vertex 5 4.75 -36.05
      vertex 5 8.25 -36.05
    endloop
  endfacet
  facet normal 0.195172 0 0.980769
    outer loop
      vertex 5 4.75 -36.05
      vertex 4.50251 8.25 -35.951
      vertex 4.50251 4.75 -35.951
    endloop
  endfacet
  facet normal 0.195172 0 0.980769
    outer loop
      vertex 4.50251 -22 -35.951
      vertex 5 -27 -36.05
      vertex 5 -22 -36.05
    endloop
  endfacet
  facet normal 0.195172 0 0.980769
    outer loop
      vertex 5 -27 -36.05
      vertex 4.50251 -22 -35.951
      vertex 4.50251 -27 -35.951
    endloop
  endfacet
  facet normal -0.980785 0 0.195092
    outer loop
      vertex 6.20104 4.75 -35.2475
      vertex 6.3 8.25 -34.75
      vertex 6.20104 8.25 -35.2475
    endloop
  endfacet
  facet normal -0.980785 0 0.195092
    outer loop
      vertex 6.3 8.25 -34.75
      vertex 6.20104 4.75 -35.2475
      vertex 6.3 4.75 -34.75
    endloop
  endfacet
  facet normal -0.980785 0 0.195092
    outer loop
      vertex 6.20104 -27 -35.2475
      vertex 6.3 -22 -34.75
      vertex 6.20104 -22 -35.2475
    endloop
  endfacet
  facet normal -0.980785 0 0.195092
    outer loop
      vertex 6.3 -22 -34.75
      vertex 6.20104 -27 -35.2475
      vertex 6.3 -27 -34.75
    endloop
  endfacet
  facet normal -0.555564 0 0.831474
    outer loop
      vertex 5.49749 8.25 -35.951
      vertex 5.91924 4.75 -35.6692
      vertex 5.91924 8.25 -35.6692
    endloop
  endfacet
  facet normal -0.555564 0 0.831474
    outer loop
      vertex 5.91924 4.75 -35.6692
      vertex 5.49749 8.25 -35.951
      vertex 5.49749 4.75 -35.951
    endloop
  endfacet
  facet normal -0.555564 0 0.831474
    outer loop
      vertex 5.49749 -22 -35.951
      vertex 5.91924 -27 -35.6692
      vertex 5.91924 -22 -35.6692
    endloop
  endfacet
  facet normal -0.555564 0 0.831474
    outer loop
      vertex 5.91924 -27 -35.6692
      vertex 5.49749 -22 -35.951
      vertex 5.49749 -27 -35.951
    endloop
  endfacet
  facet normal 0.980785 0 -0.195092
    outer loop
      vertex 3.79896 4.75 -34.2525
      vertex 3.7 8.25 -34.75
      vertex 3.79896 8.25 -34.2525
    endloop
  endfacet
  facet normal 0.980785 0 -0.195092
    outer loop
      vertex 3.7 8.25 -34.75
      vertex 3.79896 4.75 -34.2525
      vertex 3.7 4.75 -34.75
    endloop
  endfacet
  facet normal 0.980785 0 -0.195092
    outer loop
      vertex 3.79896 -27 -34.2525
      vertex 3.7 -22 -34.75
      vertex 3.79896 -22 -34.2525
    endloop
  endfacet
  facet normal 0.980785 0 -0.195092
    outer loop
      vertex 3.7 -22 -34.75
      vertex 3.79896 -27 -34.2525
      vertex 3.7 -27 -34.75
    endloop
  endfacet
  facet normal 0.980785 -0 0.195092
    outer loop
      vertex 3.7 4.75 -34.75
      vertex 3.79896 8.25 -35.2475
      vertex 3.7 8.25 -34.75
    endloop
  endfacet
  facet normal 0.980785 0 0.195092
    outer loop
      vertex 3.79896 8.25 -35.2475
      vertex 3.7 4.75 -34.75
      vertex 3.79896 4.75 -35.2475
    endloop
  endfacet
  facet normal 0.980785 -0 0.195092
    outer loop
      vertex 3.7 -27 -34.75
      vertex 3.79896 -22 -35.2475
      vertex 3.7 -22 -34.75
    endloop
  endfacet
  facet normal 0.980785 0 0.195092
    outer loop
      vertex 3.79896 -22 -35.2475
      vertex 3.7 -27 -34.75
      vertex 3.79896 -27 -35.2475
    endloop
  endfacet
  facet normal 0.195172 0 -0.980769
    outer loop
      vertex 4.50251 4.75 -33.549
      vertex 5 8.25 -33.45
      vertex 5 4.75 -33.45
    endloop
  endfacet
  facet normal 0.195172 0 -0.980769
    outer loop
      vertex 5 8.25 -33.45
      vertex 4.50251 4.75 -33.549
      vertex 4.50251 8.25 -33.549
    endloop
  endfacet
  facet normal 0.195172 0 -0.980769
    outer loop
      vertex 4.50251 -27 -33.549
      vertex 5 -22 -33.45
      vertex 5 -27 -33.45
    endloop
  endfacet
  facet normal 0.195172 0 -0.980769
    outer loop
      vertex 5 -22 -33.45
      vertex 4.50251 -27 -33.549
      vertex 4.50251 -22 -33.549
    endloop
  endfacet
  facet normal -0.980785 0 -0.195092
    outer loop
      vertex 6.3 4.75 -34.75
      vertex 6.20104 8.25 -34.2525
      vertex 6.3 8.25 -34.75
    endloop
  endfacet
  facet normal -0.980785 -0 -0.195092
    outer loop
      vertex 6.20104 8.25 -34.2525
      vertex 6.3 4.75 -34.75
      vertex 6.20104 4.75 -34.2525
    endloop
  endfacet
  facet normal -0.980785 0 -0.195092
    outer loop
      vertex 6.3 -27 -34.75
      vertex 6.20104 -22 -34.2525
      vertex 6.3 -22 -34.75
    endloop
  endfacet
  facet normal -0.980785 -0 -0.195092
    outer loop
      vertex 6.20104 -22 -34.2525
      vertex 6.3 -27 -34.75
      vertex 6.20104 -27 -34.2525
    endloop
  endfacet
  facet normal 0.831443 0 -0.55561
    outer loop
      vertex 4.08076 4.75 -33.8308
      vertex 3.79896 8.25 -34.2525
      vertex 4.08076 8.25 -33.8308
    endloop
  endfacet
  facet normal 0.831443 0 -0.55561
    outer loop
      vertex 3.79896 8.25 -34.2525
      vertex 4.08076 4.75 -33.8308
      vertex 3.79896 4.75 -34.2525
    endloop
  endfacet
  facet normal 0.831443 0 -0.55561
    outer loop
      vertex 4.08076 -27 -33.8308
      vertex 3.79896 -22 -34.2525
      vertex 4.08076 -22 -33.8308
    endloop
  endfacet
  facet normal 0.831443 0 -0.55561
    outer loop
      vertex 3.79896 -22 -34.2525
      vertex 4.08076 -27 -33.8308
      vertex 3.79896 -27 -34.2525
    endloop
  endfacet
  facet normal 0.555564 0 -0.831474
    outer loop
      vertex 4.08076 4.75 -33.8308
      vertex 4.50251 8.25 -33.549
      vertex 4.50251 4.75 -33.549
    endloop
  endfacet
  facet normal 0.555564 0 -0.831474
    outer loop
      vertex 4.50251 8.25 -33.549
      vertex 4.08076 4.75 -33.8308
      vertex 4.08076 8.25 -33.8308
    endloop
  endfacet
  facet normal 0.555564 0 -0.831474
    outer loop
      vertex 4.08076 -27 -33.8308
      vertex 4.50251 -22 -33.549
      vertex 4.50251 -27 -33.549
    endloop
  endfacet
  facet normal 0.555564 0 -0.831474
    outer loop
      vertex 4.50251 -22 -33.549
      vertex 4.08076 -27 -33.8308
      vertex 4.08076 -22 -33.8308
    endloop
  endfacet
  facet normal 0.555564 0 0.831474
    outer loop
      vertex 4.08076 8.25 -35.6692
      vertex 4.50251 4.75 -35.951
      vertex 4.50251 8.25 -35.951
    endloop
  endfacet
  facet normal 0.555564 0 0.831474
    outer loop
      vertex 4.50251 4.75 -35.951
      vertex 4.08076 8.25 -35.6692
      vertex 4.08076 4.75 -35.6692
    endloop
  endfacet
  facet normal 0.555564 0 0.831474
    outer loop
      vertex 4.08076 -22 -35.6692
      vertex 4.50251 -27 -35.951
      vertex 4.50251 -22 -35.951
    endloop
  endfacet
  facet normal 0.555564 0 0.831474
    outer loop
      vertex 4.50251 -27 -35.951
      vertex 4.08076 -22 -35.6692
      vertex 4.08076 -27 -35.6692
    endloop
  endfacet
  facet normal -0.831443 0 0.55561
    outer loop
      vertex 5.91924 4.75 -35.6692
      vertex 6.20104 8.25 -35.2475
      vertex 5.91924 8.25 -35.6692
    endloop
  endfacet
  facet normal -0.831443 0 0.55561
    outer loop
      vertex 6.20104 8.25 -35.2475
      vertex 5.91924 4.75 -35.6692
      vertex 6.20104 4.75 -35.2475
    endloop
  endfacet
  facet normal -0.831443 0 0.55561
    outer loop
      vertex 5.91924 -27 -35.6692
      vertex 6.20104 -22 -35.2475
      vertex 5.91924 -22 -35.6692
    endloop
  endfacet
  facet normal -0.831443 0 0.55561
    outer loop
      vertex 6.20104 -22 -35.2475
      vertex 5.91924 -27 -35.6692
      vertex 6.20104 -27 -35.2475
    endloop
  endfacet
  facet normal -0.195172 0 0.980769
    outer loop
      vertex 5 8.25 -36.05
      vertex 5.49749 4.75 -35.951
      vertex 5.49749 8.25 -35.951
    endloop
  endfacet
  facet normal -0.195172 0 0.980769
    outer loop
      vertex 5.49749 4.75 -35.951
      vertex 5 8.25 -36.05
      vertex 5 4.75 -36.05
    endloop
  endfacet
  facet normal -0.195172 0 0.980769
    outer loop
      vertex 5 -22 -36.05
      vertex 5.49749 -27 -35.951
      vertex 5.49749 -22 -35.951
    endloop
  endfacet
  facet normal -0.195172 0 0.980769
    outer loop
      vertex 5.49749 -27 -35.951
      vertex 5 -22 -36.05
      vertex 5 -27 -36.05
    endloop
  endfacet
  facet normal 0.831443 -0 0.55561
    outer loop
      vertex 3.79896 4.75 -35.2475
      vertex 4.08076 8.25 -35.6692
      vertex 3.79896 8.25 -35.2475
    endloop
  endfacet
  facet normal 0.831443 0 0.55561
    outer loop
      vertex 4.08076 8.25 -35.6692
      vertex 3.79896 4.75 -35.2475
      vertex 4.08076 4.75 -35.6692
    endloop
  endfacet
  facet normal 0.831443 -0 0.55561
    outer loop
      vertex 3.79896 -27 -35.2475
      vertex 4.08076 -22 -35.6692
      vertex 3.79896 -22 -35.2475
    endloop
  endfacet
  facet normal 0.831443 0 0.55561
    outer loop
      vertex 4.08076 -22 -35.6692
      vertex 3.79896 -27 -35.2475
      vertex 4.08076 -27 -35.6692
    endloop
  endfacet
  facet normal 0.980785 -0 0.195092
    outer loop
      vertex -6.3 4.75 14.75
      vertex -6.20104 8.25 14.2525
      vertex -6.3 8.25 14.75
    endloop
  endfacet
  facet normal 0.980785 0 0.195092
    outer loop
      vertex -6.20104 8.25 14.2525
      vertex -6.3 4.75 14.75
      vertex -6.20104 4.75 14.2525
    endloop
  endfacet
  facet normal 0.980785 -0 0.195092
    outer loop
      vertex -6.3 -27 14.75
      vertex -6.20104 -22 14.2525
      vertex -6.3 -22 14.75
    endloop
  endfacet
  facet normal 0.980785 0 0.195092
    outer loop
      vertex -6.20104 -22 14.2525
      vertex -6.3 -27 14.75
      vertex -6.20104 -27 14.2525
    endloop
  endfacet
  facet normal -0.555564 0 -0.831474
    outer loop
      vertex -4.50251 4.75 15.951
      vertex -4.08076 8.25 15.6692
      vertex -4.08076 4.75 15.6692
    endloop
  endfacet
  facet normal -0.555564 0 -0.831474
    outer loop
      vertex -4.08076 8.25 15.6692
      vertex -4.50251 4.75 15.951
      vertex -4.50251 8.25 15.951
    endloop
  endfacet
  facet normal -0.555564 0 -0.831474
    outer loop
      vertex -4.50251 -27 15.951
      vertex -4.08076 -22 15.6692
      vertex -4.08076 -27 15.6692
    endloop
  endfacet
  facet normal -0.555564 0 -0.831474
    outer loop
      vertex -4.08076 -22 15.6692
      vertex -4.50251 -27 15.951
      vertex -4.50251 -22 15.951
    endloop
  endfacet
  facet normal -0.19525 0 -0.980753
    outer loop
      vertex -4.74864 -27 16
      vertex -4.50251 -22 15.951
      vertex -4.50251 -27 15.951
    endloop
  endfacet
  facet normal -0.19525 0 -0.980753
    outer loop
      vertex -4.50251 -22 15.951
      vertex -4.74864 -27 16
      vertex -4.74864 -22 16
    endloop
  endfacet
  facet normal -0.195172 0 -0.980769
    outer loop
      vertex -5 4.75 16.05
      vertex -4.50251 8.25 15.951
      vertex -4.50251 4.75 15.951
    endloop
  endfacet
  facet normal -0.195172 0 -0.980769
    outer loop
      vertex -4.50251 8.25 15.951
      vertex -5 4.75 16.05
      vertex -5 8.25 16.05
    endloop
  endfacet
  facet normal -0.831443 0 -0.55561
    outer loop
      vertex -3.79896 4.75 15.2475
      vertex -4.08076 8.25 15.6692
      vertex -3.79896 8.25 15.2475
    endloop
  endfacet
  facet normal -0.831443 -0 -0.55561
    outer loop
      vertex -4.08076 8.25 15.6692
      vertex -3.79896 4.75 15.2475
      vertex -4.08076 4.75 15.6692
    endloop
  endfacet
  facet normal -0.831443 0 -0.55561
    outer loop
      vertex -3.79896 -27 15.2475
      vertex -4.08076 -22 15.6692
      vertex -3.79896 -22 15.2475
    endloop
  endfacet
  facet normal -0.831443 -0 -0.55561
    outer loop
      vertex -4.08076 -22 15.6692
      vertex -3.79896 -27 15.2475
      vertex -4.08076 -27 15.6692
    endloop
  endfacet
  facet normal 0.555564 0 -0.831474
    outer loop
      vertex -5.91924 4.75 15.6692
      vertex -5.49749 8.25 15.951
      vertex -5.49749 4.75 15.951
    endloop
  endfacet
  facet normal 0.555564 0 -0.831474
    outer loop
      vertex -5.49749 8.25 15.951
      vertex -5.91924 4.75 15.6692
      vertex -5.91924 8.25 15.6692
    endloop
  endfacet
  facet normal 0.555564 0 -0.831474
    outer loop
      vertex -5.91924 -27 15.6692
      vertex -5.49749 -22 15.951
      vertex -5.49749 -27 15.951
    endloop
  endfacet
  facet normal 0.555564 0 -0.831474
    outer loop
      vertex -5.49749 -22 15.951
      vertex -5.91924 -27 15.6692
      vertex -5.91924 -22 15.6692
    endloop
  endfacet
  facet normal 0.831443 0 -0.55561
    outer loop
      vertex -5.91924 4.75 15.6692
      vertex -6.20104 8.25 15.2475
      vertex -5.91924 8.25 15.6692
    endloop
  endfacet
  facet normal 0.831443 0 -0.55561
    outer loop
      vertex -6.20104 8.25 15.2475
      vertex -5.91924 4.75 15.6692
      vertex -6.20104 4.75 15.2475
    endloop
  endfacet
  facet normal 0.831443 0 -0.55561
    outer loop
      vertex -5.91924 -27 15.6692
      vertex -6.20104 -22 15.2475
      vertex -5.91924 -22 15.6692
    endloop
  endfacet
  facet normal 0.831443 0 -0.55561
    outer loop
      vertex -6.20104 -22 15.2475
      vertex -5.91924 -27 15.6692
      vertex -6.20104 -27 15.2475
    endloop
  endfacet
  facet normal -0.195172 0 0.980769
    outer loop
      vertex -5 8.25 13.45
      vertex -4.50251 4.75 13.549
      vertex -4.50251 8.25 13.549
    endloop
  endfacet
  facet normal -0.195172 0 0.980769
    outer loop
      vertex -4.50251 4.75 13.549
      vertex -5 8.25 13.45
      vertex -5 4.75 13.45
    endloop
  endfacet
  facet normal -0.195172 0 0.980769
    outer loop
      vertex -5 -22 13.45
      vertex -4.50251 -27 13.549
      vertex -4.50251 -22 13.549
    endloop
  endfacet
  facet normal -0.195172 0 0.980769
    outer loop
      vertex -4.50251 -27 13.549
      vertex -5 -22 13.45
      vertex -5 -27 13.45
    endloop
  endfacet
  facet normal -0.831443 0 0.55561
    outer loop
      vertex -4.08076 4.75 13.8308
      vertex -3.79896 8.25 14.2525
      vertex -4.08076 8.25 13.8308
    endloop
  endfacet
  facet normal -0.831443 0 0.55561
    outer loop
      vertex -3.79896 8.25 14.2525
      vertex -4.08076 4.75 13.8308
      vertex -3.79896 4.75 14.2525
    endloop
  endfacet
  facet normal -0.831443 0 0.55561
    outer loop
      vertex -4.08076 -27 13.8308
      vertex -3.79896 -22 14.2525
      vertex -4.08076 -22 13.8308
    endloop
  endfacet
  facet normal -0.831443 0 0.55561
    outer loop
      vertex -3.79896 -22 14.2525
      vertex -4.08076 -27 13.8308
      vertex -3.79896 -27 14.2525
    endloop
  endfacet
  facet normal 0.19525 0 -0.980753
    outer loop
      vertex -5.49749 -27 15.951
      vertex -5.25136 -22 16
      vertex -5.25136 -27 16
    endloop
  endfacet
  facet normal 0.19525 0 -0.980753
    outer loop
      vertex -5.25136 -22 16
      vertex -5.49749 -27 15.951
      vertex -5.49749 -22 15.951
    endloop
  endfacet
  facet normal 0.195172 0 -0.980769
    outer loop
      vertex -5.49749 4.75 15.951
      vertex -5 8.25 16.05
      vertex -5 4.75 16.05
    endloop
  endfacet
  facet normal 0.195172 0 -0.980769
    outer loop
      vertex -5 8.25 16.05
      vertex -5.49749 4.75 15.951
      vertex -5.49749 8.25 15.951
    endloop
  endfacet
  facet normal 0.195172 0 0.980769
    outer loop
      vertex -5.49749 8.25 13.549
      vertex -5 4.75 13.45
      vertex -5 8.25 13.45
    endloop
  endfacet
  facet normal 0.195172 0 0.980769
    outer loop
      vertex -5 4.75 13.45
      vertex -5.49749 8.25 13.549
      vertex -5.49749 4.75 13.549
    endloop
  endfacet
  facet normal 0.195172 0 0.980769
    outer loop
      vertex -5.49749 -22 13.549
      vertex -5 -27 13.45
      vertex -5 -22 13.45
    endloop
  endfacet
  facet normal 0.195172 0 0.980769
    outer loop
      vertex -5 -27 13.45
      vertex -5.49749 -22 13.549
      vertex -5.49749 -27 13.549
    endloop
  endfacet
  facet normal -0.980785 0 0.195092
    outer loop
      vertex -3.79896 4.75 14.2525
      vertex -3.7 8.25 14.75
      vertex -3.79896 8.25 14.2525
    endloop
  endfacet
  facet normal -0.980785 0 0.195092
    outer loop
      vertex -3.7 8.25 14.75
      vertex -3.79896 4.75 14.2525
      vertex -3.7 4.75 14.75
    endloop
  endfacet
  facet normal -0.980785 0 0.195092
    outer loop
      vertex -3.79896 -27 14.2525
      vertex -3.7 -22 14.75
      vertex -3.79896 -22 14.2525
    endloop
  endfacet
  facet normal -0.980785 0 0.195092
    outer loop
      vertex -3.7 -22 14.75
      vertex -3.79896 -27 14.2525
      vertex -3.7 -27 14.75
    endloop
  endfacet
  facet normal -0.980785 0 -0.195092
    outer loop
      vertex -3.7 4.75 14.75
      vertex -3.79896 8.25 15.2475
      vertex -3.7 8.25 14.75
    endloop
  endfacet
  facet normal -0.980785 -0 -0.195092
    outer loop
      vertex -3.79896 8.25 15.2475
      vertex -3.7 4.75 14.75
      vertex -3.79896 4.75 15.2475
    endloop
  endfacet
  facet normal -0.980785 0 -0.195092
    outer loop
      vertex -3.7 -27 14.75
      vertex -3.79896 -22 15.2475
      vertex -3.7 -22 14.75
    endloop
  endfacet
  facet normal -0.980785 -0 -0.195092
    outer loop
      vertex -3.79896 -22 15.2475
      vertex -3.7 -27 14.75
      vertex -3.79896 -27 15.2475
    endloop
  endfacet
  facet normal -0.555564 0 0.831474
    outer loop
      vertex -4.50251 8.25 13.549
      vertex -4.08076 4.75 13.8308
      vertex -4.08076 8.25 13.8308
    endloop
  endfacet
  facet normal -0.555564 0 0.831474
    outer loop
      vertex -4.08076 4.75 13.8308
      vertex -4.50251 8.25 13.549
      vertex -4.50251 4.75 13.549
    endloop
  endfacet
  facet normal -0.555564 0 0.831474
    outer loop
      vertex -4.50251 -22 13.549
      vertex -4.08076 -27 13.8308
      vertex -4.08076 -22 13.8308
    endloop
  endfacet
  facet normal -0.555564 0 0.831474
    outer loop
      vertex -4.08076 -27 13.8308
      vertex -4.50251 -22 13.549
      vertex -4.50251 -27 13.549
    endloop
  endfacet
  facet normal 0.980785 0 -0.195092
    outer loop
      vertex -6.20104 4.75 15.2475
      vertex -6.3 8.25 14.75
      vertex -6.20104 8.25 15.2475
    endloop
  endfacet
  facet normal 0.980785 0 -0.195092
    outer loop
      vertex -6.3 8.25 14.75
      vertex -6.20104 4.75 15.2475
      vertex -6.3 4.75 14.75
    endloop
  endfacet
  facet normal 0.980785 0 -0.195092
    outer loop
      vertex -6.20104 -27 15.2475
      vertex -6.3 -22 14.75
      vertex -6.20104 -22 15.2475
    endloop
  endfacet
  facet normal 0.980785 0 -0.195092
    outer loop
      vertex -6.3 -22 14.75
      vertex -6.20104 -27 15.2475
      vertex -6.3 -27 14.75
    endloop
  endfacet
  facet normal 0.831443 -0 0.55561
    outer loop
      vertex -6.20104 4.75 14.2525
      vertex -5.91924 8.25 13.8308
      vertex -6.20104 8.25 14.2525
    endloop
  endfacet
  facet normal 0.831443 0 0.55561
    outer loop
      vertex -5.91924 8.25 13.8308
      vertex -6.20104 4.75 14.2525
      vertex -5.91924 4.75 13.8308
    endloop
  endfacet
  facet normal 0.831443 -0 0.55561
    outer loop
      vertex -6.20104 -27 14.2525
      vertex -5.91924 -22 13.8308
      vertex -6.20104 -22 14.2525
    endloop
  endfacet
  facet normal 0.831443 0 0.55561
    outer loop
      vertex -5.91924 -22 13.8308
      vertex -6.20104 -27 14.2525
      vertex -5.91924 -27 13.8308
    endloop
  endfacet
  facet normal 0.555564 0 0.831474
    outer loop
      vertex -5.91924 8.25 13.8308
      vertex -5.49749 4.75 13.549
      vertex -5.49749 8.25 13.549
    endloop
  endfacet
  facet normal 0.555564 0 0.831474
    outer loop
      vertex -5.49749 4.75 13.549
      vertex -5.91924 8.25 13.8308
      vertex -5.91924 4.75 13.8308
    endloop
  endfacet
  facet normal 0.555564 0 0.831474
    outer loop
      vertex -5.91924 -22 13.8308
      vertex -5.49749 -27 13.549
      vertex -5.49749 -22 13.549
    endloop
  endfacet
  facet normal 0.555564 0 0.831474
    outer loop
      vertex -5.49749 -27 13.549
      vertex -5.91924 -22 13.8308
      vertex -5.91924 -27 13.8308
    endloop
  endfacet
  facet normal -0.555564 0 -0.831474
    outer loop
      vertex 5.49749 4.75 15.951
      vertex 5.91924 8.25 15.6692
      vertex 5.91924 4.75 15.6692
    endloop
  endfacet
  facet normal -0.555564 0 -0.831474
    outer loop
      vertex 5.91924 8.25 15.6692
      vertex 5.49749 4.75 15.951
      vertex 5.49749 8.25 15.951
    endloop
  endfacet
  facet normal -0.555564 0 -0.831474
    outer loop
      vertex 5.49749 -27 15.951
      vertex 5.91924 -22 15.6692
      vertex 5.91924 -27 15.6692
    endloop
  endfacet
  facet normal -0.555564 0 -0.831474
    outer loop
      vertex 5.91924 -22 15.6692
      vertex 5.49749 -27 15.951
      vertex 5.49749 -22 15.951
    endloop
  endfacet
  facet normal -0.19525 0 -0.980753
    outer loop
      vertex 5.25136 -27 16
      vertex 5.49749 -22 15.951
      vertex 5.49749 -27 15.951
    endloop
  endfacet
  facet normal -0.19525 0 -0.980753
    outer loop
      vertex 5.49749 -22 15.951
      vertex 5.25136 -27 16
      vertex 5.25136 -22 16
    endloop
  endfacet
  facet normal -0.195172 0 -0.980769
    outer loop
      vertex 5 4.75 16.05
      vertex 5.49749 8.25 15.951
      vertex 5.49749 4.75 15.951
    endloop
  endfacet
  facet normal -0.195172 0 -0.980769
    outer loop
      vertex 5.49749 8.25 15.951
      vertex 5 4.75 16.05
      vertex 5 8.25 16.05
    endloop
  endfacet
  facet normal -0.831443 0 -0.55561
    outer loop
      vertex 6.20104 4.75 15.2475
      vertex 5.91924 8.25 15.6692
      vertex 6.20104 8.25 15.2475
    endloop
  endfacet
  facet normal -0.831443 -0 -0.55561
    outer loop
      vertex 5.91924 8.25 15.6692
      vertex 6.20104 4.75 15.2475
      vertex 5.91924 4.75 15.6692
    endloop
  endfacet
  facet normal -0.831443 0 -0.55561
    outer loop
      vertex 6.20104 -27 15.2475
      vertex 5.91924 -22 15.6692
      vertex 6.20104 -22 15.2475
    endloop
  endfacet
  facet normal -0.831443 -0 -0.55561
    outer loop
      vertex 5.91924 -22 15.6692
      vertex 6.20104 -27 15.2475
      vertex 5.91924 -27 15.6692
    endloop
  endfacet
  facet normal 0.195172 0 0.980769
    outer loop
      vertex 4.50251 8.25 13.549
      vertex 5 4.75 13.45
      vertex 5 8.25 13.45
    endloop
  endfacet
  facet normal 0.195172 0 0.980769
    outer loop
      vertex 5 4.75 13.45
      vertex 4.50251 8.25 13.549
      vertex 4.50251 4.75 13.549
    endloop
  endfacet
  facet normal 0.195172 0 0.980769
    outer loop
      vertex 4.50251 -22 13.549
      vertex 5 -27 13.45
      vertex 5 -22 13.45
    endloop
  endfacet
  facet normal 0.195172 0 0.980769
    outer loop
      vertex 5 -27 13.45
      vertex 4.50251 -22 13.549
      vertex 4.50251 -27 13.549
    endloop
  endfacet
  facet normal -0.980785 0 0.195092
    outer loop
      vertex 6.20104 4.75 14.2525
      vertex 6.3 8.25 14.75
      vertex 6.20104 8.25 14.2525
    endloop
  endfacet
  facet normal -0.980785 0 0.195092
    outer loop
      vertex 6.3 8.25 14.75
      vertex 6.20104 4.75 14.2525
      vertex 6.3 4.75 14.75
    endloop
  endfacet
  facet normal -0.980785 0 0.195092
    outer loop
      vertex 6.20104 -27 14.2525
      vertex 6.3 -22 14.75
      vertex 6.20104 -22 14.2525
    endloop
  endfacet
  facet normal -0.980785 0 0.195092
    outer loop
      vertex 6.3 -22 14.75
      vertex 6.20104 -27 14.2525
      vertex 6.3 -27 14.75
    endloop
  endfacet
  facet normal -0.555564 0 0.831474
    outer loop
      vertex 5.49749 8.25 13.549
      vertex 5.91924 4.75 13.8308
      vertex 5.91924 8.25 13.8308
    endloop
  endfacet
  facet normal -0.555564 0 0.831474
    outer loop
      vertex 5.91924 4.75 13.8308
      vertex 5.49749 8.25 13.549
      vertex 5.49749 4.75 13.549
    endloop
  endfacet
  facet normal -0.555564 0 0.831474
    outer loop
      vertex 5.49749 -22 13.549
      vertex 5.91924 -27 13.8308
      vertex 5.91924 -22 13.8308
    endloop
  endfacet
  facet normal -0.555564 0 0.831474
    outer loop
      vertex 5.91924 -27 13.8308
      vertex 5.49749 -22 13.549
      vertex 5.49749 -27 13.549
    endloop
  endfacet
  facet normal 0.980785 0 -0.195092
    outer loop
      vertex 3.79896 4.75 15.2475
      vertex 3.7 8.25 14.75
      vertex 3.79896 8.25 15.2475
    endloop
  endfacet
  facet normal 0.980785 0 -0.195092
    outer loop
      vertex 3.7 8.25 14.75
      vertex 3.79896 4.75 15.2475
      vertex 3.7 4.75 14.75
    endloop
  endfacet
  facet normal 0.980785 0 -0.195092
    outer loop
      vertex 3.79896 -27 15.2475
      vertex 3.7 -22 14.75
      vertex 3.79896 -22 15.2475
    endloop
  endfacet
  facet normal 0.980785 0 -0.195092
    outer loop
      vertex 3.7 -22 14.75
      vertex 3.79896 -27 15.2475
      vertex 3.7 -27 14.75
    endloop
  endfacet
  facet normal 0.980785 -0 0.195092
    outer loop
      vertex 3.7 4.75 14.75
      vertex 3.79896 8.25 14.2525
      vertex 3.7 8.25 14.75
    endloop
  endfacet
  facet normal 0.980785 0 0.195092
    outer loop
      vertex 3.79896 8.25 14.2525
      vertex 3.7 4.75 14.75
      vertex 3.79896 4.75 14.2525
    endloop
  endfacet
  facet normal 0.980785 -0 0.195092
    outer loop
      vertex 3.7 -27 14.75
      vertex 3.79896 -22 14.2525
      vertex 3.7 -22 14.75
    endloop
  endfacet
  facet normal 0.980785 0 0.195092
    outer loop
      vertex 3.79896 -22 14.2525
      vertex 3.7 -27 14.75
      vertex 3.79896 -27 14.2525
    endloop
  endfacet
  facet normal 0.19525 0 -0.980753
    outer loop
      vertex 4.50251 -27 15.951
      vertex 4.74864 -22 16
      vertex 4.74864 -27 16
    endloop
  endfacet
  facet normal 0.19525 0 -0.980753
    outer loop
      vertex 4.74864 -22 16
      vertex 4.50251 -27 15.951
      vertex 4.50251 -22 15.951
    endloop
  endfacet
  facet normal 0.195172 0 -0.980769
    outer loop
      vertex 4.50251 4.75 15.951
      vertex 5 8.25 16.05
      vertex 5 4.75 16.05
    endloop
  endfacet
  facet normal 0.195172 0 -0.980769
    outer loop
      vertex 5 8.25 16.05
      vertex 4.50251 4.75 15.951
      vertex 4.50251 8.25 15.951
    endloop
  endfacet
  facet normal -0.980785 0 -0.195092
    outer loop
      vertex 6.3 4.75 14.75
      vertex 6.20104 8.25 15.2475
      vertex 6.3 8.25 14.75
    endloop
  endfacet
  facet normal -0.980785 -0 -0.195092
    outer loop
      vertex 6.20104 8.25 15.2475
      vertex 6.3 4.75 14.75
      vertex 6.20104 4.75 15.2475
    endloop
  endfacet
  facet normal -0.980785 0 -0.195092
    outer loop
      vertex 6.3 -27 14.75
      vertex 6.20104 -22 15.2475
      vertex 6.3 -22 14.75
    endloop
  endfacet
  facet normal -0.980785 -0 -0.195092
    outer loop
      vertex 6.20104 -22 15.2475
      vertex 6.3 -27 14.75
      vertex 6.20104 -27 15.2475
    endloop
  endfacet
  facet normal 0.831443 0 -0.55561
    outer loop
      vertex 4.08076 4.75 15.6692
      vertex 3.79896 8.25 15.2475
      vertex 4.08076 8.25 15.6692
    endloop
  endfacet
  facet normal 0.831443 0 -0.55561
    outer loop
      vertex 3.79896 8.25 15.2475
      vertex 4.08076 4.75 15.6692
      vertex 3.79896 4.75 15.2475
    endloop
  endfacet
  facet normal 0.831443 0 -0.55561
    outer loop
      vertex 4.08076 -27 15.6692
      vertex 3.79896 -22 15.2475
      vertex 4.08076 -22 15.6692
    endloop
  endfacet
  facet normal 0.831443 0 -0.55561
    outer loop
      vertex 3.79896 -22 15.2475
      vertex 4.08076 -27 15.6692
      vertex 3.79896 -27 15.2475
    endloop
  endfacet
  facet normal 0.555564 0 -0.831474
    outer loop
      vertex 4.08076 4.75 15.6692
      vertex 4.50251 8.25 15.951
      vertex 4.50251 4.75 15.951
    endloop
  endfacet
  facet normal 0.555564 0 -0.831474
    outer loop
      vertex 4.50251 8.25 15.951
      vertex 4.08076 4.75 15.6692
      vertex 4.08076 8.25 15.6692
    endloop
  endfacet
  facet normal 0.555564 0 -0.831474
    outer loop
      vertex 4.08076 -27 15.6692
      vertex 4.50251 -22 15.951
      vertex 4.50251 -27 15.951
    endloop
  endfacet
  facet normal 0.555564 0 -0.831474
    outer loop
      vertex 4.50251 -22 15.951
      vertex 4.08076 -27 15.6692
      vertex 4.08076 -22 15.6692
    endloop
  endfacet
  facet normal 0.555564 0 0.831474
    outer loop
      vertex 4.08076 8.25 13.8308
      vertex 4.50251 4.75 13.549
      vertex 4.50251 8.25 13.549
    endloop
  endfacet
  facet normal 0.555564 0 0.831474
    outer loop
      vertex 4.50251 4.75 13.549
      vertex 4.08076 8.25 13.8308
      vertex 4.08076 4.75 13.8308
    endloop
  endfacet
  facet normal 0.555564 0 0.831474
    outer loop
      vertex 4.08076 -22 13.8308
      vertex 4.50251 -27 13.549
      vertex 4.50251 -22 13.549
    endloop
  endfacet
  facet normal 0.555564 0 0.831474
    outer loop
      vertex 4.50251 -27 13.549
      vertex 4.08076 -22 13.8308
      vertex 4.08076 -27 13.8308
    endloop
  endfacet
  facet normal -0.831443 0 0.55561
    outer loop
      vertex 5.91924 4.75 13.8308
      vertex 6.20104 8.25 14.2525
      vertex 5.91924 8.25 13.8308
    endloop
  endfacet
  facet normal -0.831443 0 0.55561
    outer loop
      vertex 6.20104 8.25 14.2525
      vertex 5.91924 4.75 13.8308
      vertex 6.20104 4.75 14.2525
    endloop
  endfacet
  facet normal -0.831443 0 0.55561
    outer loop
      vertex 5.91924 -27 13.8308
      vertex 6.20104 -22 14.2525
      vertex 5.91924 -22 13.8308
    endloop
  endfacet
  facet normal -0.831443 0 0.55561
    outer loop
      vertex 6.20104 -22 14.2525
      vertex 5.91924 -27 13.8308
      vertex 6.20104 -27 14.2525
    endloop
  endfacet
  facet normal -0.195172 0 0.980769
    outer loop
      vertex 5 8.25 13.45
      vertex 5.49749 4.75 13.549
      vertex 5.49749 8.25 13.549
    endloop
  endfacet
  facet normal -0.195172 0 0.980769
    outer loop
      vertex 5.49749 4.75 13.549
      vertex 5 8.25 13.45
      vertex 5 4.75 13.45
    endloop
  endfacet
  facet normal -0.195172 0 0.980769
    outer loop
      vertex 5 -22 13.45
      vertex 5.49749 -27 13.549
      vertex 5.49749 -22 13.549
    endloop
  endfacet
  facet normal -0.195172 0 0.980769
    outer loop
      vertex 5.49749 -27 13.549
      vertex 5 -22 13.45
      vertex 5 -27 13.45
    endloop
  endfacet
  facet normal 0.831443 -0 0.55561
    outer loop
      vertex 3.79896 4.75 14.2525
      vertex 4.08076 8.25 13.8308
      vertex 3.79896 8.25 14.2525
    endloop
  endfacet
  facet normal 0.831443 0 0.55561
    outer loop
      vertex 4.08076 8.25 13.8308
      vertex 3.79896 4.75 14.2525
      vertex 4.08076 4.75 13.8308
    endloop
  endfacet
  facet normal 0.831443 -0 0.55561
    outer loop
      vertex 3.79896 -27 14.2525
      vertex 4.08076 -22 13.8308
      vertex 3.79896 -22 14.2525
    endloop
  endfacet
  facet normal 0.831443 0 0.55561
    outer loop
      vertex 4.08076 -22 13.8308
      vertex 3.79896 -27 14.2525
      vertex 4.08076 -27 13.8308
    endloop
  endfacet
  facet normal 0 0 -1
    outer loop
      vertex -10.4 5.25 10.4
      vertex 10.4 8.25 10.4
      vertex 10.4 5.25 10.4
    endloop
  endfacet
  facet normal -0 0 -1
    outer loop
      vertex 10.4 8.25 10.4
      vertex -10.4 5.25 10.4
      vertex -10.4 8.25 10.4
    endloop
  endfacet
  facet normal 0 1 0
    outer loop
      vertex 10.4 5.25 10.4
      vertex 0 5.25 2.2
      vertex -10.4 5.25 10.4
    endloop
  endfacet
  facet normal 0 1 0
    outer loop
      vertex 10.4 5.25 10.4
      vertex 0.287157 5.25 2.18118
      vertex 0 5.25 2.2
    endloop
  endfacet
  facet normal 0 1 0
    outer loop
      vertex 10.4 5.25 10.4
      vertex 0.569402 5.25 2.12504
      vertex 0.287157 5.25 2.18118
    endloop
  endfacet
  facet normal 0 1 0
    outer loop
      vertex 10.4 5.25 10.4
      vertex 0.841903 5.25 2.03253
      vertex 0.569402 5.25 2.12504
    endloop
  endfacet
  facet normal 0 1 0
    outer loop
      vertex 10.4 5.25 10.4
      vertex 1.1 5.25 1.90526
      vertex 0.841903 5.25 2.03253
    endloop
  endfacet
  facet normal 0 1 0
    outer loop
      vertex 10.4 5.25 10.4
      vertex 1.33927 5.25 1.74538
      vertex 1.1 5.25 1.90526
    endloop
  endfacet
  facet normal 0 1 0
    outer loop
      vertex 10.4 5.25 10.4
      vertex 1.55563 5.25 1.55563
      vertex 1.33927 5.25 1.74538
    endloop
  endfacet
  facet normal 0 1 0
    outer loop
      vertex 10.4 5.25 10.4
      vertex 1.74538 5.25 1.33927
      vertex 1.55563 5.25 1.55563
    endloop
  endfacet
  facet normal 0 1 0
    outer loop
      vertex 10.4 5.25 10.4
      vertex 1.90526 5.25 1.1
      vertex 1.74538 5.25 1.33927
    endloop
  endfacet
  facet normal 0 1 0
    outer loop
      vertex 10.4 5.25 10.4
      vertex 2.03253 5.25 0.841903
      vertex 1.90526 5.25 1.1
    endloop
  endfacet
  facet normal 0 1 0
    outer loop
      vertex 10.4 5.25 10.4
      vertex 2.12504 5.25 0.569402
      vertex 2.03253 5.25 0.841903
    endloop
  endfacet
  facet normal 0 1 0
    outer loop
      vertex 10.4 5.25 10.4
      vertex 2.18118 5.25 0.287157
      vertex 2.12504 5.25 0.569402
    endloop
  endfacet
  facet normal 0 1 0
    outer loop
      vertex 10.4 5.25 10.4
      vertex 2.2 5.25 0
      vertex 2.18118 5.25 0.287157
    endloop
  endfacet
  facet normal 0 1 0
    outer loop
      vertex 10.4 5.25 10.4
      vertex 2.18118 5.25 -0.287157
      vertex 2.2 5.25 0
    endloop
  endfacet
  facet normal 0 1 0
    outer loop
      vertex 10.4 5.25 10.4
      vertex 2.12504 5.25 -0.569402
      vertex 2.18118 5.25 -0.287157
    endloop
  endfacet
  facet normal 0 1 0
    outer loop
      vertex 10.4 5.25 10.4
      vertex 2.03253 5.25 -0.841903
      vertex 2.12504 5.25 -0.569402
    endloop
  endfacet
  facet normal 0 1 -0
    outer loop
      vertex 10.4 5.25 -30.4
      vertex 2.03253 5.25 -0.841903
      vertex 10.4 5.25 10.4
    endloop
  endfacet
  facet normal 0 1 0
    outer loop
      vertex 2.03253 5.25 -0.841903
      vertex 10.4 5.25 -30.4
      vertex 1.90526 5.25 -1.1
    endloop
  endfacet
  facet normal 0 1 0
    outer loop
      vertex 0.287157 5.25 -2.18118
      vertex 10.4 5.25 -30.4
      vertex 0 5.25 -2.2
    endloop
  endfacet
  facet normal 0 1 0
    outer loop
      vertex 0.569402 5.25 -2.12504
      vertex 10.4 5.25 -30.4
      vertex 0.287157 5.25 -2.18118
    endloop
  endfacet
  facet normal 0 1 0
    outer loop
      vertex 0.841903 5.25 -2.03253
      vertex 10.4 5.25 -30.4
      vertex 0.569402 5.25 -2.12504
    endloop
  endfacet
  facet normal 0 1 0
    outer loop
      vertex 1.1 5.25 -1.90526
      vertex 10.4 5.25 -30.4
      vertex 0.841903 5.25 -2.03253
    endloop
  endfacet
  facet normal 0 1 0
    outer loop
      vertex 1.33927 5.25 -1.74538
      vertex 10.4 5.25 -30.4
      vertex 1.1 5.25 -1.90526
    endloop
  endfacet
  facet normal 0 1 0
    outer loop
      vertex 1.55563 5.25 -1.55563
      vertex 10.4 5.25 -30.4
      vertex 1.33927 5.25 -1.74538
    endloop
  endfacet
  facet normal 0 1 0
    outer loop
      vertex 1.74538 5.25 -1.33927
      vertex 10.4 5.25 -30.4
      vertex 1.55563 5.25 -1.55563
    endloop
  endfacet
  facet normal 0 1 0
    outer loop
      vertex 1.90526 5.25 -1.1
      vertex 10.4 5.25 -30.4
      vertex 1.74538 5.25 -1.33927
    endloop
  endfacet
  facet normal 0 1 -0
    outer loop
      vertex -0.287157 5.25 2.18118
      vertex -10.4 5.25 10.4
      vertex 0 5.25 2.2
    endloop
  endfacet
  facet normal 0 1 -0
    outer loop
      vertex -0.569402 5.25 2.12504
      vertex -10.4 5.25 10.4
      vertex -0.287157 5.25 2.18118
    endloop
  endfacet
  facet normal 0 1 -0
    outer loop
      vertex -0.841903 5.25 2.03253
      vertex -10.4 5.25 10.4
      vertex -0.569402 5.25 2.12504
    endloop
  endfacet
  facet normal 0 1 -0
    outer loop
      vertex -1.1 5.25 1.90526
      vertex -10.4 5.25 10.4
      vertex -0.841903 5.25 2.03253
    endloop
  endfacet
  facet normal 0 1 -0
    outer loop
      vertex -1.33927 5.25 1.74538
      vertex -10.4 5.25 10.4
      vertex -1.1 5.25 1.90526
    endloop
  endfacet
  facet normal 0 1 -0
    outer loop
      vertex -1.55563 5.25 1.55563
      vertex -10.4 5.25 10.4
      vertex -1.33927 5.25 1.74538
    endloop
  endfacet
  facet normal 0 1 -0
    outer loop
      vertex -1.74538 5.25 1.33927
      vertex -10.4 5.25 10.4
      vertex -1.55563 5.25 1.55563
    endloop
  endfacet
  facet normal 0 1 -0
    outer loop
      vertex -1.90526 5.25 1.1
      vertex -10.4 5.25 10.4
      vertex -1.74538 5.25 1.33927
    endloop
  endfacet
  facet normal 0 1 -0
    outer loop
      vertex -2.03253 5.25 0.841903
      vertex -10.4 5.25 10.4
      vertex -1.90526 5.25 1.1
    endloop
  endfacet
  facet normal 0 1 -0
    outer loop
      vertex -2.12504 5.25 0.569402
      vertex -10.4 5.25 10.4
      vertex -2.03253 5.25 0.841903
    endloop
  endfacet
  facet normal 0 1 -0
    outer loop
      vertex -2.18118 5.25 0.287157
      vertex -10.4 5.25 10.4
      vertex -2.12504 5.25 0.569402
    endloop
  endfacet
  facet normal 0 1 -0
    outer loop
      vertex -2.2 5.25 0
      vertex -10.4 5.25 10.4
      vertex -2.18118 5.25 0.287157
    endloop
  endfacet
  facet normal 0 1 0
    outer loop
      vertex -2.18118 5.25 -0.287157
      vertex -10.4 5.25 10.4
      vertex -2.2 5.25 0
    endloop
  endfacet
  facet normal 0 1 0
    outer loop
      vertex -2.12504 5.25 -0.569402
      vertex -10.4 5.25 10.4
      vertex -2.18118 5.25 -0.287157
    endloop
  endfacet
  facet normal 0 1 0
    outer loop
      vertex -2.03253 5.25 -0.841903
      vertex -10.4 5.25 10.4
      vertex -2.12504 5.25 -0.569402
    endloop
  endfacet
  facet normal 0 1 0
    outer loop
      vertex -10.4 5.25 -30.4
      vertex -2.03253 5.25 -0.841903
      vertex -1.90526 5.25 -1.1
    endloop
  endfacet
  facet normal 0 1 0
    outer loop
      vertex -10.4 5.25 -30.4
      vertex -1.90526 5.25 -1.1
      vertex -1.74538 5.25 -1.33927
    endloop
  endfacet
  facet normal 0 1 0
    outer loop
      vertex -10.4 5.25 -30.4
      vertex 0 5.25 -2.2
      vertex 10.4 5.25 -30.4
    endloop
  endfacet
  facet normal 0 1 0
    outer loop
      vertex 0 5.25 -2.2
      vertex -10.4 5.25 -30.4
      vertex -0.287157 5.25 -2.18118
    endloop
  endfacet
  facet normal 0 1 0
    outer loop
      vertex -0.287157 5.25 -2.18118
      vertex -10.4 5.25 -30.4
      vertex -0.569402 5.25 -2.12504
    endloop
  endfacet
  facet normal 0 1 0
    outer loop
      vertex -0.569402 5.25 -2.12504
      vertex -10.4 5.25 -30.4
      vertex -0.841903 5.25 -2.03253
    endloop
  endfacet
  facet normal 0 1 0
    outer loop
      vertex -0.841903 5.25 -2.03253
      vertex -10.4 5.25 -30.4
      vertex -1.1 5.25 -1.90526
    endloop
  endfacet
  facet normal 0 1 0
    outer loop
      vertex -1.1 5.25 -1.90526
      vertex -10.4 5.25 -30.4
      vertex -1.33927 5.25 -1.74538
    endloop
  endfacet
  facet normal 0 1 0
    outer loop
      vertex -1.33927 5.25 -1.74538
      vertex -10.4 5.25 -30.4
      vertex -1.55563 5.25 -1.55563
    endloop
  endfacet
  facet normal 0 1 0
    outer loop
      vertex -1.55563 5.25 -1.55563
      vertex -10.4 5.25 -30.4
      vertex -1.74538 5.25 -1.33927
    endloop
  endfacet
  facet normal 0 1 0
    outer loop
      vertex -2.03253 5.25 -0.841903
      vertex -10.4 5.25 -30.4
      vertex -10.4 5.25 10.4
    endloop
  endfacet
  facet normal -0 0 1
    outer loop
      vertex -10.4 8.25 -30.4
      vertex 10.4 5.25 -30.4
      vertex 10.4 8.25 -30.4
    endloop
  endfacet
  facet normal 0 0 1
    outer loop
      vertex 10.4 5.25 -30.4
      vertex -10.4 8.25 -30.4
      vertex -10.4 5.25 -30.4
    endloop
  endfacet
  facet normal -1 0 0
    outer loop
      vertex 10.4 5.25 -30.4
      vertex 10.4 8.25 10.4
      vertex 10.4 8.25 -30.4
    endloop
  endfacet
  facet normal -1 -0 0
    outer loop
      vertex 10.4 8.25 10.4
      vertex 10.4 5.25 -30.4
      vertex 10.4 5.25 10.4
    endloop
  endfacet
  facet normal 1 -0 0
    outer loop
      vertex -10.4 5.25 10.4
      vertex -10.4 8.25 -30.4
      vertex -10.4 8.25 10.4
    endloop
  endfacet
  facet normal 1 0 0
    outer loop
      vertex -10.4 8.25 -30.4
      vertex -10.4 5.25 10.4
      vertex -10.4 5.25 -30.4
    endloop
  endfacet
  facet normal 0.555571 0 -0.831469
    outer loop
      vertex -4.01783 -27 5.23613
      vertex -3.3 -22.9 5.71577
      vertex -3.3 -27 5.71577
    endloop
  endfacet
  facet normal 0.555571 0 -0.831469
    outer loop
      vertex -3.3 -22.9 5.71577
      vertex -4.01783 -27 5.23613
      vertex -4.01783 -22.9 5.23613
    endloop
  endfacet
  facet normal 0.321446 0 0.946928
    outer loop
      vertex -2.52571 -22.9 -6.0976
      vertex -1.70821 -27 -6.37511
      vertex -1.70821 -22.9 -6.37511
    endloop
  endfacet
  facet normal 0.321446 0 0.946928
    outer loop
      vertex -1.70821 -27 -6.37511
      vertex -2.52571 -22.9 -6.0976
      vertex -2.52571 -27 -6.0976
    endloop
  endfacet
  facet normal 0.980785 0 -0.195094
    outer loop
      vertex -6.37511 -27 1.70821
      vertex -6.54354 -22.9 0.861472
      vertex -6.37511 -22.9 1.70821
    endloop
  endfacet
  facet normal 0.980785 0 -0.195094
    outer loop
      vertex -6.54354 -22.9 0.861472
      vertex -6.37511 -27 1.70821
      vertex -6.54354 -27 0.861472
    endloop
  endfacet
  facet normal 0.997859 0 -0.0653987
    outer loop
      vertex -6.54354 -27 0.861472
      vertex -6.6 -22.9 0
      vertex -6.54354 -22.9 0.861472
    endloop
  endfacet
  facet normal 0.997859 0 -0.0653987
    outer loop
      vertex -6.6 -22.9 0
      vertex -6.54354 -27 0.861472
      vertex -6.6 -27 0
    endloop
  endfacet
  facet normal 0.946928 0 -0.321446
    outer loop
      vertex -6.0976 -27 2.52571
      vertex -6.37511 -22.9 1.70821
      vertex -6.0976 -22.9 2.52571
    endloop
  endfacet
  facet normal 0.946928 0 -0.321446
    outer loop
      vertex -6.37511 -22.9 1.70821
      vertex -6.0976 -27 2.52571
      vertex -6.37511 -27 1.70821
    endloop
  endfacet
  facet normal -0.195094 0 -0.980785
    outer loop
      vertex 0.861472 -27 6.54354
      vertex 1.70821 -22.9 6.37511
      vertex 1.70821 -27 6.37511
    endloop
  endfacet
  facet normal -0.195094 0 -0.980785
    outer loop
      vertex 1.70821 -22.9 6.37511
      vertex 0.861472 -27 6.54354
      vertex 0.861472 -22.9 6.54354
    endloop
  endfacet
  facet normal -0.659353 0 0.751834
    outer loop
      vertex 4.01783 -22.9 -5.23613
      vertex 4.6669 -27 -4.6669
      vertex 4.6669 -22.9 -4.6669
    endloop
  endfacet
  facet normal -0.659353 0 0.751834
    outer loop
      vertex 4.6669 -27 -4.6669
      vertex 4.01783 -22.9 -5.23613
      vertex 4.01783 -27 -5.23613
    endloop
  endfacet
  facet normal -0.946928 0 0.321446
    outer loop
      vertex 6.0976 -27 -2.52571
      vertex 6.37511 -22.9 -1.70821
      vertex 6.0976 -22.9 -2.52571
    endloop
  endfacet
  facet normal -0.946928 0 0.321446
    outer loop
      vertex 6.37511 -22.9 -1.70821
      vertex 6.0976 -27 -2.52571
      vertex 6.37511 -27 -1.70821
    endloop
  endfacet
  facet normal 0.751834 -0 0.659353
    outer loop
      vertex -5.23613 -27 -4.01783
      vertex -4.6669 -22.9 -4.6669
      vertex -5.23613 -22.9 -4.01783
    endloop
  endfacet
  facet normal 0.751834 0 0.659353
    outer loop
      vertex -4.6669 -22.9 -4.6669
      vertex -5.23613 -27 -4.01783
      vertex -4.6669 -27 -4.6669
    endloop
  endfacet
  facet normal 0.997859 -0 0.0653987
    outer loop
      vertex -6.6 -27 0
      vertex -6.54354 -22.9 -0.861472
      vertex -6.6 -22.9 0
    endloop
  endfacet
  facet normal 0.997859 0 0.0653987
    outer loop
      vertex -6.54354 -22.9 -0.861472
      vertex -6.6 -27 0
      vertex -6.54354 -27 -0.861472
    endloop
  endfacet
  facet normal 0.321446 0 -0.946928
    outer loop
      vertex -2.52571 -27 6.0976
      vertex -1.70821 -22.9 6.37511
      vertex -1.70821 -27 6.37511
    endloop
  endfacet
  facet normal 0.321446 0 -0.946928
    outer loop
      vertex -1.70821 -22.9 6.37511
      vertex -2.52571 -27 6.0976
      vertex -2.52571 -22.9 6.0976
    endloop
  endfacet
  facet normal 0.659353 0 0.751834
    outer loop
      vertex -4.6669 -22.9 -4.6669
      vertex -4.01783 -27 -5.23613
      vertex -4.01783 -22.9 -5.23613
    endloop
  endfacet
  facet normal 0.659353 0 0.751834
    outer loop
      vertex -4.01783 -27 -5.23613
      vertex -4.6669 -22.9 -4.6669
      vertex -4.6669 -27 -4.6669
    endloop
  endfacet
  facet normal 0.442282 0 0.896876
    outer loop
      vertex -3.3 -22.9 -5.71577
      vertex -2.52571 -27 -6.0976
      vertex -2.52571 -22.9 -6.0976
    endloop
  endfacet
  facet normal 0.442282 0 0.896876
    outer loop
      vertex -2.52571 -27 -6.0976
      vertex -3.3 -22.9 -5.71577
      vertex -3.3 -27 -5.71577
    endloop
  endfacet
  facet normal -0.321446 0 -0.946928
    outer loop
      vertex 1.70821 -27 6.37511
      vertex 2.52571 -22.9 6.0976
      vertex 2.52571 -27 6.0976
    endloop
  endfacet
  facet normal -0.321446 0 -0.946928
    outer loop
      vertex 2.52571 -22.9 6.0976
      vertex 1.70821 -27 6.37511
      vertex 1.70821 -22.9 6.37511
    endloop
  endfacet
  facet normal -0.896876 0 0.442282
    outer loop
      vertex 5.71577 -27 -3.3
      vertex 6.0976 -22.9 -2.52571
      vertex 5.71577 -22.9 -3.3
    endloop
  endfacet
  facet normal -0.896876 0 0.442282
    outer loop
      vertex 6.0976 -22.9 -2.52571
      vertex 5.71577 -27 -3.3
      vertex 6.0976 -27 -2.52571
    endloop
  endfacet
  facet normal -0.980785 0 -0.195094
    outer loop
      vertex 6.54354 -27 0.861472
      vertex 6.37511 -22.9 1.70821
      vertex 6.54354 -22.9 0.861472
    endloop
  endfacet
  facet normal -0.980785 -0 -0.195094
    outer loop
      vertex 6.37511 -22.9 1.70821
      vertex 6.54354 -27 0.861472
      vertex 6.37511 -27 1.70821
    endloop
  endfacet
  facet normal 0.831469 -0 0.555571
    outer loop
      vertex -5.71577 -27 -3.3
      vertex -5.23613 -22.9 -4.01783
      vertex -5.71577 -22.9 -3.3
    endloop
  endfacet
  facet normal 0.831469 0 0.555571
    outer loop
      vertex -5.23613 -22.9 -4.01783
      vertex -5.71577 -27 -3.3
      vertex -5.23613 -27 -4.01783
    endloop
  endfacet
  facet normal -0.442282 0 0.896876
    outer loop
      vertex 2.52571 -22.9 -6.0976
      vertex 3.3 -27 -5.71577
      vertex 3.3 -22.9 -5.71577
    endloop
  endfacet
  facet normal -0.442282 0 0.896876
    outer loop
      vertex 3.3 -27 -5.71577
      vertex 2.52571 -22.9 -6.0976
      vertex 2.52571 -27 -6.0976
    endloop
  endfacet
  facet normal -0.997859 0 0.0653987
    outer loop
      vertex 6.54354 -27 -0.861472
      vertex 6.6 -22.9 0
      vertex 6.54354 -22.9 -0.861472
    endloop
  endfacet
  facet normal -0.997859 0 0.0653987
    outer loop
      vertex 6.6 -22.9 0
      vertex 6.54354 -27 -0.861472
      vertex 6.6 -27 0
    endloop
  endfacet
  facet normal 0.0653987 0 0.997859
    outer loop
      vertex -0.861472 -22.9 -6.54354
      vertex 0 -27 -6.6
      vertex 0 -22.9 -6.6
    endloop
  endfacet
  facet normal 0.0653987 0 0.997859
    outer loop
      vertex 0 -27 -6.6
      vertex -0.861472 -22.9 -6.54354
      vertex -0.861472 -27 -6.54354
    endloop
  endfacet
  facet normal 0.980785 -0 0.195094
    outer loop
      vertex -6.54354 -27 -0.861472
      vertex -6.37511 -22.9 -1.70821
      vertex -6.54354 -22.9 -0.861472
    endloop
  endfacet
  facet normal 0.980785 0 0.195094
    outer loop
      vertex -6.37511 -22.9 -1.70821
      vertex -6.54354 -27 -0.861472
      vertex -6.37511 -27 -1.70821
    endloop
  endfacet
  facet normal -0.555571 0 -0.831469
    outer loop
      vertex 3.3 -27 5.71577
      vertex 4.01783 -22.9 5.23613
      vertex 4.01783 -27 5.23613
    endloop
  endfacet
  facet normal -0.555571 0 -0.831469
    outer loop
      vertex 4.01783 -22.9 5.23613
      vertex 3.3 -27 5.71577
      vertex 3.3 -22.9 5.71577
    endloop
  endfacet
  facet normal -0.659353 0 -0.751834
    outer loop
      vertex 4.01783 -27 5.23613
      vertex 4.6669 -22.9 4.6669
      vertex 4.6669 -27 4.6669
    endloop
  endfacet
  facet normal -0.659353 0 -0.751834
    outer loop
      vertex 4.6669 -22.9 4.6669
      vertex 4.01783 -27 5.23613
      vertex 4.01783 -22.9 5.23613
    endloop
  endfacet
  facet normal -0.751834 0 0.659353
    outer loop
      vertex 4.6669 -27 -4.6669
      vertex 5.23613 -22.9 -4.01783
      vertex 4.6669 -22.9 -4.6669
    endloop
  endfacet
  facet normal -0.751834 0 0.659353
    outer loop
      vertex 5.23613 -22.9 -4.01783
      vertex 4.6669 -27 -4.6669
      vertex 5.23613 -27 -4.01783
    endloop
  endfacet
  facet normal 0.896876 -0 0.442282
    outer loop
      vertex -6.0976 -27 -2.52571
      vertex -5.71577 -22.9 -3.3
      vertex -6.0976 -22.9 -2.52571
    endloop
  endfacet
  facet normal 0.896876 0 0.442282
    outer loop
      vertex -5.71577 -22.9 -3.3
      vertex -6.0976 -27 -2.52571
      vertex -5.71577 -27 -3.3
    endloop
  endfacet
  facet normal -0.946928 0 -0.321446
    outer loop
      vertex 6.37511 -27 1.70821
      vertex 6.0976 -22.9 2.52571
      vertex 6.37511 -22.9 1.70821
    endloop
  endfacet
  facet normal -0.946928 -0 -0.321446
    outer loop
      vertex 6.0976 -22.9 2.52571
      vertex 6.37511 -27 1.70821
      vertex 6.0976 -27 2.52571
    endloop
  endfacet
  facet normal 0.896876 0 -0.442282
    outer loop
      vertex -5.71577 -27 3.3
      vertex -6.0976 -22.9 2.52571
      vertex -5.71577 -22.9 3.3
    endloop
  endfacet
  facet normal 0.896876 0 -0.442282
    outer loop
      vertex -6.0976 -22.9 2.52571
      vertex -5.71577 -27 3.3
      vertex -6.0976 -27 2.52571
    endloop
  endfacet
  facet normal -0.195094 0 0.980785
    outer loop
      vertex 0.861472 -22.9 -6.54354
      vertex 1.70821 -27 -6.37511
      vertex 1.70821 -22.9 -6.37511
    endloop
  endfacet
  facet normal -0.195094 0 0.980785
    outer loop
      vertex 1.70821 -27 -6.37511
      vertex 0.861472 -22.9 -6.54354
      vertex 0.861472 -27 -6.54354
    endloop
  endfacet
  facet normal 0.442282 0 -0.896876
    outer loop
      vertex -3.3 -27 5.71577
      vertex -2.52571 -22.9 6.0976
      vertex -2.52571 -27 6.0976
    endloop
  endfacet
  facet normal 0.442282 0 -0.896876
    outer loop
      vertex -2.52571 -22.9 6.0976
      vertex -3.3 -27 5.71577
      vertex -3.3 -22.9 5.71577
    endloop
  endfacet
  facet normal 0.659353 0 -0.751834
    outer loop
      vertex -4.6669 -27 4.6669
      vertex -4.01783 -22.9 5.23613
      vertex -4.01783 -27 5.23613
    endloop
  endfacet
  facet normal 0.659353 0 -0.751834
    outer loop
      vertex -4.01783 -22.9 5.23613
      vertex -4.6669 -27 4.6669
      vertex -4.6669 -22.9 4.6669
    endloop
  endfacet
  facet normal 0.751834 0 -0.659353
    outer loop
      vertex -4.6669 -27 4.6669
      vertex -5.23613 -22.9 4.01783
      vertex -4.6669 -22.9 4.6669
    endloop
  endfacet
  facet normal 0.751834 0 -0.659353
    outer loop
      vertex -5.23613 -22.9 4.01783
      vertex -4.6669 -27 4.6669
      vertex -5.23613 -27 4.01783
    endloop
  endfacet
  facet normal -0.321446 0 0.946928
    outer loop
      vertex 1.70821 -22.9 -6.37511
      vertex 2.52571 -27 -6.0976
      vertex 2.52571 -22.9 -6.0976
    endloop
  endfacet
  facet normal -0.321446 0 0.946928
    outer loop
      vertex 2.52571 -27 -6.0976
      vertex 1.70821 -22.9 -6.37511
      vertex 1.70821 -27 -6.37511
    endloop
  endfacet
  facet normal 0.555571 0 0.831469
    outer loop
      vertex -4.01783 -22.9 -5.23613
      vertex -3.3 -27 -5.71577
      vertex -3.3 -22.9 -5.71577
    endloop
  endfacet
  facet normal 0.555571 0 0.831469
    outer loop
      vertex -3.3 -27 -5.71577
      vertex -4.01783 -22.9 -5.23613
      vertex -4.01783 -27 -5.23613
    endloop
  endfacet
  facet normal 0.831469 0 -0.555571
    outer loop
      vertex -5.23613 -27 4.01783
      vertex -5.71577 -22.9 3.3
      vertex -5.23613 -22.9 4.01783
    endloop
  endfacet
  facet normal 0.831469 0 -0.555571
    outer loop
      vertex -5.71577 -22.9 3.3
      vertex -5.23613 -27 4.01783
      vertex -5.71577 -27 3.3
    endloop
  endfacet
  facet normal 0.195094 0 0.980785
    outer loop
      vertex -1.70821 -22.9 -6.37511
      vertex -0.861472 -27 -6.54354
      vertex -0.861472 -22.9 -6.54354
    endloop
  endfacet
  facet normal 0.195094 0 0.980785
    outer loop
      vertex -0.861472 -27 -6.54354
      vertex -1.70821 -22.9 -6.37511
      vertex -1.70821 -27 -6.37511
    endloop
  endfacet
  facet normal -0.980785 0 0.195094
    outer loop
      vertex 6.37511 -27 -1.70821
      vertex 6.54354 -22.9 -0.861472
      vertex 6.37511 -22.9 -1.70821
    endloop
  endfacet
  facet normal -0.980785 0 0.195094
    outer loop
      vertex 6.54354 -22.9 -0.861472
      vertex 6.37511 -27 -1.70821
      vertex 6.54354 -27 -0.861472
    endloop
  endfacet
  facet normal -0.0653987 0 0.997859
    outer loop
      vertex 0 -22.9 -6.6
      vertex 0.861472 -27 -6.54354
      vertex 0.861472 -22.9 -6.54354
    endloop
  endfacet
  facet normal -0.0653987 0 0.997859
    outer loop
      vertex 0.861472 -27 -6.54354
      vertex 0 -22.9 -6.6
      vertex 0 -27 -6.6
    endloop
  endfacet
  facet normal 0.0653987 0 -0.997859
    outer loop
      vertex -0.861472 -27 6.54354
      vertex 0 -22.9 6.6
      vertex 0 -27 6.6
    endloop
  endfacet
  facet normal 0.0653987 0 -0.997859
    outer loop
      vertex 0 -22.9 6.6
      vertex -0.861472 -27 6.54354
      vertex -0.861472 -22.9 6.54354
    endloop
  endfacet
  facet normal 0.946928 -0 0.321446
    outer loop
      vertex -6.37511 -27 -1.70821
      vertex -6.0976 -22.9 -2.52571
      vertex -6.37511 -22.9 -1.70821
    endloop
  endfacet
  facet normal 0.946928 0 0.321446
    outer loop
      vertex -6.0976 -22.9 -2.52571
      vertex -6.37511 -27 -1.70821
      vertex -6.0976 -27 -2.52571
    endloop
  endfacet
  facet normal -0.997859 0 -0.0653987
    outer loop
      vertex 6.6 -27 0
      vertex 6.54354 -22.9 0.861472
      vertex 6.6 -22.9 0
    endloop
  endfacet
  facet normal -0.997859 -0 -0.0653987
    outer loop
      vertex 6.54354 -22.9 0.861472
      vertex 6.6 -27 0
      vertex 6.54354 -27 0.861472
    endloop
  endfacet
  facet normal -0.0653987 0 -0.997859
    outer loop
      vertex 0 -27 6.6
      vertex 0.861472 -22.9 6.54354
      vertex 0.861472 -27 6.54354
    endloop
  endfacet
  facet normal -0.0653987 0 -0.997859
    outer loop
      vertex 0.861472 -22.9 6.54354
      vertex 0 -27 6.6
      vertex 0 -22.9 6.6
    endloop
  endfacet
  facet normal -0.831469 0 0.555571
    outer loop
      vertex 5.23613 -27 -4.01783
      vertex 5.71577 -22.9 -3.3
      vertex 5.23613 -22.9 -4.01783
    endloop
  endfacet
  facet normal -0.831469 0 0.555571
    outer loop
      vertex 5.71577 -22.9 -3.3
      vertex 5.23613 -27 -4.01783
      vertex 5.71577 -27 -3.3
    endloop
  endfacet
  facet normal 0.195094 0 -0.980785
    outer loop
      vertex -1.70821 -27 6.37511
      vertex -0.861472 -22.9 6.54354
      vertex -0.861472 -27 6.54354
    endloop
  endfacet
  facet normal 0.195094 0 -0.980785
    outer loop
      vertex -0.861472 -22.9 6.54354
      vertex -1.70821 -27 6.37511
      vertex -1.70821 -22.9 6.37511
    endloop
  endfacet
  facet normal -0.751834 0 -0.659353
    outer loop
      vertex 5.23613 -27 4.01783
      vertex 4.6669 -22.9 4.6669
      vertex 5.23613 -22.9 4.01783
    endloop
  endfacet
  facet normal -0.751834 -0 -0.659353
    outer loop
      vertex 4.6669 -22.9 4.6669
      vertex 5.23613 -27 4.01783
      vertex 4.6669 -27 4.6669
    endloop
  endfacet
  facet normal -0.442282 0 -0.896876
    outer loop
      vertex 2.52571 -27 6.0976
      vertex 3.3 -22.9 5.71577
      vertex 3.3 -27 5.71577
    endloop
  endfacet
  facet normal -0.442282 0 -0.896876
    outer loop
      vertex 3.3 -22.9 5.71577
      vertex 2.52571 -27 6.0976
      vertex 2.52571 -22.9 6.0976
    endloop
  endfacet
  facet normal -0.896876 0 -0.442282
    outer loop
      vertex 6.0976 -27 2.52571
      vertex 5.71577 -22.9 3.3
      vertex 6.0976 -22.9 2.52571
    endloop
  endfacet
  facet normal -0.896876 -0 -0.442282
    outer loop
      vertex 5.71577 -22.9 3.3
      vertex 6.0976 -27 2.52571
      vertex 5.71577 -27 3.3
    endloop
  endfacet
  facet normal -0.831469 0 -0.555571
    outer loop
      vertex 5.71577 -27 3.3
      vertex 5.23613 -22.9 4.01783
      vertex 5.71577 -22.9 3.3
    endloop
  endfacet
  facet normal -0.831469 -0 -0.555571
    outer loop
      vertex 5.23613 -22.9 4.01783
      vertex 5.71577 -27 3.3
      vertex 5.23613 -27 4.01783
    endloop
  endfacet
  facet normal -0.555571 0 0.831469
    outer loop
      vertex 3.3 -22.9 -5.71577
      vertex 4.01783 -27 -5.23613
      vertex 4.01783 -22.9 -5.23613
    endloop
  endfacet
  facet normal -0.555571 0 0.831469
    outer loop
      vertex 4.01783 -27 -5.23613
      vertex 3.3 -22.9 -5.71577
      vertex 3.3 -27 -5.71577
    endloop
  endfacet
  facet normal 0 -1 0
    outer loop
      vertex 0 -22.9 2.2
      vertex 0 -22.9 6.6
      vertex -0.861472 -22.9 6.54354
    endloop
  endfacet
  facet normal 0 -1 0
    outer loop
      vertex -0.287157 -22.9 2.18118
      vertex -0.861472 -22.9 6.54354
      vertex -1.70821 -22.9 6.37511
    endloop
  endfacet
  facet normal 0 -1 0
    outer loop
      vertex 0 -22.9 6.6
      vertex 0 -22.9 2.2
      vertex 0.861472 -22.9 6.54354
    endloop
  endfacet
  facet normal 0 -1 0
    outer loop
      vertex -0.569402 -22.9 2.12504
      vertex -1.70821 -22.9 6.37511
      vertex -2.52571 -22.9 6.0976
    endloop
  endfacet
  facet normal 0 -1 0
    outer loop
      vertex 0.287157 -22.9 2.18118
      vertex 0.861472 -22.9 6.54354
      vertex 0 -22.9 2.2
    endloop
  endfacet
  facet normal 0 -1 0
    outer loop
      vertex -0.841903 -22.9 2.03253
      vertex -2.52571 -22.9 6.0976
      vertex -3.3 -22.9 5.71577
    endloop
  endfacet
  facet normal 0 -1 -0
    outer loop
      vertex 0.861472 -22.9 6.54354
      vertex 0.287157 -22.9 2.18118
      vertex 1.70821 -22.9 6.37511
    endloop
  endfacet
  facet normal 0 -1 0
    outer loop
      vertex -1.1 -22.9 1.90526
      vertex -3.3 -22.9 5.71577
      vertex -4.01783 -22.9 5.23613
    endloop
  endfacet
  facet normal 0 -1 0
    outer loop
      vertex 0.569402 -22.9 2.12504
      vertex 1.70821 -22.9 6.37511
      vertex 0.287157 -22.9 2.18118
    endloop
  endfacet
  facet normal 0 -1 0
    outer loop
      vertex -1.33927 -22.9 1.74538
      vertex -4.01783 -22.9 5.23613
      vertex -4.6669 -22.9 4.6669
    endloop
  endfacet
  facet normal 0 -1 -0
    outer loop
      vertex 1.70821 -22.9 6.37511
      vertex 0.569402 -22.9 2.12504
      vertex 2.52571 -22.9 6.0976
    endloop
  endfacet
  facet normal 0 -1 0
    outer loop
      vertex -1.55563 -22.9 1.55563
      vertex -4.6669 -22.9 4.6669
      vertex -5.23613 -22.9 4.01783
    endloop
  endfacet
  facet normal 0 -1 0
    outer loop
      vertex 0.841903 -22.9 2.03253
      vertex 2.52571 -22.9 6.0976
      vertex 0.569402 -22.9 2.12504
    endloop
  endfacet
  facet normal 0 -1 0
    outer loop
      vertex -1.74538 -22.9 1.33927
      vertex -5.23613 -22.9 4.01783
      vertex -5.71577 -22.9 3.3
    endloop
  endfacet
  facet normal 0 -1 -0
    outer loop
      vertex 2.52571 -22.9 6.0976
      vertex 0.841903 -22.9 2.03253
      vertex 3.3 -22.9 5.71577
    endloop
  endfacet
  facet normal 0 -1 0
    outer loop
      vertex -1.90526 -22.9 1.1
      vertex -5.71577 -22.9 3.3
      vertex -6.0976 -22.9 2.52571
    endloop
  endfacet
  facet normal 0 -1 0
    outer loop
      vertex 1.1 -22.9 1.90526
      vertex 3.3 -22.9 5.71577
      vertex 0.841903 -22.9 2.03253
    endloop
  endfacet
  facet normal 0 -1 -0
    outer loop
      vertex 3.3 -22.9 5.71577
      vertex 1.1 -22.9 1.90526
      vertex 4.01783 -22.9 5.23613
    endloop
  endfacet
  facet normal 0 -1 0
    outer loop
      vertex -0.861472 -22.9 6.54354
      vertex -0.287157 -22.9 2.18118
      vertex 0 -22.9 2.2
    endloop
  endfacet
  facet normal 0 -1 0
    outer loop
      vertex -1.70821 -22.9 6.37511
      vertex -0.569402 -22.9 2.12504
      vertex -0.287157 -22.9 2.18118
    endloop
  endfacet
  facet normal 0 -1 0
    outer loop
      vertex -2.52571 -22.9 6.0976
      vertex -0.841903 -22.9 2.03253
      vertex -0.569402 -22.9 2.12504
    endloop
  endfacet
  facet normal 0 -1 0
    outer loop
      vertex -3.3 -22.9 5.71577
      vertex -1.1 -22.9 1.90526
      vertex -0.841903 -22.9 2.03253
    endloop
  endfacet
  facet normal 0 -1 0
    outer loop
      vertex -4.01783 -22.9 5.23613
      vertex -1.33927 -22.9 1.74538
      vertex -1.1 -22.9 1.90526
    endloop
  endfacet
  facet normal 0 -1 0
    outer loop
      vertex -2.03253 -22.9 0.841903
      vertex -6.0976 -22.9 2.52571
      vertex -6.37511 -22.9 1.70821
    endloop
  endfacet
  facet normal 0 -1 0
    outer loop
      vertex -4.6669 -22.9 4.6669
      vertex -1.55563 -22.9 1.55563
      vertex -1.33927 -22.9 1.74538
    endloop
  endfacet
  facet normal 0 -1 0
    outer loop
      vertex -5.23613 -22.9 4.01783
      vertex -1.74538 -22.9 1.33927
      vertex -1.55563 -22.9 1.55563
    endloop
  endfacet
  facet normal 0 -1 0
    outer loop
      vertex -5.71577 -22.9 3.3
      vertex -1.90526 -22.9 1.1
      vertex -1.74538 -22.9 1.33927
    endloop
  endfacet
  facet normal 0 -1 0
    outer loop
      vertex -2.12504 -22.9 0.569402
      vertex -6.37511 -22.9 1.70821
      vertex -6.54354 -22.9 0.861472
    endloop
  endfacet
  facet normal 0 -1 0
    outer loop
      vertex -6.0976 -22.9 2.52571
      vertex -2.03253 -22.9 0.841903
      vertex -1.90526 -22.9 1.1
    endloop
  endfacet
  facet normal 0 -1 0
    outer loop
      vertex -6.37511 -22.9 1.70821
      vertex -2.12504 -22.9 0.569402
      vertex -2.03253 -22.9 0.841903
    endloop
  endfacet
  facet normal 0 -1 0
    outer loop
      vertex -6.54354 -22.9 0.861472
      vertex -2.18118 -22.9 0.287157
      vertex -2.12504 -22.9 0.569402
    endloop
  endfacet
  facet normal 0 -1 0
    outer loop
      vertex -6.6 -22.9 0
      vertex -2.18118 -22.9 0.287157
      vertex -6.54354 -22.9 0.861472
    endloop
  endfacet
  facet normal 0 -1 0
    outer loop
      vertex -6.6 -22.9 0
      vertex -2.2 -22.9 0
      vertex -2.18118 -22.9 0.287157
    endloop
  endfacet
  facet normal 0 -1 0
    outer loop
      vertex -6.6 -22.9 0
      vertex -2.18118 -22.9 -0.287157
      vertex -2.2 -22.9 0
    endloop
  endfacet
  facet normal 0 -1 0
    outer loop
      vertex -6.54354 -22.9 -0.861472
      vertex -2.18118 -22.9 -0.287157
      vertex -6.6 -22.9 0
    endloop
  endfacet
  facet normal 0 -1 -0
    outer loop
      vertex -2.18118 -22.9 -0.287157
      vertex -6.54354 -22.9 -0.861472
      vertex -2.12504 -22.9 -0.569402
    endloop
  endfacet
  facet normal 0 -1 0
    outer loop
      vertex -6.37511 -22.9 -1.70821
      vertex -2.12504 -22.9 -0.569402
      vertex -6.54354 -22.9 -0.861472
    endloop
  endfacet
  facet normal 0 -1 -0
    outer loop
      vertex -2.12504 -22.9 -0.569402
      vertex -6.37511 -22.9 -1.70821
      vertex -2.03253 -22.9 -0.841903
    endloop
  endfacet
  facet normal 0 -1 0
    outer loop
      vertex -6.0976 -22.9 -2.52571
      vertex -2.03253 -22.9 -0.841903
      vertex -6.37511 -22.9 -1.70821
    endloop
  endfacet
  facet normal 0 -1 -0
    outer loop
      vertex -2.03253 -22.9 -0.841903
      vertex -6.0976 -22.9 -2.52571
      vertex -1.90526 -22.9 -1.1
    endloop
  endfacet
  facet normal 0 -1 0
    outer loop
      vertex -5.71577 -22.9 -3.3
      vertex -1.90526 -22.9 -1.1
      vertex -6.0976 -22.9 -2.52571
    endloop
  endfacet
  facet normal 0 -1 -0
    outer loop
      vertex -1.90526 -22.9 -1.1
      vertex -5.71577 -22.9 -3.3
      vertex -1.74538 -22.9 -1.33927
    endloop
  endfacet
  facet normal 0 -1 0
    outer loop
      vertex -5.23613 -22.9 -4.01783
      vertex -1.74538 -22.9 -1.33927
      vertex -5.71577 -22.9 -3.3
    endloop
  endfacet
  facet normal 0 -1 -0
    outer loop
      vertex -1.74538 -22.9 -1.33927
      vertex -5.23613 -22.9 -4.01783
      vertex -1.55563 -22.9 -1.55563
    endloop
  endfacet
  facet normal 0 -1 0
    outer loop
      vertex -4.6669 -22.9 -4.6669
      vertex -1.55563 -22.9 -1.55563
      vertex -5.23613 -22.9 -4.01783
    endloop
  endfacet
  facet normal 0 -1 -0
    outer loop
      vertex -1.55563 -22.9 -1.55563
      vertex -4.6669 -22.9 -4.6669
      vertex -1.33927 -22.9 -1.74538
    endloop
  endfacet
  facet normal 0 -1 -0
    outer loop
      vertex -1.33927 -22.9 -1.74538
      vertex -4.01783 -22.9 -5.23613
      vertex -1.1 -22.9 -1.90526
    endloop
  endfacet
  facet normal 0 -1 0
    outer loop
      vertex -4.01783 -22.9 -5.23613
      vertex -1.33927 -22.9 -1.74538
      vertex -4.6669 -22.9 -4.6669
    endloop
  endfacet
  facet normal 0 -1 0
    outer loop
      vertex 1.33927 -22.9 1.74538
      vertex 4.01783 -22.9 5.23613
      vertex 1.1 -22.9 1.90526
    endloop
  endfacet
  facet normal 0 -1 -0
    outer loop
      vertex 4.01783 -22.9 5.23613
      vertex 1.33927 -22.9 1.74538
      vertex 4.6669 -22.9 4.6669
    endloop
  endfacet
  facet normal 0 -1 0
    outer loop
      vertex 1.55563 -22.9 1.55563
      vertex 4.6669 -22.9 4.6669
      vertex 1.33927 -22.9 1.74538
    endloop
  endfacet
  facet normal 0 -1 -0
    outer loop
      vertex 4.6669 -22.9 4.6669
      vertex 1.55563 -22.9 1.55563
      vertex 5.23613 -22.9 4.01783
    endloop
  endfacet
  facet normal 0 -1 0
    outer loop
      vertex 1.74538 -22.9 1.33927
      vertex 5.23613 -22.9 4.01783
      vertex 1.55563 -22.9 1.55563
    endloop
  endfacet
  facet normal 0 -1 -0
    outer loop
      vertex 5.23613 -22.9 4.01783
      vertex 1.74538 -22.9 1.33927
      vertex 5.71577 -22.9 3.3
    endloop
  endfacet
  facet normal 0 -1 0
    outer loop
      vertex 1.90526 -22.9 1.1
      vertex 5.71577 -22.9 3.3
      vertex 1.74538 -22.9 1.33927
    endloop
  endfacet
  facet normal 0 -1 -0
    outer loop
      vertex 5.71577 -22.9 3.3
      vertex 1.90526 -22.9 1.1
      vertex 6.0976 -22.9 2.52571
    endloop
  endfacet
  facet normal 0 -1 0
    outer loop
      vertex 2.03253 -22.9 0.841903
      vertex 6.0976 -22.9 2.52571
      vertex 1.90526 -22.9 1.1
    endloop
  endfacet
  facet normal 0 -1 -0
    outer loop
      vertex 6.0976 -22.9 2.52571
      vertex 2.03253 -22.9 0.841903
      vertex 6.37511 -22.9 1.70821
    endloop
  endfacet
  facet normal 0 -1 0
    outer loop
      vertex 2.12504 -22.9 0.569402
      vertex 6.37511 -22.9 1.70821
      vertex 2.03253 -22.9 0.841903
    endloop
  endfacet
  facet normal 0 -1 -0
    outer loop
      vertex 6.37511 -22.9 1.70821
      vertex 2.12504 -22.9 0.569402
      vertex 6.54354 -22.9 0.861472
    endloop
  endfacet
  facet normal 0 -1 0
    outer loop
      vertex 2.18118 -22.9 0.287157
      vertex 6.54354 -22.9 0.861472
      vertex 2.12504 -22.9 0.569402
    endloop
  endfacet
  facet normal 0 -1 0
    outer loop
      vertex 2.2 -22.9 0
      vertex 6.54354 -22.9 0.861472
      vertex 2.18118 -22.9 0.287157
    endloop
  endfacet
  facet normal 0 -1 0
    outer loop
      vertex 2.2 -22.9 0
      vertex 6.6 -22.9 0
      vertex 6.54354 -22.9 0.861472
    endloop
  endfacet
  facet normal 0 -1 0
    outer loop
      vertex 2.18118 -22.9 -0.287157
      vertex 6.6 -22.9 0
      vertex 2.2 -22.9 0
    endloop
  endfacet
  facet normal 0 -1 0
    outer loop
      vertex 6.54354 -22.9 -0.861472
      vertex 2.18118 -22.9 -0.287157
      vertex 2.12504 -22.9 -0.569402
    endloop
  endfacet
  facet normal 0 -1 0
    outer loop
      vertex 6.37511 -22.9 -1.70821
      vertex 2.12504 -22.9 -0.569402
      vertex 2.03253 -22.9 -0.841903
    endloop
  endfacet
  facet normal 0 -1 0
    outer loop
      vertex 2.18118 -22.9 -0.287157
      vertex 6.54354 -22.9 -0.861472
      vertex 6.6 -22.9 0
    endloop
  endfacet
  facet normal 0 -1 0
    outer loop
      vertex 6.0976 -22.9 -2.52571
      vertex 2.03253 -22.9 -0.841903
      vertex 1.90526 -22.9 -1.1
    endloop
  endfacet
  facet normal 0 -1 0
    outer loop
      vertex 5.71577 -22.9 -3.3
      vertex 1.90526 -22.9 -1.1
      vertex 1.74538 -22.9 -1.33927
    endloop
  endfacet
  facet normal 0 -1 0
    outer loop
      vertex 5.23613 -22.9 -4.01783
      vertex 1.74538 -22.9 -1.33927
      vertex 1.55563 -22.9 -1.55563
    endloop
  endfacet
  facet normal 0 -1 0
    outer loop
      vertex 2.12504 -22.9 -0.569402
      vertex 6.37511 -22.9 -1.70821
      vertex 6.54354 -22.9 -0.861472
    endloop
  endfacet
  facet normal 0 -1 0
    outer loop
      vertex 4.6669 -22.9 -4.6669
      vertex 1.55563 -22.9 -1.55563
      vertex 1.33927 -22.9 -1.74538
    endloop
  endfacet
  facet normal 0 -1 0
    outer loop
      vertex 4.01783 -22.9 -5.23613
      vertex 1.33927 -22.9 -1.74538
      vertex 1.1 -22.9 -1.90526
    endloop
  endfacet
  facet normal 0 -1 0
    outer loop
      vertex 3.3 -22.9 -5.71577
      vertex 1.1 -22.9 -1.90526
      vertex 0.841903 -22.9 -2.03253
    endloop
  endfacet
  facet normal 0 -1 0
    outer loop
      vertex 2.52571 -22.9 -6.0976
      vertex 0.841903 -22.9 -2.03253
      vertex 0.569402 -22.9 -2.12504
    endloop
  endfacet
  facet normal 0 -1 0
    outer loop
      vertex 1.70821 -22.9 -6.37511
      vertex 0.569402 -22.9 -2.12504
      vertex 0.287157 -22.9 -2.18118
    endloop
  endfacet
  facet normal 0 -1 0
    outer loop
      vertex 2.03253 -22.9 -0.841903
      vertex 6.0976 -22.9 -2.52571
      vertex 6.37511 -22.9 -1.70821
    endloop
  endfacet
  facet normal 0 -1 0
    outer loop
      vertex 0.861472 -22.9 -6.54354
      vertex 0.287157 -22.9 -2.18118
      vertex 0 -22.9 -2.2
    endloop
  endfacet
  facet normal 0 -1 0
    outer loop
      vertex -3.3 -22.9 -5.71577
      vertex -1.1 -22.9 -1.90526
      vertex -4.01783 -22.9 -5.23613
    endloop
  endfacet
  facet normal 0 -1 -0
    outer loop
      vertex -1.1 -22.9 -1.90526
      vertex -3.3 -22.9 -5.71577
      vertex -0.841903 -22.9 -2.03253
    endloop
  endfacet
  facet normal 0 -1 0
    outer loop
      vertex 1.90526 -22.9 -1.1
      vertex 5.71577 -22.9 -3.3
      vertex 6.0976 -22.9 -2.52571
    endloop
  endfacet
  facet normal 0 -1 0
    outer loop
      vertex -2.52571 -22.9 -6.0976
      vertex -0.841903 -22.9 -2.03253
      vertex -3.3 -22.9 -5.71577
    endloop
  endfacet
  facet normal 0 -1 0
    outer loop
      vertex 1.74538 -22.9 -1.33927
      vertex 5.23613 -22.9 -4.01783
      vertex 5.71577 -22.9 -3.3
    endloop
  endfacet
  facet normal 0 -1 -0
    outer loop
      vertex -0.841903 -22.9 -2.03253
      vertex -2.52571 -22.9 -6.0976
      vertex -0.569402 -22.9 -2.12504
    endloop
  endfacet
  facet normal 0 -1 0
    outer loop
      vertex 1.55563 -22.9 -1.55563
      vertex 4.6669 -22.9 -4.6669
      vertex 5.23613 -22.9 -4.01783
    endloop
  endfacet
  facet normal 0 -1 0
    outer loop
      vertex -1.70821 -22.9 -6.37511
      vertex -0.569402 -22.9 -2.12504
      vertex -2.52571 -22.9 -6.0976
    endloop
  endfacet
  facet normal 0 -1 0
    outer loop
      vertex 1.33927 -22.9 -1.74538
      vertex 4.01783 -22.9 -5.23613
      vertex 4.6669 -22.9 -4.6669
    endloop
  endfacet
  facet normal 0 -1 -0
    outer loop
      vertex -0.569402 -22.9 -2.12504
      vertex -1.70821 -22.9 -6.37511
      vertex -0.287157 -22.9 -2.18118
    endloop
  endfacet
  facet normal 0 -1 0
    outer loop
      vertex 1.1 -22.9 -1.90526
      vertex 3.3 -22.9 -5.71577
      vertex 4.01783 -22.9 -5.23613
    endloop
  endfacet
  facet normal 0 -1 0
    outer loop
      vertex -0.861472 -22.9 -6.54354
      vertex -0.287157 -22.9 -2.18118
      vertex -1.70821 -22.9 -6.37511
    endloop
  endfacet
  facet normal 0 -1 0
    outer loop
      vertex 0.841903 -22.9 -2.03253
      vertex 2.52571 -22.9 -6.0976
      vertex 3.3 -22.9 -5.71577
    endloop
  endfacet
  facet normal 0 -1 -0
    outer loop
      vertex -0.287157 -22.9 -2.18118
      vertex -0.861472 -22.9 -6.54354
      vertex 0 -22.9 -2.2
    endloop
  endfacet
  facet normal 0 -1 0
    outer loop
      vertex 0.569402 -22.9 -2.12504
      vertex 1.70821 -22.9 -6.37511
      vertex 2.52571 -22.9 -6.0976
    endloop
  endfacet
  facet normal 0 -1 0
    outer loop
      vertex 0 -22.9 -6.6
      vertex 0 -22.9 -2.2
      vertex -0.861472 -22.9 -6.54354
    endloop
  endfacet
  facet normal 0 -1 0
    outer loop
      vertex 0.287157 -22.9 -2.18118
      vertex 0.861472 -22.9 -6.54354
      vertex 1.70821 -22.9 -6.37511
    endloop
  endfacet
  facet normal 0 -1 0
    outer loop
      vertex 0 -22.9 -2.2
      vertex 0 -22.9 -6.6
      vertex 0.861472 -22.9 -6.54354
    endloop
  endfacet
  facet normal 0.980787 -0 0.195084
    outer loop
      vertex -2.18118 -22.9 -0.287157
      vertex -2.12504 -22 -0.569402
      vertex -2.18118 -22 -0.287157
    endloop
  endfacet
  facet normal 0.980787 0 0.195084
    outer loop
      vertex -2.12504 -22 -0.569402
      vertex -2.18118 -22.9 -0.287157
      vertex -2.12504 -22.9 -0.569402
    endloop
  endfacet
  facet normal 0.980787 -0 0.195084
    outer loop
      vertex -2.18118 4.75 -0.287157
      vertex -2.12504 5.25 -0.569402
      vertex -2.18118 5.25 -0.287157
    endloop
  endfacet
  facet normal 0.980787 0 0.195084
    outer loop
      vertex -2.12504 5.25 -0.569402
      vertex -2.18118 4.75 -0.287157
      vertex -2.12504 4.75 -0.569402
    endloop
  endfacet
  facet normal 0.997859 -0 0.0653988
    outer loop
      vertex -2.2 -22.9 0
      vertex -2.18118 -22 -0.287157
      vertex -2.2 -22 0
    endloop
  endfacet
  facet normal 0.997859 0 0.0653988
    outer loop
      vertex -2.18118 -22 -0.287157
      vertex -2.2 -22.9 0
      vertex -2.18118 -22.9 -0.287157
    endloop
  endfacet
  facet normal 0.997859 -0 0.0653988
    outer loop
      vertex -2.2 4.75 0
      vertex -2.18118 5.25 -0.287157
      vertex -2.2 5.25 0
    endloop
  endfacet
  facet normal 0.997859 0 0.0653988
    outer loop
      vertex -2.18118 5.25 -0.287157
      vertex -2.2 4.75 0
      vertex -2.18118 4.75 -0.287157
    endloop
  endfacet
  facet normal -0.997859 0 0.0653988
    outer loop
      vertex 2.18118 -22.9 -0.287157
      vertex 2.2 -22 0
      vertex 2.18118 -22 -0.287157
    endloop
  endfacet
  facet normal -0.997859 0 0.0653988
    outer loop
      vertex 2.2 -22 0
      vertex 2.18118 -22.9 -0.287157
      vertex 2.2 -22.9 0
    endloop
  endfacet
  facet normal -0.997859 0 0.0653988
    outer loop
      vertex 2.18118 4.75 -0.287157
      vertex 2.2 5.25 0
      vertex 2.18118 5.25 -0.287157
    endloop
  endfacet
  facet normal -0.997859 0 0.0653988
    outer loop
      vertex 2.2 5.25 0
      vertex 2.18118 4.75 -0.287157
      vertex 2.2 4.75 0
    endloop
  endfacet
  facet normal 0.896886 -0 0.442263
    outer loop
      vertex -2.03253 -22.9 -0.841903
      vertex -1.90526 -22 -1.1
      vertex -2.03253 -22 -0.841903
    endloop
  endfacet
  facet normal 0.896886 0 0.442263
    outer loop
      vertex -1.90526 -22 -1.1
      vertex -2.03253 -22.9 -0.841903
      vertex -1.90526 -22.9 -1.1
    endloop
  endfacet
  facet normal 0.896886 -0 0.442263
    outer loop
      vertex -2.03253 4.75 -0.841903
      vertex -1.90526 5.25 -1.1
      vertex -2.03253 5.25 -0.841903
    endloop
  endfacet
  facet normal 0.896886 0 0.442263
    outer loop
      vertex -1.90526 5.25 -1.1
      vertex -2.03253 4.75 -0.841903
      vertex -1.90526 4.75 -1.1
    endloop
  endfacet
  facet normal 0.321466 0 0.946921
    outer loop
      vertex -0.841903 5.25 -2.03253
      vertex -0.569402 4.75 -2.12504
      vertex -0.569402 5.25 -2.12504
    endloop
  endfacet
  facet normal 0.321466 0 0.946921
    outer loop
      vertex -0.569402 4.75 -2.12504
      vertex -0.841903 5.25 -2.03253
      vertex -0.841903 4.75 -2.03253
    endloop
  endfacet
  facet normal 0.321466 0 0.946921
    outer loop
      vertex -0.841903 -22 -2.03253
      vertex -0.569402 -22.9 -2.12504
      vertex -0.569402 -22 -2.12504
    endloop
  endfacet
  facet normal 0.321466 0 0.946921
    outer loop
      vertex -0.569402 -22.9 -2.12504
      vertex -0.841903 -22 -2.03253
      vertex -0.841903 -22.9 -2.03253
    endloop
  endfacet
  facet normal 0.896886 0 -0.442263
    outer loop
      vertex -1.90526 -22.9 1.1
      vertex -2.03253 -22 0.841903
      vertex -1.90526 -22 1.1
    endloop
  endfacet
  facet normal 0.896886 0 -0.442263
    outer loop
      vertex -2.03253 -22 0.841903
      vertex -1.90526 -22.9 1.1
      vertex -2.03253 -22.9 0.841903
    endloop
  endfacet
  facet normal 0.896886 0 -0.442263
    outer loop
      vertex -1.90526 4.75 1.1
      vertex -2.03253 5.25 0.841903
      vertex -1.90526 5.25 1.1
    endloop
  endfacet
  facet normal 0.896886 0 -0.442263
    outer loop
      vertex -2.03253 5.25 0.841903
      vertex -1.90526 4.75 1.1
      vertex -2.03253 4.75 0.841903
    endloop
  endfacet
  facet normal 0.195084 0 0.980787
    outer loop
      vertex -0.569402 5.25 -2.12504
      vertex -0.287157 4.75 -2.18118
      vertex -0.287157 5.25 -2.18118
    endloop
  endfacet
  facet normal 0.195084 0 0.980787
    outer loop
      vertex -0.287157 4.75 -2.18118
      vertex -0.569402 5.25 -2.12504
      vertex -0.569402 4.75 -2.12504
    endloop
  endfacet
  facet normal 0.195084 0 0.980787
    outer loop
      vertex -0.569402 -22 -2.12504
      vertex -0.287157 -22.9 -2.18118
      vertex -0.287157 -22 -2.18118
    endloop
  endfacet
  facet normal 0.195084 0 0.980787
    outer loop
      vertex -0.287157 -22.9 -2.18118
      vertex -0.569402 -22 -2.12504
      vertex -0.569402 -22.9 -2.12504
    endloop
  endfacet
  facet normal 0.0653988 0 -0.997859
    outer loop
      vertex -0.287157 4.75 2.18118
      vertex 0 5.25 2.2
      vertex 0 4.75 2.2
    endloop
  endfacet
  facet normal 0.0653988 0 -0.997859
    outer loop
      vertex 0 5.25 2.2
      vertex -0.287157 4.75 2.18118
      vertex -0.287157 5.25 2.18118
    endloop
  endfacet
  facet normal 0.0653988 0 -0.997859
    outer loop
      vertex -0.287157 -22.9 2.18118
      vertex 0 -22 2.2
      vertex 0 -22.9 2.2
    endloop
  endfacet
  facet normal 0.0653988 0 -0.997859
    outer loop
      vertex 0 -22 2.2
      vertex -0.287157 -22.9 2.18118
      vertex -0.287157 -22 2.18118
    endloop
  endfacet
  facet normal 0.946921 -0 0.321466
    outer loop
      vertex -2.12504 -22.9 -0.569402
      vertex -2.03253 -22 -0.841903
      vertex -2.12504 -22 -0.569402
    endloop
  endfacet
  facet normal 0.946921 0 0.321466
    outer loop
      vertex -2.03253 -22 -0.841903
      vertex -2.12504 -22.9 -0.569402
      vertex -2.03253 -22.9 -0.841903
    endloop
  endfacet
  facet normal 0.946921 -0 0.321466
    outer loop
      vertex -2.12504 4.75 -0.569402
      vertex -2.03253 5.25 -0.841903
      vertex -2.12504 5.25 -0.569402
    endloop
  endfacet
  facet normal 0.946921 0 0.321466
    outer loop
      vertex -2.03253 5.25 -0.841903
      vertex -2.12504 4.75 -0.569402
      vertex -2.03253 4.75 -0.841903
    endloop
  endfacet
  facet normal -0.896886 0 0.442263
    outer loop
      vertex 1.90526 -22.9 -1.1
      vertex 2.03253 -22 -0.841903
      vertex 1.90526 -22 -1.1
    endloop
  endfacet
  facet normal -0.896886 0 0.442263
    outer loop
      vertex 2.03253 -22 -0.841903
      vertex 1.90526 -22.9 -1.1
      vertex 2.03253 -22.9 -0.841903
    endloop
  endfacet
  facet normal -0.896886 0 0.442263
    outer loop
      vertex 1.90526 4.75 -1.1
      vertex 2.03253 5.25 -0.841903
      vertex 1.90526 5.25 -1.1
    endloop
  endfacet
  facet normal -0.896886 0 0.442263
    outer loop
      vertex 2.03253 5.25 -0.841903
      vertex 1.90526 4.75 -1.1
      vertex 2.03253 4.75 -0.841903
    endloop
  endfacet
  facet normal 0.65936 0 -0.751827
    outer loop
      vertex -1.55563 -22.9 1.55563
      vertex -1.33927 -22 1.74538
      vertex -1.33927 -22.9 1.74538
    endloop
  endfacet
  facet normal 0.65936 0 -0.751827
    outer loop
      vertex -1.33927 -22 1.74538
      vertex -1.55563 -22.9 1.55563
      vertex -1.55563 -22 1.55563
    endloop
  endfacet
  facet normal 0.65936 0 -0.751827
    outer loop
      vertex -1.55563 4.75 1.55563
      vertex -1.33927 5.25 1.74538
      vertex -1.33927 4.75 1.74538
    endloop
  endfacet
  facet normal 0.65936 0 -0.751827
    outer loop
      vertex -1.33927 5.25 1.74538
      vertex -1.55563 4.75 1.55563
      vertex -1.55563 5.25 1.55563
    endloop
  endfacet
  facet normal 0.321466 0 -0.946921
    outer loop
      vertex -0.841903 -22.9 2.03253
      vertex -0.569402 -22 2.12504
      vertex -0.569402 -22.9 2.12504
    endloop
  endfacet
  facet normal 0.321466 0 -0.946921
    outer loop
      vertex -0.569402 -22 2.12504
      vertex -0.841903 -22.9 2.03253
      vertex -0.841903 -22 2.03253
    endloop
  endfacet
  facet normal 0.321466 0 -0.946921
    outer loop
      vertex -0.841903 4.75 2.03253
      vertex -0.569402 5.25 2.12504
      vertex -0.569402 4.75 2.12504
    endloop
  endfacet
  facet normal 0.321466 0 -0.946921
    outer loop
      vertex -0.569402 5.25 2.12504
      vertex -0.841903 4.75 2.03253
      vertex -0.841903 5.25 2.03253
    endloop
  endfacet
  facet normal -0.65936 0 -0.751827
    outer loop
      vertex 1.33927 -22.9 1.74538
      vertex 1.55563 -22 1.55563
      vertex 1.55563 -22.9 1.55563
    endloop
  endfacet
  facet normal -0.65936 0 -0.751827
    outer loop
      vertex 1.55563 -22 1.55563
      vertex 1.33927 -22.9 1.74538
      vertex 1.33927 -22 1.74538
    endloop
  endfacet
  facet normal -0.65936 0 -0.751827
    outer loop
      vertex 1.33927 4.75 1.74538
      vertex 1.55563 5.25 1.55563
      vertex 1.55563 4.75 1.55563
    endloop
  endfacet
  facet normal -0.65936 0 -0.751827
    outer loop
      vertex 1.55563 5.25 1.55563
      vertex 1.33927 4.75 1.74538
      vertex 1.33927 5.25 1.74538
    endloop
  endfacet
  facet normal 0.751827 0 -0.65936
    outer loop
      vertex -1.55563 -22.9 1.55563
      vertex -1.74538 -22 1.33927
      vertex -1.55563 -22 1.55563
    endloop
  endfacet
  facet normal 0.751827 0 -0.65936
    outer loop
      vertex -1.74538 -22 1.33927
      vertex -1.55563 -22.9 1.55563
      vertex -1.74538 -22.9 1.33927
    endloop
  endfacet
  facet normal 0.751827 0 -0.65936
    outer loop
      vertex -1.55563 4.75 1.55563
      vertex -1.74538 5.25 1.33927
      vertex -1.55563 5.25 1.55563
    endloop
  endfacet
  facet normal 0.751827 0 -0.65936
    outer loop
      vertex -1.74538 5.25 1.33927
      vertex -1.55563 4.75 1.55563
      vertex -1.74538 4.75 1.33927
    endloop
  endfacet
  facet normal -0.442263 0 0.896886
    outer loop
      vertex 0.841903 -22 -2.03253
      vertex 1.1 -22.9 -1.90526
      vertex 1.1 -22 -1.90526
    endloop
  endfacet
  facet normal -0.442263 0 0.896886
    outer loop
      vertex 1.1 -22.9 -1.90526
      vertex 0.841903 -22 -2.03253
      vertex 0.841903 -22.9 -2.03253
    endloop
  endfacet
  facet normal -0.442263 0 0.896886
    outer loop
      vertex 0.841903 5.25 -2.03253
      vertex 1.1 4.75 -1.90526
      vertex 1.1 5.25 -1.90526
    endloop
  endfacet
  facet normal -0.442263 0 0.896886
    outer loop
      vertex 1.1 4.75 -1.90526
      vertex 0.841903 5.25 -2.03253
      vertex 0.841903 4.75 -2.03253
    endloop
  endfacet
  facet normal -0.896886 0 -0.442263
    outer loop
      vertex 2.03253 -22.9 0.841903
      vertex 1.90526 -22 1.1
      vertex 2.03253 -22 0.841903
    endloop
  endfacet
  facet normal -0.896886 -0 -0.442263
    outer loop
      vertex 1.90526 -22 1.1
      vertex 2.03253 -22.9 0.841903
      vertex 1.90526 -22.9 1.1
    endloop
  endfacet
  facet normal -0.896886 0 -0.442263
    outer loop
      vertex 2.03253 4.75 0.841903
      vertex 1.90526 5.25 1.1
      vertex 2.03253 5.25 0.841903
    endloop
  endfacet
  facet normal -0.896886 -0 -0.442263
    outer loop
      vertex 1.90526 5.25 1.1
      vertex 2.03253 4.75 0.841903
      vertex 1.90526 4.75 1.1
    endloop
  endfacet
  facet normal -0.65936 0 0.751827
    outer loop
      vertex 1.33927 -22 -1.74538
      vertex 1.55563 -22.9 -1.55563
      vertex 1.55563 -22 -1.55563
    endloop
  endfacet
  facet normal -0.65936 0 0.751827
    outer loop
      vertex 1.55563 -22.9 -1.55563
      vertex 1.33927 -22 -1.74538
      vertex 1.33927 -22.9 -1.74538
    endloop
  endfacet
  facet normal -0.65936 0 0.751827
    outer loop
      vertex 1.33927 5.25 -1.74538
      vertex 1.55563 4.75 -1.55563
      vertex 1.55563 5.25 -1.55563
    endloop
  endfacet
  facet normal -0.65936 0 0.751827
    outer loop
      vertex 1.55563 4.75 -1.55563
      vertex 1.33927 5.25 -1.74538
      vertex 1.33927 4.75 -1.74538
    endloop
  endfacet
  facet normal -0.321466 0 0.946921
    outer loop
      vertex 0.569402 5.25 -2.12504
      vertex 0.841903 4.75 -2.03253
      vertex 0.841903 5.25 -2.03253
    endloop
  endfacet
  facet normal -0.321466 0 0.946921
    outer loop
      vertex 0.841903 4.75 -2.03253
      vertex 0.569402 5.25 -2.12504
      vertex 0.569402 4.75 -2.12504
    endloop
  endfacet
  facet normal -0.321466 0 0.946921
    outer loop
      vertex 0.569402 -22 -2.12504
      vertex 0.841903 -22.9 -2.03253
      vertex 0.841903 -22 -2.03253
    endloop
  endfacet
  facet normal -0.321466 0 0.946921
    outer loop
      vertex 0.841903 -22.9 -2.03253
      vertex 0.569402 -22 -2.12504
      vertex 0.569402 -22.9 -2.12504
    endloop
  endfacet
  facet normal 0.751827 -0 0.65936
    outer loop
      vertex -1.74538 -22.9 -1.33927
      vertex -1.55563 -22 -1.55563
      vertex -1.74538 -22 -1.33927
    endloop
  endfacet
  facet normal 0.751827 0 0.65936
    outer loop
      vertex -1.55563 -22 -1.55563
      vertex -1.74538 -22.9 -1.33927
      vertex -1.55563 -22.9 -1.55563
    endloop
  endfacet
  facet normal 0.751827 -0 0.65936
    outer loop
      vertex -1.74538 4.75 -1.33927
      vertex -1.55563 5.25 -1.55563
      vertex -1.74538 5.25 -1.33927
    endloop
  endfacet
  facet normal 0.751827 0 0.65936
    outer loop
      vertex -1.55563 5.25 -1.55563
      vertex -1.74538 4.75 -1.33927
      vertex -1.55563 4.75 -1.55563
    endloop
  endfacet
  facet normal -0.321466 0 -0.946921
    outer loop
      vertex 0.569402 -22.9 2.12504
      vertex 0.841903 -22 2.03253
      vertex 0.841903 -22.9 2.03253
    endloop
  endfacet
  facet normal -0.321466 0 -0.946921
    outer loop
      vertex 0.841903 -22 2.03253
      vertex 0.569402 -22.9 2.12504
      vertex 0.569402 -22 2.12504
    endloop
  endfacet
  facet normal -0.321466 0 -0.946921
    outer loop
      vertex 0.569402 4.75 2.12504
      vertex 0.841903 5.25 2.03253
      vertex 0.841903 4.75 2.03253
    endloop
  endfacet
  facet normal -0.321466 0 -0.946921
    outer loop
      vertex 0.841903 5.25 2.03253
      vertex 0.569402 4.75 2.12504
      vertex 0.569402 5.25 2.12504
    endloop
  endfacet
  facet normal 0.195084 0 -0.980787
    outer loop
      vertex -0.569402 -22.9 2.12504
      vertex -0.287157 -22 2.18118
      vertex -0.287157 -22.9 2.18118
    endloop
  endfacet
  facet normal 0.195084 0 -0.980787
    outer loop
      vertex -0.287157 -22 2.18118
      vertex -0.569402 -22.9 2.12504
      vertex -0.569402 -22 2.12504
    endloop
  endfacet
  facet normal 0.195084 0 -0.980787
    outer loop
      vertex -0.569402 4.75 2.12504
      vertex -0.287157 5.25 2.18118
      vertex -0.287157 4.75 2.18118
    endloop
  endfacet
  facet normal 0.195084 0 -0.980787
    outer loop
      vertex -0.287157 5.25 2.18118
      vertex -0.569402 4.75 2.12504
      vertex -0.569402 5.25 2.12504
    endloop
  endfacet
  facet normal 0.980787 0 -0.195084
    outer loop
      vertex -2.12504 -22.9 0.569402
      vertex -2.18118 -22 0.287157
      vertex -2.12504 -22 0.569402
    endloop
  endfacet
  facet normal 0.980787 0 -0.195084
    outer loop
      vertex -2.18118 -22 0.287157
      vertex -2.12504 -22.9 0.569402
      vertex -2.18118 -22.9 0.287157
    endloop
  endfacet
  facet normal 0.980787 0 -0.195084
    outer loop
      vertex -2.12504 4.75 0.569402
      vertex -2.18118 5.25 0.287157
      vertex -2.12504 5.25 0.569402
    endloop
  endfacet
  facet normal 0.980787 0 -0.195084
    outer loop
      vertex -2.18118 5.25 0.287157
      vertex -2.12504 4.75 0.569402
      vertex -2.18118 4.75 0.287157
    endloop
  endfacet
  facet normal -0.946921 0 -0.321466
    outer loop
      vertex 2.12504 -22.9 0.569402
      vertex 2.03253 -22 0.841903
      vertex 2.12504 -22 0.569402
    endloop
  endfacet
  facet normal -0.946921 -0 -0.321466
    outer loop
      vertex 2.03253 -22 0.841903
      vertex 2.12504 -22.9 0.569402
      vertex 2.03253 -22.9 0.841903
    endloop
  endfacet
  facet normal -0.946921 0 -0.321466
    outer loop
      vertex 2.12504 4.75 0.569402
      vertex 2.03253 5.25 0.841903
      vertex 2.12504 5.25 0.569402
    endloop
  endfacet
  facet normal -0.946921 -0 -0.321466
    outer loop
      vertex 2.03253 5.25 0.841903
      vertex 2.12504 4.75 0.569402
      vertex 2.03253 4.75 0.841903
    endloop
  endfacet
  facet normal -0.751827 0 -0.65936
    outer loop
      vertex 1.74538 -22.9 1.33927
      vertex 1.55563 -22 1.55563
      vertex 1.74538 -22 1.33927
    endloop
  endfacet
  facet normal -0.751827 -0 -0.65936
    outer loop
      vertex 1.55563 -22 1.55563
      vertex 1.74538 -22.9 1.33927
      vertex 1.55563 -22.9 1.55563
    endloop
  endfacet
  facet normal -0.751827 0 -0.65936
    outer loop
      vertex 1.74538 4.75 1.33927
      vertex 1.55563 5.25 1.55563
      vertex 1.74538 5.25 1.33927
    endloop
  endfacet
  facet normal -0.751827 -0 -0.65936
    outer loop
      vertex 1.55563 5.25 1.55563
      vertex 1.74538 4.75 1.33927
      vertex 1.55563 4.75 1.55563
    endloop
  endfacet
  facet normal 0.555582 0 0.831462
    outer loop
      vertex -1.33927 -22 -1.74538
      vertex -1.1 -22.9 -1.90526
      vertex -1.1 -22 -1.90526
    endloop
  endfacet
  facet normal 0.555582 0 0.831462
    outer loop
      vertex -1.1 -22.9 -1.90526
      vertex -1.33927 -22 -1.74538
      vertex -1.33927 -22.9 -1.74538
    endloop
  endfacet
  facet normal 0.555582 0 0.831462
    outer loop
      vertex -1.33927 5.25 -1.74538
      vertex -1.1 4.75 -1.90526
      vertex -1.1 5.25 -1.90526
    endloop
  endfacet
  facet normal 0.555582 0 0.831462
    outer loop
      vertex -1.1 4.75 -1.90526
      vertex -1.33927 5.25 -1.74538
      vertex -1.33927 4.75 -1.74538
    endloop
  endfacet
  facet normal 0.65936 0 0.751827
    outer loop
      vertex -1.55563 -22 -1.55563
      vertex -1.33927 -22.9 -1.74538
      vertex -1.33927 -22 -1.74538
    endloop
  endfacet
  facet normal 0.65936 0 0.751827
    outer loop
      vertex -1.33927 -22.9 -1.74538
      vertex -1.55563 -22 -1.55563
      vertex -1.55563 -22.9 -1.55563
    endloop
  endfacet
  facet normal 0.65936 0 0.751827
    outer loop
      vertex -1.55563 5.25 -1.55563
      vertex -1.33927 4.75 -1.74538
      vertex -1.33927 5.25 -1.74538
    endloop
  endfacet
  facet normal 0.65936 0 0.751827
    outer loop
      vertex -1.33927 4.75 -1.74538
      vertex -1.55563 5.25 -1.55563
      vertex -1.55563 4.75 -1.55563
    endloop
  endfacet
  facet normal 0.442263 0 0.896886
    outer loop
      vertex -1.1 -22 -1.90526
      vertex -0.841903 -22.9 -2.03253
      vertex -0.841903 -22 -2.03253
    endloop
  endfacet
  facet normal 0.442263 0 0.896886
    outer loop
      vertex -0.841903 -22.9 -2.03253
      vertex -1.1 -22 -1.90526
      vertex -1.1 -22.9 -1.90526
    endloop
  endfacet
  facet normal 0.442263 0 0.896886
    outer loop
      vertex -1.1 5.25 -1.90526
      vertex -0.841903 4.75 -2.03253
      vertex -0.841903 5.25 -2.03253
    endloop
  endfacet
  facet normal 0.442263 0 0.896886
    outer loop
      vertex -0.841903 4.75 -2.03253
      vertex -1.1 5.25 -1.90526
      vertex -1.1 4.75 -1.90526
    endloop
  endfacet
  facet normal -0.195084 0 0.980787
    outer loop
      vertex 0.287157 5.25 -2.18118
      vertex 0.569402 4.75 -2.12504
      vertex 0.569402 5.25 -2.12504
    endloop
  endfacet
  facet normal -0.195084 0 0.980787
    outer loop
      vertex 0.569402 4.75 -2.12504
      vertex 0.287157 5.25 -2.18118
      vertex 0.287157 4.75 -2.18118
    endloop
  endfacet
  facet normal -0.195084 0 0.980787
    outer loop
      vertex 0.287157 -22 -2.18118
      vertex 0.569402 -22.9 -2.12504
      vertex 0.569402 -22 -2.12504
    endloop
  endfacet
  facet normal -0.195084 0 0.980787
    outer loop
      vertex 0.569402 -22.9 -2.12504
      vertex 0.287157 -22 -2.18118
      vertex 0.287157 -22.9 -2.18118
    endloop
  endfacet
  facet normal -0.0653988 0 -0.997859
    outer loop
      vertex 0 4.75 2.2
      vertex 0.287157 5.25 2.18118
      vertex 0.287157 4.75 2.18118
    endloop
  endfacet
  facet normal -0.0653988 0 -0.997859
    outer loop
      vertex 0.287157 5.25 2.18118
      vertex 0 4.75 2.2
      vertex 0 5.25 2.2
    endloop
  endfacet
  facet normal -0.0653988 0 -0.997859
    outer loop
      vertex 0 -22.9 2.2
      vertex 0.287157 -22 2.18118
      vertex 0.287157 -22.9 2.18118
    endloop
  endfacet
  facet normal -0.0653988 0 -0.997859
    outer loop
      vertex 0.287157 -22 2.18118
      vertex 0 -22.9 2.2
      vertex 0 -22 2.2
    endloop
  endfacet
  facet normal -0.442263 0 -0.896886
    outer loop
      vertex 0.841903 -22.9 2.03253
      vertex 1.1 -22 1.90526
      vertex 1.1 -22.9 1.90526
    endloop
  endfacet
  facet normal -0.442263 0 -0.896886
    outer loop
      vertex 1.1 -22 1.90526
      vertex 0.841903 -22.9 2.03253
      vertex 0.841903 -22 2.03253
    endloop
  endfacet
  facet normal -0.442263 0 -0.896886
    outer loop
      vertex 0.841903 4.75 2.03253
      vertex 1.1 5.25 1.90526
      vertex 1.1 4.75 1.90526
    endloop
  endfacet
  facet normal -0.442263 0 -0.896886
    outer loop
      vertex 1.1 5.25 1.90526
      vertex 0.841903 4.75 2.03253
      vertex 0.841903 5.25 2.03253
    endloop
  endfacet
  facet normal -0.0653988 0 0.997859
    outer loop
      vertex 0 5.25 -2.2
      vertex 0.287157 4.75 -2.18118
      vertex 0.287157 5.25 -2.18118
    endloop
  endfacet
  facet normal -0.0653988 0 0.997859
    outer loop
      vertex 0.287157 4.75 -2.18118
      vertex 0 5.25 -2.2
      vertex 0 4.75 -2.2
    endloop
  endfacet
  facet normal -0.0653988 0 0.997859
    outer loop
      vertex 0 -22 -2.2
      vertex 0.287157 -22.9 -2.18118
      vertex 0.287157 -22 -2.18118
    endloop
  endfacet
  facet normal -0.0653988 0 0.997859
    outer loop
      vertex 0.287157 -22.9 -2.18118
      vertex 0 -22 -2.2
      vertex 0 -22.9 -2.2
    endloop
  endfacet
  facet normal -0.946921 0 0.321466
    outer loop
      vertex 2.03253 -22.9 -0.841903
      vertex 2.12504 -22 -0.569402
      vertex 2.03253 -22 -0.841903
    endloop
  endfacet
  facet normal -0.946921 0 0.321466
    outer loop
      vertex 2.12504 -22 -0.569402
      vertex 2.03253 -22.9 -0.841903
      vertex 2.12504 -22.9 -0.569402
    endloop
  endfacet
  facet normal -0.946921 0 0.321466
    outer loop
      vertex 2.03253 4.75 -0.841903
      vertex 2.12504 5.25 -0.569402
      vertex 2.03253 5.25 -0.841903
    endloop
  endfacet
  facet normal -0.946921 0 0.321466
    outer loop
      vertex 2.12504 5.25 -0.569402
      vertex 2.03253 4.75 -0.841903
      vertex 2.12504 4.75 -0.569402
    endloop
  endfacet
  facet normal 0.831462 -0 0.555582
    outer loop
      vertex -1.90526 -22.9 -1.1
      vertex -1.74538 -22 -1.33927
      vertex -1.90526 -22 -1.1
    endloop
  endfacet
  facet normal 0.831462 0 0.555582
    outer loop
      vertex -1.74538 -22 -1.33927
      vertex -1.90526 -22.9 -1.1
      vertex -1.74538 -22.9 -1.33927
    endloop
  endfacet
  facet normal 0.831462 -0 0.555582
    outer loop
      vertex -1.90526 4.75 -1.1
      vertex -1.74538 5.25 -1.33927
      vertex -1.90526 5.25 -1.1
    endloop
  endfacet
  facet normal 0.831462 0 0.555582
    outer loop
      vertex -1.74538 5.25 -1.33927
      vertex -1.90526 4.75 -1.1
      vertex -1.74538 4.75 -1.33927
    endloop
  endfacet
  facet normal 0.442263 0 -0.896886
    outer loop
      vertex -1.1 -22.9 1.90526
      vertex -0.841903 -22 2.03253
      vertex -0.841903 -22.9 2.03253
    endloop
  endfacet
  facet normal 0.442263 0 -0.896886
    outer loop
      vertex -0.841903 -22 2.03253
      vertex -1.1 -22.9 1.90526
      vertex -1.1 -22 1.90526
    endloop
  endfacet
  facet normal 0.442263 0 -0.896886
    outer loop
      vertex -1.1 4.75 1.90526
      vertex -0.841903 5.25 2.03253
      vertex -0.841903 4.75 2.03253
    endloop
  endfacet
  facet normal 0.442263 0 -0.896886
    outer loop
      vertex -0.841903 5.25 2.03253
      vertex -1.1 4.75 1.90526
      vertex -1.1 5.25 1.90526
    endloop
  endfacet
  facet normal -0.997859 0 -0.0653988
    outer loop
      vertex 2.2 -22.9 0
      vertex 2.18118 -22 0.287157
      vertex 2.2 -22 0
    endloop
  endfacet
  facet normal -0.997859 -0 -0.0653988
    outer loop
      vertex 2.18118 -22 0.287157
      vertex 2.2 -22.9 0
      vertex 2.18118 -22.9 0.287157
    endloop
  endfacet
  facet normal -0.997859 0 -0.0653988
    outer loop
      vertex 2.2 4.75 0
      vertex 2.18118 5.25 0.287157
      vertex 2.2 5.25 0
    endloop
  endfacet
  facet normal -0.997859 -0 -0.0653988
    outer loop
      vertex 2.18118 5.25 0.287157
      vertex 2.2 4.75 0
      vertex 2.18118 4.75 0.287157
    endloop
  endfacet
  facet normal 0.831462 0 -0.555582
    outer loop
      vertex -1.74538 -22.9 1.33927
      vertex -1.90526 -22 1.1
      vertex -1.74538 -22 1.33927
    endloop
  endfacet
  facet normal 0.831462 0 -0.555582
    outer loop
      vertex -1.90526 -22 1.1
      vertex -1.74538 -22.9 1.33927
      vertex -1.90526 -22.9 1.1
    endloop
  endfacet
  facet normal 0.831462 0 -0.555582
    outer loop
      vertex -1.74538 4.75 1.33927
      vertex -1.90526 5.25 1.1
      vertex -1.74538 5.25 1.33927
    endloop
  endfacet
  facet normal 0.831462 0 -0.555582
    outer loop
      vertex -1.90526 5.25 1.1
      vertex -1.74538 4.75 1.33927
      vertex -1.90526 4.75 1.1
    endloop
  endfacet
  facet normal 0.946921 0 -0.321466
    outer loop
      vertex -2.03253 -22.9 0.841903
      vertex -2.12504 -22 0.569402
      vertex -2.03253 -22 0.841903
    endloop
  endfacet
  facet normal 0.946921 0 -0.321466
    outer loop
      vertex -2.12504 -22 0.569402
      vertex -2.03253 -22.9 0.841903
      vertex -2.12504 -22.9 0.569402
    endloop
  endfacet
  facet normal 0.946921 0 -0.321466
    outer loop
      vertex -2.03253 4.75 0.841903
      vertex -2.12504 5.25 0.569402
      vertex -2.03253 5.25 0.841903
    endloop
  endfacet
  facet normal 0.946921 0 -0.321466
    outer loop
      vertex -2.12504 5.25 0.569402
      vertex -2.03253 4.75 0.841903
      vertex -2.12504 4.75 0.569402
    endloop
  endfacet
  facet normal -0.980787 0 0.195084
    outer loop
      vertex 2.12504 -22.9 -0.569402
      vertex 2.18118 -22 -0.287157
      vertex 2.12504 -22 -0.569402
    endloop
  endfacet
  facet normal -0.980787 0 0.195084
    outer loop
      vertex 2.18118 -22 -0.287157
      vertex 2.12504 -22.9 -0.569402
      vertex 2.18118 -22.9 -0.287157
    endloop
  endfacet
  facet normal -0.980787 0 0.195084
    outer loop
      vertex 2.12504 4.75 -0.569402
      vertex 2.18118 5.25 -0.287157
      vertex 2.12504 5.25 -0.569402
    endloop
  endfacet
  facet normal -0.980787 0 0.195084
    outer loop
      vertex 2.18118 5.25 -0.287157
      vertex 2.12504 4.75 -0.569402
      vertex 2.18118 4.75 -0.287157
    endloop
  endfacet
  facet normal -0.555582 0 -0.831462
    outer loop
      vertex 1.1 -22.9 1.90526
      vertex 1.33927 -22 1.74538
      vertex 1.33927 -22.9 1.74538
    endloop
  endfacet
  facet normal -0.555582 0 -0.831462
    outer loop
      vertex 1.33927 -22 1.74538
      vertex 1.1 -22.9 1.90526
      vertex 1.1 -22 1.90526
    endloop
  endfacet
  facet normal -0.555582 0 -0.831462
    outer loop
      vertex 1.1 4.75 1.90526
      vertex 1.33927 5.25 1.74538
      vertex 1.33927 4.75 1.74538
    endloop
  endfacet
  facet normal -0.555582 0 -0.831462
    outer loop
      vertex 1.33927 5.25 1.74538
      vertex 1.1 4.75 1.90526
      vertex 1.1 5.25 1.90526
    endloop
  endfacet
  facet normal -0.555582 0 0.831462
    outer loop
      vertex 1.1 -22 -1.90526
      vertex 1.33927 -22.9 -1.74538
      vertex 1.33927 -22 -1.74538
    endloop
  endfacet
  facet normal -0.555582 0 0.831462
    outer loop
      vertex 1.33927 -22.9 -1.74538
      vertex 1.1 -22 -1.90526
      vertex 1.1 -22.9 -1.90526
    endloop
  endfacet
  facet normal -0.555582 0 0.831462
    outer loop
      vertex 1.1 5.25 -1.90526
      vertex 1.33927 4.75 -1.74538
      vertex 1.33927 5.25 -1.74538
    endloop
  endfacet
  facet normal -0.555582 0 0.831462
    outer loop
      vertex 1.33927 4.75 -1.74538
      vertex 1.1 5.25 -1.90526
      vertex 1.1 4.75 -1.90526
    endloop
  endfacet
  facet normal 0.997859 0 -0.0653988
    outer loop
      vertex -2.18118 -22.9 0.287157
      vertex -2.2 -22 0
      vertex -2.18118 -22 0.287157
    endloop
  endfacet
  facet normal 0.997859 0 -0.0653988
    outer loop
      vertex -2.2 -22 0
      vertex -2.18118 -22.9 0.287157
      vertex -2.2 -22.9 0
    endloop
  endfacet
  facet normal 0.997859 0 -0.0653988
    outer loop
      vertex -2.18118 4.75 0.287157
      vertex -2.2 5.25 0
      vertex -2.18118 5.25 0.287157
    endloop
  endfacet
  facet normal 0.997859 0 -0.0653988
    outer loop
      vertex -2.2 5.25 0
      vertex -2.18118 4.75 0.287157
      vertex -2.2 4.75 0
    endloop
  endfacet
  facet normal 0.0653988 0 0.997859
    outer loop
      vertex -0.287157 5.25 -2.18118
      vertex 0 4.75 -2.2
      vertex 0 5.25 -2.2
    endloop
  endfacet
  facet normal 0.0653988 0 0.997859
    outer loop
      vertex 0 4.75 -2.2
      vertex -0.287157 5.25 -2.18118
      vertex -0.287157 4.75 -2.18118
    endloop
  endfacet
  facet normal 0.0653988 0 0.997859
    outer loop
      vertex -0.287157 -22 -2.18118
      vertex 0 -22.9 -2.2
      vertex 0 -22 -2.2
    endloop
  endfacet
  facet normal 0.0653988 0 0.997859
    outer loop
      vertex 0 -22.9 -2.2
      vertex -0.287157 -22 -2.18118
      vertex -0.287157 -22.9 -2.18118
    endloop
  endfacet
  facet normal -0.195084 0 -0.980787
    outer loop
      vertex 0.287157 -22.9 2.18118
      vertex 0.569402 -22 2.12504
      vertex 0.569402 -22.9 2.12504
    endloop
  endfacet
  facet normal -0.195084 0 -0.980787
    outer loop
      vertex 0.569402 -22 2.12504
      vertex 0.287157 -22.9 2.18118
      vertex 0.287157 -22 2.18118
    endloop
  endfacet
  facet normal -0.195084 0 -0.980787
    outer loop
      vertex 0.287157 4.75 2.18118
      vertex 0.569402 5.25 2.12504
      vertex 0.569402 4.75 2.12504
    endloop
  endfacet
  facet normal -0.195084 0 -0.980787
    outer loop
      vertex 0.569402 5.25 2.12504
      vertex 0.287157 4.75 2.18118
      vertex 0.287157 5.25 2.18118
    endloop
  endfacet
  facet normal -0.980787 0 -0.195084
    outer loop
      vertex 2.18118 -22.9 0.287157
      vertex 2.12504 -22 0.569402
      vertex 2.18118 -22 0.287157
    endloop
  endfacet
  facet normal -0.980787 -0 -0.195084
    outer loop
      vertex 2.12504 -22 0.569402
      vertex 2.18118 -22.9 0.287157
      vertex 2.12504 -22.9 0.569402
    endloop
  endfacet
  facet normal -0.980787 0 -0.195084
    outer loop
      vertex 2.18118 4.75 0.287157
      vertex 2.12504 5.25 0.569402
      vertex 2.18118 5.25 0.287157
    endloop
  endfacet
  facet normal -0.980787 -0 -0.195084
    outer loop
      vertex 2.12504 5.25 0.569402
      vertex 2.18118 4.75 0.287157
      vertex 2.12504 4.75 0.569402
    endloop
  endfacet
  facet normal -0.831462 0 -0.555582
    outer loop
      vertex 1.90526 -22.9 1.1
      vertex 1.74538 -22 1.33927
      vertex 1.90526 -22 1.1
    endloop
  endfacet
  facet normal -0.831462 -0 -0.555582
    outer loop
      vertex 1.74538 -22 1.33927
      vertex 1.90526 -22.9 1.1
      vertex 1.74538 -22.9 1.33927
    endloop
  endfacet
  facet normal -0.831462 0 -0.555582
    outer loop
      vertex 1.90526 4.75 1.1
      vertex 1.74538 5.25 1.33927
      vertex 1.90526 5.25 1.1
    endloop
  endfacet
  facet normal -0.831462 -0 -0.555582
    outer loop
      vertex 1.74538 5.25 1.33927
      vertex 1.90526 4.75 1.1
      vertex 1.74538 4.75 1.33927
    endloop
  endfacet
  facet normal 0.555582 0 -0.831462
    outer loop
      vertex -1.33927 -22.9 1.74538
      vertex -1.1 -22 1.90526
      vertex -1.1 -22.9 1.90526
    endloop
  endfacet
  facet normal 0.555582 0 -0.831462
    outer loop
      vertex -1.1 -22 1.90526
      vertex -1.33927 -22.9 1.74538
      vertex -1.33927 -22 1.74538
    endloop
  endfacet
  facet normal 0.555582 0 -0.831462
    outer loop
      vertex -1.33927 4.75 1.74538
      vertex -1.1 5.25 1.90526
      vertex -1.1 4.75 1.90526
    endloop
  endfacet
  facet normal 0.555582 0 -0.831462
    outer loop
      vertex -1.1 5.25 1.90526
      vertex -1.33927 4.75 1.74538
      vertex -1.33927 5.25 1.74538
    endloop
  endfacet
  facet normal -0.831462 0 0.555582
    outer loop
      vertex 1.74538 -22.9 -1.33927
      vertex 1.90526 -22 -1.1
      vertex 1.74538 -22 -1.33927
    endloop
  endfacet
  facet normal -0.831462 0 0.555582
    outer loop
      vertex 1.90526 -22 -1.1
      vertex 1.74538 -22.9 -1.33927
      vertex 1.90526 -22.9 -1.1
    endloop
  endfacet
  facet normal -0.831462 0 0.555582
    outer loop
      vertex 1.74538 4.75 -1.33927
      vertex 1.90526 5.25 -1.1
      vertex 1.74538 5.25 -1.33927
    endloop
  endfacet
  facet normal -0.831462 0 0.555582
    outer loop
      vertex 1.90526 5.25 -1.1
      vertex 1.74538 4.75 -1.33927
      vertex 1.90526 4.75 -1.1
    endloop
  endfacet
  facet normal -0.751827 0 0.65936
    outer loop
      vertex 1.55563 -22.9 -1.55563
      vertex 1.74538 -22 -1.33927
      vertex 1.55563 -22 -1.55563
    endloop
  endfacet
  facet normal -0.751827 0 0.65936
    outer loop
      vertex 1.74538 -22 -1.33927
      vertex 1.55563 -22.9 -1.55563
      vertex 1.74538 -22.9 -1.33927
    endloop
  endfacet
  facet normal -0.751827 0 0.65936
    outer loop
      vertex 1.55563 4.75 -1.55563
      vertex 1.74538 5.25 -1.33927
      vertex 1.55563 5.25 -1.55563
    endloop
  endfacet
  facet normal -0.751827 0 0.65936
    outer loop
      vertex 1.74538 5.25 -1.33927
      vertex 1.55563 4.75 -1.55563
      vertex 1.74538 4.75 -1.33927
    endloop
  endfacet
  facet normal 0.980786 -0.195084 0
    outer loop
      vertex 21.2504 -5.69402 -43.99
      vertex 21.8118 -2.87158 -50
      vertex 21.8118 -2.87158 -43.99
    endloop
  endfacet
  facet normal 0.980786 -0.195084 0
    outer loop
      vertex 21.8118 -2.87158 -50
      vertex 21.2504 -5.69402 -43.99
      vertex 21.2504 -5.69402 -50
    endloop
  endfacet
  facet normal 0.555566 -0.831472 0
    outer loop
      vertex 11 -19.0526 -50
      vertex 13.3928 -17.4538 -44.01
      vertex 11 -19.0526 -44.01
    endloop
  endfacet
  facet normal 0.555566 -0.831472 0
    outer loop
      vertex 13.3928 -17.4538 -44.01
      vertex 11 -19.0526 -50
      vertex 13.3928 -17.4538 -50
    endloop
  endfacet
  facet normal 0.980786 0.195084 0
    outer loop
      vertex 21.8118 2.87158 -43.99
      vertex 21.2504 5.69402 -50
      vertex 21.2504 5.69402 -43.99
    endloop
  endfacet
  facet normal 0.980786 0.195084 0
    outer loop
      vertex 21.2504 5.69402 -50
      vertex 21.8118 2.87158 -43.99
      vertex 21.8118 2.87158 -50
    endloop
  endfacet
  facet normal 0.997861 0.0653689 0
    outer loop
      vertex 21.8118 2.87158 -43.99
      vertex 21.8951 1.6 -47
      vertex 21.8118 2.87158 -50
    endloop
  endfacet
  facet normal 0.997859 0.0654 -1.316e-05
    outer loop
      vertex 21.8118 2.87158 -43.99
      vertex 21.896 1.58631 -46.7912
      vertex 21.8951 1.6 -47
    endloop
  endfacet
  facet normal 0.997849 0.0655566 -8.53255e-05
    outer loop
      vertex 21.8118 2.87158 -43.99
      vertex 21.8987 1.54548 -46.5859
      vertex 21.896 1.58631 -46.7912
    endloop
  endfacet
  facet normal 0.997863 0.0653417 2.49158e-05
    outer loop
      vertex 21.8118 2.87158 -43.99
      vertex 21.9031 1.47821 -46.3877
      vertex 21.8987 1.54548 -46.5859
    endloop
  endfacet
  facet normal 0.997849 0.0655538 -9.88911e-05
    outer loop
      vertex 21.8118 2.87158 -43.99
      vertex 21.9092 1.38564 -46.2
      vertex 21.9031 1.47821 -46.3877
    endloop
  endfacet
  facet normal 0.997865 0.0653169 6.10785e-05
    outer loop
      vertex 21.8118 2.87158 -43.99
      vertex 21.9168 1.26937 -46.026
      vertex 21.9092 1.38564 -46.2
    endloop
  endfacet
  facet normal 0.99787 0.0652282 0.00013122
    outer loop
      vertex 21.8118 2.87158 -43.99
      vertex 21.9258 1.13137 -45.8686
      vertex 21.9168 1.26937 -46.026
    endloop
  endfacet
  facet normal 0.99784 0.0656897 -0.000298106
    outer loop
      vertex 21.8118 2.87158 -43.99
      vertex 21.9362 0.974018 -45.7306
      vertex 21.9258 1.13137 -45.8686
    endloop
  endfacet
  facet normal 0.99786 0.0653899 3.00406e-05
    outer loop
      vertex 21.8118 2.87158 -43.99
      vertex 21.9476 0.799999 -45.6144
      vertex 21.9362 0.974018 -45.7306
    endloop
  endfacet
  facet normal 0.997859 0.0653985 1.90433e-05
    outer loop
      vertex 22 0 -43.99
      vertex 21.9476 0.799999 -45.6144
      vertex 21.8118 2.87158 -43.99
    endloop
  endfacet
  facet normal 0.997859 0.0653967 1.81273e-05
    outer loop
      vertex 21.9476 0.799999 -45.6144
      vertex 22 0 -43.99
      vertex 21.9599 0.612293 -45.5218
    endloop
  endfacet
  facet normal 0.997854 0.0654716 4.81897e-05
    outer loop
      vertex 21.9599 0.612293 -45.5218
      vertex 22 0 -43.99
      vertex 21.9729 0.41411 -45.4545
    endloop
  endfacet
  facet normal 0.997877 0.065132 -4.82403e-05
    outer loop
      vertex 21.9729 0.41411 -45.4545
      vertex 22 0 -43.99
      vertex 21.9863 0.208841 -45.4137
    endloop
  endfacet
  facet normal 0.997855 0.0654594 0
    outer loop
      vertex 21.9863 0.208841 -45.4137
      vertex 22 0 -43.99
      vertex 22 0 -45.4
    endloop
  endfacet
  facet normal 0.997859 0.0653999 1.31659e-05
    outer loop
      vertex 21.896 1.58631 -47.2088
      vertex 21.8118 2.87158 -50
      vertex 21.8951 1.6 -47
    endloop
  endfacet
  facet normal 0.997849 0.0655561 8.54177e-05
    outer loop
      vertex 21.8987 1.54548 -47.4141
      vertex 21.8118 2.87158 -50
      vertex 21.896 1.58631 -47.2088
    endloop
  endfacet
  facet normal 0.997863 0.0653418 -2.49542e-05
    outer loop
      vertex 21.9031 1.47821 -47.6123
      vertex 21.8118 2.87158 -50
      vertex 21.8987 1.54548 -47.4141
    endloop
  endfacet
  facet normal 0.997849 0.0655534 9.90808e-05
    outer loop
      vertex 21.9092 1.38564 -47.8
      vertex 21.8118 2.87158 -50
      vertex 21.9031 1.47821 -47.6123
    endloop
  endfacet
  facet normal 0.997865 0.0653171 -6.12166e-05
    outer loop
      vertex 21.9168 1.26937 -47.974
      vertex 21.8118 2.87158 -50
      vertex 21.9092 1.38564 -47.8
    endloop
  endfacet
  facet normal 0.99787 0.0652286 -0.00013156
    outer loop
      vertex 21.9258 1.13137 -48.1314
      vertex 21.8118 2.87158 -50
      vertex 21.9168 1.26937 -47.974
    endloop
  endfacet
  facet normal 0.99784 0.0656889 0.000298984
    outer loop
      vertex 21.9362 0.974018 -48.2694
      vertex 21.8118 2.87158 -50
      vertex 21.9258 1.13137 -48.1314
    endloop
  endfacet
  facet normal 0.99786 0.06539 -3.01408e-05
    outer loop
      vertex 21.9476 0.799999 -48.3856
      vertex 21.8118 2.87158 -50
      vertex 21.9362 0.974018 -48.2694
    endloop
  endfacet
  facet normal 0.997859 0.0653967 -1.82759e-05
    outer loop
      vertex 22 0 -50
      vertex 21.9476 0.799999 -48.3856
      vertex 21.9599 0.612293 -48.4782
    endloop
  endfacet
  facet normal 0.997854 0.0654717 -4.85565e-05
    outer loop
      vertex 22 0 -50
      vertex 21.9599 0.612293 -48.4782
      vertex 21.9729 0.41411 -48.5455
    endloop
  endfacet
  facet normal 0.997877 0.0651319 4.85919e-05
    outer loop
      vertex 22 0 -50
      vertex 21.9729 0.41411 -48.5455
      vertex 21.9863 0.208841 -48.5863
    endloop
  endfacet
  facet normal 0.997855 0.0654594 -0
    outer loop
      vertex 22 0 -50
      vertex 21.9863 0.208841 -48.5863
      vertex 22 0 -48.6
    endloop
  endfacet
  facet normal 0.997859 0.0653985 -1.91612e-05
    outer loop
      vertex 21.9476 0.799999 -48.3856
      vertex 22 0 -50
      vertex 21.8118 2.87158 -50
    endloop
  endfacet
  facet normal -0.195084 0.980786 0
    outer loop
      vertex -2.87158 21.8118 -50
      vertex -5.69402 21.2504 -43.99
      vertex -2.87158 21.8118 -43.99
    endloop
  endfacet
  facet normal -0.195084 0.980786 0
    outer loop
      vertex -5.69402 21.2504 -43.99
      vertex -2.87158 21.8118 -50
      vertex -5.69402 21.2504 -50
    endloop
  endfacet
  facet normal 0.442263 -0.896886 0
    outer loop
      vertex 8.41903 -20.3253 -50
      vertex 11 -19.0526 -44.01
      vertex 8.41903 -20.3253 -44.01
    endloop
  endfacet
  facet normal 0.442263 -0.896886 0
    outer loop
      vertex 11 -19.0526 -44.01
      vertex 8.41903 -20.3253 -50
      vertex 11 -19.0526 -50
    endloop
  endfacet
  facet normal 0 0 1
    outer loop
      vertex 16 8.25 -43.99
      vertex 22 0 -43.99
      vertex 21.8118 2.87158 -43.99
    endloop
  endfacet
  facet normal 0 0 1
    outer loop
      vertex 16 8.25 -43.99
      vertex 21.8118 2.87158 -43.99
      vertex 21.2504 5.69402 -43.99
    endloop
  endfacet
  facet normal 0 0 1
    outer loop
      vertex 22 0 -43.99
      vertex 16 8.25 -43.99
      vertex 21.8118 -2.87158 -43.99
    endloop
  endfacet
  facet normal -0 0 1
    outer loop
      vertex 16 8.25 -43.99
      vertex 21.2504 5.69402 -43.99
      vertex 20.3253 8.41903 -43.99
    endloop
  endfacet
  facet normal 0 0 1
    outer loop
      vertex 21.8118 -2.87158 -43.99
      vertex 16 8.25 -43.99
      vertex 21.2504 -5.69402 -43.99
    endloop
  endfacet
  facet normal 0 0 1
    outer loop
      vertex 16 8.25 -43.99
      vertex 20.3253 8.41903 -43.99
      vertex 19.0526 11 -43.99
    endloop
  endfacet
  facet normal 0 0 1
    outer loop
      vertex 21.2504 -5.69402 -43.99
      vertex 16 8.25 -43.99
      vertex 20.3253 -8.41903 -43.99
    endloop
  endfacet
  facet normal 0 0 1
    outer loop
      vertex 16 8.25 -43.99
      vertex 19.0526 11 -43.99
      vertex 17.4538 13.3928 -43.99
    endloop
  endfacet
  facet normal 0 0 1
    outer loop
      vertex 20.3253 -8.41903 -43.99
      vertex 16 8.25 -43.99
      vertex 19.0526 -11 -43.99
    endloop
  endfacet
  facet normal 0 0 1
    outer loop
      vertex 19.0526 -11 -43.99
      vertex 16 8.25 -43.99
      vertex 17.4538 -13.3928 -43.99
    endloop
  endfacet
  facet normal 0 0 1
    outer loop
      vertex 15.5563 15.5563 -43.99
      vertex 16 8.25 -43.99
      vertex 17.4538 13.3928 -43.99
    endloop
  endfacet
  facet normal 0 0 1
    outer loop
      vertex 13.3928 17.4538 -43.99
      vertex 16 8.25 -43.99
      vertex 15.5563 15.5563 -43.99
    endloop
  endfacet
  facet normal 0 0 1
    outer loop
      vertex 11 19.0526 -43.99
      vertex 16 8.25 -43.99
      vertex 13.3928 17.4538 -43.99
    endloop
  endfacet
  facet normal 0 0 1
    outer loop
      vertex 8.41903 20.3253 -43.99
      vertex 16 8.25 -43.99
      vertex 11 19.0526 -43.99
    endloop
  endfacet
  facet normal 0 0 1
    outer loop
      vertex 5.69402 21.2504 -43.99
      vertex 16 8.25 -43.99
      vertex 8.41903 20.3253 -43.99
    endloop
  endfacet
  facet normal 0 0 1
    outer loop
      vertex 2.87158 21.8118 -43.99
      vertex 16 8.25 -43.99
      vertex 5.69402 21.2504 -43.99
    endloop
  endfacet
  facet normal 0 0 1
    outer loop
      vertex 0 22 -43.99
      vertex 16 8.25 -43.99
      vertex 2.87158 21.8118 -43.99
    endloop
  endfacet
  facet normal 0 0 1
    outer loop
      vertex -16 8.25 -43.99
      vertex 0 22 -43.99
      vertex -2.87158 21.8118 -43.99
    endloop
  endfacet
  facet normal 0 0 1
    outer loop
      vertex -16 8.25 -43.99
      vertex -2.87158 21.8118 -43.99
      vertex -5.69402 21.2504 -43.99
    endloop
  endfacet
  facet normal 0 0 1
    outer loop
      vertex -16 8.25 -43.99
      vertex -5.69402 21.2504 -43.99
      vertex -8.41903 20.3253 -43.99
    endloop
  endfacet
  facet normal 0 0 1
    outer loop
      vertex -16 8.25 -43.99
      vertex -8.41903 20.3253 -43.99
      vertex -11 19.0526 -43.99
    endloop
  endfacet
  facet normal 0 0 1
    outer loop
      vertex -16 8.25 -43.99
      vertex -11 19.0526 -43.99
      vertex -13.3928 17.4538 -43.99
    endloop
  endfacet
  facet normal 0 0 1
    outer loop
      vertex -16 8.25 -43.99
      vertex -13.3928 17.4538 -43.99
      vertex -15.5563 15.5563 -43.99
    endloop
  endfacet
  facet normal 0 0 1
    outer loop
      vertex 0 22 -43.99
      vertex -16 8.25 -43.99
      vertex 16 8.25 -43.99
    endloop
  endfacet
  facet normal -0 0 1
    outer loop
      vertex -17.4538 13.3928 -43.99
      vertex -16 8.25 -43.99
      vertex -15.5563 15.5563 -43.99
    endloop
  endfacet
  facet normal -0 0 1
    outer loop
      vertex -19.0526 11 -43.99
      vertex -16 8.25 -43.99
      vertex -17.4538 13.3928 -43.99
    endloop
  endfacet
  facet normal -0 0 1
    outer loop
      vertex -20.3253 8.41903 -43.99
      vertex -16 8.25 -43.99
      vertex -19.0526 11 -43.99
    endloop
  endfacet
  facet normal 0 -0 1
    outer loop
      vertex -17.4538 -13.3928 -43.99
      vertex -16 8.25 -43.99
      vertex -19.0526 -11 -43.99
    endloop
  endfacet
  facet normal 0 0 1
    outer loop
      vertex -16 8.25 -43.99
      vertex -17.4538 -13.3928 -43.99
      vertex -16 -15.0505 -43.99
    endloop
  endfacet
  facet normal 0 0 1
    outer loop
      vertex -21.2504 5.69402 -43.99
      vertex -16 8.25 -43.99
      vertex -20.3253 8.41903 -43.99
    endloop
  endfacet
  facet normal 0 0 1
    outer loop
      vertex -16 8.25 -43.99
      vertex -20.3253 -8.41903 -43.99
      vertex -19.0526 -11 -43.99
    endloop
  endfacet
  facet normal 0 0 1
    outer loop
      vertex -21.8118 2.87158 -43.99
      vertex -16 8.25 -43.99
      vertex -21.2504 5.69402 -43.99
    endloop
  endfacet
  facet normal 0 0 1
    outer loop
      vertex -16 8.25 -43.99
      vertex -21.2504 -5.69402 -43.99
      vertex -20.3253 -8.41903 -43.99
    endloop
  endfacet
  facet normal 0 0 1
    outer loop
      vertex -22 0 -43.99
      vertex -16 8.25 -43.99
      vertex -21.8118 2.87158 -43.99
    endloop
  endfacet
  facet normal 0 0 1
    outer loop
      vertex -16 8.25 -43.99
      vertex -21.8118 -2.87158 -43.99
      vertex -21.2504 -5.69402 -43.99
    endloop
  endfacet
  facet normal 0 0 1
    outer loop
      vertex -16 8.25 -43.99
      vertex -22 0 -43.99
      vertex -21.8118 -2.87158 -43.99
    endloop
  endfacet
  facet normal 0 0 1
    outer loop
      vertex 17.4538 -13.3928 -43.99
      vertex 16 8.25 -43.99
      vertex 16 -15.0505 -43.99
    endloop
  endfacet
  facet normal 0.946921 -0.321466 0
    outer loop
      vertex 20.3253 -8.41903 -43.99
      vertex 21.2504 -5.69402 -50
      vertex 21.2504 -5.69402 -43.99
    endloop
  endfacet
  facet normal 0.946921 -0.321466 0
    outer loop
      vertex 21.2504 -5.69402 -50
      vertex 20.3253 -8.41903 -43.99
      vertex 20.3253 -8.41903 -50
    endloop
  endfacet
  facet normal -0.831472 0.555566 0
    outer loop
      vertex -19.0526 11 -50
      vertex -17.4538 13.3928 -43.99
      vertex -17.4538 13.3928 -50
    endloop
  endfacet
  facet normal -0.831472 0.555566 0
    outer loop
      vertex -17.4538 13.3928 -43.99
      vertex -19.0526 11 -50
      vertex -19.0526 11 -43.99
    endloop
  endfacet
  facet normal -0.442263 0.896886 0
    outer loop
      vertex -8.41903 20.3253 -50
      vertex -11 19.0526 -43.99
      vertex -8.41903 20.3253 -43.99
    endloop
  endfacet
  facet normal -0.442263 0.896886 0
    outer loop
      vertex -11 19.0526 -43.99
      vertex -8.41903 20.3253 -50
      vertex -11 19.0526 -50
    endloop
  endfacet
  facet normal -0.555566 0.831472 0
    outer loop
      vertex -11 19.0526 -50
      vertex -13.3928 17.4538 -43.99
      vertex -11 19.0526 -43.99
    endloop
  endfacet
  facet normal -0.555566 0.831472 0
    outer loop
      vertex -13.3928 17.4538 -43.99
      vertex -11 19.0526 -50
      vertex -13.3928 17.4538 -50
    endloop
  endfacet
  facet normal -0.946929 -0.321442 0
    outer loop
      vertex -20.807 -7 -50
      vertex -20.3253 -8.41903 -50
      vertex -20.807 -7 -44
    endloop
  endfacet
  facet normal -0.946913 -0.321491 0
    outer loop
      vertex -20.807 -7 -44
      vertex -21.2504 -5.69402 -43.99
      vertex -21.2504 -5.69402 -44
    endloop
  endfacet
  facet normal -0.946915 -0.321463 -0.00372982
    outer loop
      vertex -20.807 -7 -44
      vertex -20.3253 -8.41903 -43.99
      vertex -21.2504 -5.69402 -43.99
    endloop
  endfacet
  facet normal -0.946929 -0.321442 -0
    outer loop
      vertex -20.3253 -8.41903 -43.99
      vertex -20.807 -7 -44
      vertex -20.3253 -8.41903 -50
    endloop
  endfacet
  facet normal 0.321466 -0.946921 0
    outer loop
      vertex 5.69402 -21.2504 -50
      vertex 8.41903 -20.3253 -44.01
      vertex 5.69402 -21.2504 -44.01
    endloop
  endfacet
  facet normal 0.321466 -0.946921 0
    outer loop
      vertex 8.41903 -20.3253 -44.01
      vertex 5.69402 -21.2504 -50
      vertex 8.41903 -20.3253 -50
    endloop
  endfacet
  facet normal -0.321466 0.946921 0
    outer loop
      vertex -5.69402 21.2504 -50
      vertex -8.41903 20.3253 -43.99
      vertex -5.69402 21.2504 -43.99
    endloop
  endfacet
  facet normal -0.321466 0.946921 0
    outer loop
      vertex -8.41903 20.3253 -43.99
      vertex -5.69402 21.2504 -50
      vertex -8.41903 20.3253 -50
    endloop
  endfacet
  facet normal 0.946921 0.321466 0
    outer loop
      vertex 21.2504 5.69402 -43.99
      vertex 20.3253 8.41903 -50
      vertex 20.3253 8.41903 -43.99
    endloop
  endfacet
  facet normal 0.946921 0.321466 0
    outer loop
      vertex 20.3253 8.41903 -50
      vertex 21.2504 5.69402 -43.99
      vertex 21.2504 5.69402 -50
    endloop
  endfacet
  facet normal -0.442263 -0.896886 0
    outer loop
      vertex -11 -19.0526 -50
      vertex -8.41903 -20.3253 -44.01
      vertex -11 -19.0526 -44.01
    endloop
  endfacet
  facet normal -0.442263 -0.896886 -0
    outer loop
      vertex -8.41903 -20.3253 -44.01
      vertex -11 -19.0526 -50
      vertex -8.41903 -20.3253 -50
    endloop
  endfacet
  facet normal -0.997859 0.0653985 0
    outer loop
      vertex -22 0 -44
      vertex -21.8118 2.87158 -43.99
      vertex -21.8118 2.87158 -44
    endloop
  endfacet
  facet normal -0.997859 0.0653985 0
    outer loop
      vertex -21.8118 2.87158 -43.99
      vertex -22 0 -44
      vertex -22 0 -43.99
    endloop
  endfacet
  facet normal -0.946929 0.321442 0
    outer loop
      vertex -20.807 7 -50
      vertex -20.3253 8.41903 -43.99
      vertex -20.3253 8.41903 -50
    endloop
  endfacet
  facet normal -0.946929 0.321442 0
    outer loop
      vertex -20.807 7 -44
      vertex -20.3253 8.41903 -43.99
      vertex -20.807 7 -50
    endloop
  endfacet
  facet normal -0.946913 0.321491 0
    outer loop
      vertex -21.2504 5.69402 -43.99
      vertex -20.807 7 -44
      vertex -21.2504 5.69402 -44
    endloop
  endfacet
  facet normal -0.946915 0.321463 -0.00372982
    outer loop
      vertex -20.807 7 -44
      vertex -21.2504 5.69402 -43.99
      vertex -20.3253 8.41903 -43.99
    endloop
  endfacet
  facet normal 0.0653985 -0.997859 0
    outer loop
      vertex 0 -22 -50
      vertex 2.87158 -21.8118 -44.01
      vertex 0 -22 -44.01
    endloop
  endfacet
  facet normal 0.0653985 -0.997859 0
    outer loop
      vertex 2.87158 -21.8118 -44.01
      vertex 0 -22 -50
      vertex 2.87158 -21.8118 -50
    endloop
  endfacet
  facet normal 0.659378 -0.751812 0
    outer loop
      vertex 13.3928 -17.4538 -50
      vertex 15.5563 -15.5563 -44.01
      vertex 13.3928 -17.4538 -44.01
    endloop
  endfacet
  facet normal 0.659378 -0.751812 0
    outer loop
      vertex 15.5563 -15.5563 -44.01
      vertex 13.3928 -17.4538 -50
      vertex 15.5563 -15.5563 -50
    endloop
  endfacet
  facet normal 0.831472 0.555566 0
    outer loop
      vertex 19.0526 11 -43.99
      vertex 17.4538 13.3928 -50
      vertex 17.4538 13.3928 -43.99
    endloop
  endfacet
  facet normal 0.831472 0.555566 0
    outer loop
      vertex 17.4538 13.3928 -50
      vertex 19.0526 11 -43.99
      vertex 19.0526 11 -50
    endloop
  endfacet
  facet normal 0.659378 0.751812 -0
    outer loop
      vertex 15.5563 15.5563 -50
      vertex 13.3928 17.4538 -43.99
      vertex 15.5563 15.5563 -43.99
    endloop
  endfacet
  facet normal 0.659378 0.751812 0
    outer loop
      vertex 13.3928 17.4538 -43.99
      vertex 15.5563 15.5563 -50
      vertex 13.3928 17.4538 -50
    endloop
  endfacet
  facet normal 0.997855 -0.0654594 0
    outer loop
      vertex 22 0 -43.99
      vertex 21.9863 -0.208841 -45.4137
      vertex 22 0 -45.4
    endloop
  endfacet
  facet normal 0.997877 -0.065132 -4.82403e-05
    outer loop
      vertex 22 0 -43.99
      vertex 21.9729 -0.41411 -45.4545
      vertex 21.9863 -0.208841 -45.4137
    endloop
  endfacet
  facet normal 0.997854 -0.0654716 4.81897e-05
    outer loop
      vertex 22 0 -43.99
      vertex 21.9599 -0.612293 -45.5218
      vertex 21.9729 -0.41411 -45.4545
    endloop
  endfacet
  facet normal 0.997859 -0.0653967 1.81273e-05
    outer loop
      vertex 22 0 -43.99
      vertex 21.9476 -0.799999 -45.6144
      vertex 21.9599 -0.612293 -45.5218
    endloop
  endfacet
  facet normal 0.997859 -0.0653985 1.90433e-05
    outer loop
      vertex 21.8118 -2.87158 -43.99
      vertex 21.9476 -0.799999 -45.6144
      vertex 22 0 -43.99
    endloop
  endfacet
  facet normal 0.99786 -0.0653899 3.00406e-05
    outer loop
      vertex 21.9476 -0.799999 -45.6144
      vertex 21.8118 -2.87158 -43.99
      vertex 21.9362 -0.974018 -45.7306
    endloop
  endfacet
  facet normal 0.99784 -0.0656897 -0.000298106
    outer loop
      vertex 21.9362 -0.974018 -45.7306
      vertex 21.8118 -2.87158 -43.99
      vertex 21.9258 -1.13137 -45.8686
    endloop
  endfacet
  facet normal 0.99787 -0.0652282 0.00013122
    outer loop
      vertex 21.9258 -1.13137 -45.8686
      vertex 21.8118 -2.87158 -43.99
      vertex 21.9168 -1.26937 -46.026
    endloop
  endfacet
  facet normal 0.997859 -0.0654 -1.316e-05
    outer loop
      vertex 21.896 -1.58631 -46.7912
      vertex 21.8118 -2.87158 -43.99
      vertex 21.8951 -1.6 -47
    endloop
  endfacet
  facet normal 0.997849 -0.0655566 -8.53255e-05
    outer loop
      vertex 21.8987 -1.54548 -46.5859
      vertex 21.8118 -2.87158 -43.99
      vertex 21.896 -1.58631 -46.7912
    endloop
  endfacet
  facet normal 0.997863 -0.0653417 2.49158e-05
    outer loop
      vertex 21.9031 -1.47821 -46.3877
      vertex 21.8118 -2.87158 -43.99
      vertex 21.8987 -1.54548 -46.5859
    endloop
  endfacet
  facet normal 0.997849 -0.0655538 -9.88911e-05
    outer loop
      vertex 21.9092 -1.38564 -46.2
      vertex 21.8118 -2.87158 -43.99
      vertex 21.9031 -1.47821 -46.3877
    endloop
  endfacet
  facet normal 0.997865 -0.0653169 6.10785e-05
    outer loop
      vertex 21.9168 -1.26937 -46.026
      vertex 21.8118 -2.87158 -43.99
      vertex 21.9092 -1.38564 -46.2
    endloop
  endfacet
  facet normal 0.997855 -0.0654594 0
    outer loop
      vertex 21.9863 -0.208841 -48.5863
      vertex 22 0 -50
      vertex 22 0 -48.6
    endloop
  endfacet
  facet normal 0.997877 -0.0651319 4.85919e-05
    outer loop
      vertex 21.9729 -0.41411 -48.5455
      vertex 22 0 -50
      vertex 21.9863 -0.208841 -48.5863
    endloop
  endfacet
  facet normal 0.997854 -0.0654717 -4.85565e-05
    outer loop
      vertex 21.9599 -0.612293 -48.4782
      vertex 22 0 -50
      vertex 21.9729 -0.41411 -48.5455
    endloop
  endfacet
  facet normal 0.997859 -0.0653967 -1.82759e-05
    outer loop
      vertex 21.9476 -0.799999 -48.3856
      vertex 22 0 -50
      vertex 21.9599 -0.612293 -48.4782
    endloop
  endfacet
  facet normal 0.99786 -0.06539 -3.01408e-05
    outer loop
      vertex 21.8118 -2.87158 -50
      vertex 21.9476 -0.799999 -48.3856
      vertex 21.9362 -0.974018 -48.2694
    endloop
  endfacet
  facet normal 0.99784 -0.0656889 0.000298984
    outer loop
      vertex 21.8118 -2.87158 -50
      vertex 21.9362 -0.974018 -48.2694
      vertex 21.9258 -1.13137 -48.1314
    endloop
  endfacet
  facet normal 0.99787 -0.0652286 -0.00013156
    outer loop
      vertex 21.8118 -2.87158 -50
      vertex 21.9258 -1.13137 -48.1314
      vertex 21.9168 -1.26937 -47.974
    endloop
  endfacet
  facet normal 0.997865 -0.0653171 -6.12166e-05
    outer loop
      vertex 21.8118 -2.87158 -50
      vertex 21.9168 -1.26937 -47.974
      vertex 21.9092 -1.38564 -47.8
    endloop
  endfacet
  facet normal 0.997861 -0.0653689 0
    outer loop
      vertex 21.8118 -2.87158 -50
      vertex 21.8951 -1.6 -47
      vertex 21.8118 -2.87158 -43.99
    endloop
  endfacet
  facet normal 0.997859 -0.0653999 1.31659e-05
    outer loop
      vertex 21.8951 -1.6 -47
      vertex 21.8118 -2.87158 -50
      vertex 21.896 -1.58631 -47.2088
    endloop
  endfacet
  facet normal 0.997849 -0.0655561 8.54177e-05
    outer loop
      vertex 21.896 -1.58631 -47.2088
      vertex 21.8118 -2.87158 -50
      vertex 21.8987 -1.54548 -47.4141
    endloop
  endfacet
  facet normal 0.997859 -0.0653985 -1.91612e-05
    outer loop
      vertex 21.9476 -0.799999 -48.3856
      vertex 21.8118 -2.87158 -50
      vertex 22 0 -50
    endloop
  endfacet
  facet normal 0.997849 -0.0655534 9.90808e-05
    outer loop
      vertex 21.9031 -1.47821 -47.6123
      vertex 21.8118 -2.87158 -50
      vertex 21.9092 -1.38564 -47.8
    endloop
  endfacet
  facet normal 0.997863 -0.0653418 -2.49542e-05
    outer loop
      vertex 21.8987 -1.54548 -47.4141
      vertex 21.8118 -2.87158 -50
      vertex 21.9031 -1.47821 -47.6123
    endloop
  endfacet
  facet normal 0.442263 0.896886 -0
    outer loop
      vertex 11 19.0526 -50
      vertex 8.41903 20.3253 -43.99
      vertex 11 19.0526 -43.99
    endloop
  endfacet
  facet normal 0.442263 0.896886 0
    outer loop
      vertex 8.41903 20.3253 -43.99
      vertex 11 19.0526 -50
      vertex 8.41903 20.3253 -50
    endloop
  endfacet
  facet normal 0.751812 0.659378 0
    outer loop
      vertex 17.4538 13.3928 -43.99
      vertex 15.5563 15.5563 -50
      vertex 15.5563 15.5563 -43.99
    endloop
  endfacet
  facet normal 0.751812 0.659378 0
    outer loop
      vertex 15.5563 15.5563 -50
      vertex 17.4538 13.3928 -43.99
      vertex 17.4538 13.3928 -50
    endloop
  endfacet
  facet normal 0.751832 -0.659355 0
    outer loop
      vertex 16 -15.0505 -44.01
      vertex 17.4538 -13.3928 -43.99
      vertex 16 -15.0505 -43.99
    endloop
  endfacet
  facet normal 0.751832 -0.659355 0
    outer loop
      vertex 17.4538 -13.3928 -43.99
      vertex 16 -15.0505 -44.01
      vertex 17.4538 -13.3928 -50
    endloop
  endfacet
  facet normal 0.751747 -0.659451 0
    outer loop
      vertex 15.5563 -15.5563 -50
      vertex 16 -15.0505 -44.01
      vertex 15.5563 -15.5563 -44.01
    endloop
  endfacet
  facet normal 0.751812 -0.659378 -1.09906e-05
    outer loop
      vertex 16 -15.0505 -44.01
      vertex 15.5563 -15.5563 -50
      vertex 17.4538 -13.3928 -50
    endloop
  endfacet
  facet normal -0.0653985 -0.997859 0
    outer loop
      vertex -2.87158 -21.8118 -50
      vertex 0 -22 -44.01
      vertex -2.87158 -21.8118 -44.01
    endloop
  endfacet
  facet normal -0.0653985 -0.997859 -0
    outer loop
      vertex 0 -22 -44.01
      vertex -2.87158 -21.8118 -50
      vertex 0 -22 -50
    endloop
  endfacet
  facet normal -0.0653985 0.997859 0
    outer loop
      vertex 0 22 -50
      vertex -2.87158 21.8118 -43.99
      vertex 0 22 -43.99
    endloop
  endfacet
  facet normal -0.0653985 0.997859 0
    outer loop
      vertex -2.87158 21.8118 -43.99
      vertex 0 22 -50
      vertex -2.87158 21.8118 -50
    endloop
  endfacet
  facet normal -0.831472 -0.555566 0
    outer loop
      vertex -17.4538 -13.3928 -50
      vertex -19.0526 -11 -43.99
      vertex -19.0526 -11 -50
    endloop
  endfacet
  facet normal -0.831472 -0.555566 0
    outer loop
      vertex -19.0526 -11 -43.99
      vertex -17.4538 -13.3928 -50
      vertex -17.4538 -13.3928 -43.99
    endloop
  endfacet
  facet normal 0.195084 0.980786 -0
    outer loop
      vertex 5.69402 21.2504 -50
      vertex 2.87158 21.8118 -43.99
      vertex 5.69402 21.2504 -43.99
    endloop
  endfacet
  facet normal 0.195084 0.980786 0
    outer loop
      vertex 2.87158 21.8118 -43.99
      vertex 5.69402 21.2504 -50
      vertex 2.87158 21.8118 -50
    endloop
  endfacet
  facet normal 0.195084 -0.980786 0
    outer loop
      vertex 2.87158 -21.8118 -50
      vertex 5.69402 -21.2504 -44.01
      vertex 2.87158 -21.8118 -44.01
    endloop
  endfacet
  facet normal 0.195084 -0.980786 0
    outer loop
      vertex 5.69402 -21.2504 -44.01
      vertex 2.87158 -21.8118 -50
      vertex 5.69402 -21.2504 -50
    endloop
  endfacet
  facet normal -0.751812 0.659378 0
    outer loop
      vertex -17.4538 13.3928 -50
      vertex -15.5563 15.5563 -43.99
      vertex -15.5563 15.5563 -50
    endloop
  endfacet
  facet normal -0.751812 0.659378 0
    outer loop
      vertex -15.5563 15.5563 -43.99
      vertex -17.4538 13.3928 -50
      vertex -17.4538 13.3928 -43.99
    endloop
  endfacet
  facet normal 0.896886 -0.442263 0
    outer loop
      vertex 19.0526 -11 -43.99
      vertex 20.3253 -8.41903 -50
      vertex 20.3253 -8.41903 -43.99
    endloop
  endfacet
  facet normal 0.896886 -0.442263 0
    outer loop
      vertex 20.3253 -8.41903 -50
      vertex 19.0526 -11 -43.99
      vertex 19.0526 -11 -50
    endloop
  endfacet
  facet normal -0.896886 -0.442263 0
    outer loop
      vertex -19.0526 -11 -50
      vertex -20.3253 -8.41903 -43.99
      vertex -20.3253 -8.41903 -50
    endloop
  endfacet
  facet normal -0.896886 -0.442263 0
    outer loop
      vertex -20.3253 -8.41903 -43.99
      vertex -19.0526 -11 -50
      vertex -19.0526 -11 -43.99
    endloop
  endfacet
  facet normal 0.555566 0.831472 -0
    outer loop
      vertex 13.3928 17.4538 -50
      vertex 11 19.0526 -43.99
      vertex 13.3928 17.4538 -43.99
    endloop
  endfacet
  facet normal 0.555566 0.831472 0
    outer loop
      vertex 11 19.0526 -43.99
      vertex 13.3928 17.4538 -50
      vertex 11 19.0526 -50
    endloop
  endfacet
  facet normal 0.831472 -0.555566 0
    outer loop
      vertex 17.4538 -13.3928 -43.99
      vertex 19.0526 -11 -50
      vertex 19.0526 -11 -43.99
    endloop
  endfacet
  facet normal 0.831472 -0.555566 0
    outer loop
      vertex 19.0526 -11 -50
      vertex 17.4538 -13.3928 -43.99
      vertex 17.4538 -13.3928 -50
    endloop
  endfacet
  facet normal 0 0 -1
    outer loop
      vertex -27.3145 0.221894 -50
      vertex -20.807 7 -50
      vertex -27.3 0 -50
    endloop
  endfacet
  facet normal 0 0 -1
    outer loop
      vertex -27.3579 0.439992 -50
      vertex -20.807 7 -50
      vertex -27.3145 0.221894 -50
    endloop
  endfacet
  facet normal 0 0 -1
    outer loop
      vertex -27.4294 0.650561 -50
      vertex -20.807 7 -50
      vertex -27.3579 0.439992 -50
    endloop
  endfacet
  facet normal 0 0 -1
    outer loop
      vertex -27.5278 0.849999 -50
      vertex -20.807 7 -50
      vertex -27.4294 0.650561 -50
    endloop
  endfacet
  facet normal 0 0 -1
    outer loop
      vertex -27.6513 1.03489 -50
      vertex -20.807 7 -50
      vertex -27.5278 0.849999 -50
    endloop
  endfacet
  facet normal 0 0 -1
    outer loop
      vertex -27.7979 1.20208 -50
      vertex -20.807 7 -50
      vertex -27.6513 1.03489 -50
    endloop
  endfacet
  facet normal 0 0 -1
    outer loop
      vertex -27.9651 1.3487 -50
      vertex -20.807 7 -50
      vertex -27.7979 1.20208 -50
    endloop
  endfacet
  facet normal 0 0 -1
    outer loop
      vertex -28.15 1.47224 -50
      vertex -20.807 7 -50
      vertex -27.9651 1.3487 -50
    endloop
  endfacet
  facet normal 0 0 -1
    outer loop
      vertex -28.3494 1.57059 -50
      vertex -20.807 7 -50
      vertex -28.15 1.47224 -50
    endloop
  endfacet
  facet normal 0 0 -1
    outer loop
      vertex -28.56 1.64207 -50
      vertex -20.807 7 -50
      vertex -28.3494 1.57059 -50
    endloop
  endfacet
  facet normal 0 0 -1
    outer loop
      vertex -28.7781 1.68546 -50
      vertex -20.807 7 -50
      vertex -28.56 1.64207 -50
    endloop
  endfacet
  facet normal 0 0 -1
    outer loop
      vertex -29 1.7 -50
      vertex -20.807 7 -50
      vertex -28.7781 1.68546 -50
    endloop
  endfacet
  facet normal 0 0 -1
    outer loop
      vertex -36 7 -50
      vertex -29 1.7 -50
      vertex -29.2219 1.68546 -50
    endloop
  endfacet
  facet normal 0 0 -1
    outer loop
      vertex -36 7 -50
      vertex -29.2219 1.68546 -50
      vertex -29.44 1.64207 -50
    endloop
  endfacet
  facet normal 0 0 -1
    outer loop
      vertex -36 7 -50
      vertex -29.44 1.64207 -50
      vertex -29.6506 1.57059 -50
    endloop
  endfacet
  facet normal 0 0 -1
    outer loop
      vertex -36 7 -50
      vertex -29.6506 1.57059 -50
      vertex -29.85 1.47224 -50
    endloop
  endfacet
  facet normal 0 0 -1
    outer loop
      vertex -36 7 -50
      vertex -30.7 0 -50
      vertex -36 -7 -50
    endloop
  endfacet
  facet normal 0 0 -1
    outer loop
      vertex -30.7 0 -50
      vertex -36 7 -50
      vertex -30.6855 0.221894 -50
    endloop
  endfacet
  facet normal 0 0 -1
    outer loop
      vertex -30.6855 0.221894 -50
      vertex -36 7 -50
      vertex -30.6421 0.439992 -50
    endloop
  endfacet
  facet normal 0 0 -1
    outer loop
      vertex -30.6421 0.439992 -50
      vertex -36 7 -50
      vertex -30.5706 0.650561 -50
    endloop
  endfacet
  facet normal 0 0 -1
    outer loop
      vertex -30.5706 0.650561 -50
      vertex -36 7 -50
      vertex -30.4722 0.849999 -50
    endloop
  endfacet
  facet normal 0 0 -1
    outer loop
      vertex -29 1.7 -50
      vertex -36 7 -50
      vertex -20.807 7 -50
    endloop
  endfacet
  facet normal 0 0 -1
    outer loop
      vertex -30.0349 1.3487 -50
      vertex -36 7 -50
      vertex -29.85 1.47224 -50
    endloop
  endfacet
  facet normal 0 0 -1
    outer loop
      vertex -30.2021 1.20208 -50
      vertex -36 7 -50
      vertex -30.0349 1.3487 -50
    endloop
  endfacet
  facet normal 0 0 -1
    outer loop
      vertex -30.3487 1.03489 -50
      vertex -36 7 -50
      vertex -30.2021 1.20208 -50
    endloop
  endfacet
  facet normal 0 0 -1
    outer loop
      vertex -30.4722 0.849999 -50
      vertex -36 7 -50
      vertex -30.3487 1.03489 -50
    endloop
  endfacet
  facet normal 0 0 -1
    outer loop
      vertex 4.05 0 -50
      vertex 22 0 -50
      vertex 21.8118 -2.87158 -50
    endloop
  endfacet
  facet normal 0 0 -1
    outer loop
      vertex 4.01535 -0.52863 -50
      vertex 21.8118 -2.87158 -50
      vertex 21.2504 -5.69402 -50
    endloop
  endfacet
  facet normal 0 0 -1
    outer loop
      vertex 22 0 -50
      vertex 4.05 0 -50
      vertex 21.8118 2.87158 -50
    endloop
  endfacet
  facet normal 0 0 -1
    outer loop
      vertex 3.912 -1.04822 -50
      vertex 21.2504 -5.69402 -50
      vertex 20.3253 -8.41903 -50
    endloop
  endfacet
  facet normal 0 0 -1
    outer loop
      vertex 4.01535 0.52863 -50
      vertex 21.8118 2.87158 -50
      vertex 4.05 0 -50
    endloop
  endfacet
  facet normal 0 0 -1
    outer loop
      vertex 3.74171 -1.54987 -50
      vertex 20.3253 -8.41903 -50
      vertex 19.0526 -11 -50
    endloop
  endfacet
  facet normal -0 0 -1
    outer loop
      vertex 21.8118 2.87158 -50
      vertex 4.01535 0.52863 -50
      vertex 21.2504 5.69402 -50
    endloop
  endfacet
  facet normal 0 0 -1
    outer loop
      vertex 3.5074 -2.025 -50
      vertex 19.0526 -11 -50
      vertex 17.4538 -13.3928 -50
    endloop
  endfacet
  facet normal 0 0 -1
    outer loop
      vertex 3.912 1.04822 -50
      vertex 21.2504 5.69402 -50
      vertex 4.01535 0.52863 -50
    endloop
  endfacet
  facet normal 0 0 -1
    outer loop
      vertex 3.21308 -2.46548 -50
      vertex 17.4538 -13.3928 -50
      vertex 15.5563 -15.5563 -50
    endloop
  endfacet
  facet normal -0 0 -1
    outer loop
      vertex 21.2504 5.69402 -50
      vertex 3.912 1.04822 -50
      vertex 20.3253 8.41903 -50
    endloop
  endfacet
  facet normal 0 0 -1
    outer loop
      vertex 2.86378 -2.86378 -50
      vertex 15.5563 -15.5563 -50
      vertex 13.3928 -17.4538 -50
    endloop
  endfacet
  facet normal 0 0 -1
    outer loop
      vertex 3.74171 1.54987 -50
      vertex 20.3253 8.41903 -50
      vertex 3.912 1.04822 -50
    endloop
  endfacet
  facet normal 0 0 -1
    outer loop
      vertex 2.46548 -3.21308 -50
      vertex 13.3928 -17.4538 -50
      vertex 11 -19.0526 -50
    endloop
  endfacet
  facet normal -0 0 -1
    outer loop
      vertex 20.3253 8.41903 -50
      vertex 3.74171 1.54987 -50
      vertex 19.0526 11 -50
    endloop
  endfacet
  facet normal 0 0 -1
    outer loop
      vertex 2.025 -3.5074 -50
      vertex 11 -19.0526 -50
      vertex 8.41903 -20.3253 -50
    endloop
  endfacet
  facet normal 0 0 -1
    outer loop
      vertex 3.5074 2.025 -50
      vertex 19.0526 11 -50
      vertex 3.74171 1.54987 -50
    endloop
  endfacet
  facet normal 0 0 -1
    outer loop
      vertex 1.54987 -3.74171 -50
      vertex 8.41903 -20.3253 -50
      vertex 5.69402 -21.2504 -50
    endloop
  endfacet
  facet normal -0 0 -1
    outer loop
      vertex 19.0526 11 -50
      vertex 3.5074 2.025 -50
      vertex 17.4538 13.3928 -50
    endloop
  endfacet
  facet normal 0 0 -1
    outer loop
      vertex 3.21308 2.46548 -50
      vertex 17.4538 13.3928 -50
      vertex 3.5074 2.025 -50
    endloop
  endfacet
  facet normal 0 0 -1
    outer loop
      vertex 21.8118 -2.87158 -50
      vertex 4.01535 -0.52863 -50
      vertex 4.05 0 -50
    endloop
  endfacet
  facet normal 0 0 -1
    outer loop
      vertex 21.2504 -5.69402 -50
      vertex 3.912 -1.04822 -50
      vertex 4.01535 -0.52863 -50
    endloop
  endfacet
  facet normal 0 0 -1
    outer loop
      vertex 20.3253 -8.41903 -50
      vertex 3.74171 -1.54987 -50
      vertex 3.912 -1.04822 -50
    endloop
  endfacet
  facet normal 0 0 -1
    outer loop
      vertex 19.0526 -11 -50
      vertex 3.5074 -2.025 -50
      vertex 3.74171 -1.54987 -50
    endloop
  endfacet
  facet normal 0 0 -1
    outer loop
      vertex 17.4538 -13.3928 -50
      vertex 3.21308 -2.46548 -50
      vertex 3.5074 -2.025 -50
    endloop
  endfacet
  facet normal 0 0 -1
    outer loop
      vertex 1.04822 -3.912 -50
      vertex 5.69402 -21.2504 -50
      vertex 2.87158 -21.8118 -50
    endloop
  endfacet
  facet normal 0 0 -1
    outer loop
      vertex 15.5563 -15.5563 -50
      vertex 2.86378 -2.86378 -50
      vertex 3.21308 -2.46548 -50
    endloop
  endfacet
  facet normal 0 0 -1
    outer loop
      vertex 13.3928 -17.4538 -50
      vertex 2.46548 -3.21308 -50
      vertex 2.86378 -2.86378 -50
    endloop
  endfacet
  facet normal 0 0 -1
    outer loop
      vertex 11 -19.0526 -50
      vertex 2.025 -3.5074 -50
      vertex 2.46548 -3.21308 -50
    endloop
  endfacet
  facet normal 0 0 -1
    outer loop
      vertex 8.41903 -20.3253 -50
      vertex 1.54987 -3.74171 -50
      vertex 2.025 -3.5074 -50
    endloop
  endfacet
  facet normal 0 0 -1
    outer loop
      vertex 5.69402 -21.2504 -50
      vertex 1.04822 -3.912 -50
      vertex 1.54987 -3.74171 -50
    endloop
  endfacet
  facet normal 0 0 -1
    outer loop
      vertex 2.87158 -21.8118 -50
      vertex 0.52863 -4.01535 -50
      vertex 1.04822 -3.912 -50
    endloop
  endfacet
  facet normal 0 0 -1
    outer loop
      vertex 0 -22 -50
      vertex 0.52863 -4.01535 -50
      vertex 2.87158 -21.8118 -50
    endloop
  endfacet
  facet normal 0 0 -1
    outer loop
      vertex 0 -22 -50
      vertex 0 -4.05 -50
      vertex 0.52863 -4.01535 -50
    endloop
  endfacet
  facet normal 0 0 -1
    outer loop
      vertex 0 -22 -50
      vertex -0.52863 -4.01535 -50
      vertex 0 -4.05 -50
    endloop
  endfacet
  facet normal 0 0 -1
    outer loop
      vertex -2.87158 -21.8118 -50
      vertex -0.52863 -4.01535 -50
      vertex 0 -22 -50
    endloop
  endfacet
  facet normal -0 0 -1
    outer loop
      vertex -0.52863 -4.01535 -50
      vertex -2.87158 -21.8118 -50
      vertex -1.04822 -3.912 -50
    endloop
  endfacet
  facet normal 0 0 -1
    outer loop
      vertex -5.69402 -21.2504 -50
      vertex -1.04822 -3.912 -50
      vertex -2.87158 -21.8118 -50
    endloop
  endfacet
  facet normal -0 0 -1
    outer loop
      vertex -1.04822 -3.912 -50
      vertex -5.69402 -21.2504 -50
      vertex -1.54987 -3.74171 -50
    endloop
  endfacet
  facet normal 0 0 -1
    outer loop
      vertex -8.41903 -20.3253 -50
      vertex -1.54987 -3.74171 -50
      vertex -5.69402 -21.2504 -50
    endloop
  endfacet
  facet normal -0 0 -1
    outer loop
      vertex -1.54987 -3.74171 -50
      vertex -8.41903 -20.3253 -50
      vertex -2.025 -3.5074 -50
    endloop
  endfacet
  facet normal 0 0 -1
    outer loop
      vertex -11 -19.0526 -50
      vertex -2.025 -3.5074 -50
      vertex -8.41903 -20.3253 -50
    endloop
  endfacet
  facet normal -0 0 -1
    outer loop
      vertex -2.025 -3.5074 -50
      vertex -11 -19.0526 -50
      vertex -2.46548 -3.21308 -50
    endloop
  endfacet
  facet normal 0 0 -1
    outer loop
      vertex -13.3928 -17.4538 -50
      vertex -2.46548 -3.21308 -50
      vertex -11 -19.0526 -50
    endloop
  endfacet
  facet normal -0 0 -1
    outer loop
      vertex -2.46548 -3.21308 -50
      vertex -13.3928 -17.4538 -50
      vertex -2.86378 -2.86378 -50
    endloop
  endfacet
  facet normal 0 0 -1
    outer loop
      vertex -15.5563 -15.5563 -50
      vertex -2.86378 -2.86378 -50
      vertex -13.3928 -17.4538 -50
    endloop
  endfacet
  facet normal -0 0 -1
    outer loop
      vertex -2.86378 -2.86378 -50
      vertex -15.5563 -15.5563 -50
      vertex -3.21308 -2.46548 -50
    endloop
  endfacet
  facet normal 0 0 -1
    outer loop
      vertex -17.4538 -13.3928 -50
      vertex -3.21308 -2.46548 -50
      vertex -15.5563 -15.5563 -50
    endloop
  endfacet
  facet normal -0 0 -1
    outer loop
      vertex 17.4538 13.3928 -50
      vertex 3.21308 2.46548 -50
      vertex 15.5563 15.5563 -50
    endloop
  endfacet
  facet normal 0 0 -1
    outer loop
      vertex 2.86378 2.86378 -50
      vertex 15.5563 15.5563 -50
      vertex 3.21308 2.46548 -50
    endloop
  endfacet
  facet normal -0 0 -1
    outer loop
      vertex 15.5563 15.5563 -50
      vertex 2.86378 2.86378 -50
      vertex 13.3928 17.4538 -50
    endloop
  endfacet
  facet normal 0 0 -1
    outer loop
      vertex 2.46548 3.21308 -50
      vertex 13.3928 17.4538 -50
      vertex 2.86378 2.86378 -50
    endloop
  endfacet
  facet normal -0 0 -1
    outer loop
      vertex 13.3928 17.4538 -50
      vertex 2.46548 3.21308 -50
      vertex 11 19.0526 -50
    endloop
  endfacet
  facet normal 0 0 -1
    outer loop
      vertex 2.025 3.5074 -50
      vertex 11 19.0526 -50
      vertex 2.46548 3.21308 -50
    endloop
  endfacet
  facet normal -0 0 -1
    outer loop
      vertex 11 19.0526 -50
      vertex 2.025 3.5074 -50
      vertex 8.41903 20.3253 -50
    endloop
  endfacet
  facet normal 0 0 -1
    outer loop
      vertex 1.54987 3.74171 -50
      vertex 8.41903 20.3253 -50
      vertex 2.025 3.5074 -50
    endloop
  endfacet
  facet normal -0 0 -1
    outer loop
      vertex 8.41903 20.3253 -50
      vertex 1.54987 3.74171 -50
      vertex 5.69402 21.2504 -50
    endloop
  endfacet
  facet normal 0 0 -1
    outer loop
      vertex 1.04822 3.912 -50
      vertex 5.69402 21.2504 -50
      vertex 1.54987 3.74171 -50
    endloop
  endfacet
  facet normal -0 0 -1
    outer loop
      vertex 5.69402 21.2504 -50
      vertex 1.04822 3.912 -50
      vertex 2.87158 21.8118 -50
    endloop
  endfacet
  facet normal 0 0 -1
    outer loop
      vertex 0.52863 4.01535 -50
      vertex 2.87158 21.8118 -50
      vertex 1.04822 3.912 -50
    endloop
  endfacet
  facet normal 0 0 -1
    outer loop
      vertex 0 4.05 -50
      vertex 2.87158 21.8118 -50
      vertex 0.52863 4.01535 -50
    endloop
  endfacet
  facet normal 0 0 -1
    outer loop
      vertex 0 4.05 -50
      vertex 0 22 -50
      vertex 2.87158 21.8118 -50
    endloop
  endfacet
  facet normal 0 0 -1
    outer loop
      vertex -0.52863 4.01535 -50
      vertex 0 22 -50
      vertex 0 4.05 -50
    endloop
  endfacet
  facet normal 0 0 -1
    outer loop
      vertex -2.87158 21.8118 -50
      vertex -0.52863 4.01535 -50
      vertex -1.04822 3.912 -50
    endloop
  endfacet
  facet normal 0 0 -1
    outer loop
      vertex -5.69402 21.2504 -50
      vertex -1.04822 3.912 -50
      vertex -1.54987 3.74171 -50
    endloop
  endfacet
  facet normal 0 0 -1
    outer loop
      vertex -8.41903 20.3253 -50
      vertex -1.54987 3.74171 -50
      vertex -2.025 3.5074 -50
    endloop
  endfacet
  facet normal 0 0 -1
    outer loop
      vertex -11 19.0526 -50
      vertex -2.025 3.5074 -50
      vertex -2.46548 3.21308 -50
    endloop
  endfacet
  facet normal 0 0 -1
    outer loop
      vertex -13.3928 17.4538 -50
      vertex -2.46548 3.21308 -50
      vertex -2.86378 2.86378 -50
    endloop
  endfacet
  facet normal 0 0 -1
    outer loop
      vertex -0.52863 4.01535 -50
      vertex -2.87158 21.8118 -50
      vertex 0 22 -50
    endloop
  endfacet
  facet normal 0 0 -1
    outer loop
      vertex -15.5563 15.5563 -50
      vertex -2.86378 2.86378 -50
      vertex -3.21308 2.46548 -50
    endloop
  endfacet
  facet normal 0 0 -1
    outer loop
      vertex -17.4538 13.3928 -50
      vertex -3.21308 2.46548 -50
      vertex -3.5074 2.025 -50
    endloop
  endfacet
  facet normal 0 0 -1
    outer loop
      vertex -19.0526 11 -50
      vertex -3.5074 2.025 -50
      vertex -3.74171 1.54987 -50
    endloop
  endfacet
  facet normal 0 0 -1
    outer loop
      vertex -20.807 7 -50
      vertex -3.74171 1.54987 -50
      vertex -3.912 1.04822 -50
    endloop
  endfacet
  facet normal 0 0 -1
    outer loop
      vertex -20.807 7 -50
      vertex -3.912 1.04822 -50
      vertex -4.01535 0.52863 -50
    endloop
  endfacet
  facet normal 0 0 -1
    outer loop
      vertex -20.807 7 -50
      vertex -4.01535 0.52863 -50
      vertex -4.05 0 -50
    endloop
  endfacet
  facet normal -0 0 -1
    outer loop
      vertex -3.21308 -2.46548 -50
      vertex -17.4538 -13.3928 -50
      vertex -3.5074 -2.025 -50
    endloop
  endfacet
  facet normal 0 0 -1
    outer loop
      vertex -1.04822 3.912 -50
      vertex -5.69402 21.2504 -50
      vertex -2.87158 21.8118 -50
    endloop
  endfacet
  facet normal 0 0 -1
    outer loop
      vertex -19.0526 -11 -50
      vertex -3.5074 -2.025 -50
      vertex -17.4538 -13.3928 -50
    endloop
  endfacet
  facet normal 0 0 -1
    outer loop
      vertex -1.54987 3.74171 -50
      vertex -8.41903 20.3253 -50
      vertex -5.69402 21.2504 -50
    endloop
  endfacet
  facet normal -0 0 -1
    outer loop
      vertex -3.5074 -2.025 -50
      vertex -19.0526 -11 -50
      vertex -3.74171 -1.54987 -50
    endloop
  endfacet
  facet normal 0 0 -1
    outer loop
      vertex -2.025 3.5074 -50
      vertex -11 19.0526 -50
      vertex -8.41903 20.3253 -50
    endloop
  endfacet
  facet normal 0 0 -1
    outer loop
      vertex -20.3253 -8.41903 -50
      vertex -3.74171 -1.54987 -50
      vertex -19.0526 -11 -50
    endloop
  endfacet
  facet normal 0 0 -1
    outer loop
      vertex -2.46548 3.21308 -50
      vertex -13.3928 17.4538 -50
      vertex -11 19.0526 -50
    endloop
  endfacet
  facet normal 0 0 -1
    outer loop
      vertex -20.807 -7 -50
      vertex -3.74171 -1.54987 -50
      vertex -20.3253 -8.41903 -50
    endloop
  endfacet
  facet normal 0 0 -1
    outer loop
      vertex -2.86378 2.86378 -50
      vertex -15.5563 15.5563 -50
      vertex -13.3928 17.4538 -50
    endloop
  endfacet
  facet normal -0 0 -1
    outer loop
      vertex -3.74171 -1.54987 -50
      vertex -20.807 -7 -50
      vertex -3.912 -1.04822 -50
    endloop
  endfacet
  facet normal 0 0 -1
    outer loop
      vertex -3.21308 2.46548 -50
      vertex -17.4538 13.3928 -50
      vertex -15.5563 15.5563 -50
    endloop
  endfacet
  facet normal -0 0 -1
    outer loop
      vertex -3.912 -1.04822 -50
      vertex -20.807 -7 -50
      vertex -4.01535 -0.52863 -50
    endloop
  endfacet
  facet normal 0 0 -1
    outer loop
      vertex -20.807 7 -50
      vertex -4.05 0 -50
      vertex -20.807 -7 -50
    endloop
  endfacet
  facet normal -0 0 -1
    outer loop
      vertex -4.01535 -0.52863 -50
      vertex -20.807 -7 -50
      vertex -4.05 0 -50
    endloop
  endfacet
  facet normal 0 0 -1
    outer loop
      vertex -3.74171 1.54987 -50
      vertex -20.807 7 -50
      vertex -20.3253 8.41903 -50
    endloop
  endfacet
  facet normal 0 0 -1
    outer loop
      vertex -3.5074 2.025 -50
      vertex -19.0526 11 -50
      vertex -17.4538 13.3928 -50
    endloop
  endfacet
  facet normal 0 0 -1
    outer loop
      vertex -3.74171 1.54987 -50
      vertex -20.3253 8.41903 -50
      vertex -19.0526 11 -50
    endloop
  endfacet
  facet normal 0 0 -1
    outer loop
      vertex -20.807 -7 -50
      vertex -27.3 0 -50
      vertex -20.807 7 -50
    endloop
  endfacet
  facet normal 0 0 -1
    outer loop
      vertex -20.807 -7 -50
      vertex -27.3145 -0.221894 -50
      vertex -27.3 0 -50
    endloop
  endfacet
  facet normal 0 0 -1
    outer loop
      vertex -20.807 -7 -50
      vertex -27.3579 -0.439992 -50
      vertex -27.3145 -0.221894 -50
    endloop
  endfacet
  facet normal 0 0 -1
    outer loop
      vertex -20.807 -7 -50
      vertex -27.4294 -0.650561 -50
      vertex -27.3579 -0.439992 -50
    endloop
  endfacet
  facet normal 0 0 -1
    outer loop
      vertex -20.807 -7 -50
      vertex -27.5278 -0.849999 -50
      vertex -27.4294 -0.650561 -50
    endloop
  endfacet
  facet normal 0 0 -1
    outer loop
      vertex -20.807 -7 -50
      vertex -27.6513 -1.03489 -50
      vertex -27.5278 -0.849999 -50
    endloop
  endfacet
  facet normal 0 0 -1
    outer loop
      vertex -20.807 -7 -50
      vertex -27.7979 -1.20208 -50
      vertex -27.6513 -1.03489 -50
    endloop
  endfacet
  facet normal 0 0 -1
    outer loop
      vertex -20.807 -7 -50
      vertex -27.9651 -1.3487 -50
      vertex -27.7979 -1.20208 -50
    endloop
  endfacet
  facet normal 0 0 -1
    outer loop
      vertex -20.807 -7 -50
      vertex -28.15 -1.47224 -50
      vertex -27.9651 -1.3487 -50
    endloop
  endfacet
  facet normal 0 0 -1
    outer loop
      vertex -20.807 -7 -50
      vertex -28.3494 -1.57059 -50
      vertex -28.15 -1.47224 -50
    endloop
  endfacet
  facet normal 0 0 -1
    outer loop
      vertex -20.807 -7 -50
      vertex -28.56 -1.64207 -50
      vertex -28.3494 -1.57059 -50
    endloop
  endfacet
  facet normal 0 0 -1
    outer loop
      vertex -20.807 -7 -50
      vertex -28.7781 -1.68546 -50
      vertex -28.56 -1.64207 -50
    endloop
  endfacet
  facet normal 0 0 -1
    outer loop
      vertex -20.807 -7 -50
      vertex -29 -1.7 -50
      vertex -28.7781 -1.68546 -50
    endloop
  endfacet
  facet normal 0 0 -1
    outer loop
      vertex -36 -7 -50
      vertex -29 -1.7 -50
      vertex -20.807 -7 -50
    endloop
  endfacet
  facet normal -0 0 -1
    outer loop
      vertex -29 -1.7 -50
      vertex -36 -7 -50
      vertex -29.2219 -1.68546 -50
    endloop
  endfacet
  facet normal -0 0 -1
    outer loop
      vertex -29.2219 -1.68546 -50
      vertex -36 -7 -50
      vertex -29.44 -1.64207 -50
    endloop
  endfacet
  facet normal -0 0 -1
    outer loop
      vertex -29.44 -1.64207 -50
      vertex -36 -7 -50
      vertex -29.6506 -1.57059 -50
    endloop
  endfacet
  facet normal -0 0 -1
    outer loop
      vertex -30.6855 -0.221894 -50
      vertex -36 -7 -50
      vertex -30.7 0 -50
    endloop
  endfacet
  facet normal -0 0 -1
    outer loop
      vertex -30.6421 -0.439992 -50
      vertex -36 -7 -50
      vertex -30.6855 -0.221894 -50
    endloop
  endfacet
  facet normal -0 0 -1
    outer loop
      vertex -30.5706 -0.650561 -50
      vertex -36 -7 -50
      vertex -30.6421 -0.439992 -50
    endloop
  endfacet
  facet normal -0 0 -1
    outer loop
      vertex -30.4722 -0.849999 -50
      vertex -36 -7 -50
      vertex -30.5706 -0.650561 -50
    endloop
  endfacet
  facet normal -0 0 -1
    outer loop
      vertex -30.3487 -1.03489 -50
      vertex -36 -7 -50
      vertex -30.4722 -0.849999 -50
    endloop
  endfacet
  facet normal -0 0 -1
    outer loop
      vertex -30.2021 -1.20208 -50
      vertex -36 -7 -50
      vertex -30.3487 -1.03489 -50
    endloop
  endfacet
  facet normal -0 0 -1
    outer loop
      vertex -30.0349 -1.3487 -50
      vertex -36 -7 -50
      vertex -30.2021 -1.20208 -50
    endloop
  endfacet
  facet normal -0 0 -1
    outer loop
      vertex -29.85 -1.47224 -50
      vertex -36 -7 -50
      vertex -30.0349 -1.3487 -50
    endloop
  endfacet
  facet normal -0 0 -1
    outer loop
      vertex -29.6506 -1.57059 -50
      vertex -36 -7 -50
      vertex -29.85 -1.47224 -50
    endloop
  endfacet
  facet normal -0.751832 -0.659355 0
    outer loop
      vertex -17.4538 -13.3928 -50
      vertex -16 -15.0505 -44.01
      vertex -17.4538 -13.3928 -43.99
    endloop
  endfacet
  facet normal -0.751812 -0.659378 -1.09906e-05
    outer loop
      vertex -15.5563 -15.5563 -50
      vertex -16 -15.0505 -44.01
      vertex -17.4538 -13.3928 -50
    endloop
  endfacet
  facet normal -0.751747 -0.659451 0
    outer loop
      vertex -16 -15.0505 -44.01
      vertex -15.5563 -15.5563 -50
      vertex -15.5563 -15.5563 -44.01
    endloop
  endfacet
  facet normal -0.751832 -0.659355 0
    outer loop
      vertex -17.4538 -13.3928 -43.99
      vertex -16 -15.0505 -44.01
      vertex -16 -15.0505 -43.99
    endloop
  endfacet
  facet normal -0.659378 0.751812 0
    outer loop
      vertex -13.3928 17.4538 -50
      vertex -15.5563 15.5563 -43.99
      vertex -13.3928 17.4538 -43.99
    endloop
  endfacet
  facet normal -0.659378 0.751812 0
    outer loop
      vertex -15.5563 15.5563 -43.99
      vertex -13.3928 17.4538 -50
      vertex -15.5563 15.5563 -50
    endloop
  endfacet
  facet normal 0.896886 0.442263 0
    outer loop
      vertex 20.3253 8.41903 -43.99
      vertex 19.0526 11 -50
      vertex 19.0526 11 -43.99
    endloop
  endfacet
  facet normal 0.896886 0.442263 0
    outer loop
      vertex 19.0526 11 -50
      vertex 20.3253 8.41903 -43.99
      vertex 20.3253 8.41903 -50
    endloop
  endfacet
  facet normal 0.321466 0.946921 -0
    outer loop
      vertex 8.41903 20.3253 -50
      vertex 5.69402 21.2504 -43.99
      vertex 8.41903 20.3253 -43.99
    endloop
  endfacet
  facet normal 0.321466 0.946921 0
    outer loop
      vertex 5.69402 21.2504 -43.99
      vertex 8.41903 20.3253 -50
      vertex 5.69402 21.2504 -50
    endloop
  endfacet
  facet normal -0.980786 -0.195084 0
    outer loop
      vertex -21.2504 -5.69402 -44
      vertex -21.8118 -2.87158 -43.99
      vertex -21.8118 -2.87158 -44
    endloop
  endfacet
  facet normal -0.980786 -0.195084 0
    outer loop
      vertex -21.8118 -2.87158 -43.99
      vertex -21.2504 -5.69402 -44
      vertex -21.2504 -5.69402 -43.99
    endloop
  endfacet
  facet normal -0.980786 0.195084 0
    outer loop
      vertex -21.8118 2.87158 -44
      vertex -21.2504 5.69402 -43.99
      vertex -21.2504 5.69402 -44
    endloop
  endfacet
  facet normal -0.980786 0.195084 0
    outer loop
      vertex -21.2504 5.69402 -43.99
      vertex -21.8118 2.87158 -44
      vertex -21.8118 2.87158 -43.99
    endloop
  endfacet
  facet normal -0.659378 -0.751812 0
    outer loop
      vertex -15.5563 -15.5563 -50
      vertex -13.3928 -17.4538 -44.01
      vertex -15.5563 -15.5563 -44.01
    endloop
  endfacet
  facet normal -0.659378 -0.751812 -0
    outer loop
      vertex -13.3928 -17.4538 -44.01
      vertex -15.5563 -15.5563 -50
      vertex -13.3928 -17.4538 -50
    endloop
  endfacet
  facet normal -0.896886 0.442263 0
    outer loop
      vertex -20.3253 8.41903 -50
      vertex -19.0526 11 -43.99
      vertex -19.0526 11 -50
    endloop
  endfacet
  facet normal -0.896886 0.442263 0
    outer loop
      vertex -19.0526 11 -43.99
      vertex -20.3253 8.41903 -50
      vertex -20.3253 8.41903 -43.99
    endloop
  endfacet
  facet normal -0.321466 -0.946921 0
    outer loop
      vertex -8.41903 -20.3253 -50
      vertex -5.69402 -21.2504 -44.01
      vertex -8.41903 -20.3253 -44.01
    endloop
  endfacet
  facet normal -0.321466 -0.946921 -0
    outer loop
      vertex -5.69402 -21.2504 -44.01
      vertex -8.41903 -20.3253 -50
      vertex -5.69402 -21.2504 -50
    endloop
  endfacet
  facet normal -0.997859 -0.0653985 0
    outer loop
      vertex -21.8118 -2.87158 -44
      vertex -22 0 -43.99
      vertex -22 0 -44
    endloop
  endfacet
  facet normal -0.997859 -0.0653985 0
    outer loop
      vertex -22 0 -43.99
      vertex -21.8118 -2.87158 -44
      vertex -21.8118 -2.87158 -43.99
    endloop
  endfacet
  facet normal 0.0653985 0.997859 -0
    outer loop
      vertex 2.87158 21.8118 -50
      vertex 0 22 -43.99
      vertex 2.87158 21.8118 -43.99
    endloop
  endfacet
  facet normal 0.0653985 0.997859 0
    outer loop
      vertex 0 22 -43.99
      vertex 2.87158 21.8118 -50
      vertex 0 22 -50
    endloop
  endfacet
  facet normal -0.195084 -0.980786 0
    outer loop
      vertex -5.69402 -21.2504 -50
      vertex -2.87158 -21.8118 -44.01
      vertex -5.69402 -21.2504 -44.01
    endloop
  endfacet
  facet normal -0.195084 -0.980786 -0
    outer loop
      vertex -2.87158 -21.8118 -44.01
      vertex -5.69402 -21.2504 -50
      vertex -2.87158 -21.8118 -50
    endloop
  endfacet
  facet normal -0.555566 -0.831472 0
    outer loop
      vertex -13.3928 -17.4538 -50
      vertex -11 -19.0526 -44.01
      vertex -13.3928 -17.4538 -44.01
    endloop
  endfacet
  facet normal -0.555566 -0.831472 -0
    outer loop
      vertex -11 -19.0526 -44.01
      vertex -13.3928 -17.4538 -50
      vertex -11 -19.0526 -50
    endloop
  endfacet
  facet normal -0.195085 -0.980786 0
    outer loop
      vertex 0.52863 4.01535 -50
      vertex 1.04822 3.912 -44.01
      vertex 0.52863 4.01535 -44.01
    endloop
  endfacet
  facet normal -0.195085 -0.980786 -0
    outer loop
      vertex 1.04822 3.912 -44.01
      vertex 0.52863 4.01535 -50
      vertex 1.04822 3.912 -50
    endloop
  endfacet
  facet normal -0.980786 -0.195085 0
    outer loop
      vertex 4.01535 0.52863 -50
      vertex 3.912 1.04822 -44.01
      vertex 3.912 1.04822 -50
    endloop
  endfacet
  facet normal -0.980786 -0.195085 0
    outer loop
      vertex 3.912 1.04822 -44.01
      vertex 4.01535 0.52863 -50
      vertex 4.01535 0.52863 -44.01
    endloop
  endfacet
  facet normal -0.997859 -0.0654064 0
    outer loop
      vertex 4.05 0 -50
      vertex 4.01535 0.52863 -44.01
      vertex 4.01535 0.52863 -50
    endloop
  endfacet
  facet normal -0.997859 -0.0654064 0
    outer loop
      vertex 4.01535 0.52863 -44.01
      vertex 4.05 0 -50
      vertex 4.05 0 -44.01
    endloop
  endfacet
  facet normal -0.946929 -0.321444 0
    outer loop
      vertex 3.912 1.04822 -50
      vertex 3.74171 1.54987 -44.01
      vertex 3.74171 1.54987 -50
    endloop
  endfacet
  facet normal -0.946929 -0.321444 0
    outer loop
      vertex 3.74171 1.54987 -44.01
      vertex 3.912 1.04822 -50
      vertex 3.912 1.04822 -44.01
    endloop
  endfacet
  facet normal -0.831469 -0.555571 0
    outer loop
      vertex 3.5074 2.025 -50
      vertex 3.21308 2.46548 -44.01
      vertex 3.21308 2.46548 -50
    endloop
  endfacet
  facet normal -0.831469 -0.555571 0
    outer loop
      vertex 3.21308 2.46548 -44.01
      vertex 3.5074 2.025 -50
      vertex 3.5074 2.025 -44.01
    endloop
  endfacet
  facet normal -0.321444 -0.946929 0
    outer loop
      vertex 1.04822 3.912 -50
      vertex 1.54987 3.74171 -44.01
      vertex 1.04822 3.912 -44.01
    endloop
  endfacet
  facet normal -0.321444 -0.946929 -0
    outer loop
      vertex 1.54987 3.74171 -44.01
      vertex 1.04822 3.912 -50
      vertex 1.54987 3.74171 -50
    endloop
  endfacet
  facet normal 0.980786 0.195085 0
    outer loop
      vertex -3.912 -1.04822 -44.01
      vertex -4.01535 -0.52863 -50
      vertex -4.01535 -0.52863 -44.01
    endloop
  endfacet
  facet normal 0.980786 0.195085 0
    outer loop
      vertex -4.01535 -0.52863 -50
      vertex -3.912 -1.04822 -44.01
      vertex -3.912 -1.04822 -50
    endloop
  endfacet
  facet normal -0.997859 0.0654064 0
    outer loop
      vertex 4.01535 -0.52863 -50
      vertex 4.05 0 -44.01
      vertex 4.05 0 -50
    endloop
  endfacet
  facet normal -0.997859 0.0654064 0
    outer loop
      vertex 4.05 0 -44.01
      vertex 4.01535 -0.52863 -50
      vertex 4.01535 -0.52863 -44.01
    endloop
  endfacet
  facet normal 0.555571 0.831469 -0
    outer loop
      vertex -2.025 -3.5074 -50
      vertex -2.46548 -3.21308 -44.01
      vertex -2.025 -3.5074 -44.01
    endloop
  endfacet
  facet normal 0.555571 0.831469 0
    outer loop
      vertex -2.46548 -3.21308 -44.01
      vertex -2.025 -3.5074 -50
      vertex -2.46548 -3.21308 -50
    endloop
  endfacet
  facet normal 0.997859 0.0654064 0
    outer loop
      vertex -4.01535 -0.52863 -44.01
      vertex -4.05 0 -50
      vertex -4.05 0 -44.01
    endloop
  endfacet
  facet normal 0.997859 0.0654064 0
    outer loop
      vertex -4.05 0 -50
      vertex -4.01535 -0.52863 -44.01
      vertex -4.01535 -0.52863 -50
    endloop
  endfacet
  facet normal 0.321444 0.946929 -0
    outer loop
      vertex -1.04822 -3.912 -50
      vertex -1.54987 -3.74171 -44.01
      vertex -1.04822 -3.912 -44.01
    endloop
  endfacet
  facet normal 0.321444 0.946929 0
    outer loop
      vertex -1.54987 -3.74171 -44.01
      vertex -1.04822 -3.912 -50
      vertex -1.54987 -3.74171 -50
    endloop
  endfacet
  facet normal -0.896871 -0.442291 0
    outer loop
      vertex 3.74171 1.54987 -50
      vertex 3.5074 2.025 -44.01
      vertex 3.5074 2.025 -50
    endloop
  endfacet
  facet normal -0.896871 -0.442291 0
    outer loop
      vertex 3.5074 2.025 -44.01
      vertex 3.74171 1.54987 -50
      vertex 3.74171 1.54987 -44.01
    endloop
  endfacet
  facet normal -0.75184 -0.659346 0
    outer loop
      vertex 3.21308 2.46548 -50
      vertex 2.86378 2.86378 -44.01
      vertex 2.86378 2.86378 -50
    endloop
  endfacet
  facet normal -0.75184 -0.659346 0
    outer loop
      vertex 2.86378 2.86378 -44.01
      vertex 3.21308 2.46548 -50
      vertex 3.21308 2.46548 -44.01
    endloop
  endfacet
  facet normal -0.946929 0.321444 0
    outer loop
      vertex 3.74171 -1.54987 -50
      vertex 3.912 -1.04822 -44.01
      vertex 3.912 -1.04822 -50
    endloop
  endfacet
  facet normal -0.946929 0.321444 0
    outer loop
      vertex 3.912 -1.04822 -44.01
      vertex 3.74171 -1.54987 -50
      vertex 3.74171 -1.54987 -44.01
    endloop
  endfacet
  facet normal 0.75184 0.659346 0
    outer loop
      vertex -2.86378 -2.86378 -44.01
      vertex -3.21308 -2.46548 -50
      vertex -3.21308 -2.46548 -44.01
    endloop
  endfacet
  facet normal 0.75184 0.659346 0
    outer loop
      vertex -3.21308 -2.46548 -50
      vertex -2.86378 -2.86378 -44.01
      vertex -2.86378 -2.86378 -50
    endloop
  endfacet
  facet normal -0.980786 0.195085 0
    outer loop
      vertex 3.912 -1.04822 -50
      vertex 4.01535 -0.52863 -44.01
      vertex 4.01535 -0.52863 -50
    endloop
  endfacet
  facet normal -0.980786 0.195085 0
    outer loop
      vertex 4.01535 -0.52863 -44.01
      vertex 3.912 -1.04822 -50
      vertex 3.912 -1.04822 -44.01
    endloop
  endfacet
  facet normal -0.0654064 0.997859 0
    outer loop
      vertex 0.52863 -4.01535 -50
      vertex 0 -4.05 -44.01
      vertex 0.52863 -4.01535 -44.01
    endloop
  endfacet
  facet normal -0.0654064 0.997859 0
    outer loop
      vertex 0 -4.05 -44.01
      vertex 0.52863 -4.01535 -50
      vertex 0 -4.05 -50
    endloop
  endfacet
  facet normal 0.946929 0.321444 0
    outer loop
      vertex -3.74171 -1.54987 -44.01
      vertex -3.912 -1.04822 -50
      vertex -3.912 -1.04822 -44.01
    endloop
  endfacet
  facet normal 0.946929 0.321444 0
    outer loop
      vertex -3.912 -1.04822 -50
      vertex -3.74171 -1.54987 -44.01
      vertex -3.74171 -1.54987 -50
    endloop
  endfacet
  facet normal -0.831469 0.555571 0
    outer loop
      vertex 3.21308 -2.46548 -50
      vertex 3.5074 -2.025 -44.01
      vertex 3.5074 -2.025 -50
    endloop
  endfacet
  facet normal -0.831469 0.555571 0
    outer loop
      vertex 3.5074 -2.025 -44.01
      vertex 3.21308 -2.46548 -50
      vertex 3.21308 -2.46548 -44.01
    endloop
  endfacet
  facet normal -0.442291 -0.896871 0
    outer loop
      vertex 1.54987 3.74171 -50
      vertex 2.025 3.5074 -44.01
      vertex 1.54987 3.74171 -44.01
    endloop
  endfacet
  facet normal -0.442291 -0.896871 -0
    outer loop
      vertex 2.025 3.5074 -44.01
      vertex 1.54987 3.74171 -50
      vertex 2.025 3.5074 -50
    endloop
  endfacet
  facet normal 0.442291 -0.896871 0
    outer loop
      vertex -2.025 3.5074 -50
      vertex -1.54987 3.74171 -44.01
      vertex -2.025 3.5074 -44.01
    endloop
  endfacet
  facet normal 0.442291 -0.896871 0
    outer loop
      vertex -1.54987 3.74171 -44.01
      vertex -2.025 3.5074 -50
      vertex -1.54987 3.74171 -50
    endloop
  endfacet
  facet normal -0.442291 0.896871 0
    outer loop
      vertex 2.025 -3.5074 -50
      vertex 1.54987 -3.74171 -44.01
      vertex 2.025 -3.5074 -44.01
    endloop
  endfacet
  facet normal -0.442291 0.896871 0
    outer loop
      vertex 1.54987 -3.74171 -44.01
      vertex 2.025 -3.5074 -50
      vertex 1.54987 -3.74171 -50
    endloop
  endfacet
  facet normal -0.321444 0.946929 0
    outer loop
      vertex 1.54987 -3.74171 -50
      vertex 1.04822 -3.912 -44.01
      vertex 1.54987 -3.74171 -44.01
    endloop
  endfacet
  facet normal -0.321444 0.946929 0
    outer loop
      vertex 1.04822 -3.912 -44.01
      vertex 1.54987 -3.74171 -50
      vertex 1.04822 -3.912 -50
    endloop
  endfacet
  facet normal 0.195085 0.980786 -0
    outer loop
      vertex -0.52863 -4.01535 -50
      vertex -1.04822 -3.912 -44.01
      vertex -0.52863 -4.01535 -44.01
    endloop
  endfacet
  facet normal 0.195085 0.980786 0
    outer loop
      vertex -1.04822 -3.912 -44.01
      vertex -0.52863 -4.01535 -50
      vertex -1.04822 -3.912 -50
    endloop
  endfacet
  facet normal 0.946929 -0.321444 0
    outer loop
      vertex -3.912 1.04822 -44.01
      vertex -3.74171 1.54987 -50
      vertex -3.74171 1.54987 -44.01
    endloop
  endfacet
  facet normal 0.946929 -0.321444 0
    outer loop
      vertex -3.74171 1.54987 -50
      vertex -3.912 1.04822 -44.01
      vertex -3.912 1.04822 -50
    endloop
  endfacet
  facet normal 0.195085 -0.980786 0
    outer loop
      vertex -1.04822 3.912 -50
      vertex -0.52863 4.01535 -44.01
      vertex -1.04822 3.912 -44.01
    endloop
  endfacet
  facet normal 0.195085 -0.980786 0
    outer loop
      vertex -0.52863 4.01535 -44.01
      vertex -1.04822 3.912 -50
      vertex -0.52863 4.01535 -50
    endloop
  endfacet
  facet normal 0.555571 -0.831469 0
    outer loop
      vertex -2.46548 3.21308 -50
      vertex -2.025 3.5074 -44.01
      vertex -2.46548 3.21308 -44.01
    endloop
  endfacet
  facet normal 0.555571 -0.831469 0
    outer loop
      vertex -2.025 3.5074 -44.01
      vertex -2.46548 3.21308 -50
      vertex -2.025 3.5074 -50
    endloop
  endfacet
  facet normal -0.555571 0.831469 0
    outer loop
      vertex 2.46548 -3.21308 -50
      vertex 2.025 -3.5074 -44.01
      vertex 2.46548 -3.21308 -44.01
    endloop
  endfacet
  facet normal -0.555571 0.831469 0
    outer loop
      vertex 2.025 -3.5074 -44.01
      vertex 2.46548 -3.21308 -50
      vertex 2.025 -3.5074 -50
    endloop
  endfacet
  facet normal -0.195085 0.980786 0
    outer loop
      vertex 1.04822 -3.912 -50
      vertex 0.52863 -4.01535 -44.01
      vertex 1.04822 -3.912 -44.01
    endloop
  endfacet
  facet normal -0.195085 0.980786 0
    outer loop
      vertex 0.52863 -4.01535 -44.01
      vertex 1.04822 -3.912 -50
      vertex 0.52863 -4.01535 -50
    endloop
  endfacet
  facet normal 0.896871 -0.442291 0
    outer loop
      vertex -3.74171 1.54987 -44.01
      vertex -3.5074 2.025 -50
      vertex -3.5074 2.025 -44.01
    endloop
  endfacet
  facet normal 0.896871 -0.442291 0
    outer loop
      vertex -3.5074 2.025 -50
      vertex -3.74171 1.54987 -44.01
      vertex -3.74171 1.54987 -50
    endloop
  endfacet
  facet normal -0.659346 -0.75184 0
    outer loop
      vertex 2.46548 3.21308 -50
      vertex 2.86378 2.86378 -44.01
      vertex 2.46548 3.21308 -44.01
    endloop
  endfacet
  facet normal -0.659346 -0.75184 -0
    outer loop
      vertex 2.86378 2.86378 -44.01
      vertex 2.46548 3.21308 -50
      vertex 2.86378 2.86378 -50
    endloop
  endfacet
  facet normal 0.831469 -0.555571 0
    outer loop
      vertex -3.5074 2.025 -44.01
      vertex -3.21308 2.46548 -50
      vertex -3.21308 2.46548 -44.01
    endloop
  endfacet
  facet normal 0.831469 -0.555571 0
    outer loop
      vertex -3.21308 2.46548 -50
      vertex -3.5074 2.025 -44.01
      vertex -3.5074 2.025 -50
    endloop
  endfacet
  facet normal 0.0654064 0.997859 -0
    outer loop
      vertex 0 -4.05 -50
      vertex -0.52863 -4.01535 -44.01
      vertex 0 -4.05 -44.01
    endloop
  endfacet
  facet normal 0.0654064 0.997859 0
    outer loop
      vertex -0.52863 -4.01535 -44.01
      vertex 0 -4.05 -50
      vertex -0.52863 -4.01535 -50
    endloop
  endfacet
  facet normal 0.0654064 -0.997859 0
    outer loop
      vertex -0.52863 4.01535 -50
      vertex 0 4.05 -44.01
      vertex -0.52863 4.01535 -44.01
    endloop
  endfacet
  facet normal 0.0654064 -0.997859 0
    outer loop
      vertex 0 4.05 -44.01
      vertex -0.52863 4.01535 -50
      vertex 0 4.05 -50
    endloop
  endfacet
  facet normal 0.659346 -0.75184 0
    outer loop
      vertex -2.86378 2.86378 -50
      vertex -2.46548 3.21308 -44.01
      vertex -2.86378 2.86378 -44.01
    endloop
  endfacet
  facet normal 0.659346 -0.75184 0
    outer loop
      vertex -2.46548 3.21308 -44.01
      vertex -2.86378 2.86378 -50
      vertex -2.46548 3.21308 -50
    endloop
  endfacet
  facet normal 0.659346 0.75184 -0
    outer loop
      vertex -2.46548 -3.21308 -50
      vertex -2.86378 -2.86378 -44.01
      vertex -2.46548 -3.21308 -44.01
    endloop
  endfacet
  facet normal 0.659346 0.75184 0
    outer loop
      vertex -2.86378 -2.86378 -44.01
      vertex -2.46548 -3.21308 -50
      vertex -2.86378 -2.86378 -50
    endloop
  endfacet
  facet normal 0.75184 -0.659346 0
    outer loop
      vertex -3.21308 2.46548 -44.01
      vertex -2.86378 2.86378 -50
      vertex -2.86378 2.86378 -44.01
    endloop
  endfacet
  facet normal 0.75184 -0.659346 0
    outer loop
      vertex -2.86378 2.86378 -50
      vertex -3.21308 2.46548 -44.01
      vertex -3.21308 2.46548 -50
    endloop
  endfacet
  facet normal -0.75184 0.659346 0
    outer loop
      vertex 2.86378 -2.86378 -50
      vertex 3.21308 -2.46548 -44.01
      vertex 3.21308 -2.46548 -50
    endloop
  endfacet
  facet normal -0.75184 0.659346 0
    outer loop
      vertex 3.21308 -2.46548 -44.01
      vertex 2.86378 -2.86378 -50
      vertex 2.86378 -2.86378 -44.01
    endloop
  endfacet
  facet normal -0.896871 0.442291 0
    outer loop
      vertex 3.5074 -2.025 -50
      vertex 3.74171 -1.54987 -44.01
      vertex 3.74171 -1.54987 -50
    endloop
  endfacet
  facet normal -0.896871 0.442291 0
    outer loop
      vertex 3.74171 -1.54987 -44.01
      vertex 3.5074 -2.025 -50
      vertex 3.5074 -2.025 -44.01
    endloop
  endfacet
  facet normal 0.980786 -0.195085 0
    outer loop
      vertex -4.01535 0.52863 -44.01
      vertex -3.912 1.04822 -50
      vertex -3.912 1.04822 -44.01
    endloop
  endfacet
  facet normal 0.980786 -0.195085 0
    outer loop
      vertex -3.912 1.04822 -50
      vertex -4.01535 0.52863 -44.01
      vertex -4.01535 0.52863 -50
    endloop
  endfacet
  facet normal -0.0654064 -0.997859 0
    outer loop
      vertex 0 4.05 -50
      vertex 0.52863 4.01535 -44.01
      vertex 0 4.05 -44.01
    endloop
  endfacet
  facet normal -0.0654064 -0.997859 -0
    outer loop
      vertex 0.52863 4.01535 -44.01
      vertex 0 4.05 -50
      vertex 0.52863 4.01535 -50
    endloop
  endfacet
  facet normal -0.555571 -0.831469 0
    outer loop
      vertex 2.025 3.5074 -50
      vertex 2.46548 3.21308 -44.01
      vertex 2.025 3.5074 -44.01
    endloop
  endfacet
  facet normal -0.555571 -0.831469 -0
    outer loop
      vertex 2.46548 3.21308 -44.01
      vertex 2.025 3.5074 -50
      vertex 2.46548 3.21308 -50
    endloop
  endfacet
  facet normal 0.321444 -0.946929 0
    outer loop
      vertex -1.54987 3.74171 -50
      vertex -1.04822 3.912 -44.01
      vertex -1.54987 3.74171 -44.01
    endloop
  endfacet
  facet normal 0.321444 -0.946929 0
    outer loop
      vertex -1.04822 3.912 -44.01
      vertex -1.54987 3.74171 -50
      vertex -1.04822 3.912 -50
    endloop
  endfacet
  facet normal 0.997859 -0.0654064 0
    outer loop
      vertex -4.05 0 -44.01
      vertex -4.01535 0.52863 -50
      vertex -4.01535 0.52863 -44.01
    endloop
  endfacet
  facet normal 0.997859 -0.0654064 0
    outer loop
      vertex -4.01535 0.52863 -50
      vertex -4.05 0 -44.01
      vertex -4.05 0 -50
    endloop
  endfacet
  facet normal 0.896871 0.442291 0
    outer loop
      vertex -3.5074 -2.025 -44.01
      vertex -3.74171 -1.54987 -50
      vertex -3.74171 -1.54987 -44.01
    endloop
  endfacet
  facet normal 0.896871 0.442291 0
    outer loop
      vertex -3.74171 -1.54987 -50
      vertex -3.5074 -2.025 -44.01
      vertex -3.5074 -2.025 -50
    endloop
  endfacet
  facet normal 0.442291 0.896871 -0
    outer loop
      vertex -1.54987 -3.74171 -50
      vertex -2.025 -3.5074 -44.01
      vertex -1.54987 -3.74171 -44.01
    endloop
  endfacet
  facet normal 0.442291 0.896871 0
    outer loop
      vertex -2.025 -3.5074 -44.01
      vertex -1.54987 -3.74171 -50
      vertex -2.025 -3.5074 -50
    endloop
  endfacet
  facet normal -0.659346 0.75184 0
    outer loop
      vertex 2.86378 -2.86378 -50
      vertex 2.46548 -3.21308 -44.01
      vertex 2.86378 -2.86378 -44.01
    endloop
  endfacet
  facet normal -0.659346 0.75184 0
    outer loop
      vertex 2.46548 -3.21308 -44.01
      vertex 2.86378 -2.86378 -50
      vertex 2.46548 -3.21308 -50
    endloop
  endfacet
  facet normal 0.831469 0.555571 0
    outer loop
      vertex -3.21308 -2.46548 -44.01
      vertex -3.5074 -2.025 -50
      vertex -3.5074 -2.025 -44.01
    endloop
  endfacet
  facet normal 0.831469 0.555571 0
    outer loop
      vertex -3.5074 -2.025 -50
      vertex -3.21308 -2.46548 -44.01
      vertex -3.21308 -2.46548 -50
    endloop
  endfacet
  facet normal 0 -0.321551 0.946892
    outer loop
      vertex 12 0.41411 -48.5455
      vertex 21.9599 0.612293 -48.4782
      vertex 12 0.612293 -48.4782
    endloop
  endfacet
  facet normal 0 -0.321551 0.946892
    outer loop
      vertex 21.9599 0.612293 -48.4782
      vertex 12 0.41411 -48.5455
      vertex 21.9729 0.41411 -48.5455
    endloop
  endfacet
  facet normal 1 0 0
    outer loop
      vertex 12 1.58631 -46.7912
      vertex 12 1.58631 -47.2088
      vertex 12 1.6 -47
    endloop
  endfacet
  facet normal 1 0 0
    outer loop
      vertex 12 1.54548 -46.5859
      vertex 12 1.58631 -47.2088
      vertex 12 1.58631 -46.7912
    endloop
  endfacet
  facet normal 1 0 0
    outer loop
      vertex 12 1.54548 -46.5859
      vertex 12 1.54548 -47.4141
      vertex 12 1.58631 -47.2088
    endloop
  endfacet
  facet normal 1 0 0
    outer loop
      vertex 12 1.47821 -46.3877
      vertex 12 1.54548 -47.4141
      vertex 12 1.54548 -46.5859
    endloop
  endfacet
  facet normal 1 0 0
    outer loop
      vertex 12 1.47821 -46.3877
      vertex 12 1.47821 -47.6123
      vertex 12 1.54548 -47.4141
    endloop
  endfacet
  facet normal 1 0 0
    outer loop
      vertex 12 1.38564 -46.2
      vertex 12 1.47821 -47.6123
      vertex 12 1.47821 -46.3877
    endloop
  endfacet
  facet normal 1 0 0
    outer loop
      vertex 12 1.38564 -46.2
      vertex 12 1.38564 -47.8
      vertex 12 1.47821 -47.6123
    endloop
  endfacet
  facet normal 1 0 0
    outer loop
      vertex 12 1.26937 -46.026
      vertex 12 1.38564 -47.8
      vertex 12 1.38564 -46.2
    endloop
  endfacet
  facet normal 1 0 0
    outer loop
      vertex 12 1.26937 -46.026
      vertex 12 1.26937 -47.974
      vertex 12 1.38564 -47.8
    endloop
  endfacet
  facet normal 1 0 0
    outer loop
      vertex 12 1.13137 -45.8686
      vertex 12 1.26937 -47.974
      vertex 12 1.26937 -46.026
    endloop
  endfacet
  facet normal 1 0 0
    outer loop
      vertex 12 1.13137 -45.8686
      vertex 12 1.13137 -48.1314
      vertex 12 1.26937 -47.974
    endloop
  endfacet
  facet normal 1 0 0
    outer loop
      vertex 12 0.974018 -45.7306
      vertex 12 1.13137 -48.1314
      vertex 12 1.13137 -45.8686
    endloop
  endfacet
  facet normal 1 0 0
    outer loop
      vertex 12 0.974018 -45.7306
      vertex 12 0.974018 -48.2694
      vertex 12 1.13137 -48.1314
    endloop
  endfacet
  facet normal 1 0 0
    outer loop
      vertex 12 0.799999 -45.6144
      vertex 12 0.974018 -48.2694
      vertex 12 0.974018 -45.7306
    endloop
  endfacet
  facet normal 1 0 0
    outer loop
      vertex 12 0.799999 -45.6144
      vertex 12 0.799999 -48.3856
      vertex 12 0.974018 -48.2694
    endloop
  endfacet
  facet normal 1 0 0
    outer loop
      vertex 12 0.612293 -45.5218
      vertex 12 0.799999 -48.3856
      vertex 12 0.799999 -45.6144
    endloop
  endfacet
  facet normal 1 0 0
    outer loop
      vertex 12 0.612293 -45.5218
      vertex 12 0.612293 -48.4782
      vertex 12 0.799999 -48.3856
    endloop
  endfacet
  facet normal 1 0 0
    outer loop
      vertex 12 0.41411 -45.4545
      vertex 12 0.612293 -48.4782
      vertex 12 0.612293 -45.5218
    endloop
  endfacet
  facet normal 1 0 0
    outer loop
      vertex 12 0.41411 -45.4545
      vertex 12 0.41411 -48.5455
      vertex 12 0.612293 -48.4782
    endloop
  endfacet
  facet normal 1 0 0
    outer loop
      vertex 12 0.208841 -45.4137
      vertex 12 0.41411 -48.5455
      vertex 12 0.41411 -45.4545
    endloop
  endfacet
  facet normal 1 0 0
    outer loop
      vertex 12 0.208841 -45.4137
      vertex 12 0.208841 -48.5863
      vertex 12 0.41411 -48.5455
    endloop
  endfacet
  facet normal 1 0 0
    outer loop
      vertex 12 0 -45.4
      vertex 12 0.208841 -48.5863
      vertex 12 0.208841 -45.4137
    endloop
  endfacet
  facet normal 1 0 0
    outer loop
      vertex 12 0 -45.4
      vertex 12 0 -48.6
      vertex 12 0.208841 -48.5863
    endloop
  endfacet
  facet normal 1 -0 0
    outer loop
      vertex 12 -0.208841 -45.4137
      vertex 12 0 -48.6
      vertex 12 0 -45.4
    endloop
  endfacet
  facet normal 1 0 0
    outer loop
      vertex 12 -0.208841 -45.4137
      vertex 12 -0.208841 -48.5863
      vertex 12 0 -48.6
    endloop
  endfacet
  facet normal 1 -0 0
    outer loop
      vertex 12 -0.41411 -45.4545
      vertex 12 -0.208841 -48.5863
      vertex 12 -0.208841 -45.4137
    endloop
  endfacet
  facet normal 1 0 0
    outer loop
      vertex 12 -0.41411 -45.4545
      vertex 12 -0.41411 -48.5455
      vertex 12 -0.208841 -48.5863
    endloop
  endfacet
  facet normal 1 -0 0
    outer loop
      vertex 12 -0.612293 -45.5218
      vertex 12 -0.41411 -48.5455
      vertex 12 -0.41411 -45.4545
    endloop
  endfacet
  facet normal 1 0 0
    outer loop
      vertex 12 -0.612293 -45.5218
      vertex 12 -0.612293 -48.4782
      vertex 12 -0.41411 -48.5455
    endloop
  endfacet
  facet normal 1 -0 0
    outer loop
      vertex 12 -0.799999 -45.6144
      vertex 12 -0.612293 -48.4782
      vertex 12 -0.612293 -45.5218
    endloop
  endfacet
  facet normal 1 0 0
    outer loop
      vertex 12 -0.799999 -45.6144
      vertex 12 -0.799999 -48.3856
      vertex 12 -0.612293 -48.4782
    endloop
  endfacet
  facet normal 1 -0 0
    outer loop
      vertex 12 -0.974018 -45.7306
      vertex 12 -0.799999 -48.3856
      vertex 12 -0.799999 -45.6144
    endloop
  endfacet
  facet normal 1 0 0
    outer loop
      vertex 12 -0.974018 -45.7306
      vertex 12 -0.974018 -48.2694
      vertex 12 -0.799999 -48.3856
    endloop
  endfacet
  facet normal 1 -0 0
    outer loop
      vertex 12 -1.13137 -45.8686
      vertex 12 -0.974018 -48.2694
      vertex 12 -0.974018 -45.7306
    endloop
  endfacet
  facet normal 1 0 0
    outer loop
      vertex 12 -1.13137 -45.8686
      vertex 12 -1.13137 -48.1314
      vertex 12 -0.974018 -48.2694
    endloop
  endfacet
  facet normal 1 -0 0
    outer loop
      vertex 12 -1.26937 -46.026
      vertex 12 -1.13137 -48.1314
      vertex 12 -1.13137 -45.8686
    endloop
  endfacet
  facet normal 1 0 0
    outer loop
      vertex 12 -1.26937 -46.026
      vertex 12 -1.26937 -47.974
      vertex 12 -1.13137 -48.1314
    endloop
  endfacet
  facet normal 1 -0 0
    outer loop
      vertex 12 -1.38564 -46.2
      vertex 12 -1.26937 -47.974
      vertex 12 -1.26937 -46.026
    endloop
  endfacet
  facet normal 1 0 0
    outer loop
      vertex 12 -1.38564 -46.2
      vertex 12 -1.38564 -47.8
      vertex 12 -1.26937 -47.974
    endloop
  endfacet
  facet normal 1 -0 0
    outer loop
      vertex 12 -1.47821 -46.3877
      vertex 12 -1.38564 -47.8
      vertex 12 -1.38564 -46.2
    endloop
  endfacet
  facet normal 1 0 0
    outer loop
      vertex 12 -1.47821 -46.3877
      vertex 12 -1.47821 -47.6123
      vertex 12 -1.38564 -47.8
    endloop
  endfacet
  facet normal 1 -0 0
    outer loop
      vertex 12 -1.54548 -46.5859
      vertex 12 -1.47821 -47.6123
      vertex 12 -1.47821 -46.3877
    endloop
  endfacet
  facet normal 1 0 0
    outer loop
      vertex 12 -1.54548 -46.5859
      vertex 12 -1.54548 -47.4141
      vertex 12 -1.47821 -47.6123
    endloop
  endfacet
  facet normal 1 -0 0
    outer loop
      vertex 12 -1.58631 -46.7912
      vertex 12 -1.54548 -47.4141
      vertex 12 -1.54548 -46.5859
    endloop
  endfacet
  facet normal 1 0 0
    outer loop
      vertex 12 -1.58631 -46.7912
      vertex 12 -1.58631 -47.2088
      vertex 12 -1.54548 -47.4141
    endloop
  endfacet
  facet normal 1 0 -0
    outer loop
      vertex 12 -1.58631 -47.2088
      vertex 12 -1.58631 -46.7912
      vertex 12 -1.6 -47
    endloop
  endfacet
  facet normal 0 -0.55532 0.831637
    outer loop
      vertex 12 0.799999 -48.3856
      vertex 21.9362 0.974018 -48.2694
      vertex 12 0.974018 -48.2694
    endloop
  endfacet
  facet normal 0 -0.55532 0.831637
    outer loop
      vertex 21.9362 0.974018 -48.2694
      vertex 12 0.799999 -48.3856
      vertex 21.9476 0.799999 -48.3856
    endloop
  endfacet
  facet normal 0 0.19495 -0.980813
    outer loop
      vertex 12 -0.208841 -45.4137
      vertex 21.9729 -0.41411 -45.4545
      vertex 12 -0.41411 -45.4545
    endloop
  endfacet
  facet normal 0 0.19495 -0.980813
    outer loop
      vertex 21.9729 -0.41411 -45.4545
      vertex 12 -0.208841 -45.4137
      vertex 21.9863 -0.208841 -45.4137
    endloop
  endfacet
  facet normal -0 0.0654594 0.997855
    outer loop
      vertex 12 0 -48.6
      vertex 21.9863 -0.208841 -48.5863
      vertex 22 0 -48.6
    endloop
  endfacet
  facet normal 0 0.0654594 0.997855
    outer loop
      vertex 21.9863 -0.208841 -48.5863
      vertex 12 0 -48.6
      vertex 12 -0.208841 -48.5863
    endloop
  endfacet
  facet normal 0 0.751925 -0.659248
    outer loop
      vertex 21.9168 -1.26937 -46.026
      vertex 12 -1.13137 -45.8686
      vertex 21.9258 -1.13137 -45.8686
    endloop
  endfacet
  facet normal 0 0.751925 -0.659248
    outer loop
      vertex 12 -1.13137 -45.8686
      vertex 21.9168 -1.26937 -46.026
      vertex 12 -1.26937 -46.026
    endloop
  endfacet
  facet normal 0 -0.442418 0.896809
    outer loop
      vertex 12 0.612293 -48.4782
      vertex 21.9476 0.799999 -48.3856
      vertex 12 0.799999 -48.3856
    endloop
  endfacet
  facet normal 0 -0.442418 0.896809
    outer loop
      vertex 21.9476 0.799999 -48.3856
      vertex 12 0.612293 -48.4782
      vertex 21.9599 0.612293 -48.4782
    endloop
  endfacet
  facet normal 0 -0.0654594 0.997855
    outer loop
      vertex 12 0 -48.6
      vertex 21.9863 0.208841 -48.5863
      vertex 12 0.208841 -48.5863
    endloop
  endfacet
  facet normal 0 -0.0654594 0.997855
    outer loop
      vertex 21.9863 0.208841 -48.5863
      vertex 12 0 -48.6
      vertex 22 0 -48.6
    endloop
  endfacet
  facet normal -0 -0.946944 -0.321397
    outer loop
      vertex 21.8987 1.54548 -46.5859
      vertex 12 1.47821 -46.3877
      vertex 12 1.54548 -46.5859
    endloop
  endfacet
  facet normal 0 -0.946944 -0.321397
    outer loop
      vertex 12 1.47821 -46.3877
      vertex 21.8987 1.54548 -46.5859
      vertex 21.9031 1.47821 -46.3877
    endloop
  endfacet
  facet normal -0 0.321551 0.946892
    outer loop
      vertex 12 -0.41411 -48.5455
      vertex 21.9599 -0.612293 -48.4782
      vertex 21.9729 -0.41411 -48.5455
    endloop
  endfacet
  facet normal 0 0.321551 0.946892
    outer loop
      vertex 21.9599 -0.612293 -48.4782
      vertex 12 -0.41411 -48.5455
      vertex 12 -0.612293 -48.4782
    endloop
  endfacet
  facet normal 0 0.659362 -0.751826
    outer loop
      vertex 12 -0.974018 -45.7306
      vertex 21.9258 -1.13137 -45.8686
      vertex 12 -1.13137 -45.8686
    endloop
  endfacet
  facet normal 0 0.659362 -0.751826
    outer loop
      vertex 21.9258 -1.13137 -45.8686
      vertex 12 -0.974018 -45.7306
      vertex 21.9362 -0.974018 -45.7306
    endloop
  endfacet
  facet normal -0 0.19495 0.980813
    outer loop
      vertex 12 -0.208841 -48.5863
      vertex 21.9729 -0.41411 -48.5455
      vertex 21.9863 -0.208841 -48.5863
    endloop
  endfacet
  facet normal 0 0.19495 0.980813
    outer loop
      vertex 21.9729 -0.41411 -48.5455
      vertex 12 -0.208841 -48.5863
      vertex 12 -0.41411 -48.5455
    endloop
  endfacet
  facet normal -0 -0.751925 -0.659248
    outer loop
      vertex 21.9168 1.26937 -46.026
      vertex 12 1.13137 -45.8686
      vertex 12 1.26937 -46.026
    endloop
  endfacet
  facet normal 0 -0.751925 -0.659248
    outer loop
      vertex 12 1.13137 -45.8686
      vertex 21.9168 1.26937 -46.026
      vertex 21.9258 1.13137 -45.8686
    endloop
  endfacet
  facet normal 0 -0.946944 0.321397
    outer loop
      vertex 12 1.47821 -47.6123
      vertex 21.8987 1.54548 -47.4141
      vertex 12 1.54548 -47.4141
    endloop
  endfacet
  facet normal 0 -0.946944 0.321397
    outer loop
      vertex 21.8987 1.54548 -47.4141
      vertex 12 1.47821 -47.6123
      vertex 21.9031 1.47821 -47.6123
    endloop
  endfacet
  facet normal 0 0.321551 -0.946892
    outer loop
      vertex 12 -0.41411 -45.4545
      vertex 21.9599 -0.612293 -45.5218
      vertex 12 -0.612293 -45.5218
    endloop
  endfacet
  facet normal 0 0.321551 -0.946892
    outer loop
      vertex 21.9599 -0.612293 -45.5218
      vertex 12 -0.41411 -45.4545
      vertex 21.9729 -0.41411 -45.4545
    endloop
  endfacet
  facet normal -0 0.55532 0.831637
    outer loop
      vertex 12 -0.799999 -48.3856
      vertex 21.9362 -0.974018 -48.2694
      vertex 21.9476 -0.799999 -48.3856
    endloop
  endfacet
  facet normal 0 0.55532 0.831637
    outer loop
      vertex 21.9362 -0.974018 -48.2694
      vertex 12 -0.799999 -48.3856
      vertex 12 -0.974018 -48.2694
    endloop
  endfacet
  facet normal 0 0.980791 -0.195059
    outer loop
      vertex 21.896 -1.58631 -46.7912
      vertex 12 -1.54548 -46.5859
      vertex 21.8987 -1.54548 -46.5859
    endloop
  endfacet
  facet normal 0 0.980791 -0.195059
    outer loop
      vertex 12 -1.54548 -46.5859
      vertex 21.896 -1.58631 -46.7912
      vertex 12 -1.58631 -46.7912
    endloop
  endfacet
  facet normal 0 -0.980791 0.195059
    outer loop
      vertex 12 1.54548 -47.4141
      vertex 21.896 1.58631 -47.2088
      vertex 12 1.58631 -47.2088
    endloop
  endfacet
  facet normal 0 -0.980791 0.195059
    outer loop
      vertex 21.896 1.58631 -47.2088
      vertex 12 1.54548 -47.4141
      vertex 21.8987 1.54548 -47.4141
    endloop
  endfacet
  facet normal -0 -0.89686 -0.442314
    outer loop
      vertex 21.9031 1.47821 -46.3877
      vertex 12 1.38564 -46.2
      vertex 12 1.47821 -46.3877
    endloop
  endfacet
  facet normal 0 -0.89686 -0.442314
    outer loop
      vertex 12 1.38564 -46.2
      vertex 21.9031 1.47821 -46.3877
      vertex 21.9092 1.38564 -46.2
    endloop
  endfacet
  facet normal 0 -0.89686 0.442314
    outer loop
      vertex 12 1.38564 -47.8
      vertex 21.9031 1.47821 -47.6123
      vertex 12 1.47821 -47.6123
    endloop
  endfacet
  facet normal 0 -0.89686 0.442314
    outer loop
      vertex 21.9031 1.47821 -47.6123
      vertex 12 1.38564 -47.8
      vertex 21.9092 1.38564 -47.8
    endloop
  endfacet
  facet normal -0 0.89686 0.442314
    outer loop
      vertex 12 -1.38564 -47.8
      vertex 21.9031 -1.47821 -47.6123
      vertex 21.9092 -1.38564 -47.8
    endloop
  endfacet
  facet normal 0 0.89686 0.442314
    outer loop
      vertex 21.9031 -1.47821 -47.6123
      vertex 12 -1.38564 -47.8
      vertex 12 -1.47821 -47.6123
    endloop
  endfacet
  facet normal -0 0.946944 0.321397
    outer loop
      vertex 12 -1.47821 -47.6123
      vertex 21.8987 -1.54548 -47.4141
      vertex 21.9031 -1.47821 -47.6123
    endloop
  endfacet
  facet normal 0 0.946944 0.321397
    outer loop
      vertex 21.8987 -1.54548 -47.4141
      vertex 12 -1.47821 -47.6123
      vertex 12 -1.54548 -47.4141
    endloop
  endfacet
  facet normal 0 0.442418 -0.896809
    outer loop
      vertex 12 -0.612293 -45.5218
      vertex 21.9476 -0.799999 -45.6144
      vertex 12 -0.799999 -45.6144
    endloop
  endfacet
  facet normal 0 0.442418 -0.896809
    outer loop
      vertex 21.9476 -0.799999 -45.6144
      vertex 12 -0.612293 -45.5218
      vertex 21.9599 -0.612293 -45.5218
    endloop
  endfacet
  facet normal 0 -0.659362 0.751826
    outer loop
      vertex 12 0.974018 -48.2694
      vertex 21.9258 1.13137 -48.1314
      vertex 12 1.13137 -48.1314
    endloop
  endfacet
  facet normal 0 -0.659362 0.751826
    outer loop
      vertex 21.9258 1.13137 -48.1314
      vertex 12 0.974018 -48.2694
      vertex 21.9362 0.974018 -48.2694
    endloop
  endfacet
  facet normal -0 -0.831454 -0.555593
    outer loop
      vertex 21.9092 1.38564 -46.2
      vertex 12 1.26937 -46.026
      vertex 12 1.38564 -46.2
    endloop
  endfacet
  facet normal 0 -0.831454 -0.555593
    outer loop
      vertex 12 1.26937 -46.026
      vertex 21.9092 1.38564 -46.2
      vertex 21.9168 1.26937 -46.026
    endloop
  endfacet
  facet normal -0 0.831454 0.555593
    outer loop
      vertex 12 -1.26937 -47.974
      vertex 21.9092 -1.38564 -47.8
      vertex 21.9168 -1.26937 -47.974
    endloop
  endfacet
  facet normal 0 0.831454 0.555593
    outer loop
      vertex 21.9092 -1.38564 -47.8
      vertex 12 -1.26937 -47.974
      vertex 12 -1.38564 -47.8
    endloop
  endfacet
  facet normal -0 0.980791 0.195059
    outer loop
      vertex 12 -1.54548 -47.4141
      vertex 21.896 -1.58631 -47.2088
      vertex 21.8987 -1.54548 -47.4141
    endloop
  endfacet
  facet normal 0 0.980791 0.195059
    outer loop
      vertex 21.896 -1.58631 -47.2088
      vertex 12 -1.54548 -47.4141
      vertex 12 -1.58631 -47.2088
    endloop
  endfacet
  facet normal 0 -0.751925 0.659248
    outer loop
      vertex 12 1.13137 -48.1314
      vertex 21.9168 1.26937 -47.974
      vertex 12 1.26937 -47.974
    endloop
  endfacet
  facet normal 0 -0.751925 0.659248
    outer loop
      vertex 21.9168 1.26937 -47.974
      vertex 12 1.13137 -48.1314
      vertex 21.9258 1.13137 -48.1314
    endloop
  endfacet
  facet normal 0 -0.19495 0.980813
    outer loop
      vertex 12 0.208841 -48.5863
      vertex 21.9729 0.41411 -48.5455
      vertex 12 0.41411 -48.5455
    endloop
  endfacet
  facet normal 0 -0.19495 0.980813
    outer loop
      vertex 21.9729 0.41411 -48.5455
      vertex 12 0.208841 -48.5863
      vertex 21.9863 0.208841 -48.5863
    endloop
  endfacet
  facet normal 0 -0.321551 -0.946892
    outer loop
      vertex 12 0.41411 -45.4545
      vertex 21.9599 0.612293 -45.5218
      vertex 21.9729 0.41411 -45.4545
    endloop
  endfacet
  facet normal -0 -0.321551 -0.946892
    outer loop
      vertex 21.9599 0.612293 -45.5218
      vertex 12 0.41411 -45.4545
      vertex 12 0.612293 -45.5218
    endloop
  endfacet
  facet normal 0 -0.997858 -0.0654247
    outer loop
      vertex 12 1.6 -47
      vertex 21.896 1.58631 -46.7912
      vertex 12 1.58631 -46.7912
    endloop
  endfacet
  facet normal 0 -0.997858 -0.0654247
    outer loop
      vertex 21.896 1.58631 -46.7912
      vertex 12 1.6 -47
      vertex 21.8951 1.6 -47
    endloop
  endfacet
  facet normal 0 0.997858 0.0654247
    outer loop
      vertex 21.896 -1.58631 -47.2088
      vertex 12 -1.6 -47
      vertex 21.8951 -1.6 -47
    endloop
  endfacet
  facet normal 0 0.997858 0.0654247
    outer loop
      vertex 12 -1.6 -47
      vertex 21.896 -1.58631 -47.2088
      vertex 12 -1.58631 -47.2088
    endloop
  endfacet
  facet normal -0 -0.980791 -0.195059
    outer loop
      vertex 21.896 1.58631 -46.7912
      vertex 12 1.54548 -46.5859
      vertex 12 1.58631 -46.7912
    endloop
  endfacet
  facet normal 0 -0.980791 -0.195059
    outer loop
      vertex 12 1.54548 -46.5859
      vertex 21.896 1.58631 -46.7912
      vertex 21.8987 1.54548 -46.5859
    endloop
  endfacet
  facet normal 0 -0.442418 -0.896809
    outer loop
      vertex 12 0.612293 -45.5218
      vertex 21.9476 0.799999 -45.6144
      vertex 21.9599 0.612293 -45.5218
    endloop
  endfacet
  facet normal -0 -0.442418 -0.896809
    outer loop
      vertex 21.9476 0.799999 -45.6144
      vertex 12 0.612293 -45.5218
      vertex 12 0.799999 -45.6144
    endloop
  endfacet
  facet normal -0 0.442418 0.896809
    outer loop
      vertex 12 -0.612293 -48.4782
      vertex 21.9476 -0.799999 -48.3856
      vertex 21.9599 -0.612293 -48.4782
    endloop
  endfacet
  facet normal 0 0.442418 0.896809
    outer loop
      vertex 21.9476 -0.799999 -48.3856
      vertex 12 -0.612293 -48.4782
      vertex 12 -0.799999 -48.3856
    endloop
  endfacet
  facet normal 0 0.831454 -0.555593
    outer loop
      vertex 21.9092 -1.38564 -46.2
      vertex 12 -1.26937 -46.026
      vertex 21.9168 -1.26937 -46.026
    endloop
  endfacet
  facet normal 0 0.831454 -0.555593
    outer loop
      vertex 12 -1.26937 -46.026
      vertex 21.9092 -1.38564 -46.2
      vertex 12 -1.38564 -46.2
    endloop
  endfacet
  facet normal -0 0.659362 0.751826
    outer loop
      vertex 12 -0.974018 -48.2694
      vertex 21.9258 -1.13137 -48.1314
      vertex 21.9362 -0.974018 -48.2694
    endloop
  endfacet
  facet normal 0 0.659362 0.751826
    outer loop
      vertex 21.9258 -1.13137 -48.1314
      vertex 12 -0.974018 -48.2694
      vertex 12 -1.13137 -48.1314
    endloop
  endfacet
  facet normal 0 0.997858 -0.0654247
    outer loop
      vertex 21.8951 -1.6 -47
      vertex 12 -1.58631 -46.7912
      vertex 21.896 -1.58631 -46.7912
    endloop
  endfacet
  facet normal 0 0.997858 -0.0654247
    outer loop
      vertex 12 -1.58631 -46.7912
      vertex 21.8951 -1.6 -47
      vertex 12 -1.6 -47
    endloop
  endfacet
  facet normal 0 -0.997858 0.0654247
    outer loop
      vertex 12 1.58631 -47.2088
      vertex 21.8951 1.6 -47
      vertex 12 1.6 -47
    endloop
  endfacet
  facet normal 0 -0.997858 0.0654247
    outer loop
      vertex 21.8951 1.6 -47
      vertex 12 1.58631 -47.2088
      vertex 21.896 1.58631 -47.2088
    endloop
  endfacet
  facet normal 0 -0.831454 0.555593
    outer loop
      vertex 12 1.26937 -47.974
      vertex 21.9092 1.38564 -47.8
      vertex 12 1.38564 -47.8
    endloop
  endfacet
  facet normal 0 -0.831454 0.555593
    outer loop
      vertex 21.9092 1.38564 -47.8
      vertex 12 1.26937 -47.974
      vertex 21.9168 1.26937 -47.974
    endloop
  endfacet
  facet normal 0 0.0654594 -0.997855
    outer loop
      vertex 12 0 -45.4
      vertex 21.9863 -0.208841 -45.4137
      vertex 12 -0.208841 -45.4137
    endloop
  endfacet
  facet normal 0 0.0654594 -0.997855
    outer loop
      vertex 21.9863 -0.208841 -45.4137
      vertex 12 0 -45.4
      vertex 22 0 -45.4
    endloop
  endfacet
  facet normal 0 -0.659362 -0.751826
    outer loop
      vertex 12 0.974018 -45.7306
      vertex 21.9258 1.13137 -45.8686
      vertex 21.9362 0.974018 -45.7306
    endloop
  endfacet
  facet normal -0 -0.659362 -0.751826
    outer loop
      vertex 21.9258 1.13137 -45.8686
      vertex 12 0.974018 -45.7306
      vertex 12 1.13137 -45.8686
    endloop
  endfacet
  facet normal 0 -0.19495 -0.980813
    outer loop
      vertex 12 0.208841 -45.4137
      vertex 21.9729 0.41411 -45.4545
      vertex 21.9863 0.208841 -45.4137
    endloop
  endfacet
  facet normal -0 -0.19495 -0.980813
    outer loop
      vertex 21.9729 0.41411 -45.4545
      vertex 12 0.208841 -45.4137
      vertex 12 0.41411 -45.4545
    endloop
  endfacet
  facet normal 0 -0.0654594 -0.997855
    outer loop
      vertex 12 0 -45.4
      vertex 21.9863 0.208841 -45.4137
      vertex 22 0 -45.4
    endloop
  endfacet
  facet normal -0 -0.0654594 -0.997855
    outer loop
      vertex 21.9863 0.208841 -45.4137
      vertex 12 0 -45.4
      vertex 12 0.208841 -45.4137
    endloop
  endfacet
  facet normal 0 0.946944 -0.321397
    outer loop
      vertex 21.8987 -1.54548 -46.5859
      vertex 12 -1.47821 -46.3877
      vertex 21.9031 -1.47821 -46.3877
    endloop
  endfacet
  facet normal 0 0.946944 -0.321397
    outer loop
      vertex 12 -1.47821 -46.3877
      vertex 21.8987 -1.54548 -46.5859
      vertex 12 -1.54548 -46.5859
    endloop
  endfacet
  facet normal 0 0.89686 -0.442314
    outer loop
      vertex 21.9031 -1.47821 -46.3877
      vertex 12 -1.38564 -46.2
      vertex 21.9092 -1.38564 -46.2
    endloop
  endfacet
  facet normal 0 0.89686 -0.442314
    outer loop
      vertex 12 -1.38564 -46.2
      vertex 21.9031 -1.47821 -46.3877
      vertex 12 -1.47821 -46.3877
    endloop
  endfacet
  facet normal -0 0.751925 0.659248
    outer loop
      vertex 12 -1.13137 -48.1314
      vertex 21.9168 -1.26937 -47.974
      vertex 21.9258 -1.13137 -48.1314
    endloop
  endfacet
  facet normal 0 0.751925 0.659248
    outer loop
      vertex 21.9168 -1.26937 -47.974
      vertex 12 -1.13137 -48.1314
      vertex 12 -1.26937 -47.974
    endloop
  endfacet
  facet normal 0 -0.55532 -0.831637
    outer loop
      vertex 12 0.799999 -45.6144
      vertex 21.9362 0.974018 -45.7306
      vertex 21.9476 0.799999 -45.6144
    endloop
  endfacet
  facet normal -0 -0.55532 -0.831637
    outer loop
      vertex 21.9362 0.974018 -45.7306
      vertex 12 0.799999 -45.6144
      vertex 12 0.974018 -45.7306
    endloop
  endfacet
  facet normal 0 0.55532 -0.831637
    outer loop
      vertex 12 -0.799999 -45.6144
      vertex 21.9362 -0.974018 -45.7306
      vertex 12 -0.974018 -45.7306
    endloop
  endfacet
  facet normal 0 0.55532 -0.831637
    outer loop
      vertex 21.9362 -0.974018 -45.7306
      vertex 12 -0.799999 -45.6144
      vertex 21.9476 -0.799999 -45.6144
    endloop
  endfacet
  facet normal 1 0 0
    outer loop
      vertex -22 0.949265 72
      vertex -22 7 82
      vertex -22 0.949265 80
    endloop
  endfacet
  facet normal 1 -0 0
    outer loop
      vertex -22 -7 82
      vertex -22 0.949265 80
      vertex -22 7 82
    endloop
  endfacet
  facet normal 1 0 0
    outer loop
      vertex -22 0.949265 80
      vertex -22 -7 82
      vertex -22 -7 80
    endloop
  endfacet
  facet normal 1 0 0
    outer loop
      vertex -22 7 82
      vertex -22 0.949265 72
      vertex -22 7 -44
    endloop
  endfacet
  facet normal 1 0 0
    outer loop
      vertex -22 0.949265 72
      vertex -22 0 -44
      vertex -22 7 -44
    endloop
  endfacet
  facet normal 1 -0 0
    outer loop
      vertex -22 -7 72
      vertex -22 0 -44
      vertex -22 0.949265 72
    endloop
  endfacet
  facet normal 1 0 0
    outer loop
      vertex -22 0 -44
      vertex -22 -7 72
      vertex -22 -7 -44
    endloop
  endfacet
  facet normal -0 0 1
    outer loop
      vertex -36 7 82
      vertex -22 -7 82
      vertex -22 7 82
    endloop
  endfacet
  facet normal 0 0 1
    outer loop
      vertex -22 -7 82
      vertex -36 7 82
      vertex -36 -7 82
    endloop
  endfacet
  facet normal -1 0 0
    outer loop
      vertex -36 3 60
      vertex -36 7 -50
      vertex -36 3 -30
    endloop
  endfacet
  facet normal -1 0 0
    outer loop
      vertex -36 7 -50
      vertex -36 -3 -30
      vertex -36 3 -30
    endloop
  endfacet
  facet normal -1 -0 0
    outer loop
      vertex -36 -3 -30
      vertex -36 -7 -50
      vertex -36 -3 60
    endloop
  endfacet
  facet normal -1 0 0
    outer loop
      vertex -36 -7 -50
      vertex -36 -3 -30
      vertex -36 7 -50
    endloop
  endfacet
  facet normal -1 0 0
    outer loop
      vertex -36 7 -50
      vertex -36 3 60
      vertex -36 7 82
    endloop
  endfacet
  facet normal -1 0 0
    outer loop
      vertex -36 -3 60
      vertex -36 7 82
      vertex -36 3 60
    endloop
  endfacet
  facet normal -1 0 0
    outer loop
      vertex -36 -3 60
      vertex -36 -7 82
      vertex -36 7 82
    endloop
  endfacet
  facet normal -1 0 0
    outer loop
      vertex -36 -7 82
      vertex -36 -3 60
      vertex -36 -7 -50
    endloop
  endfacet
  facet normal 0 1 0
    outer loop
      vertex -20.807 7 -44
      vertex -20.807 7 -50
      vertex -22 7 -44
    endloop
  endfacet
  facet normal 0 1 -0
    outer loop
      vertex -22 7 -44
      vertex -36 7 82
      vertex -22 7 82
    endloop
  endfacet
  facet normal 0 1 0
    outer loop
      vertex -22 7 -44
      vertex -36 7 -50
      vertex -36 7 82
    endloop
  endfacet
  facet normal 0 1 0
    outer loop
      vertex -36 7 -50
      vertex -22 7 -44
      vertex -20.807 7 -50
    endloop
  endfacet
  facet normal 0 -1 0
    outer loop
      vertex -36 -7 82
      vertex -30.9865 -7 80
      vertex -22 -7 82
    endloop
  endfacet
  facet normal 0 -1 0
    outer loop
      vertex -36 -7 82
      vertex -30.9865 -7 72
      vertex -30.9865 -7 80
    endloop
  endfacet
  facet normal 0 -1 0
    outer loop
      vertex -30.9865 -7 72
      vertex -22 -7 -44
      vertex -22 -7 72
    endloop
  endfacet
  facet normal 0 -1 0
    outer loop
      vertex -36 -7 -50
      vertex -30.9865 -7 72
      vertex -36 -7 82
    endloop
  endfacet
  facet normal 0 -1 -0
    outer loop
      vertex -30.9865 -7 72
      vertex -36 -7 -50
      vertex -22 -7 -44
    endloop
  endfacet
  facet normal 0 -1 0
    outer loop
      vertex -20.807 -7 -50
      vertex -22 -7 -44
      vertex -36 -7 -50
    endloop
  endfacet
  facet normal 0 -1 0
    outer loop
      vertex -22 -7 -44
      vertex -20.807 -7 -50
      vertex -20.807 -7 -44
    endloop
  endfacet
  facet normal 0 -1 -0
    outer loop
      vertex -22 -7 82
      vertex -30.9865 -7 80
      vertex -22 -7 80
    endloop
  endfacet
  facet normal 0.946935 -0.321425 0
    outer loop
      vertex 5.54328 -37.2961 80
      vertex 5.79555 -36.5529 62
      vertex 5.79555 -36.5529 80
    endloop
  endfacet
  facet normal 0.946935 -0.321425 0
    outer loop
      vertex 5.79555 -36.5529 62
      vertex 5.54328 -37.2961 80
      vertex 5.54328 -37.2961 62
    endloop
  endfacet
  facet normal 0.946935 0.321425 0
    outer loop
      vertex 5.79555 -33.4471 80
      vertex 5.54328 -32.7039 62
      vertex 5.54328 -32.7039 80
    endloop
  endfacet
  facet normal 0.946935 0.321425 0
    outer loop
      vertex 5.54328 -32.7039 62
      vertex 5.79555 -33.4471 80
      vertex 5.79555 -33.4471 62
    endloop
  endfacet
  facet normal 0.770021 0.638018 0
    outer loop
      vertex 4.76012 -31.3474 80
      vertex -22 0.949265 72
      vertex -22 0.949265 80
    endloop
  endfacet
  facet normal 0.770021 0.638018 0
    outer loop
      vertex -22 0.949265 72
      vertex 4.76012 -31.3474 80
      vertex 4.76012 -31.3474 72
    endloop
  endfacet
  facet normal 0.321463 -0.946922 0
    outer loop
      vertex 1.55291 -40.7956 62
      vertex 2.2961 -40.5433 80
      vertex 1.55291 -40.7956 80
    endloop
  endfacet
  facet normal 0.321463 -0.946922 0
    outer loop
      vertex 2.2961 -40.5433 80
      vertex 1.55291 -40.7956 62
      vertex 2.2961 -40.5433 62
    endloop
  endfacet
  facet normal -0.555629 -0.83143 0
    outer loop
      vertex -3.65257 -39.7601 62
      vertex -3 -40.1962 80
      vertex -3.65257 -39.7601 80
    endloop
  endfacet
  facet normal -0.555629 -0.83143 -0
    outer loop
      vertex -3 -40.1962 80
      vertex -3.65257 -39.7601 62
      vertex -3 -40.1962 62
    endloop
  endfacet
  facet normal 0.195074 -0.980789 0
    outer loop
      vertex 0.783156 -40.9487 62
      vertex 1.55291 -40.7956 80
      vertex 0.783156 -40.9487 80
    endloop
  endfacet
  facet normal 0.195074 -0.980789 0
    outer loop
      vertex 1.55291 -40.7956 80
      vertex 0.783156 -40.9487 62
      vertex 1.55291 -40.7956 62
    endloop
  endfacet
  facet normal 0.831483 0.55555 0
    outer loop
      vertex 5.19615 -32 80
      vertex 4.76012 -31.3474 72
      vertex 4.76012 -31.3474 80
    endloop
  endfacet
  facet normal 0.831483 0.55555 0
    outer loop
      vertex 4.76012 -31.3474 72
      vertex 5.19615 -32 80
      vertex 5.19615 -32 71.7665
    endloop
  endfacet
  facet normal 0.831483 0.55555 -0
    outer loop
      vertex 5.19615 -32 68.2335
      vertex 4.76012 -31.3474 72
      vertex 5.19615 -32 71.7665
    endloop
  endfacet
  facet normal 0.831483 0.55555 0
    outer loop
      vertex 4.76012 -31.3474 72
      vertex 5.19615 -32 68.2335
      vertex 4.76012 -31.3474 62
    endloop
  endfacet
  facet normal 0.831483 0.55555 0
    outer loop
      vertex 4.76012 -31.3474 62
      vertex 5.19615 -32 68.2335
      vertex 5.19615 -32 62
    endloop
  endfacet
  facet normal 0.89687 0.442294 0
    outer loop
      vertex 5.54328 -32.7039 80
      vertex 5.19615 -32 71.7665
      vertex 5.19615 -32 80
    endloop
  endfacet
  facet normal 0.896861 0.442312 1.93829e-06
    outer loop
      vertex 5.19615 -32 71.7665
      vertex 5.54328 -32.7039 80
      vertex 5.31259 -32.2361 71.4235
    endloop
  endfacet
  facet normal 0.896861 0.442312 1.953e-06
    outer loop
      vertex 5.31259 -32.2361 71.4235
      vertex 5.54328 -32.7039 80
      vertex 5.45295 -32.5207 70.7179
    endloop
  endfacet
  facet normal 0.896864 0.442307 1.83247e-06
    outer loop
      vertex 5.45295 -32.5207 70.7179
      vertex 5.54328 -32.7039 80
      vertex 5.5 -32.6161 70
    endloop
  endfacet
  facet normal 0.896862 0.442311 -2.47254e-06
    outer loop
      vertex 5.54328 -32.7039 62
      vertex 5.19615 -32 68.2335
      vertex 5.31259 -32.2361 68.5765
    endloop
  endfacet
  facet normal 0.896862 0.442311 -2.45789e-06
    outer loop
      vertex 5.54328 -32.7039 62
      vertex 5.31259 -32.2361 68.5765
      vertex 5.45295 -32.5207 69.2821
    endloop
  endfacet
  facet normal 0.896865 0.442305 -2.25564e-06
    outer loop
      vertex 5.54328 -32.7039 62
      vertex 5.45295 -32.5207 69.2821
      vertex 5.5 -32.6161 70
    endloop
  endfacet
  facet normal 0.89687 0.442294 0
    outer loop
      vertex 5.19615 -32 68.2335
      vertex 5.54328 -32.7039 62
      vertex 5.19615 -32 62
    endloop
  endfacet
  facet normal 0.896946 0.442139 -0
    outer loop
      vertex 5.54328 -32.7039 62
      vertex 5.5 -32.6161 70
      vertex 5.54328 -32.7039 80
    endloop
  endfacet
  facet normal -0.751799 -0.659392 0
    outer loop
      vertex -4.24264 -39.2426 62
      vertex -4.76012 -38.6526 72
      vertex -4.76012 -38.6526 62
    endloop
  endfacet
  facet normal -0.751799 -0.659392 -0
    outer loop
      vertex -4.24264 -39.2426 80
      vertex -4.76012 -38.6526 72
      vertex -4.24264 -39.2426 62
    endloop
  endfacet
  facet normal -0.751799 -0.659392 0
    outer loop
      vertex -4.76012 -38.6526 72
      vertex -4.24264 -39.2426 80
      vertex -4.76012 -38.6526 80
    endloop
  endfacet
  facet normal -0.770022 -0.638017 0
    outer loop
      vertex -4.76012 -38.6526 72
      vertex -30.9865 -7 80
      vertex -30.9865 -7 72
    endloop
  endfacet
  facet normal -0.770022 -0.638017 0
    outer loop
      vertex -30.9865 -7 80
      vertex -4.76012 -38.6526 72
      vertex -4.76012 -38.6526 80
    endloop
  endfacet
  facet normal 0.659362 -0.751826 0
    outer loop
      vertex 3.65257 -39.7601 62
      vertex 4.24264 -39.2426 80
      vertex 3.65257 -39.7601 80
    endloop
  endfacet
  facet normal 0.659362 -0.751826 0
    outer loop
      vertex 4.24264 -39.2426 80
      vertex 3.65257 -39.7601 62
      vertex 4.24264 -39.2426 62
    endloop
  endfacet
  facet normal -0.442263 -0.896885 0
    outer loop
      vertex -3 -40.1962 62
      vertex -2.2961 -40.5433 80
      vertex -3 -40.1962 80
    endloop
  endfacet
  facet normal -0.442263 -0.896885 -0
    outer loop
      vertex -2.2961 -40.5433 80
      vertex -3 -40.1962 62
      vertex -2.2961 -40.5433 62
    endloop
  endfacet
  facet normal 0.751799 -0.659392 0
    outer loop
      vertex 4.24264 -39.2426 80
      vertex 4.76012 -38.6526 62
      vertex 4.76012 -38.6526 80
    endloop
  endfacet
  facet normal 0.751799 -0.659392 0
    outer loop
      vertex 4.76012 -38.6526 62
      vertex 4.24264 -39.2426 80
      vertex 4.24264 -39.2426 62
    endloop
  endfacet
  facet normal -0.321463 -0.946922 0
    outer loop
      vertex -2.2961 -40.5433 62
      vertex -1.55291 -40.7956 80
      vertex -2.2961 -40.5433 80
    endloop
  endfacet
  facet normal -0.321463 -0.946922 -0
    outer loop
      vertex -1.55291 -40.7956 80
      vertex -2.2961 -40.5433 62
      vertex -1.55291 -40.7956 62
    endloop
  endfacet
  facet normal 0.831483 -0.55555 0
    outer loop
      vertex 4.76012 -38.6526 80
      vertex 5.19615 -38 71.7665
      vertex 5.19615 -38 80
    endloop
  endfacet
  facet normal 0.831483 -0.55555 0
    outer loop
      vertex 4.76012 -38.6526 62
      vertex 5.19615 -38 71.7665
      vertex 4.76012 -38.6526 80
    endloop
  endfacet
  facet normal 0.831483 -0.55555 0
    outer loop
      vertex 5.19615 -38 71.7665
      vertex 4.76012 -38.6526 62
      vertex 5.19615 -38 68.2335
    endloop
  endfacet
  facet normal 0.831483 -0.55555 0
    outer loop
      vertex 5.19615 -38 68.2335
      vertex 4.76012 -38.6526 62
      vertex 5.19615 -38 62
    endloop
  endfacet
  facet normal 0.997859 0.0653985 0
    outer loop
      vertex 6 -35 80
      vertex 5.94867 -34.2168 62
      vertex 5.94867 -34.2168 80
    endloop
  endfacet
  facet normal 0.997859 0.0653985 0
    outer loop
      vertex 5.94867 -34.2168 62
      vertex 6 -35 80
      vertex 6 -35 62
    endloop
  endfacet
  facet normal 0 0 1
    outer loop
      vertex 5.94867 -34.2168 80
      vertex 5.94867 -35.7832 80
      vertex 6 -35 80
    endloop
  endfacet
  facet normal 0 0 1
    outer loop
      vertex 5.79555 -33.4471 80
      vertex 5.94867 -35.7832 80
      vertex 5.94867 -34.2168 80
    endloop
  endfacet
  facet normal 0 0 1
    outer loop
      vertex 5.79555 -33.4471 80
      vertex 5.79555 -36.5529 80
      vertex 5.94867 -35.7832 80
    endloop
  endfacet
  facet normal 0 0 1
    outer loop
      vertex 5.54328 -32.7039 80
      vertex 5.79555 -36.5529 80
      vertex 5.79555 -33.4471 80
    endloop
  endfacet
  facet normal 0 0 1
    outer loop
      vertex 5.54328 -32.7039 80
      vertex 5.54328 -37.2961 80
      vertex 5.79555 -36.5529 80
    endloop
  endfacet
  facet normal 0 0 1
    outer loop
      vertex 5.19615 -32 80
      vertex 5.54328 -37.2961 80
      vertex 5.54328 -32.7039 80
    endloop
  endfacet
  facet normal 0 0 1
    outer loop
      vertex 5.19615 -32 80
      vertex 5.19615 -38 80
      vertex 5.54328 -37.2961 80
    endloop
  endfacet
  facet normal 0 0 1
    outer loop
      vertex 4.76012 -31.3474 80
      vertex 5.19615 -38 80
      vertex 5.19615 -32 80
    endloop
  endfacet
  facet normal 0 0 1
    outer loop
      vertex 4.76012 -31.3474 80
      vertex 4.76012 -38.6526 80
      vertex 5.19615 -38 80
    endloop
  endfacet
  facet normal 0 0 1
    outer loop
      vertex 4.76012 -31.3474 80
      vertex 4.24264 -39.2426 80
      vertex 4.76012 -38.6526 80
    endloop
  endfacet
  facet normal 0 0 1
    outer loop
      vertex 4.76012 -31.3474 80
      vertex 3.65257 -39.7601 80
      vertex 4.24264 -39.2426 80
    endloop
  endfacet
  facet normal 0 0 1
    outer loop
      vertex 4.76012 -31.3474 80
      vertex 3 -40.1962 80
      vertex 3.65257 -39.7601 80
    endloop
  endfacet
  facet normal 0 0 1
    outer loop
      vertex 4.76012 -31.3474 80
      vertex 2.2961 -40.5433 80
      vertex 3 -40.1962 80
    endloop
  endfacet
  facet normal 0 0 1
    outer loop
      vertex 4.76012 -31.3474 80
      vertex 1.55291 -40.7956 80
      vertex 2.2961 -40.5433 80
    endloop
  endfacet
  facet normal 0 0 1
    outer loop
      vertex 4.76012 -31.3474 80
      vertex 0.783156 -40.9487 80
      vertex 1.55291 -40.7956 80
    endloop
  endfacet
  facet normal 0 0 1
    outer loop
      vertex 4.76012 -31.3474 80
      vertex 0 -41 80
      vertex 0.783156 -40.9487 80
    endloop
  endfacet
  facet normal 0 0 1
    outer loop
      vertex 4.76012 -31.3474 80
      vertex -0.783156 -40.9487 80
      vertex 0 -41 80
    endloop
  endfacet
  facet normal 0 0 1
    outer loop
      vertex 4.76012 -31.3474 80
      vertex -1.55291 -40.7956 80
      vertex -0.783156 -40.9487 80
    endloop
  endfacet
  facet normal 0 0 1
    outer loop
      vertex 4.76012 -31.3474 80
      vertex -2.2961 -40.5433 80
      vertex -1.55291 -40.7956 80
    endloop
  endfacet
  facet normal 0 0 1
    outer loop
      vertex 4.76012 -31.3474 80
      vertex -3 -40.1962 80
      vertex -2.2961 -40.5433 80
    endloop
  endfacet
  facet normal 0 0 1
    outer loop
      vertex 4.76012 -31.3474 80
      vertex -3.65257 -39.7601 80
      vertex -3 -40.1962 80
    endloop
  endfacet
  facet normal 0 0 1
    outer loop
      vertex 4.76012 -31.3474 80
      vertex -4.24264 -39.2426 80
      vertex -3.65257 -39.7601 80
    endloop
  endfacet
  facet normal 0 0 1
    outer loop
      vertex 4.76012 -31.3474 80
      vertex -4.76012 -38.6526 80
      vertex -4.24264 -39.2426 80
    endloop
  endfacet
  facet normal -0 0 1
    outer loop
      vertex -22 -7 80
      vertex 4.76012 -31.3474 80
      vertex -22 0.949265 80
    endloop
  endfacet
  facet normal 0 0 1
    outer loop
      vertex 4.76012 -31.3474 80
      vertex -22 -7 80
      vertex -4.76012 -38.6526 80
    endloop
  endfacet
  facet normal 0 0 1
    outer loop
      vertex -4.76012 -38.6526 80
      vertex -22 -7 80
      vertex -30.9865 -7 80
    endloop
  endfacet
  facet normal 0.442263 -0.896885 0
    outer loop
      vertex 2.2961 -40.5433 62
      vertex 3 -40.1962 80
      vertex 2.2961 -40.5433 80
    endloop
  endfacet
  facet normal 0.442263 -0.896885 0
    outer loop
      vertex 3 -40.1962 80
      vertex 2.2961 -40.5433 62
      vertex 3 -40.1962 62
    endloop
  endfacet
  facet normal -0.0653641 -0.997861 0
    outer loop
      vertex -0.783156 -40.9487 62
      vertex 0 -41 80
      vertex -0.783156 -40.9487 80
    endloop
  endfacet
  facet normal -0.0653641 -0.997861 -0
    outer loop
      vertex 0 -41 80
      vertex -0.783156 -40.9487 62
      vertex 0 -41 62
    endloop
  endfacet
  facet normal 0.0653641 -0.997861 0
    outer loop
      vertex 0 -41 62
      vertex 0.783156 -40.9487 80
      vertex 0 -41 80
    endloop
  endfacet
  facet normal 0.0653641 -0.997861 0
    outer loop
      vertex 0.783156 -40.9487 80
      vertex 0 -41 62
      vertex 0.783156 -40.9487 62
    endloop
  endfacet
  facet normal 0.896946 -0.442139 0
    outer loop
      vertex 5.54328 -37.2961 80
      vertex 5.5 -37.3839 70
      vertex 5.54328 -37.2961 62
    endloop
  endfacet
  facet normal 0.896864 -0.442307 1.83247e-06
    outer loop
      vertex 5.54328 -37.2961 80
      vertex 5.45295 -37.4793 70.7179
      vertex 5.5 -37.3839 70
    endloop
  endfacet
  facet normal 0.896861 -0.442312 1.953e-06
    outer loop
      vertex 5.54328 -37.2961 80
      vertex 5.31259 -37.7639 71.4235
      vertex 5.45295 -37.4793 70.7179
    endloop
  endfacet
  facet normal 0.89687 -0.442294 0
    outer loop
      vertex 5.19615 -38 71.7665
      vertex 5.54328 -37.2961 80
      vertex 5.19615 -38 80
    endloop
  endfacet
  facet normal 0.896861 -0.442312 1.93829e-06
    outer loop
      vertex 5.54328 -37.2961 80
      vertex 5.19615 -38 71.7665
      vertex 5.31259 -37.7639 71.4235
    endloop
  endfacet
  facet normal 0.896865 -0.442305 -2.25564e-06
    outer loop
      vertex 5.45295 -37.4793 69.2821
      vertex 5.54328 -37.2961 62
      vertex 5.5 -37.3839 70
    endloop
  endfacet
  facet normal 0.896862 -0.442311 -2.45789e-06
    outer loop
      vertex 5.31259 -37.7639 68.5765
      vertex 5.54328 -37.2961 62
      vertex 5.45295 -37.4793 69.2821
    endloop
  endfacet
  facet normal 0.896862 -0.442311 -2.47254e-06
    outer loop
      vertex 5.19615 -38 68.2335
      vertex 5.54328 -37.2961 62
      vertex 5.31259 -37.7639 68.5765
    endloop
  endfacet
  facet normal 0.89687 -0.442294 0
    outer loop
      vertex 5.54328 -37.2961 62
      vertex 5.19615 -38 68.2335
      vertex 5.19615 -38 62
    endloop
  endfacet
  facet normal -0.659362 -0.751826 0
    outer loop
      vertex -4.24264 -39.2426 62
      vertex -3.65257 -39.7601 80
      vertex -4.24264 -39.2426 80
    endloop
  endfacet
  facet normal -0.659362 -0.751826 -0
    outer loop
      vertex -3.65257 -39.7601 80
      vertex -4.24264 -39.2426 62
      vertex -3.65257 -39.7601 62
    endloop
  endfacet
  facet normal -0.195074 -0.980789 0
    outer loop
      vertex -1.55291 -40.7956 62
      vertex -0.783156 -40.9487 80
      vertex -1.55291 -40.7956 80
    endloop
  endfacet
  facet normal -0.195074 -0.980789 -0
    outer loop
      vertex -0.783156 -40.9487 80
      vertex -1.55291 -40.7956 62
      vertex -0.783156 -40.9487 62
    endloop
  endfacet
  facet normal 0 0 -1
    outer loop
      vertex -30.9865 -7 72
      vertex -6 -35 72
      vertex -5.94867 -35.7832 72
    endloop
  endfacet
  facet normal 0 0 -1
    outer loop
      vertex -30.9865 -7 72
      vertex -5.94867 -35.7832 72
      vertex -5.79555 -36.5529 72
    endloop
  endfacet
  facet normal 0 0 -1
    outer loop
      vertex -30.9865 -7 72
      vertex -5.79555 -36.5529 72
      vertex -5.54328 -37.2961 72
    endloop
  endfacet
  facet normal 0 0 -1
    outer loop
      vertex -30.9865 -7 72
      vertex -5.54328 -37.2961 72
      vertex -5.19615 -38 72
    endloop
  endfacet
  facet normal 0 0 -1
    outer loop
      vertex -6 -35 72
      vertex -30.9865 -7 72
      vertex -22 -7 72
    endloop
  endfacet
  facet normal 0 0 -1
    outer loop
      vertex -30.9865 -7 72
      vertex -5.19615 -38 72
      vertex -4.76012 -38.6526 72
    endloop
  endfacet
  facet normal 0 0 -1
    outer loop
      vertex -22 -7 72
      vertex -5.94867 -34.2168 72
      vertex -6 -35 72
    endloop
  endfacet
  facet normal 0 0 -1
    outer loop
      vertex -22 -7 72
      vertex -5.79555 -33.4471 72
      vertex -5.94867 -34.2168 72
    endloop
  endfacet
  facet normal 0 0 -1
    outer loop
      vertex -22 -7 72
      vertex -5.54328 -32.7039 72
      vertex -5.79555 -33.4471 72
    endloop
  endfacet
  facet normal 0 0 -1
    outer loop
      vertex -22 -7 72
      vertex -5.19615 -32 72
      vertex -5.54328 -32.7039 72
    endloop
  endfacet
  facet normal 0 0 -1
    outer loop
      vertex -22 -7 72
      vertex -4.76012 -31.3474 72
      vertex -5.19615 -32 72
    endloop
  endfacet
  facet normal 0 0 -1
    outer loop
      vertex -22 -7 72
      vertex -4.24264 -30.7574 72
      vertex -4.76012 -31.3474 72
    endloop
  endfacet
  facet normal 0 0 -1
    outer loop
      vertex -22 -7 72
      vertex -3.65257 -30.2399 72
      vertex -4.24264 -30.7574 72
    endloop
  endfacet
  facet normal 0 0 -1
    outer loop
      vertex -22 -7 72
      vertex -3 -29.8038 72
      vertex -3.65257 -30.2399 72
    endloop
  endfacet
  facet normal 0 0 -1
    outer loop
      vertex -22 -7 72
      vertex -2.2961 -29.4567 72
      vertex -3 -29.8038 72
    endloop
  endfacet
  facet normal 0 0 -1
    outer loop
      vertex -22 -7 72
      vertex -1.55291 -29.2044 72
      vertex -2.2961 -29.4567 72
    endloop
  endfacet
  facet normal 0 0 -1
    outer loop
      vertex -22 -7 72
      vertex -0.783156 -29.0513 72
      vertex -1.55291 -29.2044 72
    endloop
  endfacet
  facet normal 0 0 -1
    outer loop
      vertex -22 -7 72
      vertex 0 -29 72
      vertex -0.783156 -29.0513 72
    endloop
  endfacet
  facet normal 0 0 -1
    outer loop
      vertex -22 -7 72
      vertex 0.783156 -29.0513 72
      vertex 0 -29 72
    endloop
  endfacet
  facet normal 0 0 -1
    outer loop
      vertex -22 0.949265 72
      vertex 0.783156 -29.0513 72
      vertex -22 -7 72
    endloop
  endfacet
  facet normal 0 0 -1
    outer loop
      vertex 0.783156 -29.0513 72
      vertex -22 0.949265 72
      vertex 1.55291 -29.2044 72
    endloop
  endfacet
  facet normal 0 0 -1
    outer loop
      vertex 1.55291 -29.2044 72
      vertex -22 0.949265 72
      vertex 2.2961 -29.4567 72
    endloop
  endfacet
  facet normal 0 0 -1
    outer loop
      vertex 2.2961 -29.4567 72
      vertex -22 0.949265 72
      vertex 3 -29.8038 72
    endloop
  endfacet
  facet normal 0 0 -1
    outer loop
      vertex 3 -29.8038 72
      vertex -22 0.949265 72
      vertex 3.65257 -30.2399 72
    endloop
  endfacet
  facet normal 0 0 -1
    outer loop
      vertex 4.24264 -30.7574 72
      vertex -22 0.949265 72
      vertex 4.76012 -31.3474 72
    endloop
  endfacet
  facet normal 0 0 -1
    outer loop
      vertex 3.65257 -30.2399 72
      vertex -22 0.949265 72
      vertex 4.24264 -30.7574 72
    endloop
  endfacet
  facet normal 0.997859 -0.0653985 0
    outer loop
      vertex 5.94867 -35.7832 80
      vertex 6 -35 62
      vertex 6 -35 80
    endloop
  endfacet
  facet normal 0.997859 -0.0653985 0
    outer loop
      vertex 6 -35 62
      vertex 5.94867 -35.7832 80
      vertex 5.94867 -35.7832 62
    endloop
  endfacet
  facet normal 0.555629 -0.83143 0
    outer loop
      vertex 3 -40.1962 62
      vertex 3.65257 -39.7601 80
      vertex 3 -40.1962 80
    endloop
  endfacet
  facet normal 0.555629 -0.83143 0
    outer loop
      vertex 3.65257 -39.7601 80
      vertex 3 -40.1962 62
      vertex 3.65257 -39.7601 62
    endloop
  endfacet
  facet normal 0.980781 0.195111 0
    outer loop
      vertex 5.94867 -34.2168 80
      vertex 5.79555 -33.4471 62
      vertex 5.79555 -33.4471 80
    endloop
  endfacet
  facet normal 0.980781 0.195111 0
    outer loop
      vertex 5.79555 -33.4471 62
      vertex 5.94867 -34.2168 80
      vertex 5.94867 -34.2168 62
    endloop
  endfacet
  facet normal 0.980781 -0.195111 0
    outer loop
      vertex 5.79555 -36.5529 80
      vertex 5.94867 -35.7832 62
      vertex 5.94867 -35.7832 80
    endloop
  endfacet
  facet normal 0.980781 -0.195111 0
    outer loop
      vertex 5.94867 -35.7832 62
      vertex 5.79555 -36.5529 80
      vertex 5.79555 -36.5529 62
    endloop
  endfacet
  facet normal -0.980781 0.195111 0
    outer loop
      vertex -5.94867 -34.2168 62
      vertex -5.79555 -33.4471 72
      vertex -5.79555 -33.4471 62
    endloop
  endfacet
  facet normal -0.980781 0.195111 0
    outer loop
      vertex -5.79555 -33.4471 72
      vertex -5.94867 -34.2168 62
      vertex -5.94867 -34.2168 72
    endloop
  endfacet
  facet normal -0.980781 -0.195111 0
    outer loop
      vertex -5.79555 -36.5529 62
      vertex -5.94867 -35.7832 72
      vertex -5.94867 -35.7832 62
    endloop
  endfacet
  facet normal -0.980781 -0.195111 0
    outer loop
      vertex -5.94867 -35.7832 72
      vertex -5.79555 -36.5529 62
      vertex -5.79555 -36.5529 72
    endloop
  endfacet
  facet normal 0.195074 0.980789 -0
    outer loop
      vertex 1.55291 -29.2044 62
      vertex 0.783156 -29.0513 72
      vertex 1.55291 -29.2044 72
    endloop
  endfacet
  facet normal 0.195074 0.980789 0
    outer loop
      vertex 0.783156 -29.0513 72
      vertex 1.55291 -29.2044 62
      vertex 0.783156 -29.0513 62
    endloop
  endfacet
  facet normal -0.555629 0.83143 0
    outer loop
      vertex -3 -29.8038 62
      vertex -3.65257 -30.2399 72
      vertex -3 -29.8038 72
    endloop
  endfacet
  facet normal -0.555629 0.83143 0
    outer loop
      vertex -3.65257 -30.2399 72
      vertex -3 -29.8038 62
      vertex -3.65257 -30.2399 62
    endloop
  endfacet
  facet normal 0.659362 0.751826 -0
    outer loop
      vertex 4.24264 -30.7574 62
      vertex 3.65257 -30.2399 72
      vertex 4.24264 -30.7574 72
    endloop
  endfacet
  facet normal 0.659362 0.751826 0
    outer loop
      vertex 3.65257 -30.2399 72
      vertex 4.24264 -30.7574 62
      vertex 3.65257 -30.2399 62
    endloop
  endfacet
  facet normal -0.946935 -0.321425 0
    outer loop
      vertex -5.54328 -37.2961 62
      vertex -5.79555 -36.5529 72
      vertex -5.79555 -36.5529 62
    endloop
  endfacet
  facet normal -0.946935 -0.321425 0
    outer loop
      vertex -5.79555 -36.5529 72
      vertex -5.54328 -37.2961 62
      vertex -5.54328 -37.2961 72
    endloop
  endfacet
  facet normal 0.0653641 0.997861 -0
    outer loop
      vertex 0.783156 -29.0513 62
      vertex 0 -29 72
      vertex 0.783156 -29.0513 72
    endloop
  endfacet
  facet normal 0.0653641 0.997861 0
    outer loop
      vertex 0 -29 72
      vertex 0.783156 -29.0513 62
      vertex 0 -29 62
    endloop
  endfacet
  facet normal -0.659362 0.751826 0
    outer loop
      vertex -3.65257 -30.2399 62
      vertex -4.24264 -30.7574 72
      vertex -3.65257 -30.2399 72
    endloop
  endfacet
  facet normal -0.659362 0.751826 0
    outer loop
      vertex -4.24264 -30.7574 72
      vertex -3.65257 -30.2399 62
      vertex -4.24264 -30.7574 62
    endloop
  endfacet
  facet normal -0.442263 0.896885 0
    outer loop
      vertex -2.2961 -29.4567 62
      vertex -3 -29.8038 72
      vertex -2.2961 -29.4567 72
    endloop
  endfacet
  facet normal -0.442263 0.896885 0
    outer loop
      vertex -3 -29.8038 72
      vertex -2.2961 -29.4567 62
      vertex -3 -29.8038 62
    endloop
  endfacet
  facet normal -0.195074 0.980789 0
    outer loop
      vertex -0.783156 -29.0513 62
      vertex -1.55291 -29.2044 72
      vertex -0.783156 -29.0513 72
    endloop
  endfacet
  facet normal -0.195074 0.980789 0
    outer loop
      vertex -1.55291 -29.2044 72
      vertex -0.783156 -29.0513 62
      vertex -1.55291 -29.2044 62
    endloop
  endfacet
  facet normal -0.321463 0.946922 0
    outer loop
      vertex -1.55291 -29.2044 62
      vertex -2.2961 -29.4567 72
      vertex -1.55291 -29.2044 72
    endloop
  endfacet
  facet normal -0.321463 0.946922 0
    outer loop
      vertex -2.2961 -29.4567 72
      vertex -1.55291 -29.2044 62
      vertex -2.2961 -29.4567 62
    endloop
  endfacet
  facet normal 0.442263 0.896885 -0
    outer loop
      vertex 3 -29.8038 62
      vertex 2.2961 -29.4567 72
      vertex 3 -29.8038 72
    endloop
  endfacet
  facet normal 0.442263 0.896885 0
    outer loop
      vertex 2.2961 -29.4567 72
      vertex 3 -29.8038 62
      vertex 2.2961 -29.4567 62
    endloop
  endfacet
  facet normal 0.555629 0.83143 -0
    outer loop
      vertex 3.65257 -30.2399 62
      vertex 3 -29.8038 72
      vertex 3.65257 -30.2399 72
    endloop
  endfacet
  facet normal 0.555629 0.83143 0
    outer loop
      vertex 3 -29.8038 72
      vertex 3.65257 -30.2399 62
      vertex 3 -29.8038 62
    endloop
  endfacet
  facet normal -0.946935 0.321425 0
    outer loop
      vertex -5.79555 -33.4471 62
      vertex -5.54328 -32.7039 72
      vertex -5.54328 -32.7039 62
    endloop
  endfacet
  facet normal -0.946935 0.321425 0
    outer loop
      vertex -5.54328 -32.7039 72
      vertex -5.79555 -33.4471 62
      vertex -5.79555 -33.4471 72
    endloop
  endfacet
  facet normal -0.896946 -0.442139 0
    outer loop
      vertex -5.54328 -37.2961 62
      vertex -5.5 -37.3839 70
      vertex -5.54328 -37.2961 72
    endloop
  endfacet
  facet normal -0.896865 -0.442305 -2.25564e-06
    outer loop
      vertex -5.54328 -37.2961 62
      vertex -5.45295 -37.4793 69.2821
      vertex -5.5 -37.3839 70
    endloop
  endfacet
  facet normal -0.896862 -0.442311 -2.45789e-06
    outer loop
      vertex -5.54328 -37.2961 62
      vertex -5.31259 -37.7639 68.5765
      vertex -5.45295 -37.4793 69.2821
    endloop
  endfacet
  facet normal -0.89687 -0.442294 -0
    outer loop
      vertex -5.19615 -38 68.2335
      vertex -5.54328 -37.2961 62
      vertex -5.19615 -38 62
    endloop
  endfacet
  facet normal -0.896862 -0.442311 -2.47254e-06
    outer loop
      vertex -5.54328 -37.2961 62
      vertex -5.19615 -38 68.2335
      vertex -5.31259 -37.7639 68.5765
    endloop
  endfacet
  facet normal -0.89688 -0.442274 7.34233e-06
    outer loop
      vertex -5.45295 -37.4793 70.7179
      vertex -5.54328 -37.2961 72
      vertex -5.5 -37.3839 70
    endloop
  endfacet
  facet normal -0.89687 -0.442294 1.09515e-05
    outer loop
      vertex -5.31259 -37.7639 71.4235
      vertex -5.54328 -37.2961 72
      vertex -5.45295 -37.4793 70.7179
    endloop
  endfacet
  facet normal -0.896868 -0.442298 1.42831e-05
    outer loop
      vertex -5.19615 -38 71.7665
      vertex -5.54328 -37.2961 72
      vertex -5.31259 -37.7639 71.4235
    endloop
  endfacet
  facet normal -0.89687 -0.442294 0
    outer loop
      vertex -5.54328 -37.2961 72
      vertex -5.19615 -38 71.7665
      vertex -5.19615 -38 72
    endloop
  endfacet
  facet normal -0.997859 0.0653985 0
    outer loop
      vertex -6 -35 62
      vertex -5.94867 -34.2168 72
      vertex -5.94867 -34.2168 62
    endloop
  endfacet
  facet normal -0.997859 0.0653985 0
    outer loop
      vertex -5.94867 -34.2168 72
      vertex -6 -35 62
      vertex -6 -35 72
    endloop
  endfacet
  facet normal -0.997859 -0.0653985 0
    outer loop
      vertex -5.94867 -35.7832 62
      vertex -6 -35 72
      vertex -6 -35 62
    endloop
  endfacet
  facet normal -0.997859 -0.0653985 0
    outer loop
      vertex -6 -35 72
      vertex -5.94867 -35.7832 62
      vertex -5.94867 -35.7832 72
    endloop
  endfacet
  facet normal -0.751799 0.659392 0
    outer loop
      vertex -4.76012 -31.3474 62
      vertex -4.24264 -30.7574 72
      vertex -4.24264 -30.7574 62
    endloop
  endfacet
  facet normal -0.751799 0.659392 0
    outer loop
      vertex -4.24264 -30.7574 72
      vertex -4.76012 -31.3474 62
      vertex -4.76012 -31.3474 72
    endloop
  endfacet
  facet normal -0.89687 0.442294 0
    outer loop
      vertex -5.54328 -32.7039 62
      vertex -5.19615 -32 68.2335
      vertex -5.19615 -32 62
    endloop
  endfacet
  facet normal -0.896862 0.442311 -2.47254e-06
    outer loop
      vertex -5.19615 -32 68.2335
      vertex -5.54328 -32.7039 62
      vertex -5.31259 -32.2361 68.5765
    endloop
  endfacet
  facet normal -0.896862 0.442311 -2.45789e-06
    outer loop
      vertex -5.31259 -32.2361 68.5765
      vertex -5.54328 -32.7039 62
      vertex -5.45295 -32.5207 69.2821
    endloop
  endfacet
  facet normal -0.896865 0.442305 -2.25564e-06
    outer loop
      vertex -5.45295 -32.5207 69.2821
      vertex -5.54328 -32.7039 62
      vertex -5.5 -32.6161 70
    endloop
  endfacet
  facet normal -0.896868 0.442298 1.42831e-05
    outer loop
      vertex -5.54328 -32.7039 72
      vertex -5.19615 -32 71.7665
      vertex -5.31259 -32.2361 71.4235
    endloop
  endfacet
  facet normal -0.89687 0.442294 0
    outer loop
      vertex -5.19615 -32 71.7665
      vertex -5.54328 -32.7039 72
      vertex -5.19615 -32 72
    endloop
  endfacet
  facet normal -0.89687 0.442294 1.09515e-05
    outer loop
      vertex -5.45295 -32.5207 70.7179
      vertex -5.54328 -32.7039 72
      vertex -5.31259 -32.2361 71.4235
    endloop
  endfacet
  facet normal -0.89688 0.442274 7.34233e-06
    outer loop
      vertex -5.5 -32.6161 70
      vertex -5.54328 -32.7039 72
      vertex -5.45295 -32.5207 70.7179
    endloop
  endfacet
  facet normal -0.896946 0.442139 0
    outer loop
      vertex -5.54328 -32.7039 72
      vertex -5.5 -32.6161 70
      vertex -5.54328 -32.7039 62
    endloop
  endfacet
  facet normal 0.321463 0.946922 -0
    outer loop
      vertex 2.2961 -29.4567 62
      vertex 1.55291 -29.2044 72
      vertex 2.2961 -29.4567 72
    endloop
  endfacet
  facet normal 0.321463 0.946922 0
    outer loop
      vertex 1.55291 -29.2044 72
      vertex 2.2961 -29.4567 62
      vertex 1.55291 -29.2044 62
    endloop
  endfacet
  facet normal 0.751799 0.659392 0
    outer loop
      vertex 4.76012 -31.3474 72
      vertex 4.24264 -30.7574 62
      vertex 4.24264 -30.7574 72
    endloop
  endfacet
  facet normal 0.751799 0.659392 0
    outer loop
      vertex 4.24264 -30.7574 62
      vertex 4.76012 -31.3474 72
      vertex 4.76012 -31.3474 62
    endloop
  endfacet
  facet normal -0.831483 0.55555 0
    outer loop
      vertex -5.19615 -32 68.2335
      vertex -4.76012 -31.3474 62
      vertex -5.19615 -32 62
    endloop
  endfacet
  facet normal -0.831483 0.55555 0
    outer loop
      vertex -4.76012 -31.3474 62
      vertex -5.19615 -32 68.2335
      vertex -4.76012 -31.3474 72
    endloop
  endfacet
  facet normal -0.831483 0.55555 0
    outer loop
      vertex -5.19615 -32 71.7665
      vertex -4.76012 -31.3474 72
      vertex -5.19615 -32 68.2335
    endloop
  endfacet
  facet normal -0.831483 0.55555 0
    outer loop
      vertex -4.76012 -31.3474 72
      vertex -5.19615 -32 71.7665
      vertex -5.19615 -32 72
    endloop
  endfacet
  facet normal -0.831483 -0.55555 0
    outer loop
      vertex -4.76012 -38.6526 62
      vertex -5.19615 -38 68.2335
      vertex -5.19615 -38 62
    endloop
  endfacet
  facet normal -0.831483 -0.55555 -0
    outer loop
      vertex -4.76012 -38.6526 72
      vertex -5.19615 -38 68.2335
      vertex -4.76012 -38.6526 62
    endloop
  endfacet
  facet normal -0.831483 -0.55555 0
    outer loop
      vertex -5.19615 -38 68.2335
      vertex -4.76012 -38.6526 72
      vertex -5.19615 -38 71.7665
    endloop
  endfacet
  facet normal -0.831483 -0.55555 0
    outer loop
      vertex -5.19615 -38 71.7665
      vertex -4.76012 -38.6526 72
      vertex -5.19615 -38 72
    endloop
  endfacet
  facet normal -0.0653641 0.997861 0
    outer loop
      vertex 0 -29 62
      vertex -0.783156 -29.0513 72
      vertex 0 -29 72
    endloop
  endfacet
  facet normal -0.0653641 0.997861 0
    outer loop
      vertex -0.783156 -29.0513 72
      vertex 0 -29 62
      vertex -0.783156 -29.0513 62
    endloop
  endfacet
  facet normal 0 0 -1
    outer loop
      vertex 5.94867 -35.7832 62
      vertex 5.94867 -34.2168 62
      vertex 6 -35 62
    endloop
  endfacet
  facet normal 0 0 -1
    outer loop
      vertex 5.79555 -36.5529 62
      vertex 5.94867 -34.2168 62
      vertex 5.94867 -35.7832 62
    endloop
  endfacet
  facet normal 0 0 -1
    outer loop
      vertex 5.79555 -36.5529 62
      vertex 5.79555 -33.4471 62
      vertex 5.94867 -34.2168 62
    endloop
  endfacet
  facet normal 0 0 -1
    outer loop
      vertex 5.54328 -37.2961 62
      vertex 5.79555 -33.4471 62
      vertex 5.79555 -36.5529 62
    endloop
  endfacet
  facet normal 0 0 -1
    outer loop
      vertex 5.54328 -37.2961 62
      vertex 5.54328 -32.7039 62
      vertex 5.79555 -33.4471 62
    endloop
  endfacet
  facet normal 0 0 -1
    outer loop
      vertex 5.19615 -38 62
      vertex 5.54328 -32.7039 62
      vertex 5.54328 -37.2961 62
    endloop
  endfacet
  facet normal 0 0 -1
    outer loop
      vertex 5.19615 -38 62
      vertex 5.19615 -32 62
      vertex 5.54328 -32.7039 62
    endloop
  endfacet
  facet normal 0 0 -1
    outer loop
      vertex 4.76012 -38.6526 62
      vertex 5.19615 -32 62
      vertex 5.19615 -38 62
    endloop
  endfacet
  facet normal 0 0 -1
    outer loop
      vertex 4.76012 -38.6526 62
      vertex 4.76012 -31.3474 62
      vertex 5.19615 -32 62
    endloop
  endfacet
  facet normal 0 0 -1
    outer loop
      vertex 4.24264 -39.2426 62
      vertex 4.76012 -31.3474 62
      vertex 4.76012 -38.6526 62
    endloop
  endfacet
  facet normal 0 0 -1
    outer loop
      vertex 4.24264 -39.2426 62
      vertex 4.24264 -30.7574 62
      vertex 4.76012 -31.3474 62
    endloop
  endfacet
  facet normal 0 0 -1
    outer loop
      vertex 3.65257 -39.7601 62
      vertex 4.24264 -30.7574 62
      vertex 4.24264 -39.2426 62
    endloop
  endfacet
  facet normal 0 0 -1
    outer loop
      vertex 3.65257 -39.7601 62
      vertex 3.65257 -30.2399 62
      vertex 4.24264 -30.7574 62
    endloop
  endfacet
  facet normal 0 0 -1
    outer loop
      vertex 3 -40.1962 62
      vertex 3.65257 -30.2399 62
      vertex 3.65257 -39.7601 62
    endloop
  endfacet
  facet normal 0 0 -1
    outer loop
      vertex 3 -40.1962 62
      vertex 3 -29.8038 62
      vertex 3.65257 -30.2399 62
    endloop
  endfacet
  facet normal 0 0 -1
    outer loop
      vertex 2.2961 -40.5433 62
      vertex 3 -29.8038 62
      vertex 3 -40.1962 62
    endloop
  endfacet
  facet normal 0 0 -1
    outer loop
      vertex 2.2961 -40.5433 62
      vertex 2.2961 -29.4567 62
      vertex 3 -29.8038 62
    endloop
  endfacet
  facet normal 0 0 -1
    outer loop
      vertex 1.55291 -40.7956 62
      vertex 2.2961 -29.4567 62
      vertex 2.2961 -40.5433 62
    endloop
  endfacet
  facet normal 0 0 -1
    outer loop
      vertex 1.55291 -40.7956 62
      vertex 1.55291 -29.2044 62
      vertex 2.2961 -29.4567 62
    endloop
  endfacet
  facet normal 0 0 -1
    outer loop
      vertex 0.783156 -40.9487 62
      vertex 1.55291 -29.2044 62
      vertex 1.55291 -40.7956 62
    endloop
  endfacet
  facet normal 0 0 -1
    outer loop
      vertex 0.783156 -40.9487 62
      vertex 0.783156 -29.0513 62
      vertex 1.55291 -29.2044 62
    endloop
  endfacet
  facet normal 0 0 -1
    outer loop
      vertex 0 -41 62
      vertex 0.783156 -29.0513 62
      vertex 0.783156 -40.9487 62
    endloop
  endfacet
  facet normal 0 0 -1
    outer loop
      vertex 0 -41 62
      vertex 0 -29 62
      vertex 0.783156 -29.0513 62
    endloop
  endfacet
  facet normal 0 0 -1
    outer loop
      vertex -0.783156 -40.9487 62
      vertex 0 -29 62
      vertex 0 -41 62
    endloop
  endfacet
  facet normal 0 0 -1
    outer loop
      vertex -0.783156 -40.9487 62
      vertex -0.783156 -29.0513 62
      vertex 0 -29 62
    endloop
  endfacet
  facet normal 0 0 -1
    outer loop
      vertex -1.55291 -40.7956 62
      vertex -0.783156 -29.0513 62
      vertex -0.783156 -40.9487 62
    endloop
  endfacet
  facet normal 0 0 -1
    outer loop
      vertex -1.55291 -40.7956 62
      vertex -1.55291 -29.2044 62
      vertex -0.783156 -29.0513 62
    endloop
  endfacet
  facet normal 0 0 -1
    outer loop
      vertex -2.2961 -40.5433 62
      vertex -1.55291 -29.2044 62
      vertex -1.55291 -40.7956 62
    endloop
  endfacet
  facet normal 0 0 -1
    outer loop
      vertex -2.2961 -40.5433 62
      vertex -2.2961 -29.4567 62
      vertex -1.55291 -29.2044 62
    endloop
  endfacet
  facet normal 0 0 -1
    outer loop
      vertex -3 -40.1962 62
      vertex -2.2961 -29.4567 62
      vertex -2.2961 -40.5433 62
    endloop
  endfacet
  facet normal 0 0 -1
    outer loop
      vertex -3 -40.1962 62
      vertex -3 -29.8038 62
      vertex -2.2961 -29.4567 62
    endloop
  endfacet
  facet normal 0 0 -1
    outer loop
      vertex -3.65257 -39.7601 62
      vertex -3 -29.8038 62
      vertex -3 -40.1962 62
    endloop
  endfacet
  facet normal 0 0 -1
    outer loop
      vertex -3.65257 -39.7601 62
      vertex -3.65257 -30.2399 62
      vertex -3 -29.8038 62
    endloop
  endfacet
  facet normal 0 0 -1
    outer loop
      vertex -4.24264 -39.2426 62
      vertex -3.65257 -30.2399 62
      vertex -3.65257 -39.7601 62
    endloop
  endfacet
  facet normal 0 0 -1
    outer loop
      vertex -4.24264 -39.2426 62
      vertex -4.24264 -30.7574 62
      vertex -3.65257 -30.2399 62
    endloop
  endfacet
  facet normal 0 0 -1
    outer loop
      vertex -4.76012 -38.6526 62
      vertex -4.24264 -30.7574 62
      vertex -4.24264 -39.2426 62
    endloop
  endfacet
  facet normal 0 0 -1
    outer loop
      vertex -4.76012 -38.6526 62
      vertex -4.76012 -31.3474 62
      vertex -4.24264 -30.7574 62
    endloop
  endfacet
  facet normal 0 0 -1
    outer loop
      vertex -5.19615 -38 62
      vertex -4.76012 -31.3474 62
      vertex -4.76012 -38.6526 62
    endloop
  endfacet
  facet normal 0 0 -1
    outer loop
      vertex -5.19615 -38 62
      vertex -5.19615 -32 62
      vertex -4.76012 -31.3474 62
    endloop
  endfacet
  facet normal 0 0 -1
    outer loop
      vertex -5.54328 -37.2961 62
      vertex -5.19615 -32 62
      vertex -5.19615 -38 62
    endloop
  endfacet
  facet normal 0 0 -1
    outer loop
      vertex -5.54328 -37.2961 62
      vertex -5.54328 -32.7039 62
      vertex -5.19615 -32 62
    endloop
  endfacet
  facet normal 0 0 -1
    outer loop
      vertex -5.79555 -36.5529 62
      vertex -5.54328 -32.7039 62
      vertex -5.54328 -37.2961 62
    endloop
  endfacet
  facet normal 0 0 -1
    outer loop
      vertex -5.79555 -36.5529 62
      vertex -5.79555 -33.4471 62
      vertex -5.54328 -32.7039 62
    endloop
  endfacet
  facet normal 0 0 -1
    outer loop
      vertex -5.94867 -35.7832 62
      vertex -5.79555 -33.4471 62
      vertex -5.79555 -36.5529 62
    endloop
  endfacet
  facet normal 0 0 -1
    outer loop
      vertex -5.94867 -35.7832 62
      vertex -5.94867 -34.2168 62
      vertex -5.79555 -33.4471 62
    endloop
  endfacet
  facet normal 0 -0 -1
    outer loop
      vertex -5.94867 -34.2168 62
      vertex -5.94867 -35.7832 62
      vertex -6 -35 62
    endloop
  endfacet
  facet normal -0 0 1
    outer loop
      vertex -22 7 -44
      vertex -21.2504 5.69402 -44
      vertex -20.807 7 -44
    endloop
  endfacet
  facet normal 0 0 1
    outer loop
      vertex -22 7 -44
      vertex -21.8118 2.87158 -44
      vertex -21.2504 5.69402 -44
    endloop
  endfacet
  facet normal 0 0 1
    outer loop
      vertex -21.8118 2.87158 -44
      vertex -22 7 -44
      vertex -22 0 -44
    endloop
  endfacet
  facet normal 0 0 1
    outer loop
      vertex -21.2504 -5.69402 -44
      vertex -22 -7 -44
      vertex -20.807 -7 -44
    endloop
  endfacet
  facet normal 0 0 1
    outer loop
      vertex -21.8118 -2.87158 -44
      vertex -22 -7 -44
      vertex -21.2504 -5.69402 -44
    endloop
  endfacet
  facet normal 0 0 1
    outer loop
      vertex -22 -7 -44
      vertex -21.8118 -2.87158 -44
      vertex -22 0 -44
    endloop
  endfacet
  facet normal -1 0 0
    outer loop
      vertex -24 5 -44
      vertex -24 3 73.7303
      vertex -24 5 80
    endloop
  endfacet
  facet normal -1 0 0
    outer loop
      vertex -24 5 -44
      vertex -24 -3 73.7303
      vertex -24 3 73.7303
    endloop
  endfacet
  facet normal -1 0 0
    outer loop
      vertex -24 -5 80
      vertex -24 -3 73.7303
      vertex -24 -5 -44
    endloop
  endfacet
  facet normal -1 0 0
    outer loop
      vertex -24 -5 -44
      vertex -24 -3 73.7303
      vertex -24 5 -44
    endloop
  endfacet
  facet normal -1 0 0
    outer loop
      vertex -24 3 78.2697
      vertex -24 5 80
      vertex -24 3 73.7303
    endloop
  endfacet
  facet normal -1 0 0
    outer loop
      vertex -24 -3 78.2697
      vertex -24 5 80
      vertex -24 3 78.2697
    endloop
  endfacet
  facet normal -1 0 0
    outer loop
      vertex -24 -3 78.2697
      vertex -24 -5 80
      vertex -24 5 80
    endloop
  endfacet
  facet normal -1 0 0
    outer loop
      vertex -24 -3 73.7303
      vertex -24 -5 80
      vertex -24 -3 78.2697
    endloop
  endfacet
  facet normal 0 0 -1
    outer loop
      vertex -24 -5 80
      vertex -25.2374 -3 80
      vertex -24 5 80
    endloop
  endfacet
  facet normal 0 0 -1
    outer loop
      vertex -24 -5 80
      vertex -32.7626 -3 80
      vertex -25.2374 -3 80
    endloop
  endfacet
  facet normal -0 0 -1
    outer loop
      vertex -32.7626 -3 80
      vertex -34 -5 80
      vertex -32.7626 3 80
    endloop
  endfacet
  facet normal 0 0 -1
    outer loop
      vertex -34 -5 80
      vertex -32.7626 -3 80
      vertex -24 -5 80
    endloop
  endfacet
  facet normal 0 0 -1
    outer loop
      vertex -25.2374 3 80
      vertex -24 5 80
      vertex -25.2374 -3 80
    endloop
  endfacet
  facet normal 0 0 -1
    outer loop
      vertex -32.7626 3 80
      vertex -24 5 80
      vertex -25.2374 3 80
    endloop
  endfacet
  facet normal 0 0 -1
    outer loop
      vertex -32.7626 3 80
      vertex -34 5 80
      vertex -24 5 80
    endloop
  endfacet
  facet normal 0 0 -1
    outer loop
      vertex -34 5 80
      vertex -32.7626 3 80
      vertex -34 -5 80
    endloop
  endfacet
  facet normal 0 0 1
    outer loop
      vertex -24 5 -44
      vertex -27.3 0 -44
      vertex -24 -5 -44
    endloop
  endfacet
  facet normal 0 0 1
    outer loop
      vertex -24 5 -44
      vertex -27.3145 0.221894 -44
      vertex -27.3 0 -44
    endloop
  endfacet
  facet normal 0 0 1
    outer loop
      vertex -24 5 -44
      vertex -27.3579 0.439992 -44
      vertex -27.3145 0.221894 -44
    endloop
  endfacet
  facet normal 0 0 1
    outer loop
      vertex -24 5 -44
      vertex -27.4294 0.650561 -44
      vertex -27.3579 0.439992 -44
    endloop
  endfacet
  facet normal 0 0 1
    outer loop
      vertex -24 5 -44
      vertex -27.5278 0.849999 -44
      vertex -27.4294 0.650561 -44
    endloop
  endfacet
  facet normal 0 0 1
    outer loop
      vertex -24 5 -44
      vertex -27.6513 1.03489 -44
      vertex -27.5278 0.849999 -44
    endloop
  endfacet
  facet normal 0 0 1
    outer loop
      vertex -24 5 -44
      vertex -27.7979 1.20208 -44
      vertex -27.6513 1.03489 -44
    endloop
  endfacet
  facet normal 0 0 1
    outer loop
      vertex -24 5 -44
      vertex -27.9651 1.3487 -44
      vertex -27.7979 1.20208 -44
    endloop
  endfacet
  facet normal 0 0 1
    outer loop
      vertex -24 5 -44
      vertex -28.15 1.47224 -44
      vertex -27.9651 1.3487 -44
    endloop
  endfacet
  facet normal 0 0 1
    outer loop
      vertex -24 5 -44
      vertex -28.3494 1.57059 -44
      vertex -28.15 1.47224 -44
    endloop
  endfacet
  facet normal 0 0 1
    outer loop
      vertex -24 5 -44
      vertex -28.56 1.64207 -44
      vertex -28.3494 1.57059 -44
    endloop
  endfacet
  facet normal 0 0 1
    outer loop
      vertex -24 5 -44
      vertex -28.7781 1.68546 -44
      vertex -28.56 1.64207 -44
    endloop
  endfacet
  facet normal 0 0 1
    outer loop
      vertex -24 5 -44
      vertex -29 1.7 -44
      vertex -28.7781 1.68546 -44
    endloop
  endfacet
  facet normal -0 0 1
    outer loop
      vertex -34 5 -44
      vertex -29 1.7 -44
      vertex -24 5 -44
    endloop
  endfacet
  facet normal 0 0 1
    outer loop
      vertex -29 1.7 -44
      vertex -34 5 -44
      vertex -29.2219 1.68546 -44
    endloop
  endfacet
  facet normal 0 0 1
    outer loop
      vertex -29.2219 1.68546 -44
      vertex -34 5 -44
      vertex -29.44 1.64207 -44
    endloop
  endfacet
  facet normal 0 0 1
    outer loop
      vertex -29.44 1.64207 -44
      vertex -34 5 -44
      vertex -29.6506 1.57059 -44
    endloop
  endfacet
  facet normal 0 0 1
    outer loop
      vertex -30.6855 0.221894 -44
      vertex -34 5 -44
      vertex -30.7 0 -44
    endloop
  endfacet
  facet normal 0 0 1
    outer loop
      vertex -30.6421 0.439992 -44
      vertex -34 5 -44
      vertex -30.6855 0.221894 -44
    endloop
  endfacet
  facet normal 0 0 1
    outer loop
      vertex -30.5706 0.650561 -44
      vertex -34 5 -44
      vertex -30.6421 0.439992 -44
    endloop
  endfacet
  facet normal 0 0 1
    outer loop
      vertex -30.4722 0.849999 -44
      vertex -34 5 -44
      vertex -30.5706 0.650561 -44
    endloop
  endfacet
  facet normal 0 0 1
    outer loop
      vertex -30.3487 1.03489 -44
      vertex -34 5 -44
      vertex -30.4722 0.849999 -44
    endloop
  endfacet
  facet normal 0 0 1
    outer loop
      vertex -30.2021 1.20208 -44
      vertex -34 5 -44
      vertex -30.3487 1.03489 -44
    endloop
  endfacet
  facet normal 0 0 1
    outer loop
      vertex -30.0349 1.3487 -44
      vertex -34 5 -44
      vertex -30.2021 1.20208 -44
    endloop
  endfacet
  facet normal 0 0 1
    outer loop
      vertex -29.85 1.47224 -44
      vertex -34 5 -44
      vertex -30.0349 1.3487 -44
    endloop
  endfacet
  facet normal 0 0 1
    outer loop
      vertex -29.6506 1.57059 -44
      vertex -34 5 -44
      vertex -29.85 1.47224 -44
    endloop
  endfacet
  facet normal -0 0 1
    outer loop
      vertex -27.3145 -0.221894 -44
      vertex -24 -5 -44
      vertex -27.3 0 -44
    endloop
  endfacet
  facet normal -0 0 1
    outer loop
      vertex -27.3579 -0.439992 -44
      vertex -24 -5 -44
      vertex -27.3145 -0.221894 -44
    endloop
  endfacet
  facet normal -0 0 1
    outer loop
      vertex -27.4294 -0.650561 -44
      vertex -24 -5 -44
      vertex -27.3579 -0.439992 -44
    endloop
  endfacet
  facet normal -0 0 1
    outer loop
      vertex -27.5278 -0.849999 -44
      vertex -24 -5 -44
      vertex -27.4294 -0.650561 -44
    endloop
  endfacet
  facet normal -0 0 1
    outer loop
      vertex -27.6513 -1.03489 -44
      vertex -24 -5 -44
      vertex -27.5278 -0.849999 -44
    endloop
  endfacet
  facet normal -0 0 1
    outer loop
      vertex -27.7979 -1.20208 -44
      vertex -24 -5 -44
      vertex -27.6513 -1.03489 -44
    endloop
  endfacet
  facet normal -0 0 1
    outer loop
      vertex -27.9651 -1.3487 -44
      vertex -24 -5 -44
      vertex -27.7979 -1.20208 -44
    endloop
  endfacet
  facet normal -0 0 1
    outer loop
      vertex -28.15 -1.47224 -44
      vertex -24 -5 -44
      vertex -27.9651 -1.3487 -44
    endloop
  endfacet
  facet normal -0 0 1
    outer loop
      vertex -28.3494 -1.57059 -44
      vertex -24 -5 -44
      vertex -28.15 -1.47224 -44
    endloop
  endfacet
  facet normal -0 0 1
    outer loop
      vertex -28.56 -1.64207 -44
      vertex -24 -5 -44
      vertex -28.3494 -1.57059 -44
    endloop
  endfacet
  facet normal -0 0 1
    outer loop
      vertex -28.7781 -1.68546 -44
      vertex -24 -5 -44
      vertex -28.56 -1.64207 -44
    endloop
  endfacet
  facet normal -0 0 1
    outer loop
      vertex -29 -1.7 -44
      vertex -24 -5 -44
      vertex -28.7781 -1.68546 -44
    endloop
  endfacet
  facet normal 0 0 1
    outer loop
      vertex -34 -5 -44
      vertex -29 -1.7 -44
      vertex -29.2219 -1.68546 -44
    endloop
  endfacet
  facet normal 0 0 1
    outer loop
      vertex -34 -5 -44
      vertex -29.2219 -1.68546 -44
      vertex -29.44 -1.64207 -44
    endloop
  endfacet
  facet normal 0 0 1
    outer loop
      vertex -34 -5 -44
      vertex -29.44 -1.64207 -44
      vertex -29.6506 -1.57059 -44
    endloop
  endfacet
  facet normal 0 0 1
    outer loop
      vertex -34 -5 -44
      vertex -29.6506 -1.57059 -44
      vertex -29.85 -1.47224 -44
    endloop
  endfacet
  facet normal 0 0 1
    outer loop
      vertex -34 -5 -44
      vertex -30.7 0 -44
      vertex -34 5 -44
    endloop
  endfacet
  facet normal 0 0 1
    outer loop
      vertex -30.7 0 -44
      vertex -34 -5 -44
      vertex -30.6855 -0.221894 -44
    endloop
  endfacet
  facet normal 0 0 1
    outer loop
      vertex -30.6855 -0.221894 -44
      vertex -34 -5 -44
      vertex -30.6421 -0.439992 -44
    endloop
  endfacet
  facet normal 0 0 1
    outer loop
      vertex -30.6421 -0.439992 -44
      vertex -34 -5 -44
      vertex -30.5706 -0.650561 -44
    endloop
  endfacet
  facet normal 0 0 1
    outer loop
      vertex -29 -1.7 -44
      vertex -34 -5 -44
      vertex -24 -5 -44
    endloop
  endfacet
  facet normal 0 0 1
    outer loop
      vertex -30.0349 -1.3487 -44
      vertex -34 -5 -44
      vertex -29.85 -1.47224 -44
    endloop
  endfacet
  facet normal 0 0 1
    outer loop
      vertex -30.2021 -1.20208 -44
      vertex -34 -5 -44
      vertex -30.0349 -1.3487 -44
    endloop
  endfacet
  facet normal 0 0 1
    outer loop
      vertex -30.3487 -1.03489 -44
      vertex -34 -5 -44
      vertex -30.2021 -1.20208 -44
    endloop
  endfacet
  facet normal 0 0 1
    outer loop
      vertex -30.4722 -0.849999 -44
      vertex -34 -5 -44
      vertex -30.3487 -1.03489 -44
    endloop
  endfacet
  facet normal 0 0 1
    outer loop
      vertex -30.5706 -0.650561 -44
      vertex -34 -5 -44
      vertex -30.4722 -0.849999 -44
    endloop
  endfacet
  facet normal 1 -0 0
    outer loop
      vertex -34 -3 73.7303
      vertex -34 3 60
      vertex -34 3 73.7303
    endloop
  endfacet
  facet normal 1 0 0
    outer loop
      vertex -34 3 60
      vertex -34 -3 73.7303
      vertex -34 -3 60
    endloop
  endfacet
  facet normal 1 0 0
    outer loop
      vertex -34 3 73.7303
      vertex -34 5 80
      vertex -34 3 78.2697
    endloop
  endfacet
  facet normal 1 0 0
    outer loop
      vertex -34 5 80
      vertex -34 -3 78.2697
      vertex -34 3 78.2697
    endloop
  endfacet
  facet normal 1 0 0
    outer loop
      vertex -34 -5 80
      vertex -34 -3 73.7303
      vertex -34 -3 78.2697
    endloop
  endfacet
  facet normal 1 0 0
    outer loop
      vertex -34 -3 73.7303
      vertex -34 -5 80
      vertex -34 -3 60
    endloop
  endfacet
  facet normal 1 0 0
    outer loop
      vertex -34 -5 -44
      vertex -34 -3 60
      vertex -34 -5 80
    endloop
  endfacet
  facet normal 1 -0 0
    outer loop
      vertex -34 -5 80
      vertex -34 -3 78.2697
      vertex -34 5 80
    endloop
  endfacet
  facet normal 1 0 0
    outer loop
      vertex -34 3 60
      vertex -34 5 80
      vertex -34 3 73.7303
    endloop
  endfacet
  facet normal 1 0 0
    outer loop
      vertex -34 5 80
      vertex -34 3 60
      vertex -34 5 -44
    endloop
  endfacet
  facet normal 1 -0 0
    outer loop
      vertex -34 3 -30
      vertex -34 5 -44
      vertex -34 3 60
    endloop
  endfacet
  facet normal 1 -0 0
    outer loop
      vertex -34 -3 -30
      vertex -34 5 -44
      vertex -34 3 -30
    endloop
  endfacet
  facet normal 1 0 0
    outer loop
      vertex -34 -3 -30
      vertex -34 -5 -44
      vertex -34 5 -44
    endloop
  endfacet
  facet normal 1 0 0
    outer loop
      vertex -34 -3 60
      vertex -34 -5 -44
      vertex -34 -3 -30
    endloop
  endfacet
  facet normal 0 -1 0
    outer loop
      vertex -34 5 -44
      vertex -24 5 80
      vertex -34 5 80
    endloop
  endfacet
  facet normal 0 -1 -0
    outer loop
      vertex -24 5 80
      vertex -34 5 -44
      vertex -24 5 -44
    endloop
  endfacet
  facet normal 0 1 -0
    outer loop
      vertex -24 -5 -44
      vertex -34 -5 80
      vertex -24 -5 80
    endloop
  endfacet
  facet normal 0 1 0
    outer loop
      vertex -34 -5 80
      vertex -24 -5 -44
      vertex -34 -5 -44
    endloop
  endfacet
  facet normal 0 0 -1
    outer loop
      vertex -36 -3 60
      vertex -34 3 60
      vertex -34 -3 60
    endloop
  endfacet
  facet normal -0 0 -1
    outer loop
      vertex -34 3 60
      vertex -36 -3 60
      vertex -36 3 60
    endloop
  endfacet
  facet normal -0 0 1
    outer loop
      vertex -36 3 -30
      vertex -34 -3 -30
      vertex -34 3 -30
    endloop
  endfacet
  facet normal 0 0 1
    outer loop
      vertex -34 -3 -30
      vertex -36 3 -30
      vertex -36 -3 -30
    endloop
  endfacet
  facet normal 0 -1 0
    outer loop
      vertex -36 3 -30
      vertex -34 3 60
      vertex -36 3 60
    endloop
  endfacet
  facet normal 0 -1 -0
    outer loop
      vertex -34 3 60
      vertex -36 3 -30
      vertex -34 3 -30
    endloop
  endfacet
  facet normal 0 1 -0
    outer loop
      vertex -34 -3 -30
      vertex -36 -3 60
      vertex -34 -3 60
    endloop
  endfacet
  facet normal 0 1 0
    outer loop
      vertex -36 -3 60
      vertex -34 -3 -30
      vertex -36 -3 -30
    endloop
  endfacet
  facet normal -0.980783 0 -0.1951
    outer loop
      vertex 5.45295 -37.4793 70.7179
      vertex 5.31259 -32.2361 71.4235
      vertex 5.45295 -32.5207 70.7179
    endloop
  endfacet
  facet normal -0.980783 -0 -0.1951
    outer loop
      vertex 5.31259 -32.2361 71.4235
      vertex 5.45295 -37.4793 70.7179
      vertex 5.31259 -37.7639 71.4235
    endloop
  endfacet
  facet normal -0.997859 0 -0.0653981
    outer loop
      vertex 5.5 -37.3839 70
      vertex 5.45295 -32.5207 70.7179
      vertex 5.5 -32.6161 70
    endloop
  endfacet
  facet normal -0.997859 -0 -0.0653981
    outer loop
      vertex 5.45295 -32.5207 70.7179
      vertex 5.5 -37.3839 70
      vertex 5.45295 -37.4793 70.7179
    endloop
  endfacet
  facet normal -0.980783 0 0.1951
    outer loop
      vertex 5.31259 -32.2361 68.5765
      vertex 5.45295 -37.4793 69.2821
      vertex 5.45295 -32.5207 69.2821
    endloop
  endfacet
  facet normal -0.980783 0 0.1951
    outer loop
      vertex 5.45295 -37.4793 69.2821
      vertex 5.31259 -32.2361 68.5765
      vertex 5.31259 -37.7639 68.5765
    endloop
  endfacet
  facet normal 0.946953 -0.000140159 -0.321371
    outer loop
      vertex -5.08134 -32 72.1048
      vertex -5.31259 -32.2361 71.4235
      vertex -5.19615 -32 71.7665
    endloop
  endfacet
  facet normal 0.946939 0 -0.321414
    outer loop
      vertex -5.08134 -32 72.1048
      vertex -5.31259 -37.7639 71.4235
      vertex -5.31259 -32.2361 71.4235
    endloop
  endfacet
  facet normal 0.946939 0 -0.321414
    outer loop
      vertex -5.08134 -38 72.1048
      vertex -5.31259 -37.7639 71.4235
      vertex -5.08134 -32 72.1048
    endloop
  endfacet
  facet normal 0.946953 0.000140159 -0.321371
    outer loop
      vertex -5.31259 -37.7639 71.4235
      vertex -5.08134 -38 72.1048
      vertex -5.19615 -38 71.7665
    endloop
  endfacet
  facet normal -0.831472 0 0.555566
    outer loop
      vertex 4.36344 -38 66.6518
      vertex 4.76314 -32 67.25
      vertex 4.36344 -32 66.6518
    endloop
  endfacet
  facet normal -0.831472 0 0.555566
    outer loop
      vertex 4.76314 -32 67.25
      vertex 4.36344 -38 66.6518
      vertex 4.76314 -38 67.25
    endloop
  endfacet
  facet normal -0.321494 0 -0.946912
    outer loop
      vertex 1.4235 -38 75.3126
      vertex 2.10476 -32 75.0813
      vertex 2.10476 -38 75.0813
    endloop
  endfacet
  facet normal -0.321494 0 -0.946912
    outer loop
      vertex 2.10476 -32 75.0813
      vertex 1.4235 -38 75.3126
      vertex 1.4235 -32 75.3126
    endloop
  endfacet
  facet normal -0.89686 0 0.442314
    outer loop
      vertex 4.76314 -38 67.25
      vertex 5.08134 -32 67.8952
      vertex 4.76314 -32 67.25
    endloop
  endfacet
  facet normal -0.89686 0 0.442314
    outer loop
      vertex 5.08134 -32 67.8952
      vertex 4.76314 -38 67.25
      vertex 5.08134 -38 67.8952
    endloop
  endfacet
  facet normal 0.0654678 0 -0.997855
    outer loop
      vertex -0.717894 -38 75.4529
      vertex 0 -32 75.5
      vertex 0 -38 75.5
    endloop
  endfacet
  facet normal 0.0654678 0 -0.997855
    outer loop
      vertex 0 -32 75.5
      vertex -0.717894 -38 75.4529
      vertex -0.717894 -32 75.4529
    endloop
  endfacet
  facet normal 0.555572 0 -0.831468
    outer loop
      vertex -3.34819 -38 74.3634
      vertex -2.75 -32 74.7631
      vertex -2.75 -38 74.7631
    endloop
  endfacet
  facet normal 0.555572 0 -0.831468
    outer loop
      vertex -2.75 -32 74.7631
      vertex -3.34819 -38 74.3634
      vertex -3.34819 -32 74.3634
    endloop
  endfacet
  facet normal 0.89686 0 -0.442314
    outer loop
      vertex -4.76314 -38 72.75
      vertex -5.08134 -32 72.1048
      vertex -4.76314 -32 72.75
    endloop
  endfacet
  facet normal 0.89686 0 -0.442314
    outer loop
      vertex -5.08134 -32 72.1048
      vertex -4.76314 -38 72.75
      vertex -5.08134 -38 72.1048
    endloop
  endfacet
  facet normal -0.442292 0 -0.896871
    outer loop
      vertex 2.10476 -38 75.0813
      vertex 2.75 -32 74.7631
      vertex 2.75 -38 74.7631
    endloop
  endfacet
  facet normal -0.442292 0 -0.896871
    outer loop
      vertex 2.75 -32 74.7631
      vertex 2.10476 -38 75.0813
      vertex 2.10476 -32 75.0813
    endloop
  endfacet
  facet normal -0.659301 0 -0.751879
    outer loop
      vertex 3.34819 -38 74.3634
      vertex 3.88909 -32 73.8891
      vertex 3.88909 -38 73.8891
    endloop
  endfacet
  facet normal -0.659301 0 -0.751879
    outer loop
      vertex 3.88909 -32 73.8891
      vertex 3.34819 -38 74.3634
      vertex 3.34819 -32 74.3634
    endloop
  endfacet
  facet normal -0.321494 0 0.946912
    outer loop
      vertex 1.4235 -32 64.6874
      vertex 2.10476 -38 64.9187
      vertex 2.10476 -32 64.9187
    endloop
  endfacet
  facet normal -0.321494 0 0.946912
    outer loop
      vertex 2.10476 -38 64.9187
      vertex 1.4235 -32 64.6874
      vertex 1.4235 -38 64.6874
    endloop
  endfacet
  facet normal -0.946953 -0.000140159 -0.321371
    outer loop
      vertex 5.31259 -32.2361 71.4235
      vertex 5.08134 -32 72.1048
      vertex 5.19615 -32 71.7665
    endloop
  endfacet
  facet normal -0.946939 0 -0.321414
    outer loop
      vertex 5.31259 -37.7639 71.4235
      vertex 5.08134 -32 72.1048
      vertex 5.31259 -32.2361 71.4235
    endloop
  endfacet
  facet normal -0.946953 0.000140159 -0.321371
    outer loop
      vertex 5.08134 -38 72.1048
      vertex 5.31259 -37.7639 71.4235
      vertex 5.19615 -38 71.7665
    endloop
  endfacet
  facet normal -0.946939 0 -0.321414
    outer loop
      vertex 5.31259 -37.7639 71.4235
      vertex 5.08134 -38 72.1048
      vertex 5.08134 -32 72.1048
    endloop
  endfacet
  facet normal -0.0654678 0 0.997855
    outer loop
      vertex 0 -32 64.5
      vertex 0.717894 -38 64.5471
      vertex 0.717894 -32 64.5471
    endloop
  endfacet
  facet normal -0.0654678 0 0.997855
    outer loop
      vertex 0.717894 -38 64.5471
      vertex 0 -32 64.5
      vertex 0 -38 64.5
    endloop
  endfacet
  facet normal 0.89686 -0 0.442314
    outer loop
      vertex -5.08134 -38 67.8952
      vertex -4.76314 -32 67.25
      vertex -5.08134 -32 67.8952
    endloop
  endfacet
  facet normal 0.89686 0 0.442314
    outer loop
      vertex -4.76314 -32 67.25
      vertex -5.08134 -38 67.8952
      vertex -4.76314 -38 67.25
    endloop
  endfacet
  facet normal 0.555572 0 0.831468
    outer loop
      vertex -3.34819 -32 65.6366
      vertex -2.75 -38 65.2369
      vertex -2.75 -32 65.2369
    endloop
  endfacet
  facet normal 0.555572 0 0.831468
    outer loop
      vertex -2.75 -38 65.2369
      vertex -3.34819 -32 65.6366
      vertex -3.34819 -38 65.6366
    endloop
  endfacet
  facet normal 0.659301 0 0.751879
    outer loop
      vertex -3.88909 -32 66.1109
      vertex -3.34819 -38 65.6366
      vertex -3.34819 -32 65.6366
    endloop
  endfacet
  facet normal 0.659301 0 0.751879
    outer loop
      vertex -3.34819 -38 65.6366
      vertex -3.88909 -32 66.1109
      vertex -3.88909 -38 66.1109
    endloop
  endfacet
  facet normal 0.751844 0 -0.659341
    outer loop
      vertex -3.88909 -38 73.8891
      vertex -4.36344 -32 73.3482
      vertex -3.88909 -32 73.8891
    endloop
  endfacet
  facet normal 0.751844 0 -0.659341
    outer loop
      vertex -4.36344 -32 73.3482
      vertex -3.88909 -38 73.8891
      vertex -4.36344 -38 73.3482
    endloop
  endfacet
  facet normal 0.442292 0 -0.896871
    outer loop
      vertex -2.75 -38 74.7631
      vertex -2.10476 -32 75.0813
      vertex -2.10476 -38 75.0813
    endloop
  endfacet
  facet normal 0.442292 0 -0.896871
    outer loop
      vertex -2.10476 -32 75.0813
      vertex -2.75 -38 74.7631
      vertex -2.75 -32 74.7631
    endloop
  endfacet
  facet normal -0.555572 0 -0.831468
    outer loop
      vertex 2.75 -38 74.7631
      vertex 3.34819 -32 74.3634
      vertex 3.34819 -38 74.3634
    endloop
  endfacet
  facet normal -0.555572 0 -0.831468
    outer loop
      vertex 3.34819 -32 74.3634
      vertex 2.75 -38 74.7631
      vertex 2.75 -32 74.7631
    endloop
  endfacet
  facet normal -0.89686 0 -0.442314
    outer loop
      vertex 5.08134 -38 72.1048
      vertex 4.76314 -32 72.75
      vertex 5.08134 -32 72.1048
    endloop
  endfacet
  facet normal -0.89686 -0 -0.442314
    outer loop
      vertex 4.76314 -32 72.75
      vertex 5.08134 -38 72.1048
      vertex 4.76314 -38 72.75
    endloop
  endfacet
  facet normal -0.195018 0 -0.9808
    outer loop
      vertex 0.717894 -38 75.4529
      vertex 1.4235 -32 75.3126
      vertex 1.4235 -38 75.3126
    endloop
  endfacet
  facet normal -0.195018 0 -0.9808
    outer loop
      vertex 1.4235 -32 75.3126
      vertex 0.717894 -38 75.4529
      vertex 0.717894 -32 75.4529
    endloop
  endfacet
  facet normal -0.442292 0 0.896871
    outer loop
      vertex 2.10476 -32 64.9187
      vertex 2.75 -38 65.2369
      vertex 2.75 -32 65.2369
    endloop
  endfacet
  facet normal -0.442292 0 0.896871
    outer loop
      vertex 2.75 -38 65.2369
      vertex 2.10476 -32 64.9187
      vertex 2.10476 -38 64.9187
    endloop
  endfacet
  facet normal -0.997859 0 0.0653981
    outer loop
      vertex 5.45295 -32.5207 69.2821
      vertex 5.5 -37.3839 70
      vertex 5.5 -32.6161 70
    endloop
  endfacet
  facet normal -0.997859 0 0.0653981
    outer loop
      vertex 5.5 -37.3839 70
      vertex 5.45295 -32.5207 69.2821
      vertex 5.45295 -37.4793 69.2821
    endloop
  endfacet
  facet normal 0 1 0
    outer loop
      vertex 0.717894 -38 75.4529
      vertex -0.717894 -38 75.4529
      vertex 0 -38 75.5
    endloop
  endfacet
  facet normal 0 1 0
    outer loop
      vertex 1.4235 -38 75.3126
      vertex -0.717894 -38 75.4529
      vertex 0.717894 -38 75.4529
    endloop
  endfacet
  facet normal 0 1 0
    outer loop
      vertex 1.4235 -38 75.3126
      vertex -1.4235 -38 75.3126
      vertex -0.717894 -38 75.4529
    endloop
  endfacet
  facet normal 0 1 0
    outer loop
      vertex 2.10476 -38 75.0813
      vertex -1.4235 -38 75.3126
      vertex 1.4235 -38 75.3126
    endloop
  endfacet
  facet normal 0 1 0
    outer loop
      vertex 2.10476 -38 75.0813
      vertex -2.10476 -38 75.0813
      vertex -1.4235 -38 75.3126
    endloop
  endfacet
  facet normal 0 1 0
    outer loop
      vertex 2.75 -38 74.7631
      vertex -2.10476 -38 75.0813
      vertex 2.10476 -38 75.0813
    endloop
  endfacet
  facet normal 0 1 0
    outer loop
      vertex 2.75 -38 74.7631
      vertex -2.75 -38 74.7631
      vertex -2.10476 -38 75.0813
    endloop
  endfacet
  facet normal 0 1 0
    outer loop
      vertex 3.34819 -38 74.3634
      vertex -2.75 -38 74.7631
      vertex 2.75 -38 74.7631
    endloop
  endfacet
  facet normal 0 1 0
    outer loop
      vertex 3.34819 -38 74.3634
      vertex -3.34819 -38 74.3634
      vertex -2.75 -38 74.7631
    endloop
  endfacet
  facet normal 0 1 0
    outer loop
      vertex 3.88909 -38 73.8891
      vertex -3.34819 -38 74.3634
      vertex 3.34819 -38 74.3634
    endloop
  endfacet
  facet normal 0 1 0
    outer loop
      vertex 3.88909 -38 73.8891
      vertex -3.88909 -38 73.8891
      vertex -3.34819 -38 74.3634
    endloop
  endfacet
  facet normal 0 1 0
    outer loop
      vertex 4.36344 -38 73.3482
      vertex -3.88909 -38 73.8891
      vertex 3.88909 -38 73.8891
    endloop
  endfacet
  facet normal 0 1 0
    outer loop
      vertex 4.36344 -38 73.3482
      vertex -4.36344 -38 73.3482
      vertex -3.88909 -38 73.8891
    endloop
  endfacet
  facet normal 0 1 0
    outer loop
      vertex 5.19615 -38 71.7665
      vertex 4.36344 -38 73.3482
      vertex 4.76314 -38 72.75
    endloop
  endfacet
  facet normal 0 1 0
    outer loop
      vertex 4.36344 -38 73.3482
      vertex 5.19615 -38 71.7665
      vertex -4.36344 -38 73.3482
    endloop
  endfacet
  facet normal 0 1 0
    outer loop
      vertex 5.19615 -38 71.7665
      vertex 4.76314 -38 72.75
      vertex 5.08134 -38 72.1048
    endloop
  endfacet
  facet normal 0 1 0
    outer loop
      vertex -5.19615 -38 71.7665
      vertex -4.36344 -38 73.3482
      vertex 5.19615 -38 71.7665
    endloop
  endfacet
  facet normal 0 1 0
    outer loop
      vertex -4.36344 -38 73.3482
      vertex -5.19615 -38 71.7665
      vertex -4.76314 -38 72.75
    endloop
  endfacet
  facet normal 0 1 0
    outer loop
      vertex -4.76314 -38 72.75
      vertex -5.19615 -38 71.7665
      vertex -5.08134 -38 72.1048
    endloop
  endfacet
  facet normal 0 1 -0
    outer loop
      vertex 5.19615 -38 68.2335
      vertex -5.19615 -38 71.7665
      vertex 5.19615 -38 71.7665
    endloop
  endfacet
  facet normal 0 1 0
    outer loop
      vertex 5.19615 -38 68.2335
      vertex -5.19615 -38 68.2335
      vertex -5.19615 -38 71.7665
    endloop
  endfacet
  facet normal 0 1 0
    outer loop
      vertex 4.76314 -38 67.25
      vertex 5.19615 -38 68.2335
      vertex 5.08134 -38 67.8952
    endloop
  endfacet
  facet normal 0 1 0
    outer loop
      vertex 4.36344 -38 66.6518
      vertex 5.19615 -38 68.2335
      vertex 4.76314 -38 67.25
    endloop
  endfacet
  facet normal 0 1 0
    outer loop
      vertex 5.19615 -38 68.2335
      vertex 4.36344 -38 66.6518
      vertex -5.19615 -38 68.2335
    endloop
  endfacet
  facet normal 0 1 0
    outer loop
      vertex -5.19615 -38 68.2335
      vertex -4.76314 -38 67.25
      vertex -5.08134 -38 67.8952
    endloop
  endfacet
  facet normal 0 1 -0
    outer loop
      vertex -4.36344 -38 66.6518
      vertex -5.19615 -38 68.2335
      vertex 4.36344 -38 66.6518
    endloop
  endfacet
  facet normal 0 1 0
    outer loop
      vertex -5.19615 -38 68.2335
      vertex -4.36344 -38 66.6518
      vertex -4.76314 -38 67.25
    endloop
  endfacet
  facet normal 0 1 -0
    outer loop
      vertex 3.88909 -38 66.1109
      vertex -4.36344 -38 66.6518
      vertex 4.36344 -38 66.6518
    endloop
  endfacet
  facet normal 0 1 0
    outer loop
      vertex 3.88909 -38 66.1109
      vertex -3.88909 -38 66.1109
      vertex -4.36344 -38 66.6518
    endloop
  endfacet
  facet normal 0 1 -0
    outer loop
      vertex 3.34819 -38 65.6366
      vertex -3.88909 -38 66.1109
      vertex 3.88909 -38 66.1109
    endloop
  endfacet
  facet normal 0 1 0
    outer loop
      vertex 3.34819 -38 65.6366
      vertex -3.34819 -38 65.6366
      vertex -3.88909 -38 66.1109
    endloop
  endfacet
  facet normal 0 1 -0
    outer loop
      vertex 2.75 -38 65.2369
      vertex -3.34819 -38 65.6366
      vertex 3.34819 -38 65.6366
    endloop
  endfacet
  facet normal 0 1 0
    outer loop
      vertex 2.75 -38 65.2369
      vertex -2.75 -38 65.2369
      vertex -3.34819 -38 65.6366
    endloop
  endfacet
  facet normal 0 1 -0
    outer loop
      vertex 2.10476 -38 64.9187
      vertex -2.75 -38 65.2369
      vertex 2.75 -38 65.2369
    endloop
  endfacet
  facet normal 0 1 0
    outer loop
      vertex 2.10476 -38 64.9187
      vertex -2.10476 -38 64.9187
      vertex -2.75 -38 65.2369
    endloop
  endfacet
  facet normal 0 1 -0
    outer loop
      vertex 1.4235 -38 64.6874
      vertex -2.10476 -38 64.9187
      vertex 2.10476 -38 64.9187
    endloop
  endfacet
  facet normal 0 1 0
    outer loop
      vertex 1.4235 -38 64.6874
      vertex -1.4235 -38 64.6874
      vertex -2.10476 -38 64.9187
    endloop
  endfacet
  facet normal 0 1 -0
    outer loop
      vertex 0.717894 -38 64.5471
      vertex -1.4235 -38 64.6874
      vertex 1.4235 -38 64.6874
    endloop
  endfacet
  facet normal 0 1 0
    outer loop
      vertex 0.717894 -38 64.5471
      vertex -0.717894 -38 64.5471
      vertex -1.4235 -38 64.6874
    endloop
  endfacet
  facet normal -0 1 0
    outer loop
      vertex -0.717894 -38 64.5471
      vertex 0.717894 -38 64.5471
      vertex 0 -38 64.5
    endloop
  endfacet
  facet normal 0.195018 0 -0.9808
    outer loop
      vertex -1.4235 -38 75.3126
      vertex -0.717894 -32 75.4529
      vertex -0.717894 -38 75.4529
    endloop
  endfacet
  facet normal 0.195018 0 -0.9808
    outer loop
      vertex -0.717894 -32 75.4529
      vertex -1.4235 -38 75.3126
      vertex -1.4235 -32 75.3126
    endloop
  endfacet
  facet normal -0.751844 0 0.659341
    outer loop
      vertex 3.88909 -38 66.1109
      vertex 4.36344 -32 66.6518
      vertex 3.88909 -32 66.1109
    endloop
  endfacet
  facet normal -0.751844 0 0.659341
    outer loop
      vertex 4.36344 -32 66.6518
      vertex 3.88909 -38 66.1109
      vertex 4.36344 -38 66.6518
    endloop
  endfacet
  facet normal -0.946953 -0.000140159 0.321371
    outer loop
      vertex 5.08134 -32 67.8952
      vertex 5.31259 -32.2361 68.5765
      vertex 5.19615 -32 68.2335
    endloop
  endfacet
  facet normal -0.946939 0 0.321414
    outer loop
      vertex 5.08134 -32 67.8952
      vertex 5.31259 -37.7639 68.5765
      vertex 5.31259 -32.2361 68.5765
    endloop
  endfacet
  facet normal -0.946939 0 0.321414
    outer loop
      vertex 5.08134 -38 67.8952
      vertex 5.31259 -37.7639 68.5765
      vertex 5.08134 -32 67.8952
    endloop
  endfacet
  facet normal -0.946953 0.000140159 0.321371
    outer loop
      vertex 5.31259 -37.7639 68.5765
      vertex 5.08134 -38 67.8952
      vertex 5.19615 -38 68.2335
    endloop
  endfacet
  facet normal 0.321494 0 -0.946912
    outer loop
      vertex -2.10476 -38 75.0813
      vertex -1.4235 -32 75.3126
      vertex -1.4235 -38 75.3126
    endloop
  endfacet
  facet normal 0.321494 0 -0.946912
    outer loop
      vertex -1.4235 -32 75.3126
      vertex -2.10476 -38 75.0813
      vertex -2.10476 -32 75.0813
    endloop
  endfacet
  facet normal 0.751844 -0 0.659341
    outer loop
      vertex -4.36344 -38 66.6518
      vertex -3.88909 -32 66.1109
      vertex -4.36344 -32 66.6518
    endloop
  endfacet
  facet normal 0.751844 0 0.659341
    outer loop
      vertex -3.88909 -32 66.1109
      vertex -4.36344 -38 66.6518
      vertex -3.88909 -38 66.1109
    endloop
  endfacet
  facet normal -0.831472 0 -0.555566
    outer loop
      vertex 4.76314 -38 72.75
      vertex 4.36344 -32 73.3482
      vertex 4.76314 -32 72.75
    endloop
  endfacet
  facet normal -0.831472 -0 -0.555566
    outer loop
      vertex 4.36344 -32 73.3482
      vertex 4.76314 -38 72.75
      vertex 4.36344 -38 73.3482
    endloop
  endfacet
  facet normal 0.195018 0 0.9808
    outer loop
      vertex -1.4235 -32 64.6874
      vertex -0.717894 -38 64.5471
      vertex -0.717894 -32 64.5471
    endloop
  endfacet
  facet normal 0.195018 0 0.9808
    outer loop
      vertex -0.717894 -38 64.5471
      vertex -1.4235 -32 64.6874
      vertex -1.4235 -38 64.6874
    endloop
  endfacet
  facet normal 0 -1 0
    outer loop
      vertex -0.717894 -32 75.4529
      vertex 0.717894 -32 75.4529
      vertex 0 -32 75.5
    endloop
  endfacet
  facet normal 0 -1 0
    outer loop
      vertex -1.4235 -32 75.3126
      vertex 0.717894 -32 75.4529
      vertex -0.717894 -32 75.4529
    endloop
  endfacet
  facet normal 0 -1 0
    outer loop
      vertex -1.4235 -32 75.3126
      vertex 1.4235 -32 75.3126
      vertex 0.717894 -32 75.4529
    endloop
  endfacet
  facet normal 0 -1 0
    outer loop
      vertex -2.10476 -32 75.0813
      vertex 1.4235 -32 75.3126
      vertex -1.4235 -32 75.3126
    endloop
  endfacet
  facet normal 0 -1 0
    outer loop
      vertex -2.10476 -32 75.0813
      vertex 2.10476 -32 75.0813
      vertex 1.4235 -32 75.3126
    endloop
  endfacet
  facet normal 0 -1 0
    outer loop
      vertex -2.75 -32 74.7631
      vertex 2.10476 -32 75.0813
      vertex -2.10476 -32 75.0813
    endloop
  endfacet
  facet normal 0 -1 0
    outer loop
      vertex -2.75 -32 74.7631
      vertex 2.75 -32 74.7631
      vertex 2.10476 -32 75.0813
    endloop
  endfacet
  facet normal 0 -1 0
    outer loop
      vertex -3.34819 -32 74.3634
      vertex 2.75 -32 74.7631
      vertex -2.75 -32 74.7631
    endloop
  endfacet
  facet normal 0 -1 0
    outer loop
      vertex -3.34819 -32 74.3634
      vertex 3.34819 -32 74.3634
      vertex 2.75 -32 74.7631
    endloop
  endfacet
  facet normal 0 -1 0
    outer loop
      vertex -3.88909 -32 73.8891
      vertex 3.34819 -32 74.3634
      vertex -3.34819 -32 74.3634
    endloop
  endfacet
  facet normal 0 -1 0
    outer loop
      vertex -3.88909 -32 73.8891
      vertex 3.88909 -32 73.8891
      vertex 3.34819 -32 74.3634
    endloop
  endfacet
  facet normal 0 -1 0
    outer loop
      vertex -4.36344 -32 73.3482
      vertex 3.88909 -32 73.8891
      vertex -3.88909 -32 73.8891
    endloop
  endfacet
  facet normal 0 -1 0
    outer loop
      vertex -4.36344 -32 73.3482
      vertex 4.36344 -32 73.3482
      vertex 3.88909 -32 73.8891
    endloop
  endfacet
  facet normal 0 -1 0
    outer loop
      vertex -5.19615 -32 71.7665
      vertex -4.36344 -32 73.3482
      vertex -4.76314 -32 72.75
    endloop
  endfacet
  facet normal 0 -1 -0
    outer loop
      vertex -4.36344 -32 73.3482
      vertex -5.19615 -32 71.7665
      vertex 4.36344 -32 73.3482
    endloop
  endfacet
  facet normal 0 -1 0
    outer loop
      vertex -5.19615 -32 71.7665
      vertex -4.76314 -32 72.75
      vertex -5.08134 -32 72.1048
    endloop
  endfacet
  facet normal 0 -1 0
    outer loop
      vertex 5.19615 -32 71.7665
      vertex 4.36344 -32 73.3482
      vertex -5.19615 -32 71.7665
    endloop
  endfacet
  facet normal 0 -1 0
    outer loop
      vertex 4.36344 -32 73.3482
      vertex 5.19615 -32 71.7665
      vertex 4.76314 -32 72.75
    endloop
  endfacet
  facet normal 0 -1 0
    outer loop
      vertex 4.76314 -32 72.75
      vertex 5.19615 -32 71.7665
      vertex 5.08134 -32 72.1048
    endloop
  endfacet
  facet normal 0 -1 0
    outer loop
      vertex -5.19615 -32 68.2335
      vertex 5.19615 -32 71.7665
      vertex -5.19615 -32 71.7665
    endloop
  endfacet
  facet normal 0 -1 0
    outer loop
      vertex -5.19615 -32 68.2335
      vertex 5.19615 -32 68.2335
      vertex 5.19615 -32 71.7665
    endloop
  endfacet
  facet normal 0 -1 0
    outer loop
      vertex -4.76314 -32 67.25
      vertex -5.19615 -32 68.2335
      vertex -5.08134 -32 67.8952
    endloop
  endfacet
  facet normal 0 -1 0
    outer loop
      vertex -4.36344 -32 66.6518
      vertex -5.19615 -32 68.2335
      vertex -4.76314 -32 67.25
    endloop
  endfacet
  facet normal 0 -1 0
    outer loop
      vertex -5.19615 -32 68.2335
      vertex -4.36344 -32 66.6518
      vertex 5.19615 -32 68.2335
    endloop
  endfacet
  facet normal 0 -1 0
    outer loop
      vertex 5.19615 -32 68.2335
      vertex 4.76314 -32 67.25
      vertex 5.08134 -32 67.8952
    endloop
  endfacet
  facet normal 0 -1 0
    outer loop
      vertex 4.36344 -32 66.6518
      vertex 5.19615 -32 68.2335
      vertex -4.36344 -32 66.6518
    endloop
  endfacet
  facet normal 0 -1 0
    outer loop
      vertex 5.19615 -32 68.2335
      vertex 4.36344 -32 66.6518
      vertex 4.76314 -32 67.25
    endloop
  endfacet
  facet normal 0 -1 0
    outer loop
      vertex -3.88909 -32 66.1109
      vertex 4.36344 -32 66.6518
      vertex -4.36344 -32 66.6518
    endloop
  endfacet
  facet normal 0 -1 0
    outer loop
      vertex -3.88909 -32 66.1109
      vertex 3.88909 -32 66.1109
      vertex 4.36344 -32 66.6518
    endloop
  endfacet
  facet normal 0 -1 0
    outer loop
      vertex -3.34819 -32 65.6366
      vertex 3.88909 -32 66.1109
      vertex -3.88909 -32 66.1109
    endloop
  endfacet
  facet normal 0 -1 0
    outer loop
      vertex -3.34819 -32 65.6366
      vertex 3.34819 -32 65.6366
      vertex 3.88909 -32 66.1109
    endloop
  endfacet
  facet normal 0 -1 0
    outer loop
      vertex -2.75 -32 65.2369
      vertex 3.34819 -32 65.6366
      vertex -3.34819 -32 65.6366
    endloop
  endfacet
  facet normal 0 -1 0
    outer loop
      vertex -2.75 -32 65.2369
      vertex 2.75 -32 65.2369
      vertex 3.34819 -32 65.6366
    endloop
  endfacet
  facet normal 0 -1 0
    outer loop
      vertex -2.10476 -32 64.9187
      vertex 2.75 -32 65.2369
      vertex -2.75 -32 65.2369
    endloop
  endfacet
  facet normal 0 -1 0
    outer loop
      vertex -2.10476 -32 64.9187
      vertex 2.10476 -32 64.9187
      vertex 2.75 -32 65.2369
    endloop
  endfacet
  facet normal 0 -1 0
    outer loop
      vertex -1.4235 -32 64.6874
      vertex 2.10476 -32 64.9187
      vertex -2.10476 -32 64.9187
    endloop
  endfacet
  facet normal 0 -1 0
    outer loop
      vertex -1.4235 -32 64.6874
      vertex 1.4235 -32 64.6874
      vertex 2.10476 -32 64.9187
    endloop
  endfacet
  facet normal 0 -1 0
    outer loop
      vertex -0.717894 -32 64.5471
      vertex 1.4235 -32 64.6874
      vertex -1.4235 -32 64.6874
    endloop
  endfacet
  facet normal 0 -1 0
    outer loop
      vertex -0.717894 -32 64.5471
      vertex 0.717894 -32 64.5471
      vertex 1.4235 -32 64.6874
    endloop
  endfacet
  facet normal -0 -1 0
    outer loop
      vertex 0.717894 -32 64.5471
      vertex -0.717894 -32 64.5471
      vertex 0 -32 64.5
    endloop
  endfacet
  facet normal -0.751844 0 -0.659341
    outer loop
      vertex 4.36344 -38 73.3482
      vertex 3.88909 -32 73.8891
      vertex 4.36344 -32 73.3482
    endloop
  endfacet
  facet normal -0.751844 -0 -0.659341
    outer loop
      vertex 3.88909 -32 73.8891
      vertex 4.36344 -38 73.3482
      vertex 3.88909 -38 73.8891
    endloop
  endfacet
  facet normal 0.442292 0 0.896871
    outer loop
      vertex -2.75 -32 65.2369
      vertex -2.10476 -38 64.9187
      vertex -2.10476 -32 64.9187
    endloop
  endfacet
  facet normal 0.442292 0 0.896871
    outer loop
      vertex -2.10476 -38 64.9187
      vertex -2.75 -32 65.2369
      vertex -2.75 -38 65.2369
    endloop
  endfacet
  facet normal -0.195018 0 0.9808
    outer loop
      vertex 0.717894 -32 64.5471
      vertex 1.4235 -38 64.6874
      vertex 1.4235 -32 64.6874
    endloop
  endfacet
  facet normal -0.195018 0 0.9808
    outer loop
      vertex 1.4235 -38 64.6874
      vertex 0.717894 -32 64.5471
      vertex 0.717894 -38 64.5471
    endloop
  endfacet
  facet normal 0.980783 -0 0.1951
    outer loop
      vertex -5.45295 -37.4793 69.2821
      vertex -5.31259 -32.2361 68.5765
      vertex -5.45295 -32.5207 69.2821
    endloop
  endfacet
  facet normal 0.980783 0 0.1951
    outer loop
      vertex -5.31259 -32.2361 68.5765
      vertex -5.45295 -37.4793 69.2821
      vertex -5.31259 -37.7639 68.5765
    endloop
  endfacet
  facet normal -0.659301 0 0.751879
    outer loop
      vertex 3.34819 -32 65.6366
      vertex 3.88909 -38 66.1109
      vertex 3.88909 -32 66.1109
    endloop
  endfacet
  facet normal -0.659301 0 0.751879
    outer loop
      vertex 3.88909 -38 66.1109
      vertex 3.34819 -32 65.6366
      vertex 3.34819 -38 65.6366
    endloop
  endfacet
  facet normal 0.321494 0 0.946912
    outer loop
      vertex -2.10476 -32 64.9187
      vertex -1.4235 -38 64.6874
      vertex -1.4235 -32 64.6874
    endloop
  endfacet
  facet normal 0.321494 0 0.946912
    outer loop
      vertex -1.4235 -38 64.6874
      vertex -2.10476 -32 64.9187
      vertex -2.10476 -38 64.9187
    endloop
  endfacet
  facet normal 0.946953 -0.000140159 0.321371
    outer loop
      vertex -5.31259 -32.2361 68.5765
      vertex -5.08134 -32 67.8952
      vertex -5.19615 -32 68.2335
    endloop
  endfacet
  facet normal 0.946939 -0 0.321414
    outer loop
      vertex -5.31259 -37.7639 68.5765
      vertex -5.08134 -32 67.8952
      vertex -5.31259 -32.2361 68.5765
    endloop
  endfacet
  facet normal 0.946953 0.000140159 0.321371
    outer loop
      vertex -5.08134 -38 67.8952
      vertex -5.31259 -37.7639 68.5765
      vertex -5.19615 -38 68.2335
    endloop
  endfacet
  facet normal 0.946939 0 0.321414
    outer loop
      vertex -5.31259 -37.7639 68.5765
      vertex -5.08134 -38 67.8952
      vertex -5.08134 -32 67.8952
    endloop
  endfacet
  facet normal -0.555572 0 0.831468
    outer loop
      vertex 2.75 -32 65.2369
      vertex 3.34819 -38 65.6366
      vertex 3.34819 -32 65.6366
    endloop
  endfacet
  facet normal -0.555572 0 0.831468
    outer loop
      vertex 3.34819 -38 65.6366
      vertex 2.75 -32 65.2369
      vertex 2.75 -38 65.2369
    endloop
  endfacet
  facet normal 0.980783 0 -0.1951
    outer loop
      vertex -5.31259 -32.2361 71.4235
      vertex -5.45295 -37.4793 70.7179
      vertex -5.45295 -32.5207 70.7179
    endloop
  endfacet
  facet normal 0.980783 0 -0.1951
    outer loop
      vertex -5.45295 -37.4793 70.7179
      vertex -5.31259 -32.2361 71.4235
      vertex -5.31259 -37.7639 71.4235
    endloop
  endfacet
  facet normal 0.659301 0 -0.751879
    outer loop
      vertex -3.88909 -38 73.8891
      vertex -3.34819 -32 74.3634
      vertex -3.34819 -38 74.3634
    endloop
  endfacet
  facet normal 0.659301 0 -0.751879
    outer loop
      vertex -3.34819 -32 74.3634
      vertex -3.88909 -38 73.8891
      vertex -3.88909 -32 73.8891
    endloop
  endfacet
  facet normal 0.997859 -0 0.0653981
    outer loop
      vertex -5.5 -37.3839 70
      vertex -5.45295 -32.5207 69.2821
      vertex -5.5 -32.6161 70
    endloop
  endfacet
  facet normal 0.997859 0 0.0653981
    outer loop
      vertex -5.45295 -32.5207 69.2821
      vertex -5.5 -37.3839 70
      vertex -5.45295 -37.4793 69.2821
    endloop
  endfacet
  facet normal -0.0654678 0 -0.997855
    outer loop
      vertex 0 -38 75.5
      vertex 0.717894 -32 75.4529
      vertex 0.717894 -38 75.4529
    endloop
  endfacet
  facet normal -0.0654678 0 -0.997855
    outer loop
      vertex 0.717894 -32 75.4529
      vertex 0 -38 75.5
      vertex 0 -32 75.5
    endloop
  endfacet
  facet normal 0.997859 0 -0.0653981
    outer loop
      vertex -5.45295 -32.5207 70.7179
      vertex -5.5 -37.3839 70
      vertex -5.5 -32.6161 70
    endloop
  endfacet
  facet normal 0.997859 0 -0.0653981
    outer loop
      vertex -5.5 -37.3839 70
      vertex -5.45295 -32.5207 70.7179
      vertex -5.45295 -37.4793 70.7179
    endloop
  endfacet
  facet normal 0.831472 0 -0.555566
    outer loop
      vertex -4.36344 -38 73.3482
      vertex -4.76314 -32 72.75
      vertex -4.36344 -32 73.3482
    endloop
  endfacet
  facet normal 0.831472 0 -0.555566
    outer loop
      vertex -4.76314 -32 72.75
      vertex -4.36344 -38 73.3482
      vertex -4.76314 -38 72.75
    endloop
  endfacet
  facet normal 0.831472 -0 0.555566
    outer loop
      vertex -4.76314 -38 67.25
      vertex -4.36344 -32 66.6518
      vertex -4.76314 -32 67.25
    endloop
  endfacet
  facet normal 0.831472 0 0.555566
    outer loop
      vertex -4.36344 -32 66.6518
      vertex -4.76314 -38 67.25
      vertex -4.36344 -38 66.6518
    endloop
  endfacet
  facet normal 0.0654678 0 0.997855
    outer loop
      vertex -0.717894 -32 64.5471
      vertex 0 -38 64.5
      vertex 0 -32 64.5
    endloop
  endfacet
  facet normal 0.0654678 0 0.997855
    outer loop
      vertex 0 -38 64.5
      vertex -0.717894 -32 64.5471
      vertex -0.717894 -38 64.5471
    endloop
  endfacet
  facet normal -0.980799 0 -0.19502
    outer loop
      vertex -23.5471 -3 76.7179
      vertex -23.6874 3 77.4235
      vertex -23.5471 3 76.7179
    endloop
  endfacet
  facet normal -0.980799 -0 -0.19502
    outer loop
      vertex -23.6874 3 77.4235
      vertex -23.5471 -3 76.7179
      vertex -23.6874 -3 77.4235
    endloop
  endfacet
  facet normal -0.997855 0 -0.0654673
    outer loop
      vertex -23.5 -3 76
      vertex -23.5471 3 76.7179
      vertex -23.5 3 76
    endloop
  endfacet
  facet normal -0.997855 -0 -0.0654673
    outer loop
      vertex -23.5471 3 76.7179
      vertex -23.5 -3 76
      vertex -23.5471 -3 76.7179
    endloop
  endfacet
  facet normal 0.321477 0 -0.946918
    outer loop
      vertex -31.1048 -3 81.0813
      vertex -30.4235 3 81.3126
      vertex -30.4235 -3 81.3126
    endloop
  endfacet
  facet normal 0.321477 0 -0.946918
    outer loop
      vertex -30.4235 3 81.3126
      vertex -31.1048 -3 81.0813
      vertex -31.1048 3 81.0813
    endloop
  endfacet
  facet normal 0.997855 -0 0.0654673
    outer loop
      vertex -34.5 -3 76
      vertex -34.4529 3 75.2821
      vertex -34.5 3 76
    endloop
  endfacet
  facet normal 0.997855 0 0.0654673
    outer loop
      vertex -34.4529 3 75.2821
      vertex -34.5 -3 76
      vertex -34.4529 -3 75.2821
    endloop
  endfacet
  facet normal -0.0654673 0 -0.997855
    outer loop
      vertex -29 -3 81.5
      vertex -28.2821 3 81.4529
      vertex -28.2821 -3 81.4529
    endloop
  endfacet
  facet normal -0.0654673 0 -0.997855
    outer loop
      vertex -28.2821 3 81.4529
      vertex -29 -3 81.5
      vertex -29 3 81.5
    endloop
  endfacet
  facet normal 0.0654673 0 -0.997855
    outer loop
      vertex -29.7179 -3 81.4529
      vertex -29 3 81.5
      vertex -29 -3 81.5
    endloop
  endfacet
  facet normal 0.0654673 0 -0.997855
    outer loop
      vertex -29 3 81.5
      vertex -29.7179 -3 81.4529
      vertex -29.7179 3 81.4529
    endloop
  endfacet
  facet normal -0.896915 0 -0.442203
    outer loop
      vertex -23.9187 -3 78.1048
      vertex -24 3 78.2697
      vertex -23.9187 3 78.1048
    endloop
  endfacet
  facet normal -0.896915 -0 -0.442203
    outer loop
      vertex -24 3 78.2697
      vertex -23.9187 -3 78.1048
      vertex -24 -3 78.2697
    endloop
  endfacet
  facet normal -0.946918 0 -0.321477
    outer loop
      vertex -23.6874 -3 77.4235
      vertex -23.9187 3 78.1048
      vertex -23.6874 3 77.4235
    endloop
  endfacet
  facet normal -0.946918 -0 -0.321477
    outer loop
      vertex -23.9187 3 78.1048
      vertex -23.6874 -3 77.4235
      vertex -23.9187 -3 78.1048
    endloop
  endfacet
  facet normal 0.555566 0 -0.831472
    outer loop
      vertex -32.3482 -3 80.3634
      vertex -31.75 3 80.7631
      vertex -31.75 -3 80.7631
    endloop
  endfacet
  facet normal 0.555566 0 -0.831472
    outer loop
      vertex -31.75 3 80.7631
      vertex -32.3482 -3 80.3634
      vertex -32.3482 3 80.3634
    endloop
  endfacet
  facet normal 0.896915 -0 0.442203
    outer loop
      vertex -34.0813 -3 73.8952
      vertex -34 3 73.7303
      vertex -34.0813 3 73.8952
    endloop
  endfacet
  facet normal 0.896915 0 0.442203
    outer loop
      vertex -34 3 73.7303
      vertex -34.0813 -3 73.8952
      vertex -34 -3 73.7303
    endloop
  endfacet
  facet normal -0.946918 0 0.321477
    outer loop
      vertex -23.9187 -3 73.8952
      vertex -23.6874 3 74.5765
      vertex -23.9187 3 73.8952
    endloop
  endfacet
  facet normal -0.946918 0 0.321477
    outer loop
      vertex -23.6874 3 74.5765
      vertex -23.9187 -3 73.8952
      vertex -23.6874 -3 74.5765
    endloop
  endfacet
  facet normal 0.980799 0 -0.19502
    outer loop
      vertex -34.3126 -3 77.4235
      vertex -34.4529 3 76.7179
      vertex -34.3126 3 77.4235
    endloop
  endfacet
  facet normal 0.980799 0 -0.19502
    outer loop
      vertex -34.4529 3 76.7179
      vertex -34.3126 -3 77.4235
      vertex -34.4529 -3 76.7179
    endloop
  endfacet
  facet normal 0.946918 -0 0.321477
    outer loop
      vertex -34.3126 -3 74.5765
      vertex -34.0813 3 73.8952
      vertex -34.3126 3 74.5765
    endloop
  endfacet
  facet normal 0.946918 0 0.321477
    outer loop
      vertex -34.0813 3 73.8952
      vertex -34.3126 -3 74.5765
      vertex -34.0813 -3 73.8952
    endloop
  endfacet
  facet normal -0.997855 0 0.0654673
    outer loop
      vertex -23.5471 -3 75.2821
      vertex -23.5 3 76
      vertex -23.5471 3 75.2821
    endloop
  endfacet
  facet normal -0.997855 0 0.0654673
    outer loop
      vertex -23.5 3 76
      vertex -23.5471 -3 75.2821
      vertex -23.5 -3 76
    endloop
  endfacet
  facet normal 0 1 0
    outer loop
      vertex -28.2821 -3 81.4529
      vertex -29.7179 -3 81.4529
      vertex -29 -3 81.5
    endloop
  endfacet
  facet normal 0 1 0
    outer loop
      vertex -27.5765 -3 81.3126
      vertex -29.7179 -3 81.4529
      vertex -28.2821 -3 81.4529
    endloop
  endfacet
  facet normal 0 1 0
    outer loop
      vertex -27.5765 -3 81.3126
      vertex -30.4235 -3 81.3126
      vertex -29.7179 -3 81.4529
    endloop
  endfacet
  facet normal 0 1 0
    outer loop
      vertex -26.8952 -3 81.0813
      vertex -30.4235 -3 81.3126
      vertex -27.5765 -3 81.3126
    endloop
  endfacet
  facet normal 0 1 0
    outer loop
      vertex -26.8952 -3 81.0813
      vertex -31.1048 -3 81.0813
      vertex -30.4235 -3 81.3126
    endloop
  endfacet
  facet normal 0 1 0
    outer loop
      vertex -26.25 -3 80.7631
      vertex -31.1048 -3 81.0813
      vertex -26.8952 -3 81.0813
    endloop
  endfacet
  facet normal 0 1 0
    outer loop
      vertex -26.25 -3 80.7631
      vertex -31.75 -3 80.7631
      vertex -31.1048 -3 81.0813
    endloop
  endfacet
  facet normal 0 1 0
    outer loop
      vertex -25.2374 -3 80
      vertex -26.25 -3 80.7631
      vertex -25.6518 -3 80.3634
    endloop
  endfacet
  facet normal 0 1 0
    outer loop
      vertex -26.25 -3 80.7631
      vertex -25.2374 -3 80
      vertex -31.75 -3 80.7631
    endloop
  endfacet
  facet normal 0 1 0
    outer loop
      vertex -32.7626 -3 80
      vertex -31.75 -3 80.7631
      vertex -25.2374 -3 80
    endloop
  endfacet
  facet normal 0 1 0
    outer loop
      vertex -31.75 -3 80.7631
      vertex -32.7626 -3 80
      vertex -32.3482 -3 80.3634
    endloop
  endfacet
  facet normal 0 1 0
    outer loop
      vertex -34 -3 78.2697
      vertex -34.3126 -3 77.4235
      vertex -34.0813 -3 78.1048
    endloop
  endfacet
  facet normal 0 1 0
    outer loop
      vertex -34 -3 78.2697
      vertex -34.4529 -3 76.7179
      vertex -34.3126 -3 77.4235
    endloop
  endfacet
  facet normal 0 1 0
    outer loop
      vertex -34 -3 78.2697
      vertex -34.5 -3 76
      vertex -34.4529 -3 76.7179
    endloop
  endfacet
  facet normal 0 1 0
    outer loop
      vertex -34 -3 78.2697
      vertex -34.4529 -3 75.2821
      vertex -34.5 -3 76
    endloop
  endfacet
  facet normal 0 1 0
    outer loop
      vertex -34 -3 78.2697
      vertex -34.3126 -3 74.5765
      vertex -34.4529 -3 75.2821
    endloop
  endfacet
  facet normal 0 1 -0
    outer loop
      vertex -34 -3 73.7303
      vertex -34.3126 -3 74.5765
      vertex -34 -3 78.2697
    endloop
  endfacet
  facet normal 0 1 0
    outer loop
      vertex -34.3126 -3 74.5765
      vertex -34 -3 73.7303
      vertex -34.0813 -3 73.8952
    endloop
  endfacet
  facet normal 0 1 0
    outer loop
      vertex -23.6874 -3 77.4235
      vertex -24 -3 78.2697
      vertex -23.9187 -3 78.1048
    endloop
  endfacet
  facet normal 0 1 0
    outer loop
      vertex -23.5471 -3 76.7179
      vertex -24 -3 78.2697
      vertex -23.6874 -3 77.4235
    endloop
  endfacet
  facet normal 0 1 0
    outer loop
      vertex -23.5 -3 76
      vertex -24 -3 78.2697
      vertex -23.5471 -3 76.7179
    endloop
  endfacet
  facet normal 0 1 -0
    outer loop
      vertex -23.5471 -3 75.2821
      vertex -24 -3 78.2697
      vertex -23.5 -3 76
    endloop
  endfacet
  facet normal 0 1 -0
    outer loop
      vertex -23.6874 -3 74.5765
      vertex -24 -3 78.2697
      vertex -23.5471 -3 75.2821
    endloop
  endfacet
  facet normal 0 1 0
    outer loop
      vertex -24 -3 73.7303
      vertex -23.6874 -3 74.5765
      vertex -23.9187 -3 73.8952
    endloop
  endfacet
  facet normal 0 1 0
    outer loop
      vertex -23.6874 -3 74.5765
      vertex -24 -3 73.7303
      vertex -24 -3 78.2697
    endloop
  endfacet
  facet normal -0.659326 0 -0.751857
    outer loop
      vertex -25.6518 -3 80.3634
      vertex -25.2374 3 80
      vertex -25.2374 -3 80
    endloop
  endfacet
  facet normal -0.659326 0 -0.751857
    outer loop
      vertex -25.2374 3 80
      vertex -25.6518 -3 80.3634
      vertex -25.6518 3 80.3634
    endloop
  endfacet
  facet normal -0.442314 0 -0.89686
    outer loop
      vertex -26.8952 -3 81.0813
      vertex -26.25 3 80.7631
      vertex -26.25 -3 80.7631
    endloop
  endfacet
  facet normal -0.442314 0 -0.89686
    outer loop
      vertex -26.25 3 80.7631
      vertex -26.8952 -3 81.0813
      vertex -26.8952 3 81.0813
    endloop
  endfacet
  facet normal -0.555566 0 -0.831472
    outer loop
      vertex -26.25 -3 80.7631
      vertex -25.6518 3 80.3634
      vertex -25.6518 -3 80.3634
    endloop
  endfacet
  facet normal -0.555566 0 -0.831472
    outer loop
      vertex -25.6518 3 80.3634
      vertex -26.25 -3 80.7631
      vertex -26.25 3 80.7631
    endloop
  endfacet
  facet normal 0.659326 0 -0.751857
    outer loop
      vertex -32.7626 -3 80
      vertex -32.3482 3 80.3634
      vertex -32.3482 -3 80.3634
    endloop
  endfacet
  facet normal 0.659326 0 -0.751857
    outer loop
      vertex -32.3482 3 80.3634
      vertex -32.7626 -3 80
      vertex -32.7626 3 80
    endloop
  endfacet
  facet normal 0.442314 0 -0.89686
    outer loop
      vertex -31.75 -3 80.7631
      vertex -31.1048 3 81.0813
      vertex -31.1048 -3 81.0813
    endloop
  endfacet
  facet normal 0.442314 0 -0.89686
    outer loop
      vertex -31.1048 3 81.0813
      vertex -31.75 -3 80.7631
      vertex -31.75 3 80.7631
    endloop
  endfacet
  facet normal -0.980799 0 0.19502
    outer loop
      vertex -23.6874 -3 74.5765
      vertex -23.5471 3 75.2821
      vertex -23.6874 3 74.5765
    endloop
  endfacet
  facet normal -0.980799 0 0.19502
    outer loop
      vertex -23.5471 3 75.2821
      vertex -23.6874 -3 74.5765
      vertex -23.5471 -3 75.2821
    endloop
  endfacet
  facet normal 0.980799 -0 0.19502
    outer loop
      vertex -34.4529 -3 75.2821
      vertex -34.3126 3 74.5765
      vertex -34.4529 3 75.2821
    endloop
  endfacet
  facet normal 0.980799 0 0.19502
    outer loop
      vertex -34.3126 3 74.5765
      vertex -34.4529 -3 75.2821
      vertex -34.3126 -3 74.5765
    endloop
  endfacet
  facet normal 0.997855 0 -0.0654673
    outer loop
      vertex -34.4529 -3 76.7179
      vertex -34.5 3 76
      vertex -34.4529 3 76.7179
    endloop
  endfacet
  facet normal 0.997855 0 -0.0654673
    outer loop
      vertex -34.5 3 76
      vertex -34.4529 -3 76.7179
      vertex -34.5 -3 76
    endloop
  endfacet
  facet normal 0.896915 0 -0.442203
    outer loop
      vertex -34 -3 78.2697
      vertex -34.0813 3 78.1048
      vertex -34 3 78.2697
    endloop
  endfacet
  facet normal 0.896915 0 -0.442203
    outer loop
      vertex -34.0813 3 78.1048
      vertex -34 -3 78.2697
      vertex -34.0813 -3 78.1048
    endloop
  endfacet
  facet normal 0.19502 0 -0.980799
    outer loop
      vertex -30.4235 -3 81.3126
      vertex -29.7179 3 81.4529
      vertex -29.7179 -3 81.4529
    endloop
  endfacet
  facet normal 0.19502 0 -0.980799
    outer loop
      vertex -29.7179 3 81.4529
      vertex -30.4235 -3 81.3126
      vertex -30.4235 3 81.3126
    endloop
  endfacet
  facet normal -0.19502 0 -0.980799
    outer loop
      vertex -28.2821 -3 81.4529
      vertex -27.5765 3 81.3126
      vertex -27.5765 -3 81.3126
    endloop
  endfacet
  facet normal -0.19502 0 -0.980799
    outer loop
      vertex -27.5765 3 81.3126
      vertex -28.2821 -3 81.4529
      vertex -28.2821 3 81.4529
    endloop
  endfacet
  facet normal -0.896915 0 0.442203
    outer loop
      vertex -24 -3 73.7303
      vertex -23.9187 3 73.8952
      vertex -24 3 73.7303
    endloop
  endfacet
  facet normal -0.896915 0 0.442203
    outer loop
      vertex -23.9187 3 73.8952
      vertex -24 -3 73.7303
      vertex -23.9187 -3 73.8952
    endloop
  endfacet
  facet normal 0 -1 0
    outer loop
      vertex -24 3 78.2697
      vertex -23.6874 3 77.4235
      vertex -23.9187 3 78.1048
    endloop
  endfacet
  facet normal 0 -1 0
    outer loop
      vertex -24 3 78.2697
      vertex -23.5471 3 76.7179
      vertex -23.6874 3 77.4235
    endloop
  endfacet
  facet normal 0 -1 0
    outer loop
      vertex -24 3 78.2697
      vertex -23.5 3 76
      vertex -23.5471 3 76.7179
    endloop
  endfacet
  facet normal 0 -1 0
    outer loop
      vertex -24 3 78.2697
      vertex -23.5471 3 75.2821
      vertex -23.5 3 76
    endloop
  endfacet
  facet normal 0 -1 0
    outer loop
      vertex -24 3 78.2697
      vertex -23.6874 3 74.5765
      vertex -23.5471 3 75.2821
    endloop
  endfacet
  facet normal 0 -1 0
    outer loop
      vertex -24 3 73.7303
      vertex -23.6874 3 74.5765
      vertex -24 3 78.2697
    endloop
  endfacet
  facet normal 0 -1 0
    outer loop
      vertex -23.6874 3 74.5765
      vertex -24 3 73.7303
      vertex -23.9187 3 73.8952
    endloop
  endfacet
  facet normal 0 -1 0
    outer loop
      vertex -29.7179 3 81.4529
      vertex -28.2821 3 81.4529
      vertex -29 3 81.5
    endloop
  endfacet
  facet normal 0 -1 0
    outer loop
      vertex -30.4235 3 81.3126
      vertex -28.2821 3 81.4529
      vertex -29.7179 3 81.4529
    endloop
  endfacet
  facet normal 0 -1 0
    outer loop
      vertex -30.4235 3 81.3126
      vertex -27.5765 3 81.3126
      vertex -28.2821 3 81.4529
    endloop
  endfacet
  facet normal 0 -1 0
    outer loop
      vertex -31.1048 3 81.0813
      vertex -27.5765 3 81.3126
      vertex -30.4235 3 81.3126
    endloop
  endfacet
  facet normal 0 -1 0
    outer loop
      vertex -31.1048 3 81.0813
      vertex -26.8952 3 81.0813
      vertex -27.5765 3 81.3126
    endloop
  endfacet
  facet normal 0 -1 0
    outer loop
      vertex -31.75 3 80.7631
      vertex -26.8952 3 81.0813
      vertex -31.1048 3 81.0813
    endloop
  endfacet
  facet normal 0 -1 0
    outer loop
      vertex -31.75 3 80.7631
      vertex -26.25 3 80.7631
      vertex -26.8952 3 81.0813
    endloop
  endfacet
  facet normal 0 -1 0
    outer loop
      vertex -32.7626 3 80
      vertex -31.75 3 80.7631
      vertex -32.3482 3 80.3634
    endloop
  endfacet
  facet normal 0 -1 -0
    outer loop
      vertex -31.75 3 80.7631
      vertex -32.7626 3 80
      vertex -26.25 3 80.7631
    endloop
  endfacet
  facet normal 0 -1 0
    outer loop
      vertex -25.2374 3 80
      vertex -26.25 3 80.7631
      vertex -32.7626 3 80
    endloop
  endfacet
  facet normal 0 -1 0
    outer loop
      vertex -26.25 3 80.7631
      vertex -25.2374 3 80
      vertex -25.6518 3 80.3634
    endloop
  endfacet
  facet normal 0 -1 0
    outer loop
      vertex -34.3126 3 77.4235
      vertex -34 3 78.2697
      vertex -34.0813 3 78.1048
    endloop
  endfacet
  facet normal 0 -1 0
    outer loop
      vertex -34.4529 3 76.7179
      vertex -34 3 78.2697
      vertex -34.3126 3 77.4235
    endloop
  endfacet
  facet normal 0 -1 0
    outer loop
      vertex -34.5 3 76
      vertex -34 3 78.2697
      vertex -34.4529 3 76.7179
    endloop
  endfacet
  facet normal 0 -1 0
    outer loop
      vertex -34.4529 3 75.2821
      vertex -34 3 78.2697
      vertex -34.5 3 76
    endloop
  endfacet
  facet normal 0 -1 0
    outer loop
      vertex -34.3126 3 74.5765
      vertex -34 3 78.2697
      vertex -34.4529 3 75.2821
    endloop
  endfacet
  facet normal 0 -1 0
    outer loop
      vertex -34 3 73.7303
      vertex -34.3126 3 74.5765
      vertex -34.0813 3 73.8952
    endloop
  endfacet
  facet normal 0 -1 0
    outer loop
      vertex -34.3126 3 74.5765
      vertex -34 3 73.7303
      vertex -34 3 78.2697
    endloop
  endfacet
  facet normal 0.946918 0 -0.321477
    outer loop
      vertex -34.0813 -3 78.1048
      vertex -34.3126 3 77.4235
      vertex -34.0813 3 78.1048
    endloop
  endfacet
  facet normal 0.946918 0 -0.321477
    outer loop
      vertex -34.3126 3 77.4235
      vertex -34.0813 -3 78.1048
      vertex -34.3126 -3 77.4235
    endloop
  endfacet
  facet normal -0.321477 0 -0.946918
    outer loop
      vertex -27.5765 -3 81.3126
      vertex -26.8952 3 81.0813
      vertex -26.8952 -3 81.0813
    endloop
  endfacet
  facet normal -0.321477 0 -0.946918
    outer loop
      vertex -26.8952 3 81.0813
      vertex -27.5765 -3 81.3126
      vertex -27.5765 3 81.3126
    endloop
  endfacet
  facet normal -0.98077 -0.195167 0
    outer loop
      vertex -27.3145 0.221894 -50
      vertex -27.3579 0.439992 -44
      vertex -27.3579 0.439992 -50
    endloop
  endfacet
  facet normal -0.98077 -0.195167 0
    outer loop
      vertex -27.3579 0.439992 -44
      vertex -27.3145 0.221894 -50
      vertex -27.3145 0.221894 -44
    endloop
  endfacet
  facet normal -0.997872 -0.0652074 0
    outer loop
      vertex -27.3 0 -50
      vertex -27.3145 0.221894 -44
      vertex -27.3145 0.221894 -50
    endloop
  endfacet
  facet normal -0.997872 -0.0652074 0
    outer loop
      vertex -27.3145 0.221894 -44
      vertex -27.3 0 -50
      vertex -27.3 0 -44
    endloop
  endfacet
  facet normal -0.0653848 0.99786 0
    outer loop
      vertex -28.7781 -1.68546 -50
      vertex -29 -1.7 -44
      vertex -28.7781 -1.68546 -44
    endloop
  endfacet
  facet normal -0.0653848 0.99786 0
    outer loop
      vertex -29 -1.7 -44
      vertex -28.7781 -1.68546 -50
      vertex -29 -1.7 -50
    endloop
  endfacet
  facet normal 0.659319 -0.751863 0
    outer loop
      vertex -30.2021 1.20208 -50
      vertex -30.0349 1.3487 -44
      vertex -30.2021 1.20208 -44
    endloop
  endfacet
  facet normal 0.659319 -0.751863 0
    outer loop
      vertex -30.0349 1.3487 -44
      vertex -30.2021 1.20208 -50
      vertex -30.0349 1.3487 -50
    endloop
  endfacet
  facet normal 0.831553 0.555445 0
    outer loop
      vertex -30.3487 -1.03489 -44
      vertex -30.4722 -0.849999 -50
      vertex -30.4722 -0.849999 -44
    endloop
  endfacet
  facet normal 0.831553 0.555445 0
    outer loop
      vertex -30.4722 -0.849999 -50
      vertex -30.3487 -1.03489 -44
      vertex -30.3487 -1.03489 -50
    endloop
  endfacet
  facet normal 0.195122 0.980779 -0
    outer loop
      vertex -29.2219 -1.68546 -50
      vertex -29.44 -1.64207 -44
      vertex -29.2219 -1.68546 -44
    endloop
  endfacet
  facet normal 0.195122 0.980779 0
    outer loop
      vertex -29.44 -1.64207 -44
      vertex -29.2219 -1.68546 -50
      vertex -29.44 -1.64207 -50
    endloop
  endfacet
  facet normal -0.659319 -0.751863 0
    outer loop
      vertex -27.9651 1.3487 -50
      vertex -27.7979 1.20208 -44
      vertex -27.9651 1.3487 -44
    endloop
  endfacet
  facet normal -0.659319 -0.751863 -0
    outer loop
      vertex -27.7979 1.20208 -44
      vertex -27.9651 1.3487 -50
      vertex -27.7979 1.20208 -50
    endloop
  endfacet
  facet normal -0.946901 0.321526 0
    outer loop
      vertex -27.4294 -0.650561 -50
      vertex -27.3579 -0.439992 -44
      vertex -27.3579 -0.439992 -50
    endloop
  endfacet
  facet normal -0.946901 0.321526 0
    outer loop
      vertex -27.3579 -0.439992 -44
      vertex -27.4294 -0.650561 -50
      vertex -27.4294 -0.650561 -44
    endloop
  endfacet
  facet normal -0.751888 0.659291 0
    outer loop
      vertex -27.7979 -1.20208 -50
      vertex -27.6513 -1.03489 -44
      vertex -27.6513 -1.03489 -50
    endloop
  endfacet
  facet normal -0.751888 0.659291 0
    outer loop
      vertex -27.6513 -1.03489 -44
      vertex -27.7979 -1.20208 -50
      vertex -27.7979 -1.20208 -44
    endloop
  endfacet
  facet normal -0.751888 -0.659291 0
    outer loop
      vertex -27.6513 1.03489 -50
      vertex -27.7979 1.20208 -44
      vertex -27.7979 1.20208 -50
    endloop
  endfacet
  facet normal -0.751888 -0.659291 0
    outer loop
      vertex -27.7979 1.20208 -44
      vertex -27.6513 1.03489 -50
      vertex -27.6513 1.03489 -44
    endloop
  endfacet
  facet normal 0.946901 0.321526 0
    outer loop
      vertex -30.5706 -0.650561 -44
      vertex -30.6421 -0.439992 -50
      vertex -30.6421 -0.439992 -44
    endloop
  endfacet
  facet normal 0.946901 0.321526 0
    outer loop
      vertex -30.6421 -0.439992 -50
      vertex -30.5706 -0.650561 -44
      vertex -30.5706 -0.650561 -50
    endloop
  endfacet
  facet normal -0.321403 0.946943 0
    outer loop
      vertex -28.3494 -1.57059 -50
      vertex -28.56 -1.64207 -44
      vertex -28.3494 -1.57059 -44
    endloop
  endfacet
  facet normal -0.321403 0.946943 0
    outer loop
      vertex -28.56 -1.64207 -44
      vertex -28.3494 -1.57059 -50
      vertex -28.56 -1.64207 -50
    endloop
  endfacet
  facet normal 0.0653848 0.99786 -0
    outer loop
      vertex -29 -1.7 -50
      vertex -29.2219 -1.68546 -44
      vertex -29 -1.7 -44
    endloop
  endfacet
  facet normal 0.0653848 0.99786 0
    outer loop
      vertex -29.2219 -1.68546 -44
      vertex -29 -1.7 -50
      vertex -29.2219 -1.68546 -50
    endloop
  endfacet
  facet normal 0.321403 -0.946943 0
    outer loop
      vertex -29.6506 1.57059 -50
      vertex -29.44 1.64207 -44
      vertex -29.6506 1.57059 -44
    endloop
  endfacet
  facet normal 0.321403 -0.946943 0
    outer loop
      vertex -29.44 1.64207 -44
      vertex -29.6506 1.57059 -50
      vertex -29.44 1.64207 -50
    endloop
  endfacet
  facet normal -0.946901 -0.321526 0
    outer loop
      vertex -27.3579 0.439992 -50
      vertex -27.4294 0.650561 -44
      vertex -27.4294 0.650561 -50
    endloop
  endfacet
  facet normal -0.946901 -0.321526 0
    outer loop
      vertex -27.4294 0.650561 -44
      vertex -27.3579 0.439992 -50
      vertex -27.3579 0.439992 -44
    endloop
  endfacet
  facet normal 0.751888 -0.659291 0
    outer loop
      vertex -30.3487 1.03489 -44
      vertex -30.2021 1.20208 -50
      vertex -30.2021 1.20208 -44
    endloop
  endfacet
  facet normal 0.751888 -0.659291 0
    outer loop
      vertex -30.2021 1.20208 -50
      vertex -30.3487 1.03489 -44
      vertex -30.3487 1.03489 -50
    endloop
  endfacet
  facet normal 0.442349 0.896843 -0
    outer loop
      vertex -29.6506 -1.57059 -50
      vertex -29.85 -1.47224 -44
      vertex -29.6506 -1.57059 -44
    endloop
  endfacet
  facet normal 0.442349 0.896843 0
    outer loop
      vertex -29.85 -1.47224 -44
      vertex -29.6506 -1.57059 -50
      vertex -29.85 -1.47224 -50
    endloop
  endfacet
  facet normal 0.0653848 -0.99786 0
    outer loop
      vertex -29.2219 1.68546 -50
      vertex -29 1.7 -44
      vertex -29.2219 1.68546 -44
    endloop
  endfacet
  facet normal 0.0653848 -0.99786 0
    outer loop
      vertex -29 1.7 -44
      vertex -29.2219 1.68546 -50
      vertex -29 1.7 -50
    endloop
  endfacet
  facet normal -0.896787 0.442463 0
    outer loop
      vertex -27.5278 -0.849999 -50
      vertex -27.4294 -0.650561 -44
      vertex -27.4294 -0.650561 -50
    endloop
  endfacet
  facet normal -0.896787 0.442463 0
    outer loop
      vertex -27.4294 -0.650561 -44
      vertex -27.5278 -0.849999 -50
      vertex -27.5278 -0.849999 -44
    endloop
  endfacet
  facet normal -0.555551 0.831483 0
    outer loop
      vertex -27.9651 -1.3487 -50
      vertex -28.15 -1.47224 -44
      vertex -27.9651 -1.3487 -44
    endloop
  endfacet
  facet normal -0.555551 0.831483 0
    outer loop
      vertex -28.15 -1.47224 -44
      vertex -27.9651 -1.3487 -50
      vertex -28.15 -1.47224 -50
    endloop
  endfacet
  facet normal 0.98077 0.195167 0
    outer loop
      vertex -30.6421 -0.439992 -44
      vertex -30.6855 -0.221894 -50
      vertex -30.6855 -0.221894 -44
    endloop
  endfacet
  facet normal 0.98077 0.195167 0
    outer loop
      vertex -30.6855 -0.221894 -50
      vertex -30.6421 -0.439992 -44
      vertex -30.6421 -0.439992 -50
    endloop
  endfacet
  facet normal 0.751888 0.659291 0
    outer loop
      vertex -30.2021 -1.20208 -44
      vertex -30.3487 -1.03489 -50
      vertex -30.3487 -1.03489 -44
    endloop
  endfacet
  facet normal 0.751888 0.659291 0
    outer loop
      vertex -30.3487 -1.03489 -50
      vertex -30.2021 -1.20208 -44
      vertex -30.2021 -1.20208 -50
    endloop
  endfacet
  facet normal -0.195122 -0.980779 0
    outer loop
      vertex -28.7781 1.68546 -50
      vertex -28.56 1.64207 -44
      vertex -28.7781 1.68546 -44
    endloop
  endfacet
  facet normal -0.195122 -0.980779 -0
    outer loop
      vertex -28.56 1.64207 -44
      vertex -28.7781 1.68546 -50
      vertex -28.56 1.64207 -50
    endloop
  endfacet
  facet normal -0.831553 -0.555445 0
    outer loop
      vertex -27.5278 0.849999 -50
      vertex -27.6513 1.03489 -44
      vertex -27.6513 1.03489 -50
    endloop
  endfacet
  facet normal -0.831553 -0.555445 0
    outer loop
      vertex -27.6513 1.03489 -44
      vertex -27.5278 0.849999 -50
      vertex -27.5278 0.849999 -44
    endloop
  endfacet
  facet normal -0.997872 0.0652074 0
    outer loop
      vertex -27.3145 -0.221894 -50
      vertex -27.3 0 -44
      vertex -27.3 0 -50
    endloop
  endfacet
  facet normal -0.997872 0.0652074 0
    outer loop
      vertex -27.3 0 -44
      vertex -27.3145 -0.221894 -50
      vertex -27.3145 -0.221894 -44
    endloop
  endfacet
  facet normal -0.321403 -0.946943 0
    outer loop
      vertex -28.56 1.64207 -50
      vertex -28.3494 1.57059 -44
      vertex -28.56 1.64207 -44
    endloop
  endfacet
  facet normal -0.321403 -0.946943 -0
    outer loop
      vertex -28.3494 1.57059 -44
      vertex -28.56 1.64207 -50
      vertex -28.3494 1.57059 -50
    endloop
  endfacet
  facet normal -0.555551 -0.831483 0
    outer loop
      vertex -28.15 1.47224 -50
      vertex -27.9651 1.3487 -44
      vertex -28.15 1.47224 -44
    endloop
  endfacet
  facet normal -0.555551 -0.831483 -0
    outer loop
      vertex -27.9651 1.3487 -44
      vertex -28.15 1.47224 -50
      vertex -27.9651 1.3487 -50
    endloop
  endfacet
  facet normal 0.195122 -0.980779 0
    outer loop
      vertex -29.44 1.64207 -50
      vertex -29.2219 1.68546 -44
      vertex -29.44 1.64207 -44
    endloop
  endfacet
  facet normal 0.195122 -0.980779 0
    outer loop
      vertex -29.2219 1.68546 -44
      vertex -29.44 1.64207 -50
      vertex -29.2219 1.68546 -50
    endloop
  endfacet
  facet normal -0.659319 0.751863 0
    outer loop
      vertex -27.7979 -1.20208 -50
      vertex -27.9651 -1.3487 -44
      vertex -27.7979 -1.20208 -44
    endloop
  endfacet
  facet normal -0.659319 0.751863 0
    outer loop
      vertex -27.9651 -1.3487 -44
      vertex -27.7979 -1.20208 -50
      vertex -27.9651 -1.3487 -50
    endloop
  endfacet
  facet normal 0.896787 -0.442463 0
    outer loop
      vertex -30.5706 0.650561 -44
      vertex -30.4722 0.849999 -50
      vertex -30.4722 0.849999 -44
    endloop
  endfacet
  facet normal 0.896787 -0.442463 0
    outer loop
      vertex -30.4722 0.849999 -50
      vertex -30.5706 0.650561 -44
      vertex -30.5706 0.650561 -50
    endloop
  endfacet
  facet normal -0.98077 0.195167 0
    outer loop
      vertex -27.3579 -0.439992 -50
      vertex -27.3145 -0.221894 -44
      vertex -27.3145 -0.221894 -50
    endloop
  endfacet
  facet normal -0.98077 0.195167 0
    outer loop
      vertex -27.3145 -0.221894 -44
      vertex -27.3579 -0.439992 -50
      vertex -27.3579 -0.439992 -44
    endloop
  endfacet
  facet normal -0.195122 0.980779 0
    outer loop
      vertex -28.56 -1.64207 -50
      vertex -28.7781 -1.68546 -44
      vertex -28.56 -1.64207 -44
    endloop
  endfacet
  facet normal -0.195122 0.980779 0
    outer loop
      vertex -28.7781 -1.68546 -44
      vertex -28.56 -1.64207 -50
      vertex -28.7781 -1.68546 -50
    endloop
  endfacet
  facet normal 0.659319 0.751863 -0
    outer loop
      vertex -30.0349 -1.3487 -50
      vertex -30.2021 -1.20208 -44
      vertex -30.0349 -1.3487 -44
    endloop
  endfacet
  facet normal 0.659319 0.751863 0
    outer loop
      vertex -30.2021 -1.20208 -44
      vertex -30.0349 -1.3487 -50
      vertex -30.2021 -1.20208 -50
    endloop
  endfacet
  facet normal -0.0653848 -0.99786 0
    outer loop
      vertex -29 1.7 -50
      vertex -28.7781 1.68546 -44
      vertex -29 1.7 -44
    endloop
  endfacet
  facet normal -0.0653848 -0.99786 -0
    outer loop
      vertex -28.7781 1.68546 -44
      vertex -29 1.7 -50
      vertex -28.7781 1.68546 -50
    endloop
  endfacet
  facet normal -0.442349 -0.896843 0
    outer loop
      vertex -28.3494 1.57059 -50
      vertex -28.15 1.47224 -44
      vertex -28.3494 1.57059 -44
    endloop
  endfacet
  facet normal -0.442349 -0.896843 -0
    outer loop
      vertex -28.15 1.47224 -44
      vertex -28.3494 1.57059 -50
      vertex -28.15 1.47224 -50
    endloop
  endfacet
  facet normal -0.831553 0.555445 0
    outer loop
      vertex -27.6513 -1.03489 -50
      vertex -27.5278 -0.849999 -44
      vertex -27.5278 -0.849999 -50
    endloop
  endfacet
  facet normal -0.831553 0.555445 0
    outer loop
      vertex -27.5278 -0.849999 -44
      vertex -27.6513 -1.03489 -50
      vertex -27.6513 -1.03489 -44
    endloop
  endfacet
  facet normal 0.997872 0.0652074 0
    outer loop
      vertex -30.6855 -0.221894 -44
      vertex -30.7 0 -50
      vertex -30.7 0 -44
    endloop
  endfacet
  facet normal 0.997872 0.0652074 0
    outer loop
      vertex -30.7 0 -50
      vertex -30.6855 -0.221894 -44
      vertex -30.6855 -0.221894 -50
    endloop
  endfacet
  facet normal -0.442349 0.896843 0
    outer loop
      vertex -28.15 -1.47224 -50
      vertex -28.3494 -1.57059 -44
      vertex -28.15 -1.47224 -44
    endloop
  endfacet
  facet normal -0.442349 0.896843 0
    outer loop
      vertex -28.3494 -1.57059 -44
      vertex -28.15 -1.47224 -50
      vertex -28.3494 -1.57059 -50
    endloop
  endfacet
  facet normal 0.98077 -0.195167 0
    outer loop
      vertex -30.6855 0.221894 -44
      vertex -30.6421 0.439992 -50
      vertex -30.6421 0.439992 -44
    endloop
  endfacet
  facet normal 0.98077 -0.195167 0
    outer loop
      vertex -30.6421 0.439992 -50
      vertex -30.6855 0.221894 -44
      vertex -30.6855 0.221894 -50
    endloop
  endfacet
  facet normal 0.896787 0.442463 0
    outer loop
      vertex -30.4722 -0.849999 -44
      vertex -30.5706 -0.650561 -50
      vertex -30.5706 -0.650561 -44
    endloop
  endfacet
  facet normal 0.896787 0.442463 0
    outer loop
      vertex -30.5706 -0.650561 -50
      vertex -30.4722 -0.849999 -44
      vertex -30.4722 -0.849999 -50
    endloop
  endfacet
  facet normal 0.946901 -0.321526 0
    outer loop
      vertex -30.6421 0.439992 -44
      vertex -30.5706 0.650561 -50
      vertex -30.5706 0.650561 -44
    endloop
  endfacet
  facet normal 0.946901 -0.321526 0
    outer loop
      vertex -30.5706 0.650561 -50
      vertex -30.6421 0.439992 -44
      vertex -30.6421 0.439992 -50
    endloop
  endfacet
  facet normal 0.555551 -0.831483 0
    outer loop
      vertex -30.0349 1.3487 -50
      vertex -29.85 1.47224 -44
      vertex -30.0349 1.3487 -44
    endloop
  endfacet
  facet normal 0.555551 -0.831483 0
    outer loop
      vertex -29.85 1.47224 -44
      vertex -30.0349 1.3487 -50
      vertex -29.85 1.47224 -50
    endloop
  endfacet
  facet normal -0.896787 -0.442463 0
    outer loop
      vertex -27.4294 0.650561 -50
      vertex -27.5278 0.849999 -44
      vertex -27.5278 0.849999 -50
    endloop
  endfacet
  facet normal -0.896787 -0.442463 0
    outer loop
      vertex -27.5278 0.849999 -44
      vertex -27.4294 0.650561 -50
      vertex -27.4294 0.650561 -44
    endloop
  endfacet
  facet normal 0.997872 -0.0652074 0
    outer loop
      vertex -30.7 0 -44
      vertex -30.6855 0.221894 -50
      vertex -30.6855 0.221894 -44
    endloop
  endfacet
  facet normal 0.997872 -0.0652074 0
    outer loop
      vertex -30.6855 0.221894 -50
      vertex -30.7 0 -44
      vertex -30.7 0 -50
    endloop
  endfacet
  facet normal 0.321403 0.946943 -0
    outer loop
      vertex -29.44 -1.64207 -50
      vertex -29.6506 -1.57059 -44
      vertex -29.44 -1.64207 -44
    endloop
  endfacet
  facet normal 0.321403 0.946943 0
    outer loop
      vertex -29.6506 -1.57059 -44
      vertex -29.44 -1.64207 -50
      vertex -29.6506 -1.57059 -50
    endloop
  endfacet
  facet normal 0.442349 -0.896843 0
    outer loop
      vertex -29.85 1.47224 -50
      vertex -29.6506 1.57059 -44
      vertex -29.85 1.47224 -44
    endloop
  endfacet
  facet normal 0.442349 -0.896843 0
    outer loop
      vertex -29.6506 1.57059 -44
      vertex -29.85 1.47224 -50
      vertex -29.6506 1.57059 -50
    endloop
  endfacet
  facet normal 0.831553 -0.555445 0
    outer loop
      vertex -30.4722 0.849999 -44
      vertex -30.3487 1.03489 -50
      vertex -30.3487 1.03489 -44
    endloop
  endfacet
  facet normal 0.831553 -0.555445 0
    outer loop
      vertex -30.3487 1.03489 -50
      vertex -30.4722 0.849999 -44
      vertex -30.4722 0.849999 -50
    endloop
  endfacet
  facet normal 0.555551 0.831483 -0
    outer loop
      vertex -29.85 -1.47224 -50
      vertex -30.0349 -1.3487 -44
      vertex -29.85 -1.47224 -44
    endloop
  endfacet
  facet normal 0.555551 0.831483 0
    outer loop
      vertex -30.0349 -1.3487 -44
      vertex -29.85 -1.47224 -50
      vertex -30.0349 -1.3487 -50
    endloop
  endfacet
  facet normal -0 0 1
    outer loop
      vertex -12 4.75 -38.01
      vertex 12 -22 -38.01
      vertex 12 4.75 -38.01
    endloop
  endfacet
  facet normal 0 0 1
    outer loop
      vertex 12 -22 -38.01
      vertex -12 4.75 -38.01
      vertex -12 -22 -38.01
    endloop
  endfacet
  facet normal 0 0 -1
    outer loop
      vertex 16 -27 -44.01
      vertex 15.5563 -15.5563 -44.01
      vertex 16 -15.0505 -44.01
    endloop
  endfacet
  facet normal 0 0 -1
    outer loop
      vertex 16 -27 -44.01
      vertex 13.3928 -17.4538 -44.01
      vertex 15.5563 -15.5563 -44.01
    endloop
  endfacet
  facet normal 0 0 -1
    outer loop
      vertex 16 -27 -44.01
      vertex 11 -19.0526 -44.01
      vertex 13.3928 -17.4538 -44.01
    endloop
  endfacet
  facet normal 0 0 -1
    outer loop
      vertex 16 -27 -44.01
      vertex 8.41903 -20.3253 -44.01
      vertex 11 -19.0526 -44.01
    endloop
  endfacet
  facet normal 0 0 -1
    outer loop
      vertex 16 -27 -44.01
      vertex 5.69402 -21.2504 -44.01
      vertex 8.41903 -20.3253 -44.01
    endloop
  endfacet
  facet normal 0 0 -1
    outer loop
      vertex 16 -27 -44.01
      vertex 2.87158 -21.8118 -44.01
      vertex 5.69402 -21.2504 -44.01
    endloop
  endfacet
  facet normal 0 0 -1
    outer loop
      vertex 16 -27 -44.01
      vertex 0 -22 -44.01
      vertex 2.87158 -21.8118 -44.01
    endloop
  endfacet
  facet normal 0 0 -1
    outer loop
      vertex -16 -27 -44.01
      vertex 0 -22 -44.01
      vertex 16 -27 -44.01
    endloop
  endfacet
  facet normal -0 0 -1
    outer loop
      vertex 0 -22 -44.01
      vertex -16 -27 -44.01
      vertex -2.87158 -21.8118 -44.01
    endloop
  endfacet
  facet normal -0 0 -1
    outer loop
      vertex -2.87158 -21.8118 -44.01
      vertex -16 -27 -44.01
      vertex -5.69402 -21.2504 -44.01
    endloop
  endfacet
  facet normal 0 0 -1
    outer loop
      vertex -16 -27 -44.01
      vertex -8.41903 -20.3253 -44.01
      vertex -5.69402 -21.2504 -44.01
    endloop
  endfacet
  facet normal 0 0 -1
    outer loop
      vertex -16 -27 -44.01
      vertex -11 -19.0526 -44.01
      vertex -8.41903 -20.3253 -44.01
    endloop
  endfacet
  facet normal 0 0 -1
    outer loop
      vertex -16 -27 -44.01
      vertex -13.3928 -17.4538 -44.01
      vertex -11 -19.0526 -44.01
    endloop
  endfacet
  facet normal 0 0 -1
    outer loop
      vertex -16 -27 -44.01
      vertex -15.5563 -15.5563 -44.01
      vertex -13.3928 -17.4538 -44.01
    endloop
  endfacet
  facet normal -0 0 -1
    outer loop
      vertex -15.5563 -15.5563 -44.01
      vertex -16 -27 -44.01
      vertex -16 -15.0505 -44.01
    endloop
  endfacet
  facet normal 0 0 -1
    outer loop
      vertex 4.01535 -0.52863 -44.01
      vertex 4.01535 0.52863 -44.01
      vertex 4.05 0 -44.01
    endloop
  endfacet
  facet normal 0 0 -1
    outer loop
      vertex 3.912 -1.04822 -44.01
      vertex 4.01535 0.52863 -44.01
      vertex 4.01535 -0.52863 -44.01
    endloop
  endfacet
  facet normal 0 0 -1
    outer loop
      vertex 3.912 -1.04822 -44.01
      vertex 3.912 1.04822 -44.01
      vertex 4.01535 0.52863 -44.01
    endloop
  endfacet
  facet normal 0 0 -1
    outer loop
      vertex 3.74171 -1.54987 -44.01
      vertex 3.912 1.04822 -44.01
      vertex 3.912 -1.04822 -44.01
    endloop
  endfacet
  facet normal 0 0 -1
    outer loop
      vertex 3.74171 -1.54987 -44.01
      vertex 3.74171 1.54987 -44.01
      vertex 3.912 1.04822 -44.01
    endloop
  endfacet
  facet normal 0 0 -1
    outer loop
      vertex 3.5074 -2.025 -44.01
      vertex 3.74171 1.54987 -44.01
      vertex 3.74171 -1.54987 -44.01
    endloop
  endfacet
  facet normal 0 0 -1
    outer loop
      vertex 3.5074 -2.025 -44.01
      vertex 3.5074 2.025 -44.01
      vertex 3.74171 1.54987 -44.01
    endloop
  endfacet
  facet normal 0 0 -1
    outer loop
      vertex 3.21308 -2.46548 -44.01
      vertex 3.5074 2.025 -44.01
      vertex 3.5074 -2.025 -44.01
    endloop
  endfacet
  facet normal 0 0 -1
    outer loop
      vertex 3.21308 -2.46548 -44.01
      vertex 3.21308 2.46548 -44.01
      vertex 3.5074 2.025 -44.01
    endloop
  endfacet
  facet normal 0 0 -1
    outer loop
      vertex 2.86378 -2.86378 -44.01
      vertex 3.21308 2.46548 -44.01
      vertex 3.21308 -2.46548 -44.01
    endloop
  endfacet
  facet normal 0 0 -1
    outer loop
      vertex 2.86378 -2.86378 -44.01
      vertex 2.86378 2.86378 -44.01
      vertex 3.21308 2.46548 -44.01
    endloop
  endfacet
  facet normal 0 0 -1
    outer loop
      vertex 2.46548 -3.21308 -44.01
      vertex 2.86378 2.86378 -44.01
      vertex 2.86378 -2.86378 -44.01
    endloop
  endfacet
  facet normal 0 0 -1
    outer loop
      vertex 2.46548 -3.21308 -44.01
      vertex 2.46548 3.21308 -44.01
      vertex 2.86378 2.86378 -44.01
    endloop
  endfacet
  facet normal 0 0 -1
    outer loop
      vertex 2.025 -3.5074 -44.01
      vertex 2.46548 3.21308 -44.01
      vertex 2.46548 -3.21308 -44.01
    endloop
  endfacet
  facet normal 0 0 -1
    outer loop
      vertex 2.025 -3.5074 -44.01
      vertex 2.025 3.5074 -44.01
      vertex 2.46548 3.21308 -44.01
    endloop
  endfacet
  facet normal 0 0 -1
    outer loop
      vertex 1.54987 -3.74171 -44.01
      vertex 2.025 3.5074 -44.01
      vertex 2.025 -3.5074 -44.01
    endloop
  endfacet
  facet normal 0 0 -1
    outer loop
      vertex 1.54987 -3.74171 -44.01
      vertex 1.54987 3.74171 -44.01
      vertex 2.025 3.5074 -44.01
    endloop
  endfacet
  facet normal 0 0 -1
    outer loop
      vertex 1.04822 -3.912 -44.01
      vertex 1.54987 3.74171 -44.01
      vertex 1.54987 -3.74171 -44.01
    endloop
  endfacet
  facet normal 0 0 -1
    outer loop
      vertex 1.04822 -3.912 -44.01
      vertex 1.04822 3.912 -44.01
      vertex 1.54987 3.74171 -44.01
    endloop
  endfacet
  facet normal 0 0 -1
    outer loop
      vertex 0.52863 -4.01535 -44.01
      vertex 1.04822 3.912 -44.01
      vertex 1.04822 -3.912 -44.01
    endloop
  endfacet
  facet normal 0 0 -1
    outer loop
      vertex 0.52863 -4.01535 -44.01
      vertex 0.52863 4.01535 -44.01
      vertex 1.04822 3.912 -44.01
    endloop
  endfacet
  facet normal 0 0 -1
    outer loop
      vertex 0 -4.05 -44.01
      vertex 0.52863 4.01535 -44.01
      vertex 0.52863 -4.01535 -44.01
    endloop
  endfacet
  facet normal 0 0 -1
    outer loop
      vertex 0 -4.05 -44.01
      vertex 0 4.05 -44.01
      vertex 0.52863 4.01535 -44.01
    endloop
  endfacet
  facet normal 0 0 -1
    outer loop
      vertex -0.52863 -4.01535 -44.01
      vertex 0 4.05 -44.01
      vertex 0 -4.05 -44.01
    endloop
  endfacet
  facet normal 0 0 -1
    outer loop
      vertex -0.52863 -4.01535 -44.01
      vertex -0.52863 4.01535 -44.01
      vertex 0 4.05 -44.01
    endloop
  endfacet
  facet normal 0 0 -1
    outer loop
      vertex -1.04822 -3.912 -44.01
      vertex -0.52863 4.01535 -44.01
      vertex -0.52863 -4.01535 -44.01
    endloop
  endfacet
  facet normal 0 0 -1
    outer loop
      vertex -1.04822 -3.912 -44.01
      vertex -1.04822 3.912 -44.01
      vertex -0.52863 4.01535 -44.01
    endloop
  endfacet
  facet normal 0 0 -1
    outer loop
      vertex -1.54987 -3.74171 -44.01
      vertex -1.04822 3.912 -44.01
      vertex -1.04822 -3.912 -44.01
    endloop
  endfacet
  facet normal 0 0 -1
    outer loop
      vertex -1.54987 -3.74171 -44.01
      vertex -1.54987 3.74171 -44.01
      vertex -1.04822 3.912 -44.01
    endloop
  endfacet
  facet normal 0 0 -1
    outer loop
      vertex -2.025 -3.5074 -44.01
      vertex -1.54987 3.74171 -44.01
      vertex -1.54987 -3.74171 -44.01
    endloop
  endfacet
  facet normal 0 0 -1
    outer loop
      vertex -2.025 -3.5074 -44.01
      vertex -2.025 3.5074 -44.01
      vertex -1.54987 3.74171 -44.01
    endloop
  endfacet
  facet normal 0 0 -1
    outer loop
      vertex -2.46548 -3.21308 -44.01
      vertex -2.025 3.5074 -44.01
      vertex -2.025 -3.5074 -44.01
    endloop
  endfacet
  facet normal 0 0 -1
    outer loop
      vertex -2.46548 -3.21308 -44.01
      vertex -2.46548 3.21308 -44.01
      vertex -2.025 3.5074 -44.01
    endloop
  endfacet
  facet normal 0 0 -1
    outer loop
      vertex -2.86378 -2.86378 -44.01
      vertex -2.46548 3.21308 -44.01
      vertex -2.46548 -3.21308 -44.01
    endloop
  endfacet
  facet normal 0 0 -1
    outer loop
      vertex -2.86378 -2.86378 -44.01
      vertex -2.86378 2.86378 -44.01
      vertex -2.46548 3.21308 -44.01
    endloop
  endfacet
  facet normal 0 0 -1
    outer loop
      vertex -3.21308 -2.46548 -44.01
      vertex -2.86378 2.86378 -44.01
      vertex -2.86378 -2.86378 -44.01
    endloop
  endfacet
  facet normal 0 0 -1
    outer loop
      vertex -3.21308 -2.46548 -44.01
      vertex -3.21308 2.46548 -44.01
      vertex -2.86378 2.86378 -44.01
    endloop
  endfacet
  facet normal 0 0 -1
    outer loop
      vertex -3.5074 -2.025 -44.01
      vertex -3.21308 2.46548 -44.01
      vertex -3.21308 -2.46548 -44.01
    endloop
  endfacet
  facet normal 0 0 -1
    outer loop
      vertex -3.5074 -2.025 -44.01
      vertex -3.5074 2.025 -44.01
      vertex -3.21308 2.46548 -44.01
    endloop
  endfacet
  facet normal 0 0 -1
    outer loop
      vertex -3.74171 -1.54987 -44.01
      vertex -3.5074 2.025 -44.01
      vertex -3.5074 -2.025 -44.01
    endloop
  endfacet
  facet normal 0 0 -1
    outer loop
      vertex -3.74171 -1.54987 -44.01
      vertex -3.74171 1.54987 -44.01
      vertex -3.5074 2.025 -44.01
    endloop
  endfacet
  facet normal 0 0 -1
    outer loop
      vertex -3.912 -1.04822 -44.01
      vertex -3.74171 1.54987 -44.01
      vertex -3.74171 -1.54987 -44.01
    endloop
  endfacet
  facet normal 0 0 -1
    outer loop
      vertex -3.912 -1.04822 -44.01
      vertex -3.912 1.04822 -44.01
      vertex -3.74171 1.54987 -44.01
    endloop
  endfacet
  facet normal 0 0 -1
    outer loop
      vertex -4.01535 -0.52863 -44.01
      vertex -3.912 1.04822 -44.01
      vertex -3.912 -1.04822 -44.01
    endloop
  endfacet
  facet normal 0 0 -1
    outer loop
      vertex -4.01535 -0.52863 -44.01
      vertex -4.01535 0.52863 -44.01
      vertex -3.912 1.04822 -44.01
    endloop
  endfacet
  facet normal 0 -0 -1
    outer loop
      vertex -4.01535 0.52863 -44.01
      vertex -4.01535 -0.52863 -44.01
      vertex -4.05 0 -44.01
    endloop
  endfacet
endsolid OpenSCAD_Model
